{"bd":[1,1,2,4,8,15,20,20,20,20,20,20,20,20,20,20,20,20,20,20,20,20,20,20,20,20,20,20,20,20,20,20,20,20,20,20,20,20,20,20,20,20,20,20,20,20,20,20,20,20,20,20,20,20,20,20,20,20,20,20,20,20,20,20,20,20,20,20,20,20,20,20,20,20,20,20,20,20,20,20,20,20,20,20,20,20,20,20,20,20,20,20,20,20,20,20,20,20,20,20,20,20,20,20,20,20,20,20,20,20,20,20,20,20,20,20,20,20,20,20,20,20,20,20,20,20,20,20,20,20,20,20,20,20,20,20,20,20,20,20,20,20,20,20,20,20,20,20,20,20,20,20,20,20,20,20,20,20,20,20,20,20,20,20,20,20,20,20,20,20,20,20,20,20,20,20,20,20,20,20,20,20,20,20,20,20,20,20,20,20,20,20,20,20,20,20,20,20,20,20,20,20,20,20,20,20,20,20,20,20,20,20,20,20,20,20,20,20,20,20,20,20,20,20,20,20,20,20,20,20,20,20,20,20,20,20,20,20,20,20,20,20,20,20,20,20,20,20,20,20,20,20,20,20,20,20,20,20,20,20,20,20,20,20,20,20,20,20,20,20,20,20,20,20,20,20,20,20,20,20,20,20,20,20,20,20,20,20,20,20,20,20,20,20,20,20,20,20,20,20,20,20,20,20,20,20,20,20,20,20,20,20,20,20,20,20,20,20,20,20,20,20,20,20,20,20,20,20,20,20,20,20,20,20,20,20,20,20,20,20,20,20,20,20,20,20,20,20,20,20,20,20,20,20,20,20,20,20,20,20,20,20,20,20,20,20,20,20,20,20,20,20,20,20,20,20,20,20,20,20,20,20,20,20,20,20,20,20,20,20,20,20,20,20,20,20,20,15,8,4,2,1,1,1],"gf":[0.16561677766432648,0.16059683412136744,0.15584438320602753,0.15134277464697682,0.14707643406310866,0.14303077423235397,0.1391921392142209,0.13554773304094117,0.13208558484998872,0.12879487381654048,0.12566551360072628,0.12269281824610259,0.11986502970333095,0.11717347734885979,0.11461024484883862,0.11216798003191909,0.10983947209366547,0.10761779527728849,0.10549678667707041,0.10347099662938913,0.10153539631209586,0.09968526887951962,0.09791618013933992,0.0962239720458971,0.09460472326713208,0.09305476031286451,0.09157062963934195,0.09014912628260265,0.08878721443596847,0.0874820583663304,0.086230999173894,0.08503154141318157,0.08388134943908715,0.08277823232650067,0.08172017083704043,0.08070781371428058,0.07973157365095844,0.07880051488589941,0.07790175425166579,0.0770456549720384,0.07621857252093137,0.07543196591986606,0.0746716026652249,0.07394998928774565,0.07325212663606413,0.07258445593439326,0.07195628150786616,0.07136145147100818,0.07078318397731102,0.07023700708436453,0.06970569894742536,0.06920548293003347,0.06871836879946132,0.0682613400387946,0.06781577082241173,0.0673994210026701,0.06699307061162675,0.066615127353632,0.06624583722020083,0.06590423248236119,0.06557777408252137,0.06525820044098143,0.06496789562504676,0.06469143548761258,0.06442027042008644,0.06417775916989034,0.06394797948056545,0.06372218663332087,0.06352458534439868,0.06333879820058247,0.06315601283573442,0.06300061845685745,0.06285630915568222,0.06271405067432631,0.06259945295932724,0.06249535547126014,0.0623925899691824,0.062317352371867786,0.06225216437777133,0.062187761282462874,0.062150859544105444,0.062114486546257466,0.062102719050797124,0.06209138174715041,0.062104380008322024,0.06212228344221548,0.06215412104317372,0.06219893829945213,0.0622561484917793,0.06232581550721077,0.06240798888814913,0.06250266421520762,0.0626099428085137,0.06273007995624093,0.06286279940335984,0.06300851856521528,0.06316724400630622,0.06333932851444517,0.06352456986523143,0.06372333975387275,0.06393599087559695,0.06416246125492382,0.06440326298823532,0.06465849614161107,0.06492841908114741,0.06521312117930608,0.06551324821910613,0.06582898062441088,0.06616067754494738,0.06650871171756047,0.0668734855060661,0.06725542459204378,0.0676549829673528,0.06807264333914263,0.0685089187460434,0.06896435488759063,0.06943953155707579,0.06993506529325363,0.07045161088889446,0.07098986579538498,0.07155057040234873,0.07213451175173333,0.07274252559344839,0.07337550220942304,0.07403438966125922,0.07472013389189892,0.07543387508669126,0.07617675712678579,0.07695000037139862,0.07775490513887237,0.07859286245603322,0.07946536166483753,0.08037399433710421,0.08132045889853803,0.082306585334223,0.08333431946606588,0.08440573033827349,0.08552302834173753,0.08668853832053394,0.08790479648291809,0.08917452065096138,0.09050074879509974,0.09188675426612004,0.09333608846417092,0.09485260425213102,0.09644048571652637,0.09810425288959586,0.0998487450207471,0.1016790790215014,0.10360060653826728,0.10561891248965885,0.10773987325981982,0.10996975876770258,0.112315324672208,0.11478388308164708,0.1173833577733151,0.12012234615312108,0.12301014083321854,0.12605680194340843,0.1292732103065241,0.13267113306030034,0.13626329653622596,0.14006346649775986,0.14408653607193406,0.14834862258532333,0.15286717548715734,0.1576610929221316,0.16275084641171042,0.16815862642138613,0.17390851510086822,0.1800268480960245,0.18654474565509255,0.19349352034285536,0.20090372783447963,0.20881028367677956,0.21725259259473656,0.2262734144487421,0.23591924429239639,0.2462405922857058,0.25729256503378717,0.2691353031874959,0.2818348620739038,0.29546115598084516,0.31009165163686253,0.32581067906823585,0.34271125770545263,0.36089351584756274,0.3804658935278281,0.4015488370550005,0.42427271644357256,0.44877930715142883,0.4752247037341201,0.5037784694207914,0.5346260918804461,0.5679658094915438,0.6040235106484879,0.6430412401341742,0.6852832164866,0.7310386036051646,0.7806234500143966,0.8343832223356735],"ts":[0.0,0.05,0.1,0.15000000000000002,0.2,0.25,0.30000000000000004,0.35000000000000003,0.4,0.45,0.5,0.55,0.6000000000000001,0.65,0.7000000000000001,0.75,0.8,0.8500000000000001,0.9,0.9500000000000001,1.0,1.05,1.1,1.1500000000000001,1.2000000000000002,1.25,1.3,1.35,1.4000000000000001,1.4500000000000002,1.5,1.55,1.6,1.6500000000000001,1.7000000000000002,1.75,1.8,1.85,1.9000000000000001,1.9500000000000002,2.0,2.0500000000000003,2.1,2.15,2.2,2.25,2.3000000000000003,2.35,2.4000000000000004,2.45,2.5,2.5500000000000003,2.6,2.6500000000000004,2.7,2.75,2.8000000000000003,2.85,2.9000000000000004,2.95,3.0,3.0500000000000003,3.1,3.1500000000000004,3.2,3.25,3.3000000000000003,3.35,3.4000000000000004,3.45,3.5,3.5500000000000003,3.6,3.6500000000000004,3.7,3.75,3.8000000000000003,3.85,3.9000000000000004,3.95,4.0,4.05,4.1000000000000005,4.15,4.2,4.25,4.3,4.3500000000000005,4.4,4.45,4.5,4.55,4.6000000000000005,4.65,4.7,4.75,4.800000000000001,4.8500000000000005,4.9,4.95,5.0,5.050000000000001,5.1000000000000005,5.15,5.2,5.25,5.300000000000001,5.3500000000000005,5.4,5.45,5.5,5.550000000000001,5.6000000000000005,5.65,5.7,5.75,5.800000000000001,5.8500000000000005,5.9,5.95,6.0,6.050000000000001,6.1000000000000005,6.15,6.2,6.25,6.300000000000001,6.3500000000000005,6.4,6.45,6.5,6.550000000000001,6.6000000000000005,6.65,6.7,6.75,6.800000000000001,6.8500000000000005,6.9,6.95,7.0,7.050000000000001,7.1000000000000005,7.15,7.2,7.25,7.300000000000001,7.3500000000000005,7.4,7.45,7.5,7.550000000000001,7.6000000000000005,7.65,7.7,7.75,7.800000000000001,7.8500000000000005,7.9,7.95,8.0,8.05,8.1,8.15,8.200000000000001,8.25,8.3,8.35,8.4,8.450000000000001,8.5,8.55,8.6,8.65,8.700000000000001,8.75,8.8,8.85,8.9,8.950000000000001,9.0,9.05,9.1,9.15,9.200000000000001,9.25,9.3,9.35,9.4,9.450000000000001,9.5,9.55,9.600000000000001,9.65,9.700000000000001,9.75,9.8,9.850000000000001,9.9,9.950000000000001,10.0]}