{"bd":[1,1,2,4,8,16,32,64,90,90,90,90,90,90,90,90,90,90,90,90,90,90,90,90,90,90,90,90,90,90,90,90,90,90,90,90,90,90,90,90,90,90,90,90,90,64,32,16,8,4,2,1,1,1],"gf":[0.18300024780487847,0.1441447831185826,0.11791668066730188,0.0997217996235925,0.08680795867100105,0.07748828421290421,0.07070619338669715,0.06578803491991461,0.06229965345405022,0.059963251006256185,0.05860384714383727,0.05812832348467584,0.05850654961719362,0.05976915808087034,0.062015292135366266,0.06543091389461733,0.07033567591149038,0.07725053143781101,0.08705187232519333,0.10124927869073432,0.12254519253977188,0.15595205558866237,0.21109387824498593,0.3070102924369814,0.48232375250651116,0.8169997521951216],"ts":[0.0,0.4,0.8,1.2000000000000002,1.6,2.0,2.4000000000000004,2.8000000000000003,3.2,3.6,4.0,4.4,4.800000000000001,5.2,5.6000000000000005,6.0,6.4,6.800000000000001,7.2,7.6000000000000005,8.0,8.4,8.8,9.200000000000001,9.600000000000001,10.0]}