{"bd":[1,1,2,4,8,16,32,60,80,80,80,80,80,80,80,80,80,80,80,80,80,80,80,80,80,80,80,80,80,80,80,80,80,80,80,80,80,80,80,80,80,80,80,80,80,80,80,80,80,80,80,80,80,80,80,80,80,80,80,80,80,80,80,80,80,80,80,80,80,80,80,80,80,80,80,80,80,80,80,80,80,80,80,80,80,80,80,80,80,80,80,80,80,80,80,58,32,16,8,4,2,1,1,1],"gf":[0.18437742620332342,0.16161622242008583,0.1431587589777148,0.12807691919274158,0.11566305010892154,0.10537458386280077,0.09679315086743835,0.08959437372467957,0.08352522443041056,0.0783872676853067,0.07402401944105008,0.07031147136204347,0.06715067161757897,0.06446252299340739,0.06218361684292448,0.060263245566535874,0.0586606301372738,0.0573434815590632,0.05628618080828461,0.05546913416674465,0.05487727804910939,0.05450071977510215,0.05433285986830945,0.05437187211743165,0.05461885777089136,0.05507962618338343,0.055763736883177324,0.05668568440762803,0.05786603000165947,0.05933109544931442,0.061115415687785016,0.06326480568501021,0.06583709599727512,0.06890775458025504,0.07257410612737102,0.0769625332849166,0.08223878934097714,0.0886231595384533,0.09640829650689317,0.10598800379684037,0.1178948262586162,0.13285587207882335,0.1518706724432078,0.17632242206494605,0.20813813914690404,0.25001785407537924,0.3057648647063982,0.3807626402463616,0.4826649994006948,0.6223994979926689,0.8156225737966766],"ts":[0.0,0.2,0.4,0.6000000000000001,0.8,1.0,1.2000000000000002,1.4000000000000001,1.6,1.8,2.0,2.2,2.4000000000000004,2.6,2.8000000000000003,3.0,3.2,3.4000000000000004,3.6,3.8000000000000003,4.0,4.2,4.4,4.6000000000000005,4.800000000000001,5.0,5.2,5.4,5.6000000000000005,5.800000000000001,6.0,6.2,6.4,6.6000000000000005,6.800000000000001,7.0,7.2,7.4,7.6000000000000005,7.800000000000001,8.0,8.200000000000001,8.4,8.6,8.8,9.0,9.200000000000001,9.4,9.600000000000001,9.8,10.0]}