{"bd":[1,1,2,4,8,16,32,50,50,50,50,50,50,50,50,50,50,50,50,50,50,50,50,50,50,50,50,50,50,50,50,50,50,50,50,50,50,50,50,50,50,50,50,50,50,50,50,50,50,50,50,50,50,50,50,50,50,50,50,50,50,50,50,50,50,50,50,50,50,50,50,50,50,50,50,50,50,50,50,50,50,50,50,50,50,50,50,50,50,50,50,50,50,50,50,50,32,16,8,4,2,1,1,1],"gf":[0.18378354937096195,0.16124015281326856,0.14295038926782552,0.12799789657271732,0.11568359368049767,0.1054713337831402,0.09694697444863963,0.08978847671723013,0.08374817422186322,0.07862927522421517,0.07427773977785977,0.07057129739726592,0.06741198596627507,0.06472191694480899,0.06243769107247037,0.060503600039686495,0.05888349932072755,0.05754592779754073,0.056465795922372476,0.05562343904861445,0.05500519748933409,0.054600398643781085,0.05440230585397492,0.0544240171249096,0.05465685582904211,0.055107761049441366,0.05578410786820061,0.056701447472905744,0.0578828754465585,0.05935453165751873,0.06114963983012335,0.0633162027123231,0.06591062141209712,0.06900979583948998,0.07270962943080668,0.07713771413560078,0.08245980499522854,0.08889564930574531,0.09673914269246249,0.10638523214709787,0.1183606240343883,0.13339556681971604,0.15248695144459642,0.17701596440877865,0.2089080396164461,0.25085574026042545,0.30665315374364693,0.3816737247300396,0.48355529616607074,0.6231984166417364,0.816216450629038],"ts":[0.0,0.2,0.4,0.6000000000000001,0.8,1.0,1.2000000000000002,1.4000000000000001,1.6,1.8,2.0,2.2,2.4000000000000004,2.6,2.8000000000000003,3.0,3.2,3.4000000000000004,3.6,3.8000000000000003,4.0,4.2,4.4,4.6000000000000005,4.800000000000001,5.0,5.2,5.4,5.6000000000000005,5.800000000000001,6.0,6.2,6.4,6.6000000000000005,6.800000000000001,7.0,7.2,7.4,7.6000000000000005,7.800000000000001,8.0,8.200000000000001,8.4,8.6,8.8,9.0,9.200000000000001,9.4,9.600000000000001,9.8,10.0]}