{"bd":[1,1,2,4,8,16,32,47,60,60,60,60,60,60,60,60,60,60,60,60,60,60,60,60,60,60,60,60,60,60,60,60,60,60,60,60,60,60,60,60,60,60,60,60,60,60,60,60,60,60,60,60,60,60,60,60,60,60,60,60,60,60,60,60,60,60,60,60,60,60,60,60,60,60,60,60,60,60,60,60,60,60,60,60,60,60,60,60,60,60,60,60,60,60,60,60,60,60,60,60,60,60,60,60,60,60,60,60,60,60,60,60,60,60,60,60,60,60,60,60,60,60,60,60,60,60,60,60,60,60,60,60,60,60,60,60,60,60,60,60,60,60,60,60,60,60,60,60,60,60,60,60,60,60,60,60,60,60,60,60,60,60,60,60,60,60,60,60,60,60,60,60,60,60,60,60,60,60,60,60,60,60,60,60,60,60,60,60,60,60,60,60,60,60,60,45,31,16,8,4,2,1,1,1],"gf":[0.1833424607743527,0.17117589183654797,0.16025873080736058,0.15044340923297056,0.14160154298889377,0.13362128578733176,0.12640505747577938,0.11986759868651016,0.11393430316860266,0.10853978046136988,0.10362665698538,0.09914437489967148,0.09504855093297016,0.09130002395730312,0.08786422330763649,0.08471068641457957,0.08181354618243347,0.0791495411101491,0.07669716753505565,0.07443741422271867,0.07235395317988239,0.07043183027643647,0.06865802148355646,0.06702078073433379,0.06550971545395826,0.06411547474014526,0.06282983680645898,0.061645345986654464,0.060554381463282896,0.05955161173555214,0.05863172553655428,0.0577898934216269,0.05702186850885137,0.056324001443420646,0.05569299555177888,0.055125811407242514,0.054619959450849055,0.054173175265730074,0.05378367139487234,0.05344964647904714,0.053169906765066804,0.05294321314030181,0.052768877988577656,0.052646257251990757,0.05257519912195534,0.052555246805542674,0.052586716564023764,0.05266994393262418,0.05280559998057712,0.05299454650517273,0.05323796115454269,0.053537255282773956,0.053894168064418546,0.05431075838337461,0.054789390428762096,0.055332881640703685,0.05594440668554851,0.05662768488496664,0.057386852641068936,0.05822662998581524,0.059152498804064924,0.06017046127583273,0.0612874811849237,0.06251183336911854,0.06385182824074229,0.06531768638327404,0.0669209545459022,0.06867473470409206,0.07059462574704652,0.07269691705747493,0.07500135203737637,0.07753039186660554,0.08030997690858932,0.08337070040035229,0.08674773873662212,0.0904788602474976,0.09461033666068319,0.09919428563207142,0.10429491598874197,0.10998344866112654,0.11634368119180775,0.1234741492056323,0.13148995849089345,0.1405259863490743,0.15074068330594884,0.16232309319499058,0.1754913870154832,0.19050513814412187,0.20767108078930122,0.22735212261448118,0.24997810257829833,0.27605896315318734,0.30620027505355046,0.34112147270650306,0.38167907192041556,0.4288928683247619,0.48397865431966197,0.5483868720740428,0.623851145141257,0.7124507497726443,0.8166575392256473],"ts":[0.0,0.1,0.2,0.30000000000000004,0.4,0.5,0.6000000000000001,0.7000000000000001,0.8,0.9,1.0,1.1,1.2000000000000002,1.3,1.4000000000000001,1.5,1.6,1.7000000000000002,1.8,1.9000000000000001,2.0,2.1,2.2,2.3000000000000003,2.4000000000000004,2.5,2.6,2.7,2.8000000000000003,2.9000000000000004,3.0,3.1,3.2,3.3000000000000003,3.4000000000000004,3.5,3.6,3.7,3.8000000000000003,3.9000000000000004,4.0,4.1000000000000005,4.2,4.3,4.4,4.5,4.6000000000000005,4.7,4.800000000000001,4.9,5.0,5.1000000000000005,5.2,5.300000000000001,5.4,5.5,5.6000000000000005,5.7,5.800000000000001,5.9,6.0,6.1000000000000005,6.2,6.300000000000001,6.4,6.5,6.6000000000000005,6.7,6.800000000000001,6.9,7.0,7.1000000000000005,7.2,7.300000000000001,7.4,7.5,7.6000000000000005,7.7,7.800000000000001,7.9,8.0,8.1,8.200000000000001,8.3,8.4,8.5,8.6,8.700000000000001,8.8,8.9,9.0,9.1,9.200000000000001,9.3,9.4,9.5,9.600000000000001,9.700000000000001,9.8,9.9,10.0]}