{"bd":[1,1,2,4,8,16,32,60,60,60,60,60,60,60,60,60,60,60,60,60,60,60,60,60,60,60,60,60,60,60,60,60,60,60,60,60,60,60,60,60,60,60,60,60,60,60,60,60,60,60,60,60,60,60,60,60,60,60,60,60,60,60,60,60,60,60,60,60,60,60,60,60,60,60,60,60,60,60,60,60,60,60,60,60,60,60,60,60,60,60,60,60,60,60,60,58,32,16,8,4,2,1,1,1],"gf":[0.18432644755253758,0.16161056736015042,0.14318408832147844,0.12812279136941448,0.11572186848345957,0.10544089354663476,0.09686300552355885,0.08966499042390269,0.08359467804300064,0.07845454692848765,0.07408803739845632,0.07037241780586982,0.06720555701764365,0.06451025964885769,0.062223464243138155,0.06029442907456242,0.05868266365223054,0.05735602358125839,0.056288971311370284,0.05546117322737586,0.05485968977651116,0.05447288992936773,0.054295576709651384,0.05432311516206852,0.05455824481268025,0.05500604039548794,0.05567635838381266,0.056583231684919195,0.05775710777605909,0.059217714514613176,0.06099800567672225,0.06314447233400035,0.06571537486325219,0.06878622140496073,0.07245332841934465,0.07684243869343936,0.08211927495809646,0.0885038317819298,0.09628849878051383,0.10586635087865148,0.11777878951545445,0.13274464102123687,0.15176395893285477,0.17622292196855857,0.20804787539739278,0.24993904548487464,0.3056992957392816,0.3807134468815751,0.4826388567849327,0.6224059635603649,0.8156735524474624],"ts":[0.0,0.2,0.4,0.6000000000000001,0.8,1.0,1.2000000000000002,1.4000000000000001,1.6,1.8,2.0,2.2,2.4000000000000004,2.6,2.8000000000000003,3.0,3.2,3.4000000000000004,3.6,3.8000000000000003,4.0,4.2,4.4,4.6000000000000005,4.800000000000001,5.0,5.2,5.4,5.6000000000000005,5.800000000000001,6.0,6.2,6.4,6.6000000000000005,6.800000000000001,7.0,7.2,7.4,7.6000000000000005,7.800000000000001,8.0,8.200000000000001,8.4,8.6,8.8,9.0,9.200000000000001,9.4,9.600000000000001,9.8,10.0]}