{"bd":[1,1,2,4,8,16,20,20,20,20,20,20,20,20,20,20,20,20,20,20,20,20,20,20,20,20,20,20,20,20,20,20,20,20,20,20,20,20,20,20,20,20,20,20,20,20,20,16,8,4,2,1,1,1],"gf":[0.18147031097077934,0.14406771294570953,0.1185992635443649,0.10074488463250861,0.08790289186039528,0.0785310990463677,0.07169229675321326,0.06670206871833326,0.06313809700937117,0.0607912161511175,0.0594555729324373,0.05904561698393543,0.05947469420794243,0.060852569998841026,0.06326837585958194,0.06690088453921259,0.07204495758976973,0.0791997528507892,0.08921379491260338,0.10353633943826109,0.1248530439557971,0.15811805071066004,0.21302859428828913,0.308527545398913,0.4836309563212846,0.8185296890292206],"ts":[0.0,0.4,0.8,1.2000000000000002,1.6,2.0,2.4000000000000004,2.8000000000000003,3.2,3.6,4.0,4.4,4.800000000000001,5.2,5.6000000000000005,6.0,6.4,6.800000000000001,7.2,7.6000000000000005,8.0,8.4,8.8,9.200000000000001,9.600000000000001,10.0]}