{"bd":[1,1,2,4,8,16,20,20,20,20,20,20,20,20,20,20,20,20,20,20,20,20,20,20,20,20,20,20,20,20,20,20,20,20,20,20,20,20,20,20,20,20,20,20,20,20,20,20,20,20,20,20,20,20,20,20,20,20,20,20,20,20,20,20,20,20,20,20,20,20,20,20,20,20,20,20,20,20,20,20,20,20,20,20,20,20,20,20,20,20,20,20,20,20,20,20,20,20,20,20,20,20,20,20,20,20,20,20,20,20,20,20,20,20,20,20,20,20,20,20,20,20,20,20,20,20,20,20,20,20,20,20,20,20,20,20,20,20,20,20,20,20,20,20,20,20,20,20,20,20,20,20,20,20,20,20,20,20,20,20,20,20,20,20,20,20,20,20,20,20,20,20,20,20,20,20,20,20,20,20,20,20,20,20,20,20,20,20,20,20,20,20,20,20,20,20,20,16,8,4,2,1,1,1],"gf":[0.1733752156393136,0.16269109701830878,0.15309258667569564,0.14445261574407223,0.13666048571286676,0.1296195316178044,0.12324582153830604,0.11746630728025027,0.11221650551650468,0.1074392106643748,0.10308407754108347,0.09910635531559041,0.09546663093843848,0.0921379268601964,0.08911288583775523,0.08635743705516781,0.083839771074834,0.08153758275194621,0.07943327598204572,0.07751065063763274,0.07575529948611073,0.07415441343034573,0.0726967347025119,0.07137188636119089,0.07017075234324023,0.06908503041259337,0.06810694440761539,0.0672290866313287,0.06644402368346851,0.06574401047674097,0.06512155383968667,0.06456775923821675,0.06407474941221766,0.06363577359800424,0.06324732339538634,0.06290780542075432,0.06261695277202535,0.062374674627206264,0.06218075837309634,0.06203512999894413,0.06193693165335855,0.06188647102792598,0.061883238841381305,0.061927675267054144,0.06202007239136853,0.06216213289378638,0.06235204517376279,0.06259187275985402,0.06288241797586268,0.06322525805109423,0.0636227900421869,0.06407602504531541,0.06458597049391865,0.06515624151362243,0.0657886376359513,0.06648554917907215,0.06725128537560784,0.06809081530320917,0.06900750729307001,0.0700057563521551,0.07109080133620423,0.07226987246661437,0.07354992342772285,0.07493975677288754,0.07644756987312845,0.07808086236233304,0.0798547717187185,0.08178204620502726,0.08387961242516531,0.086159090768559,0.08864316315083687,0.0913543555511128,0.09432119925430492,0.09756904789666732,0.10113312074440267,0.10505386640852768,0.10937556641371717,0.11415161900193378,0.11943932662710326,0.1253152199330104,0.13185406549669634,0.13916489452157166,0.14734897654604198,0.15654398093202526,0.16690719535193557,0.17860761407428472,0.19187886995587197,0.2069760672781638,0.22420023356985339,0.24390632474020033,0.2665191861854372,0.29253734216778965,0.3225079200698924,0.35717423219156114,0.3973744758172564,0.4441084403874639,0.49856884796447337,0.5621788922321806,0.63663700341475,0.7239752313423664,0.8266247843606864],"ts":[0.0,0.1,0.2,0.30000000000000004,0.4,0.5,0.6000000000000001,0.7000000000000001,0.8,0.9,1.0,1.1,1.2000000000000002,1.3,1.4000000000000001,1.5,1.6,1.7000000000000002,1.8,1.9000000000000001,2.0,2.1,2.2,2.3000000000000003,2.4000000000000004,2.5,2.6,2.7,2.8000000000000003,2.9000000000000004,3.0,3.1,3.2,3.3000000000000003,3.4000000000000004,3.5,3.6,3.7,3.8000000000000003,3.9000000000000004,4.0,4.1000000000000005,4.2,4.3,4.4,4.5,4.6000000000000005,4.7,4.800000000000001,4.9,5.0,5.1000000000000005,5.2,5.300000000000001,5.4,5.5,5.6000000000000005,5.7,5.800000000000001,5.9,6.0,6.1000000000000005,6.2,6.300000000000001,6.4,6.5,6.6000000000000005,6.7,6.800000000000001,6.9,7.0,7.1000000000000005,7.2,7.300000000000001,7.4,7.5,7.6000000000000005,7.7,7.800000000000001,7.9,8.0,8.1,8.200000000000001,8.3,8.4,8.5,8.6,8.700000000000001,8.8,8.9,9.0,9.1,9.200000000000001,9.3,9.4,9.5,9.600000000000001,9.700000000000001,9.8,9.9,10.0]}