{"bd":[1,1,2,4,8,16,29,37,57,49,60,58,60,60,60,60,60,60,60,60,60,60,60,60,60,60,60,60,60,60,60,60,60,60,60,60,60,60,60,60,60,60,60,60,60,60,60,60,60,60,60,60,60,60,60,60,60,60,60,60,60,60,60,60,60,60,60,60,60,60,60,60,60,60,60,60,60,60,60,60,60,60,60,60,60,60,60,60,60,60,60,60,60,60,60,60,60,60,60,60,60,60,60,60,60,60,60,60,60,60,60,60,60,60,60,60,60,60,60,60,60,60,60,60,60,60,60,60,60,60,60,60,60,60,60,60,60,60,60,60,60,60,60,60,60,60,60,60,60,60,60,60,60,60,60,60,60,60,60,60,60,60,60,60,60,60,60,60,60,60,60,60,60,60,60,60,60,60,60,60,60,60,60,60,60,60,60,60,60,60,60,60,60,60,60,60,60,60,60,60,60,60,60,60,60,60,60,60,60,60,60,60,60,60,60,60,60,60,60,60,60,60,60,60,60,60,60,60,60,60,60,60,60,60,60,60,60,60,60,60,60,60,60,60,60,60,60,60,60,60,60,60,60,60,60,60,60,60,60,60,60,60,60,60,60,60,60,60,60,60,60,60,60,60,60,60,60,60,60,60,60,60,60,60,60,60,60,60,60,60,60,60,60,60,60,60,60,60,60,60,60,60,60,60,60,60,60,60,60,60,60,60,60,60,60,60,60,60,60,60,60,60,60,60,60,60,60,60,60,60,60,60,60,60,60,60,60,60,60,60,60,60,60,60,60,60,60,60,60,60,60,60,60,60,60,60,60,60,60,60,60,60,60,60,60,60,60,60,60,60,60,60,60,60,60,60,60,60,60,60,60,60,60,60,60,60,60,60,60,59,60,54,60,48,55,36,28,15,8,4,2,1,1,1],"gf":[0.18268710815517505,0.17638334836473885,0.17041789582833872,0.1647697844348267,0.15941947801981407,0.15434876679349735,0.1495406714235439,0.14497935429787245,0.1406500408522224,0.13653893590344454,0.13263315805677595,0.1289206732196857,0.12539026656378913,0.12203142497877291,0.11883433064803975,0.11578980184029,0.11288924917549428,0.11012463319431644,0.10748842671847693,0.10497358217070235,0.1025734950584858,0.10028197508520881,0.09809322013100623,0.09600178944622,0.09400257867626483,0.09209079467207955,0.09026193923831538,0.08851178803937196,0.08683637101571785,0.08523195605664194,0.08369503955070319,0.0822223185361854,0.08081068857115746,0.0794572306578045,0.07815919288333831,0.07691403793548197,0.07571927239495403,0.07457266293794002,0.07347204561484129,0.07241539190695839,0.07140078828989432,0.07042641276997187,0.06949056388170886,0.06859163298818372,0.0677281005771236,0.06689852701649995,0.06610153686195908,0.06533587417471182,0.06460031028242161,0.06389367656411087,0.0632148836592239,0.06256293528262577,0.06193685400928542,0.06133573929320287,0.060758725910396695,0.0602050132797052,0.05967380390104988,0.059164390488104734,0.058676100786176216,0.05820829214482015,0.05776037167749004,0.05733174282628128,0.05692188451132932,0.0565302804662634,0.05615643589305534,0.055799909602233945,0.055460263633154525,0.0551370770265866,0.05482999956936255,0.05453870109843036,0.05426279491062196,0.05400200645680626,0.05375602669256034,0.05352461423398989,0.05330750954799039,0.053104521907960625,0.05291542568665476,0.05274000511474299,0.05257810585628467,0.05242957588817385,0.05229426197368026,0.052172003997650894,0.052062746091626796,0.05196633382668554,0.051882738239225776,0.05181193640060546,0.051753822078550116,0.05170839733544339,0.05167561627569963,0.051655495912748955,0.05164806461723144,0.05165330791486383,0.05167129464824324,0.0517020896726234,0.05174571257786878,0.051802328429553214,0.05187200031007629,0.05195485336091173,0.052051008993335465,0.05216065280749737,0.05228394617474565,0.05242109352657543,0.052572266100517885,0.052737733609460546,0.05291774102764417,0.05311257461493035,0.05332247004239443,0.05354778414098037,0.05378885238835979,0.05404605684215234,0.0543197287389721,0.05461033950892863,0.054918332354034975,0.05524421940531203,0.055588404699949766,0.05595152603627332,0.05633396687158168,0.056736536201466424,0.057159832196968866,0.05760459413412666,0.05807154361110617,0.05856149782127111,0.05907536496246524,0.059614086751449,0.06017851361570909,0.06076971565455342,0.06138873385562387,0.06203680192021915,0.06271507047022058,0.06342493858169176,0.06416776961925807,0.06494509911419094,0.06575851242559193,0.06660973635987602,0.06750059298613914,0.06843304469364642,0.06940917603837383,0.07043123885319762,0.0715016132082825,0.07262285950351101,0.07379773070034953,0.07502915302069905,0.07632022772725902,0.07767434092409098,0.07909518103134273,0.08058660437560021,0.08215279082542055,0.08379820198807922,0.085527663810966,0.0873463362774057,0.08925979996573297,0.09127406125743706,0.09339558175258476,0.09563133015771293,0.09798877425207654,0.1004760151827291,0.10310176429149773,0.10587545800753041,0.1088072407779673,0.11190807383126192,0.11518980875311587,0.11866528804407452,0.12234841234197649,0.1262542236991348,0.13039900879492952,0.13480038444945222,0.13947743702106852,0.14445086806055124,0.14974312044905058,0.1553785357833303,0.1613835291265282,0.16778677397970607,0.17461941127512362,0.18191525963790947,0.18971106690485415,0.1980467755693054,0.20696585266675122,0.21651552159391896,0.22674711172213038,0.2377166206075179,0.24948489912461652,0.2621182698647053,0.2756889248203388,0.29027553834658887,0.3059638507804302,0.32284732587570897,0.341027867237785,0.3606164366969793,0.38173433762476033,0.40451381790060753,0.42909920395424445,0.45564803884521954,0.48433233049492774,0.5153399200480492,0.5488759797989246,0.5851646570395943,0.6244508514943974,0.6670022518785108,0.7131114641295144,0.7630984008463793,0.8173128918448249],"ts":[0.0,0.05,0.1,0.15000000000000002,0.2,0.25,0.30000000000000004,0.35000000000000003,0.4,0.45,0.5,0.55,0.6000000000000001,0.65,0.7000000000000001,0.75,0.8,0.8500000000000001,0.9,0.9500000000000001,1.0,1.05,1.1,1.1500000000000001,1.2000000000000002,1.25,1.3,1.35,1.4000000000000001,1.4500000000000002,1.5,1.55,1.6,1.6500000000000001,1.7000000000000002,1.75,1.8,1.85,1.9000000000000001,1.9500000000000002,2.0,2.0500000000000003,2.1,2.15,2.2,2.25,2.3000000000000003,2.35,2.4000000000000004,2.45,2.5,2.5500000000000003,2.6,2.6500000000000004,2.7,2.75,2.8000000000000003,2.85,2.9000000000000004,2.95,3.0,3.0500000000000003,3.1,3.1500000000000004,3.2,3.25,3.3000000000000003,3.35,3.4000000000000004,3.45,3.5,3.5500000000000003,3.6,3.6500000000000004,3.7,3.75,3.8000000000000003,3.85,3.9000000000000004,3.95,4.0,4.05,4.1000000000000005,4.15,4.2,4.25,4.3,4.3500000000000005,4.4,4.45,4.5,4.55,4.6000000000000005,4.65,4.7,4.75,4.800000000000001,4.8500000000000005,4.9,4.95,5.0,5.050000000000001,5.1000000000000005,5.15,5.2,5.25,5.300000000000001,5.3500000000000005,5.4,5.45,5.5,5.550000000000001,5.6000000000000005,5.65,5.7,5.75,5.800000000000001,5.8500000000000005,5.9,5.95,6.0,6.050000000000001,6.1000000000000005,6.15,6.2,6.25,6.300000000000001,6.3500000000000005,6.4,6.45,6.5,6.550000000000001,6.6000000000000005,6.65,6.7,6.75,6.800000000000001,6.8500000000000005,6.9,6.95,7.0,7.050000000000001,7.1000000000000005,7.15,7.2,7.25,7.300000000000001,7.3500000000000005,7.4,7.45,7.5,7.550000000000001,7.6000000000000005,7.65,7.7,7.75,7.800000000000001,7.8500000000000005,7.9,7.95,8.0,8.05,8.1,8.15,8.200000000000001,8.25,8.3,8.35,8.4,8.450000000000001,8.5,8.55,8.6,8.65,8.700000000000001,8.75,8.8,8.85,8.9,8.950000000000001,9.0,9.05,9.1,9.15,9.200000000000001,9.25,9.3,9.35,9.4,9.450000000000001,9.5,9.55,9.600000000000001,9.65,9.700000000000001,9.75,9.8,9.850000000000001,9.9,9.950000000000001,10.0]}