{"bd":[1,1,2,4,8,16,32,60,60,60,60,60,60,60,60,60,60,60,60,60,60,60,60,60,60,60,60,60,60,60,60,60,60,60,60,60,60,60,60,60,60,60,60,60,60,60,32,16,8,4,2,1,1,1],"gf":[0.18294018584066518,0.14413730295841612,0.1179299876913134,0.09974011830632075,0.08682436652796649,0.07750095929747793,0.07071581464547937,0.06579510652264034,0.06230514606888048,0.0599658814732823,0.05860398756949406,0.058124689774838874,0.058499827653462386,0.05975791479990796,0.061999128845566125,0.06541268816281841,0.07031622546511954,0.07723378172670163,0.08703739654743192,0.1012409896686601,0.12254727991273777,0.1559647827171296,0.21112608362940577,0.3070650823964183,0.482396100212181,0.8170598141593348],"ts":[0.0,0.4,0.8,1.2000000000000002,1.6,2.0,2.4000000000000004,2.8000000000000003,3.2,3.6,4.0,4.4,4.800000000000001,5.2,5.6000000000000005,6.0,6.4,6.800000000000001,7.2,7.6000000000000005,8.0,8.4,8.8,9.200000000000001,9.600000000000001,10.0]}