{"bd":[1,1,2,4,8,16,29,37,57,51,78,58,80,66,80,79,80,80,80,80,80,80,80,80,80,80,80,80,80,80,80,80,80,80,80,80,80,80,80,80,80,80,80,80,80,80,80,80,80,80,80,80,80,80,80,80,80,80,80,80,80,80,80,80,80,80,80,80,80,80,80,80,80,80,80,80,80,80,80,80,80,80,80,80,80,80,80,80,80,80,80,80,80,80,80,80,80,80,80,80,80,80,80,80,80,80,80,80,80,80,80,80,80,80,80,80,80,80,80,80,80,80,80,80,80,80,80,80,80,80,80,80,80,80,80,80,80,80,80,80,80,80,80,80,80,80,80,80,80,80,80,80,80,80,80,80,80,80,80,80,80,80,80,80,80,80,80,80,80,80,80,80,80,80,80,80,80,80,80,80,80,80,80,80,80,80,80,80,80,80,80,80,80,80,80,80,80,80,80,80,80,80,80,80,80,80,80,80,80,80,80,80,80,80,80,80,80,80,80,80,80,80,80,80,80,80,80,80,80,80,80,80,80,80,80,80,80,80,80,80,80,80,80,80,80,80,80,80,80,80,80,80,80,80,80,80,80,80,80,80,80,80,80,80,80,80,80,80,80,80,80,80,80,80,80,80,80,80,80,80,80,80,80,80,80,80,80,80,80,80,80,80,80,80,80,80,80,80,80,80,80,80,80,80,80,80,80,80,80,80,80,80,80,80,80,80,80,80,80,80,80,80,80,80,80,80,80,80,80,80,80,80,80,80,80,80,80,80,80,80,80,80,80,80,80,80,80,80,80,80,80,80,80,80,80,80,80,80,80,80,80,80,80,80,80,80,80,80,80,80,80,80,80,80,80,80,80,80,80,80,80,80,80,80,80,79,80,69,80,59,80,56,73,51,55,36,28,15,8,4,2,1,1,1],"gf":[0.1829218591931112,0.17657481232753916,0.1705686696943613,0.16488230460405628,0.1594960333419366,0.15439151076542715,0.14955163365934432,0.14496045163004995,0.14060308447796974,0.13646564596813573,0.13253517307691873,0.12879956010195534,0.1252474988692557,0.12186842166965262,0.11865245143286986,0.11559035044116545,0.11267347863937885,0.10989375020346391,0.10724359621434396,0.10471592931925151,0.10230411112568248,0.10000192027013988,0.09780352637295092,0.0957034587328153,0.09369660446560985,0.09177813157146833,0.08994352185393277,0.0881885332451653,0.08650917551916154,0.08490142085580969,0.08336197413834316,0.08188751319699092,0.08047491569463532,0.07912124247230369,0.07782372505098827,0.07657975662543469,0.07538687963130064,0.07424277975540002,0.07314527616839854,0.07209231009200553,0.07108192639217362,0.07011230105816639,0.06918168719537296,0.06828847203439019,0.06743109782255152,0.06660810499347974,0.06581810472233081,0.06505978951141514,0.06433192791780507,0.06363336634899734,0.06296297420131423,0.06231969928089132,0.06170254294913142,0.061110558499035045,0.06054287640100824,0.05999862224430462,0.05947698862270494,0.05897719938380771,0.058498524159418364,0.0580402215007323,0.05760171416983562,0.05718233685728593,0.05678149146649181,0.056398605593897214,0.056033129957534275,0.05568453652059674,0.05535232824743354,0.05503600221628715,0.05473514683510193,0.05444935537132697,0.05417822811296932,0.053921391390080904,0.05367850049561587,0.05344925468991522,0.05323339308039773,0.053030724384429434,0.05284110039864421,0.05266441685370795,0.05250056147016612,0.05235000562309733,0.05221203102158459,0.05208660597691138,0.05197371640142205,0.051873371850705736,0.0517856015091835,0.051710451070163435,0.05164798792403051,0.05159831262281102,0.05156151943326048,0.05153772499417784,0.0515270313386609,0.05152947888311384,0.051545175830773705,0.05157417594720525,0.05161655432692753,0.05167242672633475,0.05174176462731331,0.051824650034679426,0.051921164279212464,0.05203145504272148,0.05215564236187343,0.05229391769801372,0.05244636268364242,0.05261330979542721,0.05279490206575367,0.052991387084499596,0.05320303369130455,0.05343013114049846,0.05367300339392068,0.053931998643928225,0.054207498360009286,0.05449990333043091,0.05480965400153908,0.05513721395602663,0.05548309338225856,0.05584781214363872,0.05623194159947526,0.05663609032180624,0.05706090976003344,0.057507091825881027,0.05797536760894036,0.05846653634437675,0.05898143202334933,0.05952095952720147,0.0600860663278121,0.06067776708408313,0.06129714598129009,0.061945360084682204,0.06262364346997379,0.0633333044115831,0.0640757458158293,0.06485246975106203,0.06566507382377694,0.06651525949532659,0.06740486293318745,0.06833582897956526,0.06931023992980158,0.07033032059198024,0.07139846829323543,0.0725172259144682,0.07368933815589825,0.07491774305741736,0.07620557473972028,0.07755621210505553,0.07897327360049039,0.08046064149407346,0.0820224873968637,0.08366329956424763,0.08538790031251335,0.08720147737050359,0.08910961100576419,0.09111831647957197,0.09323406513523634,0.09546382825161885,0.09781515427976857,0.10029615658151693,0.10291559223768967,0.10568288863667964,0.1086081600204089,0.11170224568438349,0.11497673797298487,0.11844421213470957,0.12211836025247216,0.12601412094658257,0.13014781590428748,0.13453731561427765,0.13920153423873224,0.1441612181883759,0.1494388965248147,0.15505900798316005,0.161048053790236,0.16743482268857043,0.17425052252861967,0.18152906643993502,0.18930735192587814,0.19762545280386198,0.20652693232448727,0.21605917098277974,0.22627371102282456,0.237226923045767,0.2489795325844314,0.2615980224956877,0.2751547923430974,0.2897287207589158,0.30540576897446853,0.32227963989400177,0.34045250247861664,0.36003574431709146,0.38115091598851925,0.40393062726841206,0.42851960287263374,0.455075825447822,0.48377178859094,0.5147958693854979,0.5483538334144096,0.5846704830226399,0.6239914678414578,0.6665852702527203,0.7127453847001645,0.7627927033551718,0.8170781408068888],"ts":[0.0,0.05,0.1,0.15000000000000002,0.2,0.25,0.30000000000000004,0.35000000000000003,0.4,0.45,0.5,0.55,0.6000000000000001,0.65,0.7000000000000001,0.75,0.8,0.8500000000000001,0.9,0.9500000000000001,1.0,1.05,1.1,1.1500000000000001,1.2000000000000002,1.25,1.3,1.35,1.4000000000000001,1.4500000000000002,1.5,1.55,1.6,1.6500000000000001,1.7000000000000002,1.75,1.8,1.85,1.9000000000000001,1.9500000000000002,2.0,2.0500000000000003,2.1,2.15,2.2,2.25,2.3000000000000003,2.35,2.4000000000000004,2.45,2.5,2.5500000000000003,2.6,2.6500000000000004,2.7,2.75,2.8000000000000003,2.85,2.9000000000000004,2.95,3.0,3.0500000000000003,3.1,3.1500000000000004,3.2,3.25,3.3000000000000003,3.35,3.4000000000000004,3.45,3.5,3.5500000000000003,3.6,3.6500000000000004,3.7,3.75,3.8000000000000003,3.85,3.9000000000000004,3.95,4.0,4.05,4.1000000000000005,4.15,4.2,4.25,4.3,4.3500000000000005,4.4,4.45,4.5,4.55,4.6000000000000005,4.65,4.7,4.75,4.800000000000001,4.8500000000000005,4.9,4.95,5.0,5.050000000000001,5.1000000000000005,5.15,5.2,5.25,5.300000000000001,5.3500000000000005,5.4,5.45,5.5,5.550000000000001,5.6000000000000005,5.65,5.7,5.75,5.800000000000001,5.8500000000000005,5.9,5.95,6.0,6.050000000000001,6.1000000000000005,6.15,6.2,6.25,6.300000000000001,6.3500000000000005,6.4,6.45,6.5,6.550000000000001,6.6000000000000005,6.65,6.7,6.75,6.800000000000001,6.8500000000000005,6.9,6.95,7.0,7.050000000000001,7.1000000000000005,7.15,7.2,7.25,7.300000000000001,7.3500000000000005,7.4,7.45,7.5,7.550000000000001,7.6000000000000005,7.65,7.7,7.75,7.800000000000001,7.8500000000000005,7.9,7.95,8.0,8.05,8.1,8.15,8.200000000000001,8.25,8.3,8.35,8.4,8.450000000000001,8.5,8.55,8.6,8.65,8.700000000000001,8.75,8.8,8.85,8.9,8.950000000000001,9.0,9.05,9.1,9.15,9.200000000000001,9.25,9.3,9.35,9.4,9.450000000000001,9.5,9.55,9.600000000000001,9.65,9.700000000000001,9.75,9.8,9.850000000000001,9.9,9.950000000000001,10.0]}