{"bd":[1,1,2,4,8,16,32,40,40,40,40,40,40,40,40,40,40,40,40,40,40,40,40,40,40,40,40,40,40,40,40,40,40,40,40,40,40,40,40,40,40,40,40,40,40,40,40,40,40,40,40,40,40,40,40,40,40,40,40,40,40,40,40,40,40,40,40,40,40,40,40,40,40,40,40,40,40,40,40,40,40,40,40,40,40,40,40,40,40,40,40,40,40,40,40,40,32,16,8,4,2,1,1,1],"gf":[0.18358342400294983,0.16114055180522457,0.14292729981577962,0.12803381802829095,0.11576579064510036,0.10559034707276421,0.09709575750478865,0.08996186757590548,0.08393941677805138,0.0788357066221305,0.07449728254011878,0.07079994970775315,0.06764641567851462,0.06496192825156394,0.06268536409496288,0.06075784995059815,0.05914040723656345,0.0578073190583791,0.05673477713602908,0.0559025686025035,0.05529438672537503,0.05490183707491291,0.05471872723287441,0.05474134710747403,0.05497613534292613,0.05542668989140235,0.05610125257527145,0.057016615531045124,0.05819236500987922,0.05965359067603206,0.0614381246663771,0.0635873191994637,0.06616144336656599,0.06923016797371886,0.07289365873112989,0.07728231961735578,0.08257487210107421,0.08900455117731283,0.09684441137887119,0.10648297376566293,0.11845188888158377,0.13347671798079236,0.15255498211998067,0.1770653610507323,0.20894027297448725,0.25087467325198615,0.3066709425275294,0.3817067102780153,0.4836229285206304,0.6233190712221033,0.8164165759970502],"ts":[0.0,0.2,0.4,0.6000000000000001,0.8,1.0,1.2000000000000002,1.4000000000000001,1.6,1.8,2.0,2.2,2.4000000000000004,2.6,2.8000000000000003,3.0,3.2,3.4000000000000004,3.6,3.8000000000000003,4.0,4.2,4.4,4.6000000000000005,4.800000000000001,5.0,5.2,5.4,5.6000000000000005,5.800000000000001,6.0,6.2,6.4,6.6000000000000005,6.800000000000001,7.0,7.2,7.4,7.6000000000000005,7.800000000000001,8.0,8.200000000000001,8.4,8.6,8.8,9.0,9.200000000000001,9.4,9.600000000000001,9.8,10.0]}