{"bd":[1,1,2,4,8,15,28,37,40,40,40,40,40,40,40,40,40,40,40,40,40,40,40,40,40,40,40,40,40,40,40,40,40,40,40,40,40,40,40,40,40,40,40,40,40,40,40,40,40,40,40,40,40,40,40,40,40,40,40,40,40,40,40,40,40,40,40,40,40,40,40,40,40,40,40,40,40,40,40,40,40,40,40,40,40,40,40,40,40,40,40,40,40,40,40,40,40,40,40,40,40,40,40,40,40,40,40,40,40,40,40,40,40,40,40,40,40,40,40,40,40,40,40,40,40,40,40,40,40,40,40,40,40,40,40,40,40,40,40,40,40,40,40,40,40,40,40,40,40,40,40,40,40,40,40,40,40,40,40,40,40,40,40,40,40,40,40,40,40,40,40,40,40,40,40,40,40,40,40,40,40,40,40,40,40,40,40,40,40,40,40,40,40,40,40,40,40,40,40,40,40,40,40,40,40,40,40,40,40,40,40,40,40,40,40,40,40,40,40,40,40,40,40,40,40,40,40,40,40,40,40,40,40,40,40,40,40,40,40,40,40,40,40,40,40,40,40,40,40,40,40,40,40,40,40,40,40,40,40,40,40,40,40,40,40,40,40,40,40,40,40,40,40,40,40,40,40,40,40,40,40,40,40,40,40,40,40,40,40,40,40,40,40,40,40,40,40,40,40,40,40,40,40,40,40,40,40,40,40,40,40,40,40,40,40,40,40,40,40,40,40,40,40,40,40,40,40,40,40,40,40,40,40,40,40,40,40,40,40,40,40,40,40,40,40,40,40,40,40,40,40,40,40,40,40,40,40,40,40,40,40,40,40,40,40,40,40,40,40,40,40,40,40,40,40,40,40,40,40,40,40,40,40,40,40,40,40,40,40,40,40,40,40,40,40,35,28,15,8,4,2,1,1,1],"gf":[0.18258551095603717,0.17631205320921414,0.1703743763494062,0.1647517235254833,0.15942475296073663,0.15437543560412617,0.1495869605848301,0.14504364779344725,0.14073086708779342,0.13663496392226632,0.13274318984262032,0.12904363758551485,0.12552517018496764,0.12217694530835206,0.11898950834640734,0.1159537623151128,0.11306132888954686,0.1103040094779958,0.1076744349133325,0.10516561152098977,0.10277098486415862,0.10048443805003844,0.09829997745473264,0.09621235819016523,0.09421654820726011,0.09230777482939326,0.09048151755697492,0.08873356539348456,0.08706003139541804,0.08545727638757701,0.08392203900592794,0.0824507313998883,0.08104012362814876,0.07968788236409821,0.07839087714690329,0.077146553628119,0.07595250526744497,0.07480646277941412,0.07370627879371718,0.07265016978012072,0.07163597766748248,0.07066190022275005,0.06972623370197281,0.06882736372754823,0.06796377249050502,0.067134370143812,0.066337601504937,0.06557209021653597,0.06483667877993388,0.06413019633122669,0.06345157727160854,0.06280032189295814,0.06217493766796274,0.061574523697239224,0.06099822906702892,0.06044523210403917,0.059914800616632596,0.05940617967783516,0.058918688915619535,0.05845156629089521,0.05800443397502609,0.057576686619303034,0.05716773434641011,0.05677692855727622,0.05640405587783783,0.05604851719979627,0.055709902309970395,0.055387846725060655,0.05508195608634376,0.054791864640052035,0.054517294158288966,0.05425793910417991,0.05401350917260621,0.053783665879017895,0.05356823326538936,0.053366941053633564,0.053179581164945616,0.05300596583420412,0.052845926492247605,0.052699366583013496,0.05256604411116532,0.052445925064788824,0.05233890392826014,0.05224477482016231,0.05216345650199638,0.05209498090788005,0.05203923281158791,0.05199618916853244,0.05196583720270401,0.05194818510562631,0.051943240121241546,0.051951022373057036,0.051971600695475434,0.05200504869905915,0.0520514650034608,0.052110939241026624,0.052183564878389176,0.05226942631815184,0.05236862241958657,0.05248127422109459,0.05260755145994331,0.052747722064931606,0.05290197650344981,0.053070536328883915,0.053253666754722755,0.05345170775830863,0.05366367222537218,0.05389124419300805,0.0541347507104783,0.05439454541864691,0.05467100553360575,0.054964561159349036,0.05527558372375326,0.05560452044731465,0.05595189076222456,0.05632947113941548,0.056725807142642276,0.05714151676404503,0.057574636324057245,0.05802690881778086,0.058499368267271416,0.05899300465356586,0.0595088598068003,0.0600479490971926,0.06061155655426697,0.061202204882482174,0.06181972026076984,0.06246663419914846,0.06314416612891416,0.06385355798634013,0.06459589137467867,0.06537277728417064,0.0661858683753113,0.06703693469236581,0.06792774372667877,0.06886025971306484,0.06983644252504388,0.07085827429745396,0.07192823179348037,0.0730488699589262,0.07422176258867119,0.07545121760535693,0.07674032445977223,0.07809227020714612,0.07951065455198919,0.08099927204947059,0.08256233713003394,0.08420403539888284,0.08592948599749958,0.08774365310424505,0.0896521528125834,0.091660863608318,0.09377630442488097,0.09600536167039071,0.0983544257566279,0.10083170402828813,0.1034471760964704,0.10621025536680286,0.10913105555719042,0.11222046271222741,0.11549029910907303,0.11895346018475367,0.12262368617239253,0.1265159299669519,0.13064639338911896,0.13503263341400784,0.1396936069375672,0.14464994918604032,0.1499249368802924,0.15554241604166746,0.1615287804537012,0.1679127049544044,0.1747253365189199,0.1820004610798981,0.18977503176627133,0.1980889258410965,0.20698549731406587,0.2165119862086505,0.22671994776517596,0.23766539628701158,0.24940926948700842,0.26201808937000953,0.27556421505499623,0.29012646827208133,0.30579088414383293,0.3226510370123243,0.3408093147397119,0.3603770882780994,0.3814759736277777,0.40423868698598425,0.4288100706605917,0.4553482313806598,0.4840260188715193,0.5150424535294101,0.5485967379823021,0.5849139953090937,0.6242404422005905,0.6668452889513503,0.7130229817323808,0.7630954144504258,0.8174144890439629],"ts":[0.0,0.05,0.1,0.15000000000000002,0.2,0.25,0.30000000000000004,0.35000000000000003,0.4,0.45,0.5,0.55,0.6000000000000001,0.65,0.7000000000000001,0.75,0.8,0.8500000000000001,0.9,0.9500000000000001,1.0,1.05,1.1,1.1500000000000001,1.2000000000000002,1.25,1.3,1.35,1.4000000000000001,1.4500000000000002,1.5,1.55,1.6,1.6500000000000001,1.7000000000000002,1.75,1.8,1.85,1.9000000000000001,1.9500000000000002,2.0,2.0500000000000003,2.1,2.15,2.2,2.25,2.3000000000000003,2.35,2.4000000000000004,2.45,2.5,2.5500000000000003,2.6,2.6500000000000004,2.7,2.75,2.8000000000000003,2.85,2.9000000000000004,2.95,3.0,3.0500000000000003,3.1,3.1500000000000004,3.2,3.25,3.3000000000000003,3.35,3.4000000000000004,3.45,3.5,3.5500000000000003,3.6,3.6500000000000004,3.7,3.75,3.8000000000000003,3.85,3.9000000000000004,3.95,4.0,4.05,4.1000000000000005,4.15,4.2,4.25,4.3,4.3500000000000005,4.4,4.45,4.5,4.55,4.6000000000000005,4.65,4.7,4.75,4.800000000000001,4.8500000000000005,4.9,4.95,5.0,5.050000000000001,5.1000000000000005,5.15,5.2,5.25,5.300000000000001,5.3500000000000005,5.4,5.45,5.5,5.550000000000001,5.6000000000000005,5.65,5.7,5.75,5.800000000000001,5.8500000000000005,5.9,5.95,6.0,6.050000000000001,6.1000000000000005,6.15,6.2,6.25,6.300000000000001,6.3500000000000005,6.4,6.45,6.5,6.550000000000001,6.6000000000000005,6.65,6.7,6.75,6.800000000000001,6.8500000000000005,6.9,6.95,7.0,7.050000000000001,7.1000000000000005,7.15,7.2,7.25,7.300000000000001,7.3500000000000005,7.4,7.45,7.5,7.550000000000001,7.6000000000000005,7.65,7.7,7.75,7.800000000000001,7.8500000000000005,7.9,7.95,8.0,8.05,8.1,8.15,8.200000000000001,8.25,8.3,8.35,8.4,8.450000000000001,8.5,8.55,8.6,8.65,8.700000000000001,8.75,8.8,8.85,8.9,8.950000000000001,9.0,9.05,9.1,9.15,9.200000000000001,9.25,9.3,9.35,9.4,9.450000000000001,9.5,9.55,9.600000000000001,9.65,9.700000000000001,9.75,9.8,9.850000000000001,9.9,9.950000000000001,10.0]}