{"bd":[1,1,2,4,8,16,32,46,70,70,70,70,70,70,70,70,70,70,70,70,70,70,70,70,70,70,70,70,70,70,70,70,70,70,70,70,70,70,70,70,70,70,70,70,70,70,70,70,70,70,70,70,70,70,70,70,70,70,70,70,70,70,70,70,70,70,70,70,70,70,70,70,70,70,70,70,70,70,70,70,70,70,70,70,70,70,70,70,70,70,70,70,70,70,70,70,70,70,70,70,70,70,70,70,70,70,70,70,70,70,70,70,70,70,70,70,70,70,70,70,70,70,70,70,70,70,70,70,70,70,70,70,70,70,70,70,70,70,70,70,70,70,70,70,70,70,70,70,70,70,70,70,70,70,70,70,70,70,70,70,70,70,70,70,70,70,70,70,70,70,70,70,70,70,70,70,70,70,70,70,70,70,70,70,70,70,70,70,70,70,70,70,70,70,70,45,31,16,8,4,2,1,1,1],"gf":[0.18381607507989764,0.1715342435401404,0.16051428022612382,0.15060706437046317,0.14168288959908373,0.13362878879031734,0.12634624309994485,0.11974921661069952,0.11376247390368088,0.10832013259953606,0.10336442192087934,0.09884461242521128,0.09471610118338901,0.09093963997647667,0.08748065943014811,0.08430845960501569,0.08139514058755136,0.07871725042281628,0.07625349345736798,0.0739849520410681,0.07189481941031403,0.06996810061049236,0.0681914783020376,0.0665530604485623,0.06504217751972066,0.06364930579218239,0.062366049464897357,0.061184630721421274,0.06009829220492196,0.059100931983709096,0.05818715451939319,0.057352105856357284,0.05659143384341168,0.05590130164537211,0.05527829144528198,0.05471937350517989,0.054221889405214524,0.053783527515330484,0.05340234472691785,0.05307661623276583,0.05280489169883312,0.05258602470430801,0.052419120178673326,0.052303499971461304,0.052238740587657095,0.052224670496516794,0.05226133739140055,0.05234909105627628,0.05248843369445211,0.05268016714075521,0.05292540842861753,0.053225452203504484,0.053581998188950784,0.05399686788245279,0.05447242780368499,0.05501135832711173,0.055616778805645806,0.05629220347355342,0.05704158935348402,0.057869588197462754,0.05878147240177154,0.05978326546141213,0.06088476485199459,0.06209311439982865,0.06341507619019636,0.06486159499535601,0.06644427563934427,0.06817505722145334,0.07006992717132601,0.07214506300801128,0.07442084407639002,0.07691979897213748,0.07966699864701518,0.08269293214440261,0.08603154648059737,0.08972225089623082,0.09381130425307418,0.0983523277356478,0.10340765368577821,0.10904955082089476,0.11536291658428409,0.1224462794922715,0.1304153046246511,0.13940554064542343,0.14957596958198602,0.16111650311146025,0.17424580138266307,0.18922442627519637,0.20636013041476187,0.22601716314488585,0.24862679669005322,0.2747008185100012,0.3048469482845918,0.33978733399878047,0.38038130951131277,0.42765239484077044,0.4828208133655077,0.5473426485935107,0.622956829989826,0.7117418393933931,0.8161839249201024],"ts":[0.0,0.1,0.2,0.30000000000000004,0.4,0.5,0.6000000000000001,0.7000000000000001,0.8,0.9,1.0,1.1,1.2000000000000002,1.3,1.4000000000000001,1.5,1.6,1.7000000000000002,1.8,1.9000000000000001,2.0,2.1,2.2,2.3000000000000003,2.4000000000000004,2.5,2.6,2.7,2.8000000000000003,2.9000000000000004,3.0,3.1,3.2,3.3000000000000003,3.4000000000000004,3.5,3.6,3.7,3.8000000000000003,3.9000000000000004,4.0,4.1000000000000005,4.2,4.3,4.4,4.5,4.6000000000000005,4.7,4.800000000000001,4.9,5.0,5.1000000000000005,5.2,5.300000000000001,5.4,5.5,5.6000000000000005,5.7,5.800000000000001,5.9,6.0,6.1000000000000005,6.2,6.300000000000001,6.4,6.5,6.6000000000000005,6.7,6.800000000000001,6.9,7.0,7.1000000000000005,7.2,7.300000000000001,7.4,7.5,7.6000000000000005,7.7,7.800000000000001,7.9,8.0,8.1,8.200000000000001,8.3,8.4,8.5,8.6,8.700000000000001,8.8,8.9,9.0,9.1,9.200000000000001,9.3,9.4,9.5,9.600000000000001,9.700000000000001,9.8,9.9,10.0]}