{"bd":[1,1,2,4,8,16,32,40,40,40,40,40,40,40,40,40,40,40,40,40,40,40,40,40,40,40,40,40,40,40,40,40,40,40,40,40,40,40,40,40,40,40,40,40,40,40,32,16,8,4,2,1,1,1],"gf":[0.1825855259494652,0.1439497691205059,0.11783067204779941,0.09968610955525126,0.08679667866182533,0.07748620065436766,0.07069831963082164,0.06577595726320606,0.06227308321503075,0.05991944237704716,0.058543655049402725,0.058048550036137,0.058415018198291216,0.05965952698097105,0.061915721728107345,0.06535164279120836,0.07029353219519904,0.07725982242300423,0.0871220390101574,0.101372931142369,0.12269966806571285,0.15618489115584602,0.2114152472588538,0.3074198769371512,0.48279074995764587,0.8174144740505348],"ts":[0.0,0.4,0.8,1.2000000000000002,1.6,2.0,2.4000000000000004,2.8000000000000003,3.2,3.6,4.0,4.4,4.800000000000001,5.2,5.6000000000000005,6.0,6.4,6.800000000000001,7.2,7.6000000000000005,8.0,8.4,8.8,9.200000000000001,9.600000000000001,10.0]}