{"bd":[1,1,2,4,8,16,32,47,80,80,80,80,80,80,80,80,80,80,80,80,80,80,80,80,80,80,80,80,80,80,80,80,80,80,80,80,80,80,80,80,80,80,80,80,80,80,80,80,80,80,80,80,80,80,80,80,80,80,80,80,80,80,80,80,80,80,80,80,80,80,80,80,80,80,80,80,80,80,80,80,80,80,80,80,80,80,80,80,80,80,80,80,80,80,80,80,80,80,80,80,80,80,80,80,80,80,80,80,80,80,80,80,80,80,80,80,80,80,80,80,80,80,80,80,80,80,80,80,80,80,80,80,80,80,80,80,80,80,80,80,80,80,80,80,80,80,80,80,80,80,80,80,80,80,80,80,80,80,80,80,80,80,80,80,80,80,80,80,80,80,80,80,80,80,80,80,80,80,80,80,80,80,80,80,80,80,80,80,80,80,80,80,80,75,80,45,31,16,8,4,2,1,1,1],"gf":[0.1838410380271112,0.17154484392979705,0.16051257432280058,0.15059482335813873,0.14166163956909789,0.1335998437958241,0.12631073319753539,0.1197081129010046,0.11371660765711346,0.10827021076132927,0.1033110310888516,0.09878823598751742,0.09465711396041276,0.0908782889797375,0.08741702951893356,0.08424266733136,0.08132806891880444,0.0786491970631179,0.07618477655676045,0.07391586372269593,0.07182557581108016,0.06989876794930477,0.06812226656966035,0.06648418271414452,0.06497391166084278,0.06358185144442287,0.062299698792627804,0.061119867969884015,0.06003556828825044,0.0590408296679362,0.05813058521323551,0.057296719087161815,0.05653709812597659,0.05584822339310226,0.055226634398525966,0.05466930743386208,0.054173548168737616,0.053737039340253014,0.053357734256170804,0.05303395458520476,0.05276423965868519,0.05254742440929731,0.05238256300406158,0.05226902718734315,0.05220635927084866,0.05219436818578767,0.05223314601710774,0.05232297734888505,0.05246440993300629,0.052658255940748834,0.052905565123345426,0.05320765888468165,0.05356618388532414,0.053983153009717066,0.05446103133950395,0.05500249002049632,0.0556105537399444,0.05628878290754033,0.05704129917252,0.05787273751447147,0.05878859756576847,0.05979484200377075,0.06089832421403879,0.06210686210415444,0.06342929453307376,0.06487579455477507,0.06645781834789653,0.06818839256081852,0.07008249518844414,0.07215720103323438,0.07443211532072941,0.07692972016454507,0.07967573253338495,0.08269999423536417,0.08604056309749782,0.08973369732425894,0.09382178983936089,0.09836521515572734,0.10342309057819615,0.1090674611647348,0.11538276290062954,0.12246779579700733,0.13043839070319554,0.1394297557741691,0.14960110179509745,0.16113975800945302,0.17426648053469732,0.18924177394264582,0.2063734693339601,0.22602578534868045,0.24863016035425256,0.2746983845769899,0.30483818798913126,0.3397720937792587,0.38035971122221285,0.427624945126323,0.4827885541444818,0.547307254337329,0.622920837416335,0.7117089318540428,0.8161589619728888],"ts":[0.0,0.1,0.2,0.30000000000000004,0.4,0.5,0.6000000000000001,0.7000000000000001,0.8,0.9,1.0,1.1,1.2000000000000002,1.3,1.4000000000000001,1.5,1.6,1.7000000000000002,1.8,1.9000000000000001,2.0,2.1,2.2,2.3000000000000003,2.4000000000000004,2.5,2.6,2.7,2.8000000000000003,2.9000000000000004,3.0,3.1,3.2,3.3000000000000003,3.4000000000000004,3.5,3.6,3.7,3.8000000000000003,3.9000000000000004,4.0,4.1000000000000005,4.2,4.3,4.4,4.5,4.6000000000000005,4.7,4.800000000000001,4.9,5.0,5.1000000000000005,5.2,5.300000000000001,5.4,5.5,5.6000000000000005,5.7,5.800000000000001,5.9,6.0,6.1000000000000005,6.2,6.300000000000001,6.4,6.5,6.6000000000000005,6.7,6.800000000000001,6.9,7.0,7.1000000000000005,7.2,7.300000000000001,7.4,7.5,7.6000000000000005,7.7,7.800000000000001,7.9,8.0,8.1,8.200000000000001,8.3,8.4,8.5,8.6,8.700000000000001,8.8,8.9,9.0,9.1,9.200000000000001,9.3,9.4,9.5,9.600000000000001,9.700000000000001,9.8,9.9,10.0]}