{"bd":[1,1,2,4,8,16,30,30,30,30,30,30,30,30,30,30,30,30,30,30,30,30,30,30,30,30,30,30,30,30,30,30,30,30,30,30,30,30,30,30,30,30,30,30,30,30,30,30,30,30,30,30,30,30,30,30,30,30,30,30,30,30,30,30,30,30,30,30,30,30,30,30,30,30,30,30,30,30,30,30,30,30,30,30,30,30,30,30,30,30,30,30,30,30,30,30,30,16,8,4,2,1,1,1],"gf":[0.18361308445876673,0.16134181138078374,0.1432374796705983,0.12840720507094297,0.1161692019797229,0.10599885560818352,0.09748605562325094,0.09032011604200403,0.08425787229577127,0.07910986492959322,0.07472202390524713,0.07097793479827151,0.06778042841796172,0.06505794274299975,0.06274171128790339,0.060779824788402985,0.05913772047375535,0.05778171263969325,0.05668799165458986,0.05583953668074977,0.05522059050651859,0.05482257737688945,0.05464016892961823,0.05467249400790126,0.054911721863840884,0.055368310012644036,0.05604785466642343,0.05697597995457022,0.0581770830214675,0.05967075680365197,0.06149227994938418,0.06368524005682953,0.06630099990188415,0.06941962600593422,0.07313807959272875,0.0775713243392626,0.08289871132319696,0.0893367218729215,0.09717463050155252,0.10680698720822115,0.1187650161122976,0.13377982579070666,0.15284658477312402,0.1773440315762927,0.20919726009090642,0.25110259876482055,0.30685344941886067,0.38182974212342297,0.4836788997051891,0.6233176705192545,0.8163869155412333],"ts":[0.0,0.2,0.4,0.6000000000000001,0.8,1.0,1.2000000000000002,1.4000000000000001,1.6,1.8,2.0,2.2,2.4000000000000004,2.6,2.8000000000000003,3.0,3.2,3.4000000000000004,3.6,3.8000000000000003,4.0,4.2,4.4,4.6000000000000005,4.800000000000001,5.0,5.2,5.4,5.6000000000000005,5.800000000000001,6.0,6.2,6.4,6.6000000000000005,6.800000000000001,7.0,7.2,7.4,7.6000000000000005,7.800000000000001,8.0,8.200000000000001,8.4,8.6,8.8,9.0,9.200000000000001,9.4,9.600000000000001,9.8,10.0]}