{"bd":[1,1,2,4,8,16,29,37,50,50,50,50,50,50,50,50,50,50,50,50,50,50,50,50,50,50,50,50,50,50,50,50,50,50,50,50,50,50,50,50,50,50,50,50,50,50,50,50,50,50,50,50,50,50,50,50,50,50,50,50,50,50,50,50,50,50,50,50,50,50,50,50,50,50,50,50,50,50,50,50,50,50,50,50,50,50,50,50,50,50,50,50,50,50,50,50,50,50,50,50,50,50,50,50,50,50,50,50,50,50,50,50,50,50,50,50,50,50,50,50,50,50,50,50,50,50,50,50,50,50,50,50,50,50,50,50,50,50,50,50,50,50,50,50,50,50,50,50,50,50,50,50,50,50,50,50,50,50,50,50,50,50,50,50,50,50,50,50,50,50,50,50,50,50,50,50,50,50,50,50,50,50,50,50,50,50,50,50,50,50,50,50,50,50,50,50,50,50,50,50,50,50,50,50,50,50,50,50,50,50,50,50,50,50,50,50,50,50,50,50,50,50,50,50,50,50,50,50,50,50,50,50,50,50,50,50,50,50,50,50,50,50,50,50,50,50,50,50,50,50,50,50,50,50,50,50,50,50,50,50,50,50,50,50,50,50,50,50,50,50,50,50,50,50,50,50,50,50,50,50,50,50,50,50,50,50,50,50,50,50,50,50,50,50,50,50,50,50,50,50,50,50,50,50,50,50,50,50,50,50,50,50,50,50,50,50,50,50,50,50,50,50,50,50,50,50,50,50,50,50,50,50,50,50,50,50,50,50,50,50,50,50,50,50,50,50,50,50,50,50,50,50,50,50,50,50,50,50,50,50,50,50,50,50,50,50,50,50,50,50,50,50,50,50,50,50,50,50,50,50,50,50,50,50,50,50,50,50,50,50,50,50,50,48,50,36,28,15,8,4,2,1,1,1],"gf":[0.18246301536462065,0.17617671224129655,0.1702273128892677,0.16459395182352932,0.1592571857558266,0.1541988906402758,0.1494021665746204,0.14485124972720875,0.1405314313210575,0.1364289835367494,0.13253108844756328,0.128825772333574,0.1253018490448347,0.12194886193671271,0.11875702788360565,0.11571720367070358,0.11282083594878586,0.11005992006312203,0.10742696166039702,0.10491494411061594,0.10251728244651134,0.10022782177858405,0.09804078398680866,0.09595075624779427,0.09395266305297088,0.09204173036923202,0.09021348583665129,0.08846375653881147,0.08678855122080417,0.08518417303781975,0.08364716960236199,0.08217419736394699,0.08076221472766514,0.07940831614556779,0.07810976517421533,0.07686401298467639,0.0756686401256893,0.07452111395868524,0.07341946441277251,0.07236166342724185,0.07134583228251899,0.07037016804197126,0.06943296835666755,0.06853272028755235,0.0676678112478286,0.06683685581922354,0.06603850050910777,0.06527150115969768,0.06453458762247295,0.06382669558108801,0.06314671997252962,0.06249370326353503,0.061866681127976164,0.06126475605145588,0.060687114032007584,0.060132943284966545,0.05960150650292449,0.059092147058850915,0.05860415449004526,0.058136925191942815,0.057689828799849206,0.057262349088351046,0.056851589910201436,0.05645910153077825,0.05608426201458172,0.05572696416269512,0.05538652939039936,0.055062608469196035,0.05475482397160077,0.0544628188811904,0.05418630335414592,0.05392500843213815,0.05367861800530189,0.05344690721794596,0.053229595237745876,0.053026497765540394,0.052837370170527774,0.052662061732662926,0.05250035705871455,0.052352004603607435,0.052217072799277404,0.052095355214464296,0.05198669751688125,0.05189109779107694,0.05180841224100144,0.051738604675362045,0.051681583261888625,0.051637403618023305,0.05160596950235565,0.05158731491171744,0.051581400590814355,0.051588358148046916,0.051608133886969006,0.051640829432683194,0.051686484572241946,0.051745238245681814,0.05181709627001435,0.051902266610837536,0.05200085178663191,0.05211302779274586,0.0522388947269618,0.05237875572940852,0.05253269813750222,0.05270102655685235,0.05288395638200025,0.05308179983409413,0.05329474395942113,0.05352318650220797,0.0537674103451899,0.05402782377093438,0.05430477741744279,0.054598685894903846,0.054910017909873814,0.055239203816337505,0.05558678744623082,0.05595328639013057,0.05633924949720723,0.05674533123539303,0.057172160519928406,0.05762041674318578,0.05809086923404009,0.058584281659991515,0.05910146996976348,0.05964334314831196,0.06021090858468855,0.060805124724569976,0.061427074517775467,0.06207794369028717,0.06275892961599341,0.06347137886281555,0.06421665545925519,0.06499628082145391,0.06581174215529227,0.06666491966939321,0.06755753854217983,0.06849156377191254,0.06946902551964852,0.07049241872620414,0.07156388219230811,0.07268592140996097,0.07386133854884745,0.07509304123057099,0.07638422517862582,0.07773802483163167,0.07915842054796739,0.08064916462933812,0.08221450562456768,0.08385878976233795,0.08558692065182784,0.0874039973393419,0.0893155557775499,0.09132753168069443,0.09344645075604643,0.09567929959396276,0.09803366679527127,0.10051753287932078,0.10313963711850441,0.10590943605750566,0.10883717297910375,0.11193387387038137,0.11521163682004634,0.11868327031828188,0.12236411151377842,0.12626919172733597,0.13041327768633143,0.1348138836293551,0.13949009970650397,0.14446261858420567,0.14975388074572654,0.15538823230363913,0.16139209538361782,0.16779414117001518,0.17462556646644478,0.18192031213995144,0.18971614326034636,0.19805226271034934,0.20697216880410932,0.21652316470662963,0.2267567022622745,0.237728765523369,0.2495002698204476,0.2621375227979572,0.27571275047590477,0.2903045914435003,0.30599875706018076,0.32288865707505193,0.34107614128542535,0.36067232409917366,0.38179842791613755,0.40458671755997594,0.4291815543391186,0.45574051784433667,0.4844356493510323,0.5154548407472797,0.5490033181758377,0.5853053114735225,0.6246058163903465,0.6671726051639351,0.7132983870238512,0.7633031917580909,0.8175369846353794],"ts":[0.0,0.05,0.1,0.15000000000000002,0.2,0.25,0.30000000000000004,0.35000000000000003,0.4,0.45,0.5,0.55,0.6000000000000001,0.65,0.7000000000000001,0.75,0.8,0.8500000000000001,0.9,0.9500000000000001,1.0,1.05,1.1,1.1500000000000001,1.2000000000000002,1.25,1.3,1.35,1.4000000000000001,1.4500000000000002,1.5,1.55,1.6,1.6500000000000001,1.7000000000000002,1.75,1.8,1.85,1.9000000000000001,1.9500000000000002,2.0,2.0500000000000003,2.1,2.15,2.2,2.25,2.3000000000000003,2.35,2.4000000000000004,2.45,2.5,2.5500000000000003,2.6,2.6500000000000004,2.7,2.75,2.8000000000000003,2.85,2.9000000000000004,2.95,3.0,3.0500000000000003,3.1,3.1500000000000004,3.2,3.25,3.3000000000000003,3.35,3.4000000000000004,3.45,3.5,3.5500000000000003,3.6,3.6500000000000004,3.7,3.75,3.8000000000000003,3.85,3.9000000000000004,3.95,4.0,4.05,4.1000000000000005,4.15,4.2,4.25,4.3,4.3500000000000005,4.4,4.45,4.5,4.55,4.6000000000000005,4.65,4.7,4.75,4.800000000000001,4.8500000000000005,4.9,4.95,5.0,5.050000000000001,5.1000000000000005,5.15,5.2,5.25,5.300000000000001,5.3500000000000005,5.4,5.45,5.5,5.550000000000001,5.6000000000000005,5.65,5.7,5.75,5.800000000000001,5.8500000000000005,5.9,5.95,6.0,6.050000000000001,6.1000000000000005,6.15,6.2,6.25,6.300000000000001,6.3500000000000005,6.4,6.45,6.5,6.550000000000001,6.6000000000000005,6.65,6.7,6.75,6.800000000000001,6.8500000000000005,6.9,6.95,7.0,7.050000000000001,7.1000000000000005,7.15,7.2,7.25,7.300000000000001,7.3500000000000005,7.4,7.45,7.5,7.550000000000001,7.6000000000000005,7.65,7.7,7.75,7.800000000000001,7.8500000000000005,7.9,7.95,8.0,8.05,8.1,8.15,8.200000000000001,8.25,8.3,8.35,8.4,8.450000000000001,8.5,8.55,8.6,8.65,8.700000000000001,8.75,8.8,8.85,8.9,8.950000000000001,9.0,9.05,9.1,9.15,9.200000000000001,9.25,9.3,9.35,9.4,9.450000000000001,9.5,9.55,9.600000000000001,9.65,9.700000000000001,9.75,9.8,9.850000000000001,9.9,9.950000000000001,10.0]}