{"bd":[1,1,2,4,8,16,31,40,40,40,40,40,40,40,40,40,40,40,40,40,40,40,40,40,40,40,40,40,40,40,40,40,40,40,40,40,40,40,40,40,40,40,40,40,40,40,40,40,40,40,40,40,40,40,40,40,40,40,40,40,40,40,40,40,40,40,40,40,40,40,40,40,40,40,40,40,40,40,40,40,40,40,40,40,40,40,40,40,40,40,40,40,40,40,40,40,40,40,40,40,40,40,40,40,40,40,40,40,40,40,40,40,40,40,40,40,40,40,40,40,40,40,40,40,40,40,40,40,40,40,40,40,40,40,40,40,40,40,40,40,40,40,40,40,40,40,40,40,40,40,40,40,40,40,40,40,40,40,40,40,40,40,40,40,40,40,40,40,40,40,40,40,40,40,40,40,40,40,40,40,40,40,40,40,40,40,40,40,40,40,40,40,40,40,40,40,31,16,8,4,2,1,1,1],"gf":[0.18317464926016722,0.17107109157192704,0.16020731713951175,0.15043710283773407,0.1416332171996582,0.13368480127925444,0.12649512902474336,0.11997971288304317,0.11406464210748399,0.10868516853706209,0.10378466224087551,0.0993132020413776,0.09522703036502951,0.09148727462183602,0.08806044451245108,0.08491674566750507,0.0820238563240291,0.079362499356525,0.0769119229138786,0.07465340856785257,0.07257043800358354,0.07064831593814093,0.06887403461566839,0.06723577234102979,0.06572342217155314,0.06432733742438007,0.0630397558273783,0.06185380647384082,0.060761157862742,0.0597574682455322,0.05883693582923123,0.057994252733417004,0.05722581794273011,0.0565271919001941,0.05589587270814466,0.05532875538786737,0.0548223115555339,0.05437593036625538,0.05398663481031263,0.053653173709339926,0.05337463089893837,0.05314918022472367,0.052976332988276274,0.05285565622099933,0.052786887253967,0.05276980761334888,0.052804539395175314,0.05289155581204069,0.053031428206555646,0.053225156866214936,0.05347356347052742,0.053778227022070545,0.05414074998789312,0.054563210903895036,0.05504586439746709,0.055593868827400195,0.0562102251260921,0.05689871036660382,0.05766310337364552,0.05850808671238266,0.059438901911491364,0.06046154807080007,0.06158283013710154,0.06281046234373712,0.06415325161573958,0.06562128271174318,0.06722596827337761,0.06898038736626065,0.07089947004406685,0.07300019156216514,0.07530230418600115,0.0778281104387617,0.08060337052935303,0.08365762018152618,0.08702510880290462,0.09074532994820592,0.09486408491744455,0.09943443034219718,0.10451818766301281,0.11018763250349702,0.11652666093028181,0.12363353161493264,0.13162347577349304,0.14063167502460275,0.1508169499732904,0.16237193516249246,0.1755112592303057,0.1904946476058824,0.2076296166144846,0.22727988979353414,0.2498764218437245,0.27592995152955163,0.3060472790639687,0.34095049408731026,0.3814985993176136,0.42871477318745543,0.4838189987343538,0.5482670291964669,0.6237974713227031,0.7124883815618728,0.8168253507398328],"ts":[0.0,0.1,0.2,0.30000000000000004,0.4,0.5,0.6000000000000001,0.7000000000000001,0.8,0.9,1.0,1.1,1.2000000000000002,1.3,1.4000000000000001,1.5,1.6,1.7000000000000002,1.8,1.9000000000000001,2.0,2.1,2.2,2.3000000000000003,2.4000000000000004,2.5,2.6,2.7,2.8000000000000003,2.9000000000000004,3.0,3.1,3.2,3.3000000000000003,3.4000000000000004,3.5,3.6,3.7,3.8000000000000003,3.9000000000000004,4.0,4.1000000000000005,4.2,4.3,4.4,4.5,4.6000000000000005,4.7,4.800000000000001,4.9,5.0,5.1000000000000005,5.2,5.300000000000001,5.4,5.5,5.6000000000000005,5.7,5.800000000000001,5.9,6.0,6.1000000000000005,6.2,6.300000000000001,6.4,6.5,6.6000000000000005,6.7,6.800000000000001,6.9,7.0,7.1000000000000005,7.2,7.300000000000001,7.4,7.5,7.6000000000000005,7.7,7.800000000000001,7.9,8.0,8.1,8.200000000000001,8.3,8.4,8.5,8.6,8.700000000000001,8.8,8.9,9.0,9.1,9.200000000000001,9.3,9.4,9.5,9.600000000000001,9.700000000000001,9.8,9.9,10.0]}