{"bd":[1,1,2,4,8,16,32,64,80,80,80,80,80,80,80,80,80,80,80,80,80,80,80,80,80,80,80,80,80,80,80,80,80,80,80,80,80,80,80,80,80,80,80,80,80,64,32,16,8,4,2,1,1,1],"gf":[0.18300798098660928,0.1441487483440464,0.11791687088740956,0.09971874409375955,0.08680221128576368,0.07748057832897295,0.07069709801722555,0.06577739342532672,0.062286572789341736,0.059947196413155435,0.05858626047404638,0.058108278594986434,0.05848458835400749,0.059746960498438424,0.06199328384069487,0.06541141133979472,0.07031694700601179,0.0772333659630596,0.0870335097626185,0.10123367045952258,0.12253038634164892,0.1559392908399864,0.21108488691264696,0.30700638639053585,0.48232335980606666,0.8169920190133907],"ts":[0.0,0.4,0.8,1.2000000000000002,1.6,2.0,2.4000000000000004,2.8000000000000003,3.2,3.6,4.0,4.4,4.800000000000001,5.2,5.6000000000000005,6.0,6.4,6.800000000000001,7.2,7.6000000000000005,8.0,8.4,8.8,9.200000000000001,9.600000000000001,10.0]}