{"bd":[1,1,2,4,8,16,32,61,70,70,70,70,70,70,70,70,70,70,70,70,70,70,70,70,70,70,70,70,70,70,70,70,70,70,70,70,70,70,70,70,70,70,70,70,70,70,70,70,70,70,70,70,70,70,70,70,70,70,70,70,70,70,70,70,70,70,70,70,70,70,70,70,70,70,70,70,70,70,70,70,70,70,70,70,70,70,70,70,70,70,70,70,70,70,70,58,32,16,8,4,2,1,1,1],"gf":[0.18430946602250978,0.16156479129984463,0.14311964600585814,0.128046943113377,0.1156397747414721,0.10535615409797741,0.09677816810297155,0.0895816863190344,0.08351392354908556,0.07837659019207105,0.07401319229007085,0.07029950983876616,0.06713716680864924,0.06444820565273121,0.0621678816981038,0.06024561109281597,0.058639753558544734,0.05732168352639709,0.05626652786509761,0.05544707113149574,0.05485215400603097,0.054473172020439345,0.054303761378433936,0.05434162671161963,0.0545876480322823,0.055047614856283004,0.05573083147776966,0.056651461167164,0.05782963623031128,0.05929276231429308,0.06107317710255651,0.06321715189819749,0.06578309319255889,0.06885351854783081,0.07252240919111118,0.07691455092825518,0.0821925056339947,0.08857988378520464,0.09636860249885676,0.10595255470268784,0.11786501176391087,0.13283266411424327,0.1518553929829718,0.17631694971975997,0.20814442964711277,0.25003748449725927,0.30579865975564774,0.3808105999577391,0.48272665831428263,0.6224697273397808,0.8156905339774903],"ts":[0.0,0.2,0.4,0.6000000000000001,0.8,1.0,1.2000000000000002,1.4000000000000001,1.6,1.8,2.0,2.2,2.4000000000000004,2.6,2.8000000000000003,3.0,3.2,3.4000000000000004,3.6,3.8000000000000003,4.0,4.2,4.4,4.6000000000000005,4.800000000000001,5.0,5.2,5.4,5.6000000000000005,5.800000000000001,6.0,6.2,6.4,6.6000000000000005,6.800000000000001,7.0,7.2,7.4,7.6000000000000005,7.800000000000001,8.0,8.200000000000001,8.4,8.6,8.8,9.0,9.200000000000001,9.4,9.600000000000001,9.8,10.0]}