{"bd":[1,1,2,4,8,16,32,48,85,84,90,90,90,90,90,90,90,90,90,90,90,90,90,90,90,90,90,90,90,90,90,90,90,90,90,90,90,90,90,90,90,90,90,90,90,90,90,90,90,90,90,90,90,90,90,90,90,90,90,90,90,90,90,90,90,90,90,90,90,90,90,90,90,90,90,90,90,90,90,90,90,90,90,90,90,90,90,90,90,90,90,90,90,90,90,90,90,90,90,90,90,90,90,90,90,90,90,90,90,90,90,90,90,90,90,90,90,90,90,90,90,90,90,90,90,90,90,90,90,90,90,90,90,90,90,90,90,90,90,90,90,90,90,90,90,90,90,90,90,90,90,90,90,90,90,90,90,90,90,90,90,90,90,90,90,90,90,90,90,90,90,90,90,90,90,90,90,90,90,90,90,90,90,90,90,90,90,90,90,90,90,90,90,77,80,45,31,16,8,4,2,1,1,1],"gf":[0.18388766723412028,0.17158386269807263,0.16054556523695196,0.15062313660258772,0.14168642116744462,0.1336220586858086,0.12633118411568814,0.11972745550948673,0.11373536472864981,0.10828878547801983,0.10332972821163668,0.09880726515402183,0.09467660863761593,0.09089831453490589,0.08743760621374085,0.08426377919353632,0.08134966530354963,0.07867122781677831,0.07620717736119112,0.07393864051467279,0.07184887516973547,0.06992302105664437,0.06814771648371726,0.06651087325430928,0.06500180847578174,0.06361096245833235,0.06232979560063356,0.06115065432184459,0.06006668725124228,0.059071828157439665,0.058160592352565196,0.05732812287279543,0.05657007141796575,0.055882595372083975,0.055262275445469605,0.05470608415559822,0.054211356806140636,0.05377577442004093,0.053397213173720905,0.05307403052643737,0.05280480675408044,0.05258839437846678,0.05242386111292133,0.05231057520198652,0.05224811774412544,0.05223633540999003,0.05227527739142541,0.05236527858672431,0.05250689322812268,0.05270097494263778,0.0529485896993948,0.0532511558098717,0.0536103270265182,0.05402814030717327,0.054506941490911655,0.05504964965622642,0.05565418694048213,0.056328291945912976,0.05707622074828624,0.05790718642767418,0.05882287136048555,0.05982885900317546,0.06093210242547646,0.06214049978106494,0.06346284439588518,0.06490923387792334,0.06649114894757409,0.06822162934789452,0.07011570968042068,0.07219048866333823,0.07446553381685017,0.07696333701619666,0.07970974749081314,0.0827345371649159,0.08607213048872953,0.08976222729001379,0.09385079800930221,0.09839128633981975,0.10344582876390114,0.10908680879828925,0.11539866087395954,0.12248012124852402,0.1304467785801868,0.13943421411183618,0.14960170170467393,0.16113661924442776,0.17425970946381542,0.18923150846432474,0.20635986915192128,0.22600909340343603,0.2486106632390518,0.2746763949269524,0.3048139157147086,0.33974556008088413,0.38033093817625174,0.4275938598269736,0.4827549880982873,0.5472709570014079,0.6228814905935257,0.7116660941398959,0.8161123327658797],"ts":[0.0,0.1,0.2,0.30000000000000004,0.4,0.5,0.6000000000000001,0.7000000000000001,0.8,0.9,1.0,1.1,1.2000000000000002,1.3,1.4000000000000001,1.5,1.6,1.7000000000000002,1.8,1.9000000000000001,2.0,2.1,2.2,2.3000000000000003,2.4000000000000004,2.5,2.6,2.7,2.8000000000000003,2.9000000000000004,3.0,3.1,3.2,3.3000000000000003,3.4000000000000004,3.5,3.6,3.7,3.8000000000000003,3.9000000000000004,4.0,4.1000000000000005,4.2,4.3,4.4,4.5,4.6000000000000005,4.7,4.800000000000001,4.9,5.0,5.1000000000000005,5.2,5.300000000000001,5.4,5.5,5.6000000000000005,5.7,5.800000000000001,5.9,6.0,6.1000000000000005,6.2,6.300000000000001,6.4,6.5,6.6000000000000005,6.7,6.800000000000001,6.9,7.0,7.1000000000000005,7.2,7.300000000000001,7.4,7.5,7.6000000000000005,7.7,7.800000000000001,7.9,8.0,8.1,8.200000000000001,8.3,8.4,8.5,8.6,8.700000000000001,8.8,8.9,9.0,9.1,9.200000000000001,9.3,9.4,9.5,9.600000000000001,9.700000000000001,9.8,9.9,10.0]}