{"bd":[1,1,2,4,8,16,20,20,20,20,20,20,20,20,20,20,20,20,20,20,20,20,20,20,20,20,20,20,20,20,20,20,20,20,20,20,20,20,20,20,20,20,20,20,20,20,20,20,20,20,20,20,20,20,20,20,20,20,20,20,20,20,20,20,20,20,20,20,20,20,20,20,20,20,20,20,20,20,20,20,20,20,20,20,20,20,20,20,20,20,20,20,20,20,20,20,20,16,8,4,2,1,1,1],"gf":[0.18650837362278408,0.16427060443165284,0.14616421219172504,0.13130299076430854,0.11901240180078394,0.10877534005719469,0.10019854469674203,0.09296929139778062,0.08683753902405411,0.08161988741739448,0.0771578749593077,0.07332286549288586,0.07001179645092051,0.06728385628568119,0.06498170704944971,0.06306104448149223,0.061482537260498495,0.06021095689671223,0.059223105009291614,0.05852336143399189,0.05803894650922421,0.05779197704021992,0.057771784407721585,0.057966282546252794,0.058398517960898774,0.05906867271515668,0.060020929561357905,0.061227802546180626,0.06270804935330627,0.06446030751105904,0.06655294300795896,0.06903444822104657,0.07199097259653842,0.07542547802544348,0.07947080497481517,0.08427529838229286,0.08993501942003668,0.0966959251453308,0.10486550618994031,0.11477292247401946,0.1269566506215186,0.14216338365770173,0.16134400475190103,0.18582415261745946,0.21748901034551638,0.2589768568828905,0.3139799880329948,0.3877441343996094,0.48772246184066204,0.6245502526591616,0.813491626377216],"ts":[0.0,0.2,0.4,0.6000000000000001,0.8,1.0,1.2000000000000002,1.4000000000000001,1.6,1.8,2.0,2.2,2.4000000000000004,2.6,2.8000000000000003,3.0,3.2,3.4000000000000004,3.6,3.8000000000000003,4.0,4.2,4.4,4.6000000000000005,4.800000000000001,5.0,5.2,5.4,5.6000000000000005,5.800000000000001,6.0,6.2,6.4,6.6000000000000005,6.800000000000001,7.0,7.2,7.4,7.6000000000000005,7.800000000000001,8.0,8.200000000000001,8.4,8.6,8.8,9.0,9.200000000000001,9.4,9.600000000000001,9.8,10.0]}