{"bd":[1,1,2,4,8,16,30,30,30,30,30,30,30,30,30,30,30,30,30,30,30,30,30,30,30,30,30,30,30,30,30,30,30,30,30,30,30,30,30,30,30,30,30,30,30,30,30,30,30,30,30,30,30,30,30,30,30,30,30,30,30,30,30,30,30,30,30,30,30,30,30,30,30,30,30,30,30,30,30,30,30,30,30,30,30,30,30,30,30,30,30,30,30,30,30,30,30,30,30,30,30,30,30,30,30,30,30,30,30,30,30,30,30,30,30,30,30,30,30,30,30,30,30,30,30,30,30,30,30,30,30,30,30,30,30,30,30,30,30,30,30,30,30,30,30,30,30,30,30,30,30,30,30,30,30,30,30,30,30,30,30,30,30,30,30,30,30,30,30,30,30,30,30,30,30,30,30,30,30,30,30,30,30,30,30,30,30,30,30,30,30,30,30,30,30,30,30,16,8,4,2,1,1,1],"gf":[0.18374976985104044,0.1716927863821249,0.1608630103971853,0.1511161307337447,0.14232657379376318,0.13438448537165876,0.12719460417880388,0.1206736108159933,0.11474850993933541,0.10935496358641895,0.10443734753617083,0.09994626530849669,0.09583858167711737,0.09207677201473802,0.08862673007875452,0.08545891543977537,0.08254611109618598,0.07986429702595017,0.07739352735460918,0.07511662478866347,0.07301544869005423,0.07107626943418056,0.0692853891503865,0.06763102486738246,0.06610504817349695,0.06469830152050159,0.06340240661085647,0.06220995218628594,0.061115485330274076,0.060114061596368173,0.059197514609214734,0.0583623839852353,0.057604435787383064,0.056920013865276384,0.056305845026334185,0.055759077871051915,0.05527714453167275,0.05485808796805517,0.054500140508705525,0.05420166948513096,0.05396126362392685,0.05377766644469951,0.05364992263454758,0.05357739132392676,0.05355973231910357,0.05359686752489757,0.0536884546588167,0.053834795421754046,0.0540363291780229,0.05429379054134441,0.05460775366186935,0.05497940394220609,0.05540996074463351,0.05590122093827933,0.05645464753830635,0.0570725662285549,0.05775750324440165,0.058512721139964544,0.05934176597171765,0.06024930605007195,0.061240223628677454,0.062320184704740135,0.06349523190541073,0.0647710816459471,0.0661523735338476,0.06765265424119367,0.06928552285010899,0.07106360099006921,0.07299996745733628,0.07511066845442693,0.07741348472169804,0.07993094288851384,0.08268620462386843,0.08570843864495116,0.08903030420068282,0.09269063864541884,0.0967350495423449,0.10121786033563544,0.10620125057215157,0.11175769232083221,0.11797213927570606,0.12494435828457987,0.1327917291051512,0.14165239556334383,0.15168786808143347,0.16308816007440524,0.17607687381894283,0.19091397833140028,0.20790711490062236,0.2274209149220434,0.24988771328071505,0.2758191307823561,0.30582366592551763,0.3406235356380303,0.3810793582349268,0.42821643820317506,0.4832572946695995,0.5476610823359791,0.6231707097114387,0.7118697067182733,0.8162502301489596],"ts":[0.0,0.1,0.2,0.30000000000000004,0.4,0.5,0.6000000000000001,0.7000000000000001,0.8,0.9,1.0,1.1,1.2000000000000002,1.3,1.4000000000000001,1.5,1.6,1.7000000000000002,1.8,1.9000000000000001,2.0,2.1,2.2,2.3000000000000003,2.4000000000000004,2.5,2.6,2.7,2.8000000000000003,2.9000000000000004,3.0,3.1,3.2,3.3000000000000003,3.4000000000000004,3.5,3.6,3.7,3.8000000000000003,3.9000000000000004,4.0,4.1000000000000005,4.2,4.3,4.4,4.5,4.6000000000000005,4.7,4.800000000000001,4.9,5.0,5.1000000000000005,5.2,5.300000000000001,5.4,5.5,5.6000000000000005,5.7,5.800000000000001,5.9,6.0,6.1000000000000005,6.2,6.300000000000001,6.4,6.5,6.6000000000000005,6.7,6.800000000000001,6.9,7.0,7.1000000000000005,7.2,7.300000000000001,7.4,7.5,7.6000000000000005,7.7,7.800000000000001,7.9,8.0,8.1,8.200000000000001,8.3,8.4,8.5,8.6,8.700000000000001,8.8,8.9,9.0,9.1,9.200000000000001,9.3,9.4,9.5,9.600000000000001,9.700000000000001,9.8,9.9,10.0]}