{"bd":[1,1,2,4,8,16,32,61,90,90,90,90,90,90,90,90,90,90,90,90,90,90,90,90,90,90,90,90,90,90,90,90,90,90,90,90,90,90,90,90,90,90,90,90,90,90,90,90,90,90,90,90,90,90,90,90,90,90,90,90,90,90,90,90,90,90,90,90,90,90,90,90,90,90,90,90,90,90,90,90,90,90,90,90,90,90,90,90,90,90,90,90,90,90,90,59,32,16,8,4,2,1,1,1],"gf":[0.1845167841852327,0.1616931861672706,0.14319163836199372,0.1280794465731662,0.11564548805317895,0.10534456027644289,0.09675623146099348,0.08955445746478431,0.08348494196644479,0.07834825682382497,0.07398709729828455,0.0702767998438623,0.0671182015534617,0.06443209139676166,0.0621549838515369,0.060236024262314294,0.0586346744061127,0.05731856387508766,0.05626223998522421,0.055446009377311964,0.054854493670164026,0.054477986856033715,0.05431024314178137,0.054348926587165725,0.05459576031549645,0.055056090779806936,0.05573964779891011,0.056661228671991075,0.05784095304905254,0.05930576681219392,0.06109056816783108,0.06324039611798761,0.06581366741975021,0.06888504103539582,0.07255172431368938,0.07694016058491933,0.08221665875021036,0.08860055453368856,0.09638432641586966,0.10596110309265185,0.11786243887584413,0.13281534733592268,0.15181903005069103,0.17625670443359298,0.2080553304285892,0.24991528122492782,0.30564114182854446,0.3806152062930843,0.4825026835245196,0.6222359163280186,0.8154832158147673],"ts":[0.0,0.2,0.4,0.6000000000000001,0.8,1.0,1.2000000000000002,1.4000000000000001,1.6,1.8,2.0,2.2,2.4000000000000004,2.6,2.8000000000000003,3.0,3.2,3.4000000000000004,3.6,3.8000000000000003,4.0,4.2,4.4,4.6000000000000005,4.800000000000001,5.0,5.2,5.4,5.6000000000000005,5.800000000000001,6.0,6.2,6.4,6.6000000000000005,6.800000000000001,7.0,7.2,7.4,7.6000000000000005,7.800000000000001,8.0,8.200000000000001,8.4,8.6,8.8,9.0,9.200000000000001,9.4,9.600000000000001,9.8,10.0]}