{"bd":[1,1,2,4,8,16,32,50,50,50,50,50,50,50,50,50,50,50,50,50,50,50,50,50,50,50,50,50,50,50,50,50,50,50,50,50,50,50,50,50,50,50,50,50,50,50,32,16,8,4,2,1,1,1],"gf":[0.18279041542112032,0.1440686177853597,0.11790623499663835,0.0997405573874301,0.08683680234716172,0.07751745327886338,0.07073173359297688,0.06580697907625481,0.062308083060245864,0.05995778433645246,0.05858290687201846,0.058090283056673034,0.05844302550825505,0.05970280591935402,0.06192951315425874,0.06533362788889252,0.07023431685185806,0.07714358518503696,0.08694681493396066,0.10115553396095117,0.12247525530338729,0.15592408730976284,0.21112589335213466,0.3071157268221856,0.48250155064706457,0.8172095845788797],"ts":[0.0,0.4,0.8,1.2000000000000002,1.6,2.0,2.4000000000000004,2.8000000000000003,3.2,3.6,4.0,4.4,4.800000000000001,5.2,5.6000000000000005,6.0,6.4,6.800000000000001,7.2,7.6000000000000005,8.0,8.4,8.8,9.200000000000001,9.600000000000001,10.0]}