{"bd":[1,1,2,4,8,16,30,30,30,30,30,30,30,30,30,30,30,30,30,30,30,30,30,30,30,30,30,30,30,30,30,30,30,30,30,30,30,30,30,30,30,30,30,30,30,30,30,16,8,4,2,1,1,1],"gf":[0.18268594440250924,0.14435429392577556,0.11835896467949147,0.10025910140689027,0.08739063540236963,0.07809561415831354,0.07130741854838882,0.0663589835081984,0.06283455342745052,0.060454510071669375,0.05904261642237566,0.05849909981554431,0.058808276785217724,0.060011328254621965,0.06220233846974883,0.06559751793241965,0.07046246586303066,0.07736301134507817,0.08716226835074072,0.10137197409429025,0.12272178077057275,0.1562058421510944,0.21137923743164733,0.3073439082983434,0.4826791020979085,0.8173140555974907],"ts":[0.0,0.4,0.8,1.2000000000000002,1.6,2.0,2.4000000000000004,2.8000000000000003,3.2,3.6,4.0,4.4,4.800000000000001,5.2,5.6000000000000005,6.0,6.4,6.800000000000001,7.2,7.6000000000000005,8.0,8.4,8.8,9.200000000000001,9.600000000000001,10.0]}