{"bd":[1,1,2,4,8,16,32,64,70,70,70,70,70,70,70,70,70,70,70,70,70,70,70,70,70,70,70,70,70,70,70,70,70,70,70,70,70,70,70,70,70,70,70,70,70,64,32,16,8,4,2,1,1,1],"gf":[0.1829400711450544,0.14412916688852348,0.11792200007924708,0.0997352263216142,0.0868228934221786,0.07750183552113393,0.07071736774636085,0.06579748369038695,0.062308249052183684,0.059969360682983856,0.05860858655683466,0.05813134165880998,0.05850769190261648,0.05976783981764906,0.06201159978673515,0.06542551262557421,0.07032755227050785,0.07724116916182824,0.08704168756032893,0.10124210680354387,0.12254510018210454,0.15596335622700871,0.2111210509878686,0.3070566903026375,0.4823862170553707,0.8170599288549456],"ts":[0.0,0.4,0.8,1.2000000000000002,1.6,2.0,2.4000000000000004,2.8000000000000003,3.2,3.6,4.0,4.4,4.800000000000001,5.2,5.6000000000000005,6.0,6.4,6.800000000000001,7.2,7.6000000000000005,8.0,8.4,8.8,9.200000000000001,9.600000000000001,10.0]}