{"bd":[1,1,2,4,8,16,32,48,50,50,50,50,50,50,50,50,50,50,50,50,50,50,50,50,50,50,50,50,50,50,50,50,50,50,50,50,50,50,50,50,50,50,50,50,50,50,50,50,50,50,50,50,50,50,50,50,50,50,50,50,50,50,50,50,50,50,50,50,50,50,50,50,50,50,50,50,50,50,50,50,50,50,50,50,50,50,50,50,50,50,50,50,50,50,50,50,50,50,50,50,50,50,50,50,50,50,50,50,50,50,50,50,50,50,50,50,50,50,50,50,50,50,50,50,50,50,50,50,50,50,50,50,50,50,50,50,50,50,50,50,50,50,50,50,50,50,50,50,50,50,50,50,50,50,50,50,50,50,50,50,50,50,50,50,50,50,50,50,50,50,50,50,50,50,50,50,50,50,50,50,50,50,50,50,50,50,50,50,50,50,50,50,50,50,50,45,31,16,8,4,2,1,1,1],"gf":[0.18281678618176309,0.17072615652416648,0.15987548430615706,0.15011840002660026,0.14132754959686014,0.13339198238743377,0.1262148787606441,0.11971162861741937,0.11380829146813648,0.10844003002391507,0.10354998214628856,0.09908817344505264,0.09501075867425482,0.09127886876702375,0.08785830754990151,0.08471881401536681,0.08183396531879855,0.07918017824816302,0.07673650228114177,0.07448428524314257,0.07240729177796014,0.07049051186679699,0.06872105565390119,0.06708722086648068,0.06557858144766299,0.06418592637914616,0.06290089951832334,0.06171617539935977,0.060624984279397394,0.05962171019913272,0.058700611653180974,0.05785721299503713,0.057087799105465215,0.05638785893188351,0.05575479967568438,0.05518488014638791,0.05467672476580271,0.05422629851906512,0.05383254948750508,0.053494145575283716,0.053209605390017824,0.052977683235938204,0.05279748300776855,0.05266876104230522,0.05259172899977427,0.05256585540962247,0.0525915848688181,0.05266916552221884,0.052799448441515434,0.0529829675671484,0.05322111296517342,0.05351526923322828,0.05386730054385645,0.0542791148384118,0.05475311442585197,0.05529215256390838,0.055899513264135225,0.056578799513271674,0.05733413284982978,0.0581704888228354,0.05909306284432411,0.06010798935998511,0.061222219125644954,0.06244383477681647,0.06378176197906403,0.06524627885506912,0.06684894829765883,0.06860287970771237,0.07052277264302229,0.07262608328046347,0.07493252516314813,0.07746445926494663,0.08024768827746857,0.08331167948539803,0.08669047559082414,0.09042413747289235,0.09455898770869367,0.0991480883658807,0.10425349839215223,0.10994688490787598,0.11631316533527895,0.12345066842183956,0.13147490838041276,0.14052137294001488,0.15074815680770393,0.16234255426554203,0.1755248950074796,0.1905548641748823,0.2077389904561987,0.22744080859172136,0.2500898218114971,0.27619680760364723,0.3063673122886631,0.3413209504063947,0.3819146678157875,0.42916849651424965,0.48429870217034093,0.5487564576374373,0.624274697601629,0.7129245379780172,0.8171832138182369],"ts":[0.0,0.1,0.2,0.30000000000000004,0.4,0.5,0.6000000000000001,0.7000000000000001,0.8,0.9,1.0,1.1,1.2000000000000002,1.3,1.4000000000000001,1.5,1.6,1.7000000000000002,1.8,1.9000000000000001,2.0,2.1,2.2,2.3000000000000003,2.4000000000000004,2.5,2.6,2.7,2.8000000000000003,2.9000000000000004,3.0,3.1,3.2,3.3000000000000003,3.4000000000000004,3.5,3.6,3.7,3.8000000000000003,3.9000000000000004,4.0,4.1000000000000005,4.2,4.3,4.4,4.5,4.6000000000000005,4.7,4.800000000000001,4.9,5.0,5.1000000000000005,5.2,5.300000000000001,5.4,5.5,5.6000000000000005,5.7,5.800000000000001,5.9,6.0,6.1000000000000005,6.2,6.300000000000001,6.4,6.5,6.6000000000000005,6.7,6.800000000000001,6.9,7.0,7.1000000000000005,7.2,7.300000000000001,7.4,7.5,7.6000000000000005,7.7,7.800000000000001,7.9,8.0,8.1,8.200000000000001,8.3,8.4,8.5,8.6,8.700000000000001,8.8,8.9,9.0,9.1,9.200000000000001,9.3,9.4,9.5,9.600000000000001,9.700000000000001,9.8,9.9,10.0]}