0.000000000000000000e+00 2.964825574000000061e-02
2.500000000000000052e-03 2.932591651999999841e-02
5.000000000000000104e-03 2.919173620999999941e-02
7.499999999999999722e-03 2.924571482000000097e-02
1.000000000000000021e-02 2.914162354999999885e-02
1.250000000000000069e-02 2.914851348999999980e-02
1.499999999999999944e-02 2.909013192999999886e-02
1.750000000000000167e-02 2.908217163000000050e-02
2.000000000000000042e-02 2.907260882000000171e-02
2.249999999999999917e-02 2.897112823000000045e-02
2.500000000000000139e-02 2.896440801000000134e-02
2.750000000000000014e-02 2.893883119000000004e-02
2.999999999999999889e-02 2.887373505000000173e-02
3.250000000000000111e-02 2.889494131999999910e-02
3.500000000000000333e-02 2.882992831999999991e-02
3.749999999999999861e-02 2.879895355999999990e-02
4.000000000000000083e-02 2.872660176000000135e-02
4.250000000000000305e-02 2.871235232999999956e-02
4.499999999999999833e-02 2.872633629999999869e-02
4.750000000000000056e-02 2.870385833999999914e-02
5.000000000000000278e-02 2.864880401000000076e-02
5.249999999999999806e-02 2.858933607999999960e-02
5.500000000000000028e-02 2.854616765999999986e-02
5.750000000000000250e-02 2.853618415999999852e-02
5.999999999999999778e-02 2.845715169000000155e-02
6.250000000000000000e-02 2.841605092000000152e-02
6.500000000000000222e-02 2.837733317000000130e-02
6.750000000000000444e-02 2.839292460999999837e-02
7.000000000000000666e-02 2.833701433000000020e-02
7.249999999999999500e-02 2.826798984000000042e-02
7.499999999999999722e-02 2.827552591000000171e-02
7.749999999999999944e-02 2.828949953999999878e-02
8.000000000000000167e-02 2.822222023000000093e-02
8.250000000000000389e-02 2.819588245000000104e-02
8.500000000000000611e-02 2.810905404999999857e-02
8.749999999999999445e-02 2.809078959000000167e-02
8.999999999999999667e-02 2.805606752999999925e-02
9.249999999999999889e-02 2.804747138999999848e-02
9.500000000000000111e-02 2.798004224999999998e-02
9.750000000000000333e-02 2.796693571000000156e-02
1.000000000000000056e-01 2.794617802000000026e-02
1.024999999999999939e-01 2.787180439000000107e-02
1.049999999999999961e-01 2.784507166000000158e-02
1.074999999999999983e-01 2.782293578999999947e-02
1.100000000000000006e-01 2.771922699999999906e-02
1.125000000000000028e-01 2.778480197999999915e-02
1.150000000000000050e-01 2.772423829999999881e-02
1.174999999999999933e-01 2.767507160000000008e-02
1.199999999999999956e-01 2.766411762999999857e-02
1.224999999999999978e-01 2.761118657000000143e-02
1.250000000000000000e-01 2.761982203999999858e-02
1.275000000000000022e-01 2.747226306999999909e-02
1.300000000000000044e-01 2.753062070000000111e-02
1.325000000000000067e-01 2.741682930000000074e-02
1.350000000000000089e-01 2.745626778999999892e-02
1.375000000000000111e-01 2.744307106000000093e-02
1.400000000000000133e-01 2.744718686000000019e-02
1.424999999999999878e-01 2.740192785000000048e-02
1.449999999999999900e-01 2.725498834000000120e-02
1.474999999999999922e-01 2.729260165000000141e-02
1.499999999999999944e-01 2.723086343999999923e-02
1.524999999999999967e-01 2.724149617000000065e-02
1.549999999999999989e-01 2.716698240000000111e-02
1.575000000000000011e-01 2.717684149999999993e-02
1.600000000000000033e-01 2.717693784999999917e-02
1.625000000000000056e-01 2.709122132000000086e-02
1.650000000000000078e-01 2.705911701000000141e-02
1.675000000000000100e-01 2.698998212999999952e-02
1.700000000000000122e-01 2.699147390000000007e-02
1.724999999999999867e-01 2.694095872000000155e-02
1.749999999999999889e-01 2.691169937000000012e-02
1.774999999999999911e-01 2.694724748999999947e-02
1.799999999999999933e-01 2.686660897000000062e-02
1.824999999999999956e-01 2.680283221999999951e-02
1.849999999999999978e-01 2.678457723999999943e-02
1.875000000000000000e-01 2.671983849999999897e-02
1.900000000000000022e-01 2.670586913000000048e-02
1.925000000000000044e-01 2.674127287999999991e-02
1.950000000000000067e-01 2.665174252000000049e-02
1.975000000000000089e-01 2.665145363999999947e-02
2.000000000000000111e-01 2.659988753000000136e-02
2.025000000000000133e-01 2.656194203000000059e-02
2.049999999999999878e-01 2.655320636000000137e-02
2.074999999999999900e-01 2.648707608000000144e-02
2.099999999999999922e-01 2.646800254000000047e-02
2.124999999999999944e-01 2.641768316000000019e-02
2.149999999999999967e-01 2.641078938000000070e-02
2.174999999999999989e-01 2.635396502999999904e-02
2.200000000000000011e-01 2.636598566000000060e-02
2.225000000000000033e-01 2.636069970000000026e-02
2.250000000000000056e-01 2.626804674999999936e-02
2.275000000000000078e-01 2.624540086000000036e-02
2.300000000000000100e-01 2.623158860999999856e-02
2.325000000000000122e-01 2.617984980999999919e-02
2.349999999999999867e-01 2.618508375999999832e-02
2.374999999999999889e-01 2.607449388000000062e-02
2.399999999999999911e-01 2.608482851999999880e-02
2.424999999999999933e-01 2.608525046000000069e-02
2.449999999999999956e-01 2.600279389000000052e-02
2.474999999999999978e-01 2.600626166999999919e-02
2.500000000000000000e-01 2.592089325000000027e-02
2.525000000000000022e-01 2.591596246000000062e-02
2.550000000000000044e-01 2.586379306999999836e-02
2.575000000000000067e-01 2.593059434999999899e-02
2.600000000000000089e-01 2.588866692000000094e-02
2.625000000000000111e-01 2.583380662000000008e-02
2.650000000000000133e-01 2.577285538999999834e-02
2.675000000000000155e-01 2.579523134999999953e-02
2.700000000000000178e-01 2.569953185999999945e-02
2.725000000000000200e-01 2.569167361000000011e-02
2.750000000000000222e-01 2.567630678999999888e-02
2.775000000000000244e-01 2.564645618999999988e-02
2.800000000000000266e-01 2.560338733000000130e-02
2.824999999999999734e-01 2.554440792999999876e-02
2.849999999999999756e-01 2.552671907999999948e-02
2.874999999999999778e-01 2.553671602999999998e-02
2.899999999999999800e-01 2.555543870999999953e-02
2.924999999999999822e-01 2.545814701000000124e-02
2.949999999999999845e-01 2.547191405999999977e-02
2.974999999999999867e-01 2.542666547999999915e-02
2.999999999999999889e-01 2.535407711000000133e-02
3.024999999999999911e-01 2.532266618999999899e-02
3.049999999999999933e-01 2.531070368999999848e-02
3.074999999999999956e-01 2.533143104000000131e-02
3.099999999999999978e-01 2.523505120000000060e-02
3.125000000000000000e-01 2.519740307999999984e-02
3.150000000000000022e-01 2.524919678000000015e-02
3.175000000000000044e-01 2.515239366000000115e-02
3.200000000000000067e-01 2.511221850999999922e-02
3.225000000000000089e-01 2.508921910000000075e-02
3.250000000000000111e-01 2.508548941999999907e-02
3.275000000000000133e-01 2.505703825000000010e-02
3.300000000000000155e-01 2.502164098999999989e-02
3.325000000000000178e-01 2.494087663000000080e-02
3.350000000000000200e-01 2.497190300000000016e-02
3.375000000000000222e-01 2.494558804000000102e-02
3.400000000000000244e-01 2.485821317000000072e-02
3.425000000000000266e-01 2.488220067000000008e-02
3.449999999999999734e-01 2.482260531999999978e-02
3.474999999999999756e-01 2.484737373000000041e-02
3.499999999999999778e-01 2.478613253999999849e-02
3.524999999999999800e-01 2.479803013999999986e-02
3.549999999999999822e-01 2.473769304000000141e-02
3.574999999999999845e-01 2.469161879000000143e-02
3.599999999999999867e-01 2.466128358999999937e-02
3.624999999999999889e-01 2.462596319999999991e-02
3.649999999999999911e-01 2.464083121999999931e-02
3.674999999999999933e-01 2.454326495999999830e-02
3.699999999999999956e-01 2.450678186000000008e-02
3.724999999999999978e-01 2.456013005000000013e-02
3.750000000000000000e-01 2.448831388000000109e-02
3.775000000000000022e-01 2.447978950999999889e-02
3.800000000000000044e-01 2.440357572000000086e-02
3.825000000000000067e-01 2.443783240999999884e-02
3.850000000000000089e-01 2.440993777000000087e-02
3.875000000000000111e-01 2.436449510999999860e-02
3.900000000000000133e-01 2.428931130000000146e-02
3.925000000000000155e-01 2.435432010000000008e-02
3.950000000000000178e-01 2.429478939000000171e-02
3.975000000000000200e-01 2.422922510999999876e-02
4.000000000000000222e-01 2.422294873999999987e-02
4.025000000000000244e-01 2.420271649000000150e-02
4.050000000000000266e-01 2.420019387000000091e-02
4.074999999999999734e-01 2.420268995999999909e-02
4.099999999999999756e-01 2.412895065000000144e-02
4.124999999999999778e-01 2.411948301999999877e-02
4.149999999999999800e-01 2.405996730999999944e-02
4.174999999999999822e-01 2.398905650000000139e-02
4.199999999999999845e-01 2.399966946000000115e-02
4.224999999999999867e-01 2.395018978999999965e-02
4.249999999999999889e-01 2.398733906000000138e-02
4.274999999999999911e-01 2.393485543999999965e-02
4.299999999999999933e-01 2.391179625999999975e-02
4.324999999999999956e-01 2.387078516000000136e-02
4.349999999999999978e-01 2.386690053999999950e-02
4.375000000000000000e-01 2.380036699999999936e-02
4.400000000000000022e-01 2.375196305000000160e-02
4.425000000000000044e-01 2.378094475000000138e-02
4.450000000000000067e-01 2.370832481000000047e-02
4.475000000000000089e-01 2.371611754999999877e-02
4.500000000000000111e-01 2.364784546000000057e-02
4.525000000000000133e-01 2.365047684000000025e-02
4.550000000000000155e-01 2.361625243000000166e-02
4.575000000000000178e-01 2.362223700000000079e-02
4.600000000000000200e-01 2.357253202999999922e-02
4.625000000000000222e-01 2.357897579000000146e-02
4.650000000000000244e-01 2.348683304999999930e-02
4.675000000000000266e-01 2.348851190000000172e-02
4.699999999999999734e-01 2.342351612000000138e-02
4.724999999999999756e-01 2.343868787999999967e-02
4.749999999999999778e-01 2.338415744000000088e-02
4.774999999999999800e-01 2.336118443999999836e-02
4.799999999999999822e-01 2.336695117000000058e-02
4.824999999999999845e-01 2.331581443999999892e-02
4.849999999999999867e-01 2.328593428000000007e-02
4.874999999999999889e-01 2.327103943999999855e-02
4.899999999999999911e-01 2.323013587999999893e-02
4.924999999999999933e-01 2.321309087999999868e-02
4.949999999999999956e-01 2.321472264000000105e-02
4.974999999999999978e-01 2.314943817000000154e-02
5.000000000000000000e-01 2.313420995999999896e-02
5.024999999999999467e-01 2.311216391000000051e-02
5.050000000000000044e-01 2.312724468999999977e-02
5.074999999999999512e-01 2.306617680000000101e-02
5.100000000000000089e-01 2.304390696999999988e-02
5.124999999999999556e-01 2.297071782000000006e-02
5.150000000000000133e-01 2.299093498999999971e-02
5.174999999999999600e-01 2.297701431999999919e-02
5.200000000000000178e-01 2.292571640000000063e-02
5.224999999999999645e-01 2.294385725000000140e-02
5.250000000000000222e-01 2.288762533999999862e-02
5.274999999999999689e-01 2.281947881999999914e-02
5.300000000000000266e-01 2.284163557999999844e-02
5.324999999999999734e-01 2.279691110000000090e-02
5.350000000000000311e-01 2.281991375000000030e-02
5.374999999999999778e-01 2.272250367999999882e-02
5.400000000000000355e-01 2.273867216000000080e-02
5.424999999999999822e-01 2.271108855000000121e-02
5.450000000000000400e-01 2.267986816999999905e-02
5.474999999999999867e-01 2.262360935000000059e-02
5.500000000000000444e-01 2.260329408999999998e-02
5.524999999999999911e-01 2.261569312999999956e-02
5.550000000000000488e-01 2.258913564000000068e-02
5.574999999999999956e-01 2.259475077000000151e-02
5.600000000000000533e-01 2.251437616999999933e-02
5.625000000000000000e-01 2.248179973999999900e-02
5.649999999999999467e-01 2.248590934999999957e-02
5.675000000000000044e-01 2.246795298000000066e-02
5.699999999999999512e-01 2.243819195999999933e-02
5.725000000000000089e-01 2.239718653999999906e-02
5.749999999999999556e-01 2.240743883999999839e-02
5.775000000000000133e-01 2.234190850000000034e-02
5.799999999999999600e-01 2.229128996999999932e-02
5.825000000000000178e-01 2.228583640000000171e-02
5.849999999999999645e-01 2.227409024999999973e-02
5.875000000000000222e-01 2.220137456000000065e-02
5.899999999999999689e-01 2.223263282000000063e-02
5.925000000000000266e-01 2.218105529000000131e-02
5.949999999999999734e-01 2.221326938999999834e-02
5.975000000000000311e-01 2.215808564999999924e-02
5.999999999999999778e-01 2.212812957999999927e-02
6.025000000000000355e-01 2.211937957000000010e-02
6.049999999999999822e-01 2.210358990000000148e-02
6.075000000000000400e-01 2.206917626000000007e-02
6.099999999999999867e-01 2.206715974999999899e-02
6.125000000000000444e-01 2.201828872000000104e-02
6.149999999999999911e-01 2.199344225999999916e-02
6.175000000000000488e-01 2.197581582000000117e-02
6.199999999999999956e-01 2.195838622000000073e-02
6.225000000000000533e-01 2.191582351000000151e-02
6.250000000000000000e-01 2.188576382000000098e-02
6.274999999999999467e-01 2.186015789999999973e-02
6.300000000000000044e-01 2.182761370000000159e-02
6.324999999999999512e-01 2.183259703000000121e-02
6.350000000000000089e-01 2.180456658000000034e-02
6.374999999999999556e-01 2.174821289000000019e-02
6.400000000000000133e-01 2.175814141000000090e-02
6.424999999999999600e-01 2.172469679999999848e-02
6.450000000000000178e-01 2.169283442000000117e-02
6.474999999999999645e-01 2.168331603000000010e-02
6.500000000000000222e-01 2.166465935000000051e-02
6.524999999999999689e-01 2.164503048000000068e-02
6.550000000000000266e-01 2.156009788000000024e-02
6.574999999999999734e-01 2.158003470000000035e-02
6.600000000000000311e-01 2.156922848000000087e-02
6.624999999999999778e-01 2.156902641000000079e-02
6.650000000000000355e-01 2.154799991000000067e-02
6.674999999999999822e-01 2.148200720000000008e-02
6.700000000000000400e-01 2.146237637999999850e-02
6.724999999999999867e-01 2.141426675000000085e-02
6.750000000000000444e-01 2.142318064000000091e-02
6.774999999999999911e-01 2.137882656999999867e-02
6.800000000000000488e-01 2.137288753999999971e-02
6.824999999999999956e-01 2.133998049000000036e-02
6.850000000000000533e-01 2.132922275000000145e-02
6.875000000000000000e-01 2.131523293000000055e-02
6.899999999999999467e-01 2.120652877000000006e-02
6.925000000000000044e-01 2.125158721999999972e-02
6.949999999999999512e-01 2.122719690999999922e-02
6.975000000000000089e-01 2.120301876000000099e-02
6.999999999999999556e-01 2.117764659000000160e-02
7.025000000000000133e-01 2.113826099000000111e-02
7.049999999999999600e-01 2.112696757999999939e-02
7.075000000000000178e-01 2.111886187999999914e-02
7.099999999999999645e-01 2.107930778000000061e-02
7.125000000000000222e-01 2.105199762999999946e-02
7.149999999999999689e-01 2.099896465000000018e-02
7.175000000000000266e-01 2.101505535999999980e-02
7.199999999999999734e-01 2.100517656000000163e-02
7.225000000000000311e-01 2.094010929999999895e-02
7.249999999999999778e-01 2.090437975000000032e-02
7.275000000000000355e-01 2.091484442999999929e-02
7.299999999999999822e-01 2.091195947000000152e-02
7.325000000000000400e-01 2.087355454999999943e-02
7.349999999999999867e-01 2.083959940999999955e-02
7.375000000000000444e-01 2.080285448000000065e-02
7.399999999999999911e-01 2.077960744000000026e-02
7.425000000000000488e-01 2.078060536999999999e-02
7.449999999999999956e-01 2.078041731000000031e-02
7.475000000000000533e-01 2.076295032000000096e-02
7.500000000000000000e-01 2.070020561000000120e-02
7.524999999999999467e-01 2.073077535000000110e-02
7.550000000000000044e-01 2.065561034000000171e-02
7.574999999999999512e-01 2.069126107999999867e-02
7.600000000000000089e-01 2.062914534999999924e-02
7.624999999999999556e-01 2.060953299999999933e-02
7.650000000000000133e-01 2.058811060000000082e-02
7.674999999999999600e-01 2.055893942999999918e-02
7.700000000000000178e-01 2.054866678999999960e-02
7.724999999999999645e-01 2.053423579000000082e-02
7.750000000000000222e-01 2.054013380999999971e-02
7.774999999999999689e-01 2.050052403000000162e-02
7.800000000000000266e-01 2.041616981999999983e-02
7.824999999999999734e-01 2.041730539000000122e-02
7.850000000000000311e-01 2.041328364999999909e-02
7.874999999999999778e-01 2.039003514999999933e-02
7.900000000000000355e-01 2.035756945999999887e-02
7.924999999999999822e-01 2.035581048000000004e-02
7.950000000000000400e-01 2.032568259000000141e-02
7.974999999999999867e-01 2.025895888000000047e-02
8.000000000000000444e-01 2.031084179999999989e-02
8.024999999999999911e-01 2.027979347999999890e-02
8.050000000000000488e-01 2.024451883999999965e-02
8.074999999999999956e-01 2.021628698000000127e-02
8.100000000000000533e-01 2.020480566999999922e-02
8.125000000000000000e-01 2.018296806000000054e-02
8.149999999999999467e-01 2.014743754000000026e-02
8.175000000000000044e-01 2.008312136000000095e-02
8.199999999999999512e-01 2.014123217999999951e-02
8.225000000000000089e-01 2.004993449000000080e-02
8.249999999999999556e-01 2.004772909000000075e-02
8.275000000000000133e-01 2.002837685999999881e-02
8.299999999999999600e-01 1.999528994000000087e-02
8.325000000000000178e-01 2.005233738000000016e-02
8.349999999999999645e-01 1.998879698000000094e-02
8.375000000000000222e-01 1.996668482000000036e-02
8.399999999999999689e-01 1.988978503999999994e-02
8.425000000000000266e-01 1.988751840999999909e-02
8.449999999999999734e-01 1.987401747999999885e-02
8.475000000000000311e-01 1.987006490999999875e-02
8.499999999999999778e-01 1.983473880999999869e-02
8.525000000000000355e-01 1.982331128999999942e-02
8.549999999999999822e-01 1.978852811999999919e-02
8.575000000000000400e-01 1.979613937000000018e-02
8.599999999999999867e-01 1.975068174000000135e-02
8.625000000000000444e-01 1.976620448000000058e-02
8.649999999999999911e-01 1.968669862999999909e-02
8.675000000000000488e-01 1.967873960999999908e-02
8.699999999999999956e-01 1.967012204999999889e-02
8.725000000000000533e-01 1.965409985999999956e-02
8.750000000000000000e-01 1.964616170000000120e-02
8.774999999999999467e-01 1.963204165999999848e-02
8.800000000000000044e-01 1.956339178999999887e-02
8.824999999999999512e-01 1.951518063000000011e-02
8.850000000000000089e-01 1.958553701000000091e-02
8.874999999999999556e-01 1.951751914000000171e-02
8.900000000000000133e-01 1.948254718000000038e-02
8.924999999999999600e-01 1.946468800000000082e-02
8.950000000000000178e-01 1.945673008999999898e-02
8.974999999999999645e-01 1.942781843000000036e-02
9.000000000000000222e-01 1.943912855000000037e-02
9.024999999999999689e-01 1.937876183000000058e-02
9.050000000000000266e-01 1.934689263000000103e-02
9.074999999999999734e-01 1.932858301000000070e-02
9.100000000000000311e-01 1.937467405999999948e-02
9.124999999999999778e-01 1.930476659999999858e-02
9.150000000000000355e-01 1.930672665999999885e-02
9.174999999999999822e-01 1.928760170000000038e-02
9.200000000000000400e-01 1.930523681999999838e-02
9.224999999999999867e-01 1.925180008999999998e-02
9.250000000000000444e-01 1.922478571000000094e-02
9.274999999999999911e-01 1.917988668000000091e-02
9.300000000000000488e-01 1.915084867999999885e-02
9.324999999999999956e-01 1.919648976999999840e-02
9.350000000000000533e-01 1.911272690999999899e-02
9.375000000000000000e-01 1.909728658000000093e-02
9.399999999999999467e-01 1.906611919000000127e-02
9.425000000000000044e-01 1.905363959999999829e-02
9.449999999999999512e-01 1.903129699999999910e-02
9.475000000000000089e-01 1.902996896000000090e-02
9.499999999999999556e-01 1.902137056000000048e-02
9.525000000000000133e-01 1.898259838000000005e-02
9.549999999999999600e-01 1.897178692000000069e-02
9.575000000000000178e-01 1.895800560999999843e-02
9.599999999999999645e-01 1.892165168999999925e-02
9.625000000000000222e-01 1.890971775999999993e-02
9.649999999999999689e-01 1.890692948000000095e-02
9.675000000000000266e-01 1.886015691999999924e-02
9.699999999999999734e-01 1.883474380999999864e-02
9.725000000000000311e-01 1.882190299000000011e-02
9.749999999999999778e-01 1.875181859000000020e-02
9.775000000000000355e-01 1.878879708999999995e-02
9.799999999999999822e-01 1.874840951999999852e-02
9.825000000000000400e-01 1.872157950999999917e-02
9.849999999999999867e-01 1.875153916000000046e-02
9.875000000000000444e-01 1.868300826999999900e-02
9.899999999999999911e-01 1.868407293000000011e-02
9.925000000000000488e-01 1.865729001000000081e-02
9.949999999999999956e-01 1.864381282999999848e-02
9.975000000000000533e-01 1.862800113999999937e-02
1.000000000000000000e+00 1.858649100000000012e-02
1.002499999999999947e+00 1.861200919000000065e-02
1.004999999999999893e+00 1.855369936999999927e-02
1.007500000000000062e+00 1.857381338999999909e-02
1.010000000000000009e+00 1.855955931000000114e-02
1.012499999999999956e+00 1.848350148000000095e-02
1.014999999999999902e+00 1.845996235999999846e-02
1.017500000000000071e+00 1.844096778999999853e-02
1.020000000000000018e+00 1.843625387999999962e-02
1.022499999999999964e+00 1.842458883999999880e-02
1.024999999999999911e+00 1.842107052999999994e-02
1.027500000000000080e+00 1.837769540999999868e-02
1.030000000000000027e+00 1.836440434000000121e-02
1.032499999999999973e+00 1.834652407999999915e-02
1.034999999999999920e+00 1.831599617999999860e-02
1.037500000000000089e+00 1.831611895000000156e-02
1.040000000000000036e+00 1.828176232999999956e-02
1.042499999999999982e+00 1.831015127999999909e-02
1.044999999999999929e+00 1.824486548000000055e-02
1.047500000000000098e+00 1.823006451000000125e-02
1.050000000000000044e+00 1.821828463999999870e-02
1.052499999999999991e+00 1.814918232999999936e-02
1.054999999999999938e+00 1.822406009000000077e-02
1.057500000000000107e+00 1.820503635999999939e-02
1.060000000000000053e+00 1.812401728999999892e-02
1.062500000000000000e+00 1.813624492999999990e-02
1.064999999999999947e+00 1.812467665999999838e-02
1.067499999999999893e+00 1.806295721000000104e-02
1.070000000000000062e+00 1.806755075000000127e-02
1.072500000000000009e+00 1.802965565000000034e-02
1.074999999999999956e+00 1.803306610999999907e-02
1.077499999999999902e+00 1.800196295999999946e-02
1.080000000000000071e+00 1.800119910000000031e-02
1.082500000000000018e+00 1.799257008999999990e-02
1.084999999999999964e+00 1.794717041999999846e-02
1.087499999999999911e+00 1.793033558999999888e-02
1.090000000000000080e+00 1.795628424999999931e-02
1.092500000000000027e+00 1.793702391999999965e-02
1.094999999999999973e+00 1.790241743000000121e-02
1.097499999999999920e+00 1.787719306000000105e-02
1.100000000000000089e+00 1.781712738999999962e-02
1.102500000000000036e+00 1.782743792000000133e-02
1.104999999999999982e+00 1.781916859000000006e-02
1.107499999999999929e+00 1.775343817000000005e-02
1.110000000000000098e+00 1.773772881999999967e-02
1.112500000000000044e+00 1.775849732000000028e-02
1.114999999999999991e+00 1.773152928999999906e-02
1.117499999999999938e+00 1.773489605000000066e-02
1.120000000000000107e+00 1.769902773000000054e-02
1.122500000000000053e+00 1.764640724999999924e-02
1.125000000000000000e+00 1.760191687000000130e-02
1.127499999999999947e+00 1.762058822000000038e-02
1.129999999999999893e+00 1.760334762999999844e-02
1.132500000000000062e+00 1.759490835000000059e-02
1.135000000000000009e+00 1.759055048000000149e-02
1.137499999999999956e+00 1.755262205000000103e-02
1.139999999999999902e+00 1.753727189000000089e-02
1.142500000000000071e+00 1.748510812999999955e-02
1.145000000000000018e+00 1.752209113000000040e-02
1.147499999999999964e+00 1.749072848999999943e-02
1.149999999999999911e+00 1.745943653000000054e-02
1.152500000000000080e+00 1.744503663000000065e-02
1.155000000000000027e+00 1.743590525999999877e-02
1.157499999999999973e+00 1.741506095999999920e-02
1.159999999999999920e+00 1.735267752999999913e-02
1.162500000000000089e+00 1.733965700000000137e-02
1.165000000000000036e+00 1.733800349000000005e-02
1.167499999999999982e+00 1.738111352999999887e-02
1.169999999999999929e+00 1.726710585999999964e-02
1.172500000000000098e+00 1.733323918000000130e-02
1.175000000000000044e+00 1.729088407999999910e-02
1.177499999999999991e+00 1.726991988999999894e-02
1.179999999999999938e+00 1.725959763999999896e-02
1.182500000000000107e+00 1.725001647000000068e-02
1.185000000000000053e+00 1.721080301000000104e-02
1.187500000000000000e+00 1.720938362999999832e-02
1.189999999999999947e+00 1.715921219999999928e-02
1.192499999999999893e+00 1.717878419000000087e-02
1.195000000000000062e+00 1.714627512999999936e-02
1.197500000000000009e+00 1.712416141000000155e-02
1.199999999999999956e+00 1.710375868999999827e-02
1.202499999999999902e+00 1.708757322999999995e-02
1.205000000000000071e+00 1.704932552999999934e-02
1.207500000000000018e+00 1.707566460999999924e-02
1.209999999999999964e+00 1.703410129999999995e-02
1.212499999999999911e+00 1.700660057999999961e-02
1.215000000000000080e+00 1.701213999000000116e-02
1.217500000000000027e+00 1.699692301000000141e-02
1.219999999999999973e+00 1.695421080000000108e-02
1.222499999999999920e+00 1.692910791999999859e-02
1.225000000000000089e+00 1.694875350000000017e-02
1.227500000000000036e+00 1.692082501999999863e-02
1.229999999999999982e+00 1.689185799999999918e-02
1.232499999999999929e+00 1.687538031000000022e-02
1.235000000000000098e+00 1.686787478000000007e-02
1.237500000000000044e+00 1.683395180000000005e-02
1.239999999999999991e+00 1.679232337000000075e-02
1.242499999999999938e+00 1.680515282999999957e-02
1.245000000000000107e+00 1.679135463999999883e-02
1.247500000000000053e+00 1.678170618000000142e-02
1.250000000000000000e+00 1.675094678999999864e-02
1.252499999999999947e+00 1.678165712000000143e-02
1.254999999999999893e+00 1.671708086000000051e-02
1.257500000000000062e+00 1.667068643999999877e-02
1.260000000000000009e+00 1.664890050000000093e-02
1.262499999999999956e+00 1.670057256999999892e-02
1.264999999999999902e+00 1.664095988000000026e-02
1.267500000000000071e+00 1.664388170000000167e-02
1.270000000000000018e+00 1.660026071999999922e-02
1.272499999999999964e+00 1.659649476000000026e-02
1.274999999999999911e+00 1.657523932000000075e-02
1.277500000000000080e+00 1.657354738999999855e-02
1.280000000000000027e+00 1.652779266999999941e-02
1.282499999999999973e+00 1.650402982999999921e-02
1.284999999999999920e+00 1.648137083000000142e-02
1.287500000000000089e+00 1.646975314999999870e-02
1.290000000000000036e+00 1.650523110000000002e-02
1.292499999999999982e+00 1.645800337000000169e-02
1.294999999999999929e+00 1.644280253999999900e-02
1.297500000000000098e+00 1.641497180000000070e-02
1.300000000000000044e+00 1.641664736000000152e-02
1.302499999999999991e+00 1.634229322999999900e-02
1.304999999999999938e+00 1.639559230999999839e-02
1.307500000000000107e+00 1.636161024000000117e-02
1.310000000000000053e+00 1.633164452000000072e-02
1.312500000000000000e+00 1.629104316999999830e-02
1.314999999999999947e+00 1.631534595000000074e-02
1.317499999999999893e+00 1.625889713000000167e-02
1.320000000000000062e+00 1.626805653000000171e-02
1.322500000000000009e+00 1.621855187000000031e-02
1.324999999999999956e+00 1.622817795999999951e-02
1.327499999999999902e+00 1.621904861000000170e-02
1.330000000000000071e+00 1.622013489000000142e-02
1.332500000000000018e+00 1.619100027999999941e-02
1.334999999999999964e+00 1.616998134000000031e-02
1.337499999999999911e+00 1.613286727000000018e-02
1.340000000000000080e+00 1.613883359999999934e-02
1.342500000000000027e+00 1.613017581000000117e-02
1.344999999999999973e+00 1.610159515999999916e-02
1.347499999999999920e+00 1.607200765999999836e-02
1.350000000000000089e+00 1.605239448999999999e-02
1.352500000000000036e+00 1.602369615999999983e-02
1.354999999999999982e+00 1.603691096000000108e-02
1.357499999999999929e+00 1.600755006000000036e-02
1.360000000000000098e+00 1.601751921000000092e-02
1.362500000000000044e+00 1.596681858000000009e-02
1.364999999999999991e+00 1.597796266000000090e-02
1.367499999999999938e+00 1.591341888999999940e-02
1.370000000000000107e+00 1.594095123000000003e-02
1.372500000000000053e+00 1.586558453000000077e-02
1.375000000000000000e+00 1.588763874999999867e-02
1.377499999999999947e+00 1.586413634999999864e-02
1.379999999999999893e+00 1.585664025999999893e-02
1.382500000000000062e+00 1.587197448999999941e-02
1.385000000000000009e+00 1.581515673999999913e-02
1.387499999999999956e+00 1.582310887999999888e-02
1.389999999999999902e+00 1.578106165000000075e-02
1.392500000000000071e+00 1.576978286000000132e-02
1.395000000000000018e+00 1.576108559000000131e-02
1.397499999999999964e+00 1.575343103000000078e-02
1.399999999999999911e+00 1.573385647000000165e-02
1.402500000000000080e+00 1.570839783999999906e-02
1.405000000000000027e+00 1.570296552000000068e-02
1.407499999999999973e+00 1.568252431000000113e-02
1.409999999999999920e+00 1.568739049999999871e-02
1.412500000000000089e+00 1.567148792999999846e-02
1.415000000000000036e+00 1.562704545999999903e-02
1.417499999999999982e+00 1.564832317999999972e-02
1.419999999999999929e+00 1.557581467999999934e-02
1.422500000000000098e+00 1.557943055000000042e-02
1.425000000000000044e+00 1.552124551000000005e-02
1.427499999999999991e+00 1.554831683000000055e-02
1.429999999999999938e+00 1.555025103999999915e-02
1.432500000000000107e+00 1.551655528000000020e-02
1.435000000000000053e+00 1.553090493999999960e-02
1.437500000000000000e+00 1.549340215999999923e-02
1.439999999999999947e+00 1.547707385000000012e-02
1.442499999999999893e+00 1.544836464000000006e-02
1.445000000000000062e+00 1.545480727999999984e-02
1.447500000000000009e+00 1.538886545999999973e-02
1.449999999999999956e+00 1.540817732999999988e-02
1.452499999999999902e+00 1.543089268000000062e-02
1.455000000000000071e+00 1.538679413999999995e-02
1.457500000000000018e+00 1.534596528999999931e-02
1.459999999999999964e+00 1.534313256999999923e-02
1.462499999999999911e+00 1.532942932000000077e-02
1.465000000000000080e+00 1.530055102999999979e-02
1.467500000000000027e+00 1.528831309999999916e-02
1.469999999999999973e+00 1.529103260999999971e-02
1.472499999999999920e+00 1.527036017999999946e-02
1.475000000000000089e+00 1.522754431000000047e-02
1.477500000000000036e+00 1.521633275000000042e-02
1.479999999999999982e+00 1.525344273999999951e-02
1.482499999999999929e+00 1.517401403999999940e-02
1.485000000000000098e+00 1.522016078999999938e-02
1.487500000000000044e+00 1.515120879999999962e-02
1.489999999999999991e+00 1.514667140000000058e-02
1.492499999999999938e+00 1.512099134999999976e-02
1.495000000000000107e+00 1.514895986999999916e-02
1.497500000000000053e+00 1.510213422000000055e-02
1.500000000000000000e+00 1.513685642000000067e-02
1.502499999999999947e+00 1.509098554999999987e-02
1.504999999999999893e+00 1.504347640999999930e-02
1.507500000000000062e+00 1.503129649000000019e-02
1.510000000000000009e+00 1.501191087000000070e-02
1.512499999999999956e+00 1.497779968999999982e-02
1.514999999999999902e+00 1.498700204999999994e-02
1.517500000000000071e+00 1.499463422000000060e-02
1.520000000000000018e+00 1.493371450000000045e-02
1.522499999999999964e+00 1.495243733999999936e-02
1.524999999999999911e+00 1.494503447999999922e-02
1.527500000000000080e+00 1.494321870000000010e-02
1.530000000000000027e+00 1.489378583999999978e-02
1.532499999999999973e+00 1.486735741000000041e-02
1.534999999999999920e+00 1.487745518999999961e-02
1.537500000000000089e+00 1.488035484000000026e-02
1.540000000000000036e+00 1.483021896999999964e-02
1.542499999999999982e+00 1.483531096000000049e-02
1.544999999999999929e+00 1.478897961999999996e-02
1.547500000000000098e+00 1.477053082999999975e-02
1.550000000000000044e+00 1.479445180000000040e-02
1.552499999999999991e+00 1.475730048999999988e-02
1.554999999999999938e+00 1.476350996999999977e-02
1.557500000000000107e+00 1.475120801999999995e-02
1.560000000000000053e+00 1.474228636999999967e-02
1.562500000000000000e+00 1.470989443999999938e-02
1.564999999999999947e+00 1.470095585000000087e-02
1.567499999999999893e+00 1.471427227999999934e-02
1.570000000000000062e+00 1.466976205999999915e-02
1.572500000000000009e+00 1.464031610999999913e-02
1.574999999999999956e+00 1.461624555000000034e-02
1.577499999999999902e+00 1.459463343999999919e-02
1.580000000000000071e+00 1.463509064999999991e-02
1.582500000000000018e+00 1.459462907000000018e-02
1.584999999999999964e+00 1.458703725000000048e-02
1.587499999999999911e+00 1.457899785000000073e-02
1.590000000000000080e+00 1.454352337999999939e-02
1.592500000000000027e+00 1.451676254000000034e-02
1.594999999999999973e+00 1.448218218000000071e-02
1.597499999999999920e+00 1.446363248999999948e-02
1.600000000000000089e+00 1.444536450000000020e-02
1.602500000000000036e+00 1.448918385000000017e-02
1.604999999999999982e+00 1.446872794999999948e-02
1.607499999999999929e+00 1.444564823999999921e-02
1.610000000000000098e+00 1.440077143000000059e-02
1.612500000000000044e+00 1.437431123000000067e-02
1.614999999999999991e+00 1.439817214999999928e-02
1.617499999999999938e+00 1.440625190000000000e-02
1.620000000000000107e+00 1.437173312999999973e-02
1.622500000000000053e+00 1.434453651000000031e-02
1.625000000000000000e+00 1.434140773999999924e-02
1.627499999999999947e+00 1.432157566000000042e-02
1.629999999999999893e+00 1.430332789000000014e-02
1.632500000000000062e+00 1.430499692999999926e-02
1.635000000000000009e+00 1.424269602999999988e-02
1.637499999999999956e+00 1.426197788999999938e-02
1.639999999999999902e+00 1.422272400999999992e-02
1.642500000000000071e+00 1.422978876999999968e-02
1.645000000000000018e+00 1.421028809999999934e-02
1.647499999999999964e+00 1.419958531999999940e-02
1.649999999999999911e+00 1.416767445999999979e-02
1.652500000000000080e+00 1.416394290999999951e-02
1.655000000000000027e+00 1.415547988000000028e-02
1.657499999999999973e+00 1.412260245999999962e-02
1.659999999999999920e+00 1.411739874000000027e-02
1.662500000000000089e+00 1.410928116999999975e-02
1.665000000000000036e+00 1.408308341999999977e-02
1.667499999999999982e+00 1.406768759000000084e-02
1.669999999999999929e+00 1.408916082000000007e-02
1.672500000000000098e+00 1.402418467999999932e-02
1.675000000000000044e+00 1.403386386000000062e-02
1.677499999999999991e+00 1.400072276000000060e-02
1.679999999999999938e+00 1.403462915000000012e-02
1.682500000000000107e+00 1.398996563000000012e-02
1.685000000000000053e+00 1.396872277999999974e-02
1.687500000000000000e+00 1.396280417999999982e-02
1.689999999999999947e+00 1.391593066999999989e-02
1.692499999999999893e+00 1.394799304999999948e-02
1.695000000000000062e+00 1.389388989000000033e-02
1.697500000000000009e+00 1.391158198000000054e-02
1.699999999999999956e+00 1.387850382000000056e-02
1.702499999999999902e+00 1.387191131000000029e-02
1.705000000000000071e+00 1.385045243999999919e-02
1.707500000000000018e+00 1.381323588999999914e-02
1.709999999999999964e+00 1.380726143999999947e-02
1.712499999999999911e+00 1.380521692000000016e-02
1.715000000000000080e+00 1.378322815999999916e-02
1.717500000000000027e+00 1.377648583999999989e-02
1.719999999999999973e+00 1.375690107999999988e-02
1.722499999999999920e+00 1.376337786000000028e-02
1.725000000000000089e+00 1.374355399999999984e-02
1.727500000000000036e+00 1.371659945000000026e-02
1.729999999999999982e+00 1.373357679000000026e-02
1.732499999999999929e+00 1.368900733000000085e-02
1.735000000000000098e+00 1.368699003999999941e-02
1.737500000000000044e+00 1.366784872999999949e-02
1.739999999999999991e+00 1.363744771000000022e-02
1.742499999999999938e+00 1.362033476000000000e-02
1.745000000000000107e+00 1.362831100999999968e-02
1.747500000000000053e+00 1.360009195000000046e-02
1.750000000000000000e+00 1.363269322999999950e-02
1.752499999999999947e+00 1.359256998000000008e-02
1.754999999999999893e+00 1.355012597999999922e-02
1.757500000000000062e+00 1.352885973999999950e-02
1.760000000000000009e+00 1.351825052999999950e-02
1.762499999999999956e+00 1.352691852999999937e-02
1.764999999999999902e+00 1.350738112999999921e-02
1.767500000000000071e+00 1.346224004999999925e-02
1.770000000000000018e+00 1.344739367999999921e-02
1.772499999999999964e+00 1.347228810000000027e-02
1.774999999999999911e+00 1.343888399999999990e-02
1.777500000000000080e+00 1.342231261000000064e-02
1.780000000000000027e+00 1.338895959999999996e-02
1.782499999999999973e+00 1.341659643000000027e-02
1.784999999999999920e+00 1.339123312999999926e-02
1.787500000000000089e+00 1.336583862000000067e-02
1.790000000000000036e+00 1.338526240000000034e-02
1.792499999999999982e+00 1.333784778000000025e-02
1.794999999999999929e+00 1.333672175999999973e-02
1.797500000000000098e+00 1.332185179999999941e-02
1.800000000000000044e+00 1.330700341000000050e-02
1.802499999999999991e+00 1.331954655000000022e-02
1.804999999999999938e+00 1.327399894000000011e-02
1.807500000000000107e+00 1.330227305000000054e-02
1.810000000000000053e+00 1.327158498999999985e-02
1.812500000000000000e+00 1.326376016999999963e-02
1.814999999999999947e+00 1.322551769999999981e-02
1.817499999999999893e+00 1.319279788999999994e-02
1.820000000000000062e+00 1.320869266999999923e-02
1.822500000000000009e+00 1.316514243999999945e-02
1.824999999999999956e+00 1.317233498000000037e-02
1.827499999999999902e+00 1.314002836999999917e-02
1.830000000000000071e+00 1.318465142000000041e-02
1.832500000000000018e+00 1.311482972999999941e-02
1.834999999999999964e+00 1.312996081000000065e-02
1.837499999999999911e+00 1.310154812000000057e-02
1.840000000000000080e+00 1.310018486000000086e-02
1.842500000000000027e+00 1.303596062999999930e-02
1.844999999999999973e+00 1.305486053999999931e-02
1.847499999999999920e+00 1.305007147999999971e-02
1.850000000000000089e+00 1.306021532999999957e-02
1.852500000000000036e+00 1.302341161000000053e-02
1.854999999999999982e+00 1.300525767999999999e-02
1.857499999999999929e+00 1.298891567999999920e-02
1.860000000000000098e+00 1.296428808999999967e-02
1.862500000000000044e+00 1.296998981999999967e-02
1.864999999999999991e+00 1.296150073999999958e-02
1.867499999999999938e+00 1.290126081999999966e-02
1.870000000000000107e+00 1.290787030999999974e-02
1.872500000000000053e+00 1.290436873999999991e-02
1.875000000000000000e+00 1.289678151000000009e-02
1.877499999999999947e+00 1.288877341999999926e-02
1.879999999999999893e+00 1.284895236999999968e-02
1.882500000000000062e+00 1.286375531999999974e-02
1.885000000000000009e+00 1.284691083000000060e-02
1.887499999999999956e+00 1.280383398000000013e-02
1.889999999999999902e+00 1.280812935999999999e-02
1.892500000000000071e+00 1.283938226000000057e-02
1.895000000000000018e+00 1.282519218999999926e-02
1.897499999999999964e+00 1.276566632999999971e-02
1.899999999999999911e+00 1.275643828999999986e-02
1.902500000000000080e+00 1.276869809999999980e-02
1.905000000000000027e+00 1.272652424000000025e-02
1.907499999999999973e+00 1.269307763000000061e-02
1.909999999999999920e+00 1.270193462000000079e-02
1.912500000000000089e+00 1.267921930999999988e-02
1.915000000000000036e+00 1.269732948000000007e-02
1.917499999999999982e+00 1.264149543000000001e-02
1.919999999999999929e+00 1.264804857999999969e-02
1.922500000000000098e+00 1.265643714000000072e-02
1.925000000000000044e+00 1.258279491999999937e-02
1.927499999999999991e+00 1.258857975000000039e-02
1.929999999999999938e+00 1.259127961000000052e-02
1.932500000000000107e+00 1.258056211999999952e-02
1.935000000000000053e+00 1.255176591000000015e-02
1.937500000000000000e+00 1.256182167999999981e-02
1.939999999999999947e+00 1.252207307999999956e-02
1.942499999999999893e+00 1.253035056000000036e-02
1.945000000000000062e+00 1.253410756000000043e-02
1.947500000000000009e+00 1.246726155999999981e-02
1.949999999999999956e+00 1.247879357000000050e-02
1.952499999999999902e+00 1.245955122999999921e-02
1.955000000000000071e+00 1.244371206000000063e-02
1.957500000000000018e+00 1.246617778000000051e-02
1.959999999999999964e+00 1.241276114999999985e-02
1.962499999999999911e+00 1.241653960999999917e-02
1.965000000000000080e+00 1.241561314999999922e-02
1.967500000000000027e+00 1.239976733000000032e-02
1.969999999999999973e+00 1.237323727999999935e-02
1.972499999999999920e+00 1.234449580000000074e-02
1.975000000000000089e+00 1.238793631000000006e-02
1.977500000000000036e+00 1.234234308000000009e-02
1.979999999999999982e+00 1.233653206999999960e-02
1.982499999999999929e+00 1.229438807999999952e-02
1.985000000000000098e+00 1.231574690999999964e-02
1.987500000000000044e+00 1.227862966000000007e-02
1.989999999999999991e+00 1.228987001000000044e-02
1.992499999999999938e+00 1.226309561000000006e-02
1.995000000000000107e+00 1.224337024000000072e-02
1.997500000000000053e+00 1.223460640999999953e-02
2.000000000000000000e+00 1.221024220000000056e-02
2.002499999999999947e+00 1.219639848000000047e-02
2.004999999999999893e+00 1.219529205000000061e-02
2.007499999999999840e+00 1.217771590999999938e-02
2.009999999999999787e+00 1.216852864000000055e-02
2.012500000000000178e+00 1.216475499000000023e-02
2.015000000000000124e+00 1.216375326000000007e-02
2.017500000000000071e+00 1.214508907000000013e-02
2.020000000000000018e+00 1.211880245999999960e-02
2.022499999999999964e+00 1.207340204000000028e-02
2.024999999999999911e+00 1.210519271000000049e-02
2.027499999999999858e+00 1.209642592999999981e-02
2.029999999999999805e+00 1.205567463000000068e-02
2.032500000000000195e+00 1.206731662999999989e-02
2.035000000000000142e+00 1.202217333999999922e-02
2.037500000000000089e+00 1.199639702000000058e-02
2.040000000000000036e+00 1.202916948999999992e-02
2.042499999999999982e+00 1.201935292000000030e-02
2.044999999999999929e+00 1.196764684000000030e-02
2.047499999999999876e+00 1.197459422999999981e-02
2.049999999999999822e+00 1.195366248000000013e-02
2.052500000000000213e+00 1.192996376999999955e-02
2.055000000000000160e+00 1.191888187000000009e-02
2.057500000000000107e+00 1.193975580999999918e-02
2.060000000000000053e+00 1.191528919999999998e-02
2.062500000000000000e+00 1.190204419999999971e-02
2.064999999999999947e+00 1.187322296999999971e-02
2.067499999999999893e+00 1.185066408000000002e-02
2.069999999999999840e+00 1.189349863999999979e-02
2.072499999999999787e+00 1.184931848000000086e-02
2.075000000000000178e+00 1.181934999999999930e-02
2.077500000000000124e+00 1.183110427999999915e-02
2.080000000000000071e+00 1.179701325000000016e-02
2.082500000000000018e+00 1.178202113000000051e-02
2.084999999999999964e+00 1.176721629000000019e-02
2.087499999999999911e+00 1.176639124000000008e-02
2.089999999999999858e+00 1.174166700000000077e-02
2.092499999999999805e+00 1.175136453000000074e-02
2.095000000000000195e+00 1.172803707999999986e-02
2.097500000000000142e+00 1.170223792999999964e-02
2.100000000000000089e+00 1.169647367000000056e-02
2.102500000000000036e+00 1.168626398999999920e-02
2.104999999999999982e+00 1.168904165999999981e-02
2.107499999999999929e+00 1.165180248000000085e-02
2.109999999999999876e+00 1.166428874000000060e-02
2.112499999999999822e+00 1.162686580000000039e-02
2.115000000000000213e+00 1.165650227000000067e-02
2.117500000000000160e+00 1.159236467999999985e-02
2.120000000000000107e+00 1.157949349999999947e-02
2.122500000000000053e+00 1.158333047999999914e-02
2.125000000000000000e+00 1.158339731000000011e-02
2.127499999999999947e+00 1.158624764999999918e-02
2.129999999999999893e+00 1.155091502000000006e-02
2.132499999999999840e+00 1.152834246000000035e-02
2.134999999999999787e+00 1.151031586999999926e-02
2.137500000000000178e+00 1.151580561999999974e-02
2.140000000000000124e+00 1.149072410999999946e-02
2.142500000000000071e+00 1.148655309000000055e-02
2.145000000000000018e+00 1.146103000999999962e-02
2.147499999999999964e+00 1.148829747999999956e-02
2.149999999999999911e+00 1.142721793000000055e-02
2.152499999999999858e+00 1.142982950000000046e-02
2.154999999999999805e+00 1.142037031000000050e-02
2.157500000000000195e+00 1.142415532000000053e-02
2.160000000000000142e+00 1.140987356000000043e-02
2.162500000000000089e+00 1.136106773999999951e-02
2.165000000000000036e+00 1.138639752999999998e-02
2.167499999999999982e+00 1.131836982000000019e-02
2.169999999999999929e+00 1.133423960999999959e-02
2.172499999999999876e+00 1.134137103999999924e-02
2.174999999999999822e+00 1.131906113999999949e-02
2.177500000000000213e+00 1.129374198000000079e-02
2.180000000000000160e+00 1.129489550999999981e-02
2.182500000000000107e+00 1.127731023999999950e-02
2.185000000000000053e+00 1.127216018000000083e-02
2.187500000000000000e+00 1.127571121999999988e-02
2.189999999999999947e+00 1.125334556999999999e-02
2.192499999999999893e+00 1.121959502999999962e-02
2.194999999999999840e+00 1.122284314999999998e-02
2.197499999999999787e+00 1.119190966999999981e-02
2.200000000000000178e+00 1.121916105000000073e-02
2.202500000000000124e+00 1.118770820000000027e-02
2.205000000000000071e+00 1.116728101000000022e-02
2.207500000000000018e+00 1.115602494000000021e-02
2.209999999999999964e+00 1.116960747000000052e-02
2.212499999999999911e+00 1.112008131000000004e-02
2.214999999999999858e+00 1.113826122000000085e-02
2.217499999999999805e+00 1.112746967999999996e-02
2.220000000000000195e+00 1.106513448999999968e-02
2.222500000000000142e+00 1.108858721000000047e-02
2.225000000000000089e+00 1.107461644000000064e-02
2.227500000000000036e+00 1.102057853999999920e-02
2.229999999999999982e+00 1.105632307000000043e-02
2.232499999999999929e+00 1.101878807000000043e-02
2.234999999999999876e+00 1.103966368000000066e-02
2.237499999999999822e+00 1.098980677999999989e-02
2.240000000000000213e+00 1.099432896000000076e-02
2.242500000000000160e+00 1.099808816000000071e-02
2.245000000000000107e+00 1.096188667000000047e-02
2.247500000000000053e+00 1.095699003000000053e-02
2.250000000000000000e+00 1.095327915000000006e-02
2.252499999999999947e+00 1.094659314000000043e-02
2.254999999999999893e+00 1.092512657000000061e-02
2.257499999999999840e+00 1.089220576999999981e-02
2.259999999999999787e+00 1.090721857999999919e-02
2.262500000000000178e+00 1.088278508999999949e-02
2.265000000000000124e+00 1.090009312999999994e-02
2.267500000000000071e+00 1.085967644000000037e-02
2.270000000000000018e+00 1.086062186999999998e-02
2.272499999999999964e+00 1.081550704999999918e-02
2.274999999999999911e+00 1.083579315000000008e-02
2.277499999999999858e+00 1.082765458999999930e-02
2.279999999999999805e+00 1.082379837999999928e-02
2.282500000000000195e+00 1.078587018000000050e-02
2.285000000000000142e+00 1.078719292000000080e-02
2.287500000000000089e+00 1.078547843999999936e-02
2.290000000000000036e+00 1.077288461000000010e-02
2.292499999999999982e+00 1.074315843000000006e-02
2.294999999999999929e+00 1.074604470000000041e-02
2.297499999999999876e+00 1.068832869999999935e-02
2.299999999999999822e+00 1.070834034000000060e-02
2.302500000000000213e+00 1.067619747000000084e-02
2.305000000000000160e+00 1.068115788999999920e-02
2.307500000000000107e+00 1.067324220000000039e-02
2.310000000000000053e+00 1.064524172000000032e-02
2.312500000000000000e+00 1.063996472999999970e-02
2.314999999999999947e+00 1.065743788999999955e-02
2.317499999999999893e+00 1.063128108999999988e-02
2.319999999999999840e+00 1.062672182000000062e-02
2.322499999999999787e+00 1.060848003999999983e-02
2.325000000000000178e+00 1.059555864999999972e-02
2.327500000000000124e+00 1.057107728000000052e-02
2.330000000000000071e+00 1.054486557000000081e-02
2.332500000000000018e+00 1.054549094000000083e-02
2.334999999999999964e+00 1.052631507000000022e-02
2.337499999999999911e+00 1.050304409000000008e-02
2.339999999999999858e+00 1.049217552000000081e-02
2.342499999999999805e+00 1.048095469000000050e-02
2.345000000000000195e+00 1.051026730000000076e-02
2.347500000000000142e+00 1.047457442000000044e-02
2.350000000000000089e+00 1.048645758999999962e-02
2.352500000000000036e+00 1.046635697000000004e-02
2.354999999999999982e+00 1.042704030999999990e-02
2.357499999999999929e+00 1.043838599000000006e-02
2.359999999999999876e+00 1.042520742999999972e-02
2.362499999999999822e+00 1.042972820000000016e-02
2.365000000000000213e+00 1.037052362000000054e-02
2.367500000000000160e+00 1.039556969000000018e-02
2.370000000000000107e+00 1.036861302000000040e-02
2.372500000000000053e+00 1.037326157000000026e-02
2.375000000000000000e+00 1.034063145999999933e-02
2.377499999999999947e+00 1.032224829999999968e-02
2.379999999999999893e+00 1.033422623000000012e-02
2.382499999999999840e+00 1.030685372000000009e-02
2.384999999999999787e+00 1.032134101000000033e-02
2.387500000000000178e+00 1.026124710000000072e-02
2.390000000000000124e+00 1.026863857999999949e-02
2.392500000000000071e+00 1.025246263000000047e-02
2.395000000000000018e+00 1.026829593000000082e-02
2.397499999999999964e+00 1.022988376999999990e-02
2.399999999999999911e+00 1.021886427999999999e-02
2.402499999999999858e+00 1.024260792000000059e-02
2.404999999999999805e+00 1.019487210999999935e-02
2.407500000000000195e+00 1.017526223000000084e-02
2.410000000000000142e+00 1.019758142000000076e-02
2.412500000000000089e+00 1.018157184000000048e-02
2.415000000000000036e+00 1.015841223999999939e-02
2.417499999999999982e+00 1.010844978000000061e-02
2.419999999999999929e+00 1.012143771000000025e-02
2.422499999999999876e+00 1.013115317999999966e-02
2.424999999999999822e+00 1.011619929999999987e-02
2.427500000000000213e+00 1.009082029000000005e-02
2.430000000000000160e+00 1.008971114999999974e-02
2.432500000000000107e+00 1.005152290999999920e-02
2.435000000000000053e+00 1.006955019000000014e-02
2.437500000000000000e+00 1.004668881999999999e-02
2.439999999999999947e+00 1.004348105000000060e-02
2.442499999999999893e+00 1.002528488999999967e-02
2.444999999999999840e+00 1.001041366999999918e-02
2.447499999999999787e+00 1.000169298000000082e-02
2.450000000000000178e+00 9.993786681000000477e-03
2.452500000000000124e+00 9.972599803000000221e-03
2.455000000000000071e+00 9.975668937000000194e-03
2.457500000000000018e+00 9.971874061999999247e-03
2.459999999999999964e+00 9.951191684000000592e-03
2.462499999999999911e+00 9.921801551000000025e-03
2.464999999999999858e+00 9.917339625000000380e-03
2.467499999999999805e+00 9.921272630000000162e-03
2.470000000000000195e+00 9.922822781000000328e-03
2.472500000000000142e+00 9.868156782000000668e-03
2.475000000000000089e+00 9.898519661999999678e-03
2.477500000000000036e+00 9.897427716999999611e-03
2.479999999999999982e+00 9.813875512999999801e-03
2.482499999999999929e+00 9.813917846999999778e-03
2.484999999999999876e+00 9.814105324999999186e-03
2.487499999999999822e+00 9.806230839999999227e-03
2.490000000000000213e+00 9.770102896999999578e-03
2.492500000000000160e+00 9.809230948000000061e-03
2.495000000000000107e+00 9.786072006000000670e-03
2.497500000000000053e+00 9.770409074999999999e-03
2.500000000000000000e+00 9.747059603999999947e-03
2.502499999999999947e+00 9.751671095999999567e-03
2.504999999999999893e+00 9.746011658000000577e-03
2.507499999999999840e+00 9.764920556999999793e-03
2.509999999999999787e+00 9.745030778999999935e-03
2.512500000000000178e+00 9.685533697999999456e-03
2.515000000000000124e+00 9.683221219999999657e-03
2.517500000000000071e+00 9.681452756000000562e-03
2.520000000000000018e+00 9.676577844999999234e-03
2.522499999999999964e+00 9.643909117000000822e-03
2.524999999999999911e+00 9.660910959999999617e-03
2.527499999999999858e+00 9.654535416999999314e-03
2.529999999999999805e+00 9.604027496999999539e-03
2.532500000000000195e+00 9.598565842000000847e-03
2.535000000000000142e+00 9.612657857999999320e-03
2.537500000000000089e+00 9.589934317000000513e-03
2.540000000000000036e+00 9.572720092999999902e-03
2.542499999999999982e+00 9.576617307999999579e-03
2.544999999999999929e+00 9.539110413000000468e-03
2.547499999999999876e+00 9.531987150000000714e-03
2.549999999999999822e+00 9.529605571000000774e-03
2.552500000000000213e+00 9.528327140999999501e-03
2.555000000000000160e+00 9.508149343000000392e-03
2.557500000000000107e+00 9.490264229999999940e-03
2.560000000000000053e+00 9.492035725000000368e-03
2.562500000000000000e+00 9.494252758999999903e-03
2.564999999999999947e+00 9.447126893000000469e-03
2.567499999999999893e+00 9.454340974999999453e-03
2.569999999999999840e+00 9.456195488000000357e-03
2.572499999999999787e+00 9.440650628999999738e-03
2.575000000000000178e+00 9.435811626000000646e-03
2.577500000000000124e+00 9.407201764999999563e-03
2.580000000000000071e+00 9.382885872999999211e-03
2.582500000000000018e+00 9.386466894000000324e-03
2.584999999999999964e+00 9.373069418000000430e-03
2.587499999999999911e+00 9.363674949000000761e-03
2.589999999999999858e+00 9.332818229999999618e-03
2.592499999999999805e+00 9.314648545000000016e-03
2.595000000000000195e+00 9.330675820000000273e-03
2.597500000000000142e+00 9.316971978000000709e-03
2.600000000000000089e+00 9.303427950000000071e-03
2.602500000000000036e+00 9.309526684999999691e-03
2.604999999999999982e+00 9.280302202000000750e-03
2.607499999999999929e+00 9.247385130999999370e-03
2.609999999999999876e+00 9.254228155999999136e-03
2.612499999999999822e+00 9.226893341000000706e-03
2.615000000000000213e+00 9.229258456999999208e-03
2.617500000000000160e+00 9.250307585999999541e-03
2.620000000000000107e+00 9.207771378999999798e-03
2.622500000000000053e+00 9.194264893999999633e-03
2.625000000000000000e+00 9.196052120999999649e-03
2.627499999999999947e+00 9.174807405000000651e-03
2.629999999999999893e+00 9.176524808000000380e-03
2.632499999999999840e+00 9.181955165000000099e-03
2.634999999999999787e+00 9.133173773999999148e-03
2.637500000000000178e+00 9.133838824000000203e-03
2.640000000000000124e+00 9.129988734000000009e-03
2.642500000000000071e+00 9.118095157999999908e-03
2.645000000000000018e+00 9.100890005000000782e-03
2.647499999999999964e+00 9.081432638999999141e-03
2.649999999999999911e+00 9.084499160000000448e-03
2.652499999999999858e+00 9.072668105000000760e-03
2.654999999999999805e+00 9.076550964999999249e-03
2.657500000000000195e+00 9.049520692000000838e-03
2.660000000000000142e+00 9.012095018000000277e-03
2.662500000000000089e+00 9.009807267000000119e-03
2.665000000000000036e+00 9.038571836000000581e-03
2.667499999999999982e+00 8.963852892999999919e-03
2.669999999999999929e+00 8.984058122000000007e-03
2.672499999999999876e+00 8.970197363999999479e-03
2.674999999999999822e+00 8.979300569999999412e-03
2.677500000000000213e+00 8.969618452000000311e-03
2.680000000000000160e+00 8.932157803999999854e-03
2.682500000000000107e+00 8.927232359000000089e-03
2.685000000000000053e+00 8.937180100999999460e-03
2.687500000000000000e+00 8.902928561000000851e-03
2.689999999999999947e+00 8.895113277999999388e-03
2.692499999999999893e+00 8.897404230999999761e-03
2.694999999999999840e+00 8.885148994999999758e-03
2.697499999999999787e+00 8.859156699000000218e-03
2.700000000000000178e+00 8.853464481000000372e-03
2.702500000000000124e+00 8.839344836999999538e-03
2.705000000000000071e+00 8.850262673000000579e-03
2.707500000000000018e+00 8.792662810000000800e-03
2.709999999999999964e+00 8.840988734000000682e-03
2.712499999999999911e+00 8.826768835000000160e-03
2.714999999999999858e+00 8.781960051999999906e-03
2.717499999999999805e+00 8.774934175999999156e-03
2.720000000000000195e+00 8.775368276999999731e-03
2.722500000000000142e+00 8.738650816000000793e-03
2.725000000000000089e+00 8.751182712000000335e-03
2.727500000000000036e+00 8.747908046999999798e-03
2.729999999999999982e+00 8.700260107999999160e-03
2.732499999999999929e+00 8.709889934000000777e-03
2.734999999999999876e+00 8.681728717000000706e-03
2.737499999999999822e+00 8.690716217000000673e-03
2.740000000000000213e+00 8.682298920999999975e-03
2.742500000000000160e+00 8.682147419000000796e-03
2.745000000000000107e+00 8.684881215999999335e-03
2.747500000000000053e+00 8.634028918000000857e-03
2.750000000000000000e+00 8.661846636000000016e-03
2.752499999999999947e+00 8.609236136000000469e-03
2.754999999999999893e+00 8.599501282999999149e-03
2.757499999999999840e+00 8.605667566999999907e-03
2.759999999999999787e+00 8.584230292999999248e-03
2.762500000000000178e+00 8.577929978000000191e-03
2.765000000000000124e+00 8.584868496999999155e-03
2.767500000000000071e+00 8.553762135000000238e-03
2.770000000000000018e+00 8.574140185999999317e-03
2.772499999999999964e+00 8.544316959999999350e-03
2.774999999999999911e+00 8.535198005999999893e-03
2.777499999999999858e+00 8.505298337000000500e-03
2.779999999999999805e+00 8.513244532999999711e-03
2.782500000000000195e+00 8.472092855000000131e-03
2.785000000000000142e+00 8.490603743999999842e-03
2.787500000000000089e+00 8.457975850999999157e-03
2.790000000000000036e+00 8.467262946000000262e-03
2.792499999999999982e+00 8.464942347999999950e-03
2.794999999999999929e+00 8.456855376999999896e-03
2.797499999999999876e+00 8.454147933000000573e-03
2.799999999999999822e+00 8.448883477999999739e-03
2.802500000000000213e+00 8.383533099999999905e-03
2.805000000000000160e+00 8.393946945999999909e-03
2.807500000000000107e+00 8.397015690000000573e-03
2.810000000000000053e+00 8.392704561000000757e-03
2.812500000000000000e+00 8.365003038000000044e-03
2.814999999999999947e+00 8.364086224000000583e-03
2.817499999999999893e+00 8.347732490999999408e-03
2.819999999999999840e+00 8.352606421000000753e-03
2.822499999999999787e+00 8.327198330999999176e-03
2.825000000000000178e+00 8.294801965999999693e-03
2.827500000000000124e+00 8.291145482000000441e-03
2.830000000000000071e+00 8.294801870000000077e-03
2.832500000000000018e+00 8.290749538000000488e-03
2.834999999999999964e+00 8.273112271999999781e-03
2.837499999999999911e+00 8.246284238999999905e-03
2.839999999999999858e+00 8.229838433000000175e-03
2.842499999999999805e+00 8.257374696000000305e-03
2.845000000000000195e+00 8.211538911000000260e-03
2.847500000000000142e+00 8.207135174999999686e-03
2.850000000000000089e+00 8.176519735000000247e-03
2.852500000000000036e+00 8.208033764000000412e-03
2.854999999999999982e+00 8.164954537000000331e-03
2.857499999999999929e+00 8.162401441000000091e-03
2.859999999999999876e+00 8.151690005000000044e-03
2.862499999999999822e+00 8.139963861000000522e-03
2.865000000000000213e+00 8.126768321000000378e-03
2.867500000000000160e+00 8.135172991000000353e-03
2.870000000000000107e+00 8.124254709000000227e-03
2.872500000000000053e+00 8.098804500999999545e-03
2.875000000000000000e+00 8.102332375000000086e-03
2.877499999999999947e+00 8.085179264000000310e-03
2.879999999999999893e+00 8.081068142000000579e-03
2.882499999999999840e+00 8.050187951999999980e-03
2.884999999999999787e+00 8.055188846999999236e-03
2.887500000000000178e+00 8.037006032999999619e-03
2.890000000000000124e+00 8.053883705000000615e-03
2.892500000000000071e+00 8.026425054999999573e-03
2.895000000000000018e+00 7.991364165999999269e-03
2.897499999999999964e+00 8.005953705999999462e-03
2.899999999999999911e+00 7.987806050000000740e-03
2.902499999999999858e+00 7.993408315999999195e-03
2.904999999999999805e+00 7.986284221999999725e-03
2.907500000000000195e+00 7.957843169000000660e-03
2.910000000000000142e+00 7.957514490999999940e-03
2.912500000000000089e+00 7.951700697000000165e-03
2.915000000000000036e+00 7.911842549999999197e-03
2.917499999999999982e+00 7.931964358000000853e-03
2.919999999999999929e+00 7.869483684999999465e-03
2.922499999999999876e+00 7.882347544999999608e-03
2.924999999999999822e+00 7.874951279000000012e-03
2.927500000000000213e+00 7.879673551999999762e-03
2.930000000000000160e+00 7.867850702000000682e-03
2.932500000000000107e+00 7.854358348000000864e-03
2.935000000000000053e+00 7.874360380000000603e-03
2.937500000000000000e+00 7.838251116000000476e-03
2.939999999999999947e+00 7.820717338999999546e-03
2.942499999999999893e+00 7.802255372000000376e-03
2.944999999999999840e+00 7.822184015999999324e-03
2.947499999999999787e+00 7.807570066999999954e-03
2.950000000000000178e+00 7.787915593000000088e-03
2.952500000000000124e+00 7.772737093000000111e-03
2.955000000000000071e+00 7.757333632000000014e-03
2.957500000000000018e+00 7.742836892000000241e-03
2.959999999999999964e+00 7.725207874000000405e-03
2.962499999999999911e+00 7.704955940000000024e-03
2.964999999999999858e+00 7.717665888999999772e-03
2.967499999999999805e+00 7.707239024999999744e-03
2.970000000000000195e+00 7.696037575000000061e-03
2.972500000000000142e+00 7.667407038999999626e-03
2.975000000000000089e+00 7.686598248999999654e-03
2.977500000000000036e+00 7.658538898000000206e-03
2.979999999999999982e+00 7.628942688000000388e-03
2.982499999999999929e+00 7.658638589000000413e-03
2.984999999999999876e+00 7.619555051000000308e-03
2.987499999999999822e+00 7.605055379999999671e-03
2.990000000000000213e+00 7.620767219000000071e-03
2.992500000000000160e+00 7.602122380999999998e-03
2.995000000000000107e+00 7.606504820999999798e-03
2.997500000000000053e+00 7.580110785999999608e-03
3.000000000000000000e+00 7.557664417000000030e-03
3.002499999999999947e+00 7.544378457999999926e-03
3.004999999999999893e+00 7.535420416999999774e-03
3.007499999999999840e+00 7.515947753999999842e-03
3.009999999999999787e+00 7.494148574000000264e-03
3.012500000000000178e+00 7.524993193999999878e-03
3.015000000000000124e+00 7.507141158999999959e-03
3.017500000000000071e+00 7.510510560999999682e-03
3.020000000000000018e+00 7.478479282999999853e-03
3.022499999999999964e+00 7.473388222000000060e-03
3.024999999999999911e+00 7.447429715000000380e-03
3.027499999999999858e+00 7.444755172999999691e-03
3.029999999999999805e+00 7.444813485000000008e-03
3.032500000000000195e+00 7.436397794000000269e-03
3.035000000000000142e+00 7.434969286000000198e-03
3.037500000000000089e+00 7.407197267999999710e-03
3.040000000000000036e+00 7.430669372999999800e-03
3.042499999999999982e+00 7.409129224999999944e-03
3.044999999999999929e+00 7.412297879000000374e-03
3.047499999999999876e+00 7.371034434999999829e-03
3.049999999999999822e+00 7.357417586999999599e-03
3.052500000000000213e+00 7.343153691000000108e-03
3.055000000000000160e+00 7.333874029999999655e-03
3.057500000000000107e+00 7.340722790000000358e-03
3.060000000000000053e+00 7.306046529000000123e-03
3.062500000000000000e+00 7.292313134000000252e-03
3.064999999999999947e+00 7.317944869999999831e-03
3.067499999999999893e+00 7.296982557000000411e-03
3.069999999999999840e+00 7.273836843000000205e-03
3.072499999999999787e+00 7.254893154000000358e-03
3.075000000000000178e+00 7.237956513000000369e-03
3.077500000000000124e+00 7.233464161000000003e-03
3.080000000000000071e+00 7.235740878000000015e-03
3.082500000000000018e+00 7.235213505000000038e-03
3.084999999999999964e+00 7.210683350000000186e-03
3.087499999999999911e+00 7.177128219000000059e-03
3.089999999999999858e+00 7.191188601000000034e-03
3.092499999999999805e+00 7.181177559999999890e-03
3.095000000000000195e+00 7.166543085999999702e-03
3.097500000000000142e+00 7.174875936999999988e-03
3.100000000000000089e+00 7.161639396000000178e-03
3.102500000000000036e+00 7.136686209000000190e-03
3.104999999999999982e+00 7.120170454999999801e-03
3.107499999999999929e+00 7.147403366999999924e-03
3.109999999999999876e+00 7.108997776000000081e-03
3.112499999999999822e+00 7.101290667999999619e-03
3.115000000000000213e+00 7.093897967000000089e-03
3.117500000000000160e+00 7.078274730000000403e-03
3.120000000000000107e+00 7.052468818000000306e-03
3.122500000000000053e+00 7.055726834000000149e-03
3.125000000000000000e+00 7.042022252999999635e-03
3.127499999999999947e+00 7.052527949000000386e-03
3.129999999999999893e+00 7.050337196000000355e-03
3.132499999999999840e+00 7.024918588000000040e-03
3.134999999999999787e+00 7.018552437999999935e-03
3.137500000000000178e+00 7.018948724000000257e-03
3.140000000000000124e+00 6.945203157000000294e-03
3.142500000000000071e+00 6.990632826999999827e-03
3.145000000000000018e+00 6.939320245000000012e-03
3.147499999999999964e+00 6.951044295000000095e-03
3.149999999999999911e+00 6.935273417999999676e-03
3.152499999999999858e+00 6.936420609000000168e-03
3.154999999999999805e+00 6.919810680999999644e-03
3.157500000000000195e+00 6.917327113999999569e-03
3.160000000000000142e+00 6.866217493999999741e-03
3.162500000000000089e+00 6.895120583999999643e-03
3.165000000000000036e+00 6.886077909000000268e-03
3.167499999999999982e+00 6.878497838999999593e-03
3.169999999999999929e+00 6.885620720999999569e-03
3.172499999999999876e+00 6.859495521999999824e-03
3.174999999999999822e+00 6.849599407999999723e-03
3.177500000000000213e+00 6.819838005999999918e-03
3.180000000000000160e+00 6.823800783999999994e-03
3.182500000000000107e+00 6.822139009999999594e-03
3.185000000000000053e+00 6.797691560000000167e-03
3.187500000000000000e+00 6.807024079999999741e-03
3.189999999999999947e+00 6.784253997999999987e-03
3.192499999999999893e+00 6.778833120999999684e-03
3.194999999999999840e+00 6.758913226000000038e-03
3.197499999999999787e+00 6.743027145000000250e-03
3.200000000000000178e+00 6.746507645000000136e-03
3.202500000000000124e+00 6.727323549999999867e-03
3.205000000000000071e+00 6.701341216999999982e-03
3.207500000000000018e+00 6.703418394000000211e-03
3.209999999999999964e+00 6.684414603999999822e-03
3.212499999999999911e+00 6.685674168000000153e-03
3.214999999999999858e+00 6.669500321999999662e-03
3.217499999999999805e+00 6.660573589999999738e-03
3.220000000000000195e+00 6.653780453000000122e-03
3.222500000000000142e+00 6.655281857000000349e-03
3.225000000000000089e+00 6.638732486999999842e-03
3.227500000000000036e+00 6.622191426999999957e-03
3.229999999999999982e+00 6.652566967999999983e-03
3.232499999999999929e+00 6.602420262000000158e-03
3.234999999999999876e+00 6.604845893000000148e-03
3.237499999999999822e+00 6.616784677000000017e-03
3.240000000000000213e+00 6.587767649999999586e-03
3.242500000000000160e+00 6.555001026000000300e-03
3.245000000000000107e+00 6.556208221999999981e-03
3.247500000000000053e+00 6.546961361999999868e-03
3.250000000000000000e+00 6.537633741999999797e-03
3.252499999999999947e+00 6.526645230999999700e-03
3.254999999999999893e+00 6.512235427000000361e-03
3.257499999999999840e+00 6.511558903999999613e-03
3.259999999999999787e+00 6.503679883000000432e-03
3.262500000000000178e+00 6.509441763000000346e-03
3.265000000000000124e+00 6.466836527000000175e-03
3.267500000000000071e+00 6.472452933999999804e-03
3.270000000000000018e+00 6.475880164000000043e-03
3.272499999999999964e+00 6.456084913000000210e-03
3.274999999999999911e+00 6.460564103999999822e-03
3.277499999999999858e+00 6.421521179999999628e-03
3.279999999999999805e+00 6.422893485000000062e-03
3.282500000000000195e+00 6.409834754999999690e-03
3.285000000000000142e+00 6.393201410999999924e-03
3.287500000000000089e+00 6.407916310000000108e-03
3.290000000000000036e+00 6.407401404000000189e-03
3.292499999999999982e+00 6.389446828000000175e-03
3.294999999999999929e+00 6.361353495000000337e-03
3.297499999999999876e+00 6.360388877000000205e-03
3.299999999999999822e+00 6.334388542999999823e-03
3.302500000000000213e+00 6.324425950999999942e-03
3.305000000000000160e+00 6.319667531000000213e-03
3.307500000000000107e+00 6.282787272999999957e-03
3.310000000000000053e+00 6.315622849000000413e-03
3.312500000000000000e+00 6.296196825999999733e-03
3.314999999999999947e+00 6.270668557000000018e-03
3.317499999999999893e+00 6.252207513000000196e-03
3.319999999999999840e+00 6.274376277999999668e-03
3.322499999999999787e+00 6.256465917999999918e-03
3.325000000000000178e+00 6.242603335000000177e-03
3.327500000000000124e+00 6.243820734999999851e-03
3.330000000000000071e+00 6.233564744000000095e-03
3.332500000000000018e+00 6.201142167999999961e-03
3.334999999999999964e+00 6.212993790999999863e-03
3.337499999999999911e+00 6.191193382999999988e-03
3.339999999999999858e+00 6.162012484000000366e-03
3.342499999999999805e+00 6.159830508000000392e-03
3.345000000000000195e+00 6.146471175000000307e-03
3.347500000000000142e+00 6.165549505000000353e-03
3.350000000000000089e+00 6.164830227000000010e-03
3.352500000000000036e+00 6.102431781999999652e-03
3.354999999999999982e+00 6.129628399999999949e-03
3.357499999999999929e+00 6.099314788999999661e-03
3.359999999999999876e+00 6.086800639999999894e-03
3.362499999999999822e+00 6.088633096999999592e-03
3.365000000000000213e+00 6.071986770999999658e-03
3.367500000000000160e+00 6.059571847999999789e-03
3.370000000000000107e+00 6.066450378999999928e-03
3.372500000000000053e+00 6.047582868000000132e-03
3.375000000000000000e+00 6.027634540000000041e-03
3.377499999999999947e+00 6.023013524000000313e-03
3.379999999999999893e+00 6.009925489000000377e-03
3.382499999999999840e+00 6.022856636999999666e-03
3.384999999999999787e+00 6.004635785999999815e-03
3.387500000000000178e+00 6.006467524999999780e-03
3.390000000000000124e+00 5.986189858000000308e-03
3.392500000000000071e+00 6.003150131000000410e-03
3.395000000000000018e+00 5.970381198000000375e-03
3.397499999999999964e+00 5.952904561000000108e-03
3.399999999999999911e+00 5.947941059000000190e-03
3.402499999999999858e+00 5.933237543999999621e-03
3.404999999999999805e+00 5.917119600000000403e-03
3.407500000000000195e+00 5.901921594000000305e-03
3.410000000000000142e+00 5.904183405999999593e-03
3.412500000000000089e+00 5.893969274999999973e-03
3.415000000000000036e+00 5.874818434999999964e-03
3.417499999999999982e+00 5.868116357999999914e-03
3.419999999999999929e+00 5.866670701000000279e-03
3.422499999999999876e+00 5.877446165999999916e-03
3.424999999999999822e+00 5.849286066999999714e-03
3.427500000000000213e+00 5.843927797000000347e-03
3.430000000000000160e+00 5.843055308999999843e-03
3.432500000000000107e+00 5.822747240000000421e-03
3.435000000000000053e+00 5.805012005999999995e-03
3.437500000000000000e+00 5.781142032999999833e-03
3.439999999999999947e+00 5.792739314000000354e-03
3.442499999999999893e+00 5.803193479999999710e-03
3.444999999999999840e+00 5.781838777999999575e-03
3.447499999999999787e+00 5.754756417000000263e-03
3.450000000000000178e+00 5.726981802000000177e-03
3.452500000000000124e+00 5.737620385999999892e-03
3.455000000000000071e+00 5.717644543999999586e-03
3.457500000000000018e+00 5.697085549999999707e-03
3.459999999999999964e+00 5.686566665999999610e-03
3.462499999999999911e+00 5.680278102000000003e-03
3.464999999999999858e+00 5.706566492999999921e-03
3.467499999999999805e+00 5.687114897999999939e-03
3.470000000000000195e+00 5.658938730999999757e-03
3.472500000000000142e+00 5.653183430000000009e-03
3.475000000000000089e+00 5.644873784999999804e-03
3.477500000000000036e+00 5.644455357999999916e-03
3.479999999999999982e+00 5.650380933000000161e-03
3.482499999999999929e+00 5.605071427000000127e-03
3.484999999999999876e+00 5.590343303000000312e-03
3.487499999999999822e+00 5.614129905000000108e-03
3.490000000000000213e+00 5.601845095999999878e-03
3.492500000000000160e+00 5.571754487000000165e-03
3.495000000000000107e+00 5.564290381999999723e-03
3.497500000000000053e+00 5.551031221999999654e-03
3.500000000000000000e+00 5.576901177999999716e-03
3.502499999999999947e+00 5.536877794999999804e-03
3.504999999999999893e+00 5.526110086000000400e-03
3.507499999999999840e+00 5.490356975999999625e-03
3.509999999999999787e+00 5.510251756000000313e-03
3.512500000000000178e+00 5.511988429999999800e-03
3.515000000000000124e+00 5.495233199999999610e-03
3.517500000000000071e+00 5.491192764999999754e-03
3.520000000000000018e+00 5.472005593000000070e-03
3.522499999999999964e+00 5.476082908000000013e-03
3.524999999999999911e+00 5.443093349999999879e-03
3.527499999999999858e+00 5.437149001000000058e-03
3.529999999999999805e+00 5.431484434999999875e-03
3.532500000000000195e+00 5.420985042999999955e-03
3.535000000000000142e+00 5.407989143000000061e-03
3.537500000000000089e+00 5.397648314000000162e-03
3.540000000000000036e+00 5.375230083000000041e-03
3.542499999999999982e+00 5.379295162000000304e-03
3.544999999999999929e+00 5.366880273999999861e-03
3.547499999999999876e+00 5.364339053000000308e-03
3.549999999999999822e+00 5.357036915000000163e-03
3.552500000000000213e+00 5.339274245000000078e-03
3.555000000000000160e+00 5.340887031999999764e-03
3.557500000000000107e+00 5.317898544000000151e-03
3.560000000000000053e+00 5.302642415999999845e-03
3.562500000000000000e+00 5.283893270000000232e-03
3.564999999999999947e+00 5.282513905000000252e-03
3.567499999999999893e+00 5.273750413000000310e-03
3.569999999999999840e+00 5.304844962000000025e-03
3.572499999999999787e+00 5.293085460999999783e-03
3.575000000000000178e+00 5.247324553000000218e-03
3.577500000000000124e+00 5.269211652999999766e-03
3.580000000000000071e+00 5.225441901999999805e-03
3.582500000000000018e+00 5.228628964000000406e-03
3.584999999999999964e+00 5.219814736999999795e-03
3.587499999999999911e+00 5.193465833000000115e-03
3.589999999999999858e+00 5.182033225999999916e-03
3.592499999999999805e+00 5.199999819999999613e-03
3.595000000000000195e+00 5.172677698999999900e-03
3.597500000000000142e+00 5.151352554000000056e-03
3.600000000000000089e+00 5.132263249000000062e-03
3.602500000000000036e+00 5.156271532999999636e-03
3.604999999999999982e+00 5.156170877999999812e-03
3.607499999999999929e+00 5.136189242000000106e-03
3.609999999999999876e+00 5.141216914000000353e-03
3.612499999999999822e+00 5.112423583000000327e-03
3.615000000000000213e+00 5.111800038999999955e-03
3.617500000000000160e+00 5.078423042999999706e-03
3.620000000000000107e+00 5.079908733000000273e-03
3.622500000000000053e+00 5.082947247999999862e-03
3.625000000000000000e+00 5.043489160999999749e-03
3.627499999999999947e+00 5.034019013999999764e-03
3.629999999999999893e+00 5.034148318000000039e-03
3.632499999999999840e+00 5.036015783000000363e-03
3.634999999999999787e+00 5.012141333999999872e-03
3.637500000000000178e+00 5.002018183999999701e-03
3.640000000000000124e+00 5.000170166000000166e-03
3.642500000000000071e+00 4.999376687999999673e-03
3.645000000000000018e+00 4.970025095999999927e-03
3.647499999999999964e+00 4.998115939999999736e-03
3.649999999999999911e+00 4.942637494000000353e-03
3.652499999999999858e+00 4.958032771000000193e-03
3.654999999999999805e+00 4.928158638999999806e-03
3.657500000000000195e+00 4.946384160999999641e-03
3.660000000000000142e+00 4.907437062000000356e-03
3.662500000000000089e+00 4.919804047999999652e-03
3.665000000000000036e+00 4.914377238999999634e-03
3.667499999999999982e+00 4.891281362000000216e-03
3.669999999999999929e+00 4.886400885000000312e-03
3.672499999999999876e+00 4.856232571999999706e-03
3.674999999999999822e+00 4.859969244999999896e-03
3.677500000000000213e+00 4.877476706000000162e-03
3.680000000000000160e+00 4.856152661000000259e-03
3.682500000000000107e+00 4.851017455000000353e-03
3.685000000000000053e+00 4.847659544999999813e-03
3.687500000000000000e+00 4.818118899999999580e-03
3.689999999999999947e+00 4.814665105999999667e-03
3.692499999999999893e+00 4.800294420000000145e-03
3.694999999999999840e+00 4.785427142999999946e-03
3.697499999999999787e+00 4.790932343000000281e-03
3.700000000000000178e+00 4.778993609999999774e-03
3.702500000000000124e+00 4.764523675999999576e-03
3.705000000000000071e+00 4.767847496000000157e-03
3.707500000000000018e+00 4.730894862000000270e-03
3.709999999999999964e+00 4.726730577999999593e-03
3.712499999999999911e+00 4.717775187000000127e-03
3.714999999999999858e+00 4.739123845000000126e-03
3.717499999999999805e+00 4.702693408999999644e-03
3.720000000000000195e+00 4.726986728999999984e-03
3.722500000000000142e+00 4.698212678999999677e-03
3.725000000000000089e+00 4.674560349999999816e-03
3.727500000000000036e+00 4.666982798000000356e-03
3.729999999999999982e+00 4.665055805999999798e-03
3.732499999999999929e+00 4.670747054000000051e-03
3.734999999999999876e+00 4.636611128999999602e-03
3.737499999999999822e+00 4.625493341000000425e-03
3.740000000000000213e+00 4.629338224000000175e-03
3.742500000000000160e+00 4.610116336999999995e-03
3.745000000000000107e+00 4.604169318999999996e-03
3.747500000000000053e+00 4.579414391999999702e-03
3.750000000000000000e+00 4.584778111000000281e-03
3.752499999999999947e+00 4.592916707999999612e-03
3.754999999999999893e+00 4.593730433999999863e-03
3.757499999999999840e+00 4.551342645000000346e-03
3.759999999999999787e+00 4.530292586000000260e-03
3.762500000000000178e+00 4.537686422999999587e-03
3.765000000000000124e+00 4.522670093000000398e-03
3.767500000000000071e+00 4.532880218000000412e-03
3.770000000000000018e+00 4.509794030000000009e-03
3.772499999999999964e+00 4.505549846999999837e-03
3.774999999999999911e+00 4.489655718999999677e-03
3.777499999999999858e+00 4.473331314999999704e-03
3.779999999999999805e+00 4.499624720000000404e-03
3.782500000000000195e+00 4.467548513000000124e-03
3.785000000000000142e+00 4.456379366999999730e-03
3.787500000000000089e+00 4.445532359999999732e-03
3.790000000000000036e+00 4.432699350000000350e-03
3.792499999999999982e+00 4.431848654999999935e-03
3.794999999999999929e+00 4.418491693999999914e-03
3.797499999999999876e+00 4.425117226999999639e-03
3.799999999999999822e+00 4.390072432000000080e-03
3.802500000000000213e+00 4.387717749999999785e-03
3.805000000000000160e+00 4.390328375999999998e-03
3.807500000000000107e+00 4.346570061000000311e-03
3.810000000000000053e+00 4.362815596000000143e-03
3.812500000000000000e+00 4.335787675999999702e-03
3.814999999999999947e+00 4.350197499000000266e-03
3.817499999999999893e+00 4.352946703999999688e-03
3.819999999999999840e+00 4.307901230999999775e-03
3.822499999999999787e+00 4.296330301000000212e-03
3.825000000000000178e+00 4.298153043000000131e-03
3.827500000000000124e+00 4.286561288000000081e-03
3.830000000000000071e+00 4.279632194999999882e-03
3.832500000000000018e+00 4.277201880999999956e-03
3.834999999999999964e+00 4.262661614999999765e-03
3.837499999999999911e+00 4.241495306000000153e-03
3.839999999999999858e+00 4.242940100999999763e-03
3.842499999999999805e+00 4.233509136999999770e-03
3.845000000000000195e+00 4.234478411999999942e-03
3.847500000000000142e+00 4.208523702999999831e-03
3.850000000000000089e+00 4.211845468999999946e-03
3.852500000000000036e+00 4.188736777000000126e-03
3.854999999999999982e+00 4.166496902999999863e-03
3.857499999999999929e+00 4.166470595000000034e-03
3.859999999999999876e+00 4.163492654000000397e-03
3.862499999999999822e+00 4.138195812000000119e-03
3.865000000000000213e+00 4.134887872000000270e-03
3.867500000000000160e+00 4.138291332999999642e-03
3.870000000000000107e+00 4.150809180999999806e-03
3.872500000000000053e+00 4.117235252000000199e-03
3.875000000000000000e+00 4.103727318000000186e-03
3.877499999999999947e+00 4.087276001000000360e-03
3.879999999999999893e+00 4.079612322000000270e-03
3.882499999999999840e+00 4.087037303000000052e-03
3.884999999999999787e+00 4.069068850999999973e-03
3.887500000000000178e+00 4.051881264000000045e-03
3.890000000000000124e+00 4.062456851999999945e-03
3.892500000000000071e+00 4.057512307999999734e-03
3.895000000000000018e+00 4.046727523999999604e-03
3.897499999999999964e+00 4.014385813999999872e-03
3.899999999999999911e+00 4.028545011000000085e-03
3.902499999999999858e+00 4.010056958000000199e-03
3.904999999999999805e+00 4.005972808000000246e-03
3.907500000000000195e+00 3.992828664000000298e-03
3.910000000000000142e+00 3.974551185000000340e-03
3.912500000000000089e+00 3.970316403999999896e-03
3.915000000000000036e+00 3.954163913000000377e-03
3.917499999999999982e+00 3.970280805000000329e-03
3.919999999999999929e+00 3.963676018999999669e-03
3.922499999999999876e+00 3.915178626999999724e-03
3.924999999999999822e+00 3.918167549000000152e-03
3.927500000000000213e+00 3.932558412000000149e-03
3.930000000000000160e+00 3.910695918000000292e-03
3.932500000000000107e+00 3.902658786000000150e-03
3.935000000000000053e+00 3.874069276000000148e-03
3.937500000000000000e+00 3.861230531999999827e-03
3.939999999999999947e+00 3.860507880999999950e-03
3.942499999999999893e+00 3.851503916999999850e-03
3.944999999999999840e+00 3.838694209000000166e-03
3.947499999999999787e+00 3.839893959000000110e-03
3.950000000000000178e+00 3.831197217000000162e-03
3.952500000000000124e+00 3.830499275999999995e-03
3.955000000000000071e+00 3.822915718999999810e-03
3.957500000000000018e+00 3.782096973999999993e-03
3.959999999999999964e+00 3.792570579000000171e-03
3.962499999999999911e+00 3.799642531999999819e-03
3.964999999999999858e+00 3.741637340999999853e-03
3.967499999999999805e+00 3.755902876000000168e-03
3.970000000000000195e+00 3.782693120000000121e-03
3.972500000000000142e+00 3.739510521999999792e-03
3.975000000000000089e+00 3.753974536999999789e-03
3.977500000000000036e+00 3.729439039000000036e-03
3.979999999999999982e+00 3.730216601999999937e-03
3.982499999999999929e+00 3.705219394000000208e-03
3.984999999999999876e+00 3.717982481000000131e-03
3.987499999999999822e+00 3.688699591999999947e-03
3.990000000000000213e+00 3.689249235999999838e-03
3.992500000000000160e+00 3.666429347000000043e-03
3.995000000000000107e+00 3.649642395999999969e-03
3.997500000000000053e+00 3.657770382000000067e-03
4.000000000000000000e+00 3.631477550000000113e-03
4.002500000000000391e+00 3.621322268999999962e-03
4.004999999999999893e+00 3.637465235999999807e-03
4.007500000000000284e+00 3.615807179000000114e-03
4.009999999999999787e+00 3.609939789999999822e-03
4.012500000000000178e+00 3.599900185000000190e-03
4.014999999999999680e+00 3.590832170000000153e-03
4.017500000000000071e+00 3.576597590000000181e-03
4.019999999999999574e+00 3.567993992000000145e-03
4.022499999999999964e+00 3.550753145000000097e-03
4.025000000000000355e+00 3.563818717000000018e-03
4.027499999999999858e+00 3.541183536999999854e-03
4.030000000000000249e+00 3.548337813000000153e-03
4.032499999999999751e+00 3.534378232999999848e-03
4.035000000000000142e+00 3.501546954000000003e-03
4.037499999999999645e+00 3.508457411000000074e-03
4.040000000000000036e+00 3.501540496999999783e-03
4.042500000000000426e+00 3.488511780000000048e-03
4.044999999999999929e+00 3.494234444000000103e-03
4.047500000000000320e+00 3.478127460000000025e-03
4.049999999999999822e+00 3.448383607999999916e-03
4.052500000000000213e+00 3.467984408000000015e-03
4.054999999999999716e+00 3.433211508999999950e-03
4.057500000000000107e+00 3.424721871999999914e-03
4.059999999999999609e+00 3.399707913999999893e-03
4.062500000000000000e+00 3.415855588000000012e-03
4.065000000000000391e+00 3.397353658000000064e-03
4.067499999999999893e+00 3.407116271000000182e-03
4.070000000000000284e+00 3.378067750999999824e-03
4.072499999999999787e+00 3.368963775999999927e-03
4.075000000000000178e+00 3.354124682999999867e-03
4.077499999999999680e+00 3.360815388999999816e-03
4.080000000000000071e+00 3.351465579999999937e-03
4.082499999999999574e+00 3.358821631000000196e-03
4.084999999999999964e+00 3.336731087999999981e-03
4.087500000000000355e+00 3.321664457000000122e-03
4.089999999999999858e+00 3.310826336000000179e-03
4.092500000000000249e+00 3.299050986999999945e-03
4.094999999999999751e+00 3.313446714000000022e-03
4.097500000000000142e+00 3.303741972999999811e-03
4.099999999999999645e+00 3.282081740000000140e-03
4.102500000000000036e+00 3.258301677999999799e-03
4.105000000000000426e+00 3.244878100000000119e-03
4.107499999999999929e+00 3.223287426000000060e-03
4.110000000000000320e+00 3.237774493999999881e-03
4.112499999999999822e+00 3.226488177000000172e-03
4.115000000000000213e+00 3.225934119000000138e-03
4.117499999999999716e+00 3.205380644999999886e-03
4.120000000000000107e+00 3.212542042999999917e-03
4.122499999999999609e+00 3.173227488000000037e-03
4.125000000000000000e+00 3.171924494000000205e-03
4.127500000000000391e+00 3.186425349000000014e-03
4.129999999999999893e+00 3.153692189000000153e-03
4.132500000000000284e+00 3.146236979000000163e-03
4.134999999999999787e+00 3.145178423999999816e-03
4.137500000000000178e+00 3.129825143000000004e-03
4.139999999999999680e+00 3.119214992999999863e-03
4.142500000000000071e+00 3.093953372999999792e-03
4.144999999999999574e+00 3.104302140000000064e-03
4.147499999999999964e+00 3.081897860000000142e-03
4.150000000000000355e+00 3.092657158000000194e-03
4.152499999999999858e+00 3.071921523000000105e-03
4.155000000000000249e+00 3.077200318000000018e-03
4.157499999999999751e+00 3.084945527000000024e-03
4.160000000000000142e+00 3.073550238999999892e-03
4.162499999999999645e+00 3.019714075999999862e-03
4.165000000000000036e+00 3.042356145999999817e-03
4.167500000000000426e+00 3.027942553000000005e-03
4.169999999999999929e+00 3.016171190999999887e-03
4.172500000000000320e+00 3.008508985999999979e-03
4.174999999999999822e+00 3.013748965000000168e-03
4.177500000000000213e+00 2.976683803000000194e-03
4.179999999999999716e+00 2.967238048999999885e-03
4.182500000000000107e+00 2.968294195999999878e-03
4.184999999999999609e+00 2.964190524999999864e-03
4.187500000000000000e+00 2.934419400999999875e-03
4.190000000000000391e+00 2.951650062999999855e-03
4.192499999999999893e+00 2.938263218999999978e-03
4.195000000000000284e+00 2.914148959000000157e-03
4.197499999999999787e+00 2.898831039999999991e-03
4.200000000000000178e+00 2.894322383000000158e-03
4.202499999999999680e+00 2.931324542999999908e-03
4.205000000000000071e+00 2.851794503000000102e-03
4.207499999999999574e+00 2.888792578000000128e-03
4.209999999999999964e+00 2.867207522000000171e-03
4.212500000000000355e+00 2.851907694000000142e-03
4.214999999999999858e+00 2.830949834999999838e-03
4.217500000000000249e+00 2.852742344000000051e-03
4.219999999999999751e+00 2.817591312999999983e-03
4.222500000000000142e+00 2.824918748000000094e-03
4.224999999999999645e+00 2.794666303999999990e-03
4.227500000000000036e+00 2.793651748999999903e-03
4.230000000000000426e+00 2.796563439000000154e-03
4.232499999999999929e+00 2.782998902999999930e-03
4.235000000000000320e+00 2.772372426999999973e-03
4.237499999999999822e+00 2.761124952999999878e-03
4.240000000000000213e+00 2.760466103000000070e-03
4.242499999999999716e+00 2.744389868999999853e-03
4.245000000000000107e+00 2.733673932000000011e-03
4.247499999999999609e+00 2.706035412999999949e-03
4.250000000000000000e+00 2.732347939000000139e-03
4.252500000000000391e+00 2.718000372000000178e-03
4.254999999999999893e+00 2.684027772999999801e-03
4.257500000000000284e+00 2.683090755999999969e-03
4.259999999999999787e+00 2.696951359999999812e-03
4.262500000000000178e+00 2.654021051000000127e-03
4.264999999999999680e+00 2.664640389999999980e-03
4.267500000000000071e+00 2.645772039000000072e-03
4.269999999999999574e+00 2.639413455000000092e-03
4.272499999999999964e+00 2.647257010000000042e-03
4.275000000000000355e+00 2.641282515000000115e-03
4.277499999999999858e+00 2.623859986000000050e-03
4.280000000000000249e+00 2.607371215999999825e-03
4.282499999999999751e+00 2.598439731999999808e-03
4.285000000000000142e+00 2.606157929000000196e-03
4.287499999999999645e+00 2.577158028999999850e-03
4.290000000000000036e+00 2.572005613000000190e-03
4.292500000000000426e+00 2.559715898000000048e-03
4.294999999999999929e+00 2.552428753999999838e-03
4.297500000000000320e+00 2.555523285999999807e-03
4.299999999999999822e+00 2.548709558000000069e-03
4.302500000000000213e+00 2.534757346999999810e-03
4.304999999999999716e+00 2.522832406000000138e-03
4.307500000000000107e+00 2.507387182999999947e-03
4.309999999999999609e+00 2.499871518999999959e-03
4.312500000000000000e+00 2.495080072999999923e-03
4.315000000000000391e+00 2.472038481999999995e-03
4.317499999999999893e+00 2.461962693000000098e-03
4.320000000000000284e+00 2.455666368999999839e-03
4.322499999999999787e+00 2.456604252000000113e-03
4.325000000000000178e+00 2.432324003000000019e-03
4.327499999999999680e+00 2.445210094999999799e-03
4.330000000000000071e+00 2.429917525999999821e-03
4.332499999999999574e+00 2.419117502999999867e-03
4.334999999999999964e+00 2.405163360999999951e-03
4.337500000000000355e+00 2.415093408000000205e-03
4.339999999999999858e+00 2.399750667999999906e-03
4.342500000000000249e+00 2.393771084999999927e-03
4.344999999999999751e+00 2.385014639000000020e-03
4.347500000000000142e+00 2.369844653999999846e-03
4.349999999999999645e+00 2.356774433999999849e-03
4.352500000000000036e+00 2.345923957999999834e-03
4.355000000000000426e+00 2.336422954999999978e-03
4.357499999999999929e+00 2.335478135000000101e-03
4.360000000000000320e+00 2.312790431999999907e-03
4.362499999999999822e+00 2.305935316999999877e-03
4.365000000000000213e+00 2.298943891999999812e-03
4.367499999999999716e+00 2.287697637000000051e-03
4.370000000000000107e+00 2.296943648000000088e-03
4.372499999999999609e+00 2.269897201999999947e-03
4.375000000000000000e+00 2.271681388999999968e-03
4.377500000000000391e+00 2.244258180999999987e-03
4.379999999999999893e+00 2.252107995000000081e-03
4.382500000000000284e+00 2.232662529999999892e-03
4.384999999999999787e+00 2.224079056000000110e-03
4.387500000000000178e+00 2.207857886000000065e-03
4.389999999999999680e+00 2.203546760999999798e-03
4.392500000000000071e+00 2.218531379999999931e-03
4.394999999999999574e+00 2.182245461000000084e-03
4.397499999999999964e+00 2.169050472999999903e-03
4.400000000000000355e+00 2.156368396999999801e-03
4.402499999999999858e+00 2.170347006999999960e-03
4.405000000000000249e+00 2.144149268999999934e-03
4.407499999999999751e+00 2.150355598999999836e-03
4.410000000000000142e+00 2.124882712000000003e-03
4.412499999999999645e+00 2.135566721999999917e-03
4.415000000000000036e+00 2.119562110000000176e-03
4.417500000000000426e+00 2.095590896999999925e-03
4.419999999999999929e+00 2.107742984000000094e-03
4.422500000000000320e+00 2.097169255000000138e-03
4.424999999999999822e+00 2.085150800999999859e-03
4.427500000000000213e+00 2.080312989999999907e-03
4.429999999999999716e+00 2.051961543000000148e-03
4.432500000000000107e+00 2.042871978999999914e-03
4.434999999999999609e+00 2.036270175999999911e-03
4.437500000000000000e+00 2.052706545000000053e-03
4.440000000000000391e+00 2.021725822000000009e-03
4.442499999999999893e+00 2.024121577000000116e-03
4.445000000000000284e+00 2.009531544000000159e-03
4.447499999999999787e+00 1.993482765999999955e-03
4.450000000000000178e+00 1.978963210999999840e-03
4.452499999999999680e+00 1.986317446999999979e-03
4.455000000000000071e+00 1.952053861000000064e-03
4.457499999999999574e+00 1.945561010999999904e-03
4.459999999999999964e+00 1.964649543000000168e-03
4.462500000000000355e+00 1.953608188000000023e-03
4.464999999999999858e+00 1.942958803000000099e-03
4.467500000000000249e+00 1.935020611999999909e-03
4.469999999999999751e+00 1.904331144000000068e-03
4.472500000000000142e+00 1.915558698999999957e-03
4.474999999999999645e+00 1.881163546999999915e-03
4.477500000000000036e+00 1.884387532999999993e-03
4.480000000000000426e+00 1.889967779999999912e-03
4.482499999999999929e+00 1.868469868999999986e-03
4.485000000000000320e+00 1.865953647000000073e-03
4.487499999999999822e+00 1.856213765999999979e-03
4.490000000000000213e+00 1.840884232000000037e-03
4.492499999999999716e+00 1.840332456999999988e-03
4.495000000000000107e+00 1.803517909999999974e-03
4.497499999999999609e+00 1.798465158999999975e-03
4.500000000000000000e+00 1.799803433999999994e-03
4.502500000000000391e+00 1.793035187000000018e-03
4.504999999999999893e+00 1.797602142000000007e-03
4.507500000000000284e+00 1.788391901999999934e-03
4.509999999999999787e+00 1.768240868999999913e-03
4.512500000000000178e+00 1.777970381000000023e-03
4.514999999999999680e+00 1.747766955000000077e-03
4.517500000000000071e+00 1.714167960000000015e-03
4.519999999999999574e+00 1.769223326000000105e-03
4.522499999999999964e+00 1.725837984999999998e-03
4.525000000000000355e+00 1.726017469999999903e-03
4.527499999999999858e+00 1.708616556999999984e-03
4.530000000000000249e+00 1.704163453000000000e-03
4.532499999999999751e+00 1.678860841000000010e-03
4.535000000000000142e+00 1.671626126999999984e-03
4.537499999999999645e+00 1.679934328000000105e-03
4.540000000000000036e+00 1.680166899999999955e-03
4.542500000000000426e+00 1.657341157999999912e-03
4.544999999999999929e+00 1.627121779999999955e-03
4.547500000000000320e+00 1.647822896000000065e-03
4.549999999999999822e+00 1.624846139999999977e-03
4.552500000000000213e+00 1.620405237000000030e-03
4.554999999999999716e+00 1.605826952999999963e-03
4.557500000000000107e+00 1.601223726000000061e-03
4.559999999999999609e+00 1.565219538000000091e-03
4.562500000000000000e+00 1.585721782999999913e-03
4.565000000000000391e+00 1.561103435000000096e-03
4.567499999999999893e+00 1.558788610999999914e-03
4.570000000000000284e+00 1.540342616000000024e-03
4.572499999999999787e+00 1.535757066999999957e-03
4.575000000000000178e+00 1.544109856999999935e-03
4.577499999999999680e+00 1.530781557000000098e-03
4.580000000000000071e+00 1.517103582999999953e-03
4.582499999999999574e+00 1.485262962000000056e-03
4.584999999999999964e+00 1.496398142999999991e-03
4.587500000000000355e+00 1.491125644000000075e-03
4.589999999999999858e+00 1.481422379000000037e-03
4.592500000000000249e+00 1.472403047999999975e-03
4.594999999999999751e+00 1.456688034999999897e-03
4.597500000000000142e+00 1.457432464999999918e-03
4.599999999999999645e+00 1.453380807000000021e-03
4.602500000000000036e+00 1.446281259000000048e-03
4.605000000000000426e+00 1.427344393000000043e-03
4.607499999999999929e+00 1.405944711000000095e-03
4.610000000000000320e+00 1.415362286000000028e-03
4.612499999999999822e+00 1.398051675000000103e-03
4.615000000000000213e+00 1.413382789000000020e-03
4.617499999999999716e+00 1.366107108000000087e-03
4.620000000000000107e+00 1.364536052999999966e-03
4.622499999999999609e+00 1.355732042999999946e-03
4.625000000000000000e+00 1.349658597000000107e-03
4.627500000000000391e+00 1.344439943999999922e-03
4.629999999999999893e+00 1.314316767000000023e-03
4.632500000000000284e+00 1.319508060000000029e-03
4.634999999999999787e+00 1.301851676000000037e-03
4.637500000000000178e+00 1.305110914999999981e-03
4.639999999999999680e+00 1.298314812000000073e-03
4.642500000000000071e+00 1.296121246000000006e-03
4.644999999999999574e+00 1.280501610000000026e-03
4.647499999999999964e+00 1.257137733000000075e-03
4.650000000000000355e+00 1.251862509999999984e-03
4.652499999999999858e+00 1.255577452000000054e-03
4.655000000000000249e+00 1.234863798999999950e-03
4.657499999999999751e+00 1.213034940999999913e-03
4.660000000000000142e+00 1.241235793999999901e-03
4.662499999999999645e+00 1.210819525999999981e-03
4.665000000000000036e+00 1.196076102999999932e-03
4.667500000000000426e+00 1.194945501999999937e-03
4.669999999999999929e+00 1.197449946000000076e-03
4.672500000000000320e+00 1.172855984999999959e-03
4.674999999999999822e+00 1.178828539000000052e-03
4.677500000000000213e+00 1.168394185000000028e-03
4.679999999999999716e+00 1.156510355000000016e-03
4.682500000000000107e+00 1.125428905000000002e-03
4.684999999999999609e+00 1.134113729000000084e-03
4.687500000000000000e+00 1.138766552999999999e-03
4.690000000000000391e+00 1.127252182999999948e-03
4.692499999999999893e+00 1.114995048999999940e-03
4.695000000000000284e+00 1.092504585000000049e-03
4.697499999999999787e+00 1.092448763999999970e-03
4.700000000000000178e+00 1.071096722000000048e-03
4.702499999999999680e+00 1.082064144000000061e-03
4.705000000000000071e+00 1.048378682000000077e-03
4.707499999999999574e+00 1.044520510000000084e-03
4.709999999999999964e+00 1.057907391000000030e-03
4.712500000000000355e+00 1.034832440000000046e-03
4.714999999999999858e+00 1.017872740000000040e-03
4.717500000000000249e+00 1.011926163000000014e-03
4.719999999999999751e+00 1.023287960999999958e-03
4.722500000000000142e+00 1.013177749999999910e-03
4.724999999999999645e+00 1.000779798000000099e-03
4.727500000000000036e+00 9.646853420999999774e-04
4.730000000000000426e+00 9.647850147999999975e-04
4.732499999999999929e+00 9.609553347000000193e-04
4.735000000000000320e+00 9.523417061999999485e-04
4.737499999999999822e+00 9.475117799999999754e-04
4.740000000000000213e+00 9.452071752000000071e-04
4.742499999999999716e+00 9.194707649000000323e-04
4.745000000000000107e+00 9.236022569000000093e-04
4.747499999999999609e+00 9.140482951999999569e-04
4.750000000000000000e+00 9.149446791999999535e-04
4.752500000000000391e+00 8.737974832000000277e-04
4.754999999999999893e+00 8.705862254000000045e-04
4.757500000000000284e+00 8.717839034999999657e-04
4.759999999999999787e+00 8.559027786999999542e-04
4.762500000000000178e+00 8.573453581999999603e-04
4.764999999999999680e+00 8.395404026000000521e-04
4.767500000000000071e+00 8.541345008999999631e-04
4.769999999999999574e+00 8.415512627000000523e-04
4.772499999999999964e+00 8.266072367000000228e-04
4.775000000000000355e+00 7.978469846999999837e-04
4.777499999999999858e+00 7.974531812000000422e-04
4.780000000000000249e+00 7.916443696999999821e-04
4.782499999999999751e+00 7.977486621999999462e-04
4.785000000000000142e+00 7.712233876999999510e-04
4.787499999999999645e+00 7.821123076999999830e-04
4.790000000000000036e+00 7.669395915000000322e-04
4.792500000000000426e+00 7.546644532000000398e-04
4.794999999999999929e+00 7.538519256000000097e-04
4.797500000000000320e+00 7.281794894000000401e-04
4.799999999999999822e+00 7.186035284000000288e-04
4.802500000000000213e+00 7.100652158000000068e-04
4.804999999999999716e+00 6.994052590999999758e-04
4.807500000000000107e+00 6.882819612000000246e-04
4.809999999999999609e+00 6.909312247000000233e-04
4.812500000000000000e+00 6.608892949000000436e-04
4.815000000000000391e+00 6.751086256999999516e-04
4.817499999999999893e+00 6.463293444000000124e-04
4.820000000000000284e+00 6.307403343999999547e-04
4.822499999999999787e+00 6.431165750999999573e-04
4.825000000000000178e+00 6.148147052000000517e-04
4.827499999999999680e+00 6.318074521999999561e-04
4.830000000000000071e+00 5.947283152999999645e-04
4.832499999999999574e+00 5.962604616999999958e-04
4.834999999999999964e+00 5.987642736999999491e-04
4.837500000000000355e+00 5.726057850999999961e-04
4.839999999999999858e+00 5.856861708999999650e-04
4.842500000000000249e+00 5.678653075000000437e-04
4.844999999999999751e+00 5.743063736999999948e-04
4.847500000000000142e+00 5.462164801999999653e-04
4.849999999999999645e+00 5.553196626000000144e-04
4.852500000000000036e+00 5.423685944000000269e-04
4.855000000000000426e+00 5.017351020000000326e-04
4.857499999999999929e+00 5.195269941999999678e-04
4.860000000000000320e+00 5.199677447999999716e-04
4.862499999999999822e+00 5.007817237000000482e-04
4.865000000000000213e+00 5.023230714999999801e-04
4.867499999999999716e+00 4.673791292999999862e-04
4.870000000000000107e+00 4.571095779000000203e-04
4.872499999999999609e+00 4.654624710999999762e-04
4.875000000000000000e+00 4.498808743000000149e-04
4.877500000000000391e+00 4.445135893000000241e-04
4.879999999999999893e+00 4.321017418999999866e-04
4.882500000000000284e+00 4.241634220000000191e-04
4.884999999999999787e+00 4.111361786999999900e-04
4.887500000000000178e+00 3.981174235999999900e-04
4.889999999999999680e+00 4.027749416000000137e-04
4.892500000000000071e+00 4.048804756999999934e-04
4.894999999999999574e+00 4.044626579999999910e-04
4.897499999999999964e+00 3.870285178999999937e-04
4.900000000000000355e+00 3.408044187999999947e-04
4.902499999999999858e+00 3.486516446000000112e-04
4.905000000000000249e+00 3.504685950000000004e-04
4.907499999999999751e+00 3.419872782000000144e-04
4.910000000000000142e+00 3.292767054000000047e-04
4.912499999999999645e+00 3.282039654999999926e-04
4.915000000000000036e+00 3.084511978000000171e-04
4.917500000000000426e+00 3.082994595999999821e-04
4.919999999999999929e+00 2.793773779999999857e-04
4.922500000000000320e+00 2.778822721999999737e-04
4.924999999999999822e+00 2.436625023000000005e-04
4.927500000000000213e+00 2.626968659999999890e-04
4.929999999999999716e+00 2.583407854999999749e-04
4.932500000000000107e+00 2.441022793999999912e-04
4.934999999999999609e+00 2.109887180999999888e-04
4.937500000000000000e+00 2.248617127999999877e-04
4.940000000000000391e+00 2.191902292000000101e-04
4.942499999999999893e+00 2.164631823999999883e-04
4.945000000000000284e+00 2.185628581999999958e-04
4.947499999999999787e+00 2.091183981999999910e-04
4.950000000000000178e+00 1.932360143999999958e-04
4.952499999999999680e+00 1.808692470999999997e-04
4.955000000000000071e+00 1.612107827000000104e-04
4.957499999999999574e+00 1.560444940999999950e-04
4.959999999999999964e+00 1.484902339999999963e-04
4.962500000000000355e+00 1.384640161000000032e-04
4.964999999999999858e+00 1.226125860999999922e-04
4.967500000000000249e+00 1.241507162000000041e-04
4.969999999999999751e+00 1.140881097000000021e-04
4.972500000000000142e+00 1.106729447999999953e-04
4.974999999999999645e+00 8.170871465999999942e-05
4.977500000000000036e+00 8.194391844999999802e-05
4.980000000000000426e+00 5.311069353000000130e-05
4.982499999999999929e+00 6.258156517999999844e-05
4.985000000000000320e+00 5.945961185999999759e-05
4.987499999999999822e+00 3.996430064000000185e-05
4.990000000000000213e+00 4.139436352999999755e-05
4.992499999999999716e+00 3.064077419000000208e-05
4.995000000000000107e+00 1.072701227000000063e-05
4.997499999999999609e+00 2.411086291000000018e-05
5.000000000000000000e+00 0.000000000000000000e+00
5.002500000000000391e+00 -2.411086291000000018e-05
5.004999999999999893e+00 -1.072701227000000063e-05
5.007500000000000284e+00 -3.064077419000000208e-05
5.009999999999999787e+00 -4.139436352999999755e-05
5.012500000000000178e+00 -3.996430064000000185e-05
5.014999999999999680e+00 -5.945961185999999759e-05
5.017500000000000071e+00 -6.258156517999999844e-05
5.019999999999999574e+00 -5.311069353000000130e-05
5.022499999999999964e+00 -8.194391844999999802e-05
5.025000000000000355e+00 -8.170871465999999942e-05
5.027499999999999858e+00 -1.106729447999999953e-04
5.030000000000000249e+00 -1.140881097000000021e-04
5.032499999999999751e+00 -1.241507162000000041e-04
5.035000000000000142e+00 -1.226125860999999922e-04
5.037499999999999645e+00 -1.384640161000000032e-04
5.040000000000000036e+00 -1.484902339999999963e-04
5.042500000000000426e+00 -1.560444940999999950e-04
5.044999999999999929e+00 -1.612107827000000104e-04
5.047500000000000320e+00 -1.808692470999999997e-04
5.049999999999999822e+00 -1.932360143999999958e-04
5.052500000000000213e+00 -2.091183981999999910e-04
5.054999999999999716e+00 -2.185628581999999958e-04
5.057500000000000107e+00 -2.164631823999999883e-04
5.059999999999999609e+00 -2.191902292000000101e-04
5.062500000000000000e+00 -2.248617127999999877e-04
5.065000000000000391e+00 -2.109887180999999888e-04
5.067499999999999893e+00 -2.441022793999999912e-04
5.070000000000000284e+00 -2.583407854999999749e-04
5.072499999999999787e+00 -2.626968659999999890e-04
5.075000000000000178e+00 -2.436625023000000005e-04
5.077499999999999680e+00 -2.778822721999999737e-04
5.080000000000000071e+00 -2.793773779999999857e-04
5.082499999999999574e+00 -3.082994595999999821e-04
5.084999999999999964e+00 -3.084511978000000171e-04
5.087500000000000355e+00 -3.282039654999999926e-04
5.089999999999999858e+00 -3.292767054000000047e-04
5.092500000000000249e+00 -3.419872782000000144e-04
5.094999999999999751e+00 -3.504685950000000004e-04
5.097500000000000142e+00 -3.486516446000000112e-04
5.099999999999999645e+00 -3.408044187999999947e-04
5.102500000000000036e+00 -3.870285178999999937e-04
5.105000000000000426e+00 -4.044626579999999910e-04
5.107499999999999929e+00 -4.048804756999999934e-04
5.110000000000000320e+00 -4.027749416000000137e-04
5.112499999999999822e+00 -3.981174235999999900e-04
5.115000000000000213e+00 -4.111361786999999900e-04
5.117499999999999716e+00 -4.241634220000000191e-04
5.120000000000000107e+00 -4.321017418999999866e-04
5.122499999999999609e+00 -4.445135893000000241e-04
5.125000000000000000e+00 -4.498808743000000149e-04
5.127500000000000391e+00 -4.654624710999999762e-04
5.129999999999999893e+00 -4.571095779000000203e-04
5.132500000000000284e+00 -4.673791292999999862e-04
5.134999999999999787e+00 -5.023230714999999801e-04
5.137500000000000178e+00 -5.007817237000000482e-04
5.139999999999999680e+00 -5.199677447999999716e-04
5.142500000000000071e+00 -5.195269941999999678e-04
5.144999999999999574e+00 -5.017351020000000326e-04
5.147499999999999964e+00 -5.423685944000000269e-04
5.150000000000000355e+00 -5.553196626000000144e-04
5.152499999999999858e+00 -5.462164801999999653e-04
5.155000000000000249e+00 -5.743063736999999948e-04
5.157499999999999751e+00 -5.678653075000000437e-04
5.160000000000000142e+00 -5.856861708999999650e-04
5.162499999999999645e+00 -5.726057850999999961e-04
5.165000000000000036e+00 -5.987642736999999491e-04
5.167500000000000426e+00 -5.962604616999999958e-04
5.169999999999999929e+00 -5.947283152999999645e-04
5.172500000000000320e+00 -6.318074521999999561e-04
5.174999999999999822e+00 -6.148147052000000517e-04
5.177500000000000213e+00 -6.431165750999999573e-04
5.179999999999999716e+00 -6.307403343999999547e-04
5.182500000000000107e+00 -6.463293444000000124e-04
5.184999999999999609e+00 -6.751086256999999516e-04
5.187500000000000000e+00 -6.608892949000000436e-04
5.190000000000000391e+00 -6.909312247000000233e-04
5.192499999999999893e+00 -6.882819612000000246e-04
5.195000000000000284e+00 -6.994052590999999758e-04
5.197499999999999787e+00 -7.100652158000000068e-04
5.200000000000000178e+00 -7.186035284000000288e-04
5.202499999999999680e+00 -7.281794894000000401e-04
5.205000000000000071e+00 -7.538519256000000097e-04
5.207499999999999574e+00 -7.546644532000000398e-04
5.209999999999999964e+00 -7.669395915000000322e-04
5.212500000000000355e+00 -7.821123076999999830e-04
5.214999999999999858e+00 -7.712233876999999510e-04
5.217500000000000249e+00 -7.977486621999999462e-04
5.219999999999999751e+00 -7.916443696999999821e-04
5.222500000000000142e+00 -7.974531812000000422e-04
5.224999999999999645e+00 -7.978469846999999837e-04
5.227500000000000036e+00 -8.266072367000000228e-04
5.230000000000000426e+00 -8.415512627000000523e-04
5.232499999999999929e+00 -8.541345008999999631e-04
5.235000000000000320e+00 -8.395404026000000521e-04
5.237499999999999822e+00 -8.573453581999999603e-04
5.240000000000000213e+00 -8.559027786999999542e-04
5.242499999999999716e+00 -8.717839034999999657e-04
5.245000000000000107e+00 -8.705862254000000045e-04
5.247499999999999609e+00 -8.737974832000000277e-04
5.250000000000000000e+00 -9.149446791999999535e-04
5.252500000000000391e+00 -9.140482951999999569e-04
5.254999999999999893e+00 -9.236022569000000093e-04
5.257500000000000284e+00 -9.194707649000000323e-04
5.259999999999999787e+00 -9.452071752000000071e-04
5.262500000000000178e+00 -9.475117799999999754e-04
5.264999999999999680e+00 -9.523417061999999485e-04
5.267500000000000071e+00 -9.609553347000000193e-04
5.269999999999999574e+00 -9.647850147999999975e-04
5.272499999999999964e+00 -9.646853420999999774e-04
5.275000000000000355e+00 -1.000779798000000099e-03
5.277499999999999858e+00 -1.013177749999999910e-03
5.280000000000000249e+00 -1.023287960999999958e-03
5.282499999999999751e+00 -1.011926163000000014e-03
5.285000000000000142e+00 -1.017872740000000040e-03
5.287499999999999645e+00 -1.034832440000000046e-03
5.290000000000000036e+00 -1.057907391000000030e-03
5.292500000000000426e+00 -1.044520510000000084e-03
5.294999999999999929e+00 -1.048378682000000077e-03
5.297500000000000320e+00 -1.082064144000000061e-03
5.299999999999999822e+00 -1.071096722000000048e-03
5.302500000000000213e+00 -1.092448763999999970e-03
5.304999999999999716e+00 -1.092504585000000049e-03
5.307500000000000107e+00 -1.114995048999999940e-03
5.309999999999999609e+00 -1.127252182999999948e-03
5.312500000000000000e+00 -1.138766552999999999e-03
5.315000000000000391e+00 -1.134113729000000084e-03
5.317499999999999893e+00 -1.125428905000000002e-03
5.320000000000000284e+00 -1.156510355000000016e-03
5.322499999999999787e+00 -1.168394185000000028e-03
5.325000000000000178e+00 -1.178828539000000052e-03
5.327499999999999680e+00 -1.172855984999999959e-03
5.330000000000000071e+00 -1.197449946000000076e-03
5.332499999999999574e+00 -1.194945501999999937e-03
5.334999999999999964e+00 -1.196076102999999932e-03
5.337500000000000355e+00 -1.210819525999999981e-03
5.339999999999999858e+00 -1.241235793999999901e-03
5.342500000000000249e+00 -1.213034940999999913e-03
5.344999999999999751e+00 -1.234863798999999950e-03
5.347500000000000142e+00 -1.255577452000000054e-03
5.349999999999999645e+00 -1.251862509999999984e-03
5.352500000000000036e+00 -1.257137733000000075e-03
5.355000000000000426e+00 -1.280501610000000026e-03
5.357499999999999929e+00 -1.296121246000000006e-03
5.360000000000000320e+00 -1.298314812000000073e-03
5.362499999999999822e+00 -1.305110914999999981e-03
5.365000000000000213e+00 -1.301851676000000037e-03
5.367499999999999716e+00 -1.319508060000000029e-03
5.370000000000000107e+00 -1.314316767000000023e-03
5.372499999999999609e+00 -1.344439943999999922e-03
5.375000000000000000e+00 -1.349658597000000107e-03
5.377500000000000391e+00 -1.355732042999999946e-03
5.379999999999999893e+00 -1.364536052999999966e-03
5.382500000000000284e+00 -1.366107108000000087e-03
5.384999999999999787e+00 -1.413382789000000020e-03
5.387500000000000178e+00 -1.398051675000000103e-03
5.389999999999999680e+00 -1.415362286000000028e-03
5.392500000000000071e+00 -1.405944711000000095e-03
5.394999999999999574e+00 -1.427344393000000043e-03
5.397499999999999964e+00 -1.446281259000000048e-03
5.400000000000000355e+00 -1.453380807000000021e-03
5.402499999999999858e+00 -1.457432464999999918e-03
5.405000000000000249e+00 -1.456688034999999897e-03
5.407499999999999751e+00 -1.472403047999999975e-03
5.410000000000000142e+00 -1.481422379000000037e-03
5.412499999999999645e+00 -1.491125644000000075e-03
5.415000000000000036e+00 -1.496398142999999991e-03
5.417500000000000426e+00 -1.485262962000000056e-03
5.419999999999999929e+00 -1.517103582999999953e-03
5.422500000000000320e+00 -1.530781557000000098e-03
5.424999999999999822e+00 -1.544109856999999935e-03
5.427500000000000213e+00 -1.535757066999999957e-03
5.429999999999999716e+00 -1.540342616000000024e-03
5.432500000000000107e+00 -1.558788610999999914e-03
5.434999999999999609e+00 -1.561103435000000096e-03
5.437500000000000000e+00 -1.585721782999999913e-03
5.440000000000000391e+00 -1.565219538000000091e-03
5.442499999999999893e+00 -1.601223726000000061e-03
5.445000000000000284e+00 -1.605826952999999963e-03
5.447499999999999787e+00 -1.620405237000000030e-03
5.450000000000000178e+00 -1.624846139999999977e-03
5.452499999999999680e+00 -1.647822896000000065e-03
5.455000000000000071e+00 -1.627121779999999955e-03
5.457499999999999574e+00 -1.657341157999999912e-03
5.459999999999999964e+00 -1.680166899999999955e-03
5.462500000000000355e+00 -1.679934328000000105e-03
5.464999999999999858e+00 -1.671626126999999984e-03
5.467500000000000249e+00 -1.678860841000000010e-03
5.469999999999999751e+00 -1.704163453000000000e-03
5.472500000000000142e+00 -1.708616556999999984e-03
5.474999999999999645e+00 -1.726017469999999903e-03
5.477500000000000036e+00 -1.725837984999999998e-03
5.480000000000000426e+00 -1.769223326000000105e-03
5.482499999999999929e+00 -1.714167960000000015e-03
5.485000000000000320e+00 -1.747766955000000077e-03
5.487499999999999822e+00 -1.777970381000000023e-03
5.490000000000000213e+00 -1.768240868999999913e-03
5.492499999999999716e+00 -1.788391901999999934e-03
5.495000000000000107e+00 -1.797602142000000007e-03
5.497499999999999609e+00 -1.793035187000000018e-03
5.500000000000000000e+00 -1.799803433999999994e-03
5.502500000000000391e+00 -1.798465158999999975e-03
5.504999999999999893e+00 -1.803517909999999974e-03
5.507500000000000284e+00 -1.840332456999999988e-03
5.509999999999999787e+00 -1.840884232000000037e-03
5.512500000000000178e+00 -1.856213765999999979e-03
5.514999999999999680e+00 -1.865953647000000073e-03
5.517500000000000071e+00 -1.868469868999999986e-03
5.519999999999999574e+00 -1.889967779999999912e-03
5.522499999999999964e+00 -1.884387532999999993e-03
5.525000000000000355e+00 -1.881163546999999915e-03
5.527499999999999858e+00 -1.915558698999999957e-03
5.530000000000000249e+00 -1.904331144000000068e-03
5.532499999999999751e+00 -1.935020611999999909e-03
5.535000000000000142e+00 -1.942958803000000099e-03
5.537499999999999645e+00 -1.953608188000000023e-03
5.540000000000000036e+00 -1.964649543000000168e-03
5.542500000000000426e+00 -1.945561010999999904e-03
5.544999999999999929e+00 -1.952053861000000064e-03
5.547500000000000320e+00 -1.986317446999999979e-03
5.549999999999999822e+00 -1.978963210999999840e-03
5.552500000000000213e+00 -1.993482765999999955e-03
5.554999999999999716e+00 -2.009531544000000159e-03
5.557500000000000107e+00 -2.024121577000000116e-03
5.559999999999999609e+00 -2.021725822000000009e-03
5.562500000000000000e+00 -2.052706545000000053e-03
5.565000000000000391e+00 -2.036270175999999911e-03
5.567499999999999893e+00 -2.042871978999999914e-03
5.570000000000000284e+00 -2.051961543000000148e-03
5.572499999999999787e+00 -2.080312989999999907e-03
5.575000000000000178e+00 -2.085150800999999859e-03
5.577499999999999680e+00 -2.097169255000000138e-03
5.580000000000000071e+00 -2.107742984000000094e-03
5.582499999999999574e+00 -2.095590896999999925e-03
5.584999999999999964e+00 -2.119562110000000176e-03
5.587500000000000355e+00 -2.135566721999999917e-03
5.589999999999999858e+00 -2.124882712000000003e-03
5.592500000000000249e+00 -2.150355598999999836e-03
5.594999999999999751e+00 -2.144149268999999934e-03
5.597500000000000142e+00 -2.170347006999999960e-03
5.599999999999999645e+00 -2.156368396999999801e-03
5.602500000000000036e+00 -2.169050472999999903e-03
5.605000000000000426e+00 -2.182245461000000084e-03
5.607499999999999929e+00 -2.218531379999999931e-03
5.610000000000000320e+00 -2.203546760999999798e-03
5.612499999999999822e+00 -2.207857886000000065e-03
5.615000000000000213e+00 -2.224079056000000110e-03
5.617499999999999716e+00 -2.232662529999999892e-03
5.620000000000000107e+00 -2.252107995000000081e-03
5.622499999999999609e+00 -2.244258180999999987e-03
5.625000000000000000e+00 -2.271681388999999968e-03
5.627500000000000391e+00 -2.269897201999999947e-03
5.629999999999999893e+00 -2.296943648000000088e-03
5.632500000000000284e+00 -2.287697637000000051e-03
5.634999999999999787e+00 -2.298943891999999812e-03
5.637500000000000178e+00 -2.305935316999999877e-03
5.639999999999999680e+00 -2.312790431999999907e-03
5.642500000000000071e+00 -2.335478135000000101e-03
5.644999999999999574e+00 -2.336422954999999978e-03
5.647499999999999964e+00 -2.345923957999999834e-03
5.650000000000000355e+00 -2.356774433999999849e-03
5.652499999999999858e+00 -2.369844653999999846e-03
5.655000000000000249e+00 -2.385014639000000020e-03
5.657499999999999751e+00 -2.393771084999999927e-03
5.660000000000000142e+00 -2.399750667999999906e-03
5.662499999999999645e+00 -2.415093408000000205e-03
5.665000000000000036e+00 -2.405163360999999951e-03
5.667500000000000426e+00 -2.419117502999999867e-03
5.669999999999999929e+00 -2.429917525999999821e-03
5.672500000000000320e+00 -2.445210094999999799e-03
5.674999999999999822e+00 -2.432324003000000019e-03
5.677500000000000213e+00 -2.456604252000000113e-03
5.679999999999999716e+00 -2.455666368999999839e-03
5.682500000000000107e+00 -2.461962693000000098e-03
5.684999999999999609e+00 -2.472038481999999995e-03
5.687500000000000000e+00 -2.495080072999999923e-03
5.690000000000000391e+00 -2.499871518999999959e-03
5.692499999999999893e+00 -2.507387182999999947e-03
5.695000000000000284e+00 -2.522832406000000138e-03
5.697499999999999787e+00 -2.534757346999999810e-03
5.700000000000000178e+00 -2.548709558000000069e-03
5.702499999999999680e+00 -2.555523285999999807e-03
5.705000000000000071e+00 -2.552428753999999838e-03
5.707499999999999574e+00 -2.559715898000000048e-03
5.709999999999999964e+00 -2.572005613000000190e-03
5.712500000000000355e+00 -2.577158028999999850e-03
5.714999999999999858e+00 -2.606157929000000196e-03
5.717500000000000249e+00 -2.598439731999999808e-03
5.719999999999999751e+00 -2.607371215999999825e-03
5.722500000000000142e+00 -2.623859986000000050e-03
5.724999999999999645e+00 -2.641282515000000115e-03
5.727500000000000036e+00 -2.647257010000000042e-03
5.730000000000000426e+00 -2.639413455000000092e-03
5.732499999999999929e+00 -2.645772039000000072e-03
5.735000000000000320e+00 -2.664640389999999980e-03
5.737499999999999822e+00 -2.654021051000000127e-03
5.740000000000000213e+00 -2.696951359999999812e-03
5.742499999999999716e+00 -2.683090755999999969e-03
5.745000000000000107e+00 -2.684027772999999801e-03
5.747499999999999609e+00 -2.718000372000000178e-03
5.750000000000000000e+00 -2.732347939000000139e-03
5.752500000000000391e+00 -2.706035412999999949e-03
5.754999999999999893e+00 -2.733673932000000011e-03
5.757500000000000284e+00 -2.744389868999999853e-03
5.759999999999999787e+00 -2.760466103000000070e-03
5.762500000000000178e+00 -2.761124952999999878e-03
5.764999999999999680e+00 -2.772372426999999973e-03
5.767500000000000071e+00 -2.782998902999999930e-03
5.769999999999999574e+00 -2.796563439000000154e-03
5.772499999999999964e+00 -2.793651748999999903e-03
5.775000000000000355e+00 -2.794666303999999990e-03
5.777499999999999858e+00 -2.824918748000000094e-03
5.780000000000000249e+00 -2.817591312999999983e-03
5.782499999999999751e+00 -2.852742344000000051e-03
5.785000000000000142e+00 -2.830949834999999838e-03
5.787499999999999645e+00 -2.851907694000000142e-03
5.790000000000000036e+00 -2.867207522000000171e-03
5.792500000000000426e+00 -2.888792578000000128e-03
5.794999999999999929e+00 -2.851794503000000102e-03
5.797500000000000320e+00 -2.931324542999999908e-03
5.799999999999999822e+00 -2.894322383000000158e-03
5.802500000000000213e+00 -2.898831039999999991e-03
5.804999999999999716e+00 -2.914148959000000157e-03
5.807500000000000107e+00 -2.938263218999999978e-03
5.809999999999999609e+00 -2.951650062999999855e-03
5.812500000000000000e+00 -2.934419400999999875e-03
5.815000000000000391e+00 -2.964190524999999864e-03
5.817499999999999893e+00 -2.968294195999999878e-03
5.820000000000000284e+00 -2.967238048999999885e-03
5.822499999999999787e+00 -2.976683803000000194e-03
5.825000000000000178e+00 -3.013748965000000168e-03
5.827499999999999680e+00 -3.008508985999999979e-03
5.830000000000000071e+00 -3.016171190999999887e-03
5.832499999999999574e+00 -3.027942553000000005e-03
5.834999999999999964e+00 -3.042356145999999817e-03
5.837500000000000355e+00 -3.019714075999999862e-03
5.839999999999999858e+00 -3.073550238999999892e-03
5.842500000000000249e+00 -3.084945527000000024e-03
5.844999999999999751e+00 -3.077200318000000018e-03
5.847500000000000142e+00 -3.071921523000000105e-03
5.849999999999999645e+00 -3.092657158000000194e-03
5.852500000000000036e+00 -3.081897860000000142e-03
5.855000000000000426e+00 -3.104302140000000064e-03
5.857499999999999929e+00 -3.093953372999999792e-03
5.860000000000000320e+00 -3.119214992999999863e-03
5.862499999999999822e+00 -3.129825143000000004e-03
5.865000000000000213e+00 -3.145178423999999816e-03
5.867499999999999716e+00 -3.146236979000000163e-03
5.870000000000000107e+00 -3.153692189000000153e-03
5.872499999999999609e+00 -3.186425349000000014e-03
5.875000000000000000e+00 -3.171924494000000205e-03
5.877500000000000391e+00 -3.173227488000000037e-03
5.879999999999999893e+00 -3.212542042999999917e-03
5.882500000000000284e+00 -3.205380644999999886e-03
5.884999999999999787e+00 -3.225934119000000138e-03
5.887500000000000178e+00 -3.226488177000000172e-03
5.889999999999999680e+00 -3.237774493999999881e-03
5.892500000000000071e+00 -3.223287426000000060e-03
5.894999999999999574e+00 -3.244878100000000119e-03
5.897499999999999964e+00 -3.258301677999999799e-03
5.900000000000000355e+00 -3.282081740000000140e-03
5.902499999999999858e+00 -3.303741972999999811e-03
5.905000000000000249e+00 -3.313446714000000022e-03
5.907499999999999751e+00 -3.299050986999999945e-03
5.910000000000000142e+00 -3.310826336000000179e-03
5.912499999999999645e+00 -3.321664457000000122e-03
5.915000000000000036e+00 -3.336731087999999981e-03
5.917500000000000426e+00 -3.358821631000000196e-03
5.919999999999999929e+00 -3.351465579999999937e-03
5.922500000000000320e+00 -3.360815388999999816e-03
5.924999999999999822e+00 -3.354124682999999867e-03
5.927500000000000213e+00 -3.368963775999999927e-03
5.929999999999999716e+00 -3.378067750999999824e-03
5.932500000000000107e+00 -3.407116271000000182e-03
5.934999999999999609e+00 -3.397353658000000064e-03
5.937500000000000000e+00 -3.415855588000000012e-03
5.940000000000000391e+00 -3.399707913999999893e-03
5.942499999999999893e+00 -3.424721871999999914e-03
5.945000000000000284e+00 -3.433211508999999950e-03
5.947499999999999787e+00 -3.467984408000000015e-03
5.950000000000000178e+00 -3.448383607999999916e-03
5.952499999999999680e+00 -3.478127460000000025e-03
5.955000000000000071e+00 -3.494234444000000103e-03
5.957499999999999574e+00 -3.488511780000000048e-03
5.959999999999999964e+00 -3.501540496999999783e-03
5.962500000000000355e+00 -3.508457411000000074e-03
5.964999999999999858e+00 -3.501546954000000003e-03
5.967500000000000249e+00 -3.534378232999999848e-03
5.969999999999999751e+00 -3.548337813000000153e-03
5.972500000000000142e+00 -3.541183536999999854e-03
5.974999999999999645e+00 -3.563818717000000018e-03
5.977500000000000036e+00 -3.550753145000000097e-03
5.980000000000000426e+00 -3.567993992000000145e-03
5.982499999999999929e+00 -3.576597590000000181e-03
5.985000000000000320e+00 -3.590832170000000153e-03
5.987499999999999822e+00 -3.599900185000000190e-03
5.990000000000000213e+00 -3.609939789999999822e-03
5.992499999999999716e+00 -3.615807179000000114e-03
5.995000000000000107e+00 -3.637465235999999807e-03
5.997499999999999609e+00 -3.621322268999999962e-03
6.000000000000000000e+00 -3.631477550000000113e-03
6.002500000000000391e+00 -3.657770382000000067e-03
6.004999999999999893e+00 -3.649642395999999969e-03
6.007500000000000284e+00 -3.666429347000000043e-03
6.009999999999999787e+00 -3.689249235999999838e-03
6.012500000000000178e+00 -3.688699591999999947e-03
6.014999999999999680e+00 -3.717982481000000131e-03
6.017500000000000071e+00 -3.705219394000000208e-03
6.019999999999999574e+00 -3.730216601999999937e-03
6.022499999999999964e+00 -3.729439039000000036e-03
6.025000000000000355e+00 -3.753974536999999789e-03
6.027499999999999858e+00 -3.739510521999999792e-03
6.030000000000000249e+00 -3.782693120000000121e-03
6.032499999999999751e+00 -3.755902876000000168e-03
6.035000000000000142e+00 -3.741637340999999853e-03
6.037499999999999645e+00 -3.799642531999999819e-03
6.040000000000000036e+00 -3.792570579000000171e-03
6.042500000000000426e+00 -3.782096973999999993e-03
6.044999999999999929e+00 -3.822915718999999810e-03
6.047500000000000320e+00 -3.830499275999999995e-03
6.049999999999999822e+00 -3.831197217000000162e-03
6.052500000000000213e+00 -3.839893959000000110e-03
6.054999999999999716e+00 -3.838694209000000166e-03
6.057500000000000107e+00 -3.851503916999999850e-03
6.059999999999999609e+00 -3.860507880999999950e-03
6.062500000000000000e+00 -3.861230531999999827e-03
6.065000000000000391e+00 -3.874069276000000148e-03
6.067499999999999893e+00 -3.902658786000000150e-03
6.070000000000000284e+00 -3.910695918000000292e-03
6.072499999999999787e+00 -3.932558412000000149e-03
6.075000000000000178e+00 -3.918167549000000152e-03
6.077499999999999680e+00 -3.915178626999999724e-03
6.080000000000000071e+00 -3.963676018999999669e-03
6.082499999999999574e+00 -3.970280805000000329e-03
6.084999999999999964e+00 -3.954163913000000377e-03
6.087500000000000355e+00 -3.970316403999999896e-03
6.089999999999999858e+00 -3.974551185000000340e-03
6.092500000000000249e+00 -3.992828664000000298e-03
6.094999999999999751e+00 -4.005972808000000246e-03
6.097500000000000142e+00 -4.010056958000000199e-03
6.099999999999999645e+00 -4.028545011000000085e-03
6.102500000000000036e+00 -4.014385813999999872e-03
6.105000000000000426e+00 -4.046727523999999604e-03
6.107499999999999929e+00 -4.057512307999999734e-03
6.110000000000000320e+00 -4.062456851999999945e-03
6.112499999999999822e+00 -4.051881264000000045e-03
6.115000000000000213e+00 -4.069068850999999973e-03
6.117499999999999716e+00 -4.087037303000000052e-03
6.120000000000000107e+00 -4.079612322000000270e-03
6.122499999999999609e+00 -4.087276001000000360e-03
6.125000000000000000e+00 -4.103727318000000186e-03
6.127500000000000391e+00 -4.117235252000000199e-03
6.129999999999999893e+00 -4.150809180999999806e-03
6.132500000000000284e+00 -4.138291332999999642e-03
6.134999999999999787e+00 -4.134887872000000270e-03
6.137500000000000178e+00 -4.138195812000000119e-03
6.139999999999999680e+00 -4.163492654000000397e-03
6.142500000000000071e+00 -4.166470595000000034e-03
6.144999999999999574e+00 -4.166496902999999863e-03
6.147499999999999964e+00 -4.188736777000000126e-03
6.150000000000000355e+00 -4.211845468999999946e-03
6.152499999999999858e+00 -4.208523702999999831e-03
6.155000000000000249e+00 -4.234478411999999942e-03
6.157499999999999751e+00 -4.233509136999999770e-03
6.160000000000000142e+00 -4.242940100999999763e-03
6.162499999999999645e+00 -4.241495306000000153e-03
6.165000000000000036e+00 -4.262661614999999765e-03
6.167500000000000426e+00 -4.277201880999999956e-03
6.169999999999999929e+00 -4.279632194999999882e-03
6.172500000000000320e+00 -4.286561288000000081e-03
6.174999999999999822e+00 -4.298153043000000131e-03
6.177500000000000213e+00 -4.296330301000000212e-03
6.179999999999999716e+00 -4.307901230999999775e-03
6.182500000000000107e+00 -4.352946703999999688e-03
6.184999999999999609e+00 -4.350197499000000266e-03
6.187500000000000000e+00 -4.335787675999999702e-03
6.190000000000000391e+00 -4.362815596000000143e-03
6.192499999999999893e+00 -4.346570061000000311e-03
6.195000000000000284e+00 -4.390328375999999998e-03
6.197499999999999787e+00 -4.387717749999999785e-03
6.200000000000000178e+00 -4.390072432000000080e-03
6.202499999999999680e+00 -4.425117226999999639e-03
6.205000000000000071e+00 -4.418491693999999914e-03
6.207499999999999574e+00 -4.431848654999999935e-03
6.209999999999999964e+00 -4.432699350000000350e-03
6.212500000000000355e+00 -4.445532359999999732e-03
6.214999999999999858e+00 -4.456379366999999730e-03
6.217500000000000249e+00 -4.467548513000000124e-03
6.219999999999999751e+00 -4.499624720000000404e-03
6.222500000000000142e+00 -4.473331314999999704e-03
6.224999999999999645e+00 -4.489655718999999677e-03
6.227500000000000036e+00 -4.505549846999999837e-03
6.230000000000000426e+00 -4.509794030000000009e-03
6.232499999999999929e+00 -4.532880218000000412e-03
6.235000000000000320e+00 -4.522670093000000398e-03
6.237499999999999822e+00 -4.537686422999999587e-03
6.240000000000000213e+00 -4.530292586000000260e-03
6.242499999999999716e+00 -4.551342645000000346e-03
6.245000000000000107e+00 -4.593730433999999863e-03
6.247499999999999609e+00 -4.592916707999999612e-03
6.250000000000000000e+00 -4.584778111000000281e-03
6.252500000000000391e+00 -4.579414391999999702e-03
6.254999999999999893e+00 -4.604169318999999996e-03
6.257500000000000284e+00 -4.610116336999999995e-03
6.259999999999999787e+00 -4.629338224000000175e-03
6.262500000000000178e+00 -4.625493341000000425e-03
6.264999999999999680e+00 -4.636611128999999602e-03
6.267500000000000071e+00 -4.670747054000000051e-03
6.269999999999999574e+00 -4.665055805999999798e-03
6.272499999999999964e+00 -4.666982798000000356e-03
6.275000000000000355e+00 -4.674560349999999816e-03
6.277499999999999858e+00 -4.698212678999999677e-03
6.280000000000000249e+00 -4.726986728999999984e-03
6.282499999999999751e+00 -4.702693408999999644e-03
6.285000000000000142e+00 -4.739123845000000126e-03
6.287499999999999645e+00 -4.717775187000000127e-03
6.290000000000000036e+00 -4.726730577999999593e-03
6.292500000000000426e+00 -4.730894862000000270e-03
6.294999999999999929e+00 -4.767847496000000157e-03
6.297500000000000320e+00 -4.764523675999999576e-03
6.299999999999999822e+00 -4.778993609999999774e-03
6.302500000000000213e+00 -4.790932343000000281e-03
6.304999999999999716e+00 -4.785427142999999946e-03
6.307500000000000107e+00 -4.800294420000000145e-03
6.309999999999999609e+00 -4.814665105999999667e-03
6.312500000000000000e+00 -4.818118899999999580e-03
6.315000000000000391e+00 -4.847659544999999813e-03
6.317499999999999893e+00 -4.851017455000000353e-03
6.320000000000000284e+00 -4.856152661000000259e-03
6.322499999999999787e+00 -4.877476706000000162e-03
6.325000000000000178e+00 -4.859969244999999896e-03
6.327499999999999680e+00 -4.856232571999999706e-03
6.330000000000000071e+00 -4.886400885000000312e-03
6.332499999999999574e+00 -4.891281362000000216e-03
6.334999999999999964e+00 -4.914377238999999634e-03
6.337500000000000355e+00 -4.919804047999999652e-03
6.339999999999999858e+00 -4.907437062000000356e-03
6.342500000000000249e+00 -4.946384160999999641e-03
6.344999999999999751e+00 -4.928158638999999806e-03
6.347500000000000142e+00 -4.958032771000000193e-03
6.349999999999999645e+00 -4.942637494000000353e-03
6.352500000000000036e+00 -4.998115939999999736e-03
6.355000000000000426e+00 -4.970025095999999927e-03
6.357499999999999929e+00 -4.999376687999999673e-03
6.360000000000000320e+00 -5.000170166000000166e-03
6.362499999999999822e+00 -5.002018183999999701e-03
6.365000000000000213e+00 -5.012141333999999872e-03
6.367499999999999716e+00 -5.036015783000000363e-03
6.370000000000000107e+00 -5.034148318000000039e-03
6.372499999999999609e+00 -5.034019013999999764e-03
6.375000000000000000e+00 -5.043489160999999749e-03
6.377500000000000391e+00 -5.082947247999999862e-03
6.379999999999999893e+00 -5.079908733000000273e-03
6.382500000000000284e+00 -5.078423042999999706e-03
6.384999999999999787e+00 -5.111800038999999955e-03
6.387500000000000178e+00 -5.112423583000000327e-03
6.389999999999999680e+00 -5.141216914000000353e-03
6.392500000000000071e+00 -5.136189242000000106e-03
6.394999999999999574e+00 -5.156170877999999812e-03
6.397499999999999964e+00 -5.156271532999999636e-03
6.400000000000000355e+00 -5.132263249000000062e-03
6.402499999999999858e+00 -5.151352554000000056e-03
6.405000000000000249e+00 -5.172677698999999900e-03
6.407499999999999751e+00 -5.199999819999999613e-03
6.410000000000000142e+00 -5.182033225999999916e-03
6.412499999999999645e+00 -5.193465833000000115e-03
6.415000000000000036e+00 -5.219814736999999795e-03
6.417500000000000426e+00 -5.228628964000000406e-03
6.419999999999999929e+00 -5.225441901999999805e-03
6.422500000000000320e+00 -5.269211652999999766e-03
6.424999999999999822e+00 -5.247324553000000218e-03
6.427500000000000213e+00 -5.293085460999999783e-03
6.429999999999999716e+00 -5.304844962000000025e-03
6.432500000000000107e+00 -5.273750413000000310e-03
6.434999999999999609e+00 -5.282513905000000252e-03
6.437500000000000000e+00 -5.283893270000000232e-03
6.440000000000000391e+00 -5.302642415999999845e-03
6.442499999999999893e+00 -5.317898544000000151e-03
6.445000000000000284e+00 -5.340887031999999764e-03
6.447499999999999787e+00 -5.339274245000000078e-03
6.450000000000000178e+00 -5.357036915000000163e-03
6.452499999999999680e+00 -5.364339053000000308e-03
6.455000000000000071e+00 -5.366880273999999861e-03
6.457499999999999574e+00 -5.379295162000000304e-03
6.459999999999999964e+00 -5.375230083000000041e-03
6.462500000000000355e+00 -5.397648314000000162e-03
6.464999999999999858e+00 -5.407989143000000061e-03
6.467500000000000249e+00 -5.420985042999999955e-03
6.469999999999999751e+00 -5.431484434999999875e-03
6.472500000000000142e+00 -5.437149001000000058e-03
6.474999999999999645e+00 -5.443093349999999879e-03
6.477500000000000036e+00 -5.476082908000000013e-03
6.480000000000000426e+00 -5.472005593000000070e-03
6.482499999999999929e+00 -5.491192764999999754e-03
6.485000000000000320e+00 -5.495233199999999610e-03
6.487499999999999822e+00 -5.511988429999999800e-03
6.490000000000000213e+00 -5.510251756000000313e-03
6.492499999999999716e+00 -5.490356975999999625e-03
6.495000000000000107e+00 -5.526110086000000400e-03
6.497499999999999609e+00 -5.536877794999999804e-03
6.500000000000000000e+00 -5.576901177999999716e-03
6.502500000000000391e+00 -5.551031221999999654e-03
6.504999999999999893e+00 -5.564290381999999723e-03
6.507500000000000284e+00 -5.571754487000000165e-03
6.509999999999999787e+00 -5.601845095999999878e-03
6.512500000000000178e+00 -5.614129905000000108e-03
6.514999999999999680e+00 -5.590343303000000312e-03
6.517500000000000071e+00 -5.605071427000000127e-03
6.519999999999999574e+00 -5.650380933000000161e-03
6.522499999999999964e+00 -5.644455357999999916e-03
6.525000000000000355e+00 -5.644873784999999804e-03
6.527499999999999858e+00 -5.653183430000000009e-03
6.530000000000000249e+00 -5.658938730999999757e-03
6.532499999999999751e+00 -5.687114897999999939e-03
6.535000000000000142e+00 -5.706566492999999921e-03
6.537499999999999645e+00 -5.680278102000000003e-03
6.540000000000000036e+00 -5.686566665999999610e-03
6.542500000000000426e+00 -5.697085549999999707e-03
6.544999999999999929e+00 -5.717644543999999586e-03
6.547500000000000320e+00 -5.737620385999999892e-03
6.549999999999999822e+00 -5.726981802000000177e-03
6.552500000000000213e+00 -5.754756417000000263e-03
6.554999999999999716e+00 -5.781838777999999575e-03
6.557500000000000107e+00 -5.803193479999999710e-03
6.559999999999999609e+00 -5.792739314000000354e-03
6.562500000000000000e+00 -5.781142032999999833e-03
6.565000000000000391e+00 -5.805012005999999995e-03
6.567499999999999893e+00 -5.822747240000000421e-03
6.570000000000000284e+00 -5.843055308999999843e-03
6.572499999999999787e+00 -5.843927797000000347e-03
6.575000000000000178e+00 -5.849286066999999714e-03
6.577499999999999680e+00 -5.877446165999999916e-03
6.580000000000000071e+00 -5.866670701000000279e-03
6.582499999999999574e+00 -5.868116357999999914e-03
6.584999999999999964e+00 -5.874818434999999964e-03
6.587500000000000355e+00 -5.893969274999999973e-03
6.589999999999999858e+00 -5.904183405999999593e-03
6.592500000000000249e+00 -5.901921594000000305e-03
6.594999999999999751e+00 -5.917119600000000403e-03
6.597500000000000142e+00 -5.933237543999999621e-03
6.599999999999999645e+00 -5.947941059000000190e-03
6.602500000000000036e+00 -5.952904561000000108e-03
6.605000000000000426e+00 -5.970381198000000375e-03
6.607499999999999929e+00 -6.003150131000000410e-03
6.610000000000000320e+00 -5.986189858000000308e-03
6.612499999999999822e+00 -6.006467524999999780e-03
6.615000000000000213e+00 -6.004635785999999815e-03
6.617499999999999716e+00 -6.022856636999999666e-03
6.620000000000000107e+00 -6.009925489000000377e-03
6.622499999999999609e+00 -6.023013524000000313e-03
6.625000000000000000e+00 -6.027634540000000041e-03
6.627500000000000391e+00 -6.047582868000000132e-03
6.629999999999999893e+00 -6.066450378999999928e-03
6.632500000000000284e+00 -6.059571847999999789e-03
6.634999999999999787e+00 -6.071986770999999658e-03
6.637500000000000178e+00 -6.088633096999999592e-03
6.639999999999999680e+00 -6.086800639999999894e-03
6.642500000000000071e+00 -6.099314788999999661e-03
6.644999999999999574e+00 -6.129628399999999949e-03
6.647499999999999964e+00 -6.102431781999999652e-03
6.650000000000000355e+00 -6.164830227000000010e-03
6.652499999999999858e+00 -6.165549505000000353e-03
6.655000000000000249e+00 -6.146471175000000307e-03
6.657499999999999751e+00 -6.159830508000000392e-03
6.660000000000000142e+00 -6.162012484000000366e-03
6.662499999999999645e+00 -6.191193382999999988e-03
6.665000000000000036e+00 -6.212993790999999863e-03
6.667500000000000426e+00 -6.201142167999999961e-03
6.669999999999999929e+00 -6.233564744000000095e-03
6.672500000000000320e+00 -6.243820734999999851e-03
6.674999999999999822e+00 -6.242603335000000177e-03
6.677500000000000213e+00 -6.256465917999999918e-03
6.679999999999999716e+00 -6.274376277999999668e-03
6.682500000000000107e+00 -6.252207513000000196e-03
6.684999999999999609e+00 -6.270668557000000018e-03
6.687500000000000000e+00 -6.296196825999999733e-03
6.690000000000000391e+00 -6.315622849000000413e-03
6.692499999999999893e+00 -6.282787272999999957e-03
6.695000000000000284e+00 -6.319667531000000213e-03
6.697499999999999787e+00 -6.324425950999999942e-03
6.700000000000000178e+00 -6.334388542999999823e-03
6.702499999999999680e+00 -6.360388877000000205e-03
6.705000000000000071e+00 -6.361353495000000337e-03
6.707499999999999574e+00 -6.389446828000000175e-03
6.709999999999999964e+00 -6.407401404000000189e-03
6.712500000000000355e+00 -6.407916310000000108e-03
6.714999999999999858e+00 -6.393201410999999924e-03
6.717500000000000249e+00 -6.409834754999999690e-03
6.719999999999999751e+00 -6.422893485000000062e-03
6.722500000000000142e+00 -6.421521179999999628e-03
6.724999999999999645e+00 -6.460564103999999822e-03
6.727500000000000036e+00 -6.456084913000000210e-03
6.730000000000000426e+00 -6.475880164000000043e-03
6.732499999999999929e+00 -6.472452933999999804e-03
6.735000000000000320e+00 -6.466836527000000175e-03
6.737499999999999822e+00 -6.509441763000000346e-03
6.740000000000000213e+00 -6.503679883000000432e-03
6.742499999999999716e+00 -6.511558903999999613e-03
6.745000000000000107e+00 -6.512235427000000361e-03
6.747499999999999609e+00 -6.526645230999999700e-03
6.750000000000000000e+00 -6.537633741999999797e-03
6.752500000000000391e+00 -6.546961361999999868e-03
6.754999999999999893e+00 -6.556208221999999981e-03
6.757500000000000284e+00 -6.555001026000000300e-03
6.759999999999999787e+00 -6.587767649999999586e-03
6.762500000000000178e+00 -6.616784677000000017e-03
6.764999999999999680e+00 -6.604845893000000148e-03
6.767500000000000071e+00 -6.602420262000000158e-03
6.769999999999999574e+00 -6.652566967999999983e-03
6.772499999999999964e+00 -6.622191426999999957e-03
6.775000000000000355e+00 -6.638732486999999842e-03
6.777499999999999858e+00 -6.655281857000000349e-03
6.780000000000000249e+00 -6.653780453000000122e-03
6.782499999999999751e+00 -6.660573589999999738e-03
6.785000000000000142e+00 -6.669500321999999662e-03
6.787499999999999645e+00 -6.685674168000000153e-03
6.790000000000000036e+00 -6.684414603999999822e-03
6.792500000000000426e+00 -6.703418394000000211e-03
6.794999999999999929e+00 -6.701341216999999982e-03
6.797500000000000320e+00 -6.727323549999999867e-03
6.799999999999999822e+00 -6.746507645000000136e-03
6.802500000000000213e+00 -6.743027145000000250e-03
6.804999999999999716e+00 -6.758913226000000038e-03
6.807500000000000107e+00 -6.778833120999999684e-03
6.809999999999999609e+00 -6.784253997999999987e-03
6.812500000000000000e+00 -6.807024079999999741e-03
6.815000000000000391e+00 -6.797691560000000167e-03
6.817499999999999893e+00 -6.822139009999999594e-03
6.820000000000000284e+00 -6.823800783999999994e-03
6.822499999999999787e+00 -6.819838005999999918e-03
6.825000000000000178e+00 -6.849599407999999723e-03
6.827499999999999680e+00 -6.859495521999999824e-03
6.830000000000000071e+00 -6.885620720999999569e-03
6.832499999999999574e+00 -6.878497838999999593e-03
6.834999999999999964e+00 -6.886077909000000268e-03
6.837500000000000355e+00 -6.895120583999999643e-03
6.839999999999999858e+00 -6.866217493999999741e-03
6.842500000000000249e+00 -6.917327113999999569e-03
6.844999999999999751e+00 -6.919810680999999644e-03
6.847500000000000142e+00 -6.936420609000000168e-03
6.849999999999999645e+00 -6.935273417999999676e-03
6.852500000000000036e+00 -6.951044295000000095e-03
6.855000000000000426e+00 -6.939320245000000012e-03
6.857499999999999929e+00 -6.990632826999999827e-03
6.860000000000000320e+00 -6.945203157000000294e-03
6.862499999999999822e+00 -7.018948724000000257e-03
6.865000000000000213e+00 -7.018552437999999935e-03
6.867499999999999716e+00 -7.024918588000000040e-03
6.870000000000000107e+00 -7.050337196000000355e-03
6.872499999999999609e+00 -7.052527949000000386e-03
6.875000000000000000e+00 -7.042022252999999635e-03
6.877500000000000391e+00 -7.055726834000000149e-03
6.879999999999999893e+00 -7.052468818000000306e-03
6.882500000000000284e+00 -7.078274730000000403e-03
6.884999999999999787e+00 -7.093897967000000089e-03
6.887500000000000178e+00 -7.101290667999999619e-03
6.889999999999999680e+00 -7.108997776000000081e-03
6.892500000000000071e+00 -7.147403366999999924e-03
6.894999999999999574e+00 -7.120170454999999801e-03
6.897499999999999964e+00 -7.136686209000000190e-03
6.900000000000000355e+00 -7.161639396000000178e-03
6.902499999999999858e+00 -7.174875936999999988e-03
6.905000000000000249e+00 -7.166543085999999702e-03
6.907499999999999751e+00 -7.181177559999999890e-03
6.910000000000000142e+00 -7.191188601000000034e-03
6.912499999999999645e+00 -7.177128219000000059e-03
6.915000000000000036e+00 -7.210683350000000186e-03
6.917500000000000426e+00 -7.235213505000000038e-03
6.919999999999999929e+00 -7.235740878000000015e-03
6.922500000000000320e+00 -7.233464161000000003e-03
6.924999999999999822e+00 -7.237956513000000369e-03
6.927500000000000213e+00 -7.254893154000000358e-03
6.929999999999999716e+00 -7.273836843000000205e-03
6.932500000000000107e+00 -7.296982557000000411e-03
6.934999999999999609e+00 -7.317944869999999831e-03
6.937500000000000000e+00 -7.292313134000000252e-03
6.940000000000000391e+00 -7.306046529000000123e-03
6.942499999999999893e+00 -7.340722790000000358e-03
6.945000000000000284e+00 -7.333874029999999655e-03
6.947499999999999787e+00 -7.343153691000000108e-03
6.950000000000000178e+00 -7.357417586999999599e-03
6.952499999999999680e+00 -7.371034434999999829e-03
6.955000000000000071e+00 -7.412297879000000374e-03
6.957499999999999574e+00 -7.409129224999999944e-03
6.959999999999999964e+00 -7.430669372999999800e-03
6.962500000000000355e+00 -7.407197267999999710e-03
6.964999999999999858e+00 -7.434969286000000198e-03
6.967500000000000249e+00 -7.436397794000000269e-03
6.969999999999999751e+00 -7.444813485000000008e-03
6.972500000000000142e+00 -7.444755172999999691e-03
6.974999999999999645e+00 -7.447429715000000380e-03
6.977500000000000036e+00 -7.473388222000000060e-03
6.980000000000000426e+00 -7.478479282999999853e-03
6.982499999999999929e+00 -7.510510560999999682e-03
6.985000000000000320e+00 -7.507141158999999959e-03
6.987499999999999822e+00 -7.524993193999999878e-03
6.990000000000000213e+00 -7.494148574000000264e-03
6.992499999999999716e+00 -7.515947753999999842e-03
6.995000000000000107e+00 -7.535420416999999774e-03
6.997499999999999609e+00 -7.544378457999999926e-03
7.000000000000000000e+00 -7.557664417000000030e-03
7.002500000000000391e+00 -7.580110785999999608e-03
7.004999999999999893e+00 -7.606504820999999798e-03
7.007500000000000284e+00 -7.602122380999999998e-03
7.009999999999999787e+00 -7.620767219000000071e-03
7.012500000000000178e+00 -7.605055379999999671e-03
7.014999999999999680e+00 -7.619555051000000308e-03
7.017500000000000071e+00 -7.658638589000000413e-03
7.019999999999999574e+00 -7.628942688000000388e-03
7.022499999999999964e+00 -7.658538898000000206e-03
7.025000000000000355e+00 -7.686598248999999654e-03
7.027499999999999858e+00 -7.667407038999999626e-03
7.030000000000000249e+00 -7.696037575000000061e-03
7.032499999999999751e+00 -7.707239024999999744e-03
7.035000000000000142e+00 -7.717665888999999772e-03
7.037499999999999645e+00 -7.704955940000000024e-03
7.040000000000000036e+00 -7.725207874000000405e-03
7.042500000000000426e+00 -7.742836892000000241e-03
7.044999999999999929e+00 -7.757333632000000014e-03
7.047500000000000320e+00 -7.772737093000000111e-03
7.049999999999999822e+00 -7.787915593000000088e-03
7.052500000000000213e+00 -7.807570066999999954e-03
7.054999999999999716e+00 -7.822184015999999324e-03
7.057500000000000107e+00 -7.802255372000000376e-03
7.059999999999999609e+00 -7.820717338999999546e-03
7.062500000000000000e+00 -7.838251116000000476e-03
7.065000000000000391e+00 -7.874360380000000603e-03
7.067499999999999893e+00 -7.854358348000000864e-03
7.070000000000000284e+00 -7.867850702000000682e-03
7.072499999999999787e+00 -7.879673551999999762e-03
7.075000000000000178e+00 -7.874951279000000012e-03
7.077499999999999680e+00 -7.882347544999999608e-03
7.080000000000000071e+00 -7.869483684999999465e-03
7.082499999999999574e+00 -7.931964358000000853e-03
7.084999999999999964e+00 -7.911842549999999197e-03
7.087500000000000355e+00 -7.951700697000000165e-03
7.089999999999999858e+00 -7.957514490999999940e-03
7.092500000000000249e+00 -7.957843169000000660e-03
7.094999999999999751e+00 -7.986284221999999725e-03
7.097500000000000142e+00 -7.993408315999999195e-03
7.099999999999999645e+00 -7.987806050000000740e-03
7.102500000000000036e+00 -8.005953705999999462e-03
7.105000000000000426e+00 -7.991364165999999269e-03
7.107499999999999929e+00 -8.026425054999999573e-03
7.110000000000000320e+00 -8.053883705000000615e-03
7.112499999999999822e+00 -8.037006032999999619e-03
7.115000000000000213e+00 -8.055188846999999236e-03
7.117499999999999716e+00 -8.050187951999999980e-03
7.120000000000000107e+00 -8.081068142000000579e-03
7.122499999999999609e+00 -8.085179264000000310e-03
7.125000000000000000e+00 -8.102332375000000086e-03
7.127500000000000391e+00 -8.098804500999999545e-03
7.129999999999999893e+00 -8.124254709000000227e-03
7.132500000000000284e+00 -8.135172991000000353e-03
7.134999999999999787e+00 -8.126768321000000378e-03
7.137500000000000178e+00 -8.139963861000000522e-03
7.139999999999999680e+00 -8.151690005000000044e-03
7.142500000000000071e+00 -8.162401441000000091e-03
7.144999999999999574e+00 -8.164954537000000331e-03
7.147499999999999964e+00 -8.208033764000000412e-03
7.150000000000000355e+00 -8.176519735000000247e-03
7.152499999999999858e+00 -8.207135174999999686e-03
7.155000000000000249e+00 -8.211538911000000260e-03
7.157499999999999751e+00 -8.257374696000000305e-03
7.160000000000000142e+00 -8.229838433000000175e-03
7.162499999999999645e+00 -8.246284238999999905e-03
7.165000000000000036e+00 -8.273112271999999781e-03
7.167500000000000426e+00 -8.290749538000000488e-03
7.169999999999999929e+00 -8.294801870000000077e-03
7.172500000000000320e+00 -8.291145482000000441e-03
7.174999999999999822e+00 -8.294801965999999693e-03
7.177500000000000213e+00 -8.327198330999999176e-03
7.179999999999999716e+00 -8.352606421000000753e-03
7.182500000000000107e+00 -8.347732490999999408e-03
7.184999999999999609e+00 -8.364086224000000583e-03
7.187500000000000000e+00 -8.365003038000000044e-03
7.190000000000000391e+00 -8.392704561000000757e-03
7.192499999999999893e+00 -8.397015690000000573e-03
7.195000000000000284e+00 -8.393946945999999909e-03
7.197499999999999787e+00 -8.383533099999999905e-03
7.200000000000000178e+00 -8.448883477999999739e-03
7.202499999999999680e+00 -8.454147933000000573e-03
7.205000000000000071e+00 -8.456855376999999896e-03
7.207499999999999574e+00 -8.464942347999999950e-03
7.209999999999999964e+00 -8.467262946000000262e-03
7.212500000000000355e+00 -8.457975850999999157e-03
7.214999999999999858e+00 -8.490603743999999842e-03
7.217500000000000249e+00 -8.472092855000000131e-03
7.219999999999999751e+00 -8.513244532999999711e-03
7.222500000000000142e+00 -8.505298337000000500e-03
7.224999999999999645e+00 -8.535198005999999893e-03
7.227500000000000036e+00 -8.544316959999999350e-03
7.230000000000000426e+00 -8.574140185999999317e-03
7.232499999999999929e+00 -8.553762135000000238e-03
7.235000000000000320e+00 -8.584868496999999155e-03
7.237499999999999822e+00 -8.577929978000000191e-03
7.240000000000000213e+00 -8.584230292999999248e-03
7.242499999999999716e+00 -8.605667566999999907e-03
7.245000000000000107e+00 -8.599501282999999149e-03
7.247499999999999609e+00 -8.609236136000000469e-03
7.250000000000000000e+00 -8.661846636000000016e-03
7.252500000000000391e+00 -8.634028918000000857e-03
7.254999999999999893e+00 -8.684881215999999335e-03
7.257500000000000284e+00 -8.682147419000000796e-03
7.259999999999999787e+00 -8.682298920999999975e-03
7.262500000000000178e+00 -8.690716217000000673e-03
7.264999999999999680e+00 -8.681728717000000706e-03
7.267500000000000071e+00 -8.709889934000000777e-03
7.269999999999999574e+00 -8.700260107999999160e-03
7.272499999999999964e+00 -8.747908046999999798e-03
7.275000000000000355e+00 -8.751182712000000335e-03
7.277499999999999858e+00 -8.738650816000000793e-03
7.280000000000000249e+00 -8.775368276999999731e-03
7.282499999999999751e+00 -8.774934175999999156e-03
7.285000000000000142e+00 -8.781960051999999906e-03
7.287499999999999645e+00 -8.826768835000000160e-03
7.290000000000000036e+00 -8.840988734000000682e-03
7.292500000000000426e+00 -8.792662810000000800e-03
7.294999999999999929e+00 -8.850262673000000579e-03
7.297500000000000320e+00 -8.839344836999999538e-03
7.299999999999999822e+00 -8.853464481000000372e-03
7.302500000000000213e+00 -8.859156699000000218e-03
7.304999999999999716e+00 -8.885148994999999758e-03
7.307500000000000107e+00 -8.897404230999999761e-03
7.309999999999999609e+00 -8.895113277999999388e-03
7.312500000000000000e+00 -8.902928561000000851e-03
7.315000000000000391e+00 -8.937180100999999460e-03
7.317499999999999893e+00 -8.927232359000000089e-03
7.320000000000000284e+00 -8.932157803999999854e-03
7.322499999999999787e+00 -8.969618452000000311e-03
7.325000000000000178e+00 -8.979300569999999412e-03
7.327499999999999680e+00 -8.970197363999999479e-03
7.330000000000000071e+00 -8.984058122000000007e-03
7.332499999999999574e+00 -8.963852892999999919e-03
7.334999999999999964e+00 -9.038571836000000581e-03
7.337500000000000355e+00 -9.009807267000000119e-03
7.339999999999999858e+00 -9.012095018000000277e-03
7.342500000000000249e+00 -9.049520692000000838e-03
7.344999999999999751e+00 -9.076550964999999249e-03
7.347500000000000142e+00 -9.072668105000000760e-03
7.349999999999999645e+00 -9.084499160000000448e-03
7.352500000000000036e+00 -9.081432638999999141e-03
7.355000000000000426e+00 -9.100890005000000782e-03
7.357499999999999929e+00 -9.118095157999999908e-03
7.360000000000000320e+00 -9.129988734000000009e-03
7.362499999999999822e+00 -9.133838824000000203e-03
7.365000000000000213e+00 -9.133173773999999148e-03
7.367499999999999716e+00 -9.181955165000000099e-03
7.370000000000000107e+00 -9.176524808000000380e-03
7.372499999999999609e+00 -9.174807405000000651e-03
7.375000000000000000e+00 -9.196052120999999649e-03
7.377500000000000391e+00 -9.194264893999999633e-03
7.379999999999999893e+00 -9.207771378999999798e-03
7.382500000000000284e+00 -9.250307585999999541e-03
7.384999999999999787e+00 -9.229258456999999208e-03
7.387500000000000178e+00 -9.226893341000000706e-03
7.389999999999999680e+00 -9.254228155999999136e-03
7.392500000000000071e+00 -9.247385130999999370e-03
7.394999999999999574e+00 -9.280302202000000750e-03
7.397499999999999964e+00 -9.309526684999999691e-03
7.400000000000000355e+00 -9.303427950000000071e-03
7.402499999999999858e+00 -9.316971978000000709e-03
7.405000000000000249e+00 -9.330675820000000273e-03
7.407499999999999751e+00 -9.314648545000000016e-03
7.410000000000000142e+00 -9.332818229999999618e-03
7.412499999999999645e+00 -9.363674949000000761e-03
7.415000000000000036e+00 -9.373069418000000430e-03
7.417500000000000426e+00 -9.386466894000000324e-03
7.419999999999999929e+00 -9.382885872999999211e-03
7.422500000000000320e+00 -9.407201764999999563e-03
7.424999999999999822e+00 -9.435811626000000646e-03
7.427500000000000213e+00 -9.440650628999999738e-03
7.429999999999999716e+00 -9.456195488000000357e-03
7.432500000000000107e+00 -9.454340974999999453e-03
7.434999999999999609e+00 -9.447126893000000469e-03
7.437500000000000000e+00 -9.494252758999999903e-03
7.440000000000000391e+00 -9.492035725000000368e-03
7.442499999999999893e+00 -9.490264229999999940e-03
7.445000000000000284e+00 -9.508149343000000392e-03
7.447499999999999787e+00 -9.528327140999999501e-03
7.450000000000000178e+00 -9.529605571000000774e-03
7.452499999999999680e+00 -9.531987150000000714e-03
7.455000000000000071e+00 -9.539110413000000468e-03
7.457499999999999574e+00 -9.576617307999999579e-03
7.459999999999999964e+00 -9.572720092999999902e-03
7.462500000000000355e+00 -9.589934317000000513e-03
7.464999999999999858e+00 -9.612657857999999320e-03
7.467500000000000249e+00 -9.598565842000000847e-03
7.469999999999999751e+00 -9.604027496999999539e-03
7.472500000000000142e+00 -9.654535416999999314e-03
7.474999999999999645e+00 -9.660910959999999617e-03
7.477500000000000036e+00 -9.643909117000000822e-03
7.480000000000000426e+00 -9.676577844999999234e-03
7.482499999999999929e+00 -9.681452756000000562e-03
7.485000000000000320e+00 -9.683221219999999657e-03
7.487499999999999822e+00 -9.685533697999999456e-03
7.490000000000000213e+00 -9.745030778999999935e-03
7.492499999999999716e+00 -9.764920556999999793e-03
7.495000000000000107e+00 -9.746011658000000577e-03
7.497499999999999609e+00 -9.751671095999999567e-03
7.500000000000000000e+00 -9.747059603999999947e-03
7.502500000000000391e+00 -9.770409074999999999e-03
7.504999999999999893e+00 -9.786072006000000670e-03
7.507500000000000284e+00 -9.809230948000000061e-03
7.509999999999999787e+00 -9.770102896999999578e-03
7.512500000000000178e+00 -9.806230839999999227e-03
7.514999999999999680e+00 -9.814105324999999186e-03
7.517500000000000071e+00 -9.813917846999999778e-03
7.519999999999999574e+00 -9.813875512999999801e-03
7.522499999999999964e+00 -9.897427716999999611e-03
7.525000000000000355e+00 -9.898519661999999678e-03
7.527499999999999858e+00 -9.868156782000000668e-03
7.530000000000000249e+00 -9.922822781000000328e-03
7.532499999999999751e+00 -9.921272630000000162e-03
7.535000000000000142e+00 -9.917339625000000380e-03
7.537499999999999645e+00 -9.921801551000000025e-03
7.540000000000000036e+00 -9.951191684000000592e-03
7.542500000000000426e+00 -9.971874061999999247e-03
7.544999999999999929e+00 -9.975668937000000194e-03
7.547500000000000320e+00 -9.972599803000000221e-03
7.549999999999999822e+00 -9.993786681000000477e-03
7.552500000000000213e+00 -1.000169298000000082e-02
7.554999999999999716e+00 -1.001041366999999918e-02
7.557500000000000107e+00 -1.002528488999999967e-02
7.559999999999999609e+00 -1.004348105000000060e-02
7.562500000000000000e+00 -1.004668881999999999e-02
7.565000000000000391e+00 -1.006955019000000014e-02
7.567499999999999893e+00 -1.005152290999999920e-02
7.570000000000000284e+00 -1.008971114999999974e-02
7.572499999999999787e+00 -1.009082029000000005e-02
7.575000000000000178e+00 -1.011619929999999987e-02
7.577499999999999680e+00 -1.013115317999999966e-02
7.580000000000000071e+00 -1.012143771000000025e-02
7.582499999999999574e+00 -1.010844978000000061e-02
7.584999999999999964e+00 -1.015841223999999939e-02
7.587500000000000355e+00 -1.018157184000000048e-02
7.589999999999999858e+00 -1.019758142000000076e-02
7.592500000000000249e+00 -1.017526223000000084e-02
7.594999999999999751e+00 -1.019487210999999935e-02
7.597500000000000142e+00 -1.024260792000000059e-02
7.599999999999999645e+00 -1.021886427999999999e-02
7.602500000000000036e+00 -1.022988376999999990e-02
7.605000000000000426e+00 -1.026829593000000082e-02
7.607499999999999929e+00 -1.025246263000000047e-02
7.610000000000000320e+00 -1.026863857999999949e-02
7.612499999999999822e+00 -1.026124710000000072e-02
7.615000000000000213e+00 -1.032134101000000033e-02
7.617499999999999716e+00 -1.030685372000000009e-02
7.620000000000000107e+00 -1.033422623000000012e-02
7.622499999999999609e+00 -1.032224829999999968e-02
7.625000000000000000e+00 -1.034063145999999933e-02
7.627500000000000391e+00 -1.037326157000000026e-02
7.629999999999999893e+00 -1.036861302000000040e-02
7.632500000000000284e+00 -1.039556969000000018e-02
7.634999999999999787e+00 -1.037052362000000054e-02
7.637500000000000178e+00 -1.042972820000000016e-02
7.639999999999999680e+00 -1.042520742999999972e-02
7.642500000000000071e+00 -1.043838599000000006e-02
7.644999999999999574e+00 -1.042704030999999990e-02
7.647499999999999964e+00 -1.046635697000000004e-02
7.650000000000000355e+00 -1.048645758999999962e-02
7.652499999999999858e+00 -1.047457442000000044e-02
7.655000000000000249e+00 -1.051026730000000076e-02
7.657499999999999751e+00 -1.048095469000000050e-02
7.660000000000000142e+00 -1.049217552000000081e-02
7.662499999999999645e+00 -1.050304409000000008e-02
7.665000000000000036e+00 -1.052631507000000022e-02
7.667500000000000426e+00 -1.054549094000000083e-02
7.669999999999999929e+00 -1.054486557000000081e-02
7.672500000000000320e+00 -1.057107728000000052e-02
7.674999999999999822e+00 -1.059555864999999972e-02
7.677500000000000213e+00 -1.060848003999999983e-02
7.679999999999999716e+00 -1.062672182000000062e-02
7.682500000000000107e+00 -1.063128108999999988e-02
7.684999999999999609e+00 -1.065743788999999955e-02
7.687500000000000000e+00 -1.063996472999999970e-02
7.690000000000000391e+00 -1.064524172000000032e-02
7.692499999999999893e+00 -1.067324220000000039e-02
7.695000000000000284e+00 -1.068115788999999920e-02
7.697499999999999787e+00 -1.067619747000000084e-02
7.700000000000000178e+00 -1.070834034000000060e-02
7.702499999999999680e+00 -1.068832869999999935e-02
7.705000000000000071e+00 -1.074604470000000041e-02
7.707499999999999574e+00 -1.074315843000000006e-02
7.709999999999999964e+00 -1.077288461000000010e-02
7.712500000000000355e+00 -1.078547843999999936e-02
7.714999999999999858e+00 -1.078719292000000080e-02
7.717500000000000249e+00 -1.078587018000000050e-02
7.719999999999999751e+00 -1.082379837999999928e-02
7.722500000000000142e+00 -1.082765458999999930e-02
7.724999999999999645e+00 -1.083579315000000008e-02
7.727500000000000036e+00 -1.081550704999999918e-02
7.730000000000000426e+00 -1.086062186999999998e-02
7.732499999999999929e+00 -1.085967644000000037e-02
7.735000000000000320e+00 -1.090009312999999994e-02
7.737499999999999822e+00 -1.088278508999999949e-02
7.740000000000000213e+00 -1.090721857999999919e-02
7.742499999999999716e+00 -1.089220576999999981e-02
7.745000000000000107e+00 -1.092512657000000061e-02
7.747499999999999609e+00 -1.094659314000000043e-02
7.750000000000000000e+00 -1.095327915000000006e-02
7.752500000000000391e+00 -1.095699003000000053e-02
7.754999999999999893e+00 -1.096188667000000047e-02
7.757500000000000284e+00 -1.099808816000000071e-02
7.759999999999999787e+00 -1.099432896000000076e-02
7.762500000000000178e+00 -1.098980677999999989e-02
7.764999999999999680e+00 -1.103966368000000066e-02
7.767500000000000071e+00 -1.101878807000000043e-02
7.769999999999999574e+00 -1.105632307000000043e-02
7.772499999999999964e+00 -1.102057853999999920e-02
7.775000000000000355e+00 -1.107461644000000064e-02
7.777499999999999858e+00 -1.108858721000000047e-02
7.780000000000000249e+00 -1.106513448999999968e-02
7.782499999999999751e+00 -1.112746967999999996e-02
7.785000000000000142e+00 -1.113826122000000085e-02
7.787499999999999645e+00 -1.112008131000000004e-02
7.790000000000000036e+00 -1.116960747000000052e-02
7.792500000000000426e+00 -1.115602494000000021e-02
7.794999999999999929e+00 -1.116728101000000022e-02
7.797500000000000320e+00 -1.118770820000000027e-02
7.799999999999999822e+00 -1.121916105000000073e-02
7.802500000000000213e+00 -1.119190966999999981e-02
7.804999999999999716e+00 -1.122284314999999998e-02
7.807500000000000107e+00 -1.121959502999999962e-02
7.809999999999999609e+00 -1.125334556999999999e-02
7.812500000000000000e+00 -1.127571121999999988e-02
7.815000000000000391e+00 -1.127216018000000083e-02
7.817499999999999893e+00 -1.127731023999999950e-02
7.820000000000000284e+00 -1.129489550999999981e-02
7.822499999999999787e+00 -1.129374198000000079e-02
7.825000000000000178e+00 -1.131906113999999949e-02
7.827499999999999680e+00 -1.134137103999999924e-02
7.830000000000000071e+00 -1.133423960999999959e-02
7.832499999999999574e+00 -1.131836982000000019e-02
7.834999999999999964e+00 -1.138639752999999998e-02
7.837500000000000355e+00 -1.136106773999999951e-02
7.839999999999999858e+00 -1.140987356000000043e-02
7.842500000000000249e+00 -1.142415532000000053e-02
7.844999999999999751e+00 -1.142037031000000050e-02
7.847500000000000142e+00 -1.142982950000000046e-02
7.849999999999999645e+00 -1.142721793000000055e-02
7.852500000000000036e+00 -1.148829747999999956e-02
7.855000000000000426e+00 -1.146103000999999962e-02
7.857499999999999929e+00 -1.148655309000000055e-02
7.860000000000000320e+00 -1.149072410999999946e-02
7.862499999999999822e+00 -1.151580561999999974e-02
7.865000000000000213e+00 -1.151031586999999926e-02
7.867499999999999716e+00 -1.152834246000000035e-02
7.870000000000000107e+00 -1.155091502000000006e-02
7.872499999999999609e+00 -1.158624764999999918e-02
7.875000000000000000e+00 -1.158339731000000011e-02
7.877500000000000391e+00 -1.158333047999999914e-02
7.879999999999999893e+00 -1.157949349999999947e-02
7.882500000000000284e+00 -1.159236467999999985e-02
7.884999999999999787e+00 -1.165650227000000067e-02
7.887500000000000178e+00 -1.162686580000000039e-02
7.889999999999999680e+00 -1.166428874000000060e-02
7.892500000000000071e+00 -1.165180248000000085e-02
7.894999999999999574e+00 -1.168904165999999981e-02
7.897499999999999964e+00 -1.168626398999999920e-02
7.900000000000000355e+00 -1.169647367000000056e-02
7.902499999999999858e+00 -1.170223792999999964e-02
7.905000000000000249e+00 -1.172803707999999986e-02
7.907499999999999751e+00 -1.175136453000000074e-02
7.910000000000000142e+00 -1.174166700000000077e-02
7.912499999999999645e+00 -1.176639124000000008e-02
7.915000000000000036e+00 -1.176721629000000019e-02
7.917500000000000426e+00 -1.178202113000000051e-02
7.919999999999999929e+00 -1.179701325000000016e-02
7.922500000000000320e+00 -1.183110427999999915e-02
7.924999999999999822e+00 -1.181934999999999930e-02
7.927500000000000213e+00 -1.184931848000000086e-02
7.929999999999999716e+00 -1.189349863999999979e-02
7.932500000000000107e+00 -1.185066408000000002e-02
7.934999999999999609e+00 -1.187322296999999971e-02
7.937500000000000000e+00 -1.190204419999999971e-02
7.940000000000000391e+00 -1.191528919999999998e-02
7.942499999999999893e+00 -1.193975580999999918e-02
7.945000000000000284e+00 -1.191888187000000009e-02
7.947499999999999787e+00 -1.192996376999999955e-02
7.950000000000000178e+00 -1.195366248000000013e-02
7.952499999999999680e+00 -1.197459422999999981e-02
7.955000000000000071e+00 -1.196764684000000030e-02
7.957499999999999574e+00 -1.201935292000000030e-02
7.959999999999999964e+00 -1.202916948999999992e-02
7.962500000000000355e+00 -1.199639702000000058e-02
7.964999999999999858e+00 -1.202217333999999922e-02
7.967500000000000249e+00 -1.206731662999999989e-02
7.969999999999999751e+00 -1.205567463000000068e-02
7.972500000000000142e+00 -1.209642592999999981e-02
7.974999999999999645e+00 -1.210519271000000049e-02
7.977500000000000036e+00 -1.207340204000000028e-02
7.980000000000000426e+00 -1.211880245999999960e-02
7.982499999999999929e+00 -1.214508907000000013e-02
7.985000000000000320e+00 -1.216375326000000007e-02
7.987499999999999822e+00 -1.216475499000000023e-02
7.990000000000000213e+00 -1.216852864000000055e-02
7.992499999999999716e+00 -1.217771590999999938e-02
7.995000000000000107e+00 -1.219529205000000061e-02
7.997499999999999609e+00 -1.219639848000000047e-02
8.000000000000000000e+00 -1.221024220000000056e-02
8.002499999999999503e+00 -1.223460640999999953e-02
8.005000000000000782e+00 -1.224337024000000072e-02
8.007500000000000284e+00 -1.226309561000000006e-02
8.009999999999999787e+00 -1.228987001000000044e-02
8.012499999999999289e+00 -1.227862966000000007e-02
8.015000000000000568e+00 -1.231574690999999964e-02
8.017500000000000071e+00 -1.229438807999999952e-02
8.019999999999999574e+00 -1.233653206999999960e-02
8.022500000000000853e+00 -1.234234308000000009e-02
8.025000000000000355e+00 -1.238793631000000006e-02
8.027499999999999858e+00 -1.234449580000000074e-02
8.029999999999999361e+00 -1.237323727999999935e-02
8.032500000000000639e+00 -1.239976733000000032e-02
8.035000000000000142e+00 -1.241561314999999922e-02
8.037499999999999645e+00 -1.241653960999999917e-02
8.039999999999999147e+00 -1.241276114999999985e-02
8.042500000000000426e+00 -1.246617778000000051e-02
8.044999999999999929e+00 -1.244371206000000063e-02
8.047499999999999432e+00 -1.245955122999999921e-02
8.050000000000000711e+00 -1.247879357000000050e-02
8.052500000000000213e+00 -1.246726155999999981e-02
8.054999999999999716e+00 -1.253410756000000043e-02
8.057499999999999218e+00 -1.253035056000000036e-02
8.060000000000000497e+00 -1.252207307999999956e-02
8.062500000000000000e+00 -1.256182167999999981e-02
8.064999999999999503e+00 -1.255176591000000015e-02
8.067500000000000782e+00 -1.258056211999999952e-02
8.070000000000000284e+00 -1.259127961000000052e-02
8.072499999999999787e+00 -1.258857975000000039e-02
8.074999999999999289e+00 -1.258279491999999937e-02
8.077500000000000568e+00 -1.265643714000000072e-02
8.080000000000000071e+00 -1.264804857999999969e-02
8.082499999999999574e+00 -1.264149543000000001e-02
8.085000000000000853e+00 -1.269732948000000007e-02
8.087500000000000355e+00 -1.267921930999999988e-02
8.089999999999999858e+00 -1.270193462000000079e-02
8.092499999999999361e+00 -1.269307763000000061e-02
8.095000000000000639e+00 -1.272652424000000025e-02
8.097500000000000142e+00 -1.276869809999999980e-02
8.099999999999999645e+00 -1.275643828999999986e-02
8.102499999999999147e+00 -1.276566632999999971e-02
8.105000000000000426e+00 -1.282519218999999926e-02
8.107499999999999929e+00 -1.283938226000000057e-02
8.109999999999999432e+00 -1.280812935999999999e-02
8.112500000000000711e+00 -1.280383398000000013e-02
8.115000000000000213e+00 -1.284691083000000060e-02
8.117499999999999716e+00 -1.286375531999999974e-02
8.119999999999999218e+00 -1.284895236999999968e-02
8.122500000000000497e+00 -1.288877341999999926e-02
8.125000000000000000e+00 -1.289678151000000009e-02
8.127499999999999503e+00 -1.290436873999999991e-02
8.130000000000000782e+00 -1.290787030999999974e-02
8.132500000000000284e+00 -1.290126081999999966e-02
8.134999999999999787e+00 -1.296150073999999958e-02
8.137499999999999289e+00 -1.296998981999999967e-02
8.140000000000000568e+00 -1.296428808999999967e-02
8.142500000000000071e+00 -1.298891567999999920e-02
8.144999999999999574e+00 -1.300525767999999999e-02
8.147500000000000853e+00 -1.302341161000000053e-02
8.150000000000000355e+00 -1.306021532999999957e-02
8.152499999999999858e+00 -1.305007147999999971e-02
8.154999999999999361e+00 -1.305486053999999931e-02
8.157500000000000639e+00 -1.303596062999999930e-02
8.160000000000000142e+00 -1.310018486000000086e-02
8.162499999999999645e+00 -1.310154812000000057e-02
8.164999999999999147e+00 -1.312996081000000065e-02
8.167500000000000426e+00 -1.311482972999999941e-02
8.169999999999999929e+00 -1.318465142000000041e-02
8.172499999999999432e+00 -1.314002836999999917e-02
8.175000000000000711e+00 -1.317233498000000037e-02
8.177500000000000213e+00 -1.316514243999999945e-02
8.179999999999999716e+00 -1.320869266999999923e-02
8.182499999999999218e+00 -1.319279788999999994e-02
8.185000000000000497e+00 -1.322551769999999981e-02
8.187500000000000000e+00 -1.326376016999999963e-02
8.189999999999999503e+00 -1.327158498999999985e-02
8.192500000000000782e+00 -1.330227305000000054e-02
8.195000000000000284e+00 -1.327399894000000011e-02
8.197499999999999787e+00 -1.331954655000000022e-02
8.199999999999999289e+00 -1.330700341000000050e-02
8.202500000000000568e+00 -1.332185179999999941e-02
8.205000000000000071e+00 -1.333672175999999973e-02
8.207499999999999574e+00 -1.333784778000000025e-02
8.210000000000000853e+00 -1.338526240000000034e-02
8.212500000000000355e+00 -1.336583862000000067e-02
8.214999999999999858e+00 -1.339123312999999926e-02
8.217499999999999361e+00 -1.341659643000000027e-02
8.220000000000000639e+00 -1.338895959999999996e-02
8.222500000000000142e+00 -1.342231261000000064e-02
8.224999999999999645e+00 -1.343888399999999990e-02
8.227499999999999147e+00 -1.347228810000000027e-02
8.230000000000000426e+00 -1.344739367999999921e-02
8.232499999999999929e+00 -1.346224004999999925e-02
8.234999999999999432e+00 -1.350738112999999921e-02
8.237500000000000711e+00 -1.352691852999999937e-02
8.240000000000000213e+00 -1.351825052999999950e-02
8.242499999999999716e+00 -1.352885973999999950e-02
8.244999999999999218e+00 -1.355012597999999922e-02
8.247500000000000497e+00 -1.359256998000000008e-02
8.250000000000000000e+00 -1.363269322999999950e-02
8.252499999999999503e+00 -1.360009195000000046e-02
8.255000000000000782e+00 -1.362831100999999968e-02
8.257500000000000284e+00 -1.362033476000000000e-02
8.259999999999999787e+00 -1.363744771000000022e-02
8.262499999999999289e+00 -1.366784872999999949e-02
8.265000000000000568e+00 -1.368699003999999941e-02
8.267500000000000071e+00 -1.368900733000000085e-02
8.269999999999999574e+00 -1.373357679000000026e-02
8.272500000000000853e+00 -1.371659945000000026e-02
8.275000000000000355e+00 -1.374355399999999984e-02
8.277499999999999858e+00 -1.376337786000000028e-02
8.279999999999999361e+00 -1.375690107999999988e-02
8.282500000000000639e+00 -1.377648583999999989e-02
8.285000000000000142e+00 -1.378322815999999916e-02
8.287499999999999645e+00 -1.380521692000000016e-02
8.289999999999999147e+00 -1.380726143999999947e-02
8.292500000000000426e+00 -1.381323588999999914e-02
8.294999999999999929e+00 -1.385045243999999919e-02
8.297499999999999432e+00 -1.387191131000000029e-02
8.300000000000000711e+00 -1.387850382000000056e-02
8.302500000000000213e+00 -1.391158198000000054e-02
8.304999999999999716e+00 -1.389388989000000033e-02
8.307499999999999218e+00 -1.394799304999999948e-02
8.310000000000000497e+00 -1.391593066999999989e-02
8.312500000000000000e+00 -1.396280417999999982e-02
8.314999999999999503e+00 -1.396872277999999974e-02
8.317500000000000782e+00 -1.398996563000000012e-02
8.320000000000000284e+00 -1.403462915000000012e-02
8.322499999999999787e+00 -1.400072276000000060e-02
8.324999999999999289e+00 -1.403386386000000062e-02
8.327500000000000568e+00 -1.402418467999999932e-02
8.330000000000000071e+00 -1.408916082000000007e-02
8.332499999999999574e+00 -1.406768759000000084e-02
8.335000000000000853e+00 -1.408308341999999977e-02
8.337500000000000355e+00 -1.410928116999999975e-02
8.339999999999999858e+00 -1.411739874000000027e-02
8.342499999999999361e+00 -1.412260245999999962e-02
8.345000000000000639e+00 -1.415547988000000028e-02
8.347500000000000142e+00 -1.416394290999999951e-02
8.349999999999999645e+00 -1.416767445999999979e-02
8.352499999999999147e+00 -1.419958531999999940e-02
8.355000000000000426e+00 -1.421028809999999934e-02
8.357499999999999929e+00 -1.422978876999999968e-02
8.359999999999999432e+00 -1.422272400999999992e-02
8.362500000000000711e+00 -1.426197788999999938e-02
8.365000000000000213e+00 -1.424269602999999988e-02
8.367499999999999716e+00 -1.430499692999999926e-02
8.369999999999999218e+00 -1.430332789000000014e-02
8.372500000000000497e+00 -1.432157566000000042e-02
8.375000000000000000e+00 -1.434140773999999924e-02
8.377499999999999503e+00 -1.434453651000000031e-02
8.380000000000000782e+00 -1.437173312999999973e-02
8.382500000000000284e+00 -1.440625190000000000e-02
8.384999999999999787e+00 -1.439817214999999928e-02
8.387499999999999289e+00 -1.437431123000000067e-02
8.390000000000000568e+00 -1.440077143000000059e-02
8.392500000000000071e+00 -1.444564823999999921e-02
8.394999999999999574e+00 -1.446872794999999948e-02
8.397500000000000853e+00 -1.448918385000000017e-02
8.400000000000000355e+00 -1.444536450000000020e-02
8.402499999999999858e+00 -1.446363248999999948e-02
8.404999999999999361e+00 -1.448218218000000071e-02
8.407500000000000639e+00 -1.451676254000000034e-02
8.410000000000000142e+00 -1.454352337999999939e-02
8.412499999999999645e+00 -1.457899785000000073e-02
8.414999999999999147e+00 -1.458703725000000048e-02
8.417500000000000426e+00 -1.459462907000000018e-02
8.419999999999999929e+00 -1.463509064999999991e-02
8.422499999999999432e+00 -1.459463343999999919e-02
8.425000000000000711e+00 -1.461624555000000034e-02
8.427500000000000213e+00 -1.464031610999999913e-02
8.429999999999999716e+00 -1.466976205999999915e-02
8.432499999999999218e+00 -1.471427227999999934e-02
8.435000000000000497e+00 -1.470095585000000087e-02
8.437500000000000000e+00 -1.470989443999999938e-02
8.439999999999999503e+00 -1.474228636999999967e-02
8.442500000000000782e+00 -1.475120801999999995e-02
8.445000000000000284e+00 -1.476350996999999977e-02
8.447499999999999787e+00 -1.475730048999999988e-02
8.449999999999999289e+00 -1.479445180000000040e-02
8.452500000000000568e+00 -1.477053082999999975e-02
8.455000000000000071e+00 -1.478897961999999996e-02
8.457499999999999574e+00 -1.483531096000000049e-02
8.460000000000000853e+00 -1.483021896999999964e-02
8.462500000000000355e+00 -1.488035484000000026e-02
8.464999999999999858e+00 -1.487745518999999961e-02
8.467499999999999361e+00 -1.486735741000000041e-02
8.470000000000000639e+00 -1.489378583999999978e-02
8.472500000000000142e+00 -1.494321870000000010e-02
8.474999999999999645e+00 -1.494503447999999922e-02
8.477499999999999147e+00 -1.495243733999999936e-02
8.480000000000000426e+00 -1.493371450000000045e-02
8.482499999999999929e+00 -1.499463422000000060e-02
8.484999999999999432e+00 -1.498700204999999994e-02
8.487500000000000711e+00 -1.497779968999999982e-02
8.490000000000000213e+00 -1.501191087000000070e-02
8.492499999999999716e+00 -1.503129649000000019e-02
8.494999999999999218e+00 -1.504347640999999930e-02
8.497500000000000497e+00 -1.509098554999999987e-02
8.500000000000000000e+00 -1.513685642000000067e-02
8.502499999999999503e+00 -1.510213422000000055e-02
8.505000000000000782e+00 -1.514895986999999916e-02
8.507500000000000284e+00 -1.512099134999999976e-02
8.509999999999999787e+00 -1.514667140000000058e-02
8.512499999999999289e+00 -1.515120879999999962e-02
8.515000000000000568e+00 -1.522016078999999938e-02
8.517500000000000071e+00 -1.517401403999999940e-02
8.519999999999999574e+00 -1.525344273999999951e-02
8.522500000000000853e+00 -1.521633275000000042e-02
8.525000000000000355e+00 -1.522754431000000047e-02
8.527499999999999858e+00 -1.527036017999999946e-02
8.529999999999999361e+00 -1.529103260999999971e-02
8.532500000000000639e+00 -1.528831309999999916e-02
8.535000000000000142e+00 -1.530055102999999979e-02
8.537499999999999645e+00 -1.532942932000000077e-02
8.539999999999999147e+00 -1.534313256999999923e-02
8.542500000000000426e+00 -1.534596528999999931e-02
8.544999999999999929e+00 -1.538679413999999995e-02
8.547499999999999432e+00 -1.543089268000000062e-02
8.550000000000000711e+00 -1.540817732999999988e-02
8.552500000000000213e+00 -1.538886545999999973e-02
8.554999999999999716e+00 -1.545480727999999984e-02
8.557499999999999218e+00 -1.544836464000000006e-02
8.560000000000000497e+00 -1.547707385000000012e-02
8.562500000000000000e+00 -1.549340215999999923e-02
8.564999999999999503e+00 -1.553090493999999960e-02
8.567500000000000782e+00 -1.551655528000000020e-02
8.570000000000000284e+00 -1.555025103999999915e-02
8.572499999999999787e+00 -1.554831683000000055e-02
8.574999999999999289e+00 -1.552124551000000005e-02
8.577500000000000568e+00 -1.557943055000000042e-02
8.580000000000000071e+00 -1.557581467999999934e-02
8.582499999999999574e+00 -1.564832317999999972e-02
8.585000000000000853e+00 -1.562704545999999903e-02
8.587500000000000355e+00 -1.567148792999999846e-02
8.589999999999999858e+00 -1.568739049999999871e-02
8.592499999999999361e+00 -1.568252431000000113e-02
8.595000000000000639e+00 -1.570296552000000068e-02
8.597500000000000142e+00 -1.570839783999999906e-02
8.599999999999999645e+00 -1.573385647000000165e-02
8.602499999999999147e+00 -1.575343103000000078e-02
8.605000000000000426e+00 -1.576108559000000131e-02
8.607499999999999929e+00 -1.576978286000000132e-02
8.609999999999999432e+00 -1.578106165000000075e-02
8.612500000000000711e+00 -1.582310887999999888e-02
8.615000000000000213e+00 -1.581515673999999913e-02
8.617499999999999716e+00 -1.587197448999999941e-02
8.619999999999999218e+00 -1.585664025999999893e-02
8.622500000000000497e+00 -1.586413634999999864e-02
8.625000000000000000e+00 -1.588763874999999867e-02
8.627499999999999503e+00 -1.586558453000000077e-02
8.630000000000000782e+00 -1.594095123000000003e-02
8.632500000000000284e+00 -1.591341888999999940e-02
8.634999999999999787e+00 -1.597796266000000090e-02
8.637499999999999289e+00 -1.596681858000000009e-02
8.640000000000000568e+00 -1.601751921000000092e-02
8.642500000000000071e+00 -1.600755006000000036e-02
8.644999999999999574e+00 -1.603691096000000108e-02
8.647500000000000853e+00 -1.602369615999999983e-02
8.650000000000000355e+00 -1.605239448999999999e-02
8.652499999999999858e+00 -1.607200765999999836e-02
8.654999999999999361e+00 -1.610159515999999916e-02
8.657500000000000639e+00 -1.613017581000000117e-02
8.660000000000000142e+00 -1.613883359999999934e-02
8.662499999999999645e+00 -1.613286727000000018e-02
8.664999999999999147e+00 -1.616998134000000031e-02
8.667500000000000426e+00 -1.619100027999999941e-02
8.669999999999999929e+00 -1.622013489000000142e-02
8.672499999999999432e+00 -1.621904861000000170e-02
8.675000000000000711e+00 -1.622817795999999951e-02
8.677500000000000213e+00 -1.621855187000000031e-02
8.679999999999999716e+00 -1.626805653000000171e-02
8.682499999999999218e+00 -1.625889713000000167e-02
8.685000000000000497e+00 -1.631534595000000074e-02
8.687500000000000000e+00 -1.629104316999999830e-02
8.689999999999999503e+00 -1.633164452000000072e-02
8.692500000000000782e+00 -1.636161024000000117e-02
8.695000000000000284e+00 -1.639559230999999839e-02
8.697499999999999787e+00 -1.634229322999999900e-02
8.699999999999999289e+00 -1.641664736000000152e-02
8.702500000000000568e+00 -1.641497180000000070e-02
8.705000000000000071e+00 -1.644280253999999900e-02
8.707499999999999574e+00 -1.645800337000000169e-02
8.710000000000000853e+00 -1.650523110000000002e-02
8.712500000000000355e+00 -1.646975314999999870e-02
8.714999999999999858e+00 -1.648137083000000142e-02
8.717499999999999361e+00 -1.650402982999999921e-02
8.720000000000000639e+00 -1.652779266999999941e-02
8.722500000000000142e+00 -1.657354738999999855e-02
8.724999999999999645e+00 -1.657523932000000075e-02
8.727499999999999147e+00 -1.659649476000000026e-02
8.730000000000000426e+00 -1.660026071999999922e-02
8.732499999999999929e+00 -1.664388170000000167e-02
8.734999999999999432e+00 -1.664095988000000026e-02
8.737500000000000711e+00 -1.670057256999999892e-02
8.740000000000000213e+00 -1.664890050000000093e-02
8.742499999999999716e+00 -1.667068643999999877e-02
8.744999999999999218e+00 -1.671708086000000051e-02
8.747500000000000497e+00 -1.678165712000000143e-02
8.750000000000000000e+00 -1.675094678999999864e-02
8.752499999999999503e+00 -1.678170618000000142e-02
8.755000000000000782e+00 -1.679135463999999883e-02
8.757500000000000284e+00 -1.680515282999999957e-02
8.759999999999999787e+00 -1.679232337000000075e-02
8.762499999999999289e+00 -1.683395180000000005e-02
8.765000000000000568e+00 -1.686787478000000007e-02
8.767500000000000071e+00 -1.687538031000000022e-02
8.769999999999999574e+00 -1.689185799999999918e-02
8.772500000000000853e+00 -1.692082501999999863e-02
8.775000000000000355e+00 -1.694875350000000017e-02
8.777499999999999858e+00 -1.692910791999999859e-02
8.779999999999999361e+00 -1.695421080000000108e-02
8.782500000000000639e+00 -1.699692301000000141e-02
8.785000000000000142e+00 -1.701213999000000116e-02
8.787499999999999645e+00 -1.700660057999999961e-02
8.789999999999999147e+00 -1.703410129999999995e-02
8.792500000000000426e+00 -1.707566460999999924e-02
8.794999999999999929e+00 -1.704932552999999934e-02
8.797499999999999432e+00 -1.708757322999999995e-02
8.800000000000000711e+00 -1.710375868999999827e-02
8.802500000000000213e+00 -1.712416141000000155e-02
8.804999999999999716e+00 -1.714627512999999936e-02
8.807499999999999218e+00 -1.717878419000000087e-02
8.810000000000000497e+00 -1.715921219999999928e-02
8.812500000000000000e+00 -1.720938362999999832e-02
8.814999999999999503e+00 -1.721080301000000104e-02
8.817500000000000782e+00 -1.725001647000000068e-02
8.820000000000000284e+00 -1.725959763999999896e-02
8.822499999999999787e+00 -1.726991988999999894e-02
8.824999999999999289e+00 -1.729088407999999910e-02
8.827500000000000568e+00 -1.733323918000000130e-02
8.830000000000000071e+00 -1.726710585999999964e-02
8.832499999999999574e+00 -1.738111352999999887e-02
8.835000000000000853e+00 -1.733800349000000005e-02
8.837500000000000355e+00 -1.733965700000000137e-02
8.839999999999999858e+00 -1.735267752999999913e-02
8.842499999999999361e+00 -1.741506095999999920e-02
8.845000000000000639e+00 -1.743590525999999877e-02
8.847500000000000142e+00 -1.744503663000000065e-02
8.849999999999999645e+00 -1.745943653000000054e-02
8.852499999999999147e+00 -1.749072848999999943e-02
8.855000000000000426e+00 -1.752209113000000040e-02
8.857499999999999929e+00 -1.748510812999999955e-02
8.859999999999999432e+00 -1.753727189000000089e-02
8.862500000000000711e+00 -1.755262205000000103e-02
8.865000000000000213e+00 -1.759055048000000149e-02
8.867499999999999716e+00 -1.759490835000000059e-02
8.869999999999999218e+00 -1.760334762999999844e-02
8.872500000000000497e+00 -1.762058822000000038e-02
8.875000000000000000e+00 -1.760191687000000130e-02
8.877499999999999503e+00 -1.764640724999999924e-02
8.880000000000000782e+00 -1.769902773000000054e-02
8.882500000000000284e+00 -1.773489605000000066e-02
8.884999999999999787e+00 -1.773152928999999906e-02
8.887499999999999289e+00 -1.775849732000000028e-02
8.890000000000000568e+00 -1.773772881999999967e-02
8.892500000000000071e+00 -1.775343817000000005e-02
8.894999999999999574e+00 -1.781916859000000006e-02
8.897500000000000853e+00 -1.782743792000000133e-02
8.900000000000000355e+00 -1.781712738999999962e-02
8.902499999999999858e+00 -1.787719306000000105e-02
8.904999999999999361e+00 -1.790241743000000121e-02
8.907500000000000639e+00 -1.793702391999999965e-02
8.910000000000000142e+00 -1.795628424999999931e-02
8.912499999999999645e+00 -1.793033558999999888e-02
8.914999999999999147e+00 -1.794717041999999846e-02
8.917500000000000426e+00 -1.799257008999999990e-02
8.919999999999999929e+00 -1.800119910000000031e-02
8.922499999999999432e+00 -1.800196295999999946e-02
8.925000000000000711e+00 -1.803306610999999907e-02
8.927500000000000213e+00 -1.802965565000000034e-02
8.929999999999999716e+00 -1.806755075000000127e-02
8.932499999999999218e+00 -1.806295721000000104e-02
8.935000000000000497e+00 -1.812467665999999838e-02
8.937500000000000000e+00 -1.813624492999999990e-02
8.939999999999999503e+00 -1.812401728999999892e-02
8.942500000000000782e+00 -1.820503635999999939e-02
8.945000000000000284e+00 -1.822406009000000077e-02
8.947499999999999787e+00 -1.814918232999999936e-02
8.949999999999999289e+00 -1.821828463999999870e-02
8.952500000000000568e+00 -1.823006451000000125e-02
8.955000000000000071e+00 -1.824486548000000055e-02
8.957499999999999574e+00 -1.831015127999999909e-02
8.960000000000000853e+00 -1.828176232999999956e-02
8.962500000000000355e+00 -1.831611895000000156e-02
8.964999999999999858e+00 -1.831599617999999860e-02
8.967499999999999361e+00 -1.834652407999999915e-02
8.970000000000000639e+00 -1.836440434000000121e-02
8.972500000000000142e+00 -1.837769540999999868e-02
8.974999999999999645e+00 -1.842107052999999994e-02
8.977499999999999147e+00 -1.842458883999999880e-02
8.980000000000000426e+00 -1.843625387999999962e-02
8.982499999999999929e+00 -1.844096778999999853e-02
8.984999999999999432e+00 -1.845996235999999846e-02
8.987500000000000711e+00 -1.848350148000000095e-02
8.990000000000000213e+00 -1.855955931000000114e-02
8.992499999999999716e+00 -1.857381338999999909e-02
8.994999999999999218e+00 -1.855369936999999927e-02
8.997500000000000497e+00 -1.861200919000000065e-02
9.000000000000000000e+00 -1.858649100000000012e-02
9.002499999999999503e+00 -1.862800113999999937e-02
9.005000000000000782e+00 -1.864381282999999848e-02
9.007500000000000284e+00 -1.865729001000000081e-02
9.009999999999999787e+00 -1.868407293000000011e-02
9.012499999999999289e+00 -1.868300826999999900e-02
9.015000000000000568e+00 -1.875153916000000046e-02
9.017500000000000071e+00 -1.872157950999999917e-02
9.019999999999999574e+00 -1.874840951999999852e-02
9.022500000000000853e+00 -1.878879708999999995e-02
9.025000000000000355e+00 -1.875181859000000020e-02
9.027499999999999858e+00 -1.882190299000000011e-02
9.029999999999999361e+00 -1.883474380999999864e-02
9.032500000000000639e+00 -1.886015691999999924e-02
9.035000000000000142e+00 -1.890692948000000095e-02
9.037499999999999645e+00 -1.890971775999999993e-02
9.039999999999999147e+00 -1.892165168999999925e-02
9.042500000000000426e+00 -1.895800560999999843e-02
9.044999999999999929e+00 -1.897178692000000069e-02
9.047499999999999432e+00 -1.898259838000000005e-02
9.050000000000000711e+00 -1.902137056000000048e-02
9.052500000000000213e+00 -1.902996896000000090e-02
9.054999999999999716e+00 -1.903129699999999910e-02
9.057499999999999218e+00 -1.905363959999999829e-02
9.060000000000000497e+00 -1.906611919000000127e-02
9.062500000000000000e+00 -1.909728658000000093e-02
9.064999999999999503e+00 -1.911272690999999899e-02
9.067500000000000782e+00 -1.919648976999999840e-02
9.070000000000000284e+00 -1.915084867999999885e-02
9.072499999999999787e+00 -1.917988668000000091e-02
9.074999999999999289e+00 -1.922478571000000094e-02
9.077500000000000568e+00 -1.925180008999999998e-02
9.080000000000000071e+00 -1.930523681999999838e-02
9.082499999999999574e+00 -1.928760170000000038e-02
9.085000000000000853e+00 -1.930672665999999885e-02
9.087500000000000355e+00 -1.930476659999999858e-02
9.089999999999999858e+00 -1.937467405999999948e-02
9.092499999999999361e+00 -1.932858301000000070e-02
9.095000000000000639e+00 -1.934689263000000103e-02
9.097500000000000142e+00 -1.937876183000000058e-02
9.099999999999999645e+00 -1.943912855000000037e-02
9.102499999999999147e+00 -1.942781843000000036e-02
9.105000000000000426e+00 -1.945673008999999898e-02
9.107499999999999929e+00 -1.946468800000000082e-02
9.109999999999999432e+00 -1.948254718000000038e-02
9.112500000000000711e+00 -1.951751914000000171e-02
9.115000000000000213e+00 -1.958553701000000091e-02
9.117499999999999716e+00 -1.951518063000000011e-02
9.119999999999999218e+00 -1.956339178999999887e-02
9.122500000000000497e+00 -1.963204165999999848e-02
9.125000000000000000e+00 -1.964616170000000120e-02
9.127499999999999503e+00 -1.965409985999999956e-02
9.130000000000000782e+00 -1.967012204999999889e-02
9.132500000000000284e+00 -1.967873960999999908e-02
9.134999999999999787e+00 -1.968669862999999909e-02
9.137499999999999289e+00 -1.976620448000000058e-02
9.140000000000000568e+00 -1.975068174000000135e-02
9.142500000000000071e+00 -1.979613937000000018e-02
9.144999999999999574e+00 -1.978852811999999919e-02
9.147500000000000853e+00 -1.982331128999999942e-02
9.150000000000000355e+00 -1.983473880999999869e-02
9.152499999999999858e+00 -1.987006490999999875e-02
9.154999999999999361e+00 -1.987401747999999885e-02
9.157500000000000639e+00 -1.988751840999999909e-02
9.160000000000000142e+00 -1.988978503999999994e-02
9.162499999999999645e+00 -1.996668482000000036e-02
9.164999999999999147e+00 -1.998879698000000094e-02
9.167500000000000426e+00 -2.005233738000000016e-02
9.169999999999999929e+00 -1.999528994000000087e-02
9.172499999999999432e+00 -2.002837685999999881e-02
9.175000000000000711e+00 -2.004772909000000075e-02
9.177500000000000213e+00 -2.004993449000000080e-02
9.179999999999999716e+00 -2.014123217999999951e-02
9.182499999999999218e+00 -2.008312136000000095e-02
9.185000000000000497e+00 -2.014743754000000026e-02
9.187500000000000000e+00 -2.018296806000000054e-02
9.189999999999999503e+00 -2.020480566999999922e-02
9.192500000000000782e+00 -2.021628698000000127e-02
9.195000000000000284e+00 -2.024451883999999965e-02
9.197499999999999787e+00 -2.027979347999999890e-02
9.199999999999999289e+00 -2.031084179999999989e-02
9.202500000000000568e+00 -2.025895888000000047e-02
9.205000000000000071e+00 -2.032568259000000141e-02
9.207499999999999574e+00 -2.035581048000000004e-02
9.210000000000000853e+00 -2.035756945999999887e-02
9.212500000000000355e+00 -2.039003514999999933e-02
9.214999999999999858e+00 -2.041328364999999909e-02
9.217499999999999361e+00 -2.041730539000000122e-02
9.220000000000000639e+00 -2.041616981999999983e-02
9.222500000000000142e+00 -2.050052403000000162e-02
9.224999999999999645e+00 -2.054013380999999971e-02
9.227499999999999147e+00 -2.053423579000000082e-02
9.230000000000000426e+00 -2.054866678999999960e-02
9.232499999999999929e+00 -2.055893942999999918e-02
9.234999999999999432e+00 -2.058811060000000082e-02
9.237500000000000711e+00 -2.060953299999999933e-02
9.240000000000000213e+00 -2.062914534999999924e-02
9.242499999999999716e+00 -2.069126107999999867e-02
9.244999999999999218e+00 -2.065561034000000171e-02
9.247500000000000497e+00 -2.073077535000000110e-02
9.250000000000000000e+00 -2.070020561000000120e-02
9.252499999999999503e+00 -2.076295032000000096e-02
9.255000000000000782e+00 -2.078041731000000031e-02
9.257500000000000284e+00 -2.078060536999999999e-02
9.259999999999999787e+00 -2.077960744000000026e-02
9.262499999999999289e+00 -2.080285448000000065e-02
9.265000000000000568e+00 -2.083959940999999955e-02
9.267500000000000071e+00 -2.087355454999999943e-02
9.269999999999999574e+00 -2.091195947000000152e-02
9.272500000000000853e+00 -2.091484442999999929e-02
9.275000000000000355e+00 -2.090437975000000032e-02
9.277499999999999858e+00 -2.094010929999999895e-02
9.279999999999999361e+00 -2.100517656000000163e-02
9.282500000000000639e+00 -2.101505535999999980e-02
9.285000000000000142e+00 -2.099896465000000018e-02
9.287499999999999645e+00 -2.105199762999999946e-02
9.289999999999999147e+00 -2.107930778000000061e-02
9.292500000000000426e+00 -2.111886187999999914e-02
9.294999999999999929e+00 -2.112696757999999939e-02
9.297499999999999432e+00 -2.113826099000000111e-02
9.300000000000000711e+00 -2.117764659000000160e-02
9.302500000000000213e+00 -2.120301876000000099e-02
9.304999999999999716e+00 -2.122719690999999922e-02
9.307499999999999218e+00 -2.125158721999999972e-02
9.310000000000000497e+00 -2.120652877000000006e-02
9.312500000000000000e+00 -2.131523293000000055e-02
9.314999999999999503e+00 -2.132922275000000145e-02
9.317500000000000782e+00 -2.133998049000000036e-02
9.320000000000000284e+00 -2.137288753999999971e-02
9.322499999999999787e+00 -2.137882656999999867e-02
9.324999999999999289e+00 -2.142318064000000091e-02
9.327500000000000568e+00 -2.141426675000000085e-02
9.330000000000000071e+00 -2.146237637999999850e-02
9.332499999999999574e+00 -2.148200720000000008e-02
9.335000000000000853e+00 -2.154799991000000067e-02
9.337500000000000355e+00 -2.156902641000000079e-02
9.339999999999999858e+00 -2.156922848000000087e-02
9.342499999999999361e+00 -2.158003470000000035e-02
9.345000000000000639e+00 -2.156009788000000024e-02
9.347500000000000142e+00 -2.164503048000000068e-02
9.349999999999999645e+00 -2.166465935000000051e-02
9.352499999999999147e+00 -2.168331603000000010e-02
9.355000000000000426e+00 -2.169283442000000117e-02
9.357499999999999929e+00 -2.172469679999999848e-02
9.359999999999999432e+00 -2.175814141000000090e-02
9.362500000000000711e+00 -2.174821289000000019e-02
9.365000000000000213e+00 -2.180456658000000034e-02
9.367499999999999716e+00 -2.183259703000000121e-02
9.369999999999999218e+00 -2.182761370000000159e-02
9.372500000000000497e+00 -2.186015789999999973e-02
9.375000000000000000e+00 -2.188576382000000098e-02
9.377499999999999503e+00 -2.191582351000000151e-02
9.380000000000000782e+00 -2.195838622000000073e-02
9.382500000000000284e+00 -2.197581582000000117e-02
9.384999999999999787e+00 -2.199344225999999916e-02
9.387499999999999289e+00 -2.201828872000000104e-02
9.390000000000000568e+00 -2.206715974999999899e-02
9.392500000000000071e+00 -2.206917626000000007e-02
9.394999999999999574e+00 -2.210358990000000148e-02
9.397500000000000853e+00 -2.211937957000000010e-02
9.400000000000000355e+00 -2.212812957999999927e-02
9.402499999999999858e+00 -2.215808564999999924e-02
9.404999999999999361e+00 -2.221326938999999834e-02
9.407500000000000639e+00 -2.218105529000000131e-02
9.410000000000000142e+00 -2.223263282000000063e-02
9.412499999999999645e+00 -2.220137456000000065e-02
9.414999999999999147e+00 -2.227409024999999973e-02
9.417500000000000426e+00 -2.228583640000000171e-02
9.419999999999999929e+00 -2.229128996999999932e-02
9.422499999999999432e+00 -2.234190850000000034e-02
9.425000000000000711e+00 -2.240743883999999839e-02
9.427500000000000213e+00 -2.239718653999999906e-02
9.429999999999999716e+00 -2.243819195999999933e-02
9.432499999999999218e+00 -2.246795298000000066e-02
9.435000000000000497e+00 -2.248590934999999957e-02
9.437500000000000000e+00 -2.248179973999999900e-02
9.439999999999999503e+00 -2.251437616999999933e-02
9.442500000000000782e+00 -2.259475077000000151e-02
9.445000000000000284e+00 -2.258913564000000068e-02
9.447499999999999787e+00 -2.261569312999999956e-02
9.449999999999999289e+00 -2.260329408999999998e-02
9.452500000000000568e+00 -2.262360935000000059e-02
9.455000000000000071e+00 -2.267986816999999905e-02
9.457499999999999574e+00 -2.271108855000000121e-02
9.460000000000000853e+00 -2.273867216000000080e-02
9.462500000000000355e+00 -2.272250367999999882e-02
9.464999999999999858e+00 -2.281991375000000030e-02
9.467499999999999361e+00 -2.279691110000000090e-02
9.470000000000000639e+00 -2.284163557999999844e-02
9.472500000000000142e+00 -2.281947881999999914e-02
9.474999999999999645e+00 -2.288762533999999862e-02
9.477499999999999147e+00 -2.294385725000000140e-02
9.480000000000000426e+00 -2.292571640000000063e-02
9.482499999999999929e+00 -2.297701431999999919e-02
9.484999999999999432e+00 -2.299093498999999971e-02
9.487500000000000711e+00 -2.297071782000000006e-02
9.490000000000000213e+00 -2.304390696999999988e-02
9.492499999999999716e+00 -2.306617680000000101e-02
9.494999999999999218e+00 -2.312724468999999977e-02
9.497500000000000497e+00 -2.311216391000000051e-02
9.500000000000000000e+00 -2.313420995999999896e-02
9.502499999999999503e+00 -2.314943817000000154e-02
9.505000000000000782e+00 -2.321472264000000105e-02
9.507500000000000284e+00 -2.321309087999999868e-02
9.509999999999999787e+00 -2.323013587999999893e-02
9.512499999999999289e+00 -2.327103943999999855e-02
9.515000000000000568e+00 -2.328593428000000007e-02
9.517500000000000071e+00 -2.331581443999999892e-02
9.519999999999999574e+00 -2.336695117000000058e-02
9.522500000000000853e+00 -2.336118443999999836e-02
9.525000000000000355e+00 -2.338415744000000088e-02
9.527499999999999858e+00 -2.343868787999999967e-02
9.529999999999999361e+00 -2.342351612000000138e-02
9.532500000000000639e+00 -2.348851190000000172e-02
9.535000000000000142e+00 -2.348683304999999930e-02
9.537499999999999645e+00 -2.357897579000000146e-02
9.539999999999999147e+00 -2.357253202999999922e-02
9.542500000000000426e+00 -2.362223700000000079e-02
9.544999999999999929e+00 -2.361625243000000166e-02
9.547499999999999432e+00 -2.365047684000000025e-02
9.550000000000000711e+00 -2.364784546000000057e-02
9.552500000000000213e+00 -2.371611754999999877e-02
9.554999999999999716e+00 -2.370832481000000047e-02
9.557499999999999218e+00 -2.378094475000000138e-02
9.560000000000000497e+00 -2.375196305000000160e-02
9.562500000000000000e+00 -2.380036699999999936e-02
9.564999999999999503e+00 -2.386690053999999950e-02
9.567500000000000782e+00 -2.387078516000000136e-02
9.570000000000000284e+00 -2.391179625999999975e-02
9.572499999999999787e+00 -2.393485543999999965e-02
9.574999999999999289e+00 -2.398733906000000138e-02
9.577500000000000568e+00 -2.395018978999999965e-02
9.580000000000000071e+00 -2.399966946000000115e-02
9.582499999999999574e+00 -2.398905650000000139e-02
9.585000000000000853e+00 -2.405996730999999944e-02
9.587500000000000355e+00 -2.411948301999999877e-02
9.589999999999999858e+00 -2.412895065000000144e-02
9.592499999999999361e+00 -2.420268995999999909e-02
9.595000000000000639e+00 -2.420019387000000091e-02
9.597500000000000142e+00 -2.420271649000000150e-02
9.599999999999999645e+00 -2.422294873999999987e-02
9.602499999999999147e+00 -2.422922510999999876e-02
9.605000000000000426e+00 -2.429478939000000171e-02
9.607499999999999929e+00 -2.435432010000000008e-02
9.609999999999999432e+00 -2.428931130000000146e-02
9.612500000000000711e+00 -2.436449510999999860e-02
9.615000000000000213e+00 -2.440993777000000087e-02
9.617499999999999716e+00 -2.443783240999999884e-02
9.619999999999999218e+00 -2.440357572000000086e-02
9.622500000000000497e+00 -2.447978950999999889e-02
9.625000000000000000e+00 -2.448831388000000109e-02
9.627499999999999503e+00 -2.456013005000000013e-02
9.630000000000000782e+00 -2.450678186000000008e-02
9.632500000000000284e+00 -2.454326495999999830e-02
9.634999999999999787e+00 -2.464083121999999931e-02
9.637499999999999289e+00 -2.462596319999999991e-02
9.640000000000000568e+00 -2.466128358999999937e-02
9.642500000000000071e+00 -2.469161879000000143e-02
9.644999999999999574e+00 -2.473769304000000141e-02
9.647500000000000853e+00 -2.479803013999999986e-02
9.650000000000000355e+00 -2.478613253999999849e-02
9.652499999999999858e+00 -2.484737373000000041e-02
9.654999999999999361e+00 -2.482260531999999978e-02
9.657500000000000639e+00 -2.488220067000000008e-02
9.660000000000000142e+00 -2.485821317000000072e-02
9.662499999999999645e+00 -2.494558804000000102e-02
9.664999999999999147e+00 -2.497190300000000016e-02
9.667500000000000426e+00 -2.494087663000000080e-02
9.669999999999999929e+00 -2.502164098999999989e-02
9.672499999999999432e+00 -2.505703825000000010e-02
9.675000000000000711e+00 -2.508548941999999907e-02
9.677500000000000213e+00 -2.508921910000000075e-02
9.679999999999999716e+00 -2.511221850999999922e-02
9.682499999999999218e+00 -2.515239366000000115e-02
9.685000000000000497e+00 -2.524919678000000015e-02
9.687500000000000000e+00 -2.519740307999999984e-02
9.689999999999999503e+00 -2.523505120000000060e-02
9.692500000000000782e+00 -2.533143104000000131e-02
9.695000000000000284e+00 -2.531070368999999848e-02
9.697499999999999787e+00 -2.532266618999999899e-02
9.699999999999999289e+00 -2.535407711000000133e-02
9.702500000000000568e+00 -2.542666547999999915e-02
9.705000000000000071e+00 -2.547191405999999977e-02
9.707499999999999574e+00 -2.545814701000000124e-02
9.710000000000000853e+00 -2.555543870999999953e-02
9.712500000000000355e+00 -2.553671602999999998e-02
9.714999999999999858e+00 -2.552671907999999948e-02
9.717499999999999361e+00 -2.554440792999999876e-02
9.720000000000000639e+00 -2.560338733000000130e-02
9.722500000000000142e+00 -2.564645618999999988e-02
9.724999999999999645e+00 -2.567630678999999888e-02
9.727499999999999147e+00 -2.569167361000000011e-02
9.730000000000000426e+00 -2.569953185999999945e-02
9.732499999999999929e+00 -2.579523134999999953e-02
9.734999999999999432e+00 -2.577285538999999834e-02
9.737500000000000711e+00 -2.583380662000000008e-02
9.740000000000000213e+00 -2.588866692000000094e-02
9.742499999999999716e+00 -2.593059434999999899e-02
9.744999999999999218e+00 -2.586379306999999836e-02
9.747500000000000497e+00 -2.591596246000000062e-02
9.750000000000000000e+00 -2.592089325000000027e-02
9.752499999999999503e+00 -2.600626166999999919e-02
9.755000000000000782e+00 -2.600279389000000052e-02
9.757500000000000284e+00 -2.608525046000000069e-02
9.759999999999999787e+00 -2.608482851999999880e-02
9.762499999999999289e+00 -2.607449388000000062e-02
9.765000000000000568e+00 -2.618508375999999832e-02
9.767500000000000071e+00 -2.617984980999999919e-02
9.769999999999999574e+00 -2.623158860999999856e-02
9.772500000000000853e+00 -2.624540086000000036e-02
9.775000000000000355e+00 -2.626804674999999936e-02
9.777499999999999858e+00 -2.636069970000000026e-02
9.779999999999999361e+00 -2.636598566000000060e-02
9.782500000000000639e+00 -2.635396502999999904e-02
9.785000000000000142e+00 -2.641078938000000070e-02
9.787499999999999645e+00 -2.641768316000000019e-02
9.789999999999999147e+00 -2.646800254000000047e-02
9.792500000000000426e+00 -2.648707608000000144e-02
9.794999999999999929e+00 -2.655320636000000137e-02
9.797499999999999432e+00 -2.656194203000000059e-02
9.800000000000000711e+00 -2.659988753000000136e-02
9.802500000000000213e+00 -2.665145363999999947e-02
9.804999999999999716e+00 -2.665174252000000049e-02
9.807499999999999218e+00 -2.674127287999999991e-02
9.810000000000000497e+00 -2.670586913000000048e-02
9.812500000000000000e+00 -2.671983849999999897e-02
9.814999999999999503e+00 -2.678457723999999943e-02
9.817500000000000782e+00 -2.680283221999999951e-02
9.820000000000000284e+00 -2.686660897000000062e-02
9.822499999999999787e+00 -2.694724748999999947e-02
9.824999999999999289e+00 -2.691169937000000012e-02
9.827500000000000568e+00 -2.694095872000000155e-02
9.830000000000000071e+00 -2.699147390000000007e-02
9.832499999999999574e+00 -2.698998212999999952e-02
9.835000000000000853e+00 -2.705911701000000141e-02
9.837500000000000355e+00 -2.709122132000000086e-02
9.839999999999999858e+00 -2.717693784999999917e-02
9.842499999999999361e+00 -2.717684149999999993e-02
9.845000000000000639e+00 -2.716698240000000111e-02
9.847500000000000142e+00 -2.724149617000000065e-02
9.849999999999999645e+00 -2.723086343999999923e-02
9.852499999999999147e+00 -2.729260165000000141e-02
9.855000000000000426e+00 -2.725498834000000120e-02
9.857499999999999929e+00 -2.740192785000000048e-02
9.859999999999999432e+00 -2.744718686000000019e-02
9.862500000000000711e+00 -2.744307106000000093e-02
9.865000000000000213e+00 -2.745626778999999892e-02
9.867499999999999716e+00 -2.741682930000000074e-02
9.869999999999999218e+00 -2.753062070000000111e-02
9.872500000000000497e+00 -2.747226306999999909e-02
9.875000000000000000e+00 -2.761982203999999858e-02
9.877499999999999503e+00 -2.761118657000000143e-02
9.880000000000000782e+00 -2.766411762999999857e-02
9.882500000000000284e+00 -2.767507160000000008e-02
9.884999999999999787e+00 -2.772423829999999881e-02
9.887499999999999289e+00 -2.778480197999999915e-02
9.890000000000000568e+00 -2.771922699999999906e-02
9.892500000000000071e+00 -2.782293578999999947e-02
9.894999999999999574e+00 -2.784507166000000158e-02
9.897500000000000853e+00 -2.787180439000000107e-02
9.900000000000000355e+00 -2.794617802000000026e-02
9.902499999999999858e+00 -2.796693571000000156e-02
9.904999999999999361e+00 -2.798004224999999998e-02
9.907500000000000639e+00 -2.804747138999999848e-02
9.910000000000000142e+00 -2.805606752999999925e-02
9.912499999999999645e+00 -2.809078959000000167e-02
9.914999999999999147e+00 -2.810905404999999857e-02
9.917500000000000426e+00 -2.819588245000000104e-02
9.919999999999999929e+00 -2.822222023000000093e-02
9.922499999999999432e+00 -2.828949953999999878e-02
9.925000000000000711e+00 -2.827552591000000171e-02
9.927500000000000213e+00 -2.826798984000000042e-02
9.929999999999999716e+00 -2.833701433000000020e-02
9.932499999999999218e+00 -2.839292460999999837e-02
9.935000000000000497e+00 -2.837733317000000130e-02
9.937500000000000000e+00 -2.841605092000000152e-02
9.939999999999999503e+00 -2.845715169000000155e-02
9.942500000000000782e+00 -2.853618415999999852e-02
9.945000000000000284e+00 -2.854616765999999986e-02
9.947499999999999787e+00 -2.858933607999999960e-02
9.949999999999999289e+00 -2.864880401000000076e-02
9.952500000000000568e+00 -2.870385833999999914e-02
9.955000000000000071e+00 -2.872633629999999869e-02
9.957499999999999574e+00 -2.871235232999999956e-02
9.960000000000000853e+00 -2.872660176000000135e-02
9.962500000000000355e+00 -2.879895355999999990e-02
9.964999999999999858e+00 -2.882992831999999991e-02
9.967499999999999361e+00 -2.889494131999999910e-02
9.970000000000000639e+00 -2.887373505000000173e-02
9.972500000000000142e+00 -2.893883119000000004e-02
9.974999999999999645e+00 -2.896440801000000134e-02
9.977499999999999147e+00 -2.897112823000000045e-02
9.980000000000000426e+00 -2.907260882000000171e-02
9.982499999999999929e+00 -2.908217163000000050e-02
9.984999999999999432e+00 -2.909013192999999886e-02
9.987500000000000711e+00 -2.914851348999999980e-02
9.990000000000000213e+00 -2.914162354999999885e-02
9.992499999999999716e+00 -2.924571482000000097e-02
9.994999999999999218e+00 -2.919173620999999941e-02
9.997500000000000497e+00 -2.932591651999999841e-02
1.000000000000000000e+01 -2.964825574000000061e-02
