0.000000000000000000e+00 1.061226118000000024e-01
2.500000000000000052e-03 1.058783855999999995e-01
5.000000000000000104e-03 1.057431687999999953e-01
7.499999999999999722e-03 1.057169614999999979e-01
1.000000000000000021e-02 1.054934810000000001e-01
1.250000000000000069e-02 1.052250103000000048e-01
1.499999999999999944e-02 1.052950160999999996e-01
1.750000000000000167e-02 1.052406518999999957e-01
2.000000000000000042e-02 1.049048191000000047e-01
2.249999999999999917e-02 1.049435781000000040e-01
2.500000000000000139e-02 1.048135396999999996e-01
2.750000000000000014e-02 1.045952648999999984e-01
2.999999999999999889e-02 1.045047932999999957e-01
3.250000000000000111e-02 1.047228879000000057e-01
3.500000000000000333e-02 1.042982677000000025e-01
3.749999999999999861e-02 1.040065471999999935e-01
4.000000000000000083e-02 1.040844410999999942e-01
4.250000000000000305e-02 1.037833174999999997e-01
4.499999999999999833e-02 1.036468314999999946e-01
4.750000000000000056e-02 1.034789500000000001e-01
5.000000000000000278e-02 1.038827744999999969e-01
5.249999999999999806e-02 1.035222825000000069e-01
5.500000000000000028e-02 1.032023296999999978e-01
5.750000000000000250e-02 1.031365030999999988e-01
5.999999999999999778e-02 1.029586757999999963e-01
6.250000000000000000e-02 1.027750159000000024e-01
6.500000000000000222e-02 1.027751011000000020e-01
6.750000000000000444e-02 1.025612746999999964e-01
7.000000000000000666e-02 1.024639594999999931e-01
7.249999999999999500e-02 1.023969284999999979e-01
7.499999999999999722e-02 1.023621651999999937e-01
7.749999999999999944e-02 1.021681078999999992e-01
8.000000000000000167e-02 1.018154072999999937e-01
8.250000000000000389e-02 1.018807902000000015e-01
8.500000000000000611e-02 1.016422076000000063e-01
8.749999999999999445e-02 1.016766337000000048e-01
8.999999999999999667e-02 1.015574020999999993e-01
9.249999999999999889e-02 1.014104581000000033e-01
9.500000000000000111e-02 1.010032656999999973e-01
9.750000000000000333e-02 1.012055906000000061e-01
1.000000000000000056e-01 1.010090649000000007e-01
1.024999999999999939e-01 1.010215083000000069e-01
1.049999999999999961e-01 1.006023266999999943e-01
1.074999999999999983e-01 1.005242170999999934e-01
1.100000000000000006e-01 1.004931356999999997e-01
1.125000000000000028e-01 1.005286534000000009e-01
1.150000000000000050e-01 1.001209042999999937e-01
1.174999999999999933e-01 1.000385341000000067e-01
1.199999999999999956e-01 9.986077722000000212e-02
1.224999999999999978e-01 9.999824357000000608e-02
1.250000000000000000e-01 9.969295144999999747e-02
1.275000000000000022e-01 9.943929428000000681e-02
1.300000000000000044e-01 9.962237530999999702e-02
1.325000000000000067e-01 9.959622616999999623e-02
1.350000000000000089e-01 9.916728552999999613e-02
1.375000000000000111e-01 9.919423541999999872e-02
1.400000000000000133e-01 9.903690145000000611e-02
1.424999999999999878e-01 9.886629325000000079e-02
1.449999999999999900e-01 9.889789320000000328e-02
1.474999999999999922e-01 9.862227360000000442e-02
1.499999999999999944e-01 9.844160441999999511e-02
1.524999999999999967e-01 9.856350144000000646e-02
1.549999999999999989e-01 9.821308637999999480e-02
1.575000000000000011e-01 9.821427408999999775e-02
1.600000000000000033e-01 9.809824306999999355e-02
1.625000000000000056e-01 9.794713342999999961e-02
1.650000000000000078e-01 9.770631174999999669e-02
1.675000000000000100e-01 9.777377377000000258e-02
1.700000000000000122e-01 9.761299897000000336e-02
1.724999999999999867e-01 9.721068799000000260e-02
1.749999999999999889e-01 9.734270842999999396e-02
1.774999999999999911e-01 9.717625767000000192e-02
1.799999999999999933e-01 9.720753902999999807e-02
1.824999999999999956e-01 9.711087051000000248e-02
1.849999999999999978e-01 9.697021021000000462e-02
1.875000000000000000e-01 9.684589119000000523e-02
1.900000000000000022e-01 9.654610912000000100e-02
1.925000000000000044e-01 9.665511534000000016e-02
1.950000000000000067e-01 9.645415486000000205e-02
1.975000000000000089e-01 9.621638533000000104e-02
2.000000000000000111e-01 9.619460283000000334e-02
2.025000000000000133e-01 9.608159797000000168e-02
2.049999999999999878e-01 9.613142115999999404e-02
2.074999999999999900e-01 9.584829199000000077e-02
2.099999999999999922e-01 9.587710939000000654e-02
2.124999999999999944e-01 9.564926037000000270e-02
2.149999999999999967e-01 9.539904180000000067e-02
2.174999999999999989e-01 9.527166332000000515e-02
2.200000000000000011e-01 9.541693448000000688e-02
2.225000000000000033e-01 9.533680681999999462e-02
2.250000000000000056e-01 9.493499937999999583e-02
2.275000000000000078e-01 9.480570322999999633e-02
2.300000000000000100e-01 9.464224241999999454e-02
2.325000000000000122e-01 9.487166750999999343e-02
2.349999999999999867e-01 9.469627977000000252e-02
2.374999999999999889e-01 9.450493065999999998e-02
2.399999999999999911e-01 9.436160611999999670e-02
2.424999999999999933e-01 9.428112991999999803e-02
2.449999999999999956e-01 9.407678663000000607e-02
2.474999999999999978e-01 9.414546257000000473e-02
2.500000000000000000e-01 9.403336156000000057e-02
2.525000000000000022e-01 9.389274395999999689e-02
2.550000000000000044e-01 9.391653221000000051e-02
2.575000000000000067e-01 9.363240421000000591e-02
2.600000000000000089e-01 9.350100270000000213e-02
2.625000000000000111e-01 9.348245602999999404e-02
2.650000000000000133e-01 9.323018680000000336e-02
2.675000000000000155e-01 9.324788784000000164e-02
2.700000000000000178e-01 9.309832111000000687e-02
2.725000000000000200e-01 9.309081364000000580e-02
2.750000000000000222e-01 9.277556048000000499e-02
2.775000000000000244e-01 9.264964007999999807e-02
2.800000000000000266e-01 9.268448094999999498e-02
2.824999999999999734e-01 9.244018710000000139e-02
2.849999999999999756e-01 9.237731589000000576e-02
2.874999999999999778e-01 9.245946395000000095e-02
2.899999999999999800e-01 9.227037247000000053e-02
2.924999999999999822e-01 9.213794648999999726e-02
2.949999999999999845e-01 9.200300303000000235e-02
2.974999999999999867e-01 9.182387229999999789e-02
2.999999999999999889e-01 9.171427494999999375e-02
3.024999999999999911e-01 9.167508631000000074e-02
3.049999999999999933e-01 9.165503470999999958e-02
3.074999999999999956e-01 9.142121773000000395e-02
3.099999999999999978e-01 9.135633881999999373e-02
3.125000000000000000e-01 9.126542081999999834e-02
3.150000000000000022e-01 9.092478531000000586e-02
3.175000000000000044e-01 9.108163737999999676e-02
3.200000000000000067e-01 9.081686445000000663e-02
3.225000000000000089e-01 9.061371846000000618e-02
3.250000000000000111e-01 9.074342087999999473e-02
3.275000000000000133e-01 9.069922375000000203e-02
3.300000000000000155e-01 9.036795531999999853e-02
3.325000000000000178e-01 9.029964875000000279e-02
3.350000000000000200e-01 9.023514667000000211e-02
3.375000000000000222e-01 9.020972831000000081e-02
3.400000000000000244e-01 9.007157400000000147e-02
3.425000000000000266e-01 9.000689414000000166e-02
3.449999999999999734e-01 8.981755939999999661e-02
3.474999999999999756e-01 8.966711825999999774e-02
3.499999999999999778e-01 8.958454338999999322e-02
3.524999999999999800e-01 8.961320372000000645e-02
3.549999999999999822e-01 8.939047976000000229e-02
3.574999999999999845e-01 8.925629321000000393e-02
3.599999999999999867e-01 8.912649639000000401e-02
3.624999999999999889e-01 8.938155033000000360e-02
3.649999999999999911e-01 8.909068833000000076e-02
3.674999999999999933e-01 8.900451781000000284e-02
3.699999999999999956e-01 8.892616056999999574e-02
3.724999999999999978e-01 8.866158116000000255e-02
3.750000000000000000e-01 8.835365818000000260e-02
3.775000000000000022e-01 8.853419136000000023e-02
3.800000000000000044e-01 8.845597059000000206e-02
3.825000000000000067e-01 8.836711086000000048e-02
3.850000000000000089e-01 8.817783111999999424e-02
3.875000000000000111e-01 8.806211345999999385e-02
3.900000000000000133e-01 8.809453827999999542e-02
3.925000000000000155e-01 8.804956070000000135e-02
3.950000000000000178e-01 8.772274597000000174e-02
3.975000000000000200e-01 8.769120720999999674e-02
4.000000000000000222e-01 8.748206394999999413e-02
4.025000000000000244e-01 8.758618175000000561e-02
4.050000000000000266e-01 8.726679370999999852e-02
4.074999999999999734e-01 8.726896536000000593e-02
4.099999999999999756e-01 8.724538069999999979e-02
4.124999999999999778e-01 8.711906578000000456e-02
4.149999999999999800e-01 8.706559969999999593e-02
4.174999999999999822e-01 8.676301342999999389e-02
4.199999999999999845e-01 8.670553038000000656e-02
4.224999999999999867e-01 8.673430159999999389e-02
4.249999999999999889e-01 8.662570533999999767e-02
4.274999999999999911e-01 8.643274664000000218e-02
4.299999999999999933e-01 8.657781986000000207e-02
4.324999999999999956e-01 8.636481666999999696e-02
4.349999999999999978e-01 8.618900281999999913e-02
4.375000000000000000e-01 8.608437581000000227e-02
4.400000000000000022e-01 8.597369891999999403e-02
4.425000000000000044e-01 8.587493408999999356e-02
4.450000000000000067e-01 8.588034643000000412e-02
4.475000000000000089e-01 8.582182458999999819e-02
4.500000000000000111e-01 8.572595366000000661e-02
4.525000000000000133e-01 8.551177188000000373e-02
4.550000000000000155e-01 8.536212870999999869e-02
4.575000000000000178e-01 8.524732191000000681e-02
4.600000000000000200e-01 8.513220546999999971e-02
4.625000000000000222e-01 8.525307155000000359e-02
4.650000000000000244e-01 8.500684614999999555e-02
4.675000000000000266e-01 8.496315210999999534e-02
4.699999999999999734e-01 8.481484390000000595e-02
4.724999999999999756e-01 8.484720362000000571e-02
4.749999999999999778e-01 8.469249346000000400e-02
4.774999999999999800e-01 8.455379708999999355e-02
4.799999999999999822e-01 8.468956556999999996e-02
4.824999999999999845e-01 8.445953295999999999e-02
4.849999999999999867e-01 8.431629276999999534e-02
4.874999999999999889e-01 8.415334544999999999e-02
4.899999999999999911e-01 8.426671410000000084e-02
4.924999999999999933e-01 8.398502719000000560e-02
4.949999999999999956e-01 8.389972392000000223e-02
4.974999999999999978e-01 8.378793336999999786e-02
5.000000000000000000e-01 8.364871140000000593e-02
5.024999999999999467e-01 8.358396546000000649e-02
5.050000000000000044e-01 8.364247355999999967e-02
5.074999999999999512e-01 8.346851836999999441e-02
5.100000000000000089e-01 8.322641956000000063e-02
5.124999999999999556e-01 8.311859611999999897e-02
5.150000000000000133e-01 8.314701185999999467e-02
5.174999999999999600e-01 8.291726363000000155e-02
5.200000000000000178e-01 8.301113263999999881e-02
5.224999999999999645e-01 8.280540078999999720e-02
5.250000000000000222e-01 8.266373862999999711e-02
5.274999999999999689e-01 8.280089995999999342e-02
5.300000000000000266e-01 8.246139854999999519e-02
5.324999999999999734e-01 8.254153408000000636e-02
5.350000000000000311e-01 8.248035758999999745e-02
5.374999999999999778e-01 8.243114873000000065e-02
5.400000000000000355e-01 8.212265102000000649e-02
5.424999999999999822e-01 8.210825914000000059e-02
5.450000000000000400e-01 8.204266195999999900e-02
5.474999999999999867e-01 8.181423025999999543e-02
5.500000000000000444e-01 8.195090117999999368e-02
5.524999999999999911e-01 8.190338764000000549e-02
5.550000000000000488e-01 8.166829780999999844e-02
5.574999999999999956e-01 8.160987693000000542e-02
5.600000000000000533e-01 8.135845586999999879e-02
5.625000000000000000e-01 8.137990477999999805e-02
5.649999999999999467e-01 8.115104329000000227e-02
5.675000000000000044e-01 8.111112652999999395e-02
5.699999999999999512e-01 8.114910734999999931e-02
5.725000000000000089e-01 8.112594253999999561e-02
5.749999999999999556e-01 8.096797390000000372e-02
5.775000000000000133e-01 8.086511923000000435e-02
5.799999999999999600e-01 8.054647976999999848e-02
5.825000000000000178e-01 8.071043193000000671e-02
5.849999999999999645e-01 8.048018912000000358e-02
5.875000000000000222e-01 8.034443814000000184e-02
5.899999999999999689e-01 8.033801152000000223e-02
5.925000000000000266e-01 8.018613003999999767e-02
5.949999999999999734e-01 8.013210797000000496e-02
5.975000000000000311e-01 7.998362487000000576e-02
5.999999999999999778e-01 8.015526487999999339e-02
6.025000000000000355e-01 7.992381482999999509e-02
6.049999999999999822e-01 7.986295763999999575e-02
6.075000000000000400e-01 7.978580651000000135e-02
6.099999999999999867e-01 7.969013610000000303e-02
6.125000000000000444e-01 7.954141134000000668e-02
6.149999999999999911e-01 7.944708888000000246e-02
6.175000000000000488e-01 7.934523059999999683e-02
6.199999999999999956e-01 7.932795301999999438e-02
6.225000000000000533e-01 7.928816704999999687e-02
6.250000000000000000e-01 7.913738170999999599e-02
6.274999999999999467e-01 7.893414484999999869e-02
6.300000000000000044e-01 7.903156018000000171e-02
6.324999999999999512e-01 7.887522665000000488e-02
6.350000000000000089e-01 7.871008197999999900e-02
6.374999999999999556e-01 7.862512590999999607e-02
6.400000000000000133e-01 7.871401158000000675e-02
6.424999999999999600e-01 7.842969650000000681e-02
6.450000000000000178e-01 7.845193805000000298e-02
6.474999999999999645e-01 7.826633973999999605e-02
6.500000000000000222e-01 7.829102038000000652e-02
6.524999999999999689e-01 7.816303897000000112e-02
6.550000000000000266e-01 7.811705897000000010e-02
6.574999999999999734e-01 7.812406282999999341e-02
6.600000000000000311e-01 7.778165633000000412e-02
6.624999999999999778e-01 7.789423959999999814e-02
6.650000000000000355e-01 7.774158928999999607e-02
6.674999999999999822e-01 7.772026575000000326e-02
6.700000000000000400e-01 7.759490013000000519e-02
6.724999999999999867e-01 7.733634207999999510e-02
6.750000000000000444e-01 7.757221344999999657e-02
6.774999999999999911e-01 7.720452177999999333e-02
6.800000000000000488e-01 7.710954156999999531e-02
6.824999999999999956e-01 7.712552816999999894e-02
6.850000000000000533e-01 7.715811319000000224e-02
6.875000000000000000e-01 7.700707867000000650e-02
6.899999999999999467e-01 7.682270187999999667e-02
6.925000000000000044e-01 7.684166687000000551e-02
6.949999999999999512e-01 7.669887136000000383e-02
6.975000000000000089e-01 7.662732846000000486e-02
6.999999999999999556e-01 7.660311626999999346e-02
7.025000000000000133e-01 7.649215382000000563e-02
7.049999999999999600e-01 7.644700930999999422e-02
7.075000000000000178e-01 7.633721139999999350e-02
7.099999999999999645e-01 7.612247071000000087e-02
7.125000000000000222e-01 7.596131171000000681e-02
7.149999999999999689e-01 7.607547815000000047e-02
7.175000000000000266e-01 7.589185837999999629e-02
7.199999999999999734e-01 7.598232427999999927e-02
7.225000000000000311e-01 7.575317676999999972e-02
7.249999999999999778e-01 7.582432907000000166e-02
7.275000000000000355e-01 7.579978179999999344e-02
7.299999999999999822e-01 7.546728730000000496e-02
7.325000000000000400e-01 7.541723364999999846e-02
7.349999999999999867e-01 7.524647581000000474e-02
7.375000000000000444e-01 7.521377143000000653e-02
7.399999999999999911e-01 7.511683857999999769e-02
7.425000000000000488e-01 7.518714426000000506e-02
7.449999999999999956e-01 7.510696378999999478e-02
7.475000000000000533e-01 7.505077059999999689e-02
7.500000000000000000e-01 7.490488149000000540e-02
7.524999999999999467e-01 7.476356250000000536e-02
7.550000000000000044e-01 7.482786150999999608e-02
7.574999999999999512e-01 7.476313059000000427e-02
7.600000000000000089e-01 7.460659683999999736e-02
7.624999999999999556e-01 7.460336498000000316e-02
7.650000000000000133e-01 7.455039539999999687e-02
7.674999999999999600e-01 7.427401357000000537e-02
7.700000000000000178e-01 7.418626621000000421e-02
7.724999999999999645e-01 7.431346146999999458e-02
7.750000000000000222e-01 7.410984699000000564e-02
7.774999999999999689e-01 7.385331444999999884e-02
7.800000000000000266e-01 7.398607279999999675e-02
7.824999999999999734e-01 7.389349522999999476e-02
7.850000000000000311e-01 7.370392189999999677e-02
7.874999999999999778e-01 7.361593796000000245e-02
7.900000000000000355e-01 7.364170624999999415e-02
7.924999999999999822e-01 7.344514717000000248e-02
7.950000000000000400e-01 7.353600787000000305e-02
7.974999999999999867e-01 7.345415332999999380e-02
8.000000000000000444e-01 7.330375299999999927e-02
8.024999999999999911e-01 7.326611213000000511e-02
8.050000000000000488e-01 7.288393722000000019e-02
8.074999999999999956e-01 7.304119790999999418e-02
8.100000000000000533e-01 7.300321161999999420e-02
8.125000000000000000e-01 7.293038754000000234e-02
8.149999999999999467e-01 7.286024838999999309e-02
8.175000000000000044e-01 7.283037064000000282e-02
8.199999999999999512e-01 7.266615221000000124e-02
8.225000000000000089e-01 7.267222775999999940e-02
8.249999999999999556e-01 7.253434372000000518e-02
8.275000000000000133e-01 7.254201616000000019e-02
8.299999999999999600e-01 7.228621024999999645e-02
8.325000000000000178e-01 7.233165021000000083e-02
8.349999999999999645e-01 7.245303662999999506e-02
8.375000000000000222e-01 7.210079640000000012e-02
8.399999999999999689e-01 7.202802370999999981e-02
8.425000000000000266e-01 7.181974273999999769e-02
8.449999999999999734e-01 7.189150097999999489e-02
8.475000000000000311e-01 7.172965679999999955e-02
8.499999999999999778e-01 7.174885406000000576e-02
8.525000000000000355e-01 7.178921765000000066e-02
8.549999999999999822e-01 7.170268308999999674e-02
8.575000000000000400e-01 7.151685363000000184e-02
8.599999999999999867e-01 7.140837210000000601e-02
8.625000000000000444e-01 7.143649232000000293e-02
8.649999999999999911e-01 7.126411006999999742e-02
8.675000000000000488e-01 7.125450461000000513e-02
8.699999999999999956e-01 7.113877780999999789e-02
8.725000000000000533e-01 7.101146808000000088e-02
8.750000000000000000e-01 7.077546528000000503e-02
8.774999999999999467e-01 7.075511241000000118e-02
8.800000000000000044e-01 7.098004025000000106e-02
8.824999999999999512e-01 7.072927166999999626e-02
8.850000000000000089e-01 7.064449957000000502e-02
8.874999999999999556e-01 7.061215298999999612e-02
8.900000000000000133e-01 7.058774819999999450e-02
8.924999999999999600e-01 7.044233652999999651e-02
8.950000000000000178e-01 7.046015182999999793e-02
8.974999999999999645e-01 7.017759229999999404e-02
9.000000000000000222e-01 7.015736096999999893e-02
9.024999999999999689e-01 7.017064340999999705e-02
9.050000000000000266e-01 6.999922641000000390e-02
9.074999999999999734e-01 6.991161434999999813e-02
9.100000000000000311e-01 6.977685276999999464e-02
9.124999999999999778e-01 6.955193525000000210e-02
9.150000000000000355e-01 6.989182888000000649e-02
9.174999999999999822e-01 6.964878986000000438e-02
9.200000000000000400e-01 6.952291481000000273e-02
9.224999999999999867e-01 6.947068438999999540e-02
9.250000000000000444e-01 6.952178271999999437e-02
9.274999999999999911e-01 6.947976697999999618e-02
9.300000000000000488e-01 6.926914061000000178e-02
9.324999999999999956e-01 6.911880693999999936e-02
9.350000000000000533e-01 6.922934866999999604e-02
9.375000000000000000e-01 6.911269355000000669e-02
9.399999999999999467e-01 6.899321958000000088e-02
9.425000000000000044e-01 6.899872999999999423e-02
9.449999999999999512e-01 6.890525279999999697e-02
9.475000000000000089e-01 6.881086032000000019e-02
9.499999999999999556e-01 6.869936150000000019e-02
9.525000000000000133e-01 6.862151538999999856e-02
9.549999999999999600e-01 6.858448811999999506e-02
9.575000000000000178e-01 6.858049590999999723e-02
9.599999999999999645e-01 6.832689818999999887e-02
9.625000000000000222e-01 6.846402852999999844e-02
9.649999999999999689e-01 6.849582966999999412e-02
9.675000000000000266e-01 6.815104824999999866e-02
9.699999999999999734e-01 6.815011807000000144e-02
9.725000000000000311e-01 6.801302294000000082e-02
9.749999999999999778e-01 6.804189355999999689e-02
9.775000000000000355e-01 6.785229169999999754e-02
9.799999999999999822e-01 6.784288314000000431e-02
9.825000000000000400e-01 6.777598450999999802e-02
9.849999999999999867e-01 6.768199447000000646e-02
9.875000000000000444e-01 6.761536224000000428e-02
9.899999999999999911e-01 6.752516137000000307e-02
9.925000000000000488e-01 6.731226593000000369e-02
9.949999999999999956e-01 6.751558108999999863e-02
9.975000000000000533e-01 6.731391428999999871e-02
1.000000000000000000e+00 6.732898998000000357e-02
1.002499999999999947e+00 6.724955800000000095e-02
1.004999999999999893e+00 6.717830361000000361e-02
1.007500000000000062e+00 6.711293987999999988e-02
1.010000000000000009e+00 6.704328779000000293e-02
1.012499999999999956e+00 6.695425884000000272e-02
1.014999999999999902e+00 6.687756060999999752e-02
1.017500000000000071e+00 6.665456326999999459e-02
1.020000000000000018e+00 6.668137744999999561e-02
1.022499999999999964e+00 6.670898962000000598e-02
1.024999999999999911e+00 6.655150547999999500e-02
1.027500000000000080e+00 6.642474033999999639e-02
1.030000000000000027e+00 6.644259887999999503e-02
1.032499999999999973e+00 6.632083977000000075e-02
1.034999999999999920e+00 6.624641360999999895e-02
1.037500000000000089e+00 6.612458608000000571e-02
1.040000000000000036e+00 6.616835431999999739e-02
1.042499999999999982e+00 6.611113757000000590e-02
1.044999999999999929e+00 6.589762260999999788e-02
1.047500000000000098e+00 6.588864850999999467e-02
1.050000000000000044e+00 6.588778017999999403e-02
1.052499999999999991e+00 6.581044893000000118e-02
1.054999999999999938e+00 6.582013846999999751e-02
1.057500000000000107e+00 6.570097849000000600e-02
1.060000000000000053e+00 6.568874683000000547e-02
1.062500000000000000e+00 6.547741488000000110e-02
1.064999999999999947e+00 6.549990410000000596e-02
1.067499999999999893e+00 6.535506956999999340e-02
1.070000000000000062e+00 6.531158326000000014e-02
1.072500000000000009e+00 6.520612637000000600e-02
1.074999999999999956e+00 6.523018252999999989e-02
1.077499999999999902e+00 6.508956405999999362e-02
1.080000000000000071e+00 6.500198586000000001e-02
1.082500000000000018e+00 6.488936858999999613e-02
1.084999999999999964e+00 6.489393877000000643e-02
1.087499999999999911e+00 6.490550579999999903e-02
1.090000000000000080e+00 6.463270158999999404e-02
1.092500000000000027e+00 6.468595175999999891e-02
1.094999999999999973e+00 6.455233914999999878e-02
1.097499999999999920e+00 6.458333199999999330e-02
1.100000000000000089e+00 6.454466575999999456e-02
1.102500000000000036e+00 6.431630543999999894e-02
1.104999999999999982e+00 6.440881452999999701e-02
1.107499999999999929e+00 6.439174687000000230e-02
1.110000000000000098e+00 6.408692259999999863e-02
1.112500000000000044e+00 6.426596476000000224e-02
1.114999999999999991e+00 6.412760415000000325e-02
1.117499999999999938e+00 6.394115810000000621e-02
1.120000000000000107e+00 6.392436411000000651e-02
1.122500000000000053e+00 6.391895740000000381e-02
1.125000000000000000e+00 6.390123433000000075e-02
1.127499999999999947e+00 6.378575863999999540e-02
1.129999999999999893e+00 6.356016087999999398e-02
1.132500000000000062e+00 6.375192898999999802e-02
1.135000000000000009e+00 6.346258193999999853e-02
1.137499999999999956e+00 6.357787911999999986e-02
1.139999999999999902e+00 6.326074328000000357e-02
1.142500000000000071e+00 6.334990849999999618e-02
1.145000000000000018e+00 6.318374171000000483e-02
1.147499999999999964e+00 6.325969222999999753e-02
1.149999999999999911e+00 6.320718234000000102e-02
1.152500000000000080e+00 6.305128236000000219e-02
1.155000000000000027e+00 6.289708255999999775e-02
1.157499999999999973e+00 6.294148428000000128e-02
1.159999999999999920e+00 6.298186779000000679e-02
1.162500000000000089e+00 6.275484085999999406e-02
1.165000000000000036e+00 6.282281951000000253e-02
1.167499999999999982e+00 6.272159559999999912e-02
1.169999999999999929e+00 6.245700136000000013e-02
1.172500000000000098e+00 6.255616962000000447e-02
1.175000000000000044e+00 6.239987207000000091e-02
1.177499999999999991e+00 6.239467062000000203e-02
1.179999999999999938e+00 6.231123387000000319e-02
1.182500000000000107e+00 6.230540835000000083e-02
1.185000000000000053e+00 6.228019909000000187e-02
1.187500000000000000e+00 6.224477037000000074e-02
1.189999999999999947e+00 6.215042392999999693e-02
1.192499999999999893e+00 6.207055639000000347e-02
1.195000000000000062e+00 6.198343816000000117e-02
1.197500000000000009e+00 6.182568766000000327e-02
1.199999999999999956e+00 6.180376810000000332e-02
1.202499999999999902e+00 6.177895276999999935e-02
1.205000000000000071e+00 6.179881304999999825e-02
1.207500000000000018e+00 6.149769717999999802e-02
1.209999999999999964e+00 6.157171919999999965e-02
1.212499999999999911e+00 6.152972679000000278e-02
1.215000000000000080e+00 6.146279136999999865e-02
1.217500000000000027e+00 6.137431278000000240e-02
1.219999999999999973e+00 6.129168674999999761e-02
1.222499999999999920e+00 6.129105927000000342e-02
1.225000000000000089e+00 6.126235607000000277e-02
1.227500000000000036e+00 6.113924819000000205e-02
1.229999999999999982e+00 6.097908475000000245e-02
1.232499999999999929e+00 6.121342674000000011e-02
1.235000000000000098e+00 6.090408238000000196e-02
1.237500000000000044e+00 6.087057660999999759e-02
1.239999999999999991e+00 6.074803080999999910e-02
1.242499999999999938e+00 6.076839581000000046e-02
1.245000000000000107e+00 6.070738130000000177e-02
1.247500000000000053e+00 6.050784426999999965e-02
1.250000000000000000e+00 6.065342273000000339e-02
1.252499999999999947e+00 6.055080621000000218e-02
1.254999999999999893e+00 6.051994941999999655e-02
1.257500000000000062e+00 6.028625935000000297e-02
1.260000000000000009e+00 6.029893716000000320e-02
1.262499999999999956e+00 6.015993230999999719e-02
1.264999999999999902e+00 6.014310932999999970e-02
1.267500000000000071e+00 6.008728995999999822e-02
1.270000000000000018e+00 6.014256376999999737e-02
1.272499999999999964e+00 5.984976976999999837e-02
1.274999999999999911e+00 5.989618725999999727e-02
1.277500000000000080e+00 5.974839356000000157e-02
1.280000000000000027e+00 5.980950659999999947e-02
1.282499999999999973e+00 5.965833361000000279e-02
1.284999999999999920e+00 5.953866869999999839e-02
1.287500000000000089e+00 5.969085279999999938e-02
1.290000000000000036e+00 5.965884926000000060e-02
1.292499999999999982e+00 5.955183473000000283e-02
1.294999999999999929e+00 5.938375522000000073e-02
1.297500000000000098e+00 5.943224419999999786e-02
1.300000000000000044e+00 5.940139925000000043e-02
1.302499999999999991e+00 5.936407638999999931e-02
1.304999999999999938e+00 5.908749968000000241e-02
1.307500000000000107e+00 5.913070497000000314e-02
1.310000000000000053e+00 5.908171201000000233e-02
1.312500000000000000e+00 5.883682553999999842e-02
1.314999999999999947e+00 5.890239172000000245e-02
1.317499999999999893e+00 5.879222418999999894e-02
1.320000000000000062e+00 5.889939966999999804e-02
1.322500000000000009e+00 5.873636883000000336e-02
1.324999999999999956e+00 5.875044665999999693e-02
1.327499999999999902e+00 5.868079084999999750e-02
1.330000000000000071e+00 5.855136335999999719e-02
1.332500000000000018e+00 5.859017838000000339e-02
1.334999999999999964e+00 5.841580408000000141e-02
1.337499999999999911e+00 5.838777497000000039e-02
1.340000000000000080e+00 5.819400343000000198e-02
1.342500000000000027e+00 5.836411301000000301e-02
1.344999999999999973e+00 5.829706616000000091e-02
1.347499999999999920e+00 5.813833297999999872e-02
1.350000000000000089e+00 5.798593344999999899e-02
1.352500000000000036e+00 5.809410337999999785e-02
1.354999999999999982e+00 5.799981455000000063e-02
1.357499999999999929e+00 5.790711727000000253e-02
1.360000000000000098e+00 5.781954756999999750e-02
1.362500000000000044e+00 5.773288395000000101e-02
1.364999999999999991e+00 5.777517103999999654e-02
1.367499999999999938e+00 5.769639381000000317e-02
1.370000000000000107e+00 5.752329054000000080e-02
1.372500000000000053e+00 5.769835305999999886e-02
1.375000000000000000e+00 5.744322760000000055e-02
1.377499999999999947e+00 5.737565314999999722e-02
1.379999999999999893e+00 5.727731596999999925e-02
1.382500000000000062e+00 5.741686567999999824e-02
1.385000000000000009e+00 5.711782141999999923e-02
1.387499999999999956e+00 5.718428177999999862e-02
1.389999999999999902e+00 5.710335577999999662e-02
1.392500000000000071e+00 5.715869576999999674e-02
1.395000000000000018e+00 5.702084065000000146e-02
1.397499999999999964e+00 5.692113630000000118e-02
1.399999999999999911e+00 5.696151336000000037e-02
1.402500000000000080e+00 5.679845775000000319e-02
1.405000000000000027e+00 5.677433162000000005e-02
1.407499999999999973e+00 5.668256650999999730e-02
1.409999999999999920e+00 5.660890133999999657e-02
1.412500000000000089e+00 5.657919134000000128e-02
1.415000000000000036e+00 5.664710234999999899e-02
1.417499999999999982e+00 5.636600016999999962e-02
1.419999999999999929e+00 5.634116647000000228e-02
1.422500000000000098e+00 5.644516134000000102e-02
1.425000000000000044e+00 5.620778862999999820e-02
1.427499999999999991e+00 5.618018062999999979e-02
1.429999999999999938e+00 5.616539752000000024e-02
1.432500000000000107e+00 5.600397842000000292e-02
1.435000000000000053e+00 5.612341807000000016e-02
1.437500000000000000e+00 5.608561681000000243e-02
1.439999999999999947e+00 5.599538066000000341e-02
1.442499999999999893e+00 5.589043707000000000e-02
1.445000000000000062e+00 5.580239549999999743e-02
1.447500000000000009e+00 5.581586077999999701e-02
1.449999999999999956e+00 5.567769726999999974e-02
1.452499999999999902e+00 5.572706780000000193e-02
1.455000000000000071e+00 5.554846649999999747e-02
1.457500000000000018e+00 5.556955946000000091e-02
1.459999999999999964e+00 5.544552967000000027e-02
1.462499999999999911e+00 5.545114823999999776e-02
1.465000000000000080e+00 5.537836617999999933e-02
1.467500000000000027e+00 5.545623510000000089e-02
1.469999999999999973e+00 5.527756252999999759e-02
1.472499999999999920e+00 5.515511009000000076e-02
1.475000000000000089e+00 5.506601415000000194e-02
1.477500000000000036e+00 5.513639496000000140e-02
1.479999999999999982e+00 5.491449939000000308e-02
1.482499999999999929e+00 5.493567766000000130e-02
1.485000000000000098e+00 5.501912536999999798e-02
1.487500000000000044e+00 5.482908577000000089e-02
1.489999999999999991e+00 5.467525916999999708e-02
1.492499999999999938e+00 5.473888376000000250e-02
1.495000000000000107e+00 5.469826826000000197e-02
1.497500000000000053e+00 5.460893380000000213e-02
1.500000000000000000e+00 5.456972751999999982e-02
1.502499999999999947e+00 5.452079077000000079e-02
1.504999999999999893e+00 5.449183341000000264e-02
1.507500000000000062e+00 5.436743257999999968e-02
1.510000000000000009e+00 5.426327594000000115e-02
1.512499999999999956e+00 5.419584805000000199e-02
1.514999999999999902e+00 5.429425289999999932e-02
1.517500000000000071e+00 5.414490653000000181e-02
1.520000000000000018e+00 5.404791132000000276e-02
1.522499999999999964e+00 5.398305806999999928e-02
1.524999999999999911e+00 5.388751910000000311e-02
1.527500000000000080e+00 5.390679779000000227e-02
1.530000000000000027e+00 5.380739466000000054e-02
1.532499999999999973e+00 5.380950285999999694e-02
1.534999999999999920e+00 5.388601227999999937e-02
1.537500000000000089e+00 5.366303953999999876e-02
1.540000000000000036e+00 5.366261809999999660e-02
1.542499999999999982e+00 5.367074555999999663e-02
1.544999999999999929e+00 5.340598182999999749e-02
1.547500000000000098e+00 5.345819321999999846e-02
1.550000000000000044e+00 5.353674843999999683e-02
1.552499999999999991e+00 5.339074199999999798e-02
1.554999999999999938e+00 5.336829058999999903e-02
1.557500000000000107e+00 5.320146527999999875e-02
1.560000000000000053e+00 5.323899658000000312e-02
1.562500000000000000e+00 5.317070498999999784e-02
1.564999999999999947e+00 5.307393249999999701e-02
1.567499999999999893e+00 5.300153704999999854e-02
1.570000000000000062e+00 5.304676893000000171e-02
1.572500000000000009e+00 5.275356887000000328e-02
1.574999999999999956e+00 5.280658654999999951e-02
1.577499999999999902e+00 5.278351164000000262e-02
1.580000000000000071e+00 5.272570534999999892e-02
1.582500000000000018e+00 5.275492726000000077e-02
1.584999999999999964e+00 5.265795296999999792e-02
1.587499999999999911e+00 5.265112663000000304e-02
1.590000000000000080e+00 5.251679915000000143e-02
1.592500000000000027e+00 5.240314466999999865e-02
1.594999999999999973e+00 5.244481915000000216e-02
1.597499999999999920e+00 5.231948379000000288e-02
1.600000000000000089e+00 5.224452245999999800e-02
1.602500000000000036e+00 5.221203415000000292e-02
1.604999999999999982e+00 5.231115403000000108e-02
1.607499999999999929e+00 5.209888061000000209e-02
1.610000000000000098e+00 5.205949566000000334e-02
1.612500000000000044e+00 5.209074878000000131e-02
1.614999999999999991e+00 5.197994672999999705e-02
1.617499999999999938e+00 5.185685845000000127e-02
1.620000000000000107e+00 5.189611515999999897e-02
1.622500000000000053e+00 5.181654762000000025e-02
1.625000000000000000e+00 5.175373921999999738e-02
1.627499999999999947e+00 5.176165726000000328e-02
1.629999999999999893e+00 5.170070128999999792e-02
1.632500000000000062e+00 5.158107163000000273e-02
1.635000000000000009e+00 5.159743543999999876e-02
1.637499999999999956e+00 5.146124632000000088e-02
1.639999999999999902e+00 5.147413160000000043e-02
1.642500000000000071e+00 5.133597561000000087e-02
1.645000000000000018e+00 5.121115358000000173e-02
1.647499999999999964e+00 5.116177050000000198e-02
1.649999999999999911e+00 5.109861737000000181e-02
1.652500000000000080e+00 5.118898957000000277e-02
1.655000000000000027e+00 5.110059089999999943e-02
1.657499999999999973e+00 5.104753221000000313e-02
1.659999999999999920e+00 5.092370632999999869e-02
1.662500000000000089e+00 5.106603232000000298e-02
1.665000000000000036e+00 5.085369441999999796e-02
1.667499999999999982e+00 5.085827743000000123e-02
1.669999999999999929e+00 5.076188062999999889e-02
1.672500000000000098e+00 5.079860230000000226e-02
1.675000000000000044e+00 5.077470720999999881e-02
1.677499999999999991e+00 5.063468190999999979e-02
1.679999999999999938e+00 5.060789367000000094e-02
1.682500000000000107e+00 5.055606049999999962e-02
1.685000000000000053e+00 5.036493890999999695e-02
1.687500000000000000e+00 5.041288365999999771e-02
1.689999999999999947e+00 5.032647306000000154e-02
1.692499999999999893e+00 5.042065133000000338e-02
1.695000000000000062e+00 5.031246117000000295e-02
1.697500000000000009e+00 5.018394844000000077e-02
1.699999999999999956e+00 5.011038108000000213e-02
1.702499999999999902e+00 5.021457852999999805e-02
1.705000000000000071e+00 5.006245756000000241e-02
1.707500000000000018e+00 5.002330876000000287e-02
1.709999999999999964e+00 4.992829680000000075e-02
1.712499999999999911e+00 4.984754349000000001e-02
1.715000000000000080e+00 4.987567455999999955e-02
1.717500000000000027e+00 4.986548711000000217e-02
1.719999999999999973e+00 4.963540867999999967e-02
1.722499999999999920e+00 4.960322091000000239e-02
1.725000000000000089e+00 4.971274465000000142e-02
1.727500000000000036e+00 4.954088867999999896e-02
1.729999999999999982e+00 4.955824865999999829e-02
1.732499999999999929e+00 4.945530169000000170e-02
1.735000000000000098e+00 4.948004862000000142e-02
1.737500000000000044e+00 4.924752102999999798e-02
1.739999999999999991e+00 4.931092479000000195e-02
1.742499999999999938e+00 4.926418737999999770e-02
1.745000000000000107e+00 4.913715605999999930e-02
1.747500000000000053e+00 4.905163215000000326e-02
1.750000000000000000e+00 4.912322108000000132e-02
1.752499999999999947e+00 4.897619622999999783e-02
1.754999999999999893e+00 4.905410240000000061e-02
1.757500000000000062e+00 4.888498850999999784e-02
1.760000000000000009e+00 4.891852439000000247e-02
1.762499999999999956e+00 4.889733078999999871e-02
1.764999999999999902e+00 4.892869771000000340e-02
1.767500000000000071e+00 4.880814238000000249e-02
1.770000000000000018e+00 4.869081865000000203e-02
1.772499999999999964e+00 4.861273187000000190e-02
1.774999999999999911e+00 4.862978419999999802e-02
1.777500000000000080e+00 4.854780119000000338e-02
1.780000000000000027e+00 4.843553452999999759e-02
1.782499999999999973e+00 4.840062011000000053e-02
1.784999999999999920e+00 4.842975154000000310e-02
1.787500000000000089e+00 4.835316865000000019e-02
1.790000000000000036e+00 4.832515365000000090e-02
1.792499999999999982e+00 4.829771714000000160e-02
1.794999999999999929e+00 4.824686848000000333e-02
1.797500000000000098e+00 4.814137610000000095e-02
1.800000000000000044e+00 4.818730345999999720e-02
1.802499999999999991e+00 4.807792849999999868e-02
1.804999999999999938e+00 4.793234751000000071e-02
1.807500000000000107e+00 4.780414082000000037e-02
1.810000000000000053e+00 4.781558756999999826e-02
1.812500000000000000e+00 4.783663082999999733e-02
1.814999999999999947e+00 4.773985890000000121e-02
1.817499999999999893e+00 4.764213275000000331e-02
1.820000000000000062e+00 4.786286756000000114e-02
1.822500000000000009e+00 4.758078587999999692e-02
1.824999999999999956e+00 4.759960385999999904e-02
1.827499999999999902e+00 4.757422378000000091e-02
1.830000000000000071e+00 4.756039785999999908e-02
1.832500000000000018e+00 4.750470903000000161e-02
1.834999999999999964e+00 4.745139446999999816e-02
1.837499999999999911e+00 4.729185461000000312e-02
1.840000000000000080e+00 4.723645363000000125e-02
1.842500000000000027e+00 4.727216004999999777e-02
1.844999999999999973e+00 4.727599427000000326e-02
1.847499999999999920e+00 4.713080407999999805e-02
1.850000000000000089e+00 4.707701168000000269e-02
1.852500000000000036e+00 4.703804887000000157e-02
1.854999999999999982e+00 4.703261208000000110e-02
1.857499999999999929e+00 4.691048352999999810e-02
1.860000000000000098e+00 4.688993008000000295e-02
1.862500000000000044e+00 4.686438958999999960e-02
1.864999999999999991e+00 4.671327825999999767e-02
1.867499999999999938e+00 4.673602902000000003e-02
1.870000000000000107e+00 4.673600179000000215e-02
1.872500000000000053e+00 4.653347643999999894e-02
1.875000000000000000e+00 4.665834602999999886e-02
1.877499999999999947e+00 4.654873019999999917e-02
1.879999999999999893e+00 4.642148020999999763e-02
1.882500000000000062e+00 4.641797495000000301e-02
1.885000000000000009e+00 4.644969037999999856e-02
1.887499999999999956e+00 4.639241858999999801e-02
1.889999999999999902e+00 4.630575012000000268e-02
1.892500000000000071e+00 4.619614566000000005e-02
1.895000000000000018e+00 4.621109546999999790e-02
1.897499999999999964e+00 4.608910822000000101e-02
1.899999999999999911e+00 4.608380961999999914e-02
1.902500000000000080e+00 4.598919406000000210e-02
1.905000000000000027e+00 4.595234816999999722e-02
1.907499999999999973e+00 4.604115805000000283e-02
1.909999999999999920e+00 4.584765090000000182e-02
1.912500000000000089e+00 4.584014699999999776e-02
1.915000000000000036e+00 4.580313555999999953e-02
1.917499999999999982e+00 4.579500620000000188e-02
1.919999999999999929e+00 4.569324656999999845e-02
1.922500000000000098e+00 4.571444130999999939e-02
1.925000000000000044e+00 4.568886350000000290e-02
1.927499999999999991e+00 4.558128569000000074e-02
1.929999999999999938e+00 4.555499950999999936e-02
1.932500000000000107e+00 4.543770097000000147e-02
1.935000000000000053e+00 4.545928084999999869e-02
1.937500000000000000e+00 4.549453993000000113e-02
1.939999999999999947e+00 4.526395200999999702e-02
1.942499999999999893e+00 4.526302958000000265e-02
1.945000000000000062e+00 4.517717076000000304e-02
1.947500000000000009e+00 4.525455402999999793e-02
1.949999999999999956e+00 4.513393555999999779e-02
1.952499999999999902e+00 4.505534675999999655e-02
1.955000000000000071e+00 4.496044331000000061e-02
1.957500000000000018e+00 4.503033414000000290e-02
1.959999999999999964e+00 4.498407086999999666e-02
1.962499999999999911e+00 4.479951071999999784e-02
1.965000000000000080e+00 4.479936603999999656e-02
1.967500000000000027e+00 4.478237429000000297e-02
1.969999999999999973e+00 4.472341762999999804e-02
1.972499999999999920e+00 4.471443053000000167e-02
1.975000000000000089e+00 4.462702310999999700e-02
1.977500000000000036e+00 4.458525048999999879e-02
1.979999999999999982e+00 4.446292374000000019e-02
1.982499999999999929e+00 4.454535233000000288e-02
1.985000000000000098e+00 4.452398978000000201e-02
1.987500000000000044e+00 4.430438646999999841e-02
1.989999999999999991e+00 4.438677449000000275e-02
1.992499999999999938e+00 4.425784021000000318e-02
1.995000000000000107e+00 4.425559551000000230e-02
1.997500000000000053e+00 4.413930778999999860e-02
2.000000000000000000e+00 4.408777873999999986e-02
2.002499999999999947e+00 4.413309229000000194e-02
2.004999999999999893e+00 4.400245749000000067e-02
2.007499999999999840e+00 4.399881625999999685e-02
2.009999999999999787e+00 4.393189670000000047e-02
2.012500000000000178e+00 4.395690316999999875e-02
2.015000000000000124e+00 4.385433587999999772e-02
2.017500000000000071e+00 4.376865936999999734e-02
2.020000000000000018e+00 4.378524846000000220e-02
2.022499999999999964e+00 4.367232640000000277e-02
2.024999999999999911e+00 4.367463934000000159e-02
2.027499999999999858e+00 4.365403123000000107e-02
2.029999999999999805e+00 4.362845602999999850e-02
2.032500000000000195e+00 4.347370955000000314e-02
2.035000000000000142e+00 4.351342732999999990e-02
2.037500000000000089e+00 4.341887616000000144e-02
2.040000000000000036e+00 4.348030553999999992e-02
2.042499999999999982e+00 4.331789071000000102e-02
2.044999999999999929e+00 4.339504409000000118e-02
2.047499999999999876e+00 4.325745761000000106e-02
2.049999999999999822e+00 4.325766502000000235e-02
2.052500000000000213e+00 4.315411504000000315e-02
2.055000000000000160e+00 4.308321754999999698e-02
2.057500000000000107e+00 4.316862416000000202e-02
2.060000000000000053e+00 4.298272034000000241e-02
2.062500000000000000e+00 4.295907371999999752e-02
2.064999999999999947e+00 4.295285173999999900e-02
2.067499999999999893e+00 4.287324446000000122e-02
2.069999999999999840e+00 4.282360756999999823e-02
2.072499999999999787e+00 4.266684644999999693e-02
2.075000000000000178e+00 4.280033138000000070e-02
2.077500000000000124e+00 4.265907298999999792e-02
2.080000000000000071e+00 4.264483659999999954e-02
2.082500000000000018e+00 4.254440852000000023e-02
2.084999999999999964e+00 4.249882029999999672e-02
2.087499999999999911e+00 4.251509424000000231e-02
2.089999999999999858e+00 4.250104810000000094e-02
2.092499999999999805e+00 4.241832154999999882e-02
2.095000000000000195e+00 4.228443897999999840e-02
2.097500000000000142e+00 4.233102199000000204e-02
2.100000000000000089e+00 4.221868640999999756e-02
2.102500000000000036e+00 4.216194095999999808e-02
2.104999999999999982e+00 4.211770856000000146e-02
2.107499999999999929e+00 4.210634592000000315e-02
2.109999999999999876e+00 4.205791317000000251e-02
2.112499999999999822e+00 4.201643080999999808e-02
2.115000000000000213e+00 4.196798146999999868e-02
2.117500000000000160e+00 4.196105849000000138e-02
2.120000000000000107e+00 4.190714821000000173e-02
2.122500000000000053e+00 4.192794714999999867e-02
2.125000000000000000e+00 4.176940168999999925e-02
2.127499999999999947e+00 4.180479027999999680e-02
2.129999999999999893e+00 4.162638292999999712e-02
2.132499999999999840e+00 4.159762021999999920e-02
2.134999999999999787e+00 4.168009646000000318e-02
2.137500000000000178e+00 4.152887261999999718e-02
2.140000000000000124e+00 4.132845656999999812e-02
2.142500000000000071e+00 4.139442337000000249e-02
2.145000000000000018e+00 4.137867524000000269e-02
2.147499999999999964e+00 4.139712655999999713e-02
2.149999999999999911e+00 4.135480074999999672e-02
2.152499999999999858e+00 4.137120282000000121e-02
2.154999999999999805e+00 4.119564835000000258e-02
2.157500000000000195e+00 4.129933429000000322e-02
2.160000000000000142e+00 4.111919331999999705e-02
2.162500000000000089e+00 4.117812388000000046e-02
2.165000000000000036e+00 4.112010274999999826e-02
2.167499999999999982e+00 4.102779758999999804e-02
2.169999999999999929e+00 4.099292839000000244e-02
2.172499999999999876e+00 4.093489344000000169e-02
2.174999999999999822e+00 4.085197594000000015e-02
2.177500000000000213e+00 4.102507717000000026e-02
2.180000000000000160e+00 4.082710519999999815e-02
2.182500000000000107e+00 4.075427891999999774e-02
2.185000000000000053e+00 4.075219853999999947e-02
2.187500000000000000e+00 4.065498289999999737e-02
2.189999999999999947e+00 4.065679701000000229e-02
2.192499999999999893e+00 4.058682049000000153e-02
2.194999999999999840e+00 4.053528767999999699e-02
2.197499999999999787e+00 4.050092051000000332e-02
2.200000000000000178e+00 4.043001073000000029e-02
2.202500000000000124e+00 4.039037122999999951e-02
2.205000000000000071e+00 4.034431876999999833e-02
2.207500000000000018e+00 4.024097975999999660e-02
2.209999999999999964e+00 4.019757605999999678e-02
2.212499999999999911e+00 4.022789823000000320e-02
2.214999999999999858e+00 4.027176634000000088e-02
2.217499999999999805e+00 4.019114354000000167e-02
2.220000000000000195e+00 4.019631414000000152e-02
2.222500000000000142e+00 4.001244793000000022e-02
2.225000000000000089e+00 3.994290456999999989e-02
2.227500000000000036e+00 3.996439811000000036e-02
2.229999999999999982e+00 3.993382959999999815e-02
2.232499999999999929e+00 3.988426533000000163e-02
2.234999999999999876e+00 3.982479377999999931e-02
2.237499999999999822e+00 3.967312400999999794e-02
2.240000000000000213e+00 3.975605762000000015e-02
2.242500000000000160e+00 3.967127683999999849e-02
2.245000000000000107e+00 3.965352004000000097e-02
2.247500000000000053e+00 3.959442624000000105e-02
2.250000000000000000e+00 3.958301151000000184e-02
2.252499999999999947e+00 3.946679195000000334e-02
2.254999999999999893e+00 3.940802326000000105e-02
2.257499999999999840e+00 3.941772998999999722e-02
2.259999999999999787e+00 3.930538956000000084e-02
2.262500000000000178e+00 3.927985407000000179e-02
2.265000000000000124e+00 3.934360477999999939e-02
2.267500000000000071e+00 3.922516000000000197e-02
2.270000000000000018e+00 3.925143374000000102e-02
2.272499999999999964e+00 3.910819006999999986e-02
2.274999999999999911e+00 3.911549204999999890e-02
2.277499999999999858e+00 3.893849933000000096e-02
2.279999999999999805e+00 3.906046652999999730e-02
2.282500000000000195e+00 3.898979855999999689e-02
2.285000000000000142e+00 3.888639834000000295e-02
2.287500000000000089e+00 3.885940797000000252e-02
2.290000000000000036e+00 3.887839995999999715e-02
2.292499999999999982e+00 3.881781170999999697e-02
2.294999999999999929e+00 3.869054546000000316e-02
2.297499999999999876e+00 3.873061146000000149e-02
2.299999999999999822e+00 3.876168187000000181e-02
2.302500000000000213e+00 3.866425228999999936e-02
2.305000000000000160e+00 3.854741708000000017e-02
2.307500000000000107e+00 3.854781771000000135e-02
2.310000000000000053e+00 3.843869894000000176e-02
2.312500000000000000e+00 3.844941629000000333e-02
2.314999999999999947e+00 3.843455222000000115e-02
2.317499999999999893e+00 3.840330091000000029e-02
2.319999999999999840e+00 3.825735601000000013e-02
2.322499999999999787e+00 3.824117295999999999e-02
2.325000000000000178e+00 3.814061933000000015e-02
2.327500000000000124e+00 3.810414191000000006e-02
2.330000000000000071e+00 3.814790116999999814e-02
2.332500000000000018e+00 3.806868246999999678e-02
2.334999999999999964e+00 3.799478040999999806e-02
2.337499999999999911e+00 3.801942300999999746e-02
2.339999999999999858e+00 3.796157676999999814e-02
2.342499999999999805e+00 3.798185595999999803e-02
2.345000000000000195e+00 3.786773940000000283e-02
2.347500000000000142e+00 3.794257829000000082e-02
2.350000000000000089e+00 3.776231089999999846e-02
2.352500000000000036e+00 3.786099920000000202e-02
2.354999999999999982e+00 3.770014851999999722e-02
2.357499999999999929e+00 3.764962824000000347e-02
2.359999999999999876e+00 3.759721283999999802e-02
2.362499999999999822e+00 3.754625394999999699e-02
2.365000000000000213e+00 3.753089490000000028e-02
2.367500000000000160e+00 3.750256502000000325e-02
2.370000000000000107e+00 3.746109878000000032e-02
2.372500000000000053e+00 3.742904395999999828e-02
2.375000000000000000e+00 3.742610559000000142e-02
2.377499999999999947e+00 3.732165325000000311e-02
2.379999999999999893e+00 3.725342380999999842e-02
2.382499999999999840e+00 3.725037801000000148e-02
2.384999999999999787e+00 3.710591374999999692e-02
2.387500000000000178e+00 3.717834767000000040e-02
2.390000000000000124e+00 3.709874860000000191e-02
2.392500000000000071e+00 3.717966445999999758e-02
2.395000000000000018e+00 3.701301053000000119e-02
2.397499999999999964e+00 3.698810492000000061e-02
2.399999999999999911e+00 3.691083230000000159e-02
2.402499999999999858e+00 3.693289132000000113e-02
2.404999999999999805e+00 3.679500420000000188e-02
2.407500000000000195e+00 3.679486232000000329e-02
2.410000000000000142e+00 3.669179253999999696e-02
2.412500000000000089e+00 3.669852970999999686e-02
2.415000000000000036e+00 3.666015025000000233e-02
2.417499999999999982e+00 3.655994393999999897e-02
2.419999999999999929e+00 3.657956093999999853e-02
2.422499999999999876e+00 3.651113022000000014e-02
2.424999999999999822e+00 3.635081503999999797e-02
2.427500000000000213e+00 3.649689894000000129e-02
2.430000000000000160e+00 3.635483929999999697e-02
2.432500000000000107e+00 3.639474543000000006e-02
2.435000000000000053e+00 3.633609303000000235e-02
2.437500000000000000e+00 3.631407912000000210e-02
2.439999999999999947e+00 3.618953426999999695e-02
2.442499999999999893e+00 3.616625982999999850e-02
2.444999999999999840e+00 3.613388089999999830e-02
2.447499999999999787e+00 3.613916670000000275e-02
2.450000000000000178e+00 3.598265638999999932e-02
2.452500000000000124e+00 3.605144234999999725e-02
2.455000000000000071e+00 3.596388530999999888e-02
2.457500000000000018e+00 3.600155666000000310e-02
2.459999999999999964e+00 3.588396452999999958e-02
2.462499999999999911e+00 3.589772916000000258e-02
2.464999999999999858e+00 3.579799075000000136e-02
2.467499999999999805e+00 3.577437871999999963e-02
2.470000000000000195e+00 3.565834696999999748e-02
2.472500000000000142e+00 3.575095605999999843e-02
2.475000000000000089e+00 3.563538339999999804e-02
2.477500000000000036e+00 3.557269817000000001e-02
2.479999999999999982e+00 3.562998509000000341e-02
2.482499999999999929e+00 3.546962540000000302e-02
2.484999999999999876e+00 3.531336443000000075e-02
2.487499999999999822e+00 3.545539388999999902e-02
2.490000000000000213e+00 3.538975808000000001e-02
2.492500000000000160e+00 3.535778791000000060e-02
2.495000000000000107e+00 3.540593729000000162e-02
2.497500000000000053e+00 3.525804502999999729e-02
2.500000000000000000e+00 3.525693568999999777e-02
2.502499999999999947e+00 3.516627141999999900e-02
2.504999999999999893e+00 3.514302304999999960e-02
2.507499999999999840e+00 3.516779772999999859e-02
2.509999999999999787e+00 3.503573824999999670e-02
2.512500000000000178e+00 3.504875430999999930e-02
2.515000000000000124e+00 3.504642202000000234e-02
2.517500000000000071e+00 3.491387454000000057e-02
2.520000000000000018e+00 3.481591256000000217e-02
2.522499999999999964e+00 3.487500649999999980e-02
2.524999999999999911e+00 3.483717268000000034e-02
2.527499999999999858e+00 3.479739283999999655e-02
2.529999999999999805e+00 3.464397128999999881e-02
2.532500000000000195e+00 3.467527925000000316e-02
2.535000000000000142e+00 3.464150624000000150e-02
2.537500000000000089e+00 3.462017056000000342e-02
2.540000000000000036e+00 3.461028390999999760e-02
2.542499999999999982e+00 3.458731280999999963e-02
2.544999999999999929e+00 3.447981882000000081e-02
2.547499999999999876e+00 3.442080837000000004e-02
2.549999999999999822e+00 3.448689528999999976e-02
2.552500000000000213e+00 3.438526682000000306e-02
2.555000000000000160e+00 3.433455031000000324e-02
2.557500000000000107e+00 3.424771341999999913e-02
2.560000000000000053e+00 3.430535554999999959e-02
2.562500000000000000e+00 3.422091588000000101e-02
2.564999999999999947e+00 3.423802254000000295e-02
2.567499999999999893e+00 3.402920311999999697e-02
2.569999999999999840e+00 3.410306055000000142e-02
2.572499999999999787e+00 3.404427275000000003e-02
2.575000000000000178e+00 3.411113410000000262e-02
2.577500000000000124e+00 3.397311663000000120e-02
2.580000000000000071e+00 3.395615594000000320e-02
2.582500000000000018e+00 3.393740290999999742e-02
2.584999999999999964e+00 3.384820043000000278e-02
2.587499999999999911e+00 3.383988363999999860e-02
2.589999999999999858e+00 3.380924736000000264e-02
2.592499999999999805e+00 3.372858226000000070e-02
2.595000000000000195e+00 3.372368610999999794e-02
2.597500000000000142e+00 3.372933573999999796e-02
2.600000000000000089e+00 3.358370841000000301e-02
2.602500000000000036e+00 3.354339777999999772e-02
2.604999999999999982e+00 3.349124618999999720e-02
2.607499999999999929e+00 3.340809502000000042e-02
2.609999999999999876e+00 3.345319463000000215e-02
2.612499999999999822e+00 3.330468672999999796e-02
2.615000000000000213e+00 3.324029316000000345e-02
2.617500000000000160e+00 3.312630478999999822e-02
2.620000000000000107e+00 3.330636387000000115e-02
2.622500000000000053e+00 3.334556478999999712e-02
2.625000000000000000e+00 3.315787877000000300e-02
2.627499999999999947e+00 3.317153285999999840e-02
2.629999999999999893e+00 3.314253712999999657e-02
2.632499999999999840e+00 3.309730987000000096e-02
2.634999999999999787e+00 3.299118600999999956e-02
2.637500000000000178e+00 3.287515306000000220e-02
2.640000000000000124e+00 3.291752123000000335e-02
2.642500000000000071e+00 3.293179523999999886e-02
2.645000000000000018e+00 3.283458028999999834e-02
2.647499999999999964e+00 3.275878142000000076e-02
2.649999999999999911e+00 3.279329904000000129e-02
2.652499999999999858e+00 3.272812315000000333e-02
2.654999999999999805e+00 3.276310156000000057e-02
2.657500000000000195e+00 3.271150525000000170e-02
2.660000000000000142e+00 3.258065287999999809e-02
2.662500000000000089e+00 3.248614385000000299e-02
2.665000000000000036e+00 3.245715226999999758e-02
2.667499999999999982e+00 3.254541698999999927e-02
2.669999999999999929e+00 3.247802288999999953e-02
2.672499999999999876e+00 3.242501234999999732e-02
2.674999999999999822e+00 3.232068971000000290e-02
2.677500000000000213e+00 3.231118958999999735e-02
2.680000000000000160e+00 3.229905468000000140e-02
2.682500000000000107e+00 3.225572994999999915e-02
2.685000000000000053e+00 3.224670634000000036e-02
2.687500000000000000e+00 3.220033473000000201e-02
2.689999999999999947e+00 3.212222364000000274e-02
2.692499999999999893e+00 3.211701072999999934e-02
2.694999999999999840e+00 3.211844989999999844e-02
2.697499999999999787e+00 3.201830340000000330e-02
2.700000000000000178e+00 3.208135633999999875e-02
2.702500000000000124e+00 3.197045190000000203e-02
2.705000000000000071e+00 3.188629575000000160e-02
2.707500000000000018e+00 3.178229067999999852e-02
2.709999999999999964e+00 3.186985952000000177e-02
2.712499999999999911e+00 3.175722389999999923e-02
2.714999999999999858e+00 3.177810265000000078e-02
2.717499999999999805e+00 3.170416049000000097e-02
2.720000000000000195e+00 3.158952898000000342e-02
2.722500000000000142e+00 3.164505893999999819e-02
2.725000000000000089e+00 3.155416176999999850e-02
2.727500000000000036e+00 3.151575789000000266e-02
2.729999999999999982e+00 3.157227455000000127e-02
2.732499999999999929e+00 3.140275433999999838e-02
2.734999999999999876e+00 3.136548101000000144e-02
2.737499999999999822e+00 3.137556278999999865e-02
2.740000000000000213e+00 3.130994240999999956e-02
2.742500000000000160e+00 3.126256599999999858e-02
2.745000000000000107e+00 3.134195825999999685e-02
2.747500000000000053e+00 3.115268659999999995e-02
2.750000000000000000e+00 3.118050878000000123e-02
2.752499999999999947e+00 3.104957466999999985e-02
2.754999999999999893e+00 3.107134656000000092e-02
2.757499999999999840e+00 3.107526453000000050e-02
2.759999999999999787e+00 3.099182259999999980e-02
2.762500000000000178e+00 3.105850272999999967e-02
2.765000000000000124e+00 3.100404018999999844e-02
2.767500000000000071e+00 3.092260256999999901e-02
2.770000000000000018e+00 3.085219251000000107e-02
2.772499999999999964e+00 3.088920577000000070e-02
2.774999999999999911e+00 3.077796409999999927e-02
2.777499999999999858e+00 3.071912218999999986e-02
2.779999999999999805e+00 3.072183456000000118e-02
2.782500000000000195e+00 3.078331196000000033e-02
2.785000000000000142e+00 3.061638386999999961e-02
2.787500000000000089e+00 3.058734235000000121e-02
2.790000000000000036e+00 3.058216687000000003e-02
2.792499999999999982e+00 3.053323209000000094e-02
2.794999999999999929e+00 3.048290730000000059e-02
2.797499999999999876e+00 3.038746088999999886e-02
2.799999999999999822e+00 3.031745817999999953e-02
2.802500000000000213e+00 3.029472996999999987e-02
2.805000000000000160e+00 3.032852331000000096e-02
2.807500000000000107e+00 3.025619338000000089e-02
2.810000000000000053e+00 3.025949804999999992e-02
2.812500000000000000e+00 3.018608941999999934e-02
2.814999999999999947e+00 3.017317024000000167e-02
2.817499999999999893e+00 3.005108776999999842e-02
2.819999999999999840e+00 3.006589457999999868e-02
2.822499999999999787e+00 3.002296808000000025e-02
2.825000000000000178e+00 3.002820070000000036e-02
2.827500000000000124e+00 2.994365080999999984e-02
2.830000000000000071e+00 2.993819110000000075e-02
2.832500000000000018e+00 2.989077856000000102e-02
2.834999999999999964e+00 2.978258081000000057e-02
2.837499999999999911e+00 2.980323669999999925e-02
2.839999999999999858e+00 2.980510094999999984e-02
2.842499999999999805e+00 2.975164056000000057e-02
2.845000000000000195e+00 2.968254546999999841e-02
2.847500000000000142e+00 2.971665796000000012e-02
2.850000000000000089e+00 2.960907621000000156e-02
2.852500000000000036e+00 2.955206741000000054e-02
2.854999999999999982e+00 2.951954325999999948e-02
2.857499999999999929e+00 2.945820056000000159e-02
2.859999999999999876e+00 2.950995107999999922e-02
2.862499999999999822e+00 2.947327208000000143e-02
2.865000000000000213e+00 2.942848319000000018e-02
2.867500000000000160e+00 2.936152512999999978e-02
2.870000000000000107e+00 2.925599955000000169e-02
2.872500000000000053e+00 2.928728461999999949e-02
2.875000000000000000e+00 2.921012824999999827e-02
2.877499999999999947e+00 2.916295158999999970e-02
2.879999999999999893e+00 2.911918766000000033e-02
2.882499999999999840e+00 2.902557810000000113e-02
2.884999999999999787e+00 2.905132066999999846e-02
2.887500000000000178e+00 2.900725310999999890e-02
2.890000000000000124e+00 2.897215477999999858e-02
2.892500000000000071e+00 2.887676847999999866e-02
2.895000000000000018e+00 2.892708838000000032e-02
2.897499999999999964e+00 2.888407548000000019e-02
2.899999999999999911e+00 2.874850643000000094e-02
2.902499999999999858e+00 2.882810233000000083e-02
2.904999999999999805e+00 2.882912094999999855e-02
2.907500000000000195e+00 2.873483988999999891e-02
2.910000000000000142e+00 2.871151627999999831e-02
2.912500000000000089e+00 2.871305215000000133e-02
2.915000000000000036e+00 2.862340776000000045e-02
2.917499999999999982e+00 2.859442925000000094e-02
2.919999999999999929e+00 2.848141788999999924e-02
2.922499999999999876e+00 2.846775811000000142e-02
2.924999999999999822e+00 2.839699466000000089e-02
2.927500000000000213e+00 2.842071191000000024e-02
2.930000000000000160e+00 2.831487423999999933e-02
2.932500000000000107e+00 2.834379526999999954e-02
2.935000000000000053e+00 2.823265095000000030e-02
2.937500000000000000e+00 2.820000606999999854e-02
2.939999999999999947e+00 2.826587302999999940e-02
2.942499999999999893e+00 2.821529710000000163e-02
2.944999999999999840e+00 2.801432011999999833e-02
2.947499999999999787e+00 2.805443960999999889e-02
2.950000000000000178e+00 2.802662984999999829e-02
2.952500000000000124e+00 2.805381297999999871e-02
2.955000000000000071e+00 2.805302663999999918e-02
2.957500000000000018e+00 2.795867309000000037e-02
2.959999999999999964e+00 2.788663710000000018e-02
2.962499999999999911e+00 2.786138214000000168e-02
2.964999999999999858e+00 2.783591666000000131e-02
2.967499999999999805e+00 2.769149443000000141e-02
2.970000000000000195e+00 2.775008899000000126e-02
2.972500000000000142e+00 2.762883718000000086e-02
2.975000000000000089e+00 2.768956172999999937e-02
2.977500000000000036e+00 2.768784540999999835e-02
2.979999999999999982e+00 2.764704415999999845e-02
2.982499999999999929e+00 2.763724399999999831e-02
2.984999999999999876e+00 2.746243610999999848e-02
2.987499999999999822e+00 2.751064770999999895e-02
2.990000000000000213e+00 2.754384632999999985e-02
2.992500000000000160e+00 2.736854916999999915e-02
2.995000000000000107e+00 2.739583925000000156e-02
2.997500000000000053e+00 2.737867789000000135e-02
3.000000000000000000e+00 2.726668754000000083e-02
3.002499999999999947e+00 2.717390055999999859e-02
3.004999999999999893e+00 2.723901148999999938e-02
3.007499999999999840e+00 2.718191415000000000e-02
3.009999999999999787e+00 2.722028980999999931e-02
3.012500000000000178e+00 2.713503287999999986e-02
3.015000000000000124e+00 2.713739093999999880e-02
3.017500000000000071e+00 2.708460044999999941e-02
3.020000000000000018e+00 2.699256221000000122e-02
3.022499999999999964e+00 2.701860445000000069e-02
3.024999999999999911e+00 2.696287954000000167e-02
3.027499999999999858e+00 2.696323167000000062e-02
3.029999999999999805e+00 2.686438851000000003e-02
3.032500000000000195e+00 2.679002835000000166e-02
3.035000000000000142e+00 2.673206319999999955e-02
3.037500000000000089e+00 2.686691981000000062e-02
3.040000000000000036e+00 2.666976601999999918e-02
3.042499999999999982e+00 2.663220137000000057e-02
3.044999999999999929e+00 2.674459020000000131e-02
3.047499999999999876e+00 2.664107556999999876e-02
3.049999999999999822e+00 2.658275972000000154e-02
3.052500000000000213e+00 2.653942306999999834e-02
3.055000000000000160e+00 2.643888328999999954e-02
3.057500000000000107e+00 2.639118819999999865e-02
3.060000000000000053e+00 2.637439930000000030e-02
3.062500000000000000e+00 2.634714135999999957e-02
3.064999999999999947e+00 2.630589980999999827e-02
3.067499999999999893e+00 2.628907142000000072e-02
3.069999999999999840e+00 2.616948762000000095e-02
3.072499999999999787e+00 2.618492785000000114e-02
3.075000000000000178e+00 2.614984462999999856e-02
3.077500000000000124e+00 2.617108719999999833e-02
3.080000000000000071e+00 2.611388677000000061e-02
3.082500000000000018e+00 2.602564996000000103e-02
3.084999999999999964e+00 2.607582518000000141e-02
3.087499999999999911e+00 2.609872729999999919e-02
3.089999999999999858e+00 2.602174490999999840e-02
3.092499999999999805e+00 2.589743576000000033e-02
3.095000000000000195e+00 2.591490939000000090e-02
3.097500000000000142e+00 2.578339425999999837e-02
3.100000000000000089e+00 2.583274936000000063e-02
3.102500000000000036e+00 2.579325887999999942e-02
3.104999999999999982e+00 2.574425102000000090e-02
3.107499999999999929e+00 2.570417090000000002e-02
3.109999999999999876e+00 2.568031834000000097e-02
3.112499999999999822e+00 2.562600828999999844e-02
3.115000000000000213e+00 2.560705980000000173e-02
3.117500000000000160e+00 2.559029751999999935e-02
3.120000000000000107e+00 2.551736774000000138e-02
3.122500000000000053e+00 2.545907161000000168e-02
3.125000000000000000e+00 2.542414596999999915e-02
3.127499999999999947e+00 2.546671987999999873e-02
3.129999999999999893e+00 2.539409688999999873e-02
3.132499999999999840e+00 2.525932540999999837e-02
3.134999999999999787e+00 2.526871010999999848e-02
3.137500000000000178e+00 2.534975839000000106e-02
3.140000000000000124e+00 2.528316095000000124e-02
3.142500000000000071e+00 2.511244132999999878e-02
3.145000000000000018e+00 2.513262931000000144e-02
3.147499999999999964e+00 2.504791761000000130e-02
3.149999999999999911e+00 2.514411018999999914e-02
3.152499999999999858e+00 2.502966179000000110e-02
3.154999999999999805e+00 2.498009064000000085e-02
3.157500000000000195e+00 2.489193317000000169e-02
3.160000000000000142e+00 2.490664033000000027e-02
3.162500000000000089e+00 2.487423555999999925e-02
3.165000000000000036e+00 2.485600812999999923e-02
3.167499999999999982e+00 2.490928633999999961e-02
3.169999999999999929e+00 2.475374202000000037e-02
3.172499999999999876e+00 2.466033008000000082e-02
3.174999999999999822e+00 2.471548099000000012e-02
3.177500000000000213e+00 2.470478175000000165e-02
3.180000000000000160e+00 2.456192828999999994e-02
3.182500000000000107e+00 2.451489319000000125e-02
3.185000000000000053e+00 2.451438331999999942e-02
3.187500000000000000e+00 2.449327020000000021e-02
3.189999999999999947e+00 2.449659367000000046e-02
3.192499999999999893e+00 2.443982021999999837e-02
3.194999999999999840e+00 2.441396695000000103e-02
3.197499999999999787e+00 2.440004588999999946e-02
3.200000000000000178e+00 2.436839559999999863e-02
3.202500000000000124e+00 2.430867177999999906e-02
3.205000000000000071e+00 2.430657307000000031e-02
3.207500000000000018e+00 2.426453384999999879e-02
3.209999999999999964e+00 2.421905464000000119e-02
3.212499999999999911e+00 2.419468350999999864e-02
3.214999999999999858e+00 2.410973410999999941e-02
3.217499999999999805e+00 2.405115055000000071e-02
3.220000000000000195e+00 2.402346006000000145e-02
3.222500000000000142e+00 2.398934636000000023e-02
3.225000000000000089e+00 2.394218873999999844e-02
3.227500000000000036e+00 2.388232652000000025e-02
3.229999999999999982e+00 2.394091104999999942e-02
3.232499999999999929e+00 2.383245984000000040e-02
3.234999999999999876e+00 2.386638312000000095e-02
3.237499999999999822e+00 2.373971834000000031e-02
3.240000000000000213e+00 2.375321619999999981e-02
3.242500000000000160e+00 2.365263905000000028e-02
3.245000000000000107e+00 2.368061785999999933e-02
3.247500000000000053e+00 2.369429139000000031e-02
3.250000000000000000e+00 2.355066450999999950e-02
3.252499999999999947e+00 2.354073974000000027e-02
3.254999999999999893e+00 2.351724138000000144e-02
3.257499999999999840e+00 2.346987148000000134e-02
3.259999999999999787e+00 2.339226760999999974e-02
3.262500000000000178e+00 2.340675728999999997e-02
3.265000000000000124e+00 2.342237834000000102e-02
3.267500000000000071e+00 2.337268023000000153e-02
3.270000000000000018e+00 2.329616957000000058e-02
3.272499999999999964e+00 2.331953293000000108e-02
3.274999999999999911e+00 2.329795517999999968e-02
3.277499999999999858e+00 2.324695121999999919e-02
3.279999999999999805e+00 2.319644325000000049e-02
3.282500000000000195e+00 2.312969444000000097e-02
3.285000000000000142e+00 2.303743436000000103e-02
3.287500000000000089e+00 2.310630895999999865e-02
3.290000000000000036e+00 2.300588770000000158e-02
3.292499999999999982e+00 2.298363436999999870e-02
3.294999999999999929e+00 2.292075873000000083e-02
3.297499999999999876e+00 2.288745485999999982e-02
3.299999999999999822e+00 2.282974228999999980e-02
3.302500000000000213e+00 2.282249398000000054e-02
3.305000000000000160e+00 2.282273867999999942e-02
3.307500000000000107e+00 2.271124349000000139e-02
3.310000000000000053e+00 2.274859275000000111e-02
3.312500000000000000e+00 2.264155544999999978e-02
3.314999999999999947e+00 2.265668382999999966e-02
3.317499999999999893e+00 2.262616148000000035e-02
3.319999999999999840e+00 2.261118309000000048e-02
3.322499999999999787e+00 2.255560859000000154e-02
3.325000000000000178e+00 2.244429188999999894e-02
3.327500000000000124e+00 2.242396161000000110e-02
3.330000000000000071e+00 2.245056555999999995e-02
3.332500000000000018e+00 2.235522213000000133e-02
3.334999999999999964e+00 2.236612895000000129e-02
3.337499999999999911e+00 2.235517886999999898e-02
3.339999999999999858e+00 2.225292455000000072e-02
3.342499999999999805e+00 2.237156281999999954e-02
3.345000000000000195e+00 2.226443227999999955e-02
3.347500000000000142e+00 2.222838176999999971e-02
3.350000000000000089e+00 2.214391333000000073e-02
3.352500000000000036e+00 2.215501170000000117e-02
3.354999999999999982e+00 2.209678736000000171e-02
3.357499999999999929e+00 2.212865560999999898e-02
3.359999999999999876e+00 2.199041016000000126e-02
3.362499999999999822e+00 2.198842360999999843e-02
3.365000000000000213e+00 2.193972522000000105e-02
3.367500000000000160e+00 2.190144663000000158e-02
3.370000000000000107e+00 2.182939935000000053e-02
3.372500000000000053e+00 2.187394671000000151e-02
3.375000000000000000e+00 2.178904945000000037e-02
3.377499999999999947e+00 2.176029847999999892e-02
3.379999999999999893e+00 2.179309139000000159e-02
3.382499999999999840e+00 2.171809691999999903e-02
3.384999999999999787e+00 2.167813802999999859e-02
3.387500000000000178e+00 2.156578442000000109e-02
3.390000000000000124e+00 2.157086153999999978e-02
3.392500000000000071e+00 2.160621906999999828e-02
3.395000000000000018e+00 2.152103798999999845e-02
3.397499999999999964e+00 2.145576336999999861e-02
3.399999999999999911e+00 2.146945697999999916e-02
3.402499999999999858e+00 2.145691752000000035e-02
3.404999999999999805e+00 2.134028308000000124e-02
3.407500000000000195e+00 2.134831908000000070e-02
3.410000000000000142e+00 2.123346624999999932e-02
3.412500000000000089e+00 2.121597471999999915e-02
3.415000000000000036e+00 2.122570912999999920e-02
3.417499999999999982e+00 2.112895236000000149e-02
3.419999999999999929e+00 2.114143472000000121e-02
3.422499999999999876e+00 2.115640428999999989e-02
3.424999999999999822e+00 2.111637997999999891e-02
3.427500000000000213e+00 2.104342281000000023e-02
3.430000000000000160e+00 2.101181213000000159e-02
3.432500000000000107e+00 2.091532969000000144e-02
3.435000000000000053e+00 2.089548546999999909e-02
3.437500000000000000e+00 2.093678423000000163e-02
3.439999999999999947e+00 2.088772284000000104e-02
3.442499999999999893e+00 2.086968985999999859e-02
3.444999999999999840e+00 2.089516040999999866e-02
3.447499999999999787e+00 2.073784613999999846e-02
3.450000000000000178e+00 2.070725506999999965e-02
3.452500000000000124e+00 2.080830088999999911e-02
3.455000000000000071e+00 2.068759796000000165e-02
3.457500000000000018e+00 2.066382153999999846e-02
3.459999999999999964e+00 2.054629205000000139e-02
3.462499999999999911e+00 2.054109948000000171e-02
3.464999999999999858e+00 2.047472536000000121e-02
3.467499999999999805e+00 2.050993196000000171e-02
3.470000000000000195e+00 2.043678091000000058e-02
3.472500000000000142e+00 2.045132296000000058e-02
3.475000000000000089e+00 2.031551096999999889e-02
3.477500000000000036e+00 2.034971472999999934e-02
3.479999999999999982e+00 2.027993205999999854e-02
3.482499999999999929e+00 2.021249556999999905e-02
3.484999999999999876e+00 2.017885477000000080e-02
3.487499999999999822e+00 2.016268677000000037e-02
3.490000000000000213e+00 2.014656878999999956e-02
3.492500000000000160e+00 2.016106838000000095e-02
3.495000000000000107e+00 2.007462105000000149e-02
3.497500000000000053e+00 2.007455811999999881e-02
3.500000000000000000e+00 2.002941973000000112e-02
3.502499999999999947e+00 1.995765903000000160e-02
3.504999999999999893e+00 1.996046240000000013e-02
3.507499999999999840e+00 1.996112620999999920e-02
3.509999999999999787e+00 1.981757487000000012e-02
3.512500000000000178e+00 1.985074137000000100e-02
3.515000000000000124e+00 1.984464763000000007e-02
3.517500000000000071e+00 1.989202069999999878e-02
3.520000000000000018e+00 1.979807139000000146e-02
3.522499999999999964e+00 1.965429091000000031e-02
3.524999999999999911e+00 1.965487637999999843e-02
3.527499999999999858e+00 1.963796496000000044e-02
3.529999999999999805e+00 1.953755034000000113e-02
3.532500000000000195e+00 1.962050368000000169e-02
3.535000000000000142e+00 1.950408608000000002e-02
3.537500000000000089e+00 1.952322026000000155e-02
3.540000000000000036e+00 1.937103335000000051e-02
3.542499999999999982e+00 1.942795753999999875e-02
3.544999999999999929e+00 1.939836970999999841e-02
3.547499999999999876e+00 1.934361936000000143e-02
3.549999999999999822e+00 1.936723204000000143e-02
3.552500000000000213e+00 1.930794598999999861e-02
3.555000000000000160e+00 1.924092314000000123e-02
3.557500000000000107e+00 1.921838763000000005e-02
3.560000000000000053e+00 1.916585349999999979e-02
3.562500000000000000e+00 1.914269261999999860e-02
3.564999999999999947e+00 1.911024886000000159e-02
3.567499999999999893e+00 1.911747097999999881e-02
3.569999999999999840e+00 1.909245420000000096e-02
3.572499999999999787e+00 1.899920138000000050e-02
3.575000000000000178e+00 1.897246594999999966e-02
3.577500000000000124e+00 1.886066955000000045e-02
3.580000000000000071e+00 1.883187638999999844e-02
3.582500000000000018e+00 1.884490285999999848e-02
3.584999999999999964e+00 1.880931679999999981e-02
3.587499999999999911e+00 1.875709274999999912e-02
3.589999999999999858e+00 1.871949430000000025e-02
3.592499999999999805e+00 1.867231429999999942e-02
3.595000000000000195e+00 1.876033888000000135e-02
3.597500000000000142e+00 1.863700885000000099e-02
3.600000000000000089e+00 1.862337900999999976e-02
3.602500000000000036e+00 1.861187853000000059e-02
3.604999999999999982e+00 1.857753155999999906e-02
3.607499999999999929e+00 1.856870097999999830e-02
3.609999999999999876e+00 1.842251833999999922e-02
3.612499999999999822e+00 1.842586007999999845e-02
3.615000000000000213e+00 1.845465472999999884e-02
3.617500000000000160e+00 1.844064684000000162e-02
3.620000000000000107e+00 1.840473625999999863e-02
3.622500000000000053e+00 1.831156836999999968e-02
3.625000000000000000e+00 1.827890495000000087e-02
3.627499999999999947e+00 1.818101923000000134e-02
3.629999999999999893e+00 1.817858452999999985e-02
3.632499999999999840e+00 1.810048120000000080e-02
3.634999999999999787e+00 1.808772690000000002e-02
3.637500000000000178e+00 1.810545410999999869e-02
3.640000000000000124e+00 1.805953650000000077e-02
3.642500000000000071e+00 1.807197493000000169e-02
3.645000000000000018e+00 1.800592043999999989e-02
3.647499999999999964e+00 1.799816234999999931e-02
3.649999999999999911e+00 1.789758714000000070e-02
3.652499999999999858e+00 1.787269522999999916e-02
3.654999999999999805e+00 1.791053550000000147e-02
3.657500000000000195e+00 1.781295733000000034e-02
3.660000000000000142e+00 1.782419158999999989e-02
3.662500000000000089e+00 1.776305221999999878e-02
3.665000000000000036e+00 1.768051193000000007e-02
3.667499999999999982e+00 1.771536941000000087e-02
3.669999999999999929e+00 1.763901921999999969e-02
3.672499999999999876e+00 1.752811349000000032e-02
3.674999999999999822e+00 1.755010087999999899e-02
3.677500000000000213e+00 1.753162554000000165e-02
3.680000000000000160e+00 1.750426550999999858e-02
3.682500000000000107e+00 1.747157884000000161e-02
3.685000000000000053e+00 1.744975518999999919e-02
3.687500000000000000e+00 1.743144153999999849e-02
3.689999999999999947e+00 1.738269866000000108e-02
3.692499999999999893e+00 1.731086519000000004e-02
3.694999999999999840e+00 1.725364331000000043e-02
3.697499999999999787e+00 1.724652708000000076e-02
3.700000000000000178e+00 1.719777453999999858e-02
3.702500000000000124e+00 1.719752976000000003e-02
3.705000000000000071e+00 1.713311235000000016e-02
3.707500000000000018e+00 1.713731504000000003e-02
3.709999999999999964e+00 1.707758222000000173e-02
3.712499999999999911e+00 1.706476302999999917e-02
3.714999999999999858e+00 1.709260137999999915e-02
3.717499999999999805e+00 1.702102093999999927e-02
3.720000000000000195e+00 1.693869179999999905e-02
3.722500000000000142e+00 1.685727395000000128e-02
3.725000000000000089e+00 1.683392790000000014e-02
3.727500000000000036e+00 1.681342700999999967e-02
3.729999999999999982e+00 1.681765057999999938e-02
3.732499999999999929e+00 1.678931549000000148e-02
3.734999999999999876e+00 1.675873060000000053e-02
3.737499999999999822e+00 1.668537310999999856e-02
3.740000000000000213e+00 1.672847717999999956e-02
3.742500000000000160e+00 1.667014647999999835e-02
3.745000000000000107e+00 1.660821831999999970e-02
3.747500000000000053e+00 1.656960916999999922e-02
3.750000000000000000e+00 1.647415509999999861e-02
3.752499999999999947e+00 1.650131125000000101e-02
3.754999999999999893e+00 1.645960735999999966e-02
3.757499999999999840e+00 1.644315836999999877e-02
3.759999999999999787e+00 1.639895343000000172e-02
3.762500000000000178e+00 1.631268607999999953e-02
3.765000000000000124e+00 1.637287579000000146e-02
3.767500000000000071e+00 1.632625908999999972e-02
3.770000000000000018e+00 1.630973806999999956e-02
3.772499999999999964e+00 1.622772491999999872e-02
3.774999999999999911e+00 1.621629997000000045e-02
3.777499999999999858e+00 1.617411041000000119e-02
3.779999999999999805e+00 1.610806185000000085e-02
3.782500000000000195e+00 1.604854885000000023e-02
3.785000000000000142e+00 1.607607454999999963e-02
3.787500000000000089e+00 1.600562512999999937e-02
3.790000000000000036e+00 1.601156266999999994e-02
3.792499999999999982e+00 1.597999471000000060e-02
3.794999999999999929e+00 1.601512424000000115e-02
3.797499999999999876e+00 1.587942156999999979e-02
3.799999999999999822e+00 1.579051998000000068e-02
3.802500000000000213e+00 1.581517053999999950e-02
3.805000000000000160e+00 1.577156701000000105e-02
3.807500000000000107e+00 1.574081432999999836e-02
3.810000000000000053e+00 1.578137794000000066e-02
3.812500000000000000e+00 1.569376080000000132e-02
3.814999999999999947e+00 1.565498765000000042e-02
3.817499999999999893e+00 1.561552408999999919e-02
3.819999999999999840e+00 1.558735217000000069e-02
3.822499999999999787e+00 1.557325317000000063e-02
3.825000000000000178e+00 1.545413095999999958e-02
3.827500000000000124e+00 1.547422268000000004e-02
3.830000000000000071e+00 1.548907331000000040e-02
3.832500000000000018e+00 1.538028861999999990e-02
3.834999999999999964e+00 1.542848582000000066e-02
3.837499999999999911e+00 1.546153159000000082e-02
3.839999999999999858e+00 1.533825341999999967e-02
3.842499999999999805e+00 1.536100634000000034e-02
3.845000000000000195e+00 1.526060737000000007e-02
3.847500000000000142e+00 1.523075559999999967e-02
3.850000000000000089e+00 1.522742730999999961e-02
3.852500000000000036e+00 1.513969683999999948e-02
3.854999999999999982e+00 1.504590666999999944e-02
3.857499999999999929e+00 1.506202587999999967e-02
3.859999999999999876e+00 1.501176193000000082e-02
3.862499999999999822e+00 1.501524945000000041e-02
3.865000000000000213e+00 1.500047772999999959e-02
3.867500000000000160e+00 1.503603927999999992e-02
3.870000000000000107e+00 1.485446219000000068e-02
3.872500000000000053e+00 1.481735992999999932e-02
3.875000000000000000e+00 1.484514974999999980e-02
3.877499999999999947e+00 1.477903856000000078e-02
3.879999999999999893e+00 1.486195205999999921e-02
3.882499999999999840e+00 1.477815059999999965e-02
3.884999999999999787e+00 1.464334812000000000e-02
3.887500000000000178e+00 1.471594631000000021e-02
3.890000000000000124e+00 1.466755909999999975e-02
3.892500000000000071e+00 1.459109725999999975e-02
3.895000000000000018e+00 1.446868391999999934e-02
3.897499999999999964e+00 1.444823020999999943e-02
3.899999999999999911e+00 1.442703270000000003e-02
3.902499999999999858e+00 1.445320676000000013e-02
3.904999999999999805e+00 1.438583904000000080e-02
3.907500000000000195e+00 1.435110233999999964e-02
3.910000000000000142e+00 1.434757581999999976e-02
3.912500000000000089e+00 1.433224494999999973e-02
3.915000000000000036e+00 1.434908273000000054e-02
3.917499999999999982e+00 1.422998294999999920e-02
3.919999999999999929e+00 1.409457675000000063e-02
3.922499999999999876e+00 1.417772842000000061e-02
3.924999999999999822e+00 1.415358744000000044e-02
3.927500000000000213e+00 1.409977421999999980e-02
3.930000000000000160e+00 1.412174654999999966e-02
3.932500000000000107e+00 1.408477594999999957e-02
3.935000000000000053e+00 1.403137139999999922e-02
3.937500000000000000e+00 1.399828049999999983e-02
3.939999999999999947e+00 1.387183519999999996e-02
3.942499999999999893e+00 1.389403126999999918e-02
3.944999999999999840e+00 1.389613993000000068e-02
3.947499999999999787e+00 1.385499895999999995e-02
3.950000000000000178e+00 1.384072121000000030e-02
3.952500000000000124e+00 1.375901575999999987e-02
3.955000000000000071e+00 1.375198948999999983e-02
3.957500000000000018e+00 1.371186546999999915e-02
3.959999999999999964e+00 1.369496029999999961e-02
3.962499999999999911e+00 1.375238418000000046e-02
3.964999999999999858e+00 1.359925677000000006e-02
3.967499999999999805e+00 1.358550988999999987e-02
3.970000000000000195e+00 1.357062201000000003e-02
3.972500000000000142e+00 1.348742516000000016e-02
3.975000000000000089e+00 1.339590409999999975e-02
3.977500000000000036e+00 1.343924850999999969e-02
3.979999999999999982e+00 1.340968053999999979e-02
3.982499999999999929e+00 1.343061171999999914e-02
3.984999999999999876e+00 1.337250073999999948e-02
3.987499999999999822e+00 1.332461780000000068e-02
3.990000000000000213e+00 1.324461061999999967e-02
3.992500000000000160e+00 1.323647374999999994e-02
3.995000000000000107e+00 1.323681527999999961e-02
3.997500000000000053e+00 1.318945764000000083e-02
4.000000000000000000e+00 1.315743594000000002e-02
4.002500000000000391e+00 1.312973450999999937e-02
4.004999999999999893e+00 1.307157186999999970e-02
4.007500000000000284e+00 1.312312686000000062e-02
4.009999999999999787e+00 1.300729802999999948e-02
4.012500000000000178e+00 1.301256897999999995e-02
4.014999999999999680e+00 1.297389342000000029e-02
4.017500000000000071e+00 1.291053271999999946e-02
4.019999999999999574e+00 1.285398383999999949e-02
4.022499999999999964e+00 1.285127311000000029e-02
4.025000000000000355e+00 1.278325477999999946e-02
4.027499999999999858e+00 1.272550532999999935e-02
4.030000000000000249e+00 1.274289676000000052e-02
4.032499999999999751e+00 1.263379931000000074e-02
4.035000000000000142e+00 1.268219008000000085e-02
4.037499999999999645e+00 1.263451749000000027e-02
4.040000000000000036e+00 1.263097583999999926e-02
4.042500000000000426e+00 1.259042699999999952e-02
4.044999999999999929e+00 1.254996444000000023e-02
4.047500000000000320e+00 1.247230736000000048e-02
4.049999999999999822e+00 1.249904639000000081e-02
4.052500000000000213e+00 1.239962340000000038e-02
4.054999999999999716e+00 1.244288456000000077e-02
4.057500000000000107e+00 1.243538905999999958e-02
4.059999999999999609e+00 1.234638279000000068e-02
4.062500000000000000e+00 1.231419964999999964e-02
4.065000000000000391e+00 1.235320481999999977e-02
4.067499999999999893e+00 1.220109020000000044e-02
4.070000000000000284e+00 1.222018711000000084e-02
4.072499999999999787e+00 1.224412972000000002e-02
4.075000000000000178e+00 1.211881039000000000e-02
4.077499999999999680e+00 1.218457067000000039e-02
4.080000000000000071e+00 1.207165290000000030e-02
4.082499999999999574e+00 1.204934241000000031e-02
4.084999999999999964e+00 1.199846398000000043e-02
4.087500000000000355e+00 1.198825673999999973e-02
4.089999999999999858e+00 1.189748787000000085e-02
4.092500000000000249e+00 1.194834609000000082e-02
4.094999999999999751e+00 1.186838563999999957e-02
4.097500000000000142e+00 1.181311575000000037e-02
4.099999999999999645e+00 1.183609795000000083e-02
4.102500000000000036e+00 1.176999987999999969e-02
4.105000000000000426e+00 1.174458595999999973e-02
4.107499999999999929e+00 1.166831995000000045e-02
4.110000000000000320e+00 1.160267608999999978e-02
4.112499999999999822e+00 1.160593858000000082e-02
4.115000000000000213e+00 1.161681170000000013e-02
4.117499999999999716e+00 1.154516656999999939e-02
4.120000000000000107e+00 1.155389411999999984e-02
4.122499999999999609e+00 1.149235837999999961e-02
4.125000000000000000e+00 1.150281520999999960e-02
4.127500000000000391e+00 1.139520536999999965e-02
4.129999999999999893e+00 1.151211157999999964e-02
4.132500000000000284e+00 1.139473740999999950e-02
4.134999999999999787e+00 1.130376370999999942e-02
4.137500000000000178e+00 1.134760240999999927e-02
4.139999999999999680e+00 1.127262776999999987e-02
4.142500000000000071e+00 1.124469477999999988e-02
4.144999999999999574e+00 1.118809875999999918e-02
4.147499999999999964e+00 1.117332931000000057e-02
4.150000000000000355e+00 1.117956936999999970e-02
4.152499999999999858e+00 1.110244502999999973e-02
4.155000000000000249e+00 1.112964735000000066e-02
4.157499999999999751e+00 1.097784586000000000e-02
4.160000000000000142e+00 1.097803810000000033e-02
4.162499999999999645e+00 1.102254333999999961e-02
4.165000000000000036e+00 1.094206910000000005e-02
4.167500000000000426e+00 1.093375981999999969e-02
4.169999999999999929e+00 1.094869407999999981e-02
4.172500000000000320e+00 1.089367785999999921e-02
4.174999999999999822e+00 1.076371813000000059e-02
4.177500000000000213e+00 1.077896446999999924e-02
4.179999999999999716e+00 1.076945994000000004e-02
4.182500000000000107e+00 1.079404303000000044e-02
4.184999999999999609e+00 1.066901112000000033e-02
4.187500000000000000e+00 1.070101053000000087e-02
4.190000000000000391e+00 1.061215725999999950e-02
4.192499999999999893e+00 1.064734351000000065e-02
4.195000000000000284e+00 1.057988617000000034e-02
4.197499999999999787e+00 1.048413961000000012e-02
4.200000000000000178e+00 1.054706052000000012e-02
4.202499999999999680e+00 1.040572713999999947e-02
4.205000000000000071e+00 1.047968581000000010e-02
4.207499999999999574e+00 1.039464564999999924e-02
4.209999999999999964e+00 1.029172465999999946e-02
4.212500000000000355e+00 1.035639598999999952e-02
4.214999999999999858e+00 1.026005611999999956e-02
4.217500000000000249e+00 1.017989237999999963e-02
4.219999999999999751e+00 1.022685100999999944e-02
4.222500000000000142e+00 1.014223616000000001e-02
4.224999999999999645e+00 1.020809441999999921e-02
4.227500000000000036e+00 1.011060031000000047e-02
4.230000000000000426e+00 1.012610352999999963e-02
4.232499999999999929e+00 1.000531087000000076e-02
4.235000000000000320e+00 9.999562580999999881e-03
4.237499999999999822e+00 1.001484316999999916e-02
4.240000000000000213e+00 9.954507240000000368e-03
4.242499999999999716e+00 9.960402227000000538e-03
4.245000000000000107e+00 9.893217319999999745e-03
4.247499999999999609e+00 9.862495047000000015e-03
4.250000000000000000e+00 9.847061695999999656e-03
4.252500000000000391e+00 9.746417808999999211e-03
4.254999999999999893e+00 9.744199606999999139e-03
4.257500000000000284e+00 9.731733813000000011e-03
4.259999999999999787e+00 9.685679702000000654e-03
4.262500000000000178e+00 9.554590933000000133e-03
4.264999999999999680e+00 9.596635412999999712e-03
4.267500000000000071e+00 9.559885003000000159e-03
4.269999999999999574e+00 9.522366536000000450e-03
4.272499999999999964e+00 9.526671151999999837e-03
4.275000000000000355e+00 9.463372867999999410e-03
4.277499999999999858e+00 9.522574541000000670e-03
4.280000000000000249e+00 9.412742408000000088e-03
4.282499999999999751e+00 9.381804534999999695e-03
4.285000000000000142e+00 9.327658516000000496e-03
4.287499999999999645e+00 9.315254473000000521e-03
4.290000000000000036e+00 9.304053099999999230e-03
4.292500000000000426e+00 9.228651981999999587e-03
4.294999999999999929e+00 9.199745379000000278e-03
4.297500000000000320e+00 9.139501627000000059e-03
4.299999999999999822e+00 9.081369468999999153e-03
4.302500000000000213e+00 9.146365547999999596e-03
4.304999999999999716e+00 9.054190192999999817e-03
4.307500000000000107e+00 9.050933440000000565e-03
4.309999999999999609e+00 8.985407000000000810e-03
4.312500000000000000e+00 8.991429368000000699e-03
4.315000000000000391e+00 8.906403482999999607e-03
4.317499999999999893e+00 8.919222988999999172e-03
4.320000000000000284e+00 8.892624123999999519e-03
4.322499999999999787e+00 8.878958707999999936e-03
4.325000000000000178e+00 8.776851969999999170e-03
4.327499999999999680e+00 8.746060166000000149e-03
4.330000000000000071e+00 8.756078973999999182e-03
4.332499999999999574e+00 8.723706482000000151e-03
4.334999999999999964e+00 8.721341913999999459e-03
4.337500000000000355e+00 8.642274234000000069e-03
4.339999999999999858e+00 8.628148409999999643e-03
4.342500000000000249e+00 8.505752906000000821e-03
4.344999999999999751e+00 8.568740045000000291e-03
4.347500000000000142e+00 8.512998973999999497e-03
4.349999999999999645e+00 8.413058162999999950e-03
4.352500000000000036e+00 8.466257018000000398e-03
4.355000000000000426e+00 8.406694166999999912e-03
4.357499999999999929e+00 8.389046324999999832e-03
4.360000000000000320e+00 8.372510281000000720e-03
4.362499999999999822e+00 8.326899243999999478e-03
4.365000000000000213e+00 8.270225445999999925e-03
4.367499999999999716e+00 8.245415129999999343e-03
4.370000000000000107e+00 8.226612296000000019e-03
4.372499999999999609e+00 8.124553452999999995e-03
4.375000000000000000e+00 8.168576430999999888e-03
4.377500000000000391e+00 8.048685594000000096e-03
4.379999999999999893e+00 8.049737035999999374e-03
4.382500000000000284e+00 8.099900741999999793e-03
4.384999999999999787e+00 8.034211936999999595e-03
4.387500000000000178e+00 7.968491577999999714e-03
4.389999999999999680e+00 7.928325818999999719e-03
4.392500000000000071e+00 7.913549816999999528e-03
4.394999999999999574e+00 7.832528876000000029e-03
4.397499999999999964e+00 7.837940065000000012e-03
4.400000000000000355e+00 7.828295098999999910e-03
4.402499999999999858e+00 7.825482858000000833e-03
4.405000000000000249e+00 7.817498305000000064e-03
4.407499999999999751e+00 7.708594745999999658e-03
4.410000000000000142e+00 7.666208263000000127e-03
4.412499999999999645e+00 7.653537297000000302e-03
4.415000000000000036e+00 7.598893229000000180e-03
4.417500000000000426e+00 7.625396625000000102e-03
4.419999999999999929e+00 7.540861069000000423e-03
4.422500000000000320e+00 7.524322871999999940e-03
4.424999999999999822e+00 7.562424618000000015e-03
4.427500000000000213e+00 7.532245804000000169e-03
4.429999999999999716e+00 7.404957434000000206e-03
4.432500000000000107e+00 7.394782881000000301e-03
4.434999999999999609e+00 7.314035376999999775e-03
4.437500000000000000e+00 7.355876845999999997e-03
4.440000000000000391e+00 7.266839847000000283e-03
4.442499999999999893e+00 7.296547460999999908e-03
4.445000000000000284e+00 7.244659720000000240e-03
4.447499999999999787e+00 7.249846534000000363e-03
4.450000000000000178e+00 7.141731907999999962e-03
4.452499999999999680e+00 7.128107499000000020e-03
4.455000000000000071e+00 7.158106198999999656e-03
4.457499999999999574e+00 7.095721515999999819e-03
4.459999999999999964e+00 7.056598750000000336e-03
4.462500000000000355e+00 7.030504899999999793e-03
4.464999999999999858e+00 6.960994867000000301e-03
4.467500000000000249e+00 6.949815938999999963e-03
4.469999999999999751e+00 6.905118511999999709e-03
4.472500000000000142e+00 6.850276492999999960e-03
4.474999999999999645e+00 6.880226710000000336e-03
4.477500000000000036e+00 6.748690552999999856e-03
4.480000000000000426e+00 6.808215157000000080e-03
4.482499999999999929e+00 6.789585903000000186e-03
4.485000000000000320e+00 6.691796939000000007e-03
4.487499999999999822e+00 6.664403394999999890e-03
4.490000000000000213e+00 6.628738208000000375e-03
4.492499999999999716e+00 6.597446944000000431e-03
4.495000000000000107e+00 6.573201748000000351e-03
4.497499999999999609e+00 6.554569282000000281e-03
4.500000000000000000e+00 6.413690044000000361e-03
4.502500000000000391e+00 6.497721195000000227e-03
4.504999999999999893e+00 6.436225115999999816e-03
4.507500000000000284e+00 6.377837160000000144e-03
4.509999999999999787e+00 6.415785153999999622e-03
4.512500000000000178e+00 6.281088407000000318e-03
4.514999999999999680e+00 6.347110805999999807e-03
4.517500000000000071e+00 6.304686961000000381e-03
4.519999999999999574e+00 6.216538161999999972e-03
4.522499999999999964e+00 6.281047300999999770e-03
4.525000000000000355e+00 6.226398965999999785e-03
4.527499999999999858e+00 6.136731377000000098e-03
4.530000000000000249e+00 6.072698149999999906e-03
4.532499999999999751e+00 6.136077018000000126e-03
4.535000000000000142e+00 6.033096320000000401e-03
4.537499999999999645e+00 6.048066026999999838e-03
4.540000000000000036e+00 6.040806307000000201e-03
4.542500000000000426e+00 5.910288766999999624e-03
4.544999999999999929e+00 5.918495955999999829e-03
4.547500000000000320e+00 5.890577252000000000e-03
4.549999999999999822e+00 5.915688054999999890e-03
4.552500000000000213e+00 5.837552394000000353e-03
4.554999999999999716e+00 5.732862122999999969e-03
4.557500000000000107e+00 5.661717703999999927e-03
4.559999999999999609e+00 5.767564083999999862e-03
4.562500000000000000e+00 5.676210198000000186e-03
4.565000000000000391e+00 5.715493535000000340e-03
4.567499999999999893e+00 5.648999947999999716e-03
4.570000000000000284e+00 5.595939547999999840e-03
4.572499999999999787e+00 5.531700336000000030e-03
4.575000000000000178e+00 5.538444392000000174e-03
4.577499999999999680e+00 5.510211390000000278e-03
4.580000000000000071e+00 5.487076940000000166e-03
4.582499999999999574e+00 5.420095249000000080e-03
4.584999999999999964e+00 5.379855101000000257e-03
4.587500000000000355e+00 5.399065835999999896e-03
4.589999999999999858e+00 5.292054846000000118e-03
4.592500000000000249e+00 5.267923221000000295e-03
4.594999999999999751e+00 5.280298901999999975e-03
4.597500000000000142e+00 5.221757011000000004e-03
4.599999999999999645e+00 5.136544570000000157e-03
4.602500000000000036e+00 5.176512575000000171e-03
4.605000000000000426e+00 5.134134934000000004e-03
4.607499999999999929e+00 5.106934686000000334e-03
4.610000000000000320e+00 5.066311042999999820e-03
4.612499999999999822e+00 5.074894576000000233e-03
4.615000000000000213e+00 5.015631442000000398e-03
4.617499999999999716e+00 4.934292271999999625e-03
4.620000000000000107e+00 5.018989647000000193e-03
4.622499999999999609e+00 4.856413977000000395e-03
4.625000000000000000e+00 4.893082525000000058e-03
4.627500000000000391e+00 4.889761965000000328e-03
4.629999999999999893e+00 4.797245634999999959e-03
4.632500000000000284e+00 4.785245987000000430e-03
4.634999999999999787e+00 4.743791879999999760e-03
4.637500000000000178e+00 4.768276012999999626e-03
4.639999999999999680e+00 4.670225091000000141e-03
4.642500000000000071e+00 4.720019110999999767e-03
4.644999999999999574e+00 4.576278857000000075e-03
4.647499999999999964e+00 4.621880997999999567e-03
4.650000000000000355e+00 4.559335014999999804e-03
4.652499999999999858e+00 4.562136258000000326e-03
4.655000000000000249e+00 4.508074277000000130e-03
4.657499999999999751e+00 4.507366734999999729e-03
4.660000000000000142e+00 4.452065221999999822e-03
4.662499999999999645e+00 4.330435819000000297e-03
4.665000000000000036e+00 4.369926692000000376e-03
4.667500000000000426e+00 4.286965450999999719e-03
4.669999999999999929e+00 4.297121979999999654e-03
4.672500000000000320e+00 4.213355103000000247e-03
4.674999999999999822e+00 4.177978167999999923e-03
4.677500000000000213e+00 4.187665620999999824e-03
4.679999999999999716e+00 4.160433657999999812e-03
4.682500000000000107e+00 4.151753218000000210e-03
4.684999999999999609e+00 4.089601903999999857e-03
4.687500000000000000e+00 4.071133918999999581e-03
4.690000000000000391e+00 3.985011812000000334e-03
4.692499999999999893e+00 3.965125687999999753e-03
4.695000000000000284e+00 3.941086409000000429e-03
4.697499999999999787e+00 3.947944356000000418e-03
4.700000000000000178e+00 3.938687542999999742e-03
4.702499999999999680e+00 3.784713489000000094e-03
4.705000000000000071e+00 3.807771740999999800e-03
4.707499999999999574e+00 3.810477089000000126e-03
4.709999999999999964e+00 3.799124442000000046e-03
4.712500000000000355e+00 3.741950606000000144e-03
4.714999999999999858e+00 3.765261017000000147e-03
4.717500000000000249e+00 3.642881300999999822e-03
4.719999999999999751e+00 3.571615449000000147e-03
4.722500000000000142e+00 3.600419022000000014e-03
4.724999999999999645e+00 3.613180921999999910e-03
4.727500000000000036e+00 3.581894704000000186e-03
4.730000000000000426e+00 3.506219968000000124e-03
4.732499999999999929e+00 3.451882992999999802e-03
4.735000000000000320e+00 3.466515744999999933e-03
4.737499999999999822e+00 3.367332847999999872e-03
4.740000000000000213e+00 3.375114602999999998e-03
4.742499999999999716e+00 3.415366693999999804e-03
4.745000000000000107e+00 3.371378839000000079e-03
4.747499999999999609e+00 3.314408452999999949e-03
4.750000000000000000e+00 3.297512078999999957e-03
4.752500000000000391e+00 3.189691354000000027e-03
4.754999999999999893e+00 3.142537814000000151e-03
4.757500000000000284e+00 3.163613515000000126e-03
4.759999999999999787e+00 3.095590673999999969e-03
4.762500000000000178e+00 3.090446259999999994e-03
4.764999999999999680e+00 3.105256286999999969e-03
4.767500000000000071e+00 3.026402235000000013e-03
4.769999999999999574e+00 2.998203786999999957e-03
4.772499999999999964e+00 2.984628838000000142e-03
4.775000000000000355e+00 2.936100949000000192e-03
4.777499999999999858e+00 2.922057336999999994e-03
4.780000000000000249e+00 2.858389053000000030e-03
4.782499999999999751e+00 2.801165955000000079e-03
4.785000000000000142e+00 2.757253851999999939e-03
4.787499999999999645e+00 2.813772304000000061e-03
4.790000000000000036e+00 2.799466096000000070e-03
4.792500000000000426e+00 2.770761419000000118e-03
4.794999999999999929e+00 2.688846555999999891e-03
4.797500000000000320e+00 2.588831340000000147e-03
4.799999999999999822e+00 2.591719022000000053e-03
4.802500000000000213e+00 2.587060658999999936e-03
4.804999999999999716e+00 2.500882539999999855e-03
4.807500000000000107e+00 2.529763332999999947e-03
4.809999999999999609e+00 2.458911274000000029e-03
4.812500000000000000e+00 2.459598981999999885e-03
4.815000000000000391e+00 2.474535990999999872e-03
4.817499999999999893e+00 2.360288152000000143e-03
4.820000000000000284e+00 2.301813428999999796e-03
4.822499999999999787e+00 2.378743347999999914e-03
4.825000000000000178e+00 2.290904906000000140e-03
4.827499999999999680e+00 2.252577599000000173e-03
4.830000000000000071e+00 2.206476411999999838e-03
4.832499999999999574e+00 2.192236313999999797e-03
4.834999999999999964e+00 2.132548266999999970e-03
4.837500000000000355e+00 2.137214962000000187e-03
4.839999999999999858e+00 2.008789888999999891e-03
4.842500000000000249e+00 2.091074273999999830e-03
4.844999999999999751e+00 2.047369406999999947e-03
4.847500000000000142e+00 1.936134413000000030e-03
4.849999999999999645e+00 1.950703415000000105e-03
4.852500000000000036e+00 1.845431074999999942e-03
4.855000000000000426e+00 1.955245067000000152e-03
4.857499999999999929e+00 1.803999257999999977e-03
4.860000000000000320e+00 1.766314376999999960e-03
4.862499999999999822e+00 1.812146495999999909e-03
4.865000000000000213e+00 1.712276639000000038e-03
4.867499999999999716e+00 1.620663127999999974e-03
4.870000000000000107e+00 1.731697672000000058e-03
4.872499999999999609e+00 1.700849402000000066e-03
4.875000000000000000e+00 1.622718642000000027e-03
4.877500000000000391e+00 1.616471286999999904e-03
4.879999999999999893e+00 1.539733548999999918e-03
4.882500000000000284e+00 1.508937012000000077e-03
4.884999999999999787e+00 1.404327657999999892e-03
4.887500000000000178e+00 1.461064334999999945e-03
4.889999999999999680e+00 1.434541936000000061e-03
4.892500000000000071e+00 1.335479624999999981e-03
4.894999999999999574e+00 1.419565859000000057e-03
4.897499999999999964e+00 1.261873810999999956e-03
4.900000000000000355e+00 1.271420274000000092e-03
4.902499999999999858e+00 1.229047320000000061e-03
4.905000000000000249e+00 1.179812849999999991e-03
4.907499999999999751e+00 1.209302998999999901e-03
4.910000000000000142e+00 1.070545727999999914e-03
4.912499999999999645e+00 1.080185322000000014e-03
4.915000000000000036e+00 1.130324009000000006e-03
4.917500000000000426e+00 1.055818022999999942e-03
4.919999999999999929e+00 1.026646213999999994e-03
4.922500000000000320e+00 9.858699423999999455e-04
4.924999999999999822e+00 9.790276258999999499e-04
4.927500000000000213e+00 9.143780444000000401e-04
4.929999999999999716e+00 8.917181772000000103e-04
4.932500000000000107e+00 9.373018554000000493e-04
4.934999999999999609e+00 8.512162716999999721e-04
4.937500000000000000e+00 7.864572515000000340e-04
4.940000000000000391e+00 7.756546572000000113e-04
4.942499999999999893e+00 8.422870080000000167e-04
4.945000000000000284e+00 7.099524270000000508e-04
4.947499999999999787e+00 6.717469367999999615e-04
4.950000000000000178e+00 6.442650690000000348e-04
4.952499999999999680e+00 6.424179803999999520e-04
4.955000000000000071e+00 5.727116685999999622e-04
4.957499999999999574e+00 5.085754832000000201e-04
4.959999999999999964e+00 5.124371318999999553e-04
4.962500000000000355e+00 5.166058754000000522e-04
4.964999999999999858e+00 5.269749686000000516e-04
4.967500000000000249e+00 4.475694938000000052e-04
4.969999999999999751e+00 4.472091904000000269e-04
4.972500000000000142e+00 3.883542559999999958e-04
4.974999999999999645e+00 3.236978850000000020e-04
4.977500000000000036e+00 3.218048335000000008e-04
4.980000000000000426e+00 2.721751202000000070e-04
4.982499999999999929e+00 2.367469162999999866e-04
4.985000000000000320e+00 2.429678986000000129e-04
4.987499999999999822e+00 1.834394466999999911e-04
4.990000000000000213e+00 1.492428285000000016e-04
4.992499999999999716e+00 1.118755426000000010e-04
4.995000000000000107e+00 1.022637586999999946e-04
4.997499999999999609e+00 6.862702541999999987e-05
5.000000000000000000e+00 0.000000000000000000e+00
5.002500000000000391e+00 -6.862702541999999987e-05
5.004999999999999893e+00 -1.022637586999999946e-04
5.007500000000000284e+00 -1.118755426000000010e-04
5.009999999999999787e+00 -1.492428285000000016e-04
5.012500000000000178e+00 -1.834394466999999911e-04
5.014999999999999680e+00 -2.429678986000000129e-04
5.017500000000000071e+00 -2.367469162999999866e-04
5.019999999999999574e+00 -2.721751202000000070e-04
5.022499999999999964e+00 -3.218048335000000008e-04
5.025000000000000355e+00 -3.236978850000000020e-04
5.027499999999999858e+00 -3.883542559999999958e-04
5.030000000000000249e+00 -4.472091904000000269e-04
5.032499999999999751e+00 -4.475694938000000052e-04
5.035000000000000142e+00 -5.269749686000000516e-04
5.037499999999999645e+00 -5.166058754000000522e-04
5.040000000000000036e+00 -5.124371318999999553e-04
5.042500000000000426e+00 -5.085754832000000201e-04
5.044999999999999929e+00 -5.727116685999999622e-04
5.047500000000000320e+00 -6.424179803999999520e-04
5.049999999999999822e+00 -6.442650690000000348e-04
5.052500000000000213e+00 -6.717469367999999615e-04
5.054999999999999716e+00 -7.099524270000000508e-04
5.057500000000000107e+00 -8.422870080000000167e-04
5.059999999999999609e+00 -7.756546572000000113e-04
5.062500000000000000e+00 -7.864572515000000340e-04
5.065000000000000391e+00 -8.512162716999999721e-04
5.067499999999999893e+00 -9.373018554000000493e-04
5.070000000000000284e+00 -8.917181772000000103e-04
5.072499999999999787e+00 -9.143780444000000401e-04
5.075000000000000178e+00 -9.790276258999999499e-04
5.077499999999999680e+00 -9.858699423999999455e-04
5.080000000000000071e+00 -1.026646213999999994e-03
5.082499999999999574e+00 -1.055818022999999942e-03
5.084999999999999964e+00 -1.130324009000000006e-03
5.087500000000000355e+00 -1.080185322000000014e-03
5.089999999999999858e+00 -1.070545727999999914e-03
5.092500000000000249e+00 -1.209302998999999901e-03
5.094999999999999751e+00 -1.179812849999999991e-03
5.097500000000000142e+00 -1.229047320000000061e-03
5.099999999999999645e+00 -1.271420274000000092e-03
5.102500000000000036e+00 -1.261873810999999956e-03
5.105000000000000426e+00 -1.419565859000000057e-03
5.107499999999999929e+00 -1.335479624999999981e-03
5.110000000000000320e+00 -1.434541936000000061e-03
5.112499999999999822e+00 -1.461064334999999945e-03
5.115000000000000213e+00 -1.404327657999999892e-03
5.117499999999999716e+00 -1.508937012000000077e-03
5.120000000000000107e+00 -1.539733548999999918e-03
5.122499999999999609e+00 -1.616471286999999904e-03
5.125000000000000000e+00 -1.622718642000000027e-03
5.127500000000000391e+00 -1.700849402000000066e-03
5.129999999999999893e+00 -1.731697672000000058e-03
5.132500000000000284e+00 -1.620663127999999974e-03
5.134999999999999787e+00 -1.712276639000000038e-03
5.137500000000000178e+00 -1.812146495999999909e-03
5.139999999999999680e+00 -1.766314376999999960e-03
5.142500000000000071e+00 -1.803999257999999977e-03
5.144999999999999574e+00 -1.955245067000000152e-03
5.147499999999999964e+00 -1.845431074999999942e-03
5.150000000000000355e+00 -1.950703415000000105e-03
5.152499999999999858e+00 -1.936134413000000030e-03
5.155000000000000249e+00 -2.047369406999999947e-03
5.157499999999999751e+00 -2.091074273999999830e-03
5.160000000000000142e+00 -2.008789888999999891e-03
5.162499999999999645e+00 -2.137214962000000187e-03
5.165000000000000036e+00 -2.132548266999999970e-03
5.167500000000000426e+00 -2.192236313999999797e-03
5.169999999999999929e+00 -2.206476411999999838e-03
5.172500000000000320e+00 -2.252577599000000173e-03
5.174999999999999822e+00 -2.290904906000000140e-03
5.177500000000000213e+00 -2.378743347999999914e-03
5.179999999999999716e+00 -2.301813428999999796e-03
5.182500000000000107e+00 -2.360288152000000143e-03
5.184999999999999609e+00 -2.474535990999999872e-03
5.187500000000000000e+00 -2.459598981999999885e-03
5.190000000000000391e+00 -2.458911274000000029e-03
5.192499999999999893e+00 -2.529763332999999947e-03
5.195000000000000284e+00 -2.500882539999999855e-03
5.197499999999999787e+00 -2.587060658999999936e-03
5.200000000000000178e+00 -2.591719022000000053e-03
5.202499999999999680e+00 -2.588831340000000147e-03
5.205000000000000071e+00 -2.688846555999999891e-03
5.207499999999999574e+00 -2.770761419000000118e-03
5.209999999999999964e+00 -2.799466096000000070e-03
5.212500000000000355e+00 -2.813772304000000061e-03
5.214999999999999858e+00 -2.757253851999999939e-03
5.217500000000000249e+00 -2.801165955000000079e-03
5.219999999999999751e+00 -2.858389053000000030e-03
5.222500000000000142e+00 -2.922057336999999994e-03
5.224999999999999645e+00 -2.936100949000000192e-03
5.227500000000000036e+00 -2.984628838000000142e-03
5.230000000000000426e+00 -2.998203786999999957e-03
5.232499999999999929e+00 -3.026402235000000013e-03
5.235000000000000320e+00 -3.105256286999999969e-03
5.237499999999999822e+00 -3.090446259999999994e-03
5.240000000000000213e+00 -3.095590673999999969e-03
5.242499999999999716e+00 -3.163613515000000126e-03
5.245000000000000107e+00 -3.142537814000000151e-03
5.247499999999999609e+00 -3.189691354000000027e-03
5.250000000000000000e+00 -3.297512078999999957e-03
5.252500000000000391e+00 -3.314408452999999949e-03
5.254999999999999893e+00 -3.371378839000000079e-03
5.257500000000000284e+00 -3.415366693999999804e-03
5.259999999999999787e+00 -3.375114602999999998e-03
5.262500000000000178e+00 -3.367332847999999872e-03
5.264999999999999680e+00 -3.466515744999999933e-03
5.267500000000000071e+00 -3.451882992999999802e-03
5.269999999999999574e+00 -3.506219968000000124e-03
5.272499999999999964e+00 -3.581894704000000186e-03
5.275000000000000355e+00 -3.613180921999999910e-03
5.277499999999999858e+00 -3.600419022000000014e-03
5.280000000000000249e+00 -3.571615449000000147e-03
5.282499999999999751e+00 -3.642881300999999822e-03
5.285000000000000142e+00 -3.765261017000000147e-03
5.287499999999999645e+00 -3.741950606000000144e-03
5.290000000000000036e+00 -3.799124442000000046e-03
5.292500000000000426e+00 -3.810477089000000126e-03
5.294999999999999929e+00 -3.807771740999999800e-03
5.297500000000000320e+00 -3.784713489000000094e-03
5.299999999999999822e+00 -3.938687542999999742e-03
5.302500000000000213e+00 -3.947944356000000418e-03
5.304999999999999716e+00 -3.941086409000000429e-03
5.307500000000000107e+00 -3.965125687999999753e-03
5.309999999999999609e+00 -3.985011812000000334e-03
5.312500000000000000e+00 -4.071133918999999581e-03
5.315000000000000391e+00 -4.089601903999999857e-03
5.317499999999999893e+00 -4.151753218000000210e-03
5.320000000000000284e+00 -4.160433657999999812e-03
5.322499999999999787e+00 -4.187665620999999824e-03
5.325000000000000178e+00 -4.177978167999999923e-03
5.327499999999999680e+00 -4.213355103000000247e-03
5.330000000000000071e+00 -4.297121979999999654e-03
5.332499999999999574e+00 -4.286965450999999719e-03
5.334999999999999964e+00 -4.369926692000000376e-03
5.337500000000000355e+00 -4.330435819000000297e-03
5.339999999999999858e+00 -4.452065221999999822e-03
5.342500000000000249e+00 -4.507366734999999729e-03
5.344999999999999751e+00 -4.508074277000000130e-03
5.347500000000000142e+00 -4.562136258000000326e-03
5.349999999999999645e+00 -4.559335014999999804e-03
5.352500000000000036e+00 -4.621880997999999567e-03
5.355000000000000426e+00 -4.576278857000000075e-03
5.357499999999999929e+00 -4.720019110999999767e-03
5.360000000000000320e+00 -4.670225091000000141e-03
5.362499999999999822e+00 -4.768276012999999626e-03
5.365000000000000213e+00 -4.743791879999999760e-03
5.367499999999999716e+00 -4.785245987000000430e-03
5.370000000000000107e+00 -4.797245634999999959e-03
5.372499999999999609e+00 -4.889761965000000328e-03
5.375000000000000000e+00 -4.893082525000000058e-03
5.377500000000000391e+00 -4.856413977000000395e-03
5.379999999999999893e+00 -5.018989647000000193e-03
5.382500000000000284e+00 -4.934292271999999625e-03
5.384999999999999787e+00 -5.015631442000000398e-03
5.387500000000000178e+00 -5.074894576000000233e-03
5.389999999999999680e+00 -5.066311042999999820e-03
5.392500000000000071e+00 -5.106934686000000334e-03
5.394999999999999574e+00 -5.134134934000000004e-03
5.397499999999999964e+00 -5.176512575000000171e-03
5.400000000000000355e+00 -5.136544570000000157e-03
5.402499999999999858e+00 -5.221757011000000004e-03
5.405000000000000249e+00 -5.280298901999999975e-03
5.407499999999999751e+00 -5.267923221000000295e-03
5.410000000000000142e+00 -5.292054846000000118e-03
5.412499999999999645e+00 -5.399065835999999896e-03
5.415000000000000036e+00 -5.379855101000000257e-03
5.417500000000000426e+00 -5.420095249000000080e-03
5.419999999999999929e+00 -5.487076940000000166e-03
5.422500000000000320e+00 -5.510211390000000278e-03
5.424999999999999822e+00 -5.538444392000000174e-03
5.427500000000000213e+00 -5.531700336000000030e-03
5.429999999999999716e+00 -5.595939547999999840e-03
5.432500000000000107e+00 -5.648999947999999716e-03
5.434999999999999609e+00 -5.715493535000000340e-03
5.437500000000000000e+00 -5.676210198000000186e-03
5.440000000000000391e+00 -5.767564083999999862e-03
5.442499999999999893e+00 -5.661717703999999927e-03
5.445000000000000284e+00 -5.732862122999999969e-03
5.447499999999999787e+00 -5.837552394000000353e-03
5.450000000000000178e+00 -5.915688054999999890e-03
5.452499999999999680e+00 -5.890577252000000000e-03
5.455000000000000071e+00 -5.918495955999999829e-03
5.457499999999999574e+00 -5.910288766999999624e-03
5.459999999999999964e+00 -6.040806307000000201e-03
5.462500000000000355e+00 -6.048066026999999838e-03
5.464999999999999858e+00 -6.033096320000000401e-03
5.467500000000000249e+00 -6.136077018000000126e-03
5.469999999999999751e+00 -6.072698149999999906e-03
5.472500000000000142e+00 -6.136731377000000098e-03
5.474999999999999645e+00 -6.226398965999999785e-03
5.477500000000000036e+00 -6.281047300999999770e-03
5.480000000000000426e+00 -6.216538161999999972e-03
5.482499999999999929e+00 -6.304686961000000381e-03
5.485000000000000320e+00 -6.347110805999999807e-03
5.487499999999999822e+00 -6.281088407000000318e-03
5.490000000000000213e+00 -6.415785153999999622e-03
5.492499999999999716e+00 -6.377837160000000144e-03
5.495000000000000107e+00 -6.436225115999999816e-03
5.497499999999999609e+00 -6.497721195000000227e-03
5.500000000000000000e+00 -6.413690044000000361e-03
5.502500000000000391e+00 -6.554569282000000281e-03
5.504999999999999893e+00 -6.573201748000000351e-03
5.507500000000000284e+00 -6.597446944000000431e-03
5.509999999999999787e+00 -6.628738208000000375e-03
5.512500000000000178e+00 -6.664403394999999890e-03
5.514999999999999680e+00 -6.691796939000000007e-03
5.517500000000000071e+00 -6.789585903000000186e-03
5.519999999999999574e+00 -6.808215157000000080e-03
5.522499999999999964e+00 -6.748690552999999856e-03
5.525000000000000355e+00 -6.880226710000000336e-03
5.527499999999999858e+00 -6.850276492999999960e-03
5.530000000000000249e+00 -6.905118511999999709e-03
5.532499999999999751e+00 -6.949815938999999963e-03
5.535000000000000142e+00 -6.960994867000000301e-03
5.537499999999999645e+00 -7.030504899999999793e-03
5.540000000000000036e+00 -7.056598750000000336e-03
5.542500000000000426e+00 -7.095721515999999819e-03
5.544999999999999929e+00 -7.158106198999999656e-03
5.547500000000000320e+00 -7.128107499000000020e-03
5.549999999999999822e+00 -7.141731907999999962e-03
5.552500000000000213e+00 -7.249846534000000363e-03
5.554999999999999716e+00 -7.244659720000000240e-03
5.557500000000000107e+00 -7.296547460999999908e-03
5.559999999999999609e+00 -7.266839847000000283e-03
5.562500000000000000e+00 -7.355876845999999997e-03
5.565000000000000391e+00 -7.314035376999999775e-03
5.567499999999999893e+00 -7.394782881000000301e-03
5.570000000000000284e+00 -7.404957434000000206e-03
5.572499999999999787e+00 -7.532245804000000169e-03
5.575000000000000178e+00 -7.562424618000000015e-03
5.577499999999999680e+00 -7.524322871999999940e-03
5.580000000000000071e+00 -7.540861069000000423e-03
5.582499999999999574e+00 -7.625396625000000102e-03
5.584999999999999964e+00 -7.598893229000000180e-03
5.587500000000000355e+00 -7.653537297000000302e-03
5.589999999999999858e+00 -7.666208263000000127e-03
5.592500000000000249e+00 -7.708594745999999658e-03
5.594999999999999751e+00 -7.817498305000000064e-03
5.597500000000000142e+00 -7.825482858000000833e-03
5.599999999999999645e+00 -7.828295098999999910e-03
5.602500000000000036e+00 -7.837940065000000012e-03
5.605000000000000426e+00 -7.832528876000000029e-03
5.607499999999999929e+00 -7.913549816999999528e-03
5.610000000000000320e+00 -7.928325818999999719e-03
5.612499999999999822e+00 -7.968491577999999714e-03
5.615000000000000213e+00 -8.034211936999999595e-03
5.617499999999999716e+00 -8.099900741999999793e-03
5.620000000000000107e+00 -8.049737035999999374e-03
5.622499999999999609e+00 -8.048685594000000096e-03
5.625000000000000000e+00 -8.168576430999999888e-03
5.627500000000000391e+00 -8.124553452999999995e-03
5.629999999999999893e+00 -8.226612296000000019e-03
5.632500000000000284e+00 -8.245415129999999343e-03
5.634999999999999787e+00 -8.270225445999999925e-03
5.637500000000000178e+00 -8.326899243999999478e-03
5.639999999999999680e+00 -8.372510281000000720e-03
5.642500000000000071e+00 -8.389046324999999832e-03
5.644999999999999574e+00 -8.406694166999999912e-03
5.647499999999999964e+00 -8.466257018000000398e-03
5.650000000000000355e+00 -8.413058162999999950e-03
5.652499999999999858e+00 -8.512998973999999497e-03
5.655000000000000249e+00 -8.568740045000000291e-03
5.657499999999999751e+00 -8.505752906000000821e-03
5.660000000000000142e+00 -8.628148409999999643e-03
5.662499999999999645e+00 -8.642274234000000069e-03
5.665000000000000036e+00 -8.721341913999999459e-03
5.667500000000000426e+00 -8.723706482000000151e-03
5.669999999999999929e+00 -8.756078973999999182e-03
5.672500000000000320e+00 -8.746060166000000149e-03
5.674999999999999822e+00 -8.776851969999999170e-03
5.677500000000000213e+00 -8.878958707999999936e-03
5.679999999999999716e+00 -8.892624123999999519e-03
5.682500000000000107e+00 -8.919222988999999172e-03
5.684999999999999609e+00 -8.906403482999999607e-03
5.687500000000000000e+00 -8.991429368000000699e-03
5.690000000000000391e+00 -8.985407000000000810e-03
5.692499999999999893e+00 -9.050933440000000565e-03
5.695000000000000284e+00 -9.054190192999999817e-03
5.697499999999999787e+00 -9.146365547999999596e-03
5.700000000000000178e+00 -9.081369468999999153e-03
5.702499999999999680e+00 -9.139501627000000059e-03
5.705000000000000071e+00 -9.199745379000000278e-03
5.707499999999999574e+00 -9.228651981999999587e-03
5.709999999999999964e+00 -9.304053099999999230e-03
5.712500000000000355e+00 -9.315254473000000521e-03
5.714999999999999858e+00 -9.327658516000000496e-03
5.717500000000000249e+00 -9.381804534999999695e-03
5.719999999999999751e+00 -9.412742408000000088e-03
5.722500000000000142e+00 -9.522574541000000670e-03
5.724999999999999645e+00 -9.463372867999999410e-03
5.727500000000000036e+00 -9.526671151999999837e-03
5.730000000000000426e+00 -9.522366536000000450e-03
5.732499999999999929e+00 -9.559885003000000159e-03
5.735000000000000320e+00 -9.596635412999999712e-03
5.737499999999999822e+00 -9.554590933000000133e-03
5.740000000000000213e+00 -9.685679702000000654e-03
5.742499999999999716e+00 -9.731733813000000011e-03
5.745000000000000107e+00 -9.744199606999999139e-03
5.747499999999999609e+00 -9.746417808999999211e-03
5.750000000000000000e+00 -9.847061695999999656e-03
5.752500000000000391e+00 -9.862495047000000015e-03
5.754999999999999893e+00 -9.893217319999999745e-03
5.757500000000000284e+00 -9.960402227000000538e-03
5.759999999999999787e+00 -9.954507240000000368e-03
5.762500000000000178e+00 -1.001484316999999916e-02
5.764999999999999680e+00 -9.999562580999999881e-03
5.767500000000000071e+00 -1.000531087000000076e-02
5.769999999999999574e+00 -1.012610352999999963e-02
5.772499999999999964e+00 -1.011060031000000047e-02
5.775000000000000355e+00 -1.020809441999999921e-02
5.777499999999999858e+00 -1.014223616000000001e-02
5.780000000000000249e+00 -1.022685100999999944e-02
5.782499999999999751e+00 -1.017989237999999963e-02
5.785000000000000142e+00 -1.026005611999999956e-02
5.787499999999999645e+00 -1.035639598999999952e-02
5.790000000000000036e+00 -1.029172465999999946e-02
5.792500000000000426e+00 -1.039464564999999924e-02
5.794999999999999929e+00 -1.047968581000000010e-02
5.797500000000000320e+00 -1.040572713999999947e-02
5.799999999999999822e+00 -1.054706052000000012e-02
5.802500000000000213e+00 -1.048413961000000012e-02
5.804999999999999716e+00 -1.057988617000000034e-02
5.807500000000000107e+00 -1.064734351000000065e-02
5.809999999999999609e+00 -1.061215725999999950e-02
5.812500000000000000e+00 -1.070101053000000087e-02
5.815000000000000391e+00 -1.066901112000000033e-02
5.817499999999999893e+00 -1.079404303000000044e-02
5.820000000000000284e+00 -1.076945994000000004e-02
5.822499999999999787e+00 -1.077896446999999924e-02
5.825000000000000178e+00 -1.076371813000000059e-02
5.827499999999999680e+00 -1.089367785999999921e-02
5.830000000000000071e+00 -1.094869407999999981e-02
5.832499999999999574e+00 -1.093375981999999969e-02
5.834999999999999964e+00 -1.094206910000000005e-02
5.837500000000000355e+00 -1.102254333999999961e-02
5.839999999999999858e+00 -1.097803810000000033e-02
5.842500000000000249e+00 -1.097784586000000000e-02
5.844999999999999751e+00 -1.112964735000000066e-02
5.847500000000000142e+00 -1.110244502999999973e-02
5.849999999999999645e+00 -1.117956936999999970e-02
5.852500000000000036e+00 -1.117332931000000057e-02
5.855000000000000426e+00 -1.118809875999999918e-02
5.857499999999999929e+00 -1.124469477999999988e-02
5.860000000000000320e+00 -1.127262776999999987e-02
5.862499999999999822e+00 -1.134760240999999927e-02
5.865000000000000213e+00 -1.130376370999999942e-02
5.867499999999999716e+00 -1.139473740999999950e-02
5.870000000000000107e+00 -1.151211157999999964e-02
5.872499999999999609e+00 -1.139520536999999965e-02
5.875000000000000000e+00 -1.150281520999999960e-02
5.877500000000000391e+00 -1.149235837999999961e-02
5.879999999999999893e+00 -1.155389411999999984e-02
5.882500000000000284e+00 -1.154516656999999939e-02
5.884999999999999787e+00 -1.161681170000000013e-02
5.887500000000000178e+00 -1.160593858000000082e-02
5.889999999999999680e+00 -1.160267608999999978e-02
5.892500000000000071e+00 -1.166831995000000045e-02
5.894999999999999574e+00 -1.174458595999999973e-02
5.897499999999999964e+00 -1.176999987999999969e-02
5.900000000000000355e+00 -1.183609795000000083e-02
5.902499999999999858e+00 -1.181311575000000037e-02
5.905000000000000249e+00 -1.186838563999999957e-02
5.907499999999999751e+00 -1.194834609000000082e-02
5.910000000000000142e+00 -1.189748787000000085e-02
5.912499999999999645e+00 -1.198825673999999973e-02
5.915000000000000036e+00 -1.199846398000000043e-02
5.917500000000000426e+00 -1.204934241000000031e-02
5.919999999999999929e+00 -1.207165290000000030e-02
5.922500000000000320e+00 -1.218457067000000039e-02
5.924999999999999822e+00 -1.211881039000000000e-02
5.927500000000000213e+00 -1.224412972000000002e-02
5.929999999999999716e+00 -1.222018711000000084e-02
5.932500000000000107e+00 -1.220109020000000044e-02
5.934999999999999609e+00 -1.235320481999999977e-02
5.937500000000000000e+00 -1.231419964999999964e-02
5.940000000000000391e+00 -1.234638279000000068e-02
5.942499999999999893e+00 -1.243538905999999958e-02
5.945000000000000284e+00 -1.244288456000000077e-02
5.947499999999999787e+00 -1.239962340000000038e-02
5.950000000000000178e+00 -1.249904639000000081e-02
5.952499999999999680e+00 -1.247230736000000048e-02
5.955000000000000071e+00 -1.254996444000000023e-02
5.957499999999999574e+00 -1.259042699999999952e-02
5.959999999999999964e+00 -1.263097583999999926e-02
5.962500000000000355e+00 -1.263451749000000027e-02
5.964999999999999858e+00 -1.268219008000000085e-02
5.967500000000000249e+00 -1.263379931000000074e-02
5.969999999999999751e+00 -1.274289676000000052e-02
5.972500000000000142e+00 -1.272550532999999935e-02
5.974999999999999645e+00 -1.278325477999999946e-02
5.977500000000000036e+00 -1.285127311000000029e-02
5.980000000000000426e+00 -1.285398383999999949e-02
5.982499999999999929e+00 -1.291053271999999946e-02
5.985000000000000320e+00 -1.297389342000000029e-02
5.987499999999999822e+00 -1.301256897999999995e-02
5.990000000000000213e+00 -1.300729802999999948e-02
5.992499999999999716e+00 -1.312312686000000062e-02
5.995000000000000107e+00 -1.307157186999999970e-02
5.997499999999999609e+00 -1.312973450999999937e-02
6.000000000000000000e+00 -1.315743594000000002e-02
6.002500000000000391e+00 -1.318945764000000083e-02
6.004999999999999893e+00 -1.323681527999999961e-02
6.007500000000000284e+00 -1.323647374999999994e-02
6.009999999999999787e+00 -1.324461061999999967e-02
6.012500000000000178e+00 -1.332461780000000068e-02
6.014999999999999680e+00 -1.337250073999999948e-02
6.017500000000000071e+00 -1.343061171999999914e-02
6.019999999999999574e+00 -1.340968053999999979e-02
6.022499999999999964e+00 -1.343924850999999969e-02
6.025000000000000355e+00 -1.339590409999999975e-02
6.027499999999999858e+00 -1.348742516000000016e-02
6.030000000000000249e+00 -1.357062201000000003e-02
6.032499999999999751e+00 -1.358550988999999987e-02
6.035000000000000142e+00 -1.359925677000000006e-02
6.037499999999999645e+00 -1.375238418000000046e-02
6.040000000000000036e+00 -1.369496029999999961e-02
6.042500000000000426e+00 -1.371186546999999915e-02
6.044999999999999929e+00 -1.375198948999999983e-02
6.047500000000000320e+00 -1.375901575999999987e-02
6.049999999999999822e+00 -1.384072121000000030e-02
6.052500000000000213e+00 -1.385499895999999995e-02
6.054999999999999716e+00 -1.389613993000000068e-02
6.057500000000000107e+00 -1.389403126999999918e-02
6.059999999999999609e+00 -1.387183519999999996e-02
6.062500000000000000e+00 -1.399828049999999983e-02
6.065000000000000391e+00 -1.403137139999999922e-02
6.067499999999999893e+00 -1.408477594999999957e-02
6.070000000000000284e+00 -1.412174654999999966e-02
6.072499999999999787e+00 -1.409977421999999980e-02
6.075000000000000178e+00 -1.415358744000000044e-02
6.077499999999999680e+00 -1.417772842000000061e-02
6.080000000000000071e+00 -1.409457675000000063e-02
6.082499999999999574e+00 -1.422998294999999920e-02
6.084999999999999964e+00 -1.434908273000000054e-02
6.087500000000000355e+00 -1.433224494999999973e-02
6.089999999999999858e+00 -1.434757581999999976e-02
6.092500000000000249e+00 -1.435110233999999964e-02
6.094999999999999751e+00 -1.438583904000000080e-02
6.097500000000000142e+00 -1.445320676000000013e-02
6.099999999999999645e+00 -1.442703270000000003e-02
6.102500000000000036e+00 -1.444823020999999943e-02
6.105000000000000426e+00 -1.446868391999999934e-02
6.107499999999999929e+00 -1.459109725999999975e-02
6.110000000000000320e+00 -1.466755909999999975e-02
6.112499999999999822e+00 -1.471594631000000021e-02
6.115000000000000213e+00 -1.464334812000000000e-02
6.117499999999999716e+00 -1.477815059999999965e-02
6.120000000000000107e+00 -1.486195205999999921e-02
6.122499999999999609e+00 -1.477903856000000078e-02
6.125000000000000000e+00 -1.484514974999999980e-02
6.127500000000000391e+00 -1.481735992999999932e-02
6.129999999999999893e+00 -1.485446219000000068e-02
6.132500000000000284e+00 -1.503603927999999992e-02
6.134999999999999787e+00 -1.500047772999999959e-02
6.137500000000000178e+00 -1.501524945000000041e-02
6.139999999999999680e+00 -1.501176193000000082e-02
6.142500000000000071e+00 -1.506202587999999967e-02
6.144999999999999574e+00 -1.504590666999999944e-02
6.147499999999999964e+00 -1.513969683999999948e-02
6.150000000000000355e+00 -1.522742730999999961e-02
6.152499999999999858e+00 -1.523075559999999967e-02
6.155000000000000249e+00 -1.526060737000000007e-02
6.157499999999999751e+00 -1.536100634000000034e-02
6.160000000000000142e+00 -1.533825341999999967e-02
6.162499999999999645e+00 -1.546153159000000082e-02
6.165000000000000036e+00 -1.542848582000000066e-02
6.167500000000000426e+00 -1.538028861999999990e-02
6.169999999999999929e+00 -1.548907331000000040e-02
6.172500000000000320e+00 -1.547422268000000004e-02
6.174999999999999822e+00 -1.545413095999999958e-02
6.177500000000000213e+00 -1.557325317000000063e-02
6.179999999999999716e+00 -1.558735217000000069e-02
6.182500000000000107e+00 -1.561552408999999919e-02
6.184999999999999609e+00 -1.565498765000000042e-02
6.187500000000000000e+00 -1.569376080000000132e-02
6.190000000000000391e+00 -1.578137794000000066e-02
6.192499999999999893e+00 -1.574081432999999836e-02
6.195000000000000284e+00 -1.577156701000000105e-02
6.197499999999999787e+00 -1.581517053999999950e-02
6.200000000000000178e+00 -1.579051998000000068e-02
6.202499999999999680e+00 -1.587942156999999979e-02
6.205000000000000071e+00 -1.601512424000000115e-02
6.207499999999999574e+00 -1.597999471000000060e-02
6.209999999999999964e+00 -1.601156266999999994e-02
6.212500000000000355e+00 -1.600562512999999937e-02
6.214999999999999858e+00 -1.607607454999999963e-02
6.217500000000000249e+00 -1.604854885000000023e-02
6.219999999999999751e+00 -1.610806185000000085e-02
6.222500000000000142e+00 -1.617411041000000119e-02
6.224999999999999645e+00 -1.621629997000000045e-02
6.227500000000000036e+00 -1.622772491999999872e-02
6.230000000000000426e+00 -1.630973806999999956e-02
6.232499999999999929e+00 -1.632625908999999972e-02
6.235000000000000320e+00 -1.637287579000000146e-02
6.237499999999999822e+00 -1.631268607999999953e-02
6.240000000000000213e+00 -1.639895343000000172e-02
6.242499999999999716e+00 -1.644315836999999877e-02
6.245000000000000107e+00 -1.645960735999999966e-02
6.247499999999999609e+00 -1.650131125000000101e-02
6.250000000000000000e+00 -1.647415509999999861e-02
6.252500000000000391e+00 -1.656960916999999922e-02
6.254999999999999893e+00 -1.660821831999999970e-02
6.257500000000000284e+00 -1.667014647999999835e-02
6.259999999999999787e+00 -1.672847717999999956e-02
6.262500000000000178e+00 -1.668537310999999856e-02
6.264999999999999680e+00 -1.675873060000000053e-02
6.267500000000000071e+00 -1.678931549000000148e-02
6.269999999999999574e+00 -1.681765057999999938e-02
6.272499999999999964e+00 -1.681342700999999967e-02
6.275000000000000355e+00 -1.683392790000000014e-02
6.277499999999999858e+00 -1.685727395000000128e-02
6.280000000000000249e+00 -1.693869179999999905e-02
6.282499999999999751e+00 -1.702102093999999927e-02
6.285000000000000142e+00 -1.709260137999999915e-02
6.287499999999999645e+00 -1.706476302999999917e-02
6.290000000000000036e+00 -1.707758222000000173e-02
6.292500000000000426e+00 -1.713731504000000003e-02
6.294999999999999929e+00 -1.713311235000000016e-02
6.297500000000000320e+00 -1.719752976000000003e-02
6.299999999999999822e+00 -1.719777453999999858e-02
6.302500000000000213e+00 -1.724652708000000076e-02
6.304999999999999716e+00 -1.725364331000000043e-02
6.307500000000000107e+00 -1.731086519000000004e-02
6.309999999999999609e+00 -1.738269866000000108e-02
6.312500000000000000e+00 -1.743144153999999849e-02
6.315000000000000391e+00 -1.744975518999999919e-02
6.317499999999999893e+00 -1.747157884000000161e-02
6.320000000000000284e+00 -1.750426550999999858e-02
6.322499999999999787e+00 -1.753162554000000165e-02
6.325000000000000178e+00 -1.755010087999999899e-02
6.327499999999999680e+00 -1.752811349000000032e-02
6.330000000000000071e+00 -1.763901921999999969e-02
6.332499999999999574e+00 -1.771536941000000087e-02
6.334999999999999964e+00 -1.768051193000000007e-02
6.337500000000000355e+00 -1.776305221999999878e-02
6.339999999999999858e+00 -1.782419158999999989e-02
6.342500000000000249e+00 -1.781295733000000034e-02
6.344999999999999751e+00 -1.791053550000000147e-02
6.347500000000000142e+00 -1.787269522999999916e-02
6.349999999999999645e+00 -1.789758714000000070e-02
6.352500000000000036e+00 -1.799816234999999931e-02
6.355000000000000426e+00 -1.800592043999999989e-02
6.357499999999999929e+00 -1.807197493000000169e-02
6.360000000000000320e+00 -1.805953650000000077e-02
6.362499999999999822e+00 -1.810545410999999869e-02
6.365000000000000213e+00 -1.808772690000000002e-02
6.367499999999999716e+00 -1.810048120000000080e-02
6.370000000000000107e+00 -1.817858452999999985e-02
6.372499999999999609e+00 -1.818101923000000134e-02
6.375000000000000000e+00 -1.827890495000000087e-02
6.377500000000000391e+00 -1.831156836999999968e-02
6.379999999999999893e+00 -1.840473625999999863e-02
6.382500000000000284e+00 -1.844064684000000162e-02
6.384999999999999787e+00 -1.845465472999999884e-02
6.387500000000000178e+00 -1.842586007999999845e-02
6.389999999999999680e+00 -1.842251833999999922e-02
6.392500000000000071e+00 -1.856870097999999830e-02
6.394999999999999574e+00 -1.857753155999999906e-02
6.397499999999999964e+00 -1.861187853000000059e-02
6.400000000000000355e+00 -1.862337900999999976e-02
6.402499999999999858e+00 -1.863700885000000099e-02
6.405000000000000249e+00 -1.876033888000000135e-02
6.407499999999999751e+00 -1.867231429999999942e-02
6.410000000000000142e+00 -1.871949430000000025e-02
6.412499999999999645e+00 -1.875709274999999912e-02
6.415000000000000036e+00 -1.880931679999999981e-02
6.417500000000000426e+00 -1.884490285999999848e-02
6.419999999999999929e+00 -1.883187638999999844e-02
6.422500000000000320e+00 -1.886066955000000045e-02
6.424999999999999822e+00 -1.897246594999999966e-02
6.427500000000000213e+00 -1.899920138000000050e-02
6.429999999999999716e+00 -1.909245420000000096e-02
6.432500000000000107e+00 -1.911747097999999881e-02
6.434999999999999609e+00 -1.911024886000000159e-02
6.437500000000000000e+00 -1.914269261999999860e-02
6.440000000000000391e+00 -1.916585349999999979e-02
6.442499999999999893e+00 -1.921838763000000005e-02
6.445000000000000284e+00 -1.924092314000000123e-02
6.447499999999999787e+00 -1.930794598999999861e-02
6.450000000000000178e+00 -1.936723204000000143e-02
6.452499999999999680e+00 -1.934361936000000143e-02
6.455000000000000071e+00 -1.939836970999999841e-02
6.457499999999999574e+00 -1.942795753999999875e-02
6.459999999999999964e+00 -1.937103335000000051e-02
6.462500000000000355e+00 -1.952322026000000155e-02
6.464999999999999858e+00 -1.950408608000000002e-02
6.467500000000000249e+00 -1.962050368000000169e-02
6.469999999999999751e+00 -1.953755034000000113e-02
6.472500000000000142e+00 -1.963796496000000044e-02
6.474999999999999645e+00 -1.965487637999999843e-02
6.477500000000000036e+00 -1.965429091000000031e-02
6.480000000000000426e+00 -1.979807139000000146e-02
6.482499999999999929e+00 -1.989202069999999878e-02
6.485000000000000320e+00 -1.984464763000000007e-02
6.487499999999999822e+00 -1.985074137000000100e-02
6.490000000000000213e+00 -1.981757487000000012e-02
6.492499999999999716e+00 -1.996112620999999920e-02
6.495000000000000107e+00 -1.996046240000000013e-02
6.497499999999999609e+00 -1.995765903000000160e-02
6.500000000000000000e+00 -2.002941973000000112e-02
6.502500000000000391e+00 -2.007455811999999881e-02
6.504999999999999893e+00 -2.007462105000000149e-02
6.507500000000000284e+00 -2.016106838000000095e-02
6.509999999999999787e+00 -2.014656878999999956e-02
6.512500000000000178e+00 -2.016268677000000037e-02
6.514999999999999680e+00 -2.017885477000000080e-02
6.517500000000000071e+00 -2.021249556999999905e-02
6.519999999999999574e+00 -2.027993205999999854e-02
6.522499999999999964e+00 -2.034971472999999934e-02
6.525000000000000355e+00 -2.031551096999999889e-02
6.527499999999999858e+00 -2.045132296000000058e-02
6.530000000000000249e+00 -2.043678091000000058e-02
6.532499999999999751e+00 -2.050993196000000171e-02
6.535000000000000142e+00 -2.047472536000000121e-02
6.537499999999999645e+00 -2.054109948000000171e-02
6.540000000000000036e+00 -2.054629205000000139e-02
6.542500000000000426e+00 -2.066382153999999846e-02
6.544999999999999929e+00 -2.068759796000000165e-02
6.547500000000000320e+00 -2.080830088999999911e-02
6.549999999999999822e+00 -2.070725506999999965e-02
6.552500000000000213e+00 -2.073784613999999846e-02
6.554999999999999716e+00 -2.089516040999999866e-02
6.557500000000000107e+00 -2.086968985999999859e-02
6.559999999999999609e+00 -2.088772284000000104e-02
6.562500000000000000e+00 -2.093678423000000163e-02
6.565000000000000391e+00 -2.089548546999999909e-02
6.567499999999999893e+00 -2.091532969000000144e-02
6.570000000000000284e+00 -2.101181213000000159e-02
6.572499999999999787e+00 -2.104342281000000023e-02
6.575000000000000178e+00 -2.111637997999999891e-02
6.577499999999999680e+00 -2.115640428999999989e-02
6.580000000000000071e+00 -2.114143472000000121e-02
6.582499999999999574e+00 -2.112895236000000149e-02
6.584999999999999964e+00 -2.122570912999999920e-02
6.587500000000000355e+00 -2.121597471999999915e-02
6.589999999999999858e+00 -2.123346624999999932e-02
6.592500000000000249e+00 -2.134831908000000070e-02
6.594999999999999751e+00 -2.134028308000000124e-02
6.597500000000000142e+00 -2.145691752000000035e-02
6.599999999999999645e+00 -2.146945697999999916e-02
6.602500000000000036e+00 -2.145576336999999861e-02
6.605000000000000426e+00 -2.152103798999999845e-02
6.607499999999999929e+00 -2.160621906999999828e-02
6.610000000000000320e+00 -2.157086153999999978e-02
6.612499999999999822e+00 -2.156578442000000109e-02
6.615000000000000213e+00 -2.167813802999999859e-02
6.617499999999999716e+00 -2.171809691999999903e-02
6.620000000000000107e+00 -2.179309139000000159e-02
6.622499999999999609e+00 -2.176029847999999892e-02
6.625000000000000000e+00 -2.178904945000000037e-02
6.627500000000000391e+00 -2.187394671000000151e-02
6.629999999999999893e+00 -2.182939935000000053e-02
6.632500000000000284e+00 -2.190144663000000158e-02
6.634999999999999787e+00 -2.193972522000000105e-02
6.637500000000000178e+00 -2.198842360999999843e-02
6.639999999999999680e+00 -2.199041016000000126e-02
6.642500000000000071e+00 -2.212865560999999898e-02
6.644999999999999574e+00 -2.209678736000000171e-02
6.647499999999999964e+00 -2.215501170000000117e-02
6.650000000000000355e+00 -2.214391333000000073e-02
6.652499999999999858e+00 -2.222838176999999971e-02
6.655000000000000249e+00 -2.226443227999999955e-02
6.657499999999999751e+00 -2.237156281999999954e-02
6.660000000000000142e+00 -2.225292455000000072e-02
6.662499999999999645e+00 -2.235517886999999898e-02
6.665000000000000036e+00 -2.236612895000000129e-02
6.667500000000000426e+00 -2.235522213000000133e-02
6.669999999999999929e+00 -2.245056555999999995e-02
6.672500000000000320e+00 -2.242396161000000110e-02
6.674999999999999822e+00 -2.244429188999999894e-02
6.677500000000000213e+00 -2.255560859000000154e-02
6.679999999999999716e+00 -2.261118309000000048e-02
6.682500000000000107e+00 -2.262616148000000035e-02
6.684999999999999609e+00 -2.265668382999999966e-02
6.687500000000000000e+00 -2.264155544999999978e-02
6.690000000000000391e+00 -2.274859275000000111e-02
6.692499999999999893e+00 -2.271124349000000139e-02
6.695000000000000284e+00 -2.282273867999999942e-02
6.697499999999999787e+00 -2.282249398000000054e-02
6.700000000000000178e+00 -2.282974228999999980e-02
6.702499999999999680e+00 -2.288745485999999982e-02
6.705000000000000071e+00 -2.292075873000000083e-02
6.707499999999999574e+00 -2.298363436999999870e-02
6.709999999999999964e+00 -2.300588770000000158e-02
6.712500000000000355e+00 -2.310630895999999865e-02
6.714999999999999858e+00 -2.303743436000000103e-02
6.717500000000000249e+00 -2.312969444000000097e-02
6.719999999999999751e+00 -2.319644325000000049e-02
6.722500000000000142e+00 -2.324695121999999919e-02
6.724999999999999645e+00 -2.329795517999999968e-02
6.727500000000000036e+00 -2.331953293000000108e-02
6.730000000000000426e+00 -2.329616957000000058e-02
6.732499999999999929e+00 -2.337268023000000153e-02
6.735000000000000320e+00 -2.342237834000000102e-02
6.737499999999999822e+00 -2.340675728999999997e-02
6.740000000000000213e+00 -2.339226760999999974e-02
6.742499999999999716e+00 -2.346987148000000134e-02
6.745000000000000107e+00 -2.351724138000000144e-02
6.747499999999999609e+00 -2.354073974000000027e-02
6.750000000000000000e+00 -2.355066450999999950e-02
6.752500000000000391e+00 -2.369429139000000031e-02
6.754999999999999893e+00 -2.368061785999999933e-02
6.757500000000000284e+00 -2.365263905000000028e-02
6.759999999999999787e+00 -2.375321619999999981e-02
6.762500000000000178e+00 -2.373971834000000031e-02
6.764999999999999680e+00 -2.386638312000000095e-02
6.767500000000000071e+00 -2.383245984000000040e-02
6.769999999999999574e+00 -2.394091104999999942e-02
6.772499999999999964e+00 -2.388232652000000025e-02
6.775000000000000355e+00 -2.394218873999999844e-02
6.777499999999999858e+00 -2.398934636000000023e-02
6.780000000000000249e+00 -2.402346006000000145e-02
6.782499999999999751e+00 -2.405115055000000071e-02
6.785000000000000142e+00 -2.410973410999999941e-02
6.787499999999999645e+00 -2.419468350999999864e-02
6.790000000000000036e+00 -2.421905464000000119e-02
6.792500000000000426e+00 -2.426453384999999879e-02
6.794999999999999929e+00 -2.430657307000000031e-02
6.797500000000000320e+00 -2.430867177999999906e-02
6.799999999999999822e+00 -2.436839559999999863e-02
6.802500000000000213e+00 -2.440004588999999946e-02
6.804999999999999716e+00 -2.441396695000000103e-02
6.807500000000000107e+00 -2.443982021999999837e-02
6.809999999999999609e+00 -2.449659367000000046e-02
6.812500000000000000e+00 -2.449327020000000021e-02
6.815000000000000391e+00 -2.451438331999999942e-02
6.817499999999999893e+00 -2.451489319000000125e-02
6.820000000000000284e+00 -2.456192828999999994e-02
6.822499999999999787e+00 -2.470478175000000165e-02
6.825000000000000178e+00 -2.471548099000000012e-02
6.827499999999999680e+00 -2.466033008000000082e-02
6.830000000000000071e+00 -2.475374202000000037e-02
6.832499999999999574e+00 -2.490928633999999961e-02
6.834999999999999964e+00 -2.485600812999999923e-02
6.837500000000000355e+00 -2.487423555999999925e-02
6.839999999999999858e+00 -2.490664033000000027e-02
6.842500000000000249e+00 -2.489193317000000169e-02
6.844999999999999751e+00 -2.498009064000000085e-02
6.847500000000000142e+00 -2.502966179000000110e-02
6.849999999999999645e+00 -2.514411018999999914e-02
6.852500000000000036e+00 -2.504791761000000130e-02
6.855000000000000426e+00 -2.513262931000000144e-02
6.857499999999999929e+00 -2.511244132999999878e-02
6.860000000000000320e+00 -2.528316095000000124e-02
6.862499999999999822e+00 -2.534975839000000106e-02
6.865000000000000213e+00 -2.526871010999999848e-02
6.867499999999999716e+00 -2.525932540999999837e-02
6.870000000000000107e+00 -2.539409688999999873e-02
6.872499999999999609e+00 -2.546671987999999873e-02
6.875000000000000000e+00 -2.542414596999999915e-02
6.877500000000000391e+00 -2.545907161000000168e-02
6.879999999999999893e+00 -2.551736774000000138e-02
6.882500000000000284e+00 -2.559029751999999935e-02
6.884999999999999787e+00 -2.560705980000000173e-02
6.887500000000000178e+00 -2.562600828999999844e-02
6.889999999999999680e+00 -2.568031834000000097e-02
6.892500000000000071e+00 -2.570417090000000002e-02
6.894999999999999574e+00 -2.574425102000000090e-02
6.897499999999999964e+00 -2.579325887999999942e-02
6.900000000000000355e+00 -2.583274936000000063e-02
6.902499999999999858e+00 -2.578339425999999837e-02
6.905000000000000249e+00 -2.591490939000000090e-02
6.907499999999999751e+00 -2.589743576000000033e-02
6.910000000000000142e+00 -2.602174490999999840e-02
6.912499999999999645e+00 -2.609872729999999919e-02
6.915000000000000036e+00 -2.607582518000000141e-02
6.917500000000000426e+00 -2.602564996000000103e-02
6.919999999999999929e+00 -2.611388677000000061e-02
6.922500000000000320e+00 -2.617108719999999833e-02
6.924999999999999822e+00 -2.614984462999999856e-02
6.927500000000000213e+00 -2.618492785000000114e-02
6.929999999999999716e+00 -2.616948762000000095e-02
6.932500000000000107e+00 -2.628907142000000072e-02
6.934999999999999609e+00 -2.630589980999999827e-02
6.937500000000000000e+00 -2.634714135999999957e-02
6.940000000000000391e+00 -2.637439930000000030e-02
6.942499999999999893e+00 -2.639118819999999865e-02
6.945000000000000284e+00 -2.643888328999999954e-02
6.947499999999999787e+00 -2.653942306999999834e-02
6.950000000000000178e+00 -2.658275972000000154e-02
6.952499999999999680e+00 -2.664107556999999876e-02
6.955000000000000071e+00 -2.674459020000000131e-02
6.957499999999999574e+00 -2.663220137000000057e-02
6.959999999999999964e+00 -2.666976601999999918e-02
6.962500000000000355e+00 -2.686691981000000062e-02
6.964999999999999858e+00 -2.673206319999999955e-02
6.967500000000000249e+00 -2.679002835000000166e-02
6.969999999999999751e+00 -2.686438851000000003e-02
6.972500000000000142e+00 -2.696323167000000062e-02
6.974999999999999645e+00 -2.696287954000000167e-02
6.977500000000000036e+00 -2.701860445000000069e-02
6.980000000000000426e+00 -2.699256221000000122e-02
6.982499999999999929e+00 -2.708460044999999941e-02
6.985000000000000320e+00 -2.713739093999999880e-02
6.987499999999999822e+00 -2.713503287999999986e-02
6.990000000000000213e+00 -2.722028980999999931e-02
6.992499999999999716e+00 -2.718191415000000000e-02
6.995000000000000107e+00 -2.723901148999999938e-02
6.997499999999999609e+00 -2.717390055999999859e-02
7.000000000000000000e+00 -2.726668754000000083e-02
7.002500000000000391e+00 -2.737867789000000135e-02
7.004999999999999893e+00 -2.739583925000000156e-02
7.007500000000000284e+00 -2.736854916999999915e-02
7.009999999999999787e+00 -2.754384632999999985e-02
7.012500000000000178e+00 -2.751064770999999895e-02
7.014999999999999680e+00 -2.746243610999999848e-02
7.017500000000000071e+00 -2.763724399999999831e-02
7.019999999999999574e+00 -2.764704415999999845e-02
7.022499999999999964e+00 -2.768784540999999835e-02
7.025000000000000355e+00 -2.768956172999999937e-02
7.027499999999999858e+00 -2.762883718000000086e-02
7.030000000000000249e+00 -2.775008899000000126e-02
7.032499999999999751e+00 -2.769149443000000141e-02
7.035000000000000142e+00 -2.783591666000000131e-02
7.037499999999999645e+00 -2.786138214000000168e-02
7.040000000000000036e+00 -2.788663710000000018e-02
7.042500000000000426e+00 -2.795867309000000037e-02
7.044999999999999929e+00 -2.805302663999999918e-02
7.047500000000000320e+00 -2.805381297999999871e-02
7.049999999999999822e+00 -2.802662984999999829e-02
7.052500000000000213e+00 -2.805443960999999889e-02
7.054999999999999716e+00 -2.801432011999999833e-02
7.057500000000000107e+00 -2.821529710000000163e-02
7.059999999999999609e+00 -2.826587302999999940e-02
7.062500000000000000e+00 -2.820000606999999854e-02
7.065000000000000391e+00 -2.823265095000000030e-02
7.067499999999999893e+00 -2.834379526999999954e-02
7.070000000000000284e+00 -2.831487423999999933e-02
7.072499999999999787e+00 -2.842071191000000024e-02
7.075000000000000178e+00 -2.839699466000000089e-02
7.077499999999999680e+00 -2.846775811000000142e-02
7.080000000000000071e+00 -2.848141788999999924e-02
7.082499999999999574e+00 -2.859442925000000094e-02
7.084999999999999964e+00 -2.862340776000000045e-02
7.087500000000000355e+00 -2.871305215000000133e-02
7.089999999999999858e+00 -2.871151627999999831e-02
7.092500000000000249e+00 -2.873483988999999891e-02
7.094999999999999751e+00 -2.882912094999999855e-02
7.097500000000000142e+00 -2.882810233000000083e-02
7.099999999999999645e+00 -2.874850643000000094e-02
7.102500000000000036e+00 -2.888407548000000019e-02
7.105000000000000426e+00 -2.892708838000000032e-02
7.107499999999999929e+00 -2.887676847999999866e-02
7.110000000000000320e+00 -2.897215477999999858e-02
7.112499999999999822e+00 -2.900725310999999890e-02
7.115000000000000213e+00 -2.905132066999999846e-02
7.117499999999999716e+00 -2.902557810000000113e-02
7.120000000000000107e+00 -2.911918766000000033e-02
7.122499999999999609e+00 -2.916295158999999970e-02
7.125000000000000000e+00 -2.921012824999999827e-02
7.127500000000000391e+00 -2.928728461999999949e-02
7.129999999999999893e+00 -2.925599955000000169e-02
7.132500000000000284e+00 -2.936152512999999978e-02
7.134999999999999787e+00 -2.942848319000000018e-02
7.137500000000000178e+00 -2.947327208000000143e-02
7.139999999999999680e+00 -2.950995107999999922e-02
7.142500000000000071e+00 -2.945820056000000159e-02
7.144999999999999574e+00 -2.951954325999999948e-02
7.147499999999999964e+00 -2.955206741000000054e-02
7.150000000000000355e+00 -2.960907621000000156e-02
7.152499999999999858e+00 -2.971665796000000012e-02
7.155000000000000249e+00 -2.968254546999999841e-02
7.157499999999999751e+00 -2.975164056000000057e-02
7.160000000000000142e+00 -2.980510094999999984e-02
7.162499999999999645e+00 -2.980323669999999925e-02
7.165000000000000036e+00 -2.978258081000000057e-02
7.167500000000000426e+00 -2.989077856000000102e-02
7.169999999999999929e+00 -2.993819110000000075e-02
7.172500000000000320e+00 -2.994365080999999984e-02
7.174999999999999822e+00 -3.002820070000000036e-02
7.177500000000000213e+00 -3.002296808000000025e-02
7.179999999999999716e+00 -3.006589457999999868e-02
7.182500000000000107e+00 -3.005108776999999842e-02
7.184999999999999609e+00 -3.017317024000000167e-02
7.187500000000000000e+00 -3.018608941999999934e-02
7.190000000000000391e+00 -3.025949804999999992e-02
7.192499999999999893e+00 -3.025619338000000089e-02
7.195000000000000284e+00 -3.032852331000000096e-02
7.197499999999999787e+00 -3.029472996999999987e-02
7.200000000000000178e+00 -3.031745817999999953e-02
7.202499999999999680e+00 -3.038746088999999886e-02
7.205000000000000071e+00 -3.048290730000000059e-02
7.207499999999999574e+00 -3.053323209000000094e-02
7.209999999999999964e+00 -3.058216687000000003e-02
7.212500000000000355e+00 -3.058734235000000121e-02
7.214999999999999858e+00 -3.061638386999999961e-02
7.217500000000000249e+00 -3.078331196000000033e-02
7.219999999999999751e+00 -3.072183456000000118e-02
7.222500000000000142e+00 -3.071912218999999986e-02
7.224999999999999645e+00 -3.077796409999999927e-02
7.227500000000000036e+00 -3.088920577000000070e-02
7.230000000000000426e+00 -3.085219251000000107e-02
7.232499999999999929e+00 -3.092260256999999901e-02
7.235000000000000320e+00 -3.100404018999999844e-02
7.237499999999999822e+00 -3.105850272999999967e-02
7.240000000000000213e+00 -3.099182259999999980e-02
7.242499999999999716e+00 -3.107526453000000050e-02
7.245000000000000107e+00 -3.107134656000000092e-02
7.247499999999999609e+00 -3.104957466999999985e-02
7.250000000000000000e+00 -3.118050878000000123e-02
7.252500000000000391e+00 -3.115268659999999995e-02
7.254999999999999893e+00 -3.134195825999999685e-02
7.257500000000000284e+00 -3.126256599999999858e-02
7.259999999999999787e+00 -3.130994240999999956e-02
7.262500000000000178e+00 -3.137556278999999865e-02
7.264999999999999680e+00 -3.136548101000000144e-02
7.267500000000000071e+00 -3.140275433999999838e-02
7.269999999999999574e+00 -3.157227455000000127e-02
7.272499999999999964e+00 -3.151575789000000266e-02
7.275000000000000355e+00 -3.155416176999999850e-02
7.277499999999999858e+00 -3.164505893999999819e-02
7.280000000000000249e+00 -3.158952898000000342e-02
7.282499999999999751e+00 -3.170416049000000097e-02
7.285000000000000142e+00 -3.177810265000000078e-02
7.287499999999999645e+00 -3.175722389999999923e-02
7.290000000000000036e+00 -3.186985952000000177e-02
7.292500000000000426e+00 -3.178229067999999852e-02
7.294999999999999929e+00 -3.188629575000000160e-02
7.297500000000000320e+00 -3.197045190000000203e-02
7.299999999999999822e+00 -3.208135633999999875e-02
7.302500000000000213e+00 -3.201830340000000330e-02
7.304999999999999716e+00 -3.211844989999999844e-02
7.307500000000000107e+00 -3.211701072999999934e-02
7.309999999999999609e+00 -3.212222364000000274e-02
7.312500000000000000e+00 -3.220033473000000201e-02
7.315000000000000391e+00 -3.224670634000000036e-02
7.317499999999999893e+00 -3.225572994999999915e-02
7.320000000000000284e+00 -3.229905468000000140e-02
7.322499999999999787e+00 -3.231118958999999735e-02
7.325000000000000178e+00 -3.232068971000000290e-02
7.327499999999999680e+00 -3.242501234999999732e-02
7.330000000000000071e+00 -3.247802288999999953e-02
7.332499999999999574e+00 -3.254541698999999927e-02
7.334999999999999964e+00 -3.245715226999999758e-02
7.337500000000000355e+00 -3.248614385000000299e-02
7.339999999999999858e+00 -3.258065287999999809e-02
7.342500000000000249e+00 -3.271150525000000170e-02
7.344999999999999751e+00 -3.276310156000000057e-02
7.347500000000000142e+00 -3.272812315000000333e-02
7.349999999999999645e+00 -3.279329904000000129e-02
7.352500000000000036e+00 -3.275878142000000076e-02
7.355000000000000426e+00 -3.283458028999999834e-02
7.357499999999999929e+00 -3.293179523999999886e-02
7.360000000000000320e+00 -3.291752123000000335e-02
7.362499999999999822e+00 -3.287515306000000220e-02
7.365000000000000213e+00 -3.299118600999999956e-02
7.367499999999999716e+00 -3.309730987000000096e-02
7.370000000000000107e+00 -3.314253712999999657e-02
7.372499999999999609e+00 -3.317153285999999840e-02
7.375000000000000000e+00 -3.315787877000000300e-02
7.377500000000000391e+00 -3.334556478999999712e-02
7.379999999999999893e+00 -3.330636387000000115e-02
7.382500000000000284e+00 -3.312630478999999822e-02
7.384999999999999787e+00 -3.324029316000000345e-02
7.387500000000000178e+00 -3.330468672999999796e-02
7.389999999999999680e+00 -3.345319463000000215e-02
7.392500000000000071e+00 -3.340809502000000042e-02
7.394999999999999574e+00 -3.349124618999999720e-02
7.397499999999999964e+00 -3.354339777999999772e-02
7.400000000000000355e+00 -3.358370841000000301e-02
7.402499999999999858e+00 -3.372933573999999796e-02
7.405000000000000249e+00 -3.372368610999999794e-02
7.407499999999999751e+00 -3.372858226000000070e-02
7.410000000000000142e+00 -3.380924736000000264e-02
7.412499999999999645e+00 -3.383988363999999860e-02
7.415000000000000036e+00 -3.384820043000000278e-02
7.417500000000000426e+00 -3.393740290999999742e-02
7.419999999999999929e+00 -3.395615594000000320e-02
7.422500000000000320e+00 -3.397311663000000120e-02
7.424999999999999822e+00 -3.411113410000000262e-02
7.427500000000000213e+00 -3.404427275000000003e-02
7.429999999999999716e+00 -3.410306055000000142e-02
7.432500000000000107e+00 -3.402920311999999697e-02
7.434999999999999609e+00 -3.423802254000000295e-02
7.437500000000000000e+00 -3.422091588000000101e-02
7.440000000000000391e+00 -3.430535554999999959e-02
7.442499999999999893e+00 -3.424771341999999913e-02
7.445000000000000284e+00 -3.433455031000000324e-02
7.447499999999999787e+00 -3.438526682000000306e-02
7.450000000000000178e+00 -3.448689528999999976e-02
7.452499999999999680e+00 -3.442080837000000004e-02
7.455000000000000071e+00 -3.447981882000000081e-02
7.457499999999999574e+00 -3.458731280999999963e-02
7.459999999999999964e+00 -3.461028390999999760e-02
7.462500000000000355e+00 -3.462017056000000342e-02
7.464999999999999858e+00 -3.464150624000000150e-02
7.467500000000000249e+00 -3.467527925000000316e-02
7.469999999999999751e+00 -3.464397128999999881e-02
7.472500000000000142e+00 -3.479739283999999655e-02
7.474999999999999645e+00 -3.483717268000000034e-02
7.477500000000000036e+00 -3.487500649999999980e-02
7.480000000000000426e+00 -3.481591256000000217e-02
7.482499999999999929e+00 -3.491387454000000057e-02
7.485000000000000320e+00 -3.504642202000000234e-02
7.487499999999999822e+00 -3.504875430999999930e-02
7.490000000000000213e+00 -3.503573824999999670e-02
7.492499999999999716e+00 -3.516779772999999859e-02
7.495000000000000107e+00 -3.514302304999999960e-02
7.497499999999999609e+00 -3.516627141999999900e-02
7.500000000000000000e+00 -3.525693568999999777e-02
7.502500000000000391e+00 -3.525804502999999729e-02
7.504999999999999893e+00 -3.540593729000000162e-02
7.507500000000000284e+00 -3.535778791000000060e-02
7.509999999999999787e+00 -3.538975808000000001e-02
7.512500000000000178e+00 -3.545539388999999902e-02
7.514999999999999680e+00 -3.531336443000000075e-02
7.517500000000000071e+00 -3.546962540000000302e-02
7.519999999999999574e+00 -3.562998509000000341e-02
7.522499999999999964e+00 -3.557269817000000001e-02
7.525000000000000355e+00 -3.563538339999999804e-02
7.527499999999999858e+00 -3.575095605999999843e-02
7.530000000000000249e+00 -3.565834696999999748e-02
7.532499999999999751e+00 -3.577437871999999963e-02
7.535000000000000142e+00 -3.579799075000000136e-02
7.537499999999999645e+00 -3.589772916000000258e-02
7.540000000000000036e+00 -3.588396452999999958e-02
7.542500000000000426e+00 -3.600155666000000310e-02
7.544999999999999929e+00 -3.596388530999999888e-02
7.547500000000000320e+00 -3.605144234999999725e-02
7.549999999999999822e+00 -3.598265638999999932e-02
7.552500000000000213e+00 -3.613916670000000275e-02
7.554999999999999716e+00 -3.613388089999999830e-02
7.557500000000000107e+00 -3.616625982999999850e-02
7.559999999999999609e+00 -3.618953426999999695e-02
7.562500000000000000e+00 -3.631407912000000210e-02
7.565000000000000391e+00 -3.633609303000000235e-02
7.567499999999999893e+00 -3.639474543000000006e-02
7.570000000000000284e+00 -3.635483929999999697e-02
7.572499999999999787e+00 -3.649689894000000129e-02
7.575000000000000178e+00 -3.635081503999999797e-02
7.577499999999999680e+00 -3.651113022000000014e-02
7.580000000000000071e+00 -3.657956093999999853e-02
7.582499999999999574e+00 -3.655994393999999897e-02
7.584999999999999964e+00 -3.666015025000000233e-02
7.587500000000000355e+00 -3.669852970999999686e-02
7.589999999999999858e+00 -3.669179253999999696e-02
7.592500000000000249e+00 -3.679486232000000329e-02
7.594999999999999751e+00 -3.679500420000000188e-02
7.597500000000000142e+00 -3.693289132000000113e-02
7.599999999999999645e+00 -3.691083230000000159e-02
7.602500000000000036e+00 -3.698810492000000061e-02
7.605000000000000426e+00 -3.701301053000000119e-02
7.607499999999999929e+00 -3.717966445999999758e-02
7.610000000000000320e+00 -3.709874860000000191e-02
7.612499999999999822e+00 -3.717834767000000040e-02
7.615000000000000213e+00 -3.710591374999999692e-02
7.617499999999999716e+00 -3.725037801000000148e-02
7.620000000000000107e+00 -3.725342380999999842e-02
7.622499999999999609e+00 -3.732165325000000311e-02
7.625000000000000000e+00 -3.742610559000000142e-02
7.627500000000000391e+00 -3.742904395999999828e-02
7.629999999999999893e+00 -3.746109878000000032e-02
7.632500000000000284e+00 -3.750256502000000325e-02
7.634999999999999787e+00 -3.753089490000000028e-02
7.637500000000000178e+00 -3.754625394999999699e-02
7.639999999999999680e+00 -3.759721283999999802e-02
7.642500000000000071e+00 -3.764962824000000347e-02
7.644999999999999574e+00 -3.770014851999999722e-02
7.647499999999999964e+00 -3.786099920000000202e-02
7.650000000000000355e+00 -3.776231089999999846e-02
7.652499999999999858e+00 -3.794257829000000082e-02
7.655000000000000249e+00 -3.786773940000000283e-02
7.657499999999999751e+00 -3.798185595999999803e-02
7.660000000000000142e+00 -3.796157676999999814e-02
7.662499999999999645e+00 -3.801942300999999746e-02
7.665000000000000036e+00 -3.799478040999999806e-02
7.667500000000000426e+00 -3.806868246999999678e-02
7.669999999999999929e+00 -3.814790116999999814e-02
7.672500000000000320e+00 -3.810414191000000006e-02
7.674999999999999822e+00 -3.814061933000000015e-02
7.677500000000000213e+00 -3.824117295999999999e-02
7.679999999999999716e+00 -3.825735601000000013e-02
7.682500000000000107e+00 -3.840330091000000029e-02
7.684999999999999609e+00 -3.843455222000000115e-02
7.687500000000000000e+00 -3.844941629000000333e-02
7.690000000000000391e+00 -3.843869894000000176e-02
7.692499999999999893e+00 -3.854781771000000135e-02
7.695000000000000284e+00 -3.854741708000000017e-02
7.697499999999999787e+00 -3.866425228999999936e-02
7.700000000000000178e+00 -3.876168187000000181e-02
7.702499999999999680e+00 -3.873061146000000149e-02
7.705000000000000071e+00 -3.869054546000000316e-02
7.707499999999999574e+00 -3.881781170999999697e-02
7.709999999999999964e+00 -3.887839995999999715e-02
7.712500000000000355e+00 -3.885940797000000252e-02
7.714999999999999858e+00 -3.888639834000000295e-02
7.717500000000000249e+00 -3.898979855999999689e-02
7.719999999999999751e+00 -3.906046652999999730e-02
7.722500000000000142e+00 -3.893849933000000096e-02
7.724999999999999645e+00 -3.911549204999999890e-02
7.727500000000000036e+00 -3.910819006999999986e-02
7.730000000000000426e+00 -3.925143374000000102e-02
7.732499999999999929e+00 -3.922516000000000197e-02
7.735000000000000320e+00 -3.934360477999999939e-02
7.737499999999999822e+00 -3.927985407000000179e-02
7.740000000000000213e+00 -3.930538956000000084e-02
7.742499999999999716e+00 -3.941772998999999722e-02
7.745000000000000107e+00 -3.940802326000000105e-02
7.747499999999999609e+00 -3.946679195000000334e-02
7.750000000000000000e+00 -3.958301151000000184e-02
7.752500000000000391e+00 -3.959442624000000105e-02
7.754999999999999893e+00 -3.965352004000000097e-02
7.757500000000000284e+00 -3.967127683999999849e-02
7.759999999999999787e+00 -3.975605762000000015e-02
7.762500000000000178e+00 -3.967312400999999794e-02
7.764999999999999680e+00 -3.982479377999999931e-02
7.767500000000000071e+00 -3.988426533000000163e-02
7.769999999999999574e+00 -3.993382959999999815e-02
7.772499999999999964e+00 -3.996439811000000036e-02
7.775000000000000355e+00 -3.994290456999999989e-02
7.777499999999999858e+00 -4.001244793000000022e-02
7.780000000000000249e+00 -4.019631414000000152e-02
7.782499999999999751e+00 -4.019114354000000167e-02
7.785000000000000142e+00 -4.027176634000000088e-02
7.787499999999999645e+00 -4.022789823000000320e-02
7.790000000000000036e+00 -4.019757605999999678e-02
7.792500000000000426e+00 -4.024097975999999660e-02
7.794999999999999929e+00 -4.034431876999999833e-02
7.797500000000000320e+00 -4.039037122999999951e-02
7.799999999999999822e+00 -4.043001073000000029e-02
7.802500000000000213e+00 -4.050092051000000332e-02
7.804999999999999716e+00 -4.053528767999999699e-02
7.807500000000000107e+00 -4.058682049000000153e-02
7.809999999999999609e+00 -4.065679701000000229e-02
7.812500000000000000e+00 -4.065498289999999737e-02
7.815000000000000391e+00 -4.075219853999999947e-02
7.817499999999999893e+00 -4.075427891999999774e-02
7.820000000000000284e+00 -4.082710519999999815e-02
7.822499999999999787e+00 -4.102507717000000026e-02
7.825000000000000178e+00 -4.085197594000000015e-02
7.827499999999999680e+00 -4.093489344000000169e-02
7.830000000000000071e+00 -4.099292839000000244e-02
7.832499999999999574e+00 -4.102779758999999804e-02
7.834999999999999964e+00 -4.112010274999999826e-02
7.837500000000000355e+00 -4.117812388000000046e-02
7.839999999999999858e+00 -4.111919331999999705e-02
7.842500000000000249e+00 -4.129933429000000322e-02
7.844999999999999751e+00 -4.119564835000000258e-02
7.847500000000000142e+00 -4.137120282000000121e-02
7.849999999999999645e+00 -4.135480074999999672e-02
7.852500000000000036e+00 -4.139712655999999713e-02
7.855000000000000426e+00 -4.137867524000000269e-02
7.857499999999999929e+00 -4.139442337000000249e-02
7.860000000000000320e+00 -4.132845656999999812e-02
7.862499999999999822e+00 -4.152887261999999718e-02
7.865000000000000213e+00 -4.168009646000000318e-02
7.867499999999999716e+00 -4.159762021999999920e-02
7.870000000000000107e+00 -4.162638292999999712e-02
7.872499999999999609e+00 -4.180479027999999680e-02
7.875000000000000000e+00 -4.176940168999999925e-02
7.877500000000000391e+00 -4.192794714999999867e-02
7.879999999999999893e+00 -4.190714821000000173e-02
7.882500000000000284e+00 -4.196105849000000138e-02
7.884999999999999787e+00 -4.196798146999999868e-02
7.887500000000000178e+00 -4.201643080999999808e-02
7.889999999999999680e+00 -4.205791317000000251e-02
7.892500000000000071e+00 -4.210634592000000315e-02
7.894999999999999574e+00 -4.211770856000000146e-02
7.897499999999999964e+00 -4.216194095999999808e-02
7.900000000000000355e+00 -4.221868640999999756e-02
7.902499999999999858e+00 -4.233102199000000204e-02
7.905000000000000249e+00 -4.228443897999999840e-02
7.907499999999999751e+00 -4.241832154999999882e-02
7.910000000000000142e+00 -4.250104810000000094e-02
7.912499999999999645e+00 -4.251509424000000231e-02
7.915000000000000036e+00 -4.249882029999999672e-02
7.917500000000000426e+00 -4.254440852000000023e-02
7.919999999999999929e+00 -4.264483659999999954e-02
7.922500000000000320e+00 -4.265907298999999792e-02
7.924999999999999822e+00 -4.280033138000000070e-02
7.927500000000000213e+00 -4.266684644999999693e-02
7.929999999999999716e+00 -4.282360756999999823e-02
7.932500000000000107e+00 -4.287324446000000122e-02
7.934999999999999609e+00 -4.295285173999999900e-02
7.937500000000000000e+00 -4.295907371999999752e-02
7.940000000000000391e+00 -4.298272034000000241e-02
7.942499999999999893e+00 -4.316862416000000202e-02
7.945000000000000284e+00 -4.308321754999999698e-02
7.947499999999999787e+00 -4.315411504000000315e-02
7.950000000000000178e+00 -4.325766502000000235e-02
7.952499999999999680e+00 -4.325745761000000106e-02
7.955000000000000071e+00 -4.339504409000000118e-02
7.957499999999999574e+00 -4.331789071000000102e-02
7.959999999999999964e+00 -4.348030553999999992e-02
7.962500000000000355e+00 -4.341887616000000144e-02
7.964999999999999858e+00 -4.351342732999999990e-02
7.967500000000000249e+00 -4.347370955000000314e-02
7.969999999999999751e+00 -4.362845602999999850e-02
7.972500000000000142e+00 -4.365403123000000107e-02
7.974999999999999645e+00 -4.367463934000000159e-02
7.977500000000000036e+00 -4.367232640000000277e-02
7.980000000000000426e+00 -4.378524846000000220e-02
7.982499999999999929e+00 -4.376865936999999734e-02
7.985000000000000320e+00 -4.385433587999999772e-02
7.987499999999999822e+00 -4.395690316999999875e-02
7.990000000000000213e+00 -4.393189670000000047e-02
7.992499999999999716e+00 -4.399881625999999685e-02
7.995000000000000107e+00 -4.400245749000000067e-02
7.997499999999999609e+00 -4.413309229000000194e-02
8.000000000000000000e+00 -4.408777873999999986e-02
8.002499999999999503e+00 -4.413930778999999860e-02
8.005000000000000782e+00 -4.425559551000000230e-02
8.007500000000000284e+00 -4.425784021000000318e-02
8.009999999999999787e+00 -4.438677449000000275e-02
8.012499999999999289e+00 -4.430438646999999841e-02
8.015000000000000568e+00 -4.452398978000000201e-02
8.017500000000000071e+00 -4.454535233000000288e-02
8.019999999999999574e+00 -4.446292374000000019e-02
8.022500000000000853e+00 -4.458525048999999879e-02
8.025000000000000355e+00 -4.462702310999999700e-02
8.027499999999999858e+00 -4.471443053000000167e-02
8.029999999999999361e+00 -4.472341762999999804e-02
8.032500000000000639e+00 -4.478237429000000297e-02
8.035000000000000142e+00 -4.479936603999999656e-02
8.037499999999999645e+00 -4.479951071999999784e-02
8.039999999999999147e+00 -4.498407086999999666e-02
8.042500000000000426e+00 -4.503033414000000290e-02
8.044999999999999929e+00 -4.496044331000000061e-02
8.047499999999999432e+00 -4.505534675999999655e-02
8.050000000000000711e+00 -4.513393555999999779e-02
8.052500000000000213e+00 -4.525455402999999793e-02
8.054999999999999716e+00 -4.517717076000000304e-02
8.057499999999999218e+00 -4.526302958000000265e-02
8.060000000000000497e+00 -4.526395200999999702e-02
8.062500000000000000e+00 -4.549453993000000113e-02
8.064999999999999503e+00 -4.545928084999999869e-02
8.067500000000000782e+00 -4.543770097000000147e-02
8.070000000000000284e+00 -4.555499950999999936e-02
8.072499999999999787e+00 -4.558128569000000074e-02
8.074999999999999289e+00 -4.568886350000000290e-02
8.077500000000000568e+00 -4.571444130999999939e-02
8.080000000000000071e+00 -4.569324656999999845e-02
8.082499999999999574e+00 -4.579500620000000188e-02
8.085000000000000853e+00 -4.580313555999999953e-02
8.087500000000000355e+00 -4.584014699999999776e-02
8.089999999999999858e+00 -4.584765090000000182e-02
8.092499999999999361e+00 -4.604115805000000283e-02
8.095000000000000639e+00 -4.595234816999999722e-02
8.097500000000000142e+00 -4.598919406000000210e-02
8.099999999999999645e+00 -4.608380961999999914e-02
8.102499999999999147e+00 -4.608910822000000101e-02
8.105000000000000426e+00 -4.621109546999999790e-02
8.107499999999999929e+00 -4.619614566000000005e-02
8.109999999999999432e+00 -4.630575012000000268e-02
8.112500000000000711e+00 -4.639241858999999801e-02
8.115000000000000213e+00 -4.644969037999999856e-02
8.117499999999999716e+00 -4.641797495000000301e-02
8.119999999999999218e+00 -4.642148020999999763e-02
8.122500000000000497e+00 -4.654873019999999917e-02
8.125000000000000000e+00 -4.665834602999999886e-02
8.127499999999999503e+00 -4.653347643999999894e-02
8.130000000000000782e+00 -4.673600179000000215e-02
8.132500000000000284e+00 -4.673602902000000003e-02
8.134999999999999787e+00 -4.671327825999999767e-02
8.137499999999999289e+00 -4.686438958999999960e-02
8.140000000000000568e+00 -4.688993008000000295e-02
8.142500000000000071e+00 -4.691048352999999810e-02
8.144999999999999574e+00 -4.703261208000000110e-02
8.147500000000000853e+00 -4.703804887000000157e-02
8.150000000000000355e+00 -4.707701168000000269e-02
8.152499999999999858e+00 -4.713080407999999805e-02
8.154999999999999361e+00 -4.727599427000000326e-02
8.157500000000000639e+00 -4.727216004999999777e-02
8.160000000000000142e+00 -4.723645363000000125e-02
8.162499999999999645e+00 -4.729185461000000312e-02
8.164999999999999147e+00 -4.745139446999999816e-02
8.167500000000000426e+00 -4.750470903000000161e-02
8.169999999999999929e+00 -4.756039785999999908e-02
8.172499999999999432e+00 -4.757422378000000091e-02
8.175000000000000711e+00 -4.759960385999999904e-02
8.177500000000000213e+00 -4.758078587999999692e-02
8.179999999999999716e+00 -4.786286756000000114e-02
8.182499999999999218e+00 -4.764213275000000331e-02
8.185000000000000497e+00 -4.773985890000000121e-02
8.187500000000000000e+00 -4.783663082999999733e-02
8.189999999999999503e+00 -4.781558756999999826e-02
8.192500000000000782e+00 -4.780414082000000037e-02
8.195000000000000284e+00 -4.793234751000000071e-02
8.197499999999999787e+00 -4.807792849999999868e-02
8.199999999999999289e+00 -4.818730345999999720e-02
8.202500000000000568e+00 -4.814137610000000095e-02
8.205000000000000071e+00 -4.824686848000000333e-02
8.207499999999999574e+00 -4.829771714000000160e-02
8.210000000000000853e+00 -4.832515365000000090e-02
8.212500000000000355e+00 -4.835316865000000019e-02
8.214999999999999858e+00 -4.842975154000000310e-02
8.217499999999999361e+00 -4.840062011000000053e-02
8.220000000000000639e+00 -4.843553452999999759e-02
8.222500000000000142e+00 -4.854780119000000338e-02
8.224999999999999645e+00 -4.862978419999999802e-02
8.227499999999999147e+00 -4.861273187000000190e-02
8.230000000000000426e+00 -4.869081865000000203e-02
8.232499999999999929e+00 -4.880814238000000249e-02
8.234999999999999432e+00 -4.892869771000000340e-02
8.237500000000000711e+00 -4.889733078999999871e-02
8.240000000000000213e+00 -4.891852439000000247e-02
8.242499999999999716e+00 -4.888498850999999784e-02
8.244999999999999218e+00 -4.905410240000000061e-02
8.247500000000000497e+00 -4.897619622999999783e-02
8.250000000000000000e+00 -4.912322108000000132e-02
8.252499999999999503e+00 -4.905163215000000326e-02
8.255000000000000782e+00 -4.913715605999999930e-02
8.257500000000000284e+00 -4.926418737999999770e-02
8.259999999999999787e+00 -4.931092479000000195e-02
8.262499999999999289e+00 -4.924752102999999798e-02
8.265000000000000568e+00 -4.948004862000000142e-02
8.267500000000000071e+00 -4.945530169000000170e-02
8.269999999999999574e+00 -4.955824865999999829e-02
8.272500000000000853e+00 -4.954088867999999896e-02
8.275000000000000355e+00 -4.971274465000000142e-02
8.277499999999999858e+00 -4.960322091000000239e-02
8.279999999999999361e+00 -4.963540867999999967e-02
8.282500000000000639e+00 -4.986548711000000217e-02
8.285000000000000142e+00 -4.987567455999999955e-02
8.287499999999999645e+00 -4.984754349000000001e-02
8.289999999999999147e+00 -4.992829680000000075e-02
8.292500000000000426e+00 -5.002330876000000287e-02
8.294999999999999929e+00 -5.006245756000000241e-02
8.297499999999999432e+00 -5.021457852999999805e-02
8.300000000000000711e+00 -5.011038108000000213e-02
8.302500000000000213e+00 -5.018394844000000077e-02
8.304999999999999716e+00 -5.031246117000000295e-02
8.307499999999999218e+00 -5.042065133000000338e-02
8.310000000000000497e+00 -5.032647306000000154e-02
8.312500000000000000e+00 -5.041288365999999771e-02
8.314999999999999503e+00 -5.036493890999999695e-02
8.317500000000000782e+00 -5.055606049999999962e-02
8.320000000000000284e+00 -5.060789367000000094e-02
8.322499999999999787e+00 -5.063468190999999979e-02
8.324999999999999289e+00 -5.077470720999999881e-02
8.327500000000000568e+00 -5.079860230000000226e-02
8.330000000000000071e+00 -5.076188062999999889e-02
8.332499999999999574e+00 -5.085827743000000123e-02
8.335000000000000853e+00 -5.085369441999999796e-02
8.337500000000000355e+00 -5.106603232000000298e-02
8.339999999999999858e+00 -5.092370632999999869e-02
8.342499999999999361e+00 -5.104753221000000313e-02
8.345000000000000639e+00 -5.110059089999999943e-02
8.347500000000000142e+00 -5.118898957000000277e-02
8.349999999999999645e+00 -5.109861737000000181e-02
8.352499999999999147e+00 -5.116177050000000198e-02
8.355000000000000426e+00 -5.121115358000000173e-02
8.357499999999999929e+00 -5.133597561000000087e-02
8.359999999999999432e+00 -5.147413160000000043e-02
8.362500000000000711e+00 -5.146124632000000088e-02
8.365000000000000213e+00 -5.159743543999999876e-02
8.367499999999999716e+00 -5.158107163000000273e-02
8.369999999999999218e+00 -5.170070128999999792e-02
8.372500000000000497e+00 -5.176165726000000328e-02
8.375000000000000000e+00 -5.175373921999999738e-02
8.377499999999999503e+00 -5.181654762000000025e-02
8.380000000000000782e+00 -5.189611515999999897e-02
8.382500000000000284e+00 -5.185685845000000127e-02
8.384999999999999787e+00 -5.197994672999999705e-02
8.387499999999999289e+00 -5.209074878000000131e-02
8.390000000000000568e+00 -5.205949566000000334e-02
8.392500000000000071e+00 -5.209888061000000209e-02
8.394999999999999574e+00 -5.231115403000000108e-02
8.397500000000000853e+00 -5.221203415000000292e-02
8.400000000000000355e+00 -5.224452245999999800e-02
8.402499999999999858e+00 -5.231948379000000288e-02
8.404999999999999361e+00 -5.244481915000000216e-02
8.407500000000000639e+00 -5.240314466999999865e-02
8.410000000000000142e+00 -5.251679915000000143e-02
8.412499999999999645e+00 -5.265112663000000304e-02
8.414999999999999147e+00 -5.265795296999999792e-02
8.417500000000000426e+00 -5.275492726000000077e-02
8.419999999999999929e+00 -5.272570534999999892e-02
8.422499999999999432e+00 -5.278351164000000262e-02
8.425000000000000711e+00 -5.280658654999999951e-02
8.427500000000000213e+00 -5.275356887000000328e-02
8.429999999999999716e+00 -5.304676893000000171e-02
8.432499999999999218e+00 -5.300153704999999854e-02
8.435000000000000497e+00 -5.307393249999999701e-02
8.437500000000000000e+00 -5.317070498999999784e-02
8.439999999999999503e+00 -5.323899658000000312e-02
8.442500000000000782e+00 -5.320146527999999875e-02
8.445000000000000284e+00 -5.336829058999999903e-02
8.447499999999999787e+00 -5.339074199999999798e-02
8.449999999999999289e+00 -5.353674843999999683e-02
8.452500000000000568e+00 -5.345819321999999846e-02
8.455000000000000071e+00 -5.340598182999999749e-02
8.457499999999999574e+00 -5.367074555999999663e-02
8.460000000000000853e+00 -5.366261809999999660e-02
8.462500000000000355e+00 -5.366303953999999876e-02
8.464999999999999858e+00 -5.388601227999999937e-02
8.467499999999999361e+00 -5.380950285999999694e-02
8.470000000000000639e+00 -5.380739466000000054e-02
8.472500000000000142e+00 -5.390679779000000227e-02
8.474999999999999645e+00 -5.388751910000000311e-02
8.477499999999999147e+00 -5.398305806999999928e-02
8.480000000000000426e+00 -5.404791132000000276e-02
8.482499999999999929e+00 -5.414490653000000181e-02
8.484999999999999432e+00 -5.429425289999999932e-02
8.487500000000000711e+00 -5.419584805000000199e-02
8.490000000000000213e+00 -5.426327594000000115e-02
8.492499999999999716e+00 -5.436743257999999968e-02
8.494999999999999218e+00 -5.449183341000000264e-02
8.497500000000000497e+00 -5.452079077000000079e-02
8.500000000000000000e+00 -5.456972751999999982e-02
8.502499999999999503e+00 -5.460893380000000213e-02
8.505000000000000782e+00 -5.469826826000000197e-02
8.507500000000000284e+00 -5.473888376000000250e-02
8.509999999999999787e+00 -5.467525916999999708e-02
8.512499999999999289e+00 -5.482908577000000089e-02
8.515000000000000568e+00 -5.501912536999999798e-02
8.517500000000000071e+00 -5.493567766000000130e-02
8.519999999999999574e+00 -5.491449939000000308e-02
8.522500000000000853e+00 -5.513639496000000140e-02
8.525000000000000355e+00 -5.506601415000000194e-02
8.527499999999999858e+00 -5.515511009000000076e-02
8.529999999999999361e+00 -5.527756252999999759e-02
8.532500000000000639e+00 -5.545623510000000089e-02
8.535000000000000142e+00 -5.537836617999999933e-02
8.537499999999999645e+00 -5.545114823999999776e-02
8.539999999999999147e+00 -5.544552967000000027e-02
8.542500000000000426e+00 -5.556955946000000091e-02
8.544999999999999929e+00 -5.554846649999999747e-02
8.547499999999999432e+00 -5.572706780000000193e-02
8.550000000000000711e+00 -5.567769726999999974e-02
8.552500000000000213e+00 -5.581586077999999701e-02
8.554999999999999716e+00 -5.580239549999999743e-02
8.557499999999999218e+00 -5.589043707000000000e-02
8.560000000000000497e+00 -5.599538066000000341e-02
8.562500000000000000e+00 -5.608561681000000243e-02
8.564999999999999503e+00 -5.612341807000000016e-02
8.567500000000000782e+00 -5.600397842000000292e-02
8.570000000000000284e+00 -5.616539752000000024e-02
8.572499999999999787e+00 -5.618018062999999979e-02
8.574999999999999289e+00 -5.620778862999999820e-02
8.577500000000000568e+00 -5.644516134000000102e-02
8.580000000000000071e+00 -5.634116647000000228e-02
8.582499999999999574e+00 -5.636600016999999962e-02
8.585000000000000853e+00 -5.664710234999999899e-02
8.587500000000000355e+00 -5.657919134000000128e-02
8.589999999999999858e+00 -5.660890133999999657e-02
8.592499999999999361e+00 -5.668256650999999730e-02
8.595000000000000639e+00 -5.677433162000000005e-02
8.597500000000000142e+00 -5.679845775000000319e-02
8.599999999999999645e+00 -5.696151336000000037e-02
8.602499999999999147e+00 -5.692113630000000118e-02
8.605000000000000426e+00 -5.702084065000000146e-02
8.607499999999999929e+00 -5.715869576999999674e-02
8.609999999999999432e+00 -5.710335577999999662e-02
8.612500000000000711e+00 -5.718428177999999862e-02
8.615000000000000213e+00 -5.711782141999999923e-02
8.617499999999999716e+00 -5.741686567999999824e-02
8.619999999999999218e+00 -5.727731596999999925e-02
8.622500000000000497e+00 -5.737565314999999722e-02
8.625000000000000000e+00 -5.744322760000000055e-02
8.627499999999999503e+00 -5.769835305999999886e-02
8.630000000000000782e+00 -5.752329054000000080e-02
8.632500000000000284e+00 -5.769639381000000317e-02
8.634999999999999787e+00 -5.777517103999999654e-02
8.637499999999999289e+00 -5.773288395000000101e-02
8.640000000000000568e+00 -5.781954756999999750e-02
8.642500000000000071e+00 -5.790711727000000253e-02
8.644999999999999574e+00 -5.799981455000000063e-02
8.647500000000000853e+00 -5.809410337999999785e-02
8.650000000000000355e+00 -5.798593344999999899e-02
8.652499999999999858e+00 -5.813833297999999872e-02
8.654999999999999361e+00 -5.829706616000000091e-02
8.657500000000000639e+00 -5.836411301000000301e-02
8.660000000000000142e+00 -5.819400343000000198e-02
8.662499999999999645e+00 -5.838777497000000039e-02
8.664999999999999147e+00 -5.841580408000000141e-02
8.667500000000000426e+00 -5.859017838000000339e-02
8.669999999999999929e+00 -5.855136335999999719e-02
8.672499999999999432e+00 -5.868079084999999750e-02
8.675000000000000711e+00 -5.875044665999999693e-02
8.677500000000000213e+00 -5.873636883000000336e-02
8.679999999999999716e+00 -5.889939966999999804e-02
8.682499999999999218e+00 -5.879222418999999894e-02
8.685000000000000497e+00 -5.890239172000000245e-02
8.687500000000000000e+00 -5.883682553999999842e-02
8.689999999999999503e+00 -5.908171201000000233e-02
8.692500000000000782e+00 -5.913070497000000314e-02
8.695000000000000284e+00 -5.908749968000000241e-02
8.697499999999999787e+00 -5.936407638999999931e-02
8.699999999999999289e+00 -5.940139925000000043e-02
8.702500000000000568e+00 -5.943224419999999786e-02
8.705000000000000071e+00 -5.938375522000000073e-02
8.707499999999999574e+00 -5.955183473000000283e-02
8.710000000000000853e+00 -5.965884926000000060e-02
8.712500000000000355e+00 -5.969085279999999938e-02
8.714999999999999858e+00 -5.953866869999999839e-02
8.717499999999999361e+00 -5.965833361000000279e-02
8.720000000000000639e+00 -5.980950659999999947e-02
8.722500000000000142e+00 -5.974839356000000157e-02
8.724999999999999645e+00 -5.989618725999999727e-02
8.727499999999999147e+00 -5.984976976999999837e-02
8.730000000000000426e+00 -6.014256376999999737e-02
8.732499999999999929e+00 -6.008728995999999822e-02
8.734999999999999432e+00 -6.014310932999999970e-02
8.737500000000000711e+00 -6.015993230999999719e-02
8.740000000000000213e+00 -6.029893716000000320e-02
8.742499999999999716e+00 -6.028625935000000297e-02
8.744999999999999218e+00 -6.051994941999999655e-02
8.747500000000000497e+00 -6.055080621000000218e-02
8.750000000000000000e+00 -6.065342273000000339e-02
8.752499999999999503e+00 -6.050784426999999965e-02
8.755000000000000782e+00 -6.070738130000000177e-02
8.757500000000000284e+00 -6.076839581000000046e-02
8.759999999999999787e+00 -6.074803080999999910e-02
8.762499999999999289e+00 -6.087057660999999759e-02
8.765000000000000568e+00 -6.090408238000000196e-02
8.767500000000000071e+00 -6.121342674000000011e-02
8.769999999999999574e+00 -6.097908475000000245e-02
8.772500000000000853e+00 -6.113924819000000205e-02
8.775000000000000355e+00 -6.126235607000000277e-02
8.777499999999999858e+00 -6.129105927000000342e-02
8.779999999999999361e+00 -6.129168674999999761e-02
8.782500000000000639e+00 -6.137431278000000240e-02
8.785000000000000142e+00 -6.146279136999999865e-02
8.787499999999999645e+00 -6.152972679000000278e-02
8.789999999999999147e+00 -6.157171919999999965e-02
8.792500000000000426e+00 -6.149769717999999802e-02
8.794999999999999929e+00 -6.179881304999999825e-02
8.797499999999999432e+00 -6.177895276999999935e-02
8.800000000000000711e+00 -6.180376810000000332e-02
8.802500000000000213e+00 -6.182568766000000327e-02
8.804999999999999716e+00 -6.198343816000000117e-02
8.807499999999999218e+00 -6.207055639000000347e-02
8.810000000000000497e+00 -6.215042392999999693e-02
8.812500000000000000e+00 -6.224477037000000074e-02
8.814999999999999503e+00 -6.228019909000000187e-02
8.817500000000000782e+00 -6.230540835000000083e-02
8.820000000000000284e+00 -6.231123387000000319e-02
8.822499999999999787e+00 -6.239467062000000203e-02
8.824999999999999289e+00 -6.239987207000000091e-02
8.827500000000000568e+00 -6.255616962000000447e-02
8.830000000000000071e+00 -6.245700136000000013e-02
8.832499999999999574e+00 -6.272159559999999912e-02
8.835000000000000853e+00 -6.282281951000000253e-02
8.837500000000000355e+00 -6.275484085999999406e-02
8.839999999999999858e+00 -6.298186779000000679e-02
8.842499999999999361e+00 -6.294148428000000128e-02
8.845000000000000639e+00 -6.289708255999999775e-02
8.847500000000000142e+00 -6.305128236000000219e-02
8.849999999999999645e+00 -6.320718234000000102e-02
8.852499999999999147e+00 -6.325969222999999753e-02
8.855000000000000426e+00 -6.318374171000000483e-02
8.857499999999999929e+00 -6.334990849999999618e-02
8.859999999999999432e+00 -6.326074328000000357e-02
8.862500000000000711e+00 -6.357787911999999986e-02
8.865000000000000213e+00 -6.346258193999999853e-02
8.867499999999999716e+00 -6.375192898999999802e-02
8.869999999999999218e+00 -6.356016087999999398e-02
8.872500000000000497e+00 -6.378575863999999540e-02
8.875000000000000000e+00 -6.390123433000000075e-02
8.877499999999999503e+00 -6.391895740000000381e-02
8.880000000000000782e+00 -6.392436411000000651e-02
8.882500000000000284e+00 -6.394115810000000621e-02
8.884999999999999787e+00 -6.412760415000000325e-02
8.887499999999999289e+00 -6.426596476000000224e-02
8.890000000000000568e+00 -6.408692259999999863e-02
8.892500000000000071e+00 -6.439174687000000230e-02
8.894999999999999574e+00 -6.440881452999999701e-02
8.897500000000000853e+00 -6.431630543999999894e-02
8.900000000000000355e+00 -6.454466575999999456e-02
8.902499999999999858e+00 -6.458333199999999330e-02
8.904999999999999361e+00 -6.455233914999999878e-02
8.907500000000000639e+00 -6.468595175999999891e-02
8.910000000000000142e+00 -6.463270158999999404e-02
8.912499999999999645e+00 -6.490550579999999903e-02
8.914999999999999147e+00 -6.489393877000000643e-02
8.917500000000000426e+00 -6.488936858999999613e-02
8.919999999999999929e+00 -6.500198586000000001e-02
8.922499999999999432e+00 -6.508956405999999362e-02
8.925000000000000711e+00 -6.523018252999999989e-02
8.927500000000000213e+00 -6.520612637000000600e-02
8.929999999999999716e+00 -6.531158326000000014e-02
8.932499999999999218e+00 -6.535506956999999340e-02
8.935000000000000497e+00 -6.549990410000000596e-02
8.937500000000000000e+00 -6.547741488000000110e-02
8.939999999999999503e+00 -6.568874683000000547e-02
8.942500000000000782e+00 -6.570097849000000600e-02
8.945000000000000284e+00 -6.582013846999999751e-02
8.947499999999999787e+00 -6.581044893000000118e-02
8.949999999999999289e+00 -6.588778017999999403e-02
8.952500000000000568e+00 -6.588864850999999467e-02
8.955000000000000071e+00 -6.589762260999999788e-02
8.957499999999999574e+00 -6.611113757000000590e-02
8.960000000000000853e+00 -6.616835431999999739e-02
8.962500000000000355e+00 -6.612458608000000571e-02
8.964999999999999858e+00 -6.624641360999999895e-02
8.967499999999999361e+00 -6.632083977000000075e-02
8.970000000000000639e+00 -6.644259887999999503e-02
8.972500000000000142e+00 -6.642474033999999639e-02
8.974999999999999645e+00 -6.655150547999999500e-02
8.977499999999999147e+00 -6.670898962000000598e-02
8.980000000000000426e+00 -6.668137744999999561e-02
8.982499999999999929e+00 -6.665456326999999459e-02
8.984999999999999432e+00 -6.687756060999999752e-02
8.987500000000000711e+00 -6.695425884000000272e-02
8.990000000000000213e+00 -6.704328779000000293e-02
8.992499999999999716e+00 -6.711293987999999988e-02
8.994999999999999218e+00 -6.717830361000000361e-02
8.997500000000000497e+00 -6.724955800000000095e-02
9.000000000000000000e+00 -6.732898998000000357e-02
9.002499999999999503e+00 -6.731391428999999871e-02
9.005000000000000782e+00 -6.751558108999999863e-02
9.007500000000000284e+00 -6.731226593000000369e-02
9.009999999999999787e+00 -6.752516137000000307e-02
9.012499999999999289e+00 -6.761536224000000428e-02
9.015000000000000568e+00 -6.768199447000000646e-02
9.017500000000000071e+00 -6.777598450999999802e-02
9.019999999999999574e+00 -6.784288314000000431e-02
9.022500000000000853e+00 -6.785229169999999754e-02
9.025000000000000355e+00 -6.804189355999999689e-02
9.027499999999999858e+00 -6.801302294000000082e-02
9.029999999999999361e+00 -6.815011807000000144e-02
9.032500000000000639e+00 -6.815104824999999866e-02
9.035000000000000142e+00 -6.849582966999999412e-02
9.037499999999999645e+00 -6.846402852999999844e-02
9.039999999999999147e+00 -6.832689818999999887e-02
9.042500000000000426e+00 -6.858049590999999723e-02
9.044999999999999929e+00 -6.858448811999999506e-02
9.047499999999999432e+00 -6.862151538999999856e-02
9.050000000000000711e+00 -6.869936150000000019e-02
9.052500000000000213e+00 -6.881086032000000019e-02
9.054999999999999716e+00 -6.890525279999999697e-02
9.057499999999999218e+00 -6.899872999999999423e-02
9.060000000000000497e+00 -6.899321958000000088e-02
9.062500000000000000e+00 -6.911269355000000669e-02
9.064999999999999503e+00 -6.922934866999999604e-02
9.067500000000000782e+00 -6.911880693999999936e-02
9.070000000000000284e+00 -6.926914061000000178e-02
9.072499999999999787e+00 -6.947976697999999618e-02
9.074999999999999289e+00 -6.952178271999999437e-02
9.077500000000000568e+00 -6.947068438999999540e-02
9.080000000000000071e+00 -6.952291481000000273e-02
9.082499999999999574e+00 -6.964878986000000438e-02
9.085000000000000853e+00 -6.989182888000000649e-02
9.087500000000000355e+00 -6.955193525000000210e-02
9.089999999999999858e+00 -6.977685276999999464e-02
9.092499999999999361e+00 -6.991161434999999813e-02
9.095000000000000639e+00 -6.999922641000000390e-02
9.097500000000000142e+00 -7.017064340999999705e-02
9.099999999999999645e+00 -7.015736096999999893e-02
9.102499999999999147e+00 -7.017759229999999404e-02
9.105000000000000426e+00 -7.046015182999999793e-02
9.107499999999999929e+00 -7.044233652999999651e-02
9.109999999999999432e+00 -7.058774819999999450e-02
9.112500000000000711e+00 -7.061215298999999612e-02
9.115000000000000213e+00 -7.064449957000000502e-02
9.117499999999999716e+00 -7.072927166999999626e-02
9.119999999999999218e+00 -7.098004025000000106e-02
9.122500000000000497e+00 -7.075511241000000118e-02
9.125000000000000000e+00 -7.077546528000000503e-02
9.127499999999999503e+00 -7.101146808000000088e-02
9.130000000000000782e+00 -7.113877780999999789e-02
9.132500000000000284e+00 -7.125450461000000513e-02
9.134999999999999787e+00 -7.126411006999999742e-02
9.137499999999999289e+00 -7.143649232000000293e-02
9.140000000000000568e+00 -7.140837210000000601e-02
9.142500000000000071e+00 -7.151685363000000184e-02
9.144999999999999574e+00 -7.170268308999999674e-02
9.147500000000000853e+00 -7.178921765000000066e-02
9.150000000000000355e+00 -7.174885406000000576e-02
9.152499999999999858e+00 -7.172965679999999955e-02
9.154999999999999361e+00 -7.189150097999999489e-02
9.157500000000000639e+00 -7.181974273999999769e-02
9.160000000000000142e+00 -7.202802370999999981e-02
9.162499999999999645e+00 -7.210079640000000012e-02
9.164999999999999147e+00 -7.245303662999999506e-02
9.167500000000000426e+00 -7.233165021000000083e-02
9.169999999999999929e+00 -7.228621024999999645e-02
9.172499999999999432e+00 -7.254201616000000019e-02
9.175000000000000711e+00 -7.253434372000000518e-02
9.177500000000000213e+00 -7.267222775999999940e-02
9.179999999999999716e+00 -7.266615221000000124e-02
9.182499999999999218e+00 -7.283037064000000282e-02
9.185000000000000497e+00 -7.286024838999999309e-02
9.187500000000000000e+00 -7.293038754000000234e-02
9.189999999999999503e+00 -7.300321161999999420e-02
9.192500000000000782e+00 -7.304119790999999418e-02
9.195000000000000284e+00 -7.288393722000000019e-02
9.197499999999999787e+00 -7.326611213000000511e-02
9.199999999999999289e+00 -7.330375299999999927e-02
9.202500000000000568e+00 -7.345415332999999380e-02
9.205000000000000071e+00 -7.353600787000000305e-02
9.207499999999999574e+00 -7.344514717000000248e-02
9.210000000000000853e+00 -7.364170624999999415e-02
9.212500000000000355e+00 -7.361593796000000245e-02
9.214999999999999858e+00 -7.370392189999999677e-02
9.217499999999999361e+00 -7.389349522999999476e-02
9.220000000000000639e+00 -7.398607279999999675e-02
9.222500000000000142e+00 -7.385331444999999884e-02
9.224999999999999645e+00 -7.410984699000000564e-02
9.227499999999999147e+00 -7.431346146999999458e-02
9.230000000000000426e+00 -7.418626621000000421e-02
9.232499999999999929e+00 -7.427401357000000537e-02
9.234999999999999432e+00 -7.455039539999999687e-02
9.237500000000000711e+00 -7.460336498000000316e-02
9.240000000000000213e+00 -7.460659683999999736e-02
9.242499999999999716e+00 -7.476313059000000427e-02
9.244999999999999218e+00 -7.482786150999999608e-02
9.247500000000000497e+00 -7.476356250000000536e-02
9.250000000000000000e+00 -7.490488149000000540e-02
9.252499999999999503e+00 -7.505077059999999689e-02
9.255000000000000782e+00 -7.510696378999999478e-02
9.257500000000000284e+00 -7.518714426000000506e-02
9.259999999999999787e+00 -7.511683857999999769e-02
9.262499999999999289e+00 -7.521377143000000653e-02
9.265000000000000568e+00 -7.524647581000000474e-02
9.267500000000000071e+00 -7.541723364999999846e-02
9.269999999999999574e+00 -7.546728730000000496e-02
9.272500000000000853e+00 -7.579978179999999344e-02
9.275000000000000355e+00 -7.582432907000000166e-02
9.277499999999999858e+00 -7.575317676999999972e-02
9.279999999999999361e+00 -7.598232427999999927e-02
9.282500000000000639e+00 -7.589185837999999629e-02
9.285000000000000142e+00 -7.607547815000000047e-02
9.287499999999999645e+00 -7.596131171000000681e-02
9.289999999999999147e+00 -7.612247071000000087e-02
9.292500000000000426e+00 -7.633721139999999350e-02
9.294999999999999929e+00 -7.644700930999999422e-02
9.297499999999999432e+00 -7.649215382000000563e-02
9.300000000000000711e+00 -7.660311626999999346e-02
9.302500000000000213e+00 -7.662732846000000486e-02
9.304999999999999716e+00 -7.669887136000000383e-02
9.307499999999999218e+00 -7.684166687000000551e-02
9.310000000000000497e+00 -7.682270187999999667e-02
9.312500000000000000e+00 -7.700707867000000650e-02
9.314999999999999503e+00 -7.715811319000000224e-02
9.317500000000000782e+00 -7.712552816999999894e-02
9.320000000000000284e+00 -7.710954156999999531e-02
9.322499999999999787e+00 -7.720452177999999333e-02
9.324999999999999289e+00 -7.757221344999999657e-02
9.327500000000000568e+00 -7.733634207999999510e-02
9.330000000000000071e+00 -7.759490013000000519e-02
9.332499999999999574e+00 -7.772026575000000326e-02
9.335000000000000853e+00 -7.774158928999999607e-02
9.337500000000000355e+00 -7.789423959999999814e-02
9.339999999999999858e+00 -7.778165633000000412e-02
9.342499999999999361e+00 -7.812406282999999341e-02
9.345000000000000639e+00 -7.811705897000000010e-02
9.347500000000000142e+00 -7.816303897000000112e-02
9.349999999999999645e+00 -7.829102038000000652e-02
9.352499999999999147e+00 -7.826633973999999605e-02
9.355000000000000426e+00 -7.845193805000000298e-02
9.357499999999999929e+00 -7.842969650000000681e-02
9.359999999999999432e+00 -7.871401158000000675e-02
9.362500000000000711e+00 -7.862512590999999607e-02
9.365000000000000213e+00 -7.871008197999999900e-02
9.367499999999999716e+00 -7.887522665000000488e-02
9.369999999999999218e+00 -7.903156018000000171e-02
9.372500000000000497e+00 -7.893414484999999869e-02
9.375000000000000000e+00 -7.913738170999999599e-02
9.377499999999999503e+00 -7.928816704999999687e-02
9.380000000000000782e+00 -7.932795301999999438e-02
9.382500000000000284e+00 -7.934523059999999683e-02
9.384999999999999787e+00 -7.944708888000000246e-02
9.387499999999999289e+00 -7.954141134000000668e-02
9.390000000000000568e+00 -7.969013610000000303e-02
9.392500000000000071e+00 -7.978580651000000135e-02
9.394999999999999574e+00 -7.986295763999999575e-02
9.397500000000000853e+00 -7.992381482999999509e-02
9.400000000000000355e+00 -8.015526487999999339e-02
9.402499999999999858e+00 -7.998362487000000576e-02
9.404999999999999361e+00 -8.013210797000000496e-02
9.407500000000000639e+00 -8.018613003999999767e-02
9.410000000000000142e+00 -8.033801152000000223e-02
9.412499999999999645e+00 -8.034443814000000184e-02
9.414999999999999147e+00 -8.048018912000000358e-02
9.417500000000000426e+00 -8.071043193000000671e-02
9.419999999999999929e+00 -8.054647976999999848e-02
9.422499999999999432e+00 -8.086511923000000435e-02
9.425000000000000711e+00 -8.096797390000000372e-02
9.427500000000000213e+00 -8.112594253999999561e-02
9.429999999999999716e+00 -8.114910734999999931e-02
9.432499999999999218e+00 -8.111112652999999395e-02
9.435000000000000497e+00 -8.115104329000000227e-02
9.437500000000000000e+00 -8.137990477999999805e-02
9.439999999999999503e+00 -8.135845586999999879e-02
9.442500000000000782e+00 -8.160987693000000542e-02
9.445000000000000284e+00 -8.166829780999999844e-02
9.447499999999999787e+00 -8.190338764000000549e-02
9.449999999999999289e+00 -8.195090117999999368e-02
9.452500000000000568e+00 -8.181423025999999543e-02
9.455000000000000071e+00 -8.204266195999999900e-02
9.457499999999999574e+00 -8.210825914000000059e-02
9.460000000000000853e+00 -8.212265102000000649e-02
9.462500000000000355e+00 -8.243114873000000065e-02
9.464999999999999858e+00 -8.248035758999999745e-02
9.467499999999999361e+00 -8.254153408000000636e-02
9.470000000000000639e+00 -8.246139854999999519e-02
9.472500000000000142e+00 -8.280089995999999342e-02
9.474999999999999645e+00 -8.266373862999999711e-02
9.477499999999999147e+00 -8.280540078999999720e-02
9.480000000000000426e+00 -8.301113263999999881e-02
9.482499999999999929e+00 -8.291726363000000155e-02
9.484999999999999432e+00 -8.314701185999999467e-02
9.487500000000000711e+00 -8.311859611999999897e-02
9.490000000000000213e+00 -8.322641956000000063e-02
9.492499999999999716e+00 -8.346851836999999441e-02
9.494999999999999218e+00 -8.364247355999999967e-02
9.497500000000000497e+00 -8.358396546000000649e-02
9.500000000000000000e+00 -8.364871140000000593e-02
9.502499999999999503e+00 -8.378793336999999786e-02
9.505000000000000782e+00 -8.389972392000000223e-02
9.507500000000000284e+00 -8.398502719000000560e-02
9.509999999999999787e+00 -8.426671410000000084e-02
9.512499999999999289e+00 -8.415334544999999999e-02
9.515000000000000568e+00 -8.431629276999999534e-02
9.517500000000000071e+00 -8.445953295999999999e-02
9.519999999999999574e+00 -8.468956556999999996e-02
9.522500000000000853e+00 -8.455379708999999355e-02
9.525000000000000355e+00 -8.469249346000000400e-02
9.527499999999999858e+00 -8.484720362000000571e-02
9.529999999999999361e+00 -8.481484390000000595e-02
9.532500000000000639e+00 -8.496315210999999534e-02
9.535000000000000142e+00 -8.500684614999999555e-02
9.537499999999999645e+00 -8.525307155000000359e-02
9.539999999999999147e+00 -8.513220546999999971e-02
9.542500000000000426e+00 -8.524732191000000681e-02
9.544999999999999929e+00 -8.536212870999999869e-02
9.547499999999999432e+00 -8.551177188000000373e-02
9.550000000000000711e+00 -8.572595366000000661e-02
9.552500000000000213e+00 -8.582182458999999819e-02
9.554999999999999716e+00 -8.588034643000000412e-02
9.557499999999999218e+00 -8.587493408999999356e-02
9.560000000000000497e+00 -8.597369891999999403e-02
9.562500000000000000e+00 -8.608437581000000227e-02
9.564999999999999503e+00 -8.618900281999999913e-02
9.567500000000000782e+00 -8.636481666999999696e-02
9.570000000000000284e+00 -8.657781986000000207e-02
9.572499999999999787e+00 -8.643274664000000218e-02
9.574999999999999289e+00 -8.662570533999999767e-02
9.577500000000000568e+00 -8.673430159999999389e-02
9.580000000000000071e+00 -8.670553038000000656e-02
9.582499999999999574e+00 -8.676301342999999389e-02
9.585000000000000853e+00 -8.706559969999999593e-02
9.587500000000000355e+00 -8.711906578000000456e-02
9.589999999999999858e+00 -8.724538069999999979e-02
9.592499999999999361e+00 -8.726896536000000593e-02
9.595000000000000639e+00 -8.726679370999999852e-02
9.597500000000000142e+00 -8.758618175000000561e-02
9.599999999999999645e+00 -8.748206394999999413e-02
9.602499999999999147e+00 -8.769120720999999674e-02
9.605000000000000426e+00 -8.772274597000000174e-02
9.607499999999999929e+00 -8.804956070000000135e-02
9.609999999999999432e+00 -8.809453827999999542e-02
9.612500000000000711e+00 -8.806211345999999385e-02
9.615000000000000213e+00 -8.817783111999999424e-02
9.617499999999999716e+00 -8.836711086000000048e-02
9.619999999999999218e+00 -8.845597059000000206e-02
9.622500000000000497e+00 -8.853419136000000023e-02
9.625000000000000000e+00 -8.835365818000000260e-02
9.627499999999999503e+00 -8.866158116000000255e-02
9.630000000000000782e+00 -8.892616056999999574e-02
9.632500000000000284e+00 -8.900451781000000284e-02
9.634999999999999787e+00 -8.909068833000000076e-02
9.637499999999999289e+00 -8.938155033000000360e-02
9.640000000000000568e+00 -8.912649639000000401e-02
9.642500000000000071e+00 -8.925629321000000393e-02
9.644999999999999574e+00 -8.939047976000000229e-02
9.647500000000000853e+00 -8.961320372000000645e-02
9.650000000000000355e+00 -8.958454338999999322e-02
9.652499999999999858e+00 -8.966711825999999774e-02
9.654999999999999361e+00 -8.981755939999999661e-02
9.657500000000000639e+00 -9.000689414000000166e-02
9.660000000000000142e+00 -9.007157400000000147e-02
9.662499999999999645e+00 -9.020972831000000081e-02
9.664999999999999147e+00 -9.023514667000000211e-02
9.667500000000000426e+00 -9.029964875000000279e-02
9.669999999999999929e+00 -9.036795531999999853e-02
9.672499999999999432e+00 -9.069922375000000203e-02
9.675000000000000711e+00 -9.074342087999999473e-02
9.677500000000000213e+00 -9.061371846000000618e-02
9.679999999999999716e+00 -9.081686445000000663e-02
9.682499999999999218e+00 -9.108163737999999676e-02
9.685000000000000497e+00 -9.092478531000000586e-02
9.687500000000000000e+00 -9.126542081999999834e-02
9.689999999999999503e+00 -9.135633881999999373e-02
9.692500000000000782e+00 -9.142121773000000395e-02
9.695000000000000284e+00 -9.165503470999999958e-02
9.697499999999999787e+00 -9.167508631000000074e-02
9.699999999999999289e+00 -9.171427494999999375e-02
9.702500000000000568e+00 -9.182387229999999789e-02
9.705000000000000071e+00 -9.200300303000000235e-02
9.707499999999999574e+00 -9.213794648999999726e-02
9.710000000000000853e+00 -9.227037247000000053e-02
9.712500000000000355e+00 -9.245946395000000095e-02
9.714999999999999858e+00 -9.237731589000000576e-02
9.717499999999999361e+00 -9.244018710000000139e-02
9.720000000000000639e+00 -9.268448094999999498e-02
9.722500000000000142e+00 -9.264964007999999807e-02
9.724999999999999645e+00 -9.277556048000000499e-02
9.727499999999999147e+00 -9.309081364000000580e-02
9.730000000000000426e+00 -9.309832111000000687e-02
9.732499999999999929e+00 -9.324788784000000164e-02
9.734999999999999432e+00 -9.323018680000000336e-02
9.737500000000000711e+00 -9.348245602999999404e-02
9.740000000000000213e+00 -9.350100270000000213e-02
9.742499999999999716e+00 -9.363240421000000591e-02
9.744999999999999218e+00 -9.391653221000000051e-02
9.747500000000000497e+00 -9.389274395999999689e-02
9.750000000000000000e+00 -9.403336156000000057e-02
9.752499999999999503e+00 -9.414546257000000473e-02
9.755000000000000782e+00 -9.407678663000000607e-02
9.757500000000000284e+00 -9.428112991999999803e-02
9.759999999999999787e+00 -9.436160611999999670e-02
9.762499999999999289e+00 -9.450493065999999998e-02
9.765000000000000568e+00 -9.469627977000000252e-02
9.767500000000000071e+00 -9.487166750999999343e-02
9.769999999999999574e+00 -9.464224241999999454e-02
9.772500000000000853e+00 -9.480570322999999633e-02
9.775000000000000355e+00 -9.493499937999999583e-02
9.777499999999999858e+00 -9.533680681999999462e-02
9.779999999999999361e+00 -9.541693448000000688e-02
9.782500000000000639e+00 -9.527166332000000515e-02
9.785000000000000142e+00 -9.539904180000000067e-02
9.787499999999999645e+00 -9.564926037000000270e-02
9.789999999999999147e+00 -9.587710939000000654e-02
9.792500000000000426e+00 -9.584829199000000077e-02
9.794999999999999929e+00 -9.613142115999999404e-02
9.797499999999999432e+00 -9.608159797000000168e-02
9.800000000000000711e+00 -9.619460283000000334e-02
9.802500000000000213e+00 -9.621638533000000104e-02
9.804999999999999716e+00 -9.645415486000000205e-02
9.807499999999999218e+00 -9.665511534000000016e-02
9.810000000000000497e+00 -9.654610912000000100e-02
9.812500000000000000e+00 -9.684589119000000523e-02
9.814999999999999503e+00 -9.697021021000000462e-02
9.817500000000000782e+00 -9.711087051000000248e-02
9.820000000000000284e+00 -9.720753902999999807e-02
9.822499999999999787e+00 -9.717625767000000192e-02
9.824999999999999289e+00 -9.734270842999999396e-02
9.827500000000000568e+00 -9.721068799000000260e-02
9.830000000000000071e+00 -9.761299897000000336e-02
9.832499999999999574e+00 -9.777377377000000258e-02
9.835000000000000853e+00 -9.770631174999999669e-02
9.837500000000000355e+00 -9.794713342999999961e-02
9.839999999999999858e+00 -9.809824306999999355e-02
9.842499999999999361e+00 -9.821427408999999775e-02
9.845000000000000639e+00 -9.821308637999999480e-02
9.847500000000000142e+00 -9.856350144000000646e-02
9.849999999999999645e+00 -9.844160441999999511e-02
9.852499999999999147e+00 -9.862227360000000442e-02
9.855000000000000426e+00 -9.889789320000000328e-02
9.857499999999999929e+00 -9.886629325000000079e-02
9.859999999999999432e+00 -9.903690145000000611e-02
9.862500000000000711e+00 -9.919423541999999872e-02
9.865000000000000213e+00 -9.916728552999999613e-02
9.867499999999999716e+00 -9.959622616999999623e-02
9.869999999999999218e+00 -9.962237530999999702e-02
9.872500000000000497e+00 -9.943929428000000681e-02
9.875000000000000000e+00 -9.969295144999999747e-02
9.877499999999999503e+00 -9.999824357000000608e-02
9.880000000000000782e+00 -9.986077722000000212e-02
9.882500000000000284e+00 -1.000385341000000067e-01
9.884999999999999787e+00 -1.001209042999999937e-01
9.887499999999999289e+00 -1.005286534000000009e-01
9.890000000000000568e+00 -1.004931356999999997e-01
9.892500000000000071e+00 -1.005242170999999934e-01
9.894999999999999574e+00 -1.006023266999999943e-01
9.897500000000000853e+00 -1.010215083000000069e-01
9.900000000000000355e+00 -1.010090649000000007e-01
9.902499999999999858e+00 -1.012055906000000061e-01
9.904999999999999361e+00 -1.010032656999999973e-01
9.907500000000000639e+00 -1.014104581000000033e-01
9.910000000000000142e+00 -1.015574020999999993e-01
9.912499999999999645e+00 -1.016766337000000048e-01
9.914999999999999147e+00 -1.016422076000000063e-01
9.917500000000000426e+00 -1.018807902000000015e-01
9.919999999999999929e+00 -1.018154072999999937e-01
9.922499999999999432e+00 -1.021681078999999992e-01
9.925000000000000711e+00 -1.023621651999999937e-01
9.927500000000000213e+00 -1.023969284999999979e-01
9.929999999999999716e+00 -1.024639594999999931e-01
9.932499999999999218e+00 -1.025612746999999964e-01
9.935000000000000497e+00 -1.027751011000000020e-01
9.937500000000000000e+00 -1.027750159000000024e-01
9.939999999999999503e+00 -1.029586757999999963e-01
9.942500000000000782e+00 -1.031365030999999988e-01
9.945000000000000284e+00 -1.032023296999999978e-01
9.947499999999999787e+00 -1.035222825000000069e-01
9.949999999999999289e+00 -1.038827744999999969e-01
9.952500000000000568e+00 -1.034789500000000001e-01
9.955000000000000071e+00 -1.036468314999999946e-01
9.957499999999999574e+00 -1.037833174999999997e-01
9.960000000000000853e+00 -1.040844410999999942e-01
9.962500000000000355e+00 -1.040065471999999935e-01
9.964999999999999858e+00 -1.042982677000000025e-01
9.967499999999999361e+00 -1.047228879000000057e-01
9.970000000000000639e+00 -1.045047932999999957e-01
9.972500000000000142e+00 -1.045952648999999984e-01
9.974999999999999645e+00 -1.048135396999999996e-01
9.977499999999999147e+00 -1.049435781000000040e-01
9.980000000000000426e+00 -1.049048191000000047e-01
9.982499999999999929e+00 -1.052406518999999957e-01
9.984999999999999432e+00 -1.052950160999999996e-01
9.987500000000000711e+00 -1.052250103000000048e-01
9.990000000000000213e+00 -1.054934810000000001e-01
9.992499999999999716e+00 -1.057169614999999979e-01
9.994999999999999218e+00 -1.057431687999999953e-01
9.997500000000000497e+00 -1.058783855999999995e-01
1.000000000000000000e+01 -1.061226118000000024e-01
