0.000000000000000000e+00 1.736010575999999972e-01
2.500000000000000052e-03 1.734553447999999942e-01
5.000000000000000104e-03 1.734587129000000061e-01
7.499999999999999722e-03 1.736111619000000050e-01
1.000000000000000021e-02 1.728258534000000068e-01
1.250000000000000069e-02 1.731255227999999868e-01
1.499999999999999944e-02 1.726342027999999973e-01
1.750000000000000167e-02 1.723528720999999986e-01
2.000000000000000042e-02 1.723418965000000080e-01
2.249999999999999917e-02 1.719353063000000070e-01
2.500000000000000139e-02 1.718429187000000136e-01
2.750000000000000014e-02 1.713418184000000122e-01
2.999999999999999889e-02 1.713283217999999886e-01
3.250000000000000111e-02 1.714280565000000089e-01
3.500000000000000333e-02 1.708035870000000067e-01
3.749999999999999861e-02 1.707751499999999867e-01
4.000000000000000083e-02 1.702912696999999975e-01
4.250000000000000305e-02 1.703919403999999971e-01
4.499999999999999833e-02 1.700908583999999890e-01
4.750000000000000056e-02 1.699717172000000109e-01
5.000000000000000278e-02 1.698694186999999967e-01
5.249999999999999806e-02 1.694992775999999979e-01
5.500000000000000028e-02 1.693575066999999934e-01
5.750000000000000250e-02 1.689395089999999877e-01
5.999999999999999778e-02 1.689943566999999869e-01
6.250000000000000000e-02 1.687423533999999892e-01
6.500000000000000222e-02 1.682819210000000010e-01
6.750000000000000444e-02 1.682493140999999914e-01
7.000000000000000666e-02 1.678423886000000032e-01
7.249999999999999500e-02 1.676914983999999997e-01
7.499999999999999722e-02 1.675966416000000125e-01
7.749999999999999944e-02 1.672107563999999935e-01
8.000000000000000167e-02 1.670253908999999870e-01
8.250000000000000389e-02 1.668252691000000065e-01
8.500000000000000611e-02 1.666533652999999948e-01
8.749999999999999445e-02 1.666083348999999880e-01
8.999999999999999667e-02 1.662276125000000104e-01
9.249999999999999889e-02 1.660815063999999952e-01
9.500000000000000111e-02 1.660646856000000116e-01
9.750000000000000333e-02 1.660404038999999943e-01
1.000000000000000056e-01 1.657224291999999932e-01
1.024999999999999939e-01 1.651610346999999868e-01
1.049999999999999961e-01 1.650210652000000111e-01
1.074999999999999983e-01 1.649336801999999880e-01
1.100000000000000006e-01 1.644700487999999905e-01
1.125000000000000028e-01 1.648185014000000115e-01
1.150000000000000050e-01 1.644037298000000091e-01
1.174999999999999933e-01 1.639907952000000113e-01
1.199999999999999956e-01 1.638335582000000068e-01
1.224999999999999978e-01 1.636971134999999911e-01
1.250000000000000000e-01 1.638307045000000073e-01
1.275000000000000022e-01 1.633888062999999946e-01
1.300000000000000044e-01 1.631366348000000133e-01
1.325000000000000067e-01 1.629800029000000039e-01
1.350000000000000089e-01 1.631959353000000112e-01
1.375000000000000111e-01 1.621966098000000023e-01
1.400000000000000133e-01 1.623153451999999886e-01
1.424999999999999878e-01 1.620858317999999965e-01
1.449999999999999900e-01 1.619614336000000099e-01
1.474999999999999922e-01 1.616359578000000075e-01
1.499999999999999944e-01 1.612415604999999919e-01
1.524999999999999967e-01 1.613853496000000054e-01
1.549999999999999989e-01 1.611717025000000136e-01
1.575000000000000011e-01 1.611891420999999880e-01
1.600000000000000033e-01 1.607477032000000083e-01
1.625000000000000056e-01 1.606187574000000062e-01
1.650000000000000078e-01 1.604395403999999969e-01
1.675000000000000100e-01 1.602854596999999937e-01
1.700000000000000122e-01 1.600121918999999893e-01
1.724999999999999867e-01 1.597591691999999952e-01
1.749999999999999889e-01 1.593752335999999992e-01
1.774999999999999911e-01 1.596579851000000105e-01
1.799999999999999933e-01 1.590429433999999975e-01
1.824999999999999956e-01 1.590430160999999898e-01
1.849999999999999978e-01 1.587957496999999885e-01
1.875000000000000000e-01 1.584068707000000076e-01
1.900000000000000022e-01 1.584647100000000086e-01
1.925000000000000044e-01 1.582500411999999967e-01
1.950000000000000067e-01 1.580967065999999976e-01
1.975000000000000089e-01 1.580574619000000014e-01
2.000000000000000111e-01 1.576731657999999869e-01
2.025000000000000133e-01 1.575002017999999893e-01
2.049999999999999878e-01 1.572228125000000032e-01
2.074999999999999900e-01 1.571364415000000014e-01
2.099999999999999922e-01 1.567362231999999966e-01
2.124999999999999944e-01 1.568754679999999901e-01
2.149999999999999967e-01 1.567476482999999865e-01
2.174999999999999989e-01 1.563813652999999915e-01
2.200000000000000011e-01 1.565660259999999970e-01
2.225000000000000033e-01 1.555818213999999866e-01
2.250000000000000056e-01 1.558315769999999989e-01
2.275000000000000078e-01 1.557331765999999951e-01
2.300000000000000100e-01 1.553288395000000099e-01
2.325000000000000122e-01 1.550710747000000056e-01
2.349999999999999867e-01 1.552869665000000121e-01
2.374999999999999889e-01 1.550828454000000023e-01
2.399999999999999911e-01 1.545533611999999890e-01
2.424999999999999933e-01 1.543582692000000089e-01
2.449999999999999956e-01 1.545682881999999869e-01
2.474999999999999978e-01 1.541714442999999879e-01
2.500000000000000000e-01 1.542185481999999996e-01
2.525000000000000022e-01 1.536746838999999976e-01
2.550000000000000044e-01 1.535041303000000135e-01
2.575000000000000067e-01 1.534043297999999889e-01
2.600000000000000089e-01 1.531527480000000052e-01
2.625000000000000111e-01 1.531022268999999991e-01
2.650000000000000133e-01 1.531521851000000045e-01
2.675000000000000155e-01 1.526308266999999996e-01
2.700000000000000178e-01 1.524771675000000104e-01
2.725000000000000200e-01 1.525731154999999950e-01
2.750000000000000222e-01 1.523055150000000024e-01
2.775000000000000244e-01 1.520558173000000068e-01
2.800000000000000266e-01 1.517107401999999994e-01
2.824999999999999734e-01 1.517003252999999940e-01
2.849999999999999756e-01 1.513455103999999940e-01
2.874999999999999778e-01 1.513474063999999952e-01
2.899999999999999800e-01 1.511758267999999961e-01
2.924999999999999822e-01 1.509033086000000079e-01
2.949999999999999845e-01 1.507186031999999953e-01
2.974999999999999867e-01 1.504049839000000111e-01
2.999999999999999889e-01 1.505986407999999888e-01
3.024999999999999911e-01 1.503958870000000059e-01
3.049999999999999933e-01 1.503048989000000113e-01
3.074999999999999956e-01 1.496726526000000113e-01
3.099999999999999978e-01 1.497088125999999908e-01
3.125000000000000000e-01 1.494575105000000015e-01
3.150000000000000022e-01 1.495408514999999883e-01
3.175000000000000044e-01 1.493175378999999914e-01
3.200000000000000067e-01 1.489199565000000058e-01
3.225000000000000089e-01 1.489635900999999873e-01
3.250000000000000111e-01 1.484914351999999937e-01
3.275000000000000133e-01 1.485225189000000112e-01
3.300000000000000155e-01 1.483720884999999989e-01
3.325000000000000178e-01 1.478829537999999943e-01
3.350000000000000200e-01 1.479165930000000129e-01
3.375000000000000222e-01 1.478865845000000012e-01
3.400000000000000244e-01 1.477877881000000115e-01
3.425000000000000266e-01 1.476812720000000023e-01
3.449999999999999734e-01 1.477182468999999887e-01
3.474999999999999756e-01 1.470290445000000112e-01
3.499999999999999778e-01 1.468110113999999966e-01
3.524999999999999800e-01 1.467495644000000043e-01
3.549999999999999822e-01 1.465728393999999879e-01
3.574999999999999845e-01 1.466004673000000091e-01
3.599999999999999867e-01 1.460024071000000090e-01
3.624999999999999889e-01 1.462043171000000086e-01
3.649999999999999911e-01 1.457999815000000088e-01
3.674999999999999933e-01 1.458861391000000063e-01
3.699999999999999956e-01 1.454402794000000110e-01
3.724999999999999978e-01 1.455938575000000068e-01
3.750000000000000000e-01 1.452576949000000117e-01
3.775000000000000022e-01 1.451797891000000118e-01
3.800000000000000044e-01 1.448320233000000012e-01
3.825000000000000067e-01 1.445660173999999965e-01
3.850000000000000089e-01 1.444405481999999907e-01
3.875000000000000111e-01 1.443542791999999908e-01
3.900000000000000133e-01 1.441263928000000027e-01
3.925000000000000155e-01 1.441099530999999934e-01
3.950000000000000178e-01 1.440780868000000048e-01
3.975000000000000200e-01 1.437083190000000010e-01
4.000000000000000222e-01 1.435777632000000137e-01
4.025000000000000244e-01 1.434843127000000051e-01
4.050000000000000266e-01 1.433954165999999919e-01
4.074999999999999734e-01 1.430128364000000096e-01
4.099999999999999756e-01 1.428619646000000021e-01
4.124999999999999778e-01 1.427683932000000100e-01
4.149999999999999800e-01 1.424977451999999978e-01
4.174999999999999822e-01 1.428283666999999868e-01
4.199999999999999845e-01 1.425253655000000008e-01
4.224999999999999867e-01 1.422201629000000023e-01
4.249999999999999889e-01 1.420354077000000048e-01
4.274999999999999911e-01 1.421165128000000111e-01
4.299999999999999933e-01 1.416839980000000054e-01
4.324999999999999956e-01 1.414516751000000072e-01
4.349999999999999978e-01 1.413172071000000085e-01
4.375000000000000000e-01 1.411727687999999870e-01
4.400000000000000022e-01 1.411609434999999968e-01
4.425000000000000044e-01 1.408620010999999950e-01
4.450000000000000067e-01 1.407599313000000019e-01
4.475000000000000089e-01 1.405670481000000083e-01
4.500000000000000111e-01 1.405158628000000021e-01
4.525000000000000133e-01 1.401479724999999954e-01
4.550000000000000155e-01 1.396954378999999968e-01
4.575000000000000178e-01 1.397354573000000044e-01
4.600000000000000200e-01 1.396157224000000030e-01
4.625000000000000222e-01 1.396153511999999874e-01
4.650000000000000244e-01 1.395059555000000007e-01
4.675000000000000266e-01 1.394637162000000041e-01
4.699999999999999734e-01 1.391836233000000034e-01
4.724999999999999756e-01 1.391797901999999865e-01
4.749999999999999778e-01 1.388821254000000005e-01
4.774999999999999800e-01 1.387140715000000080e-01
4.799999999999999822e-01 1.386682361000000085e-01
4.824999999999999845e-01 1.381679288999999866e-01
4.849999999999999867e-01 1.383084246999999878e-01
4.874999999999999889e-01 1.380319562000000000e-01
4.899999999999999911e-01 1.379064737000000040e-01
4.924999999999999933e-01 1.376028219000000052e-01
4.949999999999999956e-01 1.375839137000000045e-01
4.974999999999999978e-01 1.373462937000000106e-01
5.000000000000000000e-01 1.373813959000000084e-01
5.024999999999999467e-01 1.370799865000000006e-01
5.050000000000000044e-01 1.371309000000000000e-01
5.074999999999999512e-01 1.368863943999999999e-01
5.100000000000000089e-01 1.364594195999999926e-01
5.124999999999999556e-01 1.364541320000000058e-01
5.150000000000000133e-01 1.362695254999999883e-01
5.174999999999999600e-01 1.362451528999999995e-01
5.200000000000000178e-01 1.359015748000000079e-01
5.224999999999999645e-01 1.356672479000000098e-01
5.250000000000000222e-01 1.356369738000000047e-01
5.274999999999999689e-01 1.354589505999999888e-01
5.300000000000000266e-01 1.351977960999999895e-01
5.324999999999999734e-01 1.351489614999999977e-01
5.350000000000000311e-01 1.350784676000000017e-01
5.374999999999999778e-01 1.348842486999999868e-01
5.400000000000000355e-01 1.346772374000000105e-01
5.424999999999999822e-01 1.346166373999999888e-01
5.450000000000000400e-01 1.345378396999999948e-01
5.474999999999999867e-01 1.343723736000000113e-01
5.500000000000000444e-01 1.344183837000000048e-01
5.524999999999999911e-01 1.337369438999999882e-01
5.550000000000000488e-01 1.338160703999999868e-01
5.574999999999999956e-01 1.337813684999999975e-01
5.600000000000000533e-01 1.335051158999999987e-01
5.625000000000000000e-01 1.336466000000000043e-01
5.649999999999999467e-01 1.333640208999999910e-01
5.675000000000000044e-01 1.332405486000000083e-01
5.699999999999999512e-01 1.329274655000000083e-01
5.725000000000000089e-01 1.329091769000000089e-01
5.749999999999999556e-01 1.326083445000000027e-01
5.775000000000000133e-01 1.328073696000000026e-01
5.799999999999999600e-01 1.321927982999999973e-01
5.825000000000000178e-01 1.323222889000000013e-01
5.849999999999999645e-01 1.323594093999999888e-01
5.875000000000000222e-01 1.319724267999999867e-01
5.899999999999999689e-01 1.317369093000000102e-01
5.925000000000000266e-01 1.318299948999999971e-01
5.949999999999999734e-01 1.312260145999999961e-01
5.975000000000000311e-01 1.313298015999999901e-01
5.999999999999999778e-01 1.313042061999999954e-01
6.025000000000000355e-01 1.310624951999999899e-01
6.049999999999999822e-01 1.312426979999999910e-01
6.075000000000000400e-01 1.306292796999999895e-01
6.099999999999999867e-01 1.307538725999999873e-01
6.125000000000000444e-01 1.307113612999999952e-01
6.149999999999999911e-01 1.303835744000000074e-01
6.175000000000000488e-01 1.302960850000000059e-01
6.199999999999999956e-01 1.299133108999999953e-01
6.225000000000000533e-01 1.299400180999999987e-01
6.250000000000000000e-01 1.298784765000000063e-01
6.274999999999999467e-01 1.297728070999999983e-01
6.300000000000000044e-01 1.297289896999999914e-01
6.324999999999999512e-01 1.293286778000000137e-01
6.350000000000000089e-01 1.292888103000000011e-01
6.374999999999999556e-01 1.291449228000000060e-01
6.400000000000000133e-01 1.288716088999999898e-01
6.424999999999999600e-01 1.286394918000000054e-01
6.450000000000000178e-01 1.285637645000000107e-01
6.474999999999999645e-01 1.285386732000000087e-01
6.500000000000000222e-01 1.283379278000000012e-01
6.524999999999999689e-01 1.283649790999999984e-01
6.550000000000000266e-01 1.279848899000000095e-01
6.574999999999999734e-01 1.278793914999999948e-01
6.600000000000000311e-01 1.276667726999999863e-01
6.624999999999999778e-01 1.275774556000000004e-01
6.650000000000000355e-01 1.276829355999999915e-01
6.674999999999999822e-01 1.273768503999999913e-01
6.700000000000000400e-01 1.270569736000000116e-01
6.724999999999999867e-01 1.270224812000000092e-01
6.750000000000000444e-01 1.269520754000000029e-01
6.774999999999999911e-01 1.270355904999999896e-01
6.800000000000000488e-01 1.266441178999999917e-01
6.824999999999999956e-01 1.268394736000000023e-01
6.850000000000000533e-01 1.265147933999999919e-01
6.875000000000000000e-01 1.263800116000000084e-01
6.899999999999999467e-01 1.259596124000000039e-01
6.925000000000000044e-01 1.260050078999999934e-01
6.949999999999999512e-01 1.258371266999999960e-01
6.975000000000000089e-01 1.257224922000000078e-01
6.999999999999999556e-01 1.256181325999999876e-01
7.025000000000000133e-01 1.252727714999999908e-01
7.049999999999999600e-01 1.254021915999999903e-01
7.075000000000000178e-01 1.250012557000000080e-01
7.099999999999999645e-01 1.252607947000000110e-01
7.125000000000000222e-01 1.248402547999999945e-01
7.149999999999999689e-01 1.247649618999999988e-01
7.175000000000000266e-01 1.246657444999999947e-01
7.199999999999999734e-01 1.243995992000000023e-01
7.225000000000000311e-01 1.243341646000000050e-01
7.249999999999999778e-01 1.242580296999999945e-01
7.275000000000000355e-01 1.240199475000000051e-01
7.299999999999999822e-01 1.239375382999999969e-01
7.325000000000000400e-01 1.237937372000000036e-01
7.349999999999999867e-01 1.236260693000000022e-01
7.375000000000000444e-01 1.235966376000000033e-01
7.399999999999999911e-01 1.233378759000000047e-01
7.425000000000000488e-01 1.232368214999999961e-01
7.449999999999999956e-01 1.229984982000000004e-01
7.475000000000000533e-01 1.229306341000000052e-01
7.500000000000000000e-01 1.228954156000000020e-01
7.524999999999999467e-01 1.226765870000000036e-01
7.550000000000000044e-01 1.228390508000000020e-01
7.574999999999999512e-01 1.226410733000000003e-01
7.600000000000000089e-01 1.223675934000000021e-01
7.624999999999999556e-01 1.221860211000000002e-01
7.650000000000000133e-01 1.221025116000000049e-01
7.674999999999999600e-01 1.218624425999999955e-01
7.700000000000000178e-01 1.219272832999999945e-01
7.724999999999999645e-01 1.214700355999999981e-01
7.750000000000000222e-01 1.214854390999999950e-01
7.774999999999999689e-01 1.214087773000000064e-01
7.800000000000000266e-01 1.213067243999999961e-01
7.824999999999999734e-01 1.212119888000000034e-01
7.850000000000000311e-01 1.210723533000000046e-01
7.874999999999999778e-01 1.209291891000000008e-01
7.900000000000000355e-01 1.207821517000000067e-01
7.924999999999999822e-01 1.206017748000000056e-01
7.950000000000000400e-01 1.205780547000000064e-01
7.974999999999999867e-01 1.205547631999999980e-01
8.000000000000000444e-01 1.202742653000000023e-01
8.024999999999999911e-01 1.201722013999999977e-01
8.050000000000000488e-01 1.201806115000000064e-01
8.074999999999999956e-01 1.198809843000000069e-01
8.100000000000000533e-01 1.199232803000000042e-01
8.125000000000000000e-01 1.196257324999999982e-01
8.149999999999999467e-01 1.196107738999999948e-01
8.175000000000000044e-01 1.192367381999999976e-01
8.199999999999999512e-01 1.192017560000000059e-01
8.225000000000000089e-01 1.191057474000000033e-01
8.249999999999999556e-01 1.189576331000000015e-01
8.275000000000000133e-01 1.189349501000000059e-01
8.299999999999999600e-01 1.189561301999999959e-01
8.325000000000000178e-01 1.185883442999999954e-01
8.349999999999999645e-01 1.184476235999999960e-01
8.375000000000000222e-01 1.186442875999999952e-01
8.399999999999999689e-01 1.181826059999999956e-01
8.425000000000000266e-01 1.180458491000000026e-01
8.449999999999999734e-01 1.179937722999999938e-01
8.475000000000000311e-01 1.179001390000000010e-01
8.499999999999999778e-01 1.175992747000000060e-01
8.525000000000000355e-01 1.175751490000000038e-01
8.549999999999999822e-01 1.175069534000000027e-01
8.575000000000000400e-01 1.174931419999999949e-01
8.599999999999999867e-01 1.171662693999999949e-01
8.625000000000000444e-01 1.171040450000000038e-01
8.649999999999999911e-01 1.169420144000000022e-01
8.675000000000000488e-01 1.166290519999999969e-01
8.699999999999999956e-01 1.168226507999999969e-01
8.725000000000000533e-01 1.166930154000000025e-01
8.750000000000000000e-01 1.165101573000000001e-01
8.774999999999999467e-01 1.162609946000000005e-01
8.800000000000000044e-01 1.163209397000000006e-01
8.824999999999999512e-01 1.160950860000000001e-01
8.850000000000000089e-01 1.157903462000000050e-01
8.874999999999999556e-01 1.157598697000000038e-01
8.900000000000000133e-01 1.157094216000000009e-01
8.924999999999999600e-01 1.154943915999999959e-01
8.950000000000000178e-01 1.152885195000000057e-01
8.974999999999999645e-01 1.151924336999999993e-01
9.000000000000000222e-01 1.152885651999999983e-01
9.024999999999999689e-01 1.153096928999999965e-01
9.050000000000000266e-01 1.149558138999999951e-01
9.074999999999999734e-01 1.150574451999999970e-01
9.100000000000000311e-01 1.146771681000000043e-01
9.124999999999999778e-01 1.147110835000000051e-01
9.150000000000000355e-01 1.144909558000000022e-01
9.174999999999999822e-01 1.143436340999999939e-01
9.200000000000000400e-01 1.142041663000000068e-01
9.224999999999999867e-01 1.141728090000000001e-01
9.250000000000000444e-01 1.138369882000000027e-01
9.274999999999999911e-01 1.139456984999999978e-01
9.300000000000000488e-01 1.137833439999999946e-01
9.324999999999999956e-01 1.138755419000000019e-01
9.350000000000000533e-01 1.134812986999999967e-01
9.375000000000000000e-01 1.134258352000000053e-01
9.399999999999999467e-01 1.132786830000000050e-01
9.425000000000000044e-01 1.131004961000000031e-01
9.449999999999999512e-01 1.130714944000000000e-01
9.475000000000000089e-01 1.129056115999999971e-01
9.499999999999999556e-01 1.125628662000000002e-01
9.525000000000000133e-01 1.127643693999999946e-01
9.549999999999999600e-01 1.124449596999999995e-01
9.575000000000000178e-01 1.122464043999999994e-01
9.599999999999999645e-01 1.122160586000000015e-01
9.625000000000000222e-01 1.121921433000000051e-01
9.649999999999999689e-01 1.120863497000000042e-01
9.675000000000000266e-01 1.119504023999999959e-01
9.699999999999999734e-01 1.117623034999999931e-01
9.725000000000000311e-01 1.116738654999999969e-01
9.749999999999999778e-01 1.116474239999999951e-01
9.775000000000000355e-01 1.115705456000000012e-01
9.799999999999999822e-01 1.111962680999999953e-01
9.825000000000000400e-01 1.111974698000000039e-01
9.849999999999999867e-01 1.108610882999999936e-01
9.875000000000000444e-01 1.111174409000000030e-01
9.899999999999999911e-01 1.109061992999999940e-01
9.925000000000000488e-01 1.107897122999999956e-01
9.949999999999999956e-01 1.106522419999999979e-01
9.975000000000000533e-01 1.104555083999999993e-01
1.000000000000000000e+00 1.102631421000000028e-01
1.002499999999999947e+00 1.102882124999999963e-01
1.004999999999999893e+00 1.102662420999999948e-01
1.007500000000000062e+00 1.101575107000000026e-01
1.010000000000000009e+00 1.099447815999999994e-01
1.012499999999999956e+00 1.098655610000000005e-01
1.014999999999999902e+00 1.095736474999999960e-01
1.017500000000000071e+00 1.095519739999999964e-01
1.020000000000000018e+00 1.095140792999999974e-01
1.022499999999999964e+00 1.093568268000000010e-01
1.024999999999999911e+00 1.091050976000000061e-01
1.027500000000000080e+00 1.091120307999999955e-01
1.030000000000000027e+00 1.090852340000000031e-01
1.032499999999999973e+00 1.090778317999999969e-01
1.034999999999999920e+00 1.087119056000000056e-01
1.037500000000000089e+00 1.086475186000000065e-01
1.040000000000000036e+00 1.088036658999999989e-01
1.042499999999999982e+00 1.083384250000000021e-01
1.044999999999999929e+00 1.082942127000000032e-01
1.047500000000000098e+00 1.081594817999999986e-01
1.050000000000000044e+00 1.081208064000000052e-01
1.052499999999999991e+00 1.080282315999999965e-01
1.054999999999999938e+00 1.078435642000000055e-01
1.057500000000000107e+00 1.079266797999999944e-01
1.060000000000000053e+00 1.074439204999999981e-01
1.062500000000000000e+00 1.076167122000000059e-01
1.064999999999999947e+00 1.074590133999999975e-01
1.067499999999999893e+00 1.073640696999999949e-01
1.070000000000000062e+00 1.070221591000000000e-01
1.072500000000000009e+00 1.072220326999999973e-01
1.074999999999999956e+00 1.068333919999999992e-01
1.077499999999999902e+00 1.066674529999999954e-01
1.080000000000000071e+00 1.068283673999999989e-01
1.082500000000000018e+00 1.066222822999999958e-01
1.084999999999999964e+00 1.065415997999999975e-01
1.087499999999999911e+00 1.064522685999999968e-01
1.090000000000000080e+00 1.064170314999999950e-01
1.092500000000000027e+00 1.062183975000000058e-01
1.094999999999999973e+00 1.061425571000000068e-01
1.097499999999999920e+00 1.059083742000000022e-01
1.100000000000000089e+00 1.059023303999999943e-01
1.102500000000000036e+00 1.053830008999999956e-01
1.104999999999999982e+00 1.057600773999999993e-01
1.107499999999999929e+00 1.053686342000000054e-01
1.110000000000000098e+00 1.054727545999999960e-01
1.112500000000000044e+00 1.051736203000000064e-01
1.114999999999999991e+00 1.050501236000000033e-01
1.117499999999999938e+00 1.051707927000000015e-01
1.120000000000000107e+00 1.049450543000000069e-01
1.122500000000000053e+00 1.051075156000000066e-01
1.125000000000000000e+00 1.046694066999999950e-01
1.127499999999999947e+00 1.046844296999999979e-01
1.129999999999999893e+00 1.046390709000000058e-01
1.132500000000000062e+00 1.044264059000000050e-01
1.135000000000000009e+00 1.042763527999999995e-01
1.137499999999999956e+00 1.045669312000000045e-01
1.139999999999999902e+00 1.039491751999999936e-01
1.142500000000000071e+00 1.040541452000000033e-01
1.145000000000000018e+00 1.038283651000000002e-01
1.147499999999999964e+00 1.036827671999999978e-01
1.149999999999999911e+00 1.035658713000000009e-01
1.152500000000000080e+00 1.033748840000000002e-01
1.155000000000000027e+00 1.034904977999999975e-01
1.157499999999999973e+00 1.032379316999999935e-01
1.159999999999999920e+00 1.031287859000000057e-01
1.162500000000000089e+00 1.030261135000000022e-01
1.165000000000000036e+00 1.031494126999999983e-01
1.167499999999999982e+00 1.029361728999999975e-01
1.169999999999999929e+00 1.028945005999999940e-01
1.172500000000000098e+00 1.026661657000000061e-01
1.175000000000000044e+00 1.027424787000000006e-01
1.177499999999999991e+00 1.024526414999999968e-01
1.179999999999999938e+00 1.023137077000000061e-01
1.182500000000000107e+00 1.023241956000000008e-01
1.185000000000000053e+00 1.020509371000000026e-01
1.187500000000000000e+00 1.018853707999999997e-01
1.189999999999999947e+00 1.019427940000000032e-01
1.192499999999999893e+00 1.018052334999999947e-01
1.195000000000000062e+00 1.017427246000000007e-01
1.197500000000000009e+00 1.014143876000000027e-01
1.199999999999999956e+00 1.014309914999999979e-01
1.202499999999999902e+00 1.013059215000000068e-01
1.205000000000000071e+00 1.013974329000000008e-01
1.207500000000000018e+00 1.013390690999999982e-01
1.209999999999999964e+00 1.011612550000000055e-01
1.212499999999999911e+00 1.011676469000000050e-01
1.215000000000000080e+00 1.010637531000000006e-01
1.217500000000000027e+00 1.006259781999999936e-01
1.219999999999999973e+00 1.006258520999999961e-01
1.222499999999999920e+00 1.005686241000000036e-01
1.225000000000000089e+00 1.002149301000000020e-01
1.227500000000000036e+00 1.001989704999999981e-01
1.229999999999999982e+00 1.003029550999999936e-01
1.232499999999999929e+00 1.003860231999999936e-01
1.235000000000000098e+00 1.001020234000000037e-01
1.237500000000000044e+00 9.996211859999999672e-02
1.239999999999999991e+00 1.000330061999999964e-01
1.242499999999999938e+00 9.959233733000000255e-02
1.245000000000000107e+00 9.972885607999999735e-02
1.247500000000000053e+00 9.953798268999999865e-02
1.250000000000000000e+00 9.934768194000000163e-02
1.252499999999999947e+00 9.938988229999999591e-02
1.254999999999999893e+00 9.923611421000000377e-02
1.257500000000000062e+00 9.899136359000000607e-02
1.260000000000000009e+00 9.916234985999999862e-02
1.262499999999999956e+00 9.901004408999999895e-02
1.264999999999999902e+00 9.889396050000000271e-02
1.267500000000000071e+00 9.876479438999999361e-02
1.270000000000000018e+00 9.873548165999999904e-02
1.272499999999999964e+00 9.826616793999999599e-02
1.274999999999999911e+00 9.845781156999999784e-02
1.277500000000000080e+00 9.812637043999999920e-02
1.280000000000000027e+00 9.811710103000000072e-02
1.282499999999999973e+00 9.827923025000000201e-02
1.284999999999999920e+00 9.813298436999999541e-02
1.287500000000000089e+00 9.782172655000000161e-02
1.290000000000000036e+00 9.769173651000000180e-02
1.292499999999999982e+00 9.782760768999999856e-02
1.294999999999999929e+00 9.762007407999999387e-02
1.297500000000000098e+00 9.736858784999999350e-02
1.300000000000000044e+00 9.747428097999999430e-02
1.302499999999999991e+00 9.722273977999999761e-02
1.304999999999999938e+00 9.724239551999999676e-02
1.307500000000000107e+00 9.709504442999999929e-02
1.310000000000000053e+00 9.694870198999999689e-02
1.312500000000000000e+00 9.680796374000000259e-02
1.314999999999999947e+00 9.665755397000000415e-02
1.317499999999999893e+00 9.667588689999999374e-02
1.320000000000000062e+00 9.646126850000000252e-02
1.322500000000000009e+00 9.640222790999999902e-02
1.324999999999999956e+00 9.627294597999999648e-02
1.327499999999999902e+00 9.616299065000000201e-02
1.330000000000000071e+00 9.626369938999999876e-02
1.332500000000000018e+00 9.595761188000000164e-02
1.334999999999999964e+00 9.601748754000000163e-02
1.337499999999999911e+00 9.582195907000000401e-02
1.340000000000000080e+00 9.584534981999999481e-02
1.342500000000000027e+00 9.563606985000000504e-02
1.344999999999999973e+00 9.549320343999999350e-02
1.347499999999999920e+00 9.548091459999999420e-02
1.350000000000000089e+00 9.517096906999999995e-02
1.352500000000000036e+00 9.526447389000000654e-02
1.354999999999999982e+00 9.505115953999999923e-02
1.357499999999999929e+00 9.497436864000000090e-02
1.360000000000000098e+00 9.493465181000000641e-02
1.362500000000000044e+00 9.471157494000000121e-02
1.364999999999999991e+00 9.477677365999999382e-02
1.367499999999999938e+00 9.478654934999999893e-02
1.370000000000000107e+00 9.464458884000000183e-02
1.372500000000000053e+00 9.445899308999999855e-02
1.375000000000000000e+00 9.434230592999999498e-02
1.377499999999999947e+00 9.412193661999999905e-02
1.379999999999999893e+00 9.412420458999999628e-02
1.382500000000000062e+00 9.386289080000000118e-02
1.385000000000000009e+00 9.397261564999999373e-02
1.387499999999999956e+00 9.400990839999999460e-02
1.389999999999999902e+00 9.371001354999999866e-02
1.392500000000000071e+00 9.387988747999999328e-02
1.395000000000000018e+00 9.358971549000000278e-02
1.397499999999999964e+00 9.341370354000000376e-02
1.399999999999999911e+00 9.343803236000000623e-02
1.402500000000000080e+00 9.320553356999999872e-02
1.405000000000000027e+00 9.330065697999999352e-02
1.407499999999999973e+00 9.308035511999999956e-02
1.409999999999999920e+00 9.282312883000000403e-02
1.412500000000000089e+00 9.301325181000000275e-02
1.415000000000000036e+00 9.256966901999999497e-02
1.417499999999999982e+00 9.270961278000000583e-02
1.419999999999999929e+00 9.272791435999999665e-02
1.422500000000000098e+00 9.248705157000000621e-02
1.425000000000000044e+00 9.235667216000000013e-02
1.427499999999999991e+00 9.218347765999999888e-02
1.429999999999999938e+00 9.220529308000000035e-02
1.432500000000000107e+00 9.208856904999999926e-02
1.435000000000000053e+00 9.202477111000000043e-02
1.437500000000000000e+00 9.170569851000000272e-02
1.439999999999999947e+00 9.184978883000000094e-02
1.442499999999999893e+00 9.169900972000000205e-02
1.445000000000000062e+00 9.134440052999999449e-02
1.447500000000000009e+00 9.138844224999999322e-02
1.449999999999999956e+00 9.135679657999999648e-02
1.452499999999999902e+00 9.140268837999999951e-02
1.455000000000000071e+00 9.126305804999999827e-02
1.457500000000000018e+00 9.105384319999999809e-02
1.459999999999999964e+00 9.102318260000000216e-02
1.462499999999999911e+00 9.088844356000000402e-02
1.465000000000000080e+00 9.082981639999999912e-02
1.467500000000000027e+00 9.077093291000000452e-02
1.469999999999999973e+00 9.063981742000000452e-02
1.472499999999999920e+00 9.057985850999999977e-02
1.475000000000000089e+00 9.040899406999999832e-02
1.477500000000000036e+00 9.026102810000000143e-02
1.479999999999999982e+00 9.042988302000000422e-02
1.482499999999999929e+00 9.019663743000000400e-02
1.485000000000000098e+00 9.007565900000000236e-02
1.487500000000000044e+00 9.009501515999999988e-02
1.489999999999999991e+00 9.013123041999999974e-02
1.492499999999999938e+00 8.993348984000000546e-02
1.495000000000000107e+00 8.970426272999999784e-02
1.497500000000000053e+00 8.956701175999999542e-02
1.500000000000000000e+00 8.950897278000000123e-02
1.502499999999999947e+00 8.943101939000000500e-02
1.504999999999999893e+00 8.922435968000000384e-02
1.507500000000000062e+00 8.935617894000000283e-02
1.510000000000000009e+00 8.933144088000000149e-02
1.512499999999999956e+00 8.899113237000000343e-02
1.514999999999999902e+00 8.910916383000000440e-02
1.517500000000000071e+00 8.905464602000000285e-02
1.520000000000000018e+00 8.874857965000000626e-02
1.522499999999999964e+00 8.888698910999999481e-02
1.524999999999999911e+00 8.847248049000000503e-02
1.527500000000000080e+00 8.846430305999999910e-02
1.530000000000000027e+00 8.835569064999999889e-02
1.532499999999999973e+00 8.826441794999999313e-02
1.534999999999999920e+00 8.817005372000000230e-02
1.537500000000000089e+00 8.817738897000000631e-02
1.540000000000000036e+00 8.813212425999999988e-02
1.542499999999999982e+00 8.775269846000000040e-02
1.544999999999999929e+00 8.783335724999999372e-02
1.547500000000000098e+00 8.798238815999999407e-02
1.550000000000000044e+00 8.769858748999999343e-02
1.552499999999999991e+00 8.767474902999999875e-02
1.554999999999999938e+00 8.749626223999999730e-02
1.557500000000000107e+00 8.754841816000000221e-02
1.560000000000000053e+00 8.733477702000000398e-02
1.562500000000000000e+00 8.740762676999999647e-02
1.564999999999999947e+00 8.716305651000000321e-02
1.567499999999999893e+00 8.690514635000000376e-02
1.570000000000000062e+00 8.697614588999999508e-02
1.572500000000000009e+00 8.696831902000000392e-02
1.574999999999999956e+00 8.661317981999999693e-02
1.577499999999999902e+00 8.646182069999999720e-02
1.580000000000000071e+00 8.655374927999999468e-02
1.582500000000000018e+00 8.655135344999999314e-02
1.584999999999999964e+00 8.628857146000000478e-02
1.587499999999999911e+00 8.627265745999999902e-02
1.590000000000000080e+00 8.621229345000000488e-02
1.592500000000000027e+00 8.617077066999999369e-02
1.594999999999999973e+00 8.616773020000000061e-02
1.597499999999999920e+00 8.596877125000000619e-02
1.600000000000000089e+00 8.561988755999999645e-02
1.602500000000000036e+00 8.580738290000000656e-02
1.604999999999999982e+00 8.561850897999999377e-02
1.607499999999999929e+00 8.545999871999999942e-02
1.610000000000000098e+00 8.536569087999999750e-02
1.612500000000000044e+00 8.539362925000000548e-02
1.614999999999999991e+00 8.538126208000000605e-02
1.617499999999999938e+00 8.514572673999999675e-02
1.620000000000000107e+00 8.512269539000000274e-02
1.622500000000000053e+00 8.508368985000000495e-02
1.625000000000000000e+00 8.497770845999999545e-02
1.627499999999999947e+00 8.504558032999999517e-02
1.629999999999999893e+00 8.480267923999999791e-02
1.632500000000000062e+00 8.474798300999999978e-02
1.635000000000000009e+00 8.460474989999999806e-02
1.637499999999999956e+00 8.439167914999999576e-02
1.639999999999999902e+00 8.459780966999999596e-02
1.642500000000000071e+00 8.429030921999999815e-02
1.645000000000000018e+00 8.420109838000000568e-02
1.647499999999999964e+00 8.391564996000000498e-02
1.649999999999999911e+00 8.413317272999999707e-02
1.652500000000000080e+00 8.398697984000000338e-02
1.655000000000000027e+00 8.385340993999999826e-02
1.657499999999999973e+00 8.381314793999999901e-02
1.659999999999999920e+00 8.368203050000000420e-02
1.662500000000000089e+00 8.363393378000000267e-02
1.665000000000000036e+00 8.355267945000000029e-02
1.667499999999999982e+00 8.335631934999999937e-02
1.669999999999999929e+00 8.336277964999999623e-02
1.672500000000000098e+00 8.313128130999999921e-02
1.675000000000000044e+00 8.325170441000000199e-02
1.677499999999999991e+00 8.320337415999999597e-02
1.679999999999999938e+00 8.296712258999999756e-02
1.682500000000000107e+00 8.292261818000000451e-02
1.685000000000000053e+00 8.280319317999999817e-02
1.687500000000000000e+00 8.265258490999999319e-02
1.689999999999999947e+00 8.269782895999999717e-02
1.692499999999999893e+00 8.266222286999999613e-02
1.695000000000000062e+00 8.257634316999999669e-02
1.697500000000000009e+00 8.249062511999999403e-02
1.699999999999999956e+00 8.227267290999999705e-02
1.702499999999999902e+00 8.208313036999999313e-02
1.705000000000000071e+00 8.219008724000000099e-02
1.707500000000000018e+00 8.198886642000000058e-02
1.709999999999999964e+00 8.209287686999999778e-02
1.712499999999999911e+00 8.209440887999999714e-02
1.715000000000000080e+00 8.167532987999999439e-02
1.717500000000000027e+00 8.177125661999999628e-02
1.719999999999999973e+00 8.179879207000000096e-02
1.722499999999999920e+00 8.167656500000000652e-02
1.725000000000000089e+00 8.147944579999999437e-02
1.727500000000000036e+00 8.140327164999999754e-02
1.729999999999999982e+00 8.137627288000000292e-02
1.732499999999999929e+00 8.119832980999999728e-02
1.735000000000000098e+00 8.108407110000000195e-02
1.737500000000000044e+00 8.118446608000000342e-02
1.739999999999999991e+00 8.088050628000000020e-02
1.742499999999999938e+00 8.080245058000000424e-02
1.745000000000000107e+00 8.050110017999999312e-02
1.747500000000000053e+00 8.081277021999999643e-02
1.750000000000000000e+00 8.054135457000000109e-02
1.752499999999999947e+00 8.045294793000000444e-02
1.754999999999999893e+00 8.045091340000000424e-02
1.757500000000000062e+00 8.028471648000000405e-02
1.760000000000000009e+00 8.025111662999999396e-02
1.762499999999999956e+00 7.998934515000000189e-02
1.764999999999999902e+00 8.004458428999999819e-02
1.767500000000000071e+00 7.990581560999999999e-02
1.770000000000000018e+00 7.987710858999999552e-02
1.772499999999999964e+00 7.973852620000000668e-02
1.774999999999999911e+00 7.982813582000000685e-02
1.777500000000000080e+00 7.959126061000000585e-02
1.780000000000000027e+00 7.959157810000000444e-02
1.782499999999999973e+00 7.951670210000000294e-02
1.784999999999999920e+00 7.954978024999999342e-02
1.787500000000000089e+00 7.934446497000000043e-02
1.790000000000000036e+00 7.923859664000000580e-02
1.792499999999999982e+00 7.930486284000000385e-02
1.794999999999999929e+00 7.927805613999999723e-02
1.797500000000000098e+00 7.895724128000000674e-02
1.800000000000000044e+00 7.899713634999999678e-02
1.802499999999999991e+00 7.888659041999999955e-02
1.804999999999999938e+00 7.866598854999999613e-02
1.807500000000000107e+00 7.859166165000000537e-02
1.810000000000000053e+00 7.857745296000000212e-02
1.812500000000000000e+00 7.840169834999999310e-02
1.814999999999999947e+00 7.839790721999999323e-02
1.817499999999999893e+00 7.827566599000000680e-02
1.820000000000000062e+00 7.818867184000000137e-02
1.822500000000000009e+00 7.821747547000000578e-02
1.824999999999999956e+00 7.803662307000000520e-02
1.827499999999999902e+00 7.772429715999999711e-02
1.830000000000000071e+00 7.798546181000000355e-02
1.832500000000000018e+00 7.785782837999999373e-02
1.834999999999999964e+00 7.765625219999999773e-02
1.837499999999999911e+00 7.760970689000000478e-02
1.840000000000000080e+00 7.765161534999999449e-02
1.842500000000000027e+00 7.760246061999999390e-02
1.844999999999999973e+00 7.745839911999999328e-02
1.847499999999999920e+00 7.714042421000000260e-02
1.850000000000000089e+00 7.726920522999999874e-02
1.852500000000000036e+00 7.720488492999999508e-02
1.854999999999999982e+00 7.706018248000000292e-02
1.857499999999999929e+00 7.708492400999999994e-02
1.860000000000000098e+00 7.703941445999999693e-02
1.862500000000000044e+00 7.693236489999999428e-02
1.864999999999999991e+00 7.661610660999999822e-02
1.867499999999999938e+00 7.665403382999999571e-02
1.870000000000000107e+00 7.646188712000000220e-02
1.872500000000000053e+00 7.651611527000000412e-02
1.875000000000000000e+00 7.632230600000000642e-02
1.877499999999999947e+00 7.618234773000000237e-02
1.879999999999999893e+00 7.624715374000000379e-02
1.882500000000000062e+00 7.615404433000000362e-02
1.885000000000000009e+00 7.612383598999999945e-02
1.887499999999999956e+00 7.609547865999999328e-02
1.889999999999999902e+00 7.594500147999999617e-02
1.892500000000000071e+00 7.576638867000000388e-02
1.895000000000000018e+00 7.573557937000000018e-02
1.897499999999999964e+00 7.573725833000000129e-02
1.899999999999999911e+00 7.562939372999999410e-02
1.902500000000000080e+00 7.553210797999999893e-02
1.905000000000000027e+00 7.552711038999999904e-02
1.907499999999999973e+00 7.531147213000000118e-02
1.909999999999999920e+00 7.518985038000000620e-02
1.912500000000000089e+00 7.531917259999999781e-02
1.915000000000000036e+00 7.511460511999999701e-02
1.917499999999999982e+00 7.504185268999999381e-02
1.919999999999999929e+00 7.489441313000000378e-02
1.922500000000000098e+00 7.478017464000000225e-02
1.925000000000000044e+00 7.482252684000000043e-02
1.927499999999999991e+00 7.498904882000000105e-02
1.929999999999999938e+00 7.455487016999999550e-02
1.932500000000000107e+00 7.448879297999999594e-02
1.935000000000000053e+00 7.447250028999999327e-02
1.937500000000000000e+00 7.422276647999999366e-02
1.939999999999999947e+00 7.435648167000000197e-02
1.942499999999999893e+00 7.412761783000000604e-02
1.945000000000000062e+00 7.425076510000000463e-02
1.947500000000000009e+00 7.405836509999999540e-02
1.949999999999999956e+00 7.393954480000000662e-02
1.952499999999999902e+00 7.399405279000000057e-02
1.955000000000000071e+00 7.392032298999999529e-02
1.957500000000000018e+00 7.363406157000000618e-02
1.959999999999999964e+00 7.367234621000000316e-02
1.962499999999999911e+00 7.374458035000000522e-02
1.965000000000000080e+00 7.347002710000000159e-02
1.967500000000000027e+00 7.348249069999999994e-02
1.969999999999999973e+00 7.351403988999999362e-02
1.972499999999999920e+00 7.333516680000000398e-02
1.975000000000000089e+00 7.311252242999999318e-02
1.977500000000000036e+00 7.306093800000000582e-02
1.979999999999999982e+00 7.326674846000000296e-02
1.982499999999999929e+00 7.299344191999999898e-02
1.985000000000000098e+00 7.283477600000000385e-02
1.987500000000000044e+00 7.272847091999999625e-02
1.989999999999999991e+00 7.282923568999999375e-02
1.992499999999999938e+00 7.264753985999999886e-02
1.995000000000000107e+00 7.272640716000000616e-02
1.997500000000000053e+00 7.253209284999999340e-02
2.000000000000000000e+00 7.241428786999999645e-02
2.002499999999999947e+00 7.226780670000000628e-02
2.004999999999999893e+00 7.224262770000000611e-02
2.007499999999999840e+00 7.218663072000000569e-02
2.009999999999999787e+00 7.210558573000000471e-02
2.012500000000000178e+00 7.208774932000000524e-02
2.015000000000000124e+00 7.185838831999999399e-02
2.017500000000000071e+00 7.193337041000000265e-02
2.020000000000000018e+00 7.180585774999999338e-02
2.022499999999999964e+00 7.163913097000000618e-02
2.024999999999999911e+00 7.179944417000000412e-02
2.027499999999999858e+00 7.143271077000000469e-02
2.029999999999999805e+00 7.159255136999999325e-02
2.032500000000000195e+00 7.149676034999999374e-02
2.035000000000000142e+00 7.120706776999999321e-02
2.037500000000000089e+00 7.145275265000000653e-02
2.040000000000000036e+00 7.116948785000000444e-02
2.042499999999999982e+00 7.130255419000000594e-02
2.044999999999999929e+00 7.086072391999999331e-02
2.047499999999999876e+00 7.100850922000000176e-02
2.049999999999999822e+00 7.088795981999999885e-02
2.052500000000000213e+00 7.072476253999999962e-02
2.055000000000000160e+00 7.071722323000000088e-02
2.057500000000000107e+00 7.056717485999999817e-02
2.060000000000000053e+00 7.044282548999999949e-02
2.062500000000000000e+00 7.037288150999999881e-02
2.064999999999999947e+00 7.036891096000000290e-02
2.067499999999999893e+00 7.004736567000000025e-02
2.069999999999999840e+00 7.022062297999999425e-02
2.072499999999999787e+00 6.998252580000000056e-02
2.075000000000000178e+00 7.015257630000000522e-02
2.077500000000000124e+00 6.997430139999999410e-02
2.080000000000000071e+00 6.980374892000000553e-02
2.082500000000000018e+00 7.004859512000000121e-02
2.084999999999999964e+00 6.955001620999999579e-02
2.087499999999999911e+00 6.960412137999999471e-02
2.089999999999999858e+00 6.958784211000000608e-02
2.092499999999999805e+00 6.953948079999999754e-02
2.095000000000000195e+00 6.955576524999999843e-02
2.097500000000000142e+00 6.932391839000000278e-02
2.100000000000000089e+00 6.923855128000000470e-02
2.102500000000000036e+00 6.919738711999999514e-02
2.104999999999999982e+00 6.925414853000000370e-02
2.107499999999999929e+00 6.902952486999999748e-02
2.109999999999999876e+00 6.911215966000000543e-02
2.112499999999999822e+00 6.900264381000000002e-02
2.115000000000000213e+00 6.883261618000000026e-02
2.117500000000000160e+00 6.879045325999999516e-02
2.120000000000000107e+00 6.861084702000000424e-02
2.122500000000000053e+00 6.868079679999999909e-02
2.125000000000000000e+00 6.849738944000000052e-02
2.127499999999999947e+00 6.851842429000000456e-02
2.129999999999999893e+00 6.829646695999999628e-02
2.132499999999999840e+00 6.831340472999999913e-02
2.134999999999999787e+00 6.825196271000000259e-02
2.137500000000000178e+00 6.823689115999999333e-02
2.140000000000000124e+00 6.817669722999999959e-02
2.142500000000000071e+00 6.794748306999999488e-02
2.145000000000000018e+00 6.781051909999999405e-02
2.147499999999999964e+00 6.790328553999999683e-02
2.149999999999999911e+00 6.794604388000000106e-02
2.152499999999999858e+00 6.766634825999999492e-02
2.154999999999999805e+00 6.765947083999999945e-02
2.157500000000000195e+00 6.750871105000000316e-02
2.160000000000000142e+00 6.759228566000000105e-02
2.162500000000000089e+00 6.722061225000000584e-02
2.165000000000000036e+00 6.729361851000000005e-02
2.167499999999999982e+00 6.731538669000000641e-02
2.169999999999999929e+00 6.718167560000000427e-02
2.172499999999999876e+00 6.711195201000000332e-02
2.174999999999999822e+00 6.713365558000000677e-02
2.177500000000000213e+00 6.693985882000000331e-02
2.180000000000000160e+00 6.691697922000000576e-02
2.182500000000000107e+00 6.668589340000000143e-02
2.185000000000000053e+00 6.649809405999999867e-02
2.187500000000000000e+00 6.652173130999999850e-02
2.189999999999999947e+00 6.678487693000000058e-02
2.192499999999999893e+00 6.640712589000000166e-02
2.194999999999999840e+00 6.627327857999999738e-02
2.197499999999999787e+00 6.638045605999999543e-02
2.200000000000000178e+00 6.618762577999999508e-02
2.202500000000000124e+00 6.611645519000000637e-02
2.205000000000000071e+00 6.610112752999999786e-02
2.207500000000000018e+00 6.613001477999999600e-02
2.209999999999999964e+00 6.577672772999999806e-02
2.212499999999999911e+00 6.595944719000000622e-02
2.214999999999999858e+00 6.594609446999999403e-02
2.217499999999999805e+00 6.579289877999999758e-02
2.220000000000000195e+00 6.562781309000000063e-02
2.222500000000000142e+00 6.537964659000000678e-02
2.225000000000000089e+00 6.571944456999999351e-02
2.227500000000000036e+00 6.544393603999999753e-02
2.229999999999999982e+00 6.551716499000000138e-02
2.232499999999999929e+00 6.538194022000000383e-02
2.234999999999999876e+00 6.540279841000000427e-02
2.237499999999999822e+00 6.519666073999999534e-02
2.240000000000000213e+00 6.508388244000000433e-02
2.242500000000000160e+00 6.520662523999999627e-02
2.245000000000000107e+00 6.499220575000000388e-02
2.247500000000000053e+00 6.490136399000000222e-02
2.250000000000000000e+00 6.483406728000000452e-02
2.252499999999999947e+00 6.489082374000000597e-02
2.254999999999999893e+00 6.463954442000000022e-02
2.257499999999999840e+00 6.456455617999999619e-02
2.259999999999999787e+00 6.454986008999999414e-02
2.262500000000000178e+00 6.441194202000000146e-02
2.265000000000000124e+00 6.428249860000000149e-02
2.267500000000000071e+00 6.432117068999999854e-02
2.270000000000000018e+00 6.433195848000000661e-02
2.272499999999999964e+00 6.402587569999999839e-02
2.274999999999999911e+00 6.405742059999999793e-02
2.277499999999999858e+00 6.375131384000000401e-02
2.279999999999999805e+00 6.377789094999999908e-02
2.282500000000000195e+00 6.382193220000000056e-02
2.285000000000000142e+00 6.376961924000000559e-02
2.287500000000000089e+00 6.364647631000000527e-02
2.290000000000000036e+00 6.355083601000000026e-02
2.292499999999999982e+00 6.351012178999999869e-02
2.294999999999999929e+00 6.344827842000000384e-02
2.297499999999999876e+00 6.345750918999999712e-02
2.299999999999999822e+00 6.334002906999999793e-02
2.302500000000000213e+00 6.325193881000000518e-02
2.305000000000000160e+00 6.307623986999999488e-02
2.307500000000000107e+00 6.300744646000000504e-02
2.310000000000000053e+00 6.311185303999999885e-02
2.312500000000000000e+00 6.288839464999999851e-02
2.314999999999999947e+00 6.271677288999999433e-02
2.317499999999999893e+00 6.287277965000000191e-02
2.319999999999999840e+00 6.287889082000000518e-02
2.322499999999999787e+00 6.267025241000000191e-02
2.325000000000000178e+00 6.265128187000000570e-02
2.327500000000000124e+00 6.247139915000000238e-02
2.330000000000000071e+00 6.259919108000000509e-02
2.332500000000000018e+00 6.238953544999999851e-02
2.334999999999999964e+00 6.230417555000000024e-02
2.337499999999999911e+00 6.234219315000000261e-02
2.339999999999999858e+00 6.225295443000000012e-02
2.342499999999999805e+00 6.200528913000000197e-02
2.345000000000000195e+00 6.196144043000000046e-02
2.347500000000000142e+00 6.188846253000000047e-02
2.350000000000000089e+00 6.194510721000000275e-02
2.352500000000000036e+00 6.188948611999999655e-02
2.354999999999999982e+00 6.174183739999999920e-02
2.357499999999999929e+00 6.162149017000000117e-02
2.359999999999999876e+00 6.150749938999999777e-02
2.362499999999999822e+00 6.156721231000000100e-02
2.365000000000000213e+00 6.143270064999999808e-02
2.367500000000000160e+00 6.118803541000000096e-02
2.370000000000000107e+00 6.126841211999999731e-02
2.372500000000000053e+00 6.118143361000000224e-02
2.375000000000000000e+00 6.124704430999999838e-02
2.377499999999999947e+00 6.108226576999999796e-02
2.379999999999999893e+00 6.113676182000000320e-02
2.382499999999999840e+00 6.107502479000000151e-02
2.384999999999999787e+00 6.080941741999999761e-02
2.387500000000000178e+00 6.065932982000000334e-02
2.390000000000000124e+00 6.065333076999999962e-02
2.392500000000000071e+00 6.062877914999999923e-02
2.395000000000000018e+00 6.062718783999999916e-02
2.397499999999999964e+00 6.055301213000000016e-02
2.399999999999999911e+00 6.047442817999999776e-02
2.402499999999999858e+00 6.044731611999999699e-02
2.404999999999999805e+00 6.023692469999999966e-02
2.407500000000000195e+00 6.030331350999999784e-02
2.410000000000000142e+00 6.017403578000000280e-02
2.412500000000000089e+00 6.006300214000000193e-02
2.415000000000000036e+00 6.012399837000000080e-02
2.417499999999999982e+00 5.982359192000000214e-02
2.419999999999999929e+00 6.008458056999999713e-02
2.422499999999999876e+00 5.967252283999999879e-02
2.424999999999999822e+00 5.996541071000000001e-02
2.427500000000000213e+00 5.969514462000000132e-02
2.430000000000000160e+00 5.946194025999999855e-02
2.432500000000000107e+00 5.952843901000000326e-02
2.435000000000000053e+00 5.954405959999999748e-02
2.437500000000000000e+00 5.936838777000000289e-02
2.439999999999999947e+00 5.928626224999999916e-02
2.442499999999999893e+00 5.937278311000000058e-02
2.444999999999999840e+00 5.929568553999999686e-02
2.447499999999999787e+00 5.914578786000000005e-02
2.450000000000000178e+00 5.901430188000000160e-02
2.452500000000000124e+00 5.902682768999999857e-02
2.455000000000000071e+00 5.897629023999999970e-02
2.457500000000000018e+00 5.880955805000000203e-02
2.459999999999999964e+00 5.865468681000000212e-02
2.462499999999999911e+00 5.867197033999999728e-02
2.464999999999999858e+00 5.876115669999999735e-02
2.467499999999999805e+00 5.856624149999999779e-02
2.470000000000000195e+00 5.836454315000000337e-02
2.472500000000000142e+00 5.836657162000000176e-02
2.475000000000000089e+00 5.843933051999999906e-02
2.477500000000000036e+00 5.839536679000000008e-02
2.479999999999999982e+00 5.827684165000000110e-02
2.482499999999999929e+00 5.824434906999999967e-02
2.484999999999999876e+00 5.799122993999999975e-02
2.487499999999999822e+00 5.801354501000000052e-02
2.490000000000000213e+00 5.798886111999999871e-02
2.492500000000000160e+00 5.795340496000000313e-02
2.495000000000000107e+00 5.781027611999999677e-02
2.497500000000000053e+00 5.765210479999999943e-02
2.500000000000000000e+00 5.768505664000000283e-02
2.502499999999999947e+00 5.765439575999999761e-02
2.504999999999999893e+00 5.768872338000000100e-02
2.507499999999999840e+00 5.753229641999999672e-02
2.509999999999999787e+00 5.749696314000000280e-02
2.512500000000000178e+00 5.713965618999999885e-02
2.515000000000000124e+00 5.736039149000000253e-02
2.517500000000000071e+00 5.717198061999999997e-02
2.520000000000000018e+00 5.722740479999999935e-02
2.522499999999999964e+00 5.695258296999999859e-02
2.524999999999999911e+00 5.702503368999999739e-02
2.527499999999999858e+00 5.705650419999999667e-02
2.529999999999999805e+00 5.681679223000000306e-02
2.532500000000000195e+00 5.680110650999999761e-02
2.535000000000000142e+00 5.670048172000000108e-02
2.537500000000000089e+00 5.675387442000000282e-02
2.540000000000000036e+00 5.664942835999999676e-02
2.542499999999999982e+00 5.661672853000000033e-02
2.544999999999999929e+00 5.639235915000000154e-02
2.547499999999999876e+00 5.646416044000000106e-02
2.549999999999999822e+00 5.618555422999999688e-02
2.552500000000000213e+00 5.632884483000000220e-02
2.555000000000000160e+00 5.612897337000000153e-02
2.557500000000000107e+00 5.603965741999999972e-02
2.560000000000000053e+00 5.604943667000000102e-02
2.562500000000000000e+00 5.596611756000000049e-02
2.564999999999999947e+00 5.602947831999999934e-02
2.567499999999999893e+00 5.578014106000000333e-02
2.569999999999999840e+00 5.571087190000000022e-02
2.572499999999999787e+00 5.579098049999999670e-02
2.575000000000000178e+00 5.564991972000000314e-02
2.577500000000000124e+00 5.569202476000000013e-02
2.580000000000000071e+00 5.565717107999999802e-02
2.582500000000000018e+00 5.539017224000000045e-02
2.584999999999999964e+00 5.537065968999999727e-02
2.587499999999999911e+00 5.527449788000000225e-02
2.589999999999999858e+00 5.521802753999999896e-02
2.592499999999999805e+00 5.526996668999999834e-02
2.595000000000000195e+00 5.495041697999999974e-02
2.597500000000000142e+00 5.507957401000000003e-02
2.600000000000000089e+00 5.497872837000000040e-02
2.602500000000000036e+00 5.485447582999999905e-02
2.604999999999999982e+00 5.484348722000000065e-02
2.607499999999999929e+00 5.479638179000000109e-02
2.609999999999999876e+00 5.470855947000000108e-02
2.612499999999999822e+00 5.465638837000000305e-02
2.615000000000000213e+00 5.450425161999999935e-02
2.617500000000000160e+00 5.446792408000000058e-02
2.620000000000000107e+00 5.428280234999999926e-02
2.622500000000000053e+00 5.451256656999999700e-02
2.625000000000000000e+00 5.426757849999999661e-02
2.627499999999999947e+00 5.429318962000000137e-02
2.629999999999999893e+00 5.431501919000000095e-02
2.632499999999999840e+00 5.394464086999999769e-02
2.634999999999999787e+00 5.393351459000000209e-02
2.637500000000000178e+00 5.397099875999999963e-02
2.640000000000000124e+00 5.382974573999999707e-02
2.642500000000000071e+00 5.396106786000000322e-02
2.645000000000000018e+00 5.380173067999999975e-02
2.647499999999999964e+00 5.373942841999999886e-02
2.649999999999999911e+00 5.359526870999999776e-02
2.652499999999999858e+00 5.354099873999999815e-02
2.654999999999999805e+00 5.354201483999999900e-02
2.657500000000000195e+00 5.321666016999999915e-02
2.660000000000000142e+00 5.343819366000000098e-02
2.662500000000000089e+00 5.331595033000000039e-02
2.665000000000000036e+00 5.314724212000000031e-02
2.667499999999999982e+00 5.309910296999999918e-02
2.669999999999999929e+00 5.328265937999999979e-02
2.672499999999999876e+00 5.306336298000000062e-02
2.674999999999999822e+00 5.292328604000000325e-02
2.677500000000000213e+00 5.298531448999999754e-02
2.680000000000000160e+00 5.294634700999999860e-02
2.682500000000000107e+00 5.268490348000000323e-02
2.685000000000000053e+00 5.270376808999999857e-02
2.687500000000000000e+00 5.263429202000000084e-02
2.689999999999999947e+00 5.241329309000000020e-02
2.692499999999999893e+00 5.252357767000000177e-02
2.694999999999999840e+00 5.250380241000000142e-02
2.697499999999999787e+00 5.251399251000000296e-02
2.700000000000000178e+00 5.222037206999999986e-02
2.702500000000000124e+00 5.230366958999999732e-02
2.705000000000000071e+00 5.220245407000000115e-02
2.707500000000000018e+00 5.188627433000000261e-02
2.709999999999999964e+00 5.197968733000000313e-02
2.712499999999999911e+00 5.190439683999999859e-02
2.714999999999999858e+00 5.186221046000000223e-02
2.717499999999999805e+00 5.190480486000000060e-02
2.720000000000000195e+00 5.183657100999999878e-02
2.722500000000000142e+00 5.176197184999999784e-02
2.725000000000000089e+00 5.153689824999999752e-02
2.727500000000000036e+00 5.160352191999999921e-02
2.729999999999999982e+00 5.157118773000000239e-02
2.732499999999999929e+00 5.150351991999999740e-02
2.734999999999999876e+00 5.134380722000000258e-02
2.737499999999999822e+00 5.126771288000000343e-02
2.740000000000000213e+00 5.122632150999999884e-02
2.742500000000000160e+00 5.108867042000000275e-02
2.745000000000000107e+00 5.118339464999999838e-02
2.747500000000000053e+00 5.102114367999999872e-02
2.750000000000000000e+00 5.095972622000000118e-02
2.752499999999999947e+00 5.101402567999999832e-02
2.754999999999999893e+00 5.082750392000000283e-02
2.757499999999999840e+00 5.078809477000000017e-02
2.759999999999999787e+00 5.067760643000000093e-02
2.762500000000000178e+00 5.073260503000000254e-02
2.765000000000000124e+00 5.045545465000000201e-02
2.767500000000000071e+00 5.043581527000000342e-02
2.770000000000000018e+00 5.050601732999999982e-02
2.772499999999999964e+00 5.041835814000000110e-02
2.774999999999999911e+00 5.036537219000000037e-02
2.777499999999999858e+00 5.021720886000000106e-02
2.779999999999999805e+00 5.022554872999999975e-02
2.782500000000000195e+00 5.014379515999999731e-02
2.785000000000000142e+00 5.012718070999999664e-02
2.787500000000000089e+00 4.983649737000000329e-02
2.790000000000000036e+00 4.995031023999999681e-02
2.792499999999999982e+00 4.990391530999999797e-02
2.794999999999999929e+00 4.983169612999999859e-02
2.797499999999999876e+00 4.974821373999999824e-02
2.799999999999999822e+00 4.954835182999999671e-02
2.802500000000000213e+00 4.955636939000000046e-02
2.805000000000000160e+00 4.961466466000000186e-02
2.807500000000000107e+00 4.939137512999999813e-02
2.810000000000000053e+00 4.946048104999999778e-02
2.812500000000000000e+00 4.928913535999999984e-02
2.814999999999999947e+00 4.946339721000000272e-02
2.817499999999999893e+00 4.914908588999999939e-02
2.819999999999999840e+00 4.914919068000000307e-02
2.822499999999999787e+00 4.906709892999999711e-02
2.825000000000000178e+00 4.916886438000000331e-02
2.827500000000000124e+00 4.909005485000000196e-02
2.830000000000000071e+00 4.898357214000000071e-02
2.832500000000000018e+00 4.861873195000000064e-02
2.834999999999999964e+00 4.890315725000000252e-02
2.837499999999999911e+00 4.884169361000000043e-02
2.839999999999999858e+00 4.875809981999999765e-02
2.842499999999999805e+00 4.869617125000000324e-02
2.845000000000000195e+00 4.835595935999999900e-02
2.847500000000000142e+00 4.840390282999999794e-02
2.850000000000000089e+00 4.845860094999999979e-02
2.852500000000000036e+00 4.836647763000000155e-02
2.854999999999999982e+00 4.849033774000000019e-02
2.857499999999999929e+00 4.807007131999999766e-02
2.859999999999999876e+00 4.824680903999999798e-02
2.862499999999999822e+00 4.806513988000000320e-02
2.865000000000000213e+00 4.800127813999999910e-02
2.867500000000000160e+00 4.801108352999999829e-02
2.870000000000000107e+00 4.787407703999999736e-02
2.872500000000000053e+00 4.775884063000000040e-02
2.875000000000000000e+00 4.761560634999999903e-02
2.877499999999999947e+00 4.761292199000000114e-02
2.879999999999999893e+00 4.769943782999999660e-02
2.882499999999999840e+00 4.757626152999999691e-02
2.884999999999999787e+00 4.751099646000000315e-02
2.887500000000000178e+00 4.749933539000000121e-02
2.890000000000000124e+00 4.729292489999999821e-02
2.892500000000000071e+00 4.736204150000000029e-02
2.895000000000000018e+00 4.733813543999999818e-02
2.897499999999999964e+00 4.724871095000000160e-02
2.899999999999999911e+00 4.714143519999999810e-02
2.902499999999999858e+00 4.702328322000000338e-02
2.904999999999999805e+00 4.705334534999999763e-02
2.907500000000000195e+00 4.674089657000000259e-02
2.910000000000000142e+00 4.685942746999999936e-02
2.912500000000000089e+00 4.677843834999999978e-02
2.915000000000000036e+00 4.673274899000000315e-02
2.917499999999999982e+00 4.662176552999999779e-02
2.919999999999999929e+00 4.662211399999999922e-02
2.922499999999999876e+00 4.668640370999999761e-02
2.924999999999999822e+00 4.650068331999999971e-02
2.927500000000000213e+00 4.638319795000000328e-02
2.930000000000000160e+00 4.638903756999999961e-02
2.932500000000000107e+00 4.632159146999999949e-02
2.935000000000000053e+00 4.620324509999999829e-02
2.937500000000000000e+00 4.617863215000000271e-02
2.939999999999999947e+00 4.600051938000000035e-02
2.942499999999999893e+00 4.599372533999999957e-02
2.944999999999999840e+00 4.590804685000000190e-02
2.947499999999999787e+00 4.594664400000000176e-02
2.950000000000000178e+00 4.576894265999999906e-02
2.952500000000000124e+00 4.581411023999999721e-02
2.955000000000000071e+00 4.577103968000000023e-02
2.957500000000000018e+00 4.563594459999999881e-02
2.959999999999999964e+00 4.557421619000000257e-02
2.962499999999999911e+00 4.538238102000000107e-02
2.964999999999999858e+00 4.542112465999999932e-02
2.967499999999999805e+00 4.549872241999999845e-02
2.970000000000000195e+00 4.535986043999999662e-02
2.972500000000000142e+00 4.518752007000000070e-02
2.975000000000000089e+00 4.524228806999999741e-02
2.977500000000000036e+00 4.519670841000000133e-02
2.979999999999999982e+00 4.500006463999999679e-02
2.982499999999999929e+00 4.510902787999999941e-02
2.984999999999999876e+00 4.513521546999999662e-02
2.987499999999999822e+00 4.494659220999999705e-02
2.990000000000000213e+00 4.482395475999999962e-02
2.992500000000000160e+00 4.478325513999999868e-02
2.995000000000000107e+00 4.478279847999999674e-02
2.997500000000000053e+00 4.465944835999999946e-02
3.000000000000000000e+00 4.464568839000000039e-02
3.002499999999999947e+00 4.451169125999999976e-02
3.004999999999999893e+00 4.450321698000000298e-02
3.007499999999999840e+00 4.456916048000000158e-02
3.009999999999999787e+00 4.432884765999999671e-02
3.012500000000000178e+00 4.432814692999999945e-02
3.015000000000000124e+00 4.411850400999999672e-02
3.017500000000000071e+00 4.409868900000000341e-02
3.020000000000000018e+00 4.407651169000000035e-02
3.022499999999999964e+00 4.413603842000000249e-02
3.024999999999999911e+00 4.382005138000000244e-02
3.027499999999999858e+00 4.392028902999999679e-02
3.029999999999999805e+00 4.375707520000000211e-02
3.032500000000000195e+00 4.398095706999999993e-02
3.035000000000000142e+00 4.385022118000000274e-02
3.037500000000000089e+00 4.363098147000000343e-02
3.040000000000000036e+00 4.347182339999999812e-02
3.042499999999999982e+00 4.343665900000000246e-02
3.044999999999999929e+00 4.342629497000000116e-02
3.047499999999999876e+00 4.328769441000000079e-02
3.049999999999999822e+00 4.331908552000000162e-02
3.052500000000000213e+00 4.334998120999999927e-02
3.055000000000000160e+00 4.329764568000000341e-02
3.057500000000000107e+00 4.326028241999999718e-02
3.060000000000000053e+00 4.316199016999999749e-02
3.062500000000000000e+00 4.308412310999999717e-02
3.064999999999999947e+00 4.292344275999999959e-02
3.067499999999999893e+00 4.301774305000000131e-02
3.069999999999999840e+00 4.278555638999999994e-02
3.072499999999999787e+00 4.276660481999999819e-02
3.075000000000000178e+00 4.287179573000000216e-02
3.077500000000000124e+00 4.261878587000000190e-02
3.080000000000000071e+00 4.271579284000000254e-02
3.082500000000000018e+00 4.249179037999999825e-02
3.084999999999999964e+00 4.252122541000000200e-02
3.087499999999999911e+00 4.238321319999999864e-02
3.089999999999999858e+00 4.247994647000000179e-02
3.092499999999999805e+00 4.221506166999999810e-02
3.095000000000000195e+00 4.228387380999999723e-02
3.097500000000000142e+00 4.226229730000000129e-02
3.100000000000000089e+00 4.212277276999999709e-02
3.102500000000000036e+00 4.210663929999999833e-02
3.104999999999999982e+00 4.198051231000000244e-02
3.107499999999999929e+00 4.204371791000000025e-02
3.109999999999999876e+00 4.191963611999999922e-02
3.112499999999999822e+00 4.176082807999999952e-02
3.115000000000000213e+00 4.167591412999999828e-02
3.117500000000000160e+00 4.164087094999999877e-02
3.120000000000000107e+00 4.161697879000000183e-02
3.122500000000000053e+00 4.148430016000000109e-02
3.125000000000000000e+00 4.155930705000000086e-02
3.127499999999999947e+00 4.142034155000000328e-02
3.129999999999999893e+00 4.142850403000000042e-02
3.132499999999999840e+00 4.147002058000000269e-02
3.134999999999999787e+00 4.133649807999999898e-02
3.137500000000000178e+00 4.109472160000000179e-02
3.140000000000000124e+00 4.112244828000000130e-02
3.142500000000000071e+00 4.102565753000000232e-02
3.145000000000000018e+00 4.101399473000000295e-02
3.147499999999999964e+00 4.106447778999999798e-02
3.149999999999999911e+00 4.090101439999999783e-02
3.152499999999999858e+00 4.078264183000000070e-02
3.154999999999999805e+00 4.082735900000000057e-02
3.157500000000000195e+00 4.081930916999999825e-02
3.160000000000000142e+00 4.071197098999999875e-02
3.162500000000000089e+00 4.077026428000000285e-02
3.165000000000000036e+00 4.057714978000000194e-02
3.167499999999999982e+00 4.054969405000000138e-02
3.169999999999999929e+00 4.049662332000000114e-02
3.172499999999999876e+00 4.047849678999999867e-02
3.174999999999999822e+00 4.038555785000000342e-02
3.177500000000000213e+00 4.031826300000000002e-02
3.180000000000000160e+00 4.022695310999999802e-02
3.182500000000000107e+00 4.016279290000000085e-02
3.185000000000000053e+00 4.005895705999999723e-02
3.187500000000000000e+00 3.991612887999999859e-02
3.189999999999999947e+00 3.997637412999999890e-02
3.192499999999999893e+00 3.981771204000000147e-02
3.194999999999999840e+00 4.004320615999999722e-02
3.197499999999999787e+00 3.958446059000000211e-02
3.200000000000000178e+00 3.966957640000000340e-02
3.202500000000000124e+00 3.954040521999999808e-02
3.205000000000000071e+00 3.953686893000000341e-02
3.207500000000000018e+00 3.946063654999999726e-02
3.209999999999999964e+00 3.938603571999999692e-02
3.212499999999999911e+00 3.936774461999999891e-02
3.214999999999999858e+00 3.928398185999999737e-02
3.217499999999999805e+00 3.927267029999999964e-02
3.220000000000000195e+00 3.919365588999999817e-02
3.222500000000000142e+00 3.920843274000000017e-02
3.225000000000000089e+00 3.923864124999999758e-02
3.227500000000000036e+00 3.906482421000000149e-02
3.229999999999999982e+00 3.903638819000000010e-02
3.232499999999999929e+00 3.888499908000000310e-02
3.234999999999999876e+00 3.886037000999999907e-02
3.237499999999999822e+00 3.883681743999999741e-02
3.240000000000000213e+00 3.880418565999999708e-02
3.242500000000000160e+00 3.884068267000000130e-02
3.245000000000000107e+00 3.881742101999999944e-02
3.247500000000000053e+00 3.858396227000000095e-02
3.250000000000000000e+00 3.855800596000000247e-02
3.252499999999999947e+00 3.843653564999999911e-02
3.254999999999999893e+00 3.831257437999999876e-02
3.257499999999999840e+00 3.842356798999999740e-02
3.259999999999999787e+00 3.829027599999999809e-02
3.262500000000000178e+00 3.818578286999999710e-02
3.265000000000000124e+00 3.815159103000000107e-02
3.267500000000000071e+00 3.813990505999999975e-02
3.270000000000000018e+00 3.802699988000000225e-02
3.272499999999999964e+00 3.793389625000000154e-02
3.274999999999999911e+00 3.783574774000000168e-02
3.277499999999999858e+00 3.782328145999999669e-02
3.279999999999999805e+00 3.779176104999999730e-02
3.282500000000000195e+00 3.778848486999999978e-02
3.285000000000000142e+00 3.765343493000000014e-02
3.287500000000000089e+00 3.751504187000000157e-02
3.290000000000000036e+00 3.756837745000000256e-02
3.292499999999999982e+00 3.752356283999999653e-02
3.294999999999999929e+00 3.739422332000000293e-02
3.297499999999999876e+00 3.734910094999999847e-02
3.299999999999999822e+00 3.734876860999999937e-02
3.302500000000000213e+00 3.717943832000000087e-02
3.305000000000000160e+00 3.729022855999999941e-02
3.307500000000000107e+00 3.701964826999999680e-02
3.310000000000000053e+00 3.702769091000000096e-02
3.312500000000000000e+00 3.705706738000000278e-02
3.314999999999999947e+00 3.700765721000000286e-02
3.317499999999999893e+00 3.679928269999999807e-02
3.319999999999999840e+00 3.671017681000000171e-02
3.322499999999999787e+00 3.682643891000000197e-02
3.325000000000000178e+00 3.670972103999999708e-02
3.327500000000000124e+00 3.665218438000000106e-02
3.330000000000000071e+00 3.666638285999999913e-02
3.332500000000000018e+00 3.657357359999999918e-02
3.334999999999999964e+00 3.638816081000000036e-02
3.337499999999999911e+00 3.642537778999999781e-02
3.339999999999999858e+00 3.636207236999999814e-02
3.342499999999999805e+00 3.631005236999999830e-02
3.345000000000000195e+00 3.624484709999999804e-02
3.347500000000000142e+00 3.606624310999999999e-02
3.350000000000000089e+00 3.604932629999999666e-02
3.352500000000000036e+00 3.603858449999999825e-02
3.354999999999999982e+00 3.594730280999999805e-02
3.357499999999999929e+00 3.595099690999999792e-02
3.359999999999999876e+00 3.576023376000000281e-02
3.362499999999999822e+00 3.584167450999999754e-02
3.365000000000000213e+00 3.583965674999999712e-02
3.367500000000000160e+00 3.579451359000000027e-02
3.370000000000000107e+00 3.582936327999999837e-02
3.372500000000000053e+00 3.547880853999999667e-02
3.375000000000000000e+00 3.552232161999999832e-02
3.377499999999999947e+00 3.559129770999999720e-02
3.379999999999999893e+00 3.540490493000000155e-02
3.382499999999999840e+00 3.549085700000000065e-02
3.384999999999999787e+00 3.525101808000000170e-02
3.387500000000000178e+00 3.521092841000000168e-02
3.390000000000000124e+00 3.514732331999999987e-02
3.392500000000000071e+00 3.508754557999999718e-02
3.395000000000000018e+00 3.505379366999999968e-02
3.397499999999999964e+00 3.509693994000000206e-02
3.399999999999999911e+00 3.493424667000000206e-02
3.402499999999999858e+00 3.488632626000000292e-02
3.404999999999999805e+00 3.488537095000000116e-02
3.407500000000000195e+00 3.474881012000000102e-02
3.410000000000000142e+00 3.466142558000000207e-02
3.412500000000000089e+00 3.462528227000000181e-02
3.415000000000000036e+00 3.450223916999999724e-02
3.417499999999999982e+00 3.437640696000000134e-02
3.419999999999999929e+00 3.443672344999999801e-02
3.422499999999999876e+00 3.447077221000000025e-02
3.424999999999999822e+00 3.428553825999999805e-02
3.427500000000000213e+00 3.427348326000000112e-02
3.430000000000000160e+00 3.415119201999999854e-02
3.432500000000000107e+00 3.417962682999999696e-02
3.435000000000000053e+00 3.419981302999999806e-02
3.437500000000000000e+00 3.400042369999999731e-02
3.439999999999999947e+00 3.394569844999999891e-02
3.442499999999999893e+00 3.389655795000000305e-02
3.444999999999999840e+00 3.395081316000000266e-02
3.447499999999999787e+00 3.383696313000000150e-02
3.450000000000000178e+00 3.358775446000000081e-02
3.452500000000000124e+00 3.368496397000000225e-02
3.455000000000000071e+00 3.374269226999999927e-02
3.457500000000000018e+00 3.366565829999999815e-02
3.459999999999999964e+00 3.358279103999999710e-02
3.462499999999999911e+00 3.359604048999999953e-02
3.464999999999999858e+00 3.333417093999999775e-02
3.467499999999999805e+00 3.337645480999999748e-02
3.470000000000000195e+00 3.330811900999999797e-02
3.472500000000000142e+00 3.318021124000000016e-02
3.475000000000000089e+00 3.320260483000000290e-02
3.477500000000000036e+00 3.321606124999999798e-02
3.479999999999999982e+00 3.302657307000000236e-02
3.482499999999999929e+00 3.310313373999999864e-02
3.484999999999999876e+00 3.301633086999999911e-02
3.487499999999999822e+00 3.283668312000000145e-02
3.490000000000000213e+00 3.285436207999999775e-02
3.492500000000000160e+00 3.257009641999999983e-02
3.495000000000000107e+00 3.275473327000000268e-02
3.497500000000000053e+00 3.267636024000000056e-02
3.500000000000000000e+00 3.275246712999999726e-02
3.502499999999999947e+00 3.255454817999999667e-02
3.504999999999999893e+00 3.241842600000000019e-02
3.507499999999999840e+00 3.241838223000000074e-02
3.509999999999999787e+00 3.238118224000000045e-02
3.512500000000000178e+00 3.232230353999999972e-02
3.515000000000000124e+00 3.221305445000000045e-02
3.517500000000000071e+00 3.220785148000000070e-02
3.520000000000000018e+00 3.212245153999999936e-02
3.522499999999999964e+00 3.211860378999999849e-02
3.524999999999999911e+00 3.215648809999999830e-02
3.527499999999999858e+00 3.209670148000000334e-02
3.529999999999999805e+00 3.203517368000000087e-02
3.532500000000000195e+00 3.185072763999999973e-02
3.535000000000000142e+00 3.182383141000000304e-02
3.537500000000000089e+00 3.178671168000000297e-02
3.540000000000000036e+00 3.167646825999999999e-02
3.542499999999999982e+00 3.158806977999999849e-02
3.544999999999999929e+00 3.153888576000000304e-02
3.547499999999999876e+00 3.156419928000000347e-02
3.549999999999999822e+00 3.142776776999999661e-02
3.552500000000000213e+00 3.148575573000000211e-02
3.555000000000000160e+00 3.123366166999999929e-02
3.557500000000000107e+00 3.119224311000000013e-02
3.560000000000000053e+00 3.125542198000000327e-02
3.562500000000000000e+00 3.114544619999999944e-02
3.564999999999999947e+00 3.106043346999999913e-02
3.567499999999999893e+00 3.105541473000000136e-02
3.569999999999999840e+00 3.098022413999999836e-02
3.572499999999999787e+00 3.098582993000000008e-02
3.575000000000000178e+00 3.109524610999999869e-02
3.577500000000000124e+00 3.075360498999999900e-02
3.580000000000000071e+00 3.063205202999999890e-02
3.582500000000000018e+00 3.059063395999999865e-02
3.584999999999999964e+00 3.065654614000000097e-02
3.587499999999999911e+00 3.063420253000000149e-02
3.589999999999999858e+00 3.060519484999999970e-02
3.592499999999999805e+00 3.047267027999999919e-02
3.595000000000000195e+00 3.042558034999999841e-02
3.597500000000000142e+00 3.035236809999999896e-02
3.600000000000000089e+00 3.033899119000000102e-02
3.602500000000000036e+00 3.029579124000000151e-02
3.604999999999999982e+00 3.016161908000000030e-02
3.607499999999999929e+00 3.018455948999999860e-02
3.609999999999999876e+00 3.017976279999999914e-02
3.612499999999999822e+00 3.010171416999999836e-02
3.615000000000000213e+00 3.004967231000000086e-02
3.617500000000000160e+00 2.984218295000000062e-02
3.620000000000000107e+00 2.976544063000000073e-02
3.622500000000000053e+00 2.983936741999999864e-02
3.625000000000000000e+00 2.958715989999999990e-02
3.627499999999999947e+00 2.961203453999999846e-02
3.629999999999999893e+00 2.971887067000000132e-02
3.632499999999999840e+00 2.966803310000000124e-02
3.634999999999999787e+00 2.958229543999999975e-02
3.637500000000000178e+00 2.937252264999999987e-02
3.640000000000000124e+00 2.941193377999999983e-02
3.642500000000000071e+00 2.948409242000000000e-02
3.645000000000000018e+00 2.944310041999999988e-02
3.647499999999999964e+00 2.918740691000000151e-02
3.649999999999999911e+00 2.920500409000000019e-02
3.652499999999999858e+00 2.918426812999999967e-02
3.654999999999999805e+00 2.912603596999999850e-02
3.657500000000000195e+00 2.906624797000000038e-02
3.660000000000000142e+00 2.890507175000000054e-02
3.662500000000000089e+00 2.898612230000000012e-02
3.665000000000000036e+00 2.878402097000000090e-02
3.667499999999999982e+00 2.885746650999999885e-02
3.669999999999999929e+00 2.885259613999999889e-02
3.672499999999999876e+00 2.869734621999999943e-02
3.674999999999999822e+00 2.866794837000000151e-02
3.677500000000000213e+00 2.849086007999999948e-02
3.680000000000000160e+00 2.851189579999999918e-02
3.682500000000000107e+00 2.848017024999999897e-02
3.685000000000000053e+00 2.844707017000000157e-02
3.687500000000000000e+00 2.843767717000000167e-02
3.689999999999999947e+00 2.836664314999999895e-02
3.692499999999999893e+00 2.829250932999999996e-02
3.694999999999999840e+00 2.812301497999999955e-02
3.697499999999999787e+00 2.816415909999999898e-02
3.700000000000000178e+00 2.808243948999999962e-02
3.702500000000000124e+00 2.799627816999999963e-02
3.705000000000000071e+00 2.796735075000000154e-02
3.707500000000000018e+00 2.794915510999999853e-02
3.709999999999999964e+00 2.782367309000000066e-02
3.712499999999999911e+00 2.773780702999999875e-02
3.714999999999999858e+00 2.762855775999999847e-02
3.717499999999999805e+00 2.774350991999999932e-02
3.720000000000000195e+00 2.757749639000000100e-02
3.722500000000000142e+00 2.744819521000000165e-02
3.725000000000000089e+00 2.745452807999999856e-02
3.727500000000000036e+00 2.754519495000000082e-02
3.729999999999999982e+00 2.739455245999999899e-02
3.732499999999999929e+00 2.716248580000000037e-02
3.734999999999999876e+00 2.724292879999999986e-02
3.737499999999999822e+00 2.730658912999999952e-02
3.740000000000000213e+00 2.715568587999999881e-02
3.742500000000000160e+00 2.703647861000000110e-02
3.745000000000000107e+00 2.712279676999999889e-02
3.747500000000000053e+00 2.702569427000000093e-02
3.750000000000000000e+00 2.697090169000000009e-02
3.752499999999999947e+00 2.680171540999999949e-02
3.754999999999999893e+00 2.678644830999999879e-02
3.757499999999999840e+00 2.668196269999999898e-02
3.759999999999999787e+00 2.687665024999999833e-02
3.762500000000000178e+00 2.669077324000000001e-02
3.765000000000000124e+00 2.650581139000000169e-02
3.767500000000000071e+00 2.659237709000000088e-02
3.770000000000000018e+00 2.641405545000000132e-02
3.772499999999999964e+00 2.652556210000000039e-02
3.774999999999999911e+00 2.641093314999999955e-02
3.777499999999999858e+00 2.624684953999999876e-02
3.779999999999999805e+00 2.623483052999999940e-02
3.782500000000000195e+00 2.620447014999999907e-02
3.785000000000000142e+00 2.606566395999999897e-02
3.787500000000000089e+00 2.609714500999999950e-02
3.790000000000000036e+00 2.604280431000000062e-02
3.792499999999999982e+00 2.612777851000000137e-02
3.794999999999999929e+00 2.590998985999999962e-02
3.797499999999999876e+00 2.593690488000000016e-02
3.799999999999999822e+00 2.584483967999999868e-02
3.802500000000000213e+00 2.571127713999999884e-02
3.805000000000000160e+00 2.568264215000000059e-02
3.807500000000000107e+00 2.580536241999999841e-02
3.810000000000000053e+00 2.550187085000000034e-02
3.812500000000000000e+00 2.556248318000000144e-02
3.814999999999999947e+00 2.542422009000000135e-02
3.817499999999999893e+00 2.536090216000000050e-02
3.819999999999999840e+00 2.531594650999999946e-02
3.822499999999999787e+00 2.528873154000000137e-02
3.825000000000000178e+00 2.514681444000000168e-02
3.827500000000000124e+00 2.515201058999999920e-02
3.830000000000000071e+00 2.514431677999999851e-02
3.832500000000000018e+00 2.499231451999999951e-02
3.834999999999999964e+00 2.500291502999999957e-02
3.837499999999999911e+00 2.485055002000000068e-02
3.839999999999999858e+00 2.494724636999999870e-02
3.842499999999999805e+00 2.479706044999999831e-02
3.845000000000000195e+00 2.479175026999999934e-02
3.847500000000000142e+00 2.461571377999999949e-02
3.850000000000000089e+00 2.463901806000000014e-02
3.852500000000000036e+00 2.453444717999999844e-02
3.854999999999999982e+00 2.455317418999999890e-02
3.857499999999999929e+00 2.456625105999999878e-02
3.859999999999999876e+00 2.448112935999999934e-02
3.862499999999999822e+00 2.436098509999999953e-02
3.865000000000000213e+00 2.436394153999999965e-02
3.867500000000000160e+00 2.431295825999999979e-02
3.870000000000000107e+00 2.417326599999999881e-02
3.872500000000000053e+00 2.417009662000000128e-02
3.875000000000000000e+00 2.415560450000000040e-02
3.877499999999999947e+00 2.395609246999999900e-02
3.879999999999999893e+00 2.390314999000000065e-02
3.882499999999999840e+00 2.407655031000000001e-02
3.884999999999999787e+00 2.381258907000000091e-02
3.887500000000000178e+00 2.378157003000000089e-02
3.890000000000000124e+00 2.383287895000000059e-02
3.892500000000000071e+00 2.379072425999999990e-02
3.895000000000000018e+00 2.360318601999999988e-02
3.897499999999999964e+00 2.357985744000000092e-02
3.899999999999999911e+00 2.354641593999999907e-02
3.902499999999999858e+00 2.355254201000000006e-02
3.904999999999999805e+00 2.347954194000000105e-02
3.907500000000000195e+00 2.335225377000000116e-02
3.910000000000000142e+00 2.343133153999999926e-02
3.912500000000000089e+00 2.334648026000000001e-02
3.915000000000000036e+00 2.326414629999999997e-02
3.917499999999999982e+00 2.316763818999999919e-02
3.919999999999999929e+00 2.310928050999999997e-02
3.922499999999999876e+00 2.306220977999999880e-02
3.924999999999999822e+00 2.300799024999999887e-02
3.927500000000000213e+00 2.297521979000000103e-02
3.930000000000000160e+00 2.284992045999999916e-02
3.932500000000000107e+00 2.287486812999999994e-02
3.935000000000000053e+00 2.284265742999999974e-02
3.937500000000000000e+00 2.284825704000000013e-02
3.939999999999999947e+00 2.271142782000000124e-02
3.942499999999999893e+00 2.257427085999999875e-02
3.944999999999999840e+00 2.254130462000000085e-02
3.947499999999999787e+00 2.255216745000000050e-02
3.950000000000000178e+00 2.248717869000000161e-02
3.952500000000000124e+00 2.239905103999999952e-02
3.955000000000000071e+00 2.245279538999999866e-02
3.957500000000000018e+00 2.226395487000000159e-02
3.959999999999999964e+00 2.219533875999999892e-02
3.962499999999999911e+00 2.225153323999999946e-02
3.964999999999999858e+00 2.208859191000000013e-02
3.967499999999999805e+00 2.213548632000000155e-02
3.970000000000000195e+00 2.209170549999999941e-02
3.972500000000000142e+00 2.196427012000000054e-02
3.975000000000000089e+00 2.179426925000000140e-02
3.977500000000000036e+00 2.183632376000000166e-02
3.979999999999999982e+00 2.174155108999999836e-02
3.982499999999999929e+00 2.174342581999999871e-02
3.984999999999999876e+00 2.172378750000000108e-02
3.987499999999999822e+00 2.155984945999999888e-02
3.990000000000000213e+00 2.161127213000000116e-02
3.992500000000000160e+00 2.142949551000000036e-02
3.995000000000000107e+00 2.147833421000000173e-02
3.997500000000000053e+00 2.144496062999999911e-02
4.000000000000000000e+00 2.128393292000000173e-02
4.002500000000000391e+00 2.127845277999999840e-02
4.004999999999999893e+00 2.121087536999999995e-02
4.007500000000000284e+00 2.123227469000000048e-02
4.009999999999999787e+00 2.114691239000000139e-02
4.012500000000000178e+00 2.099060876999999867e-02
4.014999999999999680e+00 2.093622912000000016e-02
4.017500000000000071e+00 2.098597573999999924e-02
4.019999999999999574e+00 2.084094143999999996e-02
4.022499999999999964e+00 2.092882466999999858e-02
4.025000000000000355e+00 2.087332524000000064e-02
4.027499999999999858e+00 2.083767736000000093e-02
4.030000000000000249e+00 2.076964411999999982e-02
4.032499999999999751e+00 2.077695967000000102e-02
4.035000000000000142e+00 2.069068183000000172e-02
4.037499999999999645e+00 2.049882008000000061e-02
4.040000000000000036e+00 2.056925937999999968e-02
4.042500000000000426e+00 2.043038423999999839e-02
4.044999999999999929e+00 2.035295394999999882e-02
4.047500000000000320e+00 2.023319841000000008e-02
4.049999999999999822e+00 2.031816795000000037e-02
4.052500000000000213e+00 2.037680052999999922e-02
4.054999999999999716e+00 2.021220353000000025e-02
4.057500000000000107e+00 2.019797849000000076e-02
4.059999999999999609e+00 2.008457556000000158e-02
4.062500000000000000e+00 2.006996235999999878e-02
4.065000000000000391e+00 1.994944728999999833e-02
4.067499999999999893e+00 1.981656512000000078e-02
4.070000000000000284e+00 1.990207853999999971e-02
4.072499999999999787e+00 1.985649656999999985e-02
4.075000000000000178e+00 1.965379924999999944e-02
4.077499999999999680e+00 1.973785081999999969e-02
4.080000000000000071e+00 1.958731664000000136e-02
4.082499999999999574e+00 1.960215694000000050e-02
4.084999999999999964e+00 1.951371932999999836e-02
4.087500000000000355e+00 1.937510459000000088e-02
4.089999999999999858e+00 1.945338917999999903e-02
4.092500000000000249e+00 1.925388561000000026e-02
4.094999999999999751e+00 1.917575910999999925e-02
4.097500000000000142e+00 1.908597248999999857e-02
4.099999999999999645e+00 1.923374967000000130e-02
4.102500000000000036e+00 1.913427460000000080e-02
4.105000000000000426e+00 1.916399578999999909e-02
4.107499999999999929e+00 1.897760328999999885e-02
4.110000000000000320e+00 1.904723880999999869e-02
4.112499999999999822e+00 1.884914232000000148e-02
4.115000000000000213e+00 1.890608225999999836e-02
4.117499999999999716e+00 1.882501424000000007e-02
4.120000000000000107e+00 1.879653421000000019e-02
4.122499999999999609e+00 1.870450141000000108e-02
4.125000000000000000e+00 1.861242964000000069e-02
4.127500000000000391e+00 1.853266781000000030e-02
4.129999999999999893e+00 1.852328204999999922e-02
4.132500000000000284e+00 1.831627552000000131e-02
4.134999999999999787e+00 1.842582556999999843e-02
4.137500000000000178e+00 1.846899931000000120e-02
4.139999999999999680e+00 1.826012050999999831e-02
4.142500000000000071e+00 1.831455298999999995e-02
4.144999999999999574e+00 1.822511254999999858e-02
4.147499999999999964e+00 1.808480444000000117e-02
4.150000000000000355e+00 1.809150858999999945e-02
4.152499999999999858e+00 1.795020891999999854e-02
4.155000000000000249e+00 1.802736247999999972e-02
4.157499999999999751e+00 1.788268865999999985e-02
4.160000000000000142e+00 1.798704200999999905e-02
4.162499999999999645e+00 1.777243853000000026e-02
4.165000000000000036e+00 1.768726125999999996e-02
4.167500000000000426e+00 1.769349149999999843e-02
4.169999999999999929e+00 1.758181723000000127e-02
4.172500000000000320e+00 1.766983748999999965e-02
4.174999999999999822e+00 1.748887697000000088e-02
4.177500000000000213e+00 1.744567955999999989e-02
4.179999999999999716e+00 1.742933815000000108e-02
4.182500000000000107e+00 1.739578799999999884e-02
4.184999999999999609e+00 1.736451420000000023e-02
4.187500000000000000e+00 1.720891462999999885e-02
4.190000000000000391e+00 1.720718086000000077e-02
4.192499999999999893e+00 1.725136098999999895e-02
4.195000000000000284e+00 1.714099437999999989e-02
4.197499999999999787e+00 1.700358072000000137e-02
4.200000000000000178e+00 1.701270495999999965e-02
4.202499999999999680e+00 1.707382151000000001e-02
4.205000000000000071e+00 1.688648741000000134e-02
4.207499999999999574e+00 1.686456638000000119e-02
4.209999999999999964e+00 1.681817676000000109e-02
4.212500000000000355e+00 1.674734532999999984e-02
4.214999999999999858e+00 1.663970264000000018e-02
4.217500000000000249e+00 1.659009817999999858e-02
4.219999999999999751e+00 1.658681471000000157e-02
4.222500000000000142e+00 1.651725181999999861e-02
4.224999999999999645e+00 1.646627092000000139e-02
4.227500000000000036e+00 1.629520023000000095e-02
4.230000000000000426e+00 1.629227097999999888e-02
4.232499999999999929e+00 1.632650295999999931e-02
4.235000000000000320e+00 1.640308014000000161e-02
4.237499999999999822e+00 1.611445572000000034e-02
4.240000000000000213e+00 1.605799927000000141e-02
4.242499999999999716e+00 1.599898669000000134e-02
4.245000000000000107e+00 1.605279490000000031e-02
4.247499999999999609e+00 1.593596029999999955e-02
4.250000000000000000e+00 1.592306140000000064e-02
4.252500000000000391e+00 1.581971335000000034e-02
4.254999999999999893e+00 1.578956110999999926e-02
4.257500000000000284e+00 1.582014437000000065e-02
4.259999999999999787e+00 1.554352644000000019e-02
4.262500000000000178e+00 1.567532870000000120e-02
4.264999999999999680e+00 1.552174989000000040e-02
4.267500000000000071e+00 1.553870019999999998e-02
4.269999999999999574e+00 1.552579632999999924e-02
4.272499999999999964e+00 1.541437717000000013e-02
4.275000000000000355e+00 1.537675041000000076e-02
4.277499999999999858e+00 1.527965264000000038e-02
4.280000000000000249e+00 1.529081049000000081e-02
4.282499999999999751e+00 1.532187970999999982e-02
4.285000000000000142e+00 1.519120640999999973e-02
4.287499999999999645e+00 1.516165574000000009e-02
4.290000000000000036e+00 1.504029024000000034e-02
4.292500000000000426e+00 1.500503656000000061e-02
4.294999999999999929e+00 1.496383215999999919e-02
4.297500000000000320e+00 1.481114164000000080e-02
4.299999999999999822e+00 1.485249892999999932e-02
4.302500000000000213e+00 1.477421433000000034e-02
4.304999999999999716e+00 1.474565993999999922e-02
4.307500000000000107e+00 1.475786517999999950e-02
4.309999999999999609e+00 1.455869991999999939e-02
4.312500000000000000e+00 1.455574521000000017e-02
4.315000000000000391e+00 1.458273631000000028e-02
4.317499999999999893e+00 1.436377754000000076e-02
4.320000000000000284e+00 1.437378421999999968e-02
4.322499999999999787e+00 1.442040112000000061e-02
4.325000000000000178e+00 1.429894423999999997e-02
4.327499999999999680e+00 1.429659622999999991e-02
4.330000000000000071e+00 1.413484746000000063e-02
4.332499999999999574e+00 1.414578552000000065e-02
4.334999999999999964e+00 1.403893280000000077e-02
4.337500000000000355e+00 1.401505326000000023e-02
4.339999999999999858e+00 1.398089467000000058e-02
4.342500000000000249e+00 1.389145297999999987e-02
4.344999999999999751e+00 1.386092556000000087e-02
4.347500000000000142e+00 1.387003527000000083e-02
4.349999999999999645e+00 1.373367565999999984e-02
4.352500000000000036e+00 1.364858528999999925e-02
4.355000000000000426e+00 1.366683699999999939e-02
4.357499999999999929e+00 1.354184473999999958e-02
4.360000000000000320e+00 1.357606261000000002e-02
4.362499999999999822e+00 1.358487199000000048e-02
4.365000000000000213e+00 1.334914105999999989e-02
4.367499999999999716e+00 1.335231125000000026e-02
4.370000000000000107e+00 1.330816760000000029e-02
4.372499999999999609e+00 1.338927001000000082e-02
4.375000000000000000e+00 1.336905965999999994e-02
4.377500000000000391e+00 1.317340154999999992e-02
4.379999999999999893e+00 1.312988101000000032e-02
4.382500000000000284e+00 1.302541129999999943e-02
4.384999999999999787e+00 1.304823014000000038e-02
4.387500000000000178e+00 1.295853544999999926e-02
4.389999999999999680e+00 1.296879825000000000e-02
4.392500000000000071e+00 1.286562345000000045e-02
4.394999999999999574e+00 1.277110486000000017e-02
4.397499999999999964e+00 1.276184374999999975e-02
4.400000000000000355e+00 1.269879802999999974e-02
4.402499999999999858e+00 1.273604203000000025e-02
4.405000000000000249e+00 1.260236336999999950e-02
4.407499999999999751e+00 1.258389885999999964e-02
4.410000000000000142e+00 1.252114290999999970e-02
4.412499999999999645e+00 1.254549968999999973e-02
4.415000000000000036e+00 1.244652853999999968e-02
4.417500000000000426e+00 1.236746426999999968e-02
4.419999999999999929e+00 1.234790082000000039e-02
4.422500000000000320e+00 1.217958218999999967e-02
4.424999999999999822e+00 1.216163919999999933e-02
4.427500000000000213e+00 1.215416884000000003e-02
4.429999999999999716e+00 1.220743357000000050e-02
4.432500000000000107e+00 1.206823924999999957e-02
4.434999999999999609e+00 1.191957427999999937e-02
4.437500000000000000e+00 1.186143983000000068e-02
4.440000000000000391e+00 1.185217757000000052e-02
4.442499999999999893e+00 1.188184240000000023e-02
4.445000000000000284e+00 1.183404316999999914e-02
4.447499999999999787e+00 1.172356469999999949e-02
4.450000000000000178e+00 1.168675993999999940e-02
4.452499999999999680e+00 1.157975101999999916e-02
4.455000000000000071e+00 1.143224598999999925e-02
4.457499999999999574e+00 1.150148311000000027e-02
4.459999999999999964e+00 1.138955260000000004e-02
4.462500000000000355e+00 1.142539488000000013e-02
4.464999999999999858e+00 1.127522830000000052e-02
4.467500000000000249e+00 1.126015036000000032e-02
4.469999999999999751e+00 1.122388401000000077e-02
4.472500000000000142e+00 1.127438564000000053e-02
4.474999999999999645e+00 1.110368670999999953e-02
4.477500000000000036e+00 1.097825158000000079e-02
4.480000000000000426e+00 1.096920168999999945e-02
4.482499999999999929e+00 1.098801855999999993e-02
4.485000000000000320e+00 1.094111902999999990e-02
4.487499999999999822e+00 1.080032591000000021e-02
4.490000000000000213e+00 1.079399504000000051e-02
4.492499999999999716e+00 1.064497394000000000e-02
4.495000000000000107e+00 1.077375747000000085e-02
4.497499999999999609e+00 1.066901060000000068e-02
4.500000000000000000e+00 1.047979087000000011e-02
4.502500000000000391e+00 1.049754269999999927e-02
4.504999999999999893e+00 1.050331577999999953e-02
4.507500000000000284e+00 1.042977682000000017e-02
4.509999999999999787e+00 1.047202342999999959e-02
4.512500000000000178e+00 1.038210223999999973e-02
4.514999999999999680e+00 1.023813923000000022e-02
4.517500000000000071e+00 1.022431411999999949e-02
4.519999999999999574e+00 1.023799392000000058e-02
4.522499999999999964e+00 1.019938708999999950e-02
4.525000000000000355e+00 1.021459966000000039e-02
4.527499999999999858e+00 1.004282674000000000e-02
4.530000000000000249e+00 9.798655123999999370e-03
4.532499999999999751e+00 9.774529375000000353e-03
4.535000000000000142e+00 9.865482063999999815e-03
4.537499999999999645e+00 9.792794510999999757e-03
4.540000000000000036e+00 9.687983028999999288e-03
4.542500000000000426e+00 9.766166955000000691e-03
4.544999999999999929e+00 9.699318591000000850e-03
4.547500000000000320e+00 9.589363634000000122e-03
4.549999999999999822e+00 9.413214419999999666e-03
4.552500000000000213e+00 9.481903320000000315e-03
4.554999999999999716e+00 9.377166343999999640e-03
4.557500000000000107e+00 9.410501675000000274e-03
4.559999999999999609e+00 9.314527803999999786e-03
4.562500000000000000e+00 9.228412214000000086e-03
4.565000000000000391e+00 9.233918671999999730e-03
4.567499999999999893e+00 9.087626071000000708e-03
4.570000000000000284e+00 9.038803203000000258e-03
4.572499999999999787e+00 9.125832408000000492e-03
4.575000000000000178e+00 8.938672268000000601e-03
4.577499999999999680e+00 8.936553802999999685e-03
4.580000000000000071e+00 8.906716230000000234e-03
4.582499999999999574e+00 8.872253126999999143e-03
4.584999999999999964e+00 8.866386080000000086e-03
4.587500000000000355e+00 8.594593920000000858e-03
4.589999999999999858e+00 8.690152523999999240e-03
4.592500000000000249e+00 8.671190393999999788e-03
4.594999999999999751e+00 8.529317846000000758e-03
4.597500000000000142e+00 8.573974067999999560e-03
4.599999999999999645e+00 8.463144251999999562e-03
4.602500000000000036e+00 8.394196688000000323e-03
4.605000000000000426e+00 8.271171670999999392e-03
4.607499999999999929e+00 8.296952402000000795e-03
4.610000000000000320e+00 8.252970697999999911e-03
4.612499999999999822e+00 8.217491021999999423e-03
4.615000000000000213e+00 8.192102458000000489e-03
4.617499999999999716e+00 8.044778767999999358e-03
4.620000000000000107e+00 8.017348057999999431e-03
4.622499999999999609e+00 7.997845114000000366e-03
4.625000000000000000e+00 7.947849320000000342e-03
4.627500000000000391e+00 7.794201673999999642e-03
4.629999999999999893e+00 7.801665769999999688e-03
4.632500000000000284e+00 7.706926093000000290e-03
4.634999999999999787e+00 7.715635440999999740e-03
4.637500000000000178e+00 7.737361132000000231e-03
4.639999999999999680e+00 7.644486368000000080e-03
4.642500000000000071e+00 7.584317737000000233e-03
4.644999999999999574e+00 7.636189312999999874e-03
4.647499999999999964e+00 7.409854292999999703e-03
4.650000000000000355e+00 7.399646676999999638e-03
4.652499999999999858e+00 7.388996741999999743e-03
4.655000000000000249e+00 7.320032211000000212e-03
4.657499999999999751e+00 7.090725921000000202e-03
4.660000000000000142e+00 7.216376170999999791e-03
4.662499999999999645e+00 7.134254244999999918e-03
4.665000000000000036e+00 7.081207507999999658e-03
4.667500000000000426e+00 6.975154566999999806e-03
4.669999999999999929e+00 6.969115898999999996e-03
4.672500000000000320e+00 6.995821804000000414e-03
4.674999999999999822e+00 6.894950652999999943e-03
4.677500000000000213e+00 6.807515251000000392e-03
4.679999999999999716e+00 6.719727747000000043e-03
4.682500000000000107e+00 6.794899186000000202e-03
4.684999999999999609e+00 6.665716046000000165e-03
4.687500000000000000e+00 6.648132420000000230e-03
4.690000000000000391e+00 6.471825411999999715e-03
4.692499999999999893e+00 6.438021557000000311e-03
4.695000000000000284e+00 6.421524131000000413e-03
4.697499999999999787e+00 6.427854262000000027e-03
4.700000000000000178e+00 6.271766376999999594e-03
4.702499999999999680e+00 6.296007311000000224e-03
4.705000000000000071e+00 6.291626284999999978e-03
4.707499999999999574e+00 6.034894221999999829e-03
4.709999999999999964e+00 6.155659251999999818e-03
4.712500000000000355e+00 6.125739027999999725e-03
4.714999999999999858e+00 5.923918157999999608e-03
4.717500000000000249e+00 5.926337638000000324e-03
4.719999999999999751e+00 5.899705616000000021e-03
4.722500000000000142e+00 5.910760039000000424e-03
4.724999999999999645e+00 5.715378117999999653e-03
4.727500000000000036e+00 5.780504942000000250e-03
4.730000000000000426e+00 5.760381392999999912e-03
4.732499999999999929e+00 5.669518844000000224e-03
4.735000000000000320e+00 5.635231707999999867e-03
4.737499999999999822e+00 5.642430256999999769e-03
4.740000000000000213e+00 5.325865104000000391e-03
4.742499999999999716e+00 5.478087341000000346e-03
4.745000000000000107e+00 5.290074064999999819e-03
4.747499999999999609e+00 5.236239812999999958e-03
4.750000000000000000e+00 5.215318243000000367e-03
4.752500000000000391e+00 5.156383819000000257e-03
4.754999999999999893e+00 5.113198375999999587e-03
4.757500000000000284e+00 5.023938325999999926e-03
4.759999999999999787e+00 5.064570552000000406e-03
4.762500000000000178e+00 4.921527121000000143e-03
4.764999999999999680e+00 5.038671284000000375e-03
4.767500000000000071e+00 4.897385368999999586e-03
4.769999999999999574e+00 4.963431526000000420e-03
4.772499999999999964e+00 4.900017217000000001e-03
4.775000000000000355e+00 4.771185263000000086e-03
4.777499999999999858e+00 4.793384288999999639e-03
4.780000000000000249e+00 4.646550026999999618e-03
4.782499999999999751e+00 4.510108344999999574e-03
4.785000000000000142e+00 4.499334086000000323e-03
4.787499999999999645e+00 4.443014813999999688e-03
4.790000000000000036e+00 4.457753457000000405e-03
4.792500000000000426e+00 4.351304567000000185e-03
4.794999999999999929e+00 4.416432823999999827e-03
4.797500000000000320e+00 4.267680482999999629e-03
4.799999999999999822e+00 4.229933346999999871e-03
4.802500000000000213e+00 4.146500778000000373e-03
4.804999999999999716e+00 4.051761113999999622e-03
4.807500000000000107e+00 4.076422110000000112e-03
4.809999999999999609e+00 3.927252114999999974e-03
4.812500000000000000e+00 3.917307414000000161e-03
4.815000000000000391e+00 3.929530100000000123e-03
4.817499999999999893e+00 3.726371357999999894e-03
4.820000000000000284e+00 3.908860713999999861e-03
4.822499999999999787e+00 3.858247262999999795e-03
4.825000000000000178e+00 3.588123498000000099e-03
4.827499999999999680e+00 3.701761978000000022e-03
4.830000000000000071e+00 3.594304615000000133e-03
4.832499999999999574e+00 3.475176873999999937e-03
4.834999999999999964e+00 3.510403962000000107e-03
4.837500000000000355e+00 3.406775123999999846e-03
4.839999999999999858e+00 3.330619864999999954e-03
4.842500000000000249e+00 3.357166887999999891e-03
4.844999999999999751e+00 3.213570143000000091e-03
4.847500000000000142e+00 3.093953378000000205e-03
4.849999999999999645e+00 3.068087694999999983e-03
4.852500000000000036e+00 3.162829856999999859e-03
4.855000000000000426e+00 2.963444610000000139e-03
4.857499999999999929e+00 3.001759245999999996e-03
4.860000000000000320e+00 2.982901640000000087e-03
4.862499999999999822e+00 2.929572254999999927e-03
4.865000000000000213e+00 2.763237707000000196e-03
4.867499999999999716e+00 2.896108976000000106e-03
4.870000000000000107e+00 2.675719603000000207e-03
4.872499999999999609e+00 2.634991745000000215e-03
4.875000000000000000e+00 2.591800787999999894e-03
4.877500000000000391e+00 2.685404461000000069e-03
4.879999999999999893e+00 2.485395906999999897e-03
4.882500000000000284e+00 2.498415881999999869e-03
4.884999999999999787e+00 2.380609075999999807e-03
4.887500000000000178e+00 2.320366256000000200e-03
4.889999999999999680e+00 2.441640864000000147e-03
4.892500000000000071e+00 2.269273270999999821e-03
4.894999999999999574e+00 2.337505892000000043e-03
4.897499999999999964e+00 2.198323117999999819e-03
4.900000000000000355e+00 1.979868370999999898e-03
4.902499999999999858e+00 2.128029277999999788e-03
4.905000000000000249e+00 2.027626646999999838e-03
4.907499999999999751e+00 2.021357116000000072e-03
4.910000000000000142e+00 1.979025286999999862e-03
4.912499999999999645e+00 1.793783518000000065e-03
4.915000000000000036e+00 1.883400455000000051e-03
4.917500000000000426e+00 1.727792308999999979e-03
4.919999999999999929e+00 1.718116916000000027e-03
4.922500000000000320e+00 1.521554644000000078e-03
4.924999999999999822e+00 1.498130730999999976e-03
4.927500000000000213e+00 1.543965414000000088e-03
4.929999999999999716e+00 1.406767488999999954e-03
4.932500000000000107e+00 1.343907647000000104e-03
4.934999999999999609e+00 1.341922506000000096e-03
4.937500000000000000e+00 1.322480171999999973e-03
4.940000000000000391e+00 1.209821260000000075e-03
4.942499999999999893e+00 1.240629032999999905e-03
4.945000000000000284e+00 1.268181893000000070e-03
4.947499999999999787e+00 1.076253059000000087e-03
4.950000000000000178e+00 1.039085119000000097e-03
4.952499999999999680e+00 9.677872141999999773e-04
4.955000000000000071e+00 1.020350604999999914e-03
4.957499999999999574e+00 8.984587391000000431e-04
4.959999999999999964e+00 8.108096903000000044e-04
4.962500000000000355e+00 8.360386225999999780e-04
4.964999999999999858e+00 7.927444613000000006e-04
4.967500000000000249e+00 6.960115781999999919e-04
4.969999999999999751e+00 5.779700669999999737e-04
4.972500000000000142e+00 5.989668904999999495e-04
4.974999999999999645e+00 5.528127347000000216e-04
4.977500000000000036e+00 5.280080519999999587e-04
4.980000000000000426e+00 4.601070104999999762e-04
4.982499999999999929e+00 4.375311828000000270e-04
4.985000000000000320e+00 3.983703485999999907e-04
4.987499999999999822e+00 1.820801152000000027e-04
4.990000000000000213e+00 1.632290055999999884e-04
4.992499999999999716e+00 9.387401410000000609e-05
4.995000000000000107e+00 1.550686114000000046e-04
4.997499999999999609e+00 -8.799487022999999395e-06
5.000000000000000000e+00 0.000000000000000000e+00
5.002500000000000391e+00 8.799487022999999395e-06
5.004999999999999893e+00 -1.550686114000000046e-04
5.007500000000000284e+00 -9.387401410000000609e-05
5.009999999999999787e+00 -1.632290055999999884e-04
5.012500000000000178e+00 -1.820801152000000027e-04
5.014999999999999680e+00 -3.983703485999999907e-04
5.017500000000000071e+00 -4.375311828000000270e-04
5.019999999999999574e+00 -4.601070104999999762e-04
5.022499999999999964e+00 -5.280080519999999587e-04
5.025000000000000355e+00 -5.528127347000000216e-04
5.027499999999999858e+00 -5.989668904999999495e-04
5.030000000000000249e+00 -5.779700669999999737e-04
5.032499999999999751e+00 -6.960115781999999919e-04
5.035000000000000142e+00 -7.927444613000000006e-04
5.037499999999999645e+00 -8.360386225999999780e-04
5.040000000000000036e+00 -8.108096903000000044e-04
5.042500000000000426e+00 -8.984587391000000431e-04
5.044999999999999929e+00 -1.020350604999999914e-03
5.047500000000000320e+00 -9.677872141999999773e-04
5.049999999999999822e+00 -1.039085119000000097e-03
5.052500000000000213e+00 -1.076253059000000087e-03
5.054999999999999716e+00 -1.268181893000000070e-03
5.057500000000000107e+00 -1.240629032999999905e-03
5.059999999999999609e+00 -1.209821260000000075e-03
5.062500000000000000e+00 -1.322480171999999973e-03
5.065000000000000391e+00 -1.341922506000000096e-03
5.067499999999999893e+00 -1.343907647000000104e-03
5.070000000000000284e+00 -1.406767488999999954e-03
5.072499999999999787e+00 -1.543965414000000088e-03
5.075000000000000178e+00 -1.498130730999999976e-03
5.077499999999999680e+00 -1.521554644000000078e-03
5.080000000000000071e+00 -1.718116916000000027e-03
5.082499999999999574e+00 -1.727792308999999979e-03
5.084999999999999964e+00 -1.883400455000000051e-03
5.087500000000000355e+00 -1.793783518000000065e-03
5.089999999999999858e+00 -1.979025286999999862e-03
5.092500000000000249e+00 -2.021357116000000072e-03
5.094999999999999751e+00 -2.027626646999999838e-03
5.097500000000000142e+00 -2.128029277999999788e-03
5.099999999999999645e+00 -1.979868370999999898e-03
5.102500000000000036e+00 -2.198323117999999819e-03
5.105000000000000426e+00 -2.337505892000000043e-03
5.107499999999999929e+00 -2.269273270999999821e-03
5.110000000000000320e+00 -2.441640864000000147e-03
5.112499999999999822e+00 -2.320366256000000200e-03
5.115000000000000213e+00 -2.380609075999999807e-03
5.117499999999999716e+00 -2.498415881999999869e-03
5.120000000000000107e+00 -2.485395906999999897e-03
5.122499999999999609e+00 -2.685404461000000069e-03
5.125000000000000000e+00 -2.591800787999999894e-03
5.127500000000000391e+00 -2.634991745000000215e-03
5.129999999999999893e+00 -2.675719603000000207e-03
5.132500000000000284e+00 -2.896108976000000106e-03
5.134999999999999787e+00 -2.763237707000000196e-03
5.137500000000000178e+00 -2.929572254999999927e-03
5.139999999999999680e+00 -2.982901640000000087e-03
5.142500000000000071e+00 -3.001759245999999996e-03
5.144999999999999574e+00 -2.963444610000000139e-03
5.147499999999999964e+00 -3.162829856999999859e-03
5.150000000000000355e+00 -3.068087694999999983e-03
5.152499999999999858e+00 -3.093953378000000205e-03
5.155000000000000249e+00 -3.213570143000000091e-03
5.157499999999999751e+00 -3.357166887999999891e-03
5.160000000000000142e+00 -3.330619864999999954e-03
5.162499999999999645e+00 -3.406775123999999846e-03
5.165000000000000036e+00 -3.510403962000000107e-03
5.167500000000000426e+00 -3.475176873999999937e-03
5.169999999999999929e+00 -3.594304615000000133e-03
5.172500000000000320e+00 -3.701761978000000022e-03
5.174999999999999822e+00 -3.588123498000000099e-03
5.177500000000000213e+00 -3.858247262999999795e-03
5.179999999999999716e+00 -3.908860713999999861e-03
5.182500000000000107e+00 -3.726371357999999894e-03
5.184999999999999609e+00 -3.929530100000000123e-03
5.187500000000000000e+00 -3.917307414000000161e-03
5.190000000000000391e+00 -3.927252114999999974e-03
5.192499999999999893e+00 -4.076422110000000112e-03
5.195000000000000284e+00 -4.051761113999999622e-03
5.197499999999999787e+00 -4.146500778000000373e-03
5.200000000000000178e+00 -4.229933346999999871e-03
5.202499999999999680e+00 -4.267680482999999629e-03
5.205000000000000071e+00 -4.416432823999999827e-03
5.207499999999999574e+00 -4.351304567000000185e-03
5.209999999999999964e+00 -4.457753457000000405e-03
5.212500000000000355e+00 -4.443014813999999688e-03
5.214999999999999858e+00 -4.499334086000000323e-03
5.217500000000000249e+00 -4.510108344999999574e-03
5.219999999999999751e+00 -4.646550026999999618e-03
5.222500000000000142e+00 -4.793384288999999639e-03
5.224999999999999645e+00 -4.771185263000000086e-03
5.227500000000000036e+00 -4.900017217000000001e-03
5.230000000000000426e+00 -4.963431526000000420e-03
5.232499999999999929e+00 -4.897385368999999586e-03
5.235000000000000320e+00 -5.038671284000000375e-03
5.237499999999999822e+00 -4.921527121000000143e-03
5.240000000000000213e+00 -5.064570552000000406e-03
5.242499999999999716e+00 -5.023938325999999926e-03
5.245000000000000107e+00 -5.113198375999999587e-03
5.247499999999999609e+00 -5.156383819000000257e-03
5.250000000000000000e+00 -5.215318243000000367e-03
5.252500000000000391e+00 -5.236239812999999958e-03
5.254999999999999893e+00 -5.290074064999999819e-03
5.257500000000000284e+00 -5.478087341000000346e-03
5.259999999999999787e+00 -5.325865104000000391e-03
5.262500000000000178e+00 -5.642430256999999769e-03
5.264999999999999680e+00 -5.635231707999999867e-03
5.267500000000000071e+00 -5.669518844000000224e-03
5.269999999999999574e+00 -5.760381392999999912e-03
5.272499999999999964e+00 -5.780504942000000250e-03
5.275000000000000355e+00 -5.715378117999999653e-03
5.277499999999999858e+00 -5.910760039000000424e-03
5.280000000000000249e+00 -5.899705616000000021e-03
5.282499999999999751e+00 -5.926337638000000324e-03
5.285000000000000142e+00 -5.923918157999999608e-03
5.287499999999999645e+00 -6.125739027999999725e-03
5.290000000000000036e+00 -6.155659251999999818e-03
5.292500000000000426e+00 -6.034894221999999829e-03
5.294999999999999929e+00 -6.291626284999999978e-03
5.297500000000000320e+00 -6.296007311000000224e-03
5.299999999999999822e+00 -6.271766376999999594e-03
5.302500000000000213e+00 -6.427854262000000027e-03
5.304999999999999716e+00 -6.421524131000000413e-03
5.307500000000000107e+00 -6.438021557000000311e-03
5.309999999999999609e+00 -6.471825411999999715e-03
5.312500000000000000e+00 -6.648132420000000230e-03
5.315000000000000391e+00 -6.665716046000000165e-03
5.317499999999999893e+00 -6.794899186000000202e-03
5.320000000000000284e+00 -6.719727747000000043e-03
5.322499999999999787e+00 -6.807515251000000392e-03
5.325000000000000178e+00 -6.894950652999999943e-03
5.327499999999999680e+00 -6.995821804000000414e-03
5.330000000000000071e+00 -6.969115898999999996e-03
5.332499999999999574e+00 -6.975154566999999806e-03
5.334999999999999964e+00 -7.081207507999999658e-03
5.337500000000000355e+00 -7.134254244999999918e-03
5.339999999999999858e+00 -7.216376170999999791e-03
5.342500000000000249e+00 -7.090725921000000202e-03
5.344999999999999751e+00 -7.320032211000000212e-03
5.347500000000000142e+00 -7.388996741999999743e-03
5.349999999999999645e+00 -7.399646676999999638e-03
5.352500000000000036e+00 -7.409854292999999703e-03
5.355000000000000426e+00 -7.636189312999999874e-03
5.357499999999999929e+00 -7.584317737000000233e-03
5.360000000000000320e+00 -7.644486368000000080e-03
5.362499999999999822e+00 -7.737361132000000231e-03
5.365000000000000213e+00 -7.715635440999999740e-03
5.367499999999999716e+00 -7.706926093000000290e-03
5.370000000000000107e+00 -7.801665769999999688e-03
5.372499999999999609e+00 -7.794201673999999642e-03
5.375000000000000000e+00 -7.947849320000000342e-03
5.377500000000000391e+00 -7.997845114000000366e-03
5.379999999999999893e+00 -8.017348057999999431e-03
5.382500000000000284e+00 -8.044778767999999358e-03
5.384999999999999787e+00 -8.192102458000000489e-03
5.387500000000000178e+00 -8.217491021999999423e-03
5.389999999999999680e+00 -8.252970697999999911e-03
5.392500000000000071e+00 -8.296952402000000795e-03
5.394999999999999574e+00 -8.271171670999999392e-03
5.397499999999999964e+00 -8.394196688000000323e-03
5.400000000000000355e+00 -8.463144251999999562e-03
5.402499999999999858e+00 -8.573974067999999560e-03
5.405000000000000249e+00 -8.529317846000000758e-03
5.407499999999999751e+00 -8.671190393999999788e-03
5.410000000000000142e+00 -8.690152523999999240e-03
5.412499999999999645e+00 -8.594593920000000858e-03
5.415000000000000036e+00 -8.866386080000000086e-03
5.417500000000000426e+00 -8.872253126999999143e-03
5.419999999999999929e+00 -8.906716230000000234e-03
5.422500000000000320e+00 -8.936553802999999685e-03
5.424999999999999822e+00 -8.938672268000000601e-03
5.427500000000000213e+00 -9.125832408000000492e-03
5.429999999999999716e+00 -9.038803203000000258e-03
5.432500000000000107e+00 -9.087626071000000708e-03
5.434999999999999609e+00 -9.233918671999999730e-03
5.437500000000000000e+00 -9.228412214000000086e-03
5.440000000000000391e+00 -9.314527803999999786e-03
5.442499999999999893e+00 -9.410501675000000274e-03
5.445000000000000284e+00 -9.377166343999999640e-03
5.447499999999999787e+00 -9.481903320000000315e-03
5.450000000000000178e+00 -9.413214419999999666e-03
5.452499999999999680e+00 -9.589363634000000122e-03
5.455000000000000071e+00 -9.699318591000000850e-03
5.457499999999999574e+00 -9.766166955000000691e-03
5.459999999999999964e+00 -9.687983028999999288e-03
5.462500000000000355e+00 -9.792794510999999757e-03
5.464999999999999858e+00 -9.865482063999999815e-03
5.467500000000000249e+00 -9.774529375000000353e-03
5.469999999999999751e+00 -9.798655123999999370e-03
5.472500000000000142e+00 -1.004282674000000000e-02
5.474999999999999645e+00 -1.021459966000000039e-02
5.477500000000000036e+00 -1.019938708999999950e-02
5.480000000000000426e+00 -1.023799392000000058e-02
5.482499999999999929e+00 -1.022431411999999949e-02
5.485000000000000320e+00 -1.023813923000000022e-02
5.487499999999999822e+00 -1.038210223999999973e-02
5.490000000000000213e+00 -1.047202342999999959e-02
5.492499999999999716e+00 -1.042977682000000017e-02
5.495000000000000107e+00 -1.050331577999999953e-02
5.497499999999999609e+00 -1.049754269999999927e-02
5.500000000000000000e+00 -1.047979087000000011e-02
5.502500000000000391e+00 -1.066901060000000068e-02
5.504999999999999893e+00 -1.077375747000000085e-02
5.507500000000000284e+00 -1.064497394000000000e-02
5.509999999999999787e+00 -1.079399504000000051e-02
5.512500000000000178e+00 -1.080032591000000021e-02
5.514999999999999680e+00 -1.094111902999999990e-02
5.517500000000000071e+00 -1.098801855999999993e-02
5.519999999999999574e+00 -1.096920168999999945e-02
5.522499999999999964e+00 -1.097825158000000079e-02
5.525000000000000355e+00 -1.110368670999999953e-02
5.527499999999999858e+00 -1.127438564000000053e-02
5.530000000000000249e+00 -1.122388401000000077e-02
5.532499999999999751e+00 -1.126015036000000032e-02
5.535000000000000142e+00 -1.127522830000000052e-02
5.537499999999999645e+00 -1.142539488000000013e-02
5.540000000000000036e+00 -1.138955260000000004e-02
5.542500000000000426e+00 -1.150148311000000027e-02
5.544999999999999929e+00 -1.143224598999999925e-02
5.547500000000000320e+00 -1.157975101999999916e-02
5.549999999999999822e+00 -1.168675993999999940e-02
5.552500000000000213e+00 -1.172356469999999949e-02
5.554999999999999716e+00 -1.183404316999999914e-02
5.557500000000000107e+00 -1.188184240000000023e-02
5.559999999999999609e+00 -1.185217757000000052e-02
5.562500000000000000e+00 -1.186143983000000068e-02
5.565000000000000391e+00 -1.191957427999999937e-02
5.567499999999999893e+00 -1.206823924999999957e-02
5.570000000000000284e+00 -1.220743357000000050e-02
5.572499999999999787e+00 -1.215416884000000003e-02
5.575000000000000178e+00 -1.216163919999999933e-02
5.577499999999999680e+00 -1.217958218999999967e-02
5.580000000000000071e+00 -1.234790082000000039e-02
5.582499999999999574e+00 -1.236746426999999968e-02
5.584999999999999964e+00 -1.244652853999999968e-02
5.587500000000000355e+00 -1.254549968999999973e-02
5.589999999999999858e+00 -1.252114290999999970e-02
5.592500000000000249e+00 -1.258389885999999964e-02
5.594999999999999751e+00 -1.260236336999999950e-02
5.597500000000000142e+00 -1.273604203000000025e-02
5.599999999999999645e+00 -1.269879802999999974e-02
5.602500000000000036e+00 -1.276184374999999975e-02
5.605000000000000426e+00 -1.277110486000000017e-02
5.607499999999999929e+00 -1.286562345000000045e-02
5.610000000000000320e+00 -1.296879825000000000e-02
5.612499999999999822e+00 -1.295853544999999926e-02
5.615000000000000213e+00 -1.304823014000000038e-02
5.617499999999999716e+00 -1.302541129999999943e-02
5.620000000000000107e+00 -1.312988101000000032e-02
5.622499999999999609e+00 -1.317340154999999992e-02
5.625000000000000000e+00 -1.336905965999999994e-02
5.627500000000000391e+00 -1.338927001000000082e-02
5.629999999999999893e+00 -1.330816760000000029e-02
5.632500000000000284e+00 -1.335231125000000026e-02
5.634999999999999787e+00 -1.334914105999999989e-02
5.637500000000000178e+00 -1.358487199000000048e-02
5.639999999999999680e+00 -1.357606261000000002e-02
5.642500000000000071e+00 -1.354184473999999958e-02
5.644999999999999574e+00 -1.366683699999999939e-02
5.647499999999999964e+00 -1.364858528999999925e-02
5.650000000000000355e+00 -1.373367565999999984e-02
5.652499999999999858e+00 -1.387003527000000083e-02
5.655000000000000249e+00 -1.386092556000000087e-02
5.657499999999999751e+00 -1.389145297999999987e-02
5.660000000000000142e+00 -1.398089467000000058e-02
5.662499999999999645e+00 -1.401505326000000023e-02
5.665000000000000036e+00 -1.403893280000000077e-02
5.667500000000000426e+00 -1.414578552000000065e-02
5.669999999999999929e+00 -1.413484746000000063e-02
5.672500000000000320e+00 -1.429659622999999991e-02
5.674999999999999822e+00 -1.429894423999999997e-02
5.677500000000000213e+00 -1.442040112000000061e-02
5.679999999999999716e+00 -1.437378421999999968e-02
5.682500000000000107e+00 -1.436377754000000076e-02
5.684999999999999609e+00 -1.458273631000000028e-02
5.687500000000000000e+00 -1.455574521000000017e-02
5.690000000000000391e+00 -1.455869991999999939e-02
5.692499999999999893e+00 -1.475786517999999950e-02
5.695000000000000284e+00 -1.474565993999999922e-02
5.697499999999999787e+00 -1.477421433000000034e-02
5.700000000000000178e+00 -1.485249892999999932e-02
5.702499999999999680e+00 -1.481114164000000080e-02
5.705000000000000071e+00 -1.496383215999999919e-02
5.707499999999999574e+00 -1.500503656000000061e-02
5.709999999999999964e+00 -1.504029024000000034e-02
5.712500000000000355e+00 -1.516165574000000009e-02
5.714999999999999858e+00 -1.519120640999999973e-02
5.717500000000000249e+00 -1.532187970999999982e-02
5.719999999999999751e+00 -1.529081049000000081e-02
5.722500000000000142e+00 -1.527965264000000038e-02
5.724999999999999645e+00 -1.537675041000000076e-02
5.727500000000000036e+00 -1.541437717000000013e-02
5.730000000000000426e+00 -1.552579632999999924e-02
5.732499999999999929e+00 -1.553870019999999998e-02
5.735000000000000320e+00 -1.552174989000000040e-02
5.737499999999999822e+00 -1.567532870000000120e-02
5.740000000000000213e+00 -1.554352644000000019e-02
5.742499999999999716e+00 -1.582014437000000065e-02
5.745000000000000107e+00 -1.578956110999999926e-02
5.747499999999999609e+00 -1.581971335000000034e-02
5.750000000000000000e+00 -1.592306140000000064e-02
5.752500000000000391e+00 -1.593596029999999955e-02
5.754999999999999893e+00 -1.605279490000000031e-02
5.757500000000000284e+00 -1.599898669000000134e-02
5.759999999999999787e+00 -1.605799927000000141e-02
5.762500000000000178e+00 -1.611445572000000034e-02
5.764999999999999680e+00 -1.640308014000000161e-02
5.767500000000000071e+00 -1.632650295999999931e-02
5.769999999999999574e+00 -1.629227097999999888e-02
5.772499999999999964e+00 -1.629520023000000095e-02
5.775000000000000355e+00 -1.646627092000000139e-02
5.777499999999999858e+00 -1.651725181999999861e-02
5.780000000000000249e+00 -1.658681471000000157e-02
5.782499999999999751e+00 -1.659009817999999858e-02
5.785000000000000142e+00 -1.663970264000000018e-02
5.787499999999999645e+00 -1.674734532999999984e-02
5.790000000000000036e+00 -1.681817676000000109e-02
5.792500000000000426e+00 -1.686456638000000119e-02
5.794999999999999929e+00 -1.688648741000000134e-02
5.797500000000000320e+00 -1.707382151000000001e-02
5.799999999999999822e+00 -1.701270495999999965e-02
5.802500000000000213e+00 -1.700358072000000137e-02
5.804999999999999716e+00 -1.714099437999999989e-02
5.807500000000000107e+00 -1.725136098999999895e-02
5.809999999999999609e+00 -1.720718086000000077e-02
5.812500000000000000e+00 -1.720891462999999885e-02
5.815000000000000391e+00 -1.736451420000000023e-02
5.817499999999999893e+00 -1.739578799999999884e-02
5.820000000000000284e+00 -1.742933815000000108e-02
5.822499999999999787e+00 -1.744567955999999989e-02
5.825000000000000178e+00 -1.748887697000000088e-02
5.827499999999999680e+00 -1.766983748999999965e-02
5.830000000000000071e+00 -1.758181723000000127e-02
5.832499999999999574e+00 -1.769349149999999843e-02
5.834999999999999964e+00 -1.768726125999999996e-02
5.837500000000000355e+00 -1.777243853000000026e-02
5.839999999999999858e+00 -1.798704200999999905e-02
5.842500000000000249e+00 -1.788268865999999985e-02
5.844999999999999751e+00 -1.802736247999999972e-02
5.847500000000000142e+00 -1.795020891999999854e-02
5.849999999999999645e+00 -1.809150858999999945e-02
5.852500000000000036e+00 -1.808480444000000117e-02
5.855000000000000426e+00 -1.822511254999999858e-02
5.857499999999999929e+00 -1.831455298999999995e-02
5.860000000000000320e+00 -1.826012050999999831e-02
5.862499999999999822e+00 -1.846899931000000120e-02
5.865000000000000213e+00 -1.842582556999999843e-02
5.867499999999999716e+00 -1.831627552000000131e-02
5.870000000000000107e+00 -1.852328204999999922e-02
5.872499999999999609e+00 -1.853266781000000030e-02
5.875000000000000000e+00 -1.861242964000000069e-02
5.877500000000000391e+00 -1.870450141000000108e-02
5.879999999999999893e+00 -1.879653421000000019e-02
5.882500000000000284e+00 -1.882501424000000007e-02
5.884999999999999787e+00 -1.890608225999999836e-02
5.887500000000000178e+00 -1.884914232000000148e-02
5.889999999999999680e+00 -1.904723880999999869e-02
5.892500000000000071e+00 -1.897760328999999885e-02
5.894999999999999574e+00 -1.916399578999999909e-02
5.897499999999999964e+00 -1.913427460000000080e-02
5.900000000000000355e+00 -1.923374967000000130e-02
5.902499999999999858e+00 -1.908597248999999857e-02
5.905000000000000249e+00 -1.917575910999999925e-02
5.907499999999999751e+00 -1.925388561000000026e-02
5.910000000000000142e+00 -1.945338917999999903e-02
5.912499999999999645e+00 -1.937510459000000088e-02
5.915000000000000036e+00 -1.951371932999999836e-02
5.917500000000000426e+00 -1.960215694000000050e-02
5.919999999999999929e+00 -1.958731664000000136e-02
5.922500000000000320e+00 -1.973785081999999969e-02
5.924999999999999822e+00 -1.965379924999999944e-02
5.927500000000000213e+00 -1.985649656999999985e-02
5.929999999999999716e+00 -1.990207853999999971e-02
5.932500000000000107e+00 -1.981656512000000078e-02
5.934999999999999609e+00 -1.994944728999999833e-02
5.937500000000000000e+00 -2.006996235999999878e-02
5.940000000000000391e+00 -2.008457556000000158e-02
5.942499999999999893e+00 -2.019797849000000076e-02
5.945000000000000284e+00 -2.021220353000000025e-02
5.947499999999999787e+00 -2.037680052999999922e-02
5.950000000000000178e+00 -2.031816795000000037e-02
5.952499999999999680e+00 -2.023319841000000008e-02
5.955000000000000071e+00 -2.035295394999999882e-02
5.957499999999999574e+00 -2.043038423999999839e-02
5.959999999999999964e+00 -2.056925937999999968e-02
5.962500000000000355e+00 -2.049882008000000061e-02
5.964999999999999858e+00 -2.069068183000000172e-02
5.967500000000000249e+00 -2.077695967000000102e-02
5.969999999999999751e+00 -2.076964411999999982e-02
5.972500000000000142e+00 -2.083767736000000093e-02
5.974999999999999645e+00 -2.087332524000000064e-02
5.977500000000000036e+00 -2.092882466999999858e-02
5.980000000000000426e+00 -2.084094143999999996e-02
5.982499999999999929e+00 -2.098597573999999924e-02
5.985000000000000320e+00 -2.093622912000000016e-02
5.987499999999999822e+00 -2.099060876999999867e-02
5.990000000000000213e+00 -2.114691239000000139e-02
5.992499999999999716e+00 -2.123227469000000048e-02
5.995000000000000107e+00 -2.121087536999999995e-02
5.997499999999999609e+00 -2.127845277999999840e-02
6.000000000000000000e+00 -2.128393292000000173e-02
6.002500000000000391e+00 -2.144496062999999911e-02
6.004999999999999893e+00 -2.147833421000000173e-02
6.007500000000000284e+00 -2.142949551000000036e-02
6.009999999999999787e+00 -2.161127213000000116e-02
6.012500000000000178e+00 -2.155984945999999888e-02
6.014999999999999680e+00 -2.172378750000000108e-02
6.017500000000000071e+00 -2.174342581999999871e-02
6.019999999999999574e+00 -2.174155108999999836e-02
6.022499999999999964e+00 -2.183632376000000166e-02
6.025000000000000355e+00 -2.179426925000000140e-02
6.027499999999999858e+00 -2.196427012000000054e-02
6.030000000000000249e+00 -2.209170549999999941e-02
6.032499999999999751e+00 -2.213548632000000155e-02
6.035000000000000142e+00 -2.208859191000000013e-02
6.037499999999999645e+00 -2.225153323999999946e-02
6.040000000000000036e+00 -2.219533875999999892e-02
6.042500000000000426e+00 -2.226395487000000159e-02
6.044999999999999929e+00 -2.245279538999999866e-02
6.047500000000000320e+00 -2.239905103999999952e-02
6.049999999999999822e+00 -2.248717869000000161e-02
6.052500000000000213e+00 -2.255216745000000050e-02
6.054999999999999716e+00 -2.254130462000000085e-02
6.057500000000000107e+00 -2.257427085999999875e-02
6.059999999999999609e+00 -2.271142782000000124e-02
6.062500000000000000e+00 -2.284825704000000013e-02
6.065000000000000391e+00 -2.284265742999999974e-02
6.067499999999999893e+00 -2.287486812999999994e-02
6.070000000000000284e+00 -2.284992045999999916e-02
6.072499999999999787e+00 -2.297521979000000103e-02
6.075000000000000178e+00 -2.300799024999999887e-02
6.077499999999999680e+00 -2.306220977999999880e-02
6.080000000000000071e+00 -2.310928050999999997e-02
6.082499999999999574e+00 -2.316763818999999919e-02
6.084999999999999964e+00 -2.326414629999999997e-02
6.087500000000000355e+00 -2.334648026000000001e-02
6.089999999999999858e+00 -2.343133153999999926e-02
6.092500000000000249e+00 -2.335225377000000116e-02
6.094999999999999751e+00 -2.347954194000000105e-02
6.097500000000000142e+00 -2.355254201000000006e-02
6.099999999999999645e+00 -2.354641593999999907e-02
6.102500000000000036e+00 -2.357985744000000092e-02
6.105000000000000426e+00 -2.360318601999999988e-02
6.107499999999999929e+00 -2.379072425999999990e-02
6.110000000000000320e+00 -2.383287895000000059e-02
6.112499999999999822e+00 -2.378157003000000089e-02
6.115000000000000213e+00 -2.381258907000000091e-02
6.117499999999999716e+00 -2.407655031000000001e-02
6.120000000000000107e+00 -2.390314999000000065e-02
6.122499999999999609e+00 -2.395609246999999900e-02
6.125000000000000000e+00 -2.415560450000000040e-02
6.127500000000000391e+00 -2.417009662000000128e-02
6.129999999999999893e+00 -2.417326599999999881e-02
6.132500000000000284e+00 -2.431295825999999979e-02
6.134999999999999787e+00 -2.436394153999999965e-02
6.137500000000000178e+00 -2.436098509999999953e-02
6.139999999999999680e+00 -2.448112935999999934e-02
6.142500000000000071e+00 -2.456625105999999878e-02
6.144999999999999574e+00 -2.455317418999999890e-02
6.147499999999999964e+00 -2.453444717999999844e-02
6.150000000000000355e+00 -2.463901806000000014e-02
6.152499999999999858e+00 -2.461571377999999949e-02
6.155000000000000249e+00 -2.479175026999999934e-02
6.157499999999999751e+00 -2.479706044999999831e-02
6.160000000000000142e+00 -2.494724636999999870e-02
6.162499999999999645e+00 -2.485055002000000068e-02
6.165000000000000036e+00 -2.500291502999999957e-02
6.167500000000000426e+00 -2.499231451999999951e-02
6.169999999999999929e+00 -2.514431677999999851e-02
6.172500000000000320e+00 -2.515201058999999920e-02
6.174999999999999822e+00 -2.514681444000000168e-02
6.177500000000000213e+00 -2.528873154000000137e-02
6.179999999999999716e+00 -2.531594650999999946e-02
6.182500000000000107e+00 -2.536090216000000050e-02
6.184999999999999609e+00 -2.542422009000000135e-02
6.187500000000000000e+00 -2.556248318000000144e-02
6.190000000000000391e+00 -2.550187085000000034e-02
6.192499999999999893e+00 -2.580536241999999841e-02
6.195000000000000284e+00 -2.568264215000000059e-02
6.197499999999999787e+00 -2.571127713999999884e-02
6.200000000000000178e+00 -2.584483967999999868e-02
6.202499999999999680e+00 -2.593690488000000016e-02
6.205000000000000071e+00 -2.590998985999999962e-02
6.207499999999999574e+00 -2.612777851000000137e-02
6.209999999999999964e+00 -2.604280431000000062e-02
6.212500000000000355e+00 -2.609714500999999950e-02
6.214999999999999858e+00 -2.606566395999999897e-02
6.217500000000000249e+00 -2.620447014999999907e-02
6.219999999999999751e+00 -2.623483052999999940e-02
6.222500000000000142e+00 -2.624684953999999876e-02
6.224999999999999645e+00 -2.641093314999999955e-02
6.227500000000000036e+00 -2.652556210000000039e-02
6.230000000000000426e+00 -2.641405545000000132e-02
6.232499999999999929e+00 -2.659237709000000088e-02
6.235000000000000320e+00 -2.650581139000000169e-02
6.237499999999999822e+00 -2.669077324000000001e-02
6.240000000000000213e+00 -2.687665024999999833e-02
6.242499999999999716e+00 -2.668196269999999898e-02
6.245000000000000107e+00 -2.678644830999999879e-02
6.247499999999999609e+00 -2.680171540999999949e-02
6.250000000000000000e+00 -2.697090169000000009e-02
6.252500000000000391e+00 -2.702569427000000093e-02
6.254999999999999893e+00 -2.712279676999999889e-02
6.257500000000000284e+00 -2.703647861000000110e-02
6.259999999999999787e+00 -2.715568587999999881e-02
6.262500000000000178e+00 -2.730658912999999952e-02
6.264999999999999680e+00 -2.724292879999999986e-02
6.267500000000000071e+00 -2.716248580000000037e-02
6.269999999999999574e+00 -2.739455245999999899e-02
6.272499999999999964e+00 -2.754519495000000082e-02
6.275000000000000355e+00 -2.745452807999999856e-02
6.277499999999999858e+00 -2.744819521000000165e-02
6.280000000000000249e+00 -2.757749639000000100e-02
6.282499999999999751e+00 -2.774350991999999932e-02
6.285000000000000142e+00 -2.762855775999999847e-02
6.287499999999999645e+00 -2.773780702999999875e-02
6.290000000000000036e+00 -2.782367309000000066e-02
6.292500000000000426e+00 -2.794915510999999853e-02
6.294999999999999929e+00 -2.796735075000000154e-02
6.297500000000000320e+00 -2.799627816999999963e-02
6.299999999999999822e+00 -2.808243948999999962e-02
6.302500000000000213e+00 -2.816415909999999898e-02
6.304999999999999716e+00 -2.812301497999999955e-02
6.307500000000000107e+00 -2.829250932999999996e-02
6.309999999999999609e+00 -2.836664314999999895e-02
6.312500000000000000e+00 -2.843767717000000167e-02
6.315000000000000391e+00 -2.844707017000000157e-02
6.317499999999999893e+00 -2.848017024999999897e-02
6.320000000000000284e+00 -2.851189579999999918e-02
6.322499999999999787e+00 -2.849086007999999948e-02
6.325000000000000178e+00 -2.866794837000000151e-02
6.327499999999999680e+00 -2.869734621999999943e-02
6.330000000000000071e+00 -2.885259613999999889e-02
6.332499999999999574e+00 -2.885746650999999885e-02
6.334999999999999964e+00 -2.878402097000000090e-02
6.337500000000000355e+00 -2.898612230000000012e-02
6.339999999999999858e+00 -2.890507175000000054e-02
6.342500000000000249e+00 -2.906624797000000038e-02
6.344999999999999751e+00 -2.912603596999999850e-02
6.347500000000000142e+00 -2.918426812999999967e-02
6.349999999999999645e+00 -2.920500409000000019e-02
6.352500000000000036e+00 -2.918740691000000151e-02
6.355000000000000426e+00 -2.944310041999999988e-02
6.357499999999999929e+00 -2.948409242000000000e-02
6.360000000000000320e+00 -2.941193377999999983e-02
6.362499999999999822e+00 -2.937252264999999987e-02
6.365000000000000213e+00 -2.958229543999999975e-02
6.367499999999999716e+00 -2.966803310000000124e-02
6.370000000000000107e+00 -2.971887067000000132e-02
6.372499999999999609e+00 -2.961203453999999846e-02
6.375000000000000000e+00 -2.958715989999999990e-02
6.377500000000000391e+00 -2.983936741999999864e-02
6.379999999999999893e+00 -2.976544063000000073e-02
6.382500000000000284e+00 -2.984218295000000062e-02
6.384999999999999787e+00 -3.004967231000000086e-02
6.387500000000000178e+00 -3.010171416999999836e-02
6.389999999999999680e+00 -3.017976279999999914e-02
6.392500000000000071e+00 -3.018455948999999860e-02
6.394999999999999574e+00 -3.016161908000000030e-02
6.397499999999999964e+00 -3.029579124000000151e-02
6.400000000000000355e+00 -3.033899119000000102e-02
6.402499999999999858e+00 -3.035236809999999896e-02
6.405000000000000249e+00 -3.042558034999999841e-02
6.407499999999999751e+00 -3.047267027999999919e-02
6.410000000000000142e+00 -3.060519484999999970e-02
6.412499999999999645e+00 -3.063420253000000149e-02
6.415000000000000036e+00 -3.065654614000000097e-02
6.417500000000000426e+00 -3.059063395999999865e-02
6.419999999999999929e+00 -3.063205202999999890e-02
6.422500000000000320e+00 -3.075360498999999900e-02
6.424999999999999822e+00 -3.109524610999999869e-02
6.427500000000000213e+00 -3.098582993000000008e-02
6.429999999999999716e+00 -3.098022413999999836e-02
6.432500000000000107e+00 -3.105541473000000136e-02
6.434999999999999609e+00 -3.106043346999999913e-02
6.437500000000000000e+00 -3.114544619999999944e-02
6.440000000000000391e+00 -3.125542198000000327e-02
6.442499999999999893e+00 -3.119224311000000013e-02
6.445000000000000284e+00 -3.123366166999999929e-02
6.447499999999999787e+00 -3.148575573000000211e-02
6.450000000000000178e+00 -3.142776776999999661e-02
6.452499999999999680e+00 -3.156419928000000347e-02
6.455000000000000071e+00 -3.153888576000000304e-02
6.457499999999999574e+00 -3.158806977999999849e-02
6.459999999999999964e+00 -3.167646825999999999e-02
6.462500000000000355e+00 -3.178671168000000297e-02
6.464999999999999858e+00 -3.182383141000000304e-02
6.467500000000000249e+00 -3.185072763999999973e-02
6.469999999999999751e+00 -3.203517368000000087e-02
6.472500000000000142e+00 -3.209670148000000334e-02
6.474999999999999645e+00 -3.215648809999999830e-02
6.477500000000000036e+00 -3.211860378999999849e-02
6.480000000000000426e+00 -3.212245153999999936e-02
6.482499999999999929e+00 -3.220785148000000070e-02
6.485000000000000320e+00 -3.221305445000000045e-02
6.487499999999999822e+00 -3.232230353999999972e-02
6.490000000000000213e+00 -3.238118224000000045e-02
6.492499999999999716e+00 -3.241838223000000074e-02
6.495000000000000107e+00 -3.241842600000000019e-02
6.497499999999999609e+00 -3.255454817999999667e-02
6.500000000000000000e+00 -3.275246712999999726e-02
6.502500000000000391e+00 -3.267636024000000056e-02
6.504999999999999893e+00 -3.275473327000000268e-02
6.507500000000000284e+00 -3.257009641999999983e-02
6.509999999999999787e+00 -3.285436207999999775e-02
6.512500000000000178e+00 -3.283668312000000145e-02
6.514999999999999680e+00 -3.301633086999999911e-02
6.517500000000000071e+00 -3.310313373999999864e-02
6.519999999999999574e+00 -3.302657307000000236e-02
6.522499999999999964e+00 -3.321606124999999798e-02
6.525000000000000355e+00 -3.320260483000000290e-02
6.527499999999999858e+00 -3.318021124000000016e-02
6.530000000000000249e+00 -3.330811900999999797e-02
6.532499999999999751e+00 -3.337645480999999748e-02
6.535000000000000142e+00 -3.333417093999999775e-02
6.537499999999999645e+00 -3.359604048999999953e-02
6.540000000000000036e+00 -3.358279103999999710e-02
6.542500000000000426e+00 -3.366565829999999815e-02
6.544999999999999929e+00 -3.374269226999999927e-02
6.547500000000000320e+00 -3.368496397000000225e-02
6.549999999999999822e+00 -3.358775446000000081e-02
6.552500000000000213e+00 -3.383696313000000150e-02
6.554999999999999716e+00 -3.395081316000000266e-02
6.557500000000000107e+00 -3.389655795000000305e-02
6.559999999999999609e+00 -3.394569844999999891e-02
6.562500000000000000e+00 -3.400042369999999731e-02
6.565000000000000391e+00 -3.419981302999999806e-02
6.567499999999999893e+00 -3.417962682999999696e-02
6.570000000000000284e+00 -3.415119201999999854e-02
6.572499999999999787e+00 -3.427348326000000112e-02
6.575000000000000178e+00 -3.428553825999999805e-02
6.577499999999999680e+00 -3.447077221000000025e-02
6.580000000000000071e+00 -3.443672344999999801e-02
6.582499999999999574e+00 -3.437640696000000134e-02
6.584999999999999964e+00 -3.450223916999999724e-02
6.587500000000000355e+00 -3.462528227000000181e-02
6.589999999999999858e+00 -3.466142558000000207e-02
6.592500000000000249e+00 -3.474881012000000102e-02
6.594999999999999751e+00 -3.488537095000000116e-02
6.597500000000000142e+00 -3.488632626000000292e-02
6.599999999999999645e+00 -3.493424667000000206e-02
6.602500000000000036e+00 -3.509693994000000206e-02
6.605000000000000426e+00 -3.505379366999999968e-02
6.607499999999999929e+00 -3.508754557999999718e-02
6.610000000000000320e+00 -3.514732331999999987e-02
6.612499999999999822e+00 -3.521092841000000168e-02
6.615000000000000213e+00 -3.525101808000000170e-02
6.617499999999999716e+00 -3.549085700000000065e-02
6.620000000000000107e+00 -3.540490493000000155e-02
6.622499999999999609e+00 -3.559129770999999720e-02
6.625000000000000000e+00 -3.552232161999999832e-02
6.627500000000000391e+00 -3.547880853999999667e-02
6.629999999999999893e+00 -3.582936327999999837e-02
6.632500000000000284e+00 -3.579451359000000027e-02
6.634999999999999787e+00 -3.583965674999999712e-02
6.637500000000000178e+00 -3.584167450999999754e-02
6.639999999999999680e+00 -3.576023376000000281e-02
6.642500000000000071e+00 -3.595099690999999792e-02
6.644999999999999574e+00 -3.594730280999999805e-02
6.647499999999999964e+00 -3.603858449999999825e-02
6.650000000000000355e+00 -3.604932629999999666e-02
6.652499999999999858e+00 -3.606624310999999999e-02
6.655000000000000249e+00 -3.624484709999999804e-02
6.657499999999999751e+00 -3.631005236999999830e-02
6.660000000000000142e+00 -3.636207236999999814e-02
6.662499999999999645e+00 -3.642537778999999781e-02
6.665000000000000036e+00 -3.638816081000000036e-02
6.667500000000000426e+00 -3.657357359999999918e-02
6.669999999999999929e+00 -3.666638285999999913e-02
6.672500000000000320e+00 -3.665218438000000106e-02
6.674999999999999822e+00 -3.670972103999999708e-02
6.677500000000000213e+00 -3.682643891000000197e-02
6.679999999999999716e+00 -3.671017681000000171e-02
6.682500000000000107e+00 -3.679928269999999807e-02
6.684999999999999609e+00 -3.700765721000000286e-02
6.687500000000000000e+00 -3.705706738000000278e-02
6.690000000000000391e+00 -3.702769091000000096e-02
6.692499999999999893e+00 -3.701964826999999680e-02
6.695000000000000284e+00 -3.729022855999999941e-02
6.697499999999999787e+00 -3.717943832000000087e-02
6.700000000000000178e+00 -3.734876860999999937e-02
6.702499999999999680e+00 -3.734910094999999847e-02
6.705000000000000071e+00 -3.739422332000000293e-02
6.707499999999999574e+00 -3.752356283999999653e-02
6.709999999999999964e+00 -3.756837745000000256e-02
6.712500000000000355e+00 -3.751504187000000157e-02
6.714999999999999858e+00 -3.765343493000000014e-02
6.717500000000000249e+00 -3.778848486999999978e-02
6.719999999999999751e+00 -3.779176104999999730e-02
6.722500000000000142e+00 -3.782328145999999669e-02
6.724999999999999645e+00 -3.783574774000000168e-02
6.727500000000000036e+00 -3.793389625000000154e-02
6.730000000000000426e+00 -3.802699988000000225e-02
6.732499999999999929e+00 -3.813990505999999975e-02
6.735000000000000320e+00 -3.815159103000000107e-02
6.737499999999999822e+00 -3.818578286999999710e-02
6.740000000000000213e+00 -3.829027599999999809e-02
6.742499999999999716e+00 -3.842356798999999740e-02
6.745000000000000107e+00 -3.831257437999999876e-02
6.747499999999999609e+00 -3.843653564999999911e-02
6.750000000000000000e+00 -3.855800596000000247e-02
6.752500000000000391e+00 -3.858396227000000095e-02
6.754999999999999893e+00 -3.881742101999999944e-02
6.757500000000000284e+00 -3.884068267000000130e-02
6.759999999999999787e+00 -3.880418565999999708e-02
6.762500000000000178e+00 -3.883681743999999741e-02
6.764999999999999680e+00 -3.886037000999999907e-02
6.767500000000000071e+00 -3.888499908000000310e-02
6.769999999999999574e+00 -3.903638819000000010e-02
6.772499999999999964e+00 -3.906482421000000149e-02
6.775000000000000355e+00 -3.923864124999999758e-02
6.777499999999999858e+00 -3.920843274000000017e-02
6.780000000000000249e+00 -3.919365588999999817e-02
6.782499999999999751e+00 -3.927267029999999964e-02
6.785000000000000142e+00 -3.928398185999999737e-02
6.787499999999999645e+00 -3.936774461999999891e-02
6.790000000000000036e+00 -3.938603571999999692e-02
6.792500000000000426e+00 -3.946063654999999726e-02
6.794999999999999929e+00 -3.953686893000000341e-02
6.797500000000000320e+00 -3.954040521999999808e-02
6.799999999999999822e+00 -3.966957640000000340e-02
6.802500000000000213e+00 -3.958446059000000211e-02
6.804999999999999716e+00 -4.004320615999999722e-02
6.807500000000000107e+00 -3.981771204000000147e-02
6.809999999999999609e+00 -3.997637412999999890e-02
6.812500000000000000e+00 -3.991612887999999859e-02
6.815000000000000391e+00 -4.005895705999999723e-02
6.817499999999999893e+00 -4.016279290000000085e-02
6.820000000000000284e+00 -4.022695310999999802e-02
6.822499999999999787e+00 -4.031826300000000002e-02
6.825000000000000178e+00 -4.038555785000000342e-02
6.827499999999999680e+00 -4.047849678999999867e-02
6.830000000000000071e+00 -4.049662332000000114e-02
6.832499999999999574e+00 -4.054969405000000138e-02
6.834999999999999964e+00 -4.057714978000000194e-02
6.837500000000000355e+00 -4.077026428000000285e-02
6.839999999999999858e+00 -4.071197098999999875e-02
6.842500000000000249e+00 -4.081930916999999825e-02
6.844999999999999751e+00 -4.082735900000000057e-02
6.847500000000000142e+00 -4.078264183000000070e-02
6.849999999999999645e+00 -4.090101439999999783e-02
6.852500000000000036e+00 -4.106447778999999798e-02
6.855000000000000426e+00 -4.101399473000000295e-02
6.857499999999999929e+00 -4.102565753000000232e-02
6.860000000000000320e+00 -4.112244828000000130e-02
6.862499999999999822e+00 -4.109472160000000179e-02
6.865000000000000213e+00 -4.133649807999999898e-02
6.867499999999999716e+00 -4.147002058000000269e-02
6.870000000000000107e+00 -4.142850403000000042e-02
6.872499999999999609e+00 -4.142034155000000328e-02
6.875000000000000000e+00 -4.155930705000000086e-02
6.877500000000000391e+00 -4.148430016000000109e-02
6.879999999999999893e+00 -4.161697879000000183e-02
6.882500000000000284e+00 -4.164087094999999877e-02
6.884999999999999787e+00 -4.167591412999999828e-02
6.887500000000000178e+00 -4.176082807999999952e-02
6.889999999999999680e+00 -4.191963611999999922e-02
6.892500000000000071e+00 -4.204371791000000025e-02
6.894999999999999574e+00 -4.198051231000000244e-02
6.897499999999999964e+00 -4.210663929999999833e-02
6.900000000000000355e+00 -4.212277276999999709e-02
6.902499999999999858e+00 -4.226229730000000129e-02
6.905000000000000249e+00 -4.228387380999999723e-02
6.907499999999999751e+00 -4.221506166999999810e-02
6.910000000000000142e+00 -4.247994647000000179e-02
6.912499999999999645e+00 -4.238321319999999864e-02
6.915000000000000036e+00 -4.252122541000000200e-02
6.917500000000000426e+00 -4.249179037999999825e-02
6.919999999999999929e+00 -4.271579284000000254e-02
6.922500000000000320e+00 -4.261878587000000190e-02
6.924999999999999822e+00 -4.287179573000000216e-02
6.927500000000000213e+00 -4.276660481999999819e-02
6.929999999999999716e+00 -4.278555638999999994e-02
6.932500000000000107e+00 -4.301774305000000131e-02
6.934999999999999609e+00 -4.292344275999999959e-02
6.937500000000000000e+00 -4.308412310999999717e-02
6.940000000000000391e+00 -4.316199016999999749e-02
6.942499999999999893e+00 -4.326028241999999718e-02
6.945000000000000284e+00 -4.329764568000000341e-02
6.947499999999999787e+00 -4.334998120999999927e-02
6.950000000000000178e+00 -4.331908552000000162e-02
6.952499999999999680e+00 -4.328769441000000079e-02
6.955000000000000071e+00 -4.342629497000000116e-02
6.957499999999999574e+00 -4.343665900000000246e-02
6.959999999999999964e+00 -4.347182339999999812e-02
6.962500000000000355e+00 -4.363098147000000343e-02
6.964999999999999858e+00 -4.385022118000000274e-02
6.967500000000000249e+00 -4.398095706999999993e-02
6.969999999999999751e+00 -4.375707520000000211e-02
6.972500000000000142e+00 -4.392028902999999679e-02
6.974999999999999645e+00 -4.382005138000000244e-02
6.977500000000000036e+00 -4.413603842000000249e-02
6.980000000000000426e+00 -4.407651169000000035e-02
6.982499999999999929e+00 -4.409868900000000341e-02
6.985000000000000320e+00 -4.411850400999999672e-02
6.987499999999999822e+00 -4.432814692999999945e-02
6.990000000000000213e+00 -4.432884765999999671e-02
6.992499999999999716e+00 -4.456916048000000158e-02
6.995000000000000107e+00 -4.450321698000000298e-02
6.997499999999999609e+00 -4.451169125999999976e-02
7.000000000000000000e+00 -4.464568839000000039e-02
7.002500000000000391e+00 -4.465944835999999946e-02
7.004999999999999893e+00 -4.478279847999999674e-02
7.007500000000000284e+00 -4.478325513999999868e-02
7.009999999999999787e+00 -4.482395475999999962e-02
7.012500000000000178e+00 -4.494659220999999705e-02
7.014999999999999680e+00 -4.513521546999999662e-02
7.017500000000000071e+00 -4.510902787999999941e-02
7.019999999999999574e+00 -4.500006463999999679e-02
7.022499999999999964e+00 -4.519670841000000133e-02
7.025000000000000355e+00 -4.524228806999999741e-02
7.027499999999999858e+00 -4.518752007000000070e-02
7.030000000000000249e+00 -4.535986043999999662e-02
7.032499999999999751e+00 -4.549872241999999845e-02
7.035000000000000142e+00 -4.542112465999999932e-02
7.037499999999999645e+00 -4.538238102000000107e-02
7.040000000000000036e+00 -4.557421619000000257e-02
7.042500000000000426e+00 -4.563594459999999881e-02
7.044999999999999929e+00 -4.577103968000000023e-02
7.047500000000000320e+00 -4.581411023999999721e-02
7.049999999999999822e+00 -4.576894265999999906e-02
7.052500000000000213e+00 -4.594664400000000176e-02
7.054999999999999716e+00 -4.590804685000000190e-02
7.057500000000000107e+00 -4.599372533999999957e-02
7.059999999999999609e+00 -4.600051938000000035e-02
7.062500000000000000e+00 -4.617863215000000271e-02
7.065000000000000391e+00 -4.620324509999999829e-02
7.067499999999999893e+00 -4.632159146999999949e-02
7.070000000000000284e+00 -4.638903756999999961e-02
7.072499999999999787e+00 -4.638319795000000328e-02
7.075000000000000178e+00 -4.650068331999999971e-02
7.077499999999999680e+00 -4.668640370999999761e-02
7.080000000000000071e+00 -4.662211399999999922e-02
7.082499999999999574e+00 -4.662176552999999779e-02
7.084999999999999964e+00 -4.673274899000000315e-02
7.087500000000000355e+00 -4.677843834999999978e-02
7.089999999999999858e+00 -4.685942746999999936e-02
7.092500000000000249e+00 -4.674089657000000259e-02
7.094999999999999751e+00 -4.705334534999999763e-02
7.097500000000000142e+00 -4.702328322000000338e-02
7.099999999999999645e+00 -4.714143519999999810e-02
7.102500000000000036e+00 -4.724871095000000160e-02
7.105000000000000426e+00 -4.733813543999999818e-02
7.107499999999999929e+00 -4.736204150000000029e-02
7.110000000000000320e+00 -4.729292489999999821e-02
7.112499999999999822e+00 -4.749933539000000121e-02
7.115000000000000213e+00 -4.751099646000000315e-02
7.117499999999999716e+00 -4.757626152999999691e-02
7.120000000000000107e+00 -4.769943782999999660e-02
7.122499999999999609e+00 -4.761292199000000114e-02
7.125000000000000000e+00 -4.761560634999999903e-02
7.127500000000000391e+00 -4.775884063000000040e-02
7.129999999999999893e+00 -4.787407703999999736e-02
7.132500000000000284e+00 -4.801108352999999829e-02
7.134999999999999787e+00 -4.800127813999999910e-02
7.137500000000000178e+00 -4.806513988000000320e-02
7.139999999999999680e+00 -4.824680903999999798e-02
7.142500000000000071e+00 -4.807007131999999766e-02
7.144999999999999574e+00 -4.849033774000000019e-02
7.147499999999999964e+00 -4.836647763000000155e-02
7.150000000000000355e+00 -4.845860094999999979e-02
7.152499999999999858e+00 -4.840390282999999794e-02
7.155000000000000249e+00 -4.835595935999999900e-02
7.157499999999999751e+00 -4.869617125000000324e-02
7.160000000000000142e+00 -4.875809981999999765e-02
7.162499999999999645e+00 -4.884169361000000043e-02
7.165000000000000036e+00 -4.890315725000000252e-02
7.167500000000000426e+00 -4.861873195000000064e-02
7.169999999999999929e+00 -4.898357214000000071e-02
7.172500000000000320e+00 -4.909005485000000196e-02
7.174999999999999822e+00 -4.916886438000000331e-02
7.177500000000000213e+00 -4.906709892999999711e-02
7.179999999999999716e+00 -4.914919068000000307e-02
7.182500000000000107e+00 -4.914908588999999939e-02
7.184999999999999609e+00 -4.946339721000000272e-02
7.187500000000000000e+00 -4.928913535999999984e-02
7.190000000000000391e+00 -4.946048104999999778e-02
7.192499999999999893e+00 -4.939137512999999813e-02
7.195000000000000284e+00 -4.961466466000000186e-02
7.197499999999999787e+00 -4.955636939000000046e-02
7.200000000000000178e+00 -4.954835182999999671e-02
7.202499999999999680e+00 -4.974821373999999824e-02
7.205000000000000071e+00 -4.983169612999999859e-02
7.207499999999999574e+00 -4.990391530999999797e-02
7.209999999999999964e+00 -4.995031023999999681e-02
7.212500000000000355e+00 -4.983649737000000329e-02
7.214999999999999858e+00 -5.012718070999999664e-02
7.217500000000000249e+00 -5.014379515999999731e-02
7.219999999999999751e+00 -5.022554872999999975e-02
7.222500000000000142e+00 -5.021720886000000106e-02
7.224999999999999645e+00 -5.036537219000000037e-02
7.227500000000000036e+00 -5.041835814000000110e-02
7.230000000000000426e+00 -5.050601732999999982e-02
7.232499999999999929e+00 -5.043581527000000342e-02
7.235000000000000320e+00 -5.045545465000000201e-02
7.237499999999999822e+00 -5.073260503000000254e-02
7.240000000000000213e+00 -5.067760643000000093e-02
7.242499999999999716e+00 -5.078809477000000017e-02
7.245000000000000107e+00 -5.082750392000000283e-02
7.247499999999999609e+00 -5.101402567999999832e-02
7.250000000000000000e+00 -5.095972622000000118e-02
7.252500000000000391e+00 -5.102114367999999872e-02
7.254999999999999893e+00 -5.118339464999999838e-02
7.257500000000000284e+00 -5.108867042000000275e-02
7.259999999999999787e+00 -5.122632150999999884e-02
7.262500000000000178e+00 -5.126771288000000343e-02
7.264999999999999680e+00 -5.134380722000000258e-02
7.267500000000000071e+00 -5.150351991999999740e-02
7.269999999999999574e+00 -5.157118773000000239e-02
7.272499999999999964e+00 -5.160352191999999921e-02
7.275000000000000355e+00 -5.153689824999999752e-02
7.277499999999999858e+00 -5.176197184999999784e-02
7.280000000000000249e+00 -5.183657100999999878e-02
7.282499999999999751e+00 -5.190480486000000060e-02
7.285000000000000142e+00 -5.186221046000000223e-02
7.287499999999999645e+00 -5.190439683999999859e-02
7.290000000000000036e+00 -5.197968733000000313e-02
7.292500000000000426e+00 -5.188627433000000261e-02
7.294999999999999929e+00 -5.220245407000000115e-02
7.297500000000000320e+00 -5.230366958999999732e-02
7.299999999999999822e+00 -5.222037206999999986e-02
7.302500000000000213e+00 -5.251399251000000296e-02
7.304999999999999716e+00 -5.250380241000000142e-02
7.307500000000000107e+00 -5.252357767000000177e-02
7.309999999999999609e+00 -5.241329309000000020e-02
7.312500000000000000e+00 -5.263429202000000084e-02
7.315000000000000391e+00 -5.270376808999999857e-02
7.317499999999999893e+00 -5.268490348000000323e-02
7.320000000000000284e+00 -5.294634700999999860e-02
7.322499999999999787e+00 -5.298531448999999754e-02
7.325000000000000178e+00 -5.292328604000000325e-02
7.327499999999999680e+00 -5.306336298000000062e-02
7.330000000000000071e+00 -5.328265937999999979e-02
7.332499999999999574e+00 -5.309910296999999918e-02
7.334999999999999964e+00 -5.314724212000000031e-02
7.337500000000000355e+00 -5.331595033000000039e-02
7.339999999999999858e+00 -5.343819366000000098e-02
7.342500000000000249e+00 -5.321666016999999915e-02
7.344999999999999751e+00 -5.354201483999999900e-02
7.347500000000000142e+00 -5.354099873999999815e-02
7.349999999999999645e+00 -5.359526870999999776e-02
7.352500000000000036e+00 -5.373942841999999886e-02
7.355000000000000426e+00 -5.380173067999999975e-02
7.357499999999999929e+00 -5.396106786000000322e-02
7.360000000000000320e+00 -5.382974573999999707e-02
7.362499999999999822e+00 -5.397099875999999963e-02
7.365000000000000213e+00 -5.393351459000000209e-02
7.367499999999999716e+00 -5.394464086999999769e-02
7.370000000000000107e+00 -5.431501919000000095e-02
7.372499999999999609e+00 -5.429318962000000137e-02
7.375000000000000000e+00 -5.426757849999999661e-02
7.377500000000000391e+00 -5.451256656999999700e-02
7.379999999999999893e+00 -5.428280234999999926e-02
7.382500000000000284e+00 -5.446792408000000058e-02
7.384999999999999787e+00 -5.450425161999999935e-02
7.387500000000000178e+00 -5.465638837000000305e-02
7.389999999999999680e+00 -5.470855947000000108e-02
7.392500000000000071e+00 -5.479638179000000109e-02
7.394999999999999574e+00 -5.484348722000000065e-02
7.397499999999999964e+00 -5.485447582999999905e-02
7.400000000000000355e+00 -5.497872837000000040e-02
7.402499999999999858e+00 -5.507957401000000003e-02
7.405000000000000249e+00 -5.495041697999999974e-02
7.407499999999999751e+00 -5.526996668999999834e-02
7.410000000000000142e+00 -5.521802753999999896e-02
7.412499999999999645e+00 -5.527449788000000225e-02
7.415000000000000036e+00 -5.537065968999999727e-02
7.417500000000000426e+00 -5.539017224000000045e-02
7.419999999999999929e+00 -5.565717107999999802e-02
7.422500000000000320e+00 -5.569202476000000013e-02
7.424999999999999822e+00 -5.564991972000000314e-02
7.427500000000000213e+00 -5.579098049999999670e-02
7.429999999999999716e+00 -5.571087190000000022e-02
7.432500000000000107e+00 -5.578014106000000333e-02
7.434999999999999609e+00 -5.602947831999999934e-02
7.437500000000000000e+00 -5.596611756000000049e-02
7.440000000000000391e+00 -5.604943667000000102e-02
7.442499999999999893e+00 -5.603965741999999972e-02
7.445000000000000284e+00 -5.612897337000000153e-02
7.447499999999999787e+00 -5.632884483000000220e-02
7.450000000000000178e+00 -5.618555422999999688e-02
7.452499999999999680e+00 -5.646416044000000106e-02
7.455000000000000071e+00 -5.639235915000000154e-02
7.457499999999999574e+00 -5.661672853000000033e-02
7.459999999999999964e+00 -5.664942835999999676e-02
7.462500000000000355e+00 -5.675387442000000282e-02
7.464999999999999858e+00 -5.670048172000000108e-02
7.467500000000000249e+00 -5.680110650999999761e-02
7.469999999999999751e+00 -5.681679223000000306e-02
7.472500000000000142e+00 -5.705650419999999667e-02
7.474999999999999645e+00 -5.702503368999999739e-02
7.477500000000000036e+00 -5.695258296999999859e-02
7.480000000000000426e+00 -5.722740479999999935e-02
7.482499999999999929e+00 -5.717198061999999997e-02
7.485000000000000320e+00 -5.736039149000000253e-02
7.487499999999999822e+00 -5.713965618999999885e-02
7.490000000000000213e+00 -5.749696314000000280e-02
7.492499999999999716e+00 -5.753229641999999672e-02
7.495000000000000107e+00 -5.768872338000000100e-02
7.497499999999999609e+00 -5.765439575999999761e-02
7.500000000000000000e+00 -5.768505664000000283e-02
7.502500000000000391e+00 -5.765210479999999943e-02
7.504999999999999893e+00 -5.781027611999999677e-02
7.507500000000000284e+00 -5.795340496000000313e-02
7.509999999999999787e+00 -5.798886111999999871e-02
7.512500000000000178e+00 -5.801354501000000052e-02
7.514999999999999680e+00 -5.799122993999999975e-02
7.517500000000000071e+00 -5.824434906999999967e-02
7.519999999999999574e+00 -5.827684165000000110e-02
7.522499999999999964e+00 -5.839536679000000008e-02
7.525000000000000355e+00 -5.843933051999999906e-02
7.527499999999999858e+00 -5.836657162000000176e-02
7.530000000000000249e+00 -5.836454315000000337e-02
7.532499999999999751e+00 -5.856624149999999779e-02
7.535000000000000142e+00 -5.876115669999999735e-02
7.537499999999999645e+00 -5.867197033999999728e-02
7.540000000000000036e+00 -5.865468681000000212e-02
7.542500000000000426e+00 -5.880955805000000203e-02
7.544999999999999929e+00 -5.897629023999999970e-02
7.547500000000000320e+00 -5.902682768999999857e-02
7.549999999999999822e+00 -5.901430188000000160e-02
7.552500000000000213e+00 -5.914578786000000005e-02
7.554999999999999716e+00 -5.929568553999999686e-02
7.557500000000000107e+00 -5.937278311000000058e-02
7.559999999999999609e+00 -5.928626224999999916e-02
7.562500000000000000e+00 -5.936838777000000289e-02
7.565000000000000391e+00 -5.954405959999999748e-02
7.567499999999999893e+00 -5.952843901000000326e-02
7.570000000000000284e+00 -5.946194025999999855e-02
7.572499999999999787e+00 -5.969514462000000132e-02
7.575000000000000178e+00 -5.996541071000000001e-02
7.577499999999999680e+00 -5.967252283999999879e-02
7.580000000000000071e+00 -6.008458056999999713e-02
7.582499999999999574e+00 -5.982359192000000214e-02
7.584999999999999964e+00 -6.012399837000000080e-02
7.587500000000000355e+00 -6.006300214000000193e-02
7.589999999999999858e+00 -6.017403578000000280e-02
7.592500000000000249e+00 -6.030331350999999784e-02
7.594999999999999751e+00 -6.023692469999999966e-02
7.597500000000000142e+00 -6.044731611999999699e-02
7.599999999999999645e+00 -6.047442817999999776e-02
7.602500000000000036e+00 -6.055301213000000016e-02
7.605000000000000426e+00 -6.062718783999999916e-02
7.607499999999999929e+00 -6.062877914999999923e-02
7.610000000000000320e+00 -6.065333076999999962e-02
7.612499999999999822e+00 -6.065932982000000334e-02
7.615000000000000213e+00 -6.080941741999999761e-02
7.617499999999999716e+00 -6.107502479000000151e-02
7.620000000000000107e+00 -6.113676182000000320e-02
7.622499999999999609e+00 -6.108226576999999796e-02
7.625000000000000000e+00 -6.124704430999999838e-02
7.627500000000000391e+00 -6.118143361000000224e-02
7.629999999999999893e+00 -6.126841211999999731e-02
7.632500000000000284e+00 -6.118803541000000096e-02
7.634999999999999787e+00 -6.143270064999999808e-02
7.637500000000000178e+00 -6.156721231000000100e-02
7.639999999999999680e+00 -6.150749938999999777e-02
7.642500000000000071e+00 -6.162149017000000117e-02
7.644999999999999574e+00 -6.174183739999999920e-02
7.647499999999999964e+00 -6.188948611999999655e-02
7.650000000000000355e+00 -6.194510721000000275e-02
7.652499999999999858e+00 -6.188846253000000047e-02
7.655000000000000249e+00 -6.196144043000000046e-02
7.657499999999999751e+00 -6.200528913000000197e-02
7.660000000000000142e+00 -6.225295443000000012e-02
7.662499999999999645e+00 -6.234219315000000261e-02
7.665000000000000036e+00 -6.230417555000000024e-02
7.667500000000000426e+00 -6.238953544999999851e-02
7.669999999999999929e+00 -6.259919108000000509e-02
7.672500000000000320e+00 -6.247139915000000238e-02
7.674999999999999822e+00 -6.265128187000000570e-02
7.677500000000000213e+00 -6.267025241000000191e-02
7.679999999999999716e+00 -6.287889082000000518e-02
7.682500000000000107e+00 -6.287277965000000191e-02
7.684999999999999609e+00 -6.271677288999999433e-02
7.687500000000000000e+00 -6.288839464999999851e-02
7.690000000000000391e+00 -6.311185303999999885e-02
7.692499999999999893e+00 -6.300744646000000504e-02
7.695000000000000284e+00 -6.307623986999999488e-02
7.697499999999999787e+00 -6.325193881000000518e-02
7.700000000000000178e+00 -6.334002906999999793e-02
7.702499999999999680e+00 -6.345750918999999712e-02
7.705000000000000071e+00 -6.344827842000000384e-02
7.707499999999999574e+00 -6.351012178999999869e-02
7.709999999999999964e+00 -6.355083601000000026e-02
7.712500000000000355e+00 -6.364647631000000527e-02
7.714999999999999858e+00 -6.376961924000000559e-02
7.717500000000000249e+00 -6.382193220000000056e-02
7.719999999999999751e+00 -6.377789094999999908e-02
7.722500000000000142e+00 -6.375131384000000401e-02
7.724999999999999645e+00 -6.405742059999999793e-02
7.727500000000000036e+00 -6.402587569999999839e-02
7.730000000000000426e+00 -6.433195848000000661e-02
7.732499999999999929e+00 -6.432117068999999854e-02
7.735000000000000320e+00 -6.428249860000000149e-02
7.737499999999999822e+00 -6.441194202000000146e-02
7.740000000000000213e+00 -6.454986008999999414e-02
7.742499999999999716e+00 -6.456455617999999619e-02
7.745000000000000107e+00 -6.463954442000000022e-02
7.747499999999999609e+00 -6.489082374000000597e-02
7.750000000000000000e+00 -6.483406728000000452e-02
7.752500000000000391e+00 -6.490136399000000222e-02
7.754999999999999893e+00 -6.499220575000000388e-02
7.757500000000000284e+00 -6.520662523999999627e-02
7.759999999999999787e+00 -6.508388244000000433e-02
7.762500000000000178e+00 -6.519666073999999534e-02
7.764999999999999680e+00 -6.540279841000000427e-02
7.767500000000000071e+00 -6.538194022000000383e-02
7.769999999999999574e+00 -6.551716499000000138e-02
7.772499999999999964e+00 -6.544393603999999753e-02
7.775000000000000355e+00 -6.571944456999999351e-02
7.777499999999999858e+00 -6.537964659000000678e-02
7.780000000000000249e+00 -6.562781309000000063e-02
7.782499999999999751e+00 -6.579289877999999758e-02
7.785000000000000142e+00 -6.594609446999999403e-02
7.787499999999999645e+00 -6.595944719000000622e-02
7.790000000000000036e+00 -6.577672772999999806e-02
7.792500000000000426e+00 -6.613001477999999600e-02
7.794999999999999929e+00 -6.610112752999999786e-02
7.797500000000000320e+00 -6.611645519000000637e-02
7.799999999999999822e+00 -6.618762577999999508e-02
7.802500000000000213e+00 -6.638045605999999543e-02
7.804999999999999716e+00 -6.627327857999999738e-02
7.807500000000000107e+00 -6.640712589000000166e-02
7.809999999999999609e+00 -6.678487693000000058e-02
7.812500000000000000e+00 -6.652173130999999850e-02
7.815000000000000391e+00 -6.649809405999999867e-02
7.817499999999999893e+00 -6.668589340000000143e-02
7.820000000000000284e+00 -6.691697922000000576e-02
7.822499999999999787e+00 -6.693985882000000331e-02
7.825000000000000178e+00 -6.713365558000000677e-02
7.827499999999999680e+00 -6.711195201000000332e-02
7.830000000000000071e+00 -6.718167560000000427e-02
7.832499999999999574e+00 -6.731538669000000641e-02
7.834999999999999964e+00 -6.729361851000000005e-02
7.837500000000000355e+00 -6.722061225000000584e-02
7.839999999999999858e+00 -6.759228566000000105e-02
7.842500000000000249e+00 -6.750871105000000316e-02
7.844999999999999751e+00 -6.765947083999999945e-02
7.847500000000000142e+00 -6.766634825999999492e-02
7.849999999999999645e+00 -6.794604388000000106e-02
7.852500000000000036e+00 -6.790328553999999683e-02
7.855000000000000426e+00 -6.781051909999999405e-02
7.857499999999999929e+00 -6.794748306999999488e-02
7.860000000000000320e+00 -6.817669722999999959e-02
7.862499999999999822e+00 -6.823689115999999333e-02
7.865000000000000213e+00 -6.825196271000000259e-02
7.867499999999999716e+00 -6.831340472999999913e-02
7.870000000000000107e+00 -6.829646695999999628e-02
7.872499999999999609e+00 -6.851842429000000456e-02
7.875000000000000000e+00 -6.849738944000000052e-02
7.877500000000000391e+00 -6.868079679999999909e-02
7.879999999999999893e+00 -6.861084702000000424e-02
7.882500000000000284e+00 -6.879045325999999516e-02
7.884999999999999787e+00 -6.883261618000000026e-02
7.887500000000000178e+00 -6.900264381000000002e-02
7.889999999999999680e+00 -6.911215966000000543e-02
7.892500000000000071e+00 -6.902952486999999748e-02
7.894999999999999574e+00 -6.925414853000000370e-02
7.897499999999999964e+00 -6.919738711999999514e-02
7.900000000000000355e+00 -6.923855128000000470e-02
7.902499999999999858e+00 -6.932391839000000278e-02
7.905000000000000249e+00 -6.955576524999999843e-02
7.907499999999999751e+00 -6.953948079999999754e-02
7.910000000000000142e+00 -6.958784211000000608e-02
7.912499999999999645e+00 -6.960412137999999471e-02
7.915000000000000036e+00 -6.955001620999999579e-02
7.917500000000000426e+00 -7.004859512000000121e-02
7.919999999999999929e+00 -6.980374892000000553e-02
7.922500000000000320e+00 -6.997430139999999410e-02
7.924999999999999822e+00 -7.015257630000000522e-02
7.927500000000000213e+00 -6.998252580000000056e-02
7.929999999999999716e+00 -7.022062297999999425e-02
7.932500000000000107e+00 -7.004736567000000025e-02
7.934999999999999609e+00 -7.036891096000000290e-02
7.937500000000000000e+00 -7.037288150999999881e-02
7.940000000000000391e+00 -7.044282548999999949e-02
7.942499999999999893e+00 -7.056717485999999817e-02
7.945000000000000284e+00 -7.071722323000000088e-02
7.947499999999999787e+00 -7.072476253999999962e-02
7.950000000000000178e+00 -7.088795981999999885e-02
7.952499999999999680e+00 -7.100850922000000176e-02
7.955000000000000071e+00 -7.086072391999999331e-02
7.957499999999999574e+00 -7.130255419000000594e-02
7.959999999999999964e+00 -7.116948785000000444e-02
7.962500000000000355e+00 -7.145275265000000653e-02
7.964999999999999858e+00 -7.120706776999999321e-02
7.967500000000000249e+00 -7.149676034999999374e-02
7.969999999999999751e+00 -7.159255136999999325e-02
7.972500000000000142e+00 -7.143271077000000469e-02
7.974999999999999645e+00 -7.179944417000000412e-02
7.977500000000000036e+00 -7.163913097000000618e-02
7.980000000000000426e+00 -7.180585774999999338e-02
7.982499999999999929e+00 -7.193337041000000265e-02
7.985000000000000320e+00 -7.185838831999999399e-02
7.987499999999999822e+00 -7.208774932000000524e-02
7.990000000000000213e+00 -7.210558573000000471e-02
7.992499999999999716e+00 -7.218663072000000569e-02
7.995000000000000107e+00 -7.224262770000000611e-02
7.997499999999999609e+00 -7.226780670000000628e-02
8.000000000000000000e+00 -7.241428786999999645e-02
8.002499999999999503e+00 -7.253209284999999340e-02
8.005000000000000782e+00 -7.272640716000000616e-02
8.007500000000000284e+00 -7.264753985999999886e-02
8.009999999999999787e+00 -7.282923568999999375e-02
8.012499999999999289e+00 -7.272847091999999625e-02
8.015000000000000568e+00 -7.283477600000000385e-02
8.017500000000000071e+00 -7.299344191999999898e-02
8.019999999999999574e+00 -7.326674846000000296e-02
8.022500000000000853e+00 -7.306093800000000582e-02
8.025000000000000355e+00 -7.311252242999999318e-02
8.027499999999999858e+00 -7.333516680000000398e-02
8.029999999999999361e+00 -7.351403988999999362e-02
8.032500000000000639e+00 -7.348249069999999994e-02
8.035000000000000142e+00 -7.347002710000000159e-02
8.037499999999999645e+00 -7.374458035000000522e-02
8.039999999999999147e+00 -7.367234621000000316e-02
8.042500000000000426e+00 -7.363406157000000618e-02
8.044999999999999929e+00 -7.392032298999999529e-02
8.047499999999999432e+00 -7.399405279000000057e-02
8.050000000000000711e+00 -7.393954480000000662e-02
8.052500000000000213e+00 -7.405836509999999540e-02
8.054999999999999716e+00 -7.425076510000000463e-02
8.057499999999999218e+00 -7.412761783000000604e-02
8.060000000000000497e+00 -7.435648167000000197e-02
8.062500000000000000e+00 -7.422276647999999366e-02
8.064999999999999503e+00 -7.447250028999999327e-02
8.067500000000000782e+00 -7.448879297999999594e-02
8.070000000000000284e+00 -7.455487016999999550e-02
8.072499999999999787e+00 -7.498904882000000105e-02
8.074999999999999289e+00 -7.482252684000000043e-02
8.077500000000000568e+00 -7.478017464000000225e-02
8.080000000000000071e+00 -7.489441313000000378e-02
8.082499999999999574e+00 -7.504185268999999381e-02
8.085000000000000853e+00 -7.511460511999999701e-02
8.087500000000000355e+00 -7.531917259999999781e-02
8.089999999999999858e+00 -7.518985038000000620e-02
8.092499999999999361e+00 -7.531147213000000118e-02
8.095000000000000639e+00 -7.552711038999999904e-02
8.097500000000000142e+00 -7.553210797999999893e-02
8.099999999999999645e+00 -7.562939372999999410e-02
8.102499999999999147e+00 -7.573725833000000129e-02
8.105000000000000426e+00 -7.573557937000000018e-02
8.107499999999999929e+00 -7.576638867000000388e-02
8.109999999999999432e+00 -7.594500147999999617e-02
8.112500000000000711e+00 -7.609547865999999328e-02
8.115000000000000213e+00 -7.612383598999999945e-02
8.117499999999999716e+00 -7.615404433000000362e-02
8.119999999999999218e+00 -7.624715374000000379e-02
8.122500000000000497e+00 -7.618234773000000237e-02
8.125000000000000000e+00 -7.632230600000000642e-02
8.127499999999999503e+00 -7.651611527000000412e-02
8.130000000000000782e+00 -7.646188712000000220e-02
8.132500000000000284e+00 -7.665403382999999571e-02
8.134999999999999787e+00 -7.661610660999999822e-02
8.137499999999999289e+00 -7.693236489999999428e-02
8.140000000000000568e+00 -7.703941445999999693e-02
8.142500000000000071e+00 -7.708492400999999994e-02
8.144999999999999574e+00 -7.706018248000000292e-02
8.147500000000000853e+00 -7.720488492999999508e-02
8.150000000000000355e+00 -7.726920522999999874e-02
8.152499999999999858e+00 -7.714042421000000260e-02
8.154999999999999361e+00 -7.745839911999999328e-02
8.157500000000000639e+00 -7.760246061999999390e-02
8.160000000000000142e+00 -7.765161534999999449e-02
8.162499999999999645e+00 -7.760970689000000478e-02
8.164999999999999147e+00 -7.765625219999999773e-02
8.167500000000000426e+00 -7.785782837999999373e-02
8.169999999999999929e+00 -7.798546181000000355e-02
8.172499999999999432e+00 -7.772429715999999711e-02
8.175000000000000711e+00 -7.803662307000000520e-02
8.177500000000000213e+00 -7.821747547000000578e-02
8.179999999999999716e+00 -7.818867184000000137e-02
8.182499999999999218e+00 -7.827566599000000680e-02
8.185000000000000497e+00 -7.839790721999999323e-02
8.187500000000000000e+00 -7.840169834999999310e-02
8.189999999999999503e+00 -7.857745296000000212e-02
8.192500000000000782e+00 -7.859166165000000537e-02
8.195000000000000284e+00 -7.866598854999999613e-02
8.197499999999999787e+00 -7.888659041999999955e-02
8.199999999999999289e+00 -7.899713634999999678e-02
8.202500000000000568e+00 -7.895724128000000674e-02
8.205000000000000071e+00 -7.927805613999999723e-02
8.207499999999999574e+00 -7.930486284000000385e-02
8.210000000000000853e+00 -7.923859664000000580e-02
8.212500000000000355e+00 -7.934446497000000043e-02
8.214999999999999858e+00 -7.954978024999999342e-02
8.217499999999999361e+00 -7.951670210000000294e-02
8.220000000000000639e+00 -7.959157810000000444e-02
8.222500000000000142e+00 -7.959126061000000585e-02
8.224999999999999645e+00 -7.982813582000000685e-02
8.227499999999999147e+00 -7.973852620000000668e-02
8.230000000000000426e+00 -7.987710858999999552e-02
8.232499999999999929e+00 -7.990581560999999999e-02
8.234999999999999432e+00 -8.004458428999999819e-02
8.237500000000000711e+00 -7.998934515000000189e-02
8.240000000000000213e+00 -8.025111662999999396e-02
8.242499999999999716e+00 -8.028471648000000405e-02
8.244999999999999218e+00 -8.045091340000000424e-02
8.247500000000000497e+00 -8.045294793000000444e-02
8.250000000000000000e+00 -8.054135457000000109e-02
8.252499999999999503e+00 -8.081277021999999643e-02
8.255000000000000782e+00 -8.050110017999999312e-02
8.257500000000000284e+00 -8.080245058000000424e-02
8.259999999999999787e+00 -8.088050628000000020e-02
8.262499999999999289e+00 -8.118446608000000342e-02
8.265000000000000568e+00 -8.108407110000000195e-02
8.267500000000000071e+00 -8.119832980999999728e-02
8.269999999999999574e+00 -8.137627288000000292e-02
8.272500000000000853e+00 -8.140327164999999754e-02
8.275000000000000355e+00 -8.147944579999999437e-02
8.277499999999999858e+00 -8.167656500000000652e-02
8.279999999999999361e+00 -8.179879207000000096e-02
8.282500000000000639e+00 -8.177125661999999628e-02
8.285000000000000142e+00 -8.167532987999999439e-02
8.287499999999999645e+00 -8.209440887999999714e-02
8.289999999999999147e+00 -8.209287686999999778e-02
8.292500000000000426e+00 -8.198886642000000058e-02
8.294999999999999929e+00 -8.219008724000000099e-02
8.297499999999999432e+00 -8.208313036999999313e-02
8.300000000000000711e+00 -8.227267290999999705e-02
8.302500000000000213e+00 -8.249062511999999403e-02
8.304999999999999716e+00 -8.257634316999999669e-02
8.307499999999999218e+00 -8.266222286999999613e-02
8.310000000000000497e+00 -8.269782895999999717e-02
8.312500000000000000e+00 -8.265258490999999319e-02
8.314999999999999503e+00 -8.280319317999999817e-02
8.317500000000000782e+00 -8.292261818000000451e-02
8.320000000000000284e+00 -8.296712258999999756e-02
8.322499999999999787e+00 -8.320337415999999597e-02
8.324999999999999289e+00 -8.325170441000000199e-02
8.327500000000000568e+00 -8.313128130999999921e-02
8.330000000000000071e+00 -8.336277964999999623e-02
8.332499999999999574e+00 -8.335631934999999937e-02
8.335000000000000853e+00 -8.355267945000000029e-02
8.337500000000000355e+00 -8.363393378000000267e-02
8.339999999999999858e+00 -8.368203050000000420e-02
8.342499999999999361e+00 -8.381314793999999901e-02
8.345000000000000639e+00 -8.385340993999999826e-02
8.347500000000000142e+00 -8.398697984000000338e-02
8.349999999999999645e+00 -8.413317272999999707e-02
8.352499999999999147e+00 -8.391564996000000498e-02
8.355000000000000426e+00 -8.420109838000000568e-02
8.357499999999999929e+00 -8.429030921999999815e-02
8.359999999999999432e+00 -8.459780966999999596e-02
8.362500000000000711e+00 -8.439167914999999576e-02
8.365000000000000213e+00 -8.460474989999999806e-02
8.367499999999999716e+00 -8.474798300999999978e-02
8.369999999999999218e+00 -8.480267923999999791e-02
8.372500000000000497e+00 -8.504558032999999517e-02
8.375000000000000000e+00 -8.497770845999999545e-02
8.377499999999999503e+00 -8.508368985000000495e-02
8.380000000000000782e+00 -8.512269539000000274e-02
8.382500000000000284e+00 -8.514572673999999675e-02
8.384999999999999787e+00 -8.538126208000000605e-02
8.387499999999999289e+00 -8.539362925000000548e-02
8.390000000000000568e+00 -8.536569087999999750e-02
8.392500000000000071e+00 -8.545999871999999942e-02
8.394999999999999574e+00 -8.561850897999999377e-02
8.397500000000000853e+00 -8.580738290000000656e-02
8.400000000000000355e+00 -8.561988755999999645e-02
8.402499999999999858e+00 -8.596877125000000619e-02
8.404999999999999361e+00 -8.616773020000000061e-02
8.407500000000000639e+00 -8.617077066999999369e-02
8.410000000000000142e+00 -8.621229345000000488e-02
8.412499999999999645e+00 -8.627265745999999902e-02
8.414999999999999147e+00 -8.628857146000000478e-02
8.417500000000000426e+00 -8.655135344999999314e-02
8.419999999999999929e+00 -8.655374927999999468e-02
8.422499999999999432e+00 -8.646182069999999720e-02
8.425000000000000711e+00 -8.661317981999999693e-02
8.427500000000000213e+00 -8.696831902000000392e-02
8.429999999999999716e+00 -8.697614588999999508e-02
8.432499999999999218e+00 -8.690514635000000376e-02
8.435000000000000497e+00 -8.716305651000000321e-02
8.437500000000000000e+00 -8.740762676999999647e-02
8.439999999999999503e+00 -8.733477702000000398e-02
8.442500000000000782e+00 -8.754841816000000221e-02
8.445000000000000284e+00 -8.749626223999999730e-02
8.447499999999999787e+00 -8.767474902999999875e-02
8.449999999999999289e+00 -8.769858748999999343e-02
8.452500000000000568e+00 -8.798238815999999407e-02
8.455000000000000071e+00 -8.783335724999999372e-02
8.457499999999999574e+00 -8.775269846000000040e-02
8.460000000000000853e+00 -8.813212425999999988e-02
8.462500000000000355e+00 -8.817738897000000631e-02
8.464999999999999858e+00 -8.817005372000000230e-02
8.467499999999999361e+00 -8.826441794999999313e-02
8.470000000000000639e+00 -8.835569064999999889e-02
8.472500000000000142e+00 -8.846430305999999910e-02
8.474999999999999645e+00 -8.847248049000000503e-02
8.477499999999999147e+00 -8.888698910999999481e-02
8.480000000000000426e+00 -8.874857965000000626e-02
8.482499999999999929e+00 -8.905464602000000285e-02
8.484999999999999432e+00 -8.910916383000000440e-02
8.487500000000000711e+00 -8.899113237000000343e-02
8.490000000000000213e+00 -8.933144088000000149e-02
8.492499999999999716e+00 -8.935617894000000283e-02
8.494999999999999218e+00 -8.922435968000000384e-02
8.497500000000000497e+00 -8.943101939000000500e-02
8.500000000000000000e+00 -8.950897278000000123e-02
8.502499999999999503e+00 -8.956701175999999542e-02
8.505000000000000782e+00 -8.970426272999999784e-02
8.507500000000000284e+00 -8.993348984000000546e-02
8.509999999999999787e+00 -9.013123041999999974e-02
8.512499999999999289e+00 -9.009501515999999988e-02
8.515000000000000568e+00 -9.007565900000000236e-02
8.517500000000000071e+00 -9.019663743000000400e-02
8.519999999999999574e+00 -9.042988302000000422e-02
8.522500000000000853e+00 -9.026102810000000143e-02
8.525000000000000355e+00 -9.040899406999999832e-02
8.527499999999999858e+00 -9.057985850999999977e-02
8.529999999999999361e+00 -9.063981742000000452e-02
8.532500000000000639e+00 -9.077093291000000452e-02
8.535000000000000142e+00 -9.082981639999999912e-02
8.537499999999999645e+00 -9.088844356000000402e-02
8.539999999999999147e+00 -9.102318260000000216e-02
8.542500000000000426e+00 -9.105384319999999809e-02
8.544999999999999929e+00 -9.126305804999999827e-02
8.547499999999999432e+00 -9.140268837999999951e-02
8.550000000000000711e+00 -9.135679657999999648e-02
8.552500000000000213e+00 -9.138844224999999322e-02
8.554999999999999716e+00 -9.134440052999999449e-02
8.557499999999999218e+00 -9.169900972000000205e-02
8.560000000000000497e+00 -9.184978883000000094e-02
8.562500000000000000e+00 -9.170569851000000272e-02
8.564999999999999503e+00 -9.202477111000000043e-02
8.567500000000000782e+00 -9.208856904999999926e-02
8.570000000000000284e+00 -9.220529308000000035e-02
8.572499999999999787e+00 -9.218347765999999888e-02
8.574999999999999289e+00 -9.235667216000000013e-02
8.577500000000000568e+00 -9.248705157000000621e-02
8.580000000000000071e+00 -9.272791435999999665e-02
8.582499999999999574e+00 -9.270961278000000583e-02
8.585000000000000853e+00 -9.256966901999999497e-02
8.587500000000000355e+00 -9.301325181000000275e-02
8.589999999999999858e+00 -9.282312883000000403e-02
8.592499999999999361e+00 -9.308035511999999956e-02
8.595000000000000639e+00 -9.330065697999999352e-02
8.597500000000000142e+00 -9.320553356999999872e-02
8.599999999999999645e+00 -9.343803236000000623e-02
8.602499999999999147e+00 -9.341370354000000376e-02
8.605000000000000426e+00 -9.358971549000000278e-02
8.607499999999999929e+00 -9.387988747999999328e-02
8.609999999999999432e+00 -9.371001354999999866e-02
8.612500000000000711e+00 -9.400990839999999460e-02
8.615000000000000213e+00 -9.397261564999999373e-02
8.617499999999999716e+00 -9.386289080000000118e-02
8.619999999999999218e+00 -9.412420458999999628e-02
8.622500000000000497e+00 -9.412193661999999905e-02
8.625000000000000000e+00 -9.434230592999999498e-02
8.627499999999999503e+00 -9.445899308999999855e-02
8.630000000000000782e+00 -9.464458884000000183e-02
8.632500000000000284e+00 -9.478654934999999893e-02
8.634999999999999787e+00 -9.477677365999999382e-02
8.637499999999999289e+00 -9.471157494000000121e-02
8.640000000000000568e+00 -9.493465181000000641e-02
8.642500000000000071e+00 -9.497436864000000090e-02
8.644999999999999574e+00 -9.505115953999999923e-02
8.647500000000000853e+00 -9.526447389000000654e-02
8.650000000000000355e+00 -9.517096906999999995e-02
8.652499999999999858e+00 -9.548091459999999420e-02
8.654999999999999361e+00 -9.549320343999999350e-02
8.657500000000000639e+00 -9.563606985000000504e-02
8.660000000000000142e+00 -9.584534981999999481e-02
8.662499999999999645e+00 -9.582195907000000401e-02
8.664999999999999147e+00 -9.601748754000000163e-02
8.667500000000000426e+00 -9.595761188000000164e-02
8.669999999999999929e+00 -9.626369938999999876e-02
8.672499999999999432e+00 -9.616299065000000201e-02
8.675000000000000711e+00 -9.627294597999999648e-02
8.677500000000000213e+00 -9.640222790999999902e-02
8.679999999999999716e+00 -9.646126850000000252e-02
8.682499999999999218e+00 -9.667588689999999374e-02
8.685000000000000497e+00 -9.665755397000000415e-02
8.687500000000000000e+00 -9.680796374000000259e-02
8.689999999999999503e+00 -9.694870198999999689e-02
8.692500000000000782e+00 -9.709504442999999929e-02
8.695000000000000284e+00 -9.724239551999999676e-02
8.697499999999999787e+00 -9.722273977999999761e-02
8.699999999999999289e+00 -9.747428097999999430e-02
8.702500000000000568e+00 -9.736858784999999350e-02
8.705000000000000071e+00 -9.762007407999999387e-02
8.707499999999999574e+00 -9.782760768999999856e-02
8.710000000000000853e+00 -9.769173651000000180e-02
8.712500000000000355e+00 -9.782172655000000161e-02
8.714999999999999858e+00 -9.813298436999999541e-02
8.717499999999999361e+00 -9.827923025000000201e-02
8.720000000000000639e+00 -9.811710103000000072e-02
8.722500000000000142e+00 -9.812637043999999920e-02
8.724999999999999645e+00 -9.845781156999999784e-02
8.727499999999999147e+00 -9.826616793999999599e-02
8.730000000000000426e+00 -9.873548165999999904e-02
8.732499999999999929e+00 -9.876479438999999361e-02
8.734999999999999432e+00 -9.889396050000000271e-02
8.737500000000000711e+00 -9.901004408999999895e-02
8.740000000000000213e+00 -9.916234985999999862e-02
8.742499999999999716e+00 -9.899136359000000607e-02
8.744999999999999218e+00 -9.923611421000000377e-02
8.747500000000000497e+00 -9.938988229999999591e-02
8.750000000000000000e+00 -9.934768194000000163e-02
8.752499999999999503e+00 -9.953798268999999865e-02
8.755000000000000782e+00 -9.972885607999999735e-02
8.757500000000000284e+00 -9.959233733000000255e-02
8.759999999999999787e+00 -1.000330061999999964e-01
8.762499999999999289e+00 -9.996211859999999672e-02
8.765000000000000568e+00 -1.001020234000000037e-01
8.767500000000000071e+00 -1.003860231999999936e-01
8.769999999999999574e+00 -1.003029550999999936e-01
8.772500000000000853e+00 -1.001989704999999981e-01
8.775000000000000355e+00 -1.002149301000000020e-01
8.777499999999999858e+00 -1.005686241000000036e-01
8.779999999999999361e+00 -1.006258520999999961e-01
8.782500000000000639e+00 -1.006259781999999936e-01
8.785000000000000142e+00 -1.010637531000000006e-01
8.787499999999999645e+00 -1.011676469000000050e-01
8.789999999999999147e+00 -1.011612550000000055e-01
8.792500000000000426e+00 -1.013390690999999982e-01
8.794999999999999929e+00 -1.013974329000000008e-01
8.797499999999999432e+00 -1.013059215000000068e-01
8.800000000000000711e+00 -1.014309914999999979e-01
8.802500000000000213e+00 -1.014143876000000027e-01
8.804999999999999716e+00 -1.017427246000000007e-01
8.807499999999999218e+00 -1.018052334999999947e-01
8.810000000000000497e+00 -1.019427940000000032e-01
8.812500000000000000e+00 -1.018853707999999997e-01
8.814999999999999503e+00 -1.020509371000000026e-01
8.817500000000000782e+00 -1.023241956000000008e-01
8.820000000000000284e+00 -1.023137077000000061e-01
8.822499999999999787e+00 -1.024526414999999968e-01
8.824999999999999289e+00 -1.027424787000000006e-01
8.827500000000000568e+00 -1.026661657000000061e-01
8.830000000000000071e+00 -1.028945005999999940e-01
8.832499999999999574e+00 -1.029361728999999975e-01
8.835000000000000853e+00 -1.031494126999999983e-01
8.837500000000000355e+00 -1.030261135000000022e-01
8.839999999999999858e+00 -1.031287859000000057e-01
8.842499999999999361e+00 -1.032379316999999935e-01
8.845000000000000639e+00 -1.034904977999999975e-01
8.847500000000000142e+00 -1.033748840000000002e-01
8.849999999999999645e+00 -1.035658713000000009e-01
8.852499999999999147e+00 -1.036827671999999978e-01
8.855000000000000426e+00 -1.038283651000000002e-01
8.857499999999999929e+00 -1.040541452000000033e-01
8.859999999999999432e+00 -1.039491751999999936e-01
8.862500000000000711e+00 -1.045669312000000045e-01
8.865000000000000213e+00 -1.042763527999999995e-01
8.867499999999999716e+00 -1.044264059000000050e-01
8.869999999999999218e+00 -1.046390709000000058e-01
8.872500000000000497e+00 -1.046844296999999979e-01
8.875000000000000000e+00 -1.046694066999999950e-01
8.877499999999999503e+00 -1.051075156000000066e-01
8.880000000000000782e+00 -1.049450543000000069e-01
8.882500000000000284e+00 -1.051707927000000015e-01
8.884999999999999787e+00 -1.050501236000000033e-01
8.887499999999999289e+00 -1.051736203000000064e-01
8.890000000000000568e+00 -1.054727545999999960e-01
8.892500000000000071e+00 -1.053686342000000054e-01
8.894999999999999574e+00 -1.057600773999999993e-01
8.897500000000000853e+00 -1.053830008999999956e-01
8.900000000000000355e+00 -1.059023303999999943e-01
8.902499999999999858e+00 -1.059083742000000022e-01
8.904999999999999361e+00 -1.061425571000000068e-01
8.907500000000000639e+00 -1.062183975000000058e-01
8.910000000000000142e+00 -1.064170314999999950e-01
8.912499999999999645e+00 -1.064522685999999968e-01
8.914999999999999147e+00 -1.065415997999999975e-01
8.917500000000000426e+00 -1.066222822999999958e-01
8.919999999999999929e+00 -1.068283673999999989e-01
8.922499999999999432e+00 -1.066674529999999954e-01
8.925000000000000711e+00 -1.068333919999999992e-01
8.927500000000000213e+00 -1.072220326999999973e-01
8.929999999999999716e+00 -1.070221591000000000e-01
8.932499999999999218e+00 -1.073640696999999949e-01
8.935000000000000497e+00 -1.074590133999999975e-01
8.937500000000000000e+00 -1.076167122000000059e-01
8.939999999999999503e+00 -1.074439204999999981e-01
8.942500000000000782e+00 -1.079266797999999944e-01
8.945000000000000284e+00 -1.078435642000000055e-01
8.947499999999999787e+00 -1.080282315999999965e-01
8.949999999999999289e+00 -1.081208064000000052e-01
8.952500000000000568e+00 -1.081594817999999986e-01
8.955000000000000071e+00 -1.082942127000000032e-01
8.957499999999999574e+00 -1.083384250000000021e-01
8.960000000000000853e+00 -1.088036658999999989e-01
8.962500000000000355e+00 -1.086475186000000065e-01
8.964999999999999858e+00 -1.087119056000000056e-01
8.967499999999999361e+00 -1.090778317999999969e-01
8.970000000000000639e+00 -1.090852340000000031e-01
8.972500000000000142e+00 -1.091120307999999955e-01
8.974999999999999645e+00 -1.091050976000000061e-01
8.977499999999999147e+00 -1.093568268000000010e-01
8.980000000000000426e+00 -1.095140792999999974e-01
8.982499999999999929e+00 -1.095519739999999964e-01
8.984999999999999432e+00 -1.095736474999999960e-01
8.987500000000000711e+00 -1.098655610000000005e-01
8.990000000000000213e+00 -1.099447815999999994e-01
8.992499999999999716e+00 -1.101575107000000026e-01
8.994999999999999218e+00 -1.102662420999999948e-01
8.997500000000000497e+00 -1.102882124999999963e-01
9.000000000000000000e+00 -1.102631421000000028e-01
9.002499999999999503e+00 -1.104555083999999993e-01
9.005000000000000782e+00 -1.106522419999999979e-01
9.007500000000000284e+00 -1.107897122999999956e-01
9.009999999999999787e+00 -1.109061992999999940e-01
9.012499999999999289e+00 -1.111174409000000030e-01
9.015000000000000568e+00 -1.108610882999999936e-01
9.017500000000000071e+00 -1.111974698000000039e-01
9.019999999999999574e+00 -1.111962680999999953e-01
9.022500000000000853e+00 -1.115705456000000012e-01
9.025000000000000355e+00 -1.116474239999999951e-01
9.027499999999999858e+00 -1.116738654999999969e-01
9.029999999999999361e+00 -1.117623034999999931e-01
9.032500000000000639e+00 -1.119504023999999959e-01
9.035000000000000142e+00 -1.120863497000000042e-01
9.037499999999999645e+00 -1.121921433000000051e-01
9.039999999999999147e+00 -1.122160586000000015e-01
9.042500000000000426e+00 -1.122464043999999994e-01
9.044999999999999929e+00 -1.124449596999999995e-01
9.047499999999999432e+00 -1.127643693999999946e-01
9.050000000000000711e+00 -1.125628662000000002e-01
9.052500000000000213e+00 -1.129056115999999971e-01
9.054999999999999716e+00 -1.130714944000000000e-01
9.057499999999999218e+00 -1.131004961000000031e-01
9.060000000000000497e+00 -1.132786830000000050e-01
9.062500000000000000e+00 -1.134258352000000053e-01
9.064999999999999503e+00 -1.134812986999999967e-01
9.067500000000000782e+00 -1.138755419000000019e-01
9.070000000000000284e+00 -1.137833439999999946e-01
9.072499999999999787e+00 -1.139456984999999978e-01
9.074999999999999289e+00 -1.138369882000000027e-01
9.077500000000000568e+00 -1.141728090000000001e-01
9.080000000000000071e+00 -1.142041663000000068e-01
9.082499999999999574e+00 -1.143436340999999939e-01
9.085000000000000853e+00 -1.144909558000000022e-01
9.087500000000000355e+00 -1.147110835000000051e-01
9.089999999999999858e+00 -1.146771681000000043e-01
9.092499999999999361e+00 -1.150574451999999970e-01
9.095000000000000639e+00 -1.149558138999999951e-01
9.097500000000000142e+00 -1.153096928999999965e-01
9.099999999999999645e+00 -1.152885651999999983e-01
9.102499999999999147e+00 -1.151924336999999993e-01
9.105000000000000426e+00 -1.152885195000000057e-01
9.107499999999999929e+00 -1.154943915999999959e-01
9.109999999999999432e+00 -1.157094216000000009e-01
9.112500000000000711e+00 -1.157598697000000038e-01
9.115000000000000213e+00 -1.157903462000000050e-01
9.117499999999999716e+00 -1.160950860000000001e-01
9.119999999999999218e+00 -1.163209397000000006e-01
9.122500000000000497e+00 -1.162609946000000005e-01
9.125000000000000000e+00 -1.165101573000000001e-01
9.127499999999999503e+00 -1.166930154000000025e-01
9.130000000000000782e+00 -1.168226507999999969e-01
9.132500000000000284e+00 -1.166290519999999969e-01
9.134999999999999787e+00 -1.169420144000000022e-01
9.137499999999999289e+00 -1.171040450000000038e-01
9.140000000000000568e+00 -1.171662693999999949e-01
9.142500000000000071e+00 -1.174931419999999949e-01
9.144999999999999574e+00 -1.175069534000000027e-01
9.147500000000000853e+00 -1.175751490000000038e-01
9.150000000000000355e+00 -1.175992747000000060e-01
9.152499999999999858e+00 -1.179001390000000010e-01
9.154999999999999361e+00 -1.179937722999999938e-01
9.157500000000000639e+00 -1.180458491000000026e-01
9.160000000000000142e+00 -1.181826059999999956e-01
9.162499999999999645e+00 -1.186442875999999952e-01
9.164999999999999147e+00 -1.184476235999999960e-01
9.167500000000000426e+00 -1.185883442999999954e-01
9.169999999999999929e+00 -1.189561301999999959e-01
9.172499999999999432e+00 -1.189349501000000059e-01
9.175000000000000711e+00 -1.189576331000000015e-01
9.177500000000000213e+00 -1.191057474000000033e-01
9.179999999999999716e+00 -1.192017560000000059e-01
9.182499999999999218e+00 -1.192367381999999976e-01
9.185000000000000497e+00 -1.196107738999999948e-01
9.187500000000000000e+00 -1.196257324999999982e-01
9.189999999999999503e+00 -1.199232803000000042e-01
9.192500000000000782e+00 -1.198809843000000069e-01
9.195000000000000284e+00 -1.201806115000000064e-01
9.197499999999999787e+00 -1.201722013999999977e-01
9.199999999999999289e+00 -1.202742653000000023e-01
9.202500000000000568e+00 -1.205547631999999980e-01
9.205000000000000071e+00 -1.205780547000000064e-01
9.207499999999999574e+00 -1.206017748000000056e-01
9.210000000000000853e+00 -1.207821517000000067e-01
9.212500000000000355e+00 -1.209291891000000008e-01
9.214999999999999858e+00 -1.210723533000000046e-01
9.217499999999999361e+00 -1.212119888000000034e-01
9.220000000000000639e+00 -1.213067243999999961e-01
9.222500000000000142e+00 -1.214087773000000064e-01
9.224999999999999645e+00 -1.214854390999999950e-01
9.227499999999999147e+00 -1.214700355999999981e-01
9.230000000000000426e+00 -1.219272832999999945e-01
9.232499999999999929e+00 -1.218624425999999955e-01
9.234999999999999432e+00 -1.221025116000000049e-01
9.237500000000000711e+00 -1.221860211000000002e-01
9.240000000000000213e+00 -1.223675934000000021e-01
9.242499999999999716e+00 -1.226410733000000003e-01
9.244999999999999218e+00 -1.228390508000000020e-01
9.247500000000000497e+00 -1.226765870000000036e-01
9.250000000000000000e+00 -1.228954156000000020e-01
9.252499999999999503e+00 -1.229306341000000052e-01
9.255000000000000782e+00 -1.229984982000000004e-01
9.257500000000000284e+00 -1.232368214999999961e-01
9.259999999999999787e+00 -1.233378759000000047e-01
9.262499999999999289e+00 -1.235966376000000033e-01
9.265000000000000568e+00 -1.236260693000000022e-01
9.267500000000000071e+00 -1.237937372000000036e-01
9.269999999999999574e+00 -1.239375382999999969e-01
9.272500000000000853e+00 -1.240199475000000051e-01
9.275000000000000355e+00 -1.242580296999999945e-01
9.277499999999999858e+00 -1.243341646000000050e-01
9.279999999999999361e+00 -1.243995992000000023e-01
9.282500000000000639e+00 -1.246657444999999947e-01
9.285000000000000142e+00 -1.247649618999999988e-01
9.287499999999999645e+00 -1.248402547999999945e-01
9.289999999999999147e+00 -1.252607947000000110e-01
9.292500000000000426e+00 -1.250012557000000080e-01
9.294999999999999929e+00 -1.254021915999999903e-01
9.297499999999999432e+00 -1.252727714999999908e-01
9.300000000000000711e+00 -1.256181325999999876e-01
9.302500000000000213e+00 -1.257224922000000078e-01
9.304999999999999716e+00 -1.258371266999999960e-01
9.307499999999999218e+00 -1.260050078999999934e-01
9.310000000000000497e+00 -1.259596124000000039e-01
9.312500000000000000e+00 -1.263800116000000084e-01
9.314999999999999503e+00 -1.265147933999999919e-01
9.317500000000000782e+00 -1.268394736000000023e-01
9.320000000000000284e+00 -1.266441178999999917e-01
9.322499999999999787e+00 -1.270355904999999896e-01
9.324999999999999289e+00 -1.269520754000000029e-01
9.327500000000000568e+00 -1.270224812000000092e-01
9.330000000000000071e+00 -1.270569736000000116e-01
9.332499999999999574e+00 -1.273768503999999913e-01
9.335000000000000853e+00 -1.276829355999999915e-01
9.337500000000000355e+00 -1.275774556000000004e-01
9.339999999999999858e+00 -1.276667726999999863e-01
9.342499999999999361e+00 -1.278793914999999948e-01
9.345000000000000639e+00 -1.279848899000000095e-01
9.347500000000000142e+00 -1.283649790999999984e-01
9.349999999999999645e+00 -1.283379278000000012e-01
9.352499999999999147e+00 -1.285386732000000087e-01
9.355000000000000426e+00 -1.285637645000000107e-01
9.357499999999999929e+00 -1.286394918000000054e-01
9.359999999999999432e+00 -1.288716088999999898e-01
9.362500000000000711e+00 -1.291449228000000060e-01
9.365000000000000213e+00 -1.292888103000000011e-01
9.367499999999999716e+00 -1.293286778000000137e-01
9.369999999999999218e+00 -1.297289896999999914e-01
9.372500000000000497e+00 -1.297728070999999983e-01
9.375000000000000000e+00 -1.298784765000000063e-01
9.377499999999999503e+00 -1.299400180999999987e-01
9.380000000000000782e+00 -1.299133108999999953e-01
9.382500000000000284e+00 -1.302960850000000059e-01
9.384999999999999787e+00 -1.303835744000000074e-01
9.387499999999999289e+00 -1.307113612999999952e-01
9.390000000000000568e+00 -1.307538725999999873e-01
9.392500000000000071e+00 -1.306292796999999895e-01
9.394999999999999574e+00 -1.312426979999999910e-01
9.397500000000000853e+00 -1.310624951999999899e-01
9.400000000000000355e+00 -1.313042061999999954e-01
9.402499999999999858e+00 -1.313298015999999901e-01
9.404999999999999361e+00 -1.312260145999999961e-01
9.407500000000000639e+00 -1.318299948999999971e-01
9.410000000000000142e+00 -1.317369093000000102e-01
9.412499999999999645e+00 -1.319724267999999867e-01
9.414999999999999147e+00 -1.323594093999999888e-01
9.417500000000000426e+00 -1.323222889000000013e-01
9.419999999999999929e+00 -1.321927982999999973e-01
9.422499999999999432e+00 -1.328073696000000026e-01
9.425000000000000711e+00 -1.326083445000000027e-01
9.427500000000000213e+00 -1.329091769000000089e-01
9.429999999999999716e+00 -1.329274655000000083e-01
9.432499999999999218e+00 -1.332405486000000083e-01
9.435000000000000497e+00 -1.333640208999999910e-01
9.437500000000000000e+00 -1.336466000000000043e-01
9.439999999999999503e+00 -1.335051158999999987e-01
9.442500000000000782e+00 -1.337813684999999975e-01
9.445000000000000284e+00 -1.338160703999999868e-01
9.447499999999999787e+00 -1.337369438999999882e-01
9.449999999999999289e+00 -1.344183837000000048e-01
9.452500000000000568e+00 -1.343723736000000113e-01
9.455000000000000071e+00 -1.345378396999999948e-01
9.457499999999999574e+00 -1.346166373999999888e-01
9.460000000000000853e+00 -1.346772374000000105e-01
9.462500000000000355e+00 -1.348842486999999868e-01
9.464999999999999858e+00 -1.350784676000000017e-01
9.467499999999999361e+00 -1.351489614999999977e-01
9.470000000000000639e+00 -1.351977960999999895e-01
9.472500000000000142e+00 -1.354589505999999888e-01
9.474999999999999645e+00 -1.356369738000000047e-01
9.477499999999999147e+00 -1.356672479000000098e-01
9.480000000000000426e+00 -1.359015748000000079e-01
9.482499999999999929e+00 -1.362451528999999995e-01
9.484999999999999432e+00 -1.362695254999999883e-01
9.487500000000000711e+00 -1.364541320000000058e-01
9.490000000000000213e+00 -1.364594195999999926e-01
9.492499999999999716e+00 -1.368863943999999999e-01
9.494999999999999218e+00 -1.371309000000000000e-01
9.497500000000000497e+00 -1.370799865000000006e-01
9.500000000000000000e+00 -1.373813959000000084e-01
9.502499999999999503e+00 -1.373462937000000106e-01
9.505000000000000782e+00 -1.375839137000000045e-01
9.507500000000000284e+00 -1.376028219000000052e-01
9.509999999999999787e+00 -1.379064737000000040e-01
9.512499999999999289e+00 -1.380319562000000000e-01
9.515000000000000568e+00 -1.383084246999999878e-01
9.517500000000000071e+00 -1.381679288999999866e-01
9.519999999999999574e+00 -1.386682361000000085e-01
9.522500000000000853e+00 -1.387140715000000080e-01
9.525000000000000355e+00 -1.388821254000000005e-01
9.527499999999999858e+00 -1.391797901999999865e-01
9.529999999999999361e+00 -1.391836233000000034e-01
9.532500000000000639e+00 -1.394637162000000041e-01
9.535000000000000142e+00 -1.395059555000000007e-01
9.537499999999999645e+00 -1.396153511999999874e-01
9.539999999999999147e+00 -1.396157224000000030e-01
9.542500000000000426e+00 -1.397354573000000044e-01
9.544999999999999929e+00 -1.396954378999999968e-01
9.547499999999999432e+00 -1.401479724999999954e-01
9.550000000000000711e+00 -1.405158628000000021e-01
9.552500000000000213e+00 -1.405670481000000083e-01
9.554999999999999716e+00 -1.407599313000000019e-01
9.557499999999999218e+00 -1.408620010999999950e-01
9.560000000000000497e+00 -1.411609434999999968e-01
9.562500000000000000e+00 -1.411727687999999870e-01
9.564999999999999503e+00 -1.413172071000000085e-01
9.567500000000000782e+00 -1.414516751000000072e-01
9.570000000000000284e+00 -1.416839980000000054e-01
9.572499999999999787e+00 -1.421165128000000111e-01
9.574999999999999289e+00 -1.420354077000000048e-01
9.577500000000000568e+00 -1.422201629000000023e-01
9.580000000000000071e+00 -1.425253655000000008e-01
9.582499999999999574e+00 -1.428283666999999868e-01
9.585000000000000853e+00 -1.424977451999999978e-01
9.587500000000000355e+00 -1.427683932000000100e-01
9.589999999999999858e+00 -1.428619646000000021e-01
9.592499999999999361e+00 -1.430128364000000096e-01
9.595000000000000639e+00 -1.433954165999999919e-01
9.597500000000000142e+00 -1.434843127000000051e-01
9.599999999999999645e+00 -1.435777632000000137e-01
9.602499999999999147e+00 -1.437083190000000010e-01
9.605000000000000426e+00 -1.440780868000000048e-01
9.607499999999999929e+00 -1.441099530999999934e-01
9.609999999999999432e+00 -1.441263928000000027e-01
9.612500000000000711e+00 -1.443542791999999908e-01
9.615000000000000213e+00 -1.444405481999999907e-01
9.617499999999999716e+00 -1.445660173999999965e-01
9.619999999999999218e+00 -1.448320233000000012e-01
9.622500000000000497e+00 -1.451797891000000118e-01
9.625000000000000000e+00 -1.452576949000000117e-01
9.627499999999999503e+00 -1.455938575000000068e-01
9.630000000000000782e+00 -1.454402794000000110e-01
9.632500000000000284e+00 -1.458861391000000063e-01
9.634999999999999787e+00 -1.457999815000000088e-01
9.637499999999999289e+00 -1.462043171000000086e-01
9.640000000000000568e+00 -1.460024071000000090e-01
9.642500000000000071e+00 -1.466004673000000091e-01
9.644999999999999574e+00 -1.465728393999999879e-01
9.647500000000000853e+00 -1.467495644000000043e-01
9.650000000000000355e+00 -1.468110113999999966e-01
9.652499999999999858e+00 -1.470290445000000112e-01
9.654999999999999361e+00 -1.477182468999999887e-01
9.657500000000000639e+00 -1.476812720000000023e-01
9.660000000000000142e+00 -1.477877881000000115e-01
9.662499999999999645e+00 -1.478865845000000012e-01
9.664999999999999147e+00 -1.479165930000000129e-01
9.667500000000000426e+00 -1.478829537999999943e-01
9.669999999999999929e+00 -1.483720884999999989e-01
9.672499999999999432e+00 -1.485225189000000112e-01
9.675000000000000711e+00 -1.484914351999999937e-01
9.677500000000000213e+00 -1.489635900999999873e-01
9.679999999999999716e+00 -1.489199565000000058e-01
9.682499999999999218e+00 -1.493175378999999914e-01
9.685000000000000497e+00 -1.495408514999999883e-01
9.687500000000000000e+00 -1.494575105000000015e-01
9.689999999999999503e+00 -1.497088125999999908e-01
9.692500000000000782e+00 -1.496726526000000113e-01
9.695000000000000284e+00 -1.503048989000000113e-01
9.697499999999999787e+00 -1.503958870000000059e-01
9.699999999999999289e+00 -1.505986407999999888e-01
9.702500000000000568e+00 -1.504049839000000111e-01
9.705000000000000071e+00 -1.507186031999999953e-01
9.707499999999999574e+00 -1.509033086000000079e-01
9.710000000000000853e+00 -1.511758267999999961e-01
9.712500000000000355e+00 -1.513474063999999952e-01
9.714999999999999858e+00 -1.513455103999999940e-01
9.717499999999999361e+00 -1.517003252999999940e-01
9.720000000000000639e+00 -1.517107401999999994e-01
9.722500000000000142e+00 -1.520558173000000068e-01
9.724999999999999645e+00 -1.523055150000000024e-01
9.727499999999999147e+00 -1.525731154999999950e-01
9.730000000000000426e+00 -1.524771675000000104e-01
9.732499999999999929e+00 -1.526308266999999996e-01
9.734999999999999432e+00 -1.531521851000000045e-01
9.737500000000000711e+00 -1.531022268999999991e-01
9.740000000000000213e+00 -1.531527480000000052e-01
9.742499999999999716e+00 -1.534043297999999889e-01
9.744999999999999218e+00 -1.535041303000000135e-01
9.747500000000000497e+00 -1.536746838999999976e-01
9.750000000000000000e+00 -1.542185481999999996e-01
9.752499999999999503e+00 -1.541714442999999879e-01
9.755000000000000782e+00 -1.545682881999999869e-01
9.757500000000000284e+00 -1.543582692000000089e-01
9.759999999999999787e+00 -1.545533611999999890e-01
9.762499999999999289e+00 -1.550828454000000023e-01
9.765000000000000568e+00 -1.552869665000000121e-01
9.767500000000000071e+00 -1.550710747000000056e-01
9.769999999999999574e+00 -1.553288395000000099e-01
9.772500000000000853e+00 -1.557331765999999951e-01
9.775000000000000355e+00 -1.558315769999999989e-01
9.777499999999999858e+00 -1.555818213999999866e-01
9.779999999999999361e+00 -1.565660259999999970e-01
9.782500000000000639e+00 -1.563813652999999915e-01
9.785000000000000142e+00 -1.567476482999999865e-01
9.787499999999999645e+00 -1.568754679999999901e-01
9.789999999999999147e+00 -1.567362231999999966e-01
9.792500000000000426e+00 -1.571364415000000014e-01
9.794999999999999929e+00 -1.572228125000000032e-01
9.797499999999999432e+00 -1.575002017999999893e-01
9.800000000000000711e+00 -1.576731657999999869e-01
9.802500000000000213e+00 -1.580574619000000014e-01
9.804999999999999716e+00 -1.580967065999999976e-01
9.807499999999999218e+00 -1.582500411999999967e-01
9.810000000000000497e+00 -1.584647100000000086e-01
9.812500000000000000e+00 -1.584068707000000076e-01
9.814999999999999503e+00 -1.587957496999999885e-01
9.817500000000000782e+00 -1.590430160999999898e-01
9.820000000000000284e+00 -1.590429433999999975e-01
9.822499999999999787e+00 -1.596579851000000105e-01
9.824999999999999289e+00 -1.593752335999999992e-01
9.827500000000000568e+00 -1.597591691999999952e-01
9.830000000000000071e+00 -1.600121918999999893e-01
9.832499999999999574e+00 -1.602854596999999937e-01
9.835000000000000853e+00 -1.604395403999999969e-01
9.837500000000000355e+00 -1.606187574000000062e-01
9.839999999999999858e+00 -1.607477032000000083e-01
9.842499999999999361e+00 -1.611891420999999880e-01
9.845000000000000639e+00 -1.611717025000000136e-01
9.847500000000000142e+00 -1.613853496000000054e-01
9.849999999999999645e+00 -1.612415604999999919e-01
9.852499999999999147e+00 -1.616359578000000075e-01
9.855000000000000426e+00 -1.619614336000000099e-01
9.857499999999999929e+00 -1.620858317999999965e-01
9.859999999999999432e+00 -1.623153451999999886e-01
9.862500000000000711e+00 -1.621966098000000023e-01
9.865000000000000213e+00 -1.631959353000000112e-01
9.867499999999999716e+00 -1.629800029000000039e-01
9.869999999999999218e+00 -1.631366348000000133e-01
9.872500000000000497e+00 -1.633888062999999946e-01
9.875000000000000000e+00 -1.638307045000000073e-01
9.877499999999999503e+00 -1.636971134999999911e-01
9.880000000000000782e+00 -1.638335582000000068e-01
9.882500000000000284e+00 -1.639907952000000113e-01
9.884999999999999787e+00 -1.644037298000000091e-01
9.887499999999999289e+00 -1.648185014000000115e-01
9.890000000000000568e+00 -1.644700487999999905e-01
9.892500000000000071e+00 -1.649336801999999880e-01
9.894999999999999574e+00 -1.650210652000000111e-01
9.897500000000000853e+00 -1.651610346999999868e-01
9.900000000000000355e+00 -1.657224291999999932e-01
9.902499999999999858e+00 -1.660404038999999943e-01
9.904999999999999361e+00 -1.660646856000000116e-01
9.907500000000000639e+00 -1.660815063999999952e-01
9.910000000000000142e+00 -1.662276125000000104e-01
9.912499999999999645e+00 -1.666083348999999880e-01
9.914999999999999147e+00 -1.666533652999999948e-01
9.917500000000000426e+00 -1.668252691000000065e-01
9.919999999999999929e+00 -1.670253908999999870e-01
9.922499999999999432e+00 -1.672107563999999935e-01
9.925000000000000711e+00 -1.675966416000000125e-01
9.927500000000000213e+00 -1.676914983999999997e-01
9.929999999999999716e+00 -1.678423886000000032e-01
9.932499999999999218e+00 -1.682493140999999914e-01
9.935000000000000497e+00 -1.682819210000000010e-01
9.937500000000000000e+00 -1.687423533999999892e-01
9.939999999999999503e+00 -1.689943566999999869e-01
9.942500000000000782e+00 -1.689395089999999877e-01
9.945000000000000284e+00 -1.693575066999999934e-01
9.947499999999999787e+00 -1.694992775999999979e-01
9.949999999999999289e+00 -1.698694186999999967e-01
9.952500000000000568e+00 -1.699717172000000109e-01
9.955000000000000071e+00 -1.700908583999999890e-01
9.957499999999999574e+00 -1.703919403999999971e-01
9.960000000000000853e+00 -1.702912696999999975e-01
9.962500000000000355e+00 -1.707751499999999867e-01
9.964999999999999858e+00 -1.708035870000000067e-01
9.967499999999999361e+00 -1.714280565000000089e-01
9.970000000000000639e+00 -1.713283217999999886e-01
9.972500000000000142e+00 -1.713418184000000122e-01
9.974999999999999645e+00 -1.718429187000000136e-01
9.977499999999999147e+00 -1.719353063000000070e-01
9.980000000000000426e+00 -1.723418965000000080e-01
9.982499999999999929e+00 -1.723528720999999986e-01
9.984999999999999432e+00 -1.726342027999999973e-01
9.987500000000000711e+00 -1.731255227999999868e-01
9.990000000000000213e+00 -1.728258534000000068e-01
9.992499999999999716e+00 -1.736111619000000050e-01
9.994999999999999218e+00 -1.734587129000000061e-01
9.997500000000000497e+00 -1.734553447999999942e-01
1.000000000000000000e+01 -1.736010575999999972e-01
