0.000000000000000000e+00 1.748884150000000123e-02
2.500000000000000052e-03 1.748601848000000056e-02
5.000000000000000104e-03 1.747165503999999897e-02
7.499999999999999722e-03 1.744575117999999994e-02
1.000000000000000021e-02 1.744036746999999901e-02
1.250000000000000069e-02 1.739223553000000116e-02
1.499999999999999944e-02 1.737489837999999995e-02
1.750000000000000167e-02 1.733075843999999990e-02
2.000000000000000042e-02 1.732384874999999894e-02
2.249999999999999917e-02 1.733378288999999975e-02
2.500000000000000139e-02 1.726517840000000095e-02
2.750000000000000014e-02 1.728621489999999927e-02
2.999999999999999889e-02 1.723327065000000019e-02
3.250000000000000111e-02 1.721969099000000142e-02
3.500000000000000333e-02 1.717911894000000161e-02
3.749999999999999861e-02 1.719007803000000001e-02
4.000000000000000083e-02 1.714421295000000123e-02
4.250000000000000305e-02 1.714225344999999873e-02
4.499999999999999833e-02 1.710173108999999900e-02
4.750000000000000056e-02 1.709869917999999947e-02
5.000000000000000278e-02 1.709179736000000088e-02
5.249999999999999806e-02 1.706230242000000147e-02
5.500000000000000028e-02 1.705501334000000119e-02
5.750000000000000250e-02 1.701697758999999935e-02
5.999999999999999778e-02 1.698642678000000100e-02
6.250000000000000000e-02 1.700471191999999854e-02
6.500000000000000222e-02 1.693245405000000023e-02
6.750000000000000444e-02 1.693564624000000116e-02
7.000000000000000666e-02 1.688587625999999828e-02
7.249999999999999500e-02 1.691059068000000040e-02
7.499999999999999722e-02 1.690557388000000008e-02
7.749999999999999944e-02 1.685486752000000046e-02
8.000000000000000167e-02 1.683963587999999859e-02
8.250000000000000389e-02 1.680909062000000148e-02
8.500000000000000611e-02 1.678232609000000070e-02
8.749999999999999445e-02 1.676729634999999871e-02
8.999999999999999667e-02 1.675449358000000166e-02
9.249999999999999889e-02 1.671901837000000154e-02
9.500000000000000111e-02 1.670776263000000109e-02
9.750000000000000333e-02 1.668130684000000002e-02
1.000000000000000056e-01 1.665121836999999827e-02
1.024999999999999939e-01 1.662443334000000134e-02
1.049999999999999961e-01 1.661316951999999847e-02
1.074999999999999983e-01 1.658945343000000142e-02
1.100000000000000006e-01 1.661217255999999920e-02
1.125000000000000028e-01 1.655551527999999870e-02
1.150000000000000050e-01 1.655326325999999931e-02
1.174999999999999933e-01 1.654228866000000131e-02
1.199999999999999956e-01 1.650719579999999909e-02
1.224999999999999978e-01 1.650053693000000030e-02
1.250000000000000000e-01 1.645499732999999853e-02
1.275000000000000022e-01 1.642736494000000130e-02
1.300000000000000044e-01 1.644401637000000166e-02
1.325000000000000067e-01 1.642395139000000018e-02
1.350000000000000089e-01 1.635766824999999869e-02
1.375000000000000111e-01 1.636209761000000096e-02
1.400000000000000133e-01 1.634011683000000104e-02
1.424999999999999878e-01 1.634109773000000029e-02
1.449999999999999900e-01 1.631011327999999996e-02
1.474999999999999922e-01 1.630710302000000153e-02
1.499999999999999944e-01 1.629022185000000150e-02
1.524999999999999967e-01 1.624791109000000081e-02
1.549999999999999989e-01 1.622006688999999904e-02
1.575000000000000011e-01 1.619883412999999911e-02
1.600000000000000033e-01 1.616740494000000125e-02
1.625000000000000056e-01 1.616603771999999828e-02
1.650000000000000078e-01 1.616437084000000093e-02
1.675000000000000100e-01 1.612582615999999872e-02
1.700000000000000122e-01 1.612689444000000097e-02
1.724999999999999867e-01 1.610227649000000108e-02
1.749999999999999889e-01 1.610095946999999875e-02
1.774999999999999911e-01 1.605755270000000165e-02
1.799999999999999933e-01 1.600545218000000089e-02
1.824999999999999956e-01 1.597982249000000007e-02
1.849999999999999978e-01 1.597926061000000050e-02
1.875000000000000000e-01 1.598378048999999843e-02
1.900000000000000022e-01 1.595867024000000023e-02
1.925000000000000044e-01 1.595333225000000049e-02
1.950000000000000067e-01 1.586582054999999963e-02
1.975000000000000089e-01 1.588236318000000105e-02
2.000000000000000111e-01 1.589001291999999829e-02
2.025000000000000133e-01 1.583593767000000124e-02
2.049999999999999878e-01 1.584788990999999939e-02
2.074999999999999900e-01 1.580685398000000047e-02
2.099999999999999922e-01 1.579980301999999934e-02
2.124999999999999944e-01 1.578802519999999987e-02
2.149999999999999967e-01 1.577469951000000023e-02
2.174999999999999989e-01 1.570665225000000137e-02
2.200000000000000011e-01 1.572658009000000093e-02
2.225000000000000033e-01 1.570948721999999853e-02
2.250000000000000056e-01 1.570779878000000060e-02
2.275000000000000078e-01 1.568343754999999839e-02
2.300000000000000100e-01 1.565074313999999939e-02
2.325000000000000122e-01 1.564577516000000001e-02
2.349999999999999867e-01 1.560481606999999937e-02
2.374999999999999889e-01 1.560403626999999974e-02
2.399999999999999911e-01 1.561139964000000067e-02
2.424999999999999933e-01 1.558309337000000037e-02
2.449999999999999956e-01 1.553537340000000003e-02
2.474999999999999978e-01 1.552301000000000028e-02
2.500000000000000000e-01 1.551795610000000075e-02
2.525000000000000022e-01 1.548685254999999927e-02
2.550000000000000044e-01 1.549222341999999947e-02
2.575000000000000067e-01 1.542347713000000002e-02
2.600000000000000089e-01 1.542003022999999945e-02
2.625000000000000111e-01 1.540120709999999969e-02
2.650000000000000133e-01 1.538624346000000073e-02
2.675000000000000155e-01 1.537004699000000044e-02
2.700000000000000178e-01 1.536546106000000016e-02
2.725000000000000200e-01 1.533329215999999946e-02
2.750000000000000222e-01 1.530716254000000047e-02
2.775000000000000244e-01 1.531152023000000029e-02
2.800000000000000266e-01 1.528867681999999950e-02
2.824999999999999734e-01 1.529706100000000069e-02
2.849999999999999756e-01 1.523789981000000029e-02
2.874999999999999778e-01 1.523474956000000005e-02
2.899999999999999800e-01 1.520354894000000047e-02
2.924999999999999822e-01 1.518048965000000014e-02
2.949999999999999845e-01 1.515416695000000070e-02
2.974999999999999867e-01 1.516292489999999937e-02
2.999999999999999889e-01 1.513009348999999962e-02
3.024999999999999911e-01 1.514411264999999951e-02
3.049999999999999933e-01 1.513715466999999981e-02
3.074999999999999956e-01 1.508104180999999926e-02
3.099999999999999978e-01 1.508051682000000060e-02
3.125000000000000000e-01 1.506637301999999914e-02
3.150000000000000022e-01 1.504155366000000001e-02
3.175000000000000044e-01 1.501014944999999948e-02
3.200000000000000067e-01 1.499383775999999988e-02
3.225000000000000089e-01 1.498066546999999964e-02
3.250000000000000111e-01 1.495697539000000013e-02
3.275000000000000133e-01 1.493620120000000058e-02
3.300000000000000155e-01 1.491262018000000071e-02
3.325000000000000178e-01 1.494878785999999987e-02
3.350000000000000200e-01 1.489121160999999985e-02
3.375000000000000222e-01 1.486780862999999980e-02
3.400000000000000244e-01 1.486732703999999947e-02
3.425000000000000266e-01 1.485733005999999995e-02
3.449999999999999734e-01 1.484909151000000059e-02
3.474999999999999756e-01 1.480563030000000072e-02
3.499999999999999778e-01 1.477125533999999914e-02
3.524999999999999800e-01 1.477176810000000069e-02
3.549999999999999822e-01 1.477220469999999952e-02
3.574999999999999845e-01 1.472939415000000009e-02
3.599999999999999867e-01 1.472611618000000018e-02
3.624999999999999889e-01 1.473138342000000073e-02
3.649999999999999911e-01 1.469462594000000080e-02
3.674999999999999933e-01 1.467633116999999925e-02
3.699999999999999956e-01 1.465064785000000022e-02
3.724999999999999978e-01 1.462462435000000047e-02
3.750000000000000000e-01 1.460563861999999991e-02
3.775000000000000022e-01 1.460404660999999917e-02
3.800000000000000044e-01 1.459243690000000017e-02
3.825000000000000067e-01 1.458874473000000040e-02
3.850000000000000089e-01 1.456243752999999974e-02
3.875000000000000111e-01 1.456398721000000049e-02
3.900000000000000133e-01 1.452475823000000041e-02
3.925000000000000155e-01 1.448344380000000063e-02
3.950000000000000178e-01 1.449576236999999997e-02
3.975000000000000200e-01 1.446146581000000084e-02
4.000000000000000222e-01 1.443925199000000055e-02
4.025000000000000244e-01 1.443314945999999918e-02
4.050000000000000266e-01 1.443682949999999972e-02
4.074999999999999734e-01 1.442783503999999981e-02
4.099999999999999756e-01 1.439017821000000003e-02
4.124999999999999778e-01 1.435560265000000030e-02
4.149999999999999800e-01 1.434032652000000012e-02
4.174999999999999822e-01 1.433206392000000058e-02
4.199999999999999845e-01 1.435677316000000085e-02
4.224999999999999867e-01 1.431311411000000047e-02
4.249999999999999889e-01 1.431096966000000061e-02
4.274999999999999911e-01 1.426346707999999984e-02
4.299999999999999933e-01 1.425213233999999933e-02
4.324999999999999956e-01 1.420835839999999919e-02
4.349999999999999978e-01 1.423291707000000003e-02
4.375000000000000000e-01 1.420814395000000001e-02
4.400000000000000022e-01 1.417705382999999951e-02
4.425000000000000044e-01 1.414617617999999917e-02
4.450000000000000067e-01 1.416676908999999970e-02
4.475000000000000089e-01 1.414505633999999998e-02
4.500000000000000111e-01 1.414202051000000050e-02
4.525000000000000133e-01 1.411562562999999978e-02
4.550000000000000155e-01 1.409512947000000037e-02
4.575000000000000178e-01 1.408267671000000033e-02
4.600000000000000200e-01 1.408703828999999935e-02
4.625000000000000222e-01 1.403258943999999980e-02
4.650000000000000244e-01 1.403465322000000022e-02
4.675000000000000266e-01 1.403218726999999957e-02
4.699999999999999734e-01 1.402612733000000063e-02
4.724999999999999756e-01 1.398405900000000007e-02
4.749999999999999778e-01 1.394373823000000061e-02
4.774999999999999800e-01 1.394569724999999982e-02
4.799999999999999822e-01 1.394577196000000054e-02
4.824999999999999845e-01 1.392830681999999987e-02
4.849999999999999867e-01 1.392729900999999972e-02
4.874999999999999889e-01 1.388405076000000064e-02
4.899999999999999911e-01 1.387271145999999927e-02
4.924999999999999933e-01 1.386443390000000053e-02
4.949999999999999956e-01 1.387002575000000071e-02
4.974999999999999978e-01 1.382842448000000043e-02
5.000000000000000000e-01 1.382077355999999924e-02
5.024999999999999467e-01 1.380840535999999959e-02
5.050000000000000044e-01 1.379787550999999994e-02
5.074999999999999512e-01 1.375604457999999967e-02
5.100000000000000089e-01 1.375737970000000081e-02
5.124999999999999556e-01 1.375149942000000042e-02
5.150000000000000133e-01 1.374304477999999975e-02
5.174999999999999600e-01 1.372009935000000069e-02
5.200000000000000178e-01 1.368079302999999913e-02
5.224999999999999645e-01 1.367982893999999949e-02
5.250000000000000222e-01 1.364932915999999934e-02
5.274999999999999689e-01 1.368486017999999936e-02
5.300000000000000266e-01 1.363135310999999926e-02
5.324999999999999734e-01 1.359223860999999971e-02
5.350000000000000311e-01 1.358543853999999960e-02
5.374999999999999778e-01 1.362607537000000077e-02
5.400000000000000355e-01 1.355471266999999994e-02
5.424999999999999822e-01 1.353771561000000068e-02
5.450000000000000400e-01 1.353874145999999987e-02
5.474999999999999867e-01 1.351565956999999964e-02
5.500000000000000444e-01 1.350073226000000036e-02
5.524999999999999911e-01 1.350609483999999985e-02
5.550000000000000488e-01 1.347779122999999933e-02
5.574999999999999956e-01 1.343523108000000028e-02
5.600000000000000533e-01 1.343822272000000026e-02
5.625000000000000000e-01 1.345197325000000062e-02
5.649999999999999467e-01 1.341213544999999945e-02
5.675000000000000044e-01 1.341243171999999956e-02
5.699999999999999512e-01 1.338555198000000029e-02
5.725000000000000089e-01 1.337801134999999988e-02
5.749999999999999556e-01 1.331062220999999941e-02
5.775000000000000133e-01 1.334338856000000066e-02
5.799999999999999600e-01 1.331578027000000081e-02
5.825000000000000178e-01 1.329221639999999920e-02
5.849999999999999645e-01 1.330556127999999935e-02
5.875000000000000222e-01 1.325874873999999953e-02
5.899999999999999689e-01 1.325960103000000008e-02
5.925000000000000266e-01 1.324092460999999957e-02
5.949999999999999734e-01 1.324084243000000008e-02
5.975000000000000311e-01 1.322628598000000037e-02
5.999999999999999778e-01 1.319467394000000023e-02
6.025000000000000355e-01 1.318049634000000025e-02
6.049999999999999822e-01 1.320283650999999961e-02
6.075000000000000400e-01 1.315386028999999957e-02
6.099999999999999867e-01 1.313461487000000018e-02
6.125000000000000444e-01 1.312878913000000043e-02
6.149999999999999911e-01 1.310239795999999964e-02
6.175000000000000488e-01 1.311450393999999929e-02
6.199999999999999956e-01 1.309398877000000037e-02
6.225000000000000533e-01 1.309939090000000056e-02
6.250000000000000000e-01 1.308727689999999999e-02
6.274999999999999467e-01 1.304880790000000068e-02
6.300000000000000044e-01 1.303457304000000053e-02
6.324999999999999512e-01 1.303635497999999955e-02
6.350000000000000089e-01 1.302035433999999998e-02
6.374999999999999556e-01 1.297391265999999974e-02
6.400000000000000133e-01 1.295654832999999957e-02
6.424999999999999600e-01 1.296690290000000051e-02
6.450000000000000178e-01 1.295455015999999980e-02
6.474999999999999645e-01 1.295076560999999966e-02
6.500000000000000222e-01 1.292037694999999958e-02
6.524999999999999689e-01 1.291204624000000072e-02
6.550000000000000266e-01 1.287372281000000000e-02
6.574999999999999734e-01 1.285179793000000049e-02
6.600000000000000311e-01 1.289910275999999953e-02
6.624999999999999778e-01 1.285453540999999950e-02
6.650000000000000355e-01 1.284791346999999972e-02
6.674999999999999822e-01 1.280422921000000033e-02
6.700000000000000400e-01 1.279146031000000065e-02
6.724999999999999867e-01 1.278519820999999938e-02
6.750000000000000444e-01 1.276641423000000018e-02
6.774999999999999911e-01 1.274881154999999919e-02
6.800000000000000488e-01 1.276604169999999948e-02
6.824999999999999956e-01 1.272983270999999972e-02
6.850000000000000533e-01 1.270381127000000041e-02
6.875000000000000000e-01 1.270706714999999924e-02
6.899999999999999467e-01 1.269170866000000029e-02
6.925000000000000044e-01 1.268281968999999954e-02
6.949999999999999512e-01 1.267647254999999980e-02
6.975000000000000089e-01 1.264184414999999957e-02
6.999999999999999556e-01 1.266308554999999968e-02
7.025000000000000133e-01 1.261369027000000011e-02
7.049999999999999600e-01 1.259319610000000055e-02
7.075000000000000178e-01 1.259252488000000073e-02
7.099999999999999645e-01 1.254832347000000084e-02
7.125000000000000222e-01 1.255610291999999933e-02
7.149999999999999689e-01 1.252200160000000069e-02
7.175000000000000266e-01 1.253133858999999975e-02
7.199999999999999734e-01 1.254495327999999993e-02
7.225000000000000311e-01 1.253191881000000063e-02
7.249999999999999778e-01 1.251481450000000058e-02
7.275000000000000355e-01 1.248160692000000078e-02
7.299999999999999822e-01 1.246585874999999941e-02
7.325000000000000400e-01 1.245475874000000031e-02
7.349999999999999867e-01 1.245490523999999953e-02
7.375000000000000444e-01 1.240921990000000072e-02
7.399999999999999911e-01 1.242297910999999935e-02
7.425000000000000488e-01 1.241093526000000037e-02
7.449999999999999956e-01 1.240386744999999978e-02
7.475000000000000533e-01 1.236004306999999997e-02
7.500000000000000000e-01 1.237018584000000067e-02
7.524999999999999467e-01 1.236721145000000029e-02
7.550000000000000044e-01 1.232353643999999949e-02
7.574999999999999512e-01 1.231370321999999962e-02
7.600000000000000089e-01 1.230205963000000069e-02
7.624999999999999556e-01 1.229393456999999974e-02
7.650000000000000133e-01 1.229446516000000031e-02
7.674999999999999600e-01 1.225836901999999978e-02
7.700000000000000178e-01 1.226452559000000032e-02
7.724999999999999645e-01 1.224121947999999918e-02
7.750000000000000222e-01 1.221897836999999952e-02
7.774999999999999689e-01 1.220561608999999950e-02
7.800000000000000266e-01 1.220298553000000001e-02
7.824999999999999734e-01 1.220097682999999981e-02
7.850000000000000311e-01 1.220107108999999961e-02
7.874999999999999778e-01 1.214981113000000029e-02
7.900000000000000355e-01 1.215792586000000002e-02
7.924999999999999822e-01 1.214703267000000024e-02
7.950000000000000400e-01 1.212032268000000010e-02
7.974999999999999867e-01 1.211139515999999985e-02
8.000000000000000444e-01 1.211383337000000032e-02
8.024999999999999911e-01 1.208519844999999919e-02
8.050000000000000488e-01 1.207131787000000067e-02
8.074999999999999956e-01 1.207205465999999956e-02
8.100000000000000533e-01 1.204913259000000084e-02
8.125000000000000000e-01 1.201308820999999992e-02
8.149999999999999467e-01 1.203428703999999926e-02
8.175000000000000044e-01 1.201510448000000023e-02
8.199999999999999512e-01 1.198939914000000072e-02
8.225000000000000089e-01 1.196283142000000022e-02
8.249999999999999556e-01 1.197004496999999959e-02
8.275000000000000133e-01 1.197500896000000016e-02
8.299999999999999600e-01 1.194542848000000081e-02
8.325000000000000178e-01 1.193222962000000005e-02
8.349999999999999645e-01 1.192516897000000034e-02
8.375000000000000222e-01 1.190217021999999923e-02
8.399999999999999689e-01 1.188992860999999943e-02
8.425000000000000266e-01 1.188097620999999972e-02
8.449999999999999734e-01 1.187621041999999995e-02
8.475000000000000311e-01 1.182811888999999936e-02
8.499999999999999778e-01 1.183565636000000025e-02
8.525000000000000355e-01 1.181911985000000040e-02
8.549999999999999822e-01 1.183643338999999968e-02
8.575000000000000400e-01 1.179537509000000081e-02
8.599999999999999867e-01 1.178252389999999948e-02
8.625000000000000444e-01 1.176945243999999967e-02
8.649999999999999911e-01 1.176144175000000056e-02
8.675000000000000488e-01 1.176984315000000059e-02
8.699999999999999956e-01 1.173207203999999948e-02
8.725000000000000533e-01 1.172920960000000019e-02
8.750000000000000000e-01 1.171994447000000023e-02
8.774999999999999467e-01 1.168606148999999997e-02
8.800000000000000044e-01 1.166933524999999930e-02
8.824999999999999512e-01 1.166194396999999973e-02
8.850000000000000089e-01 1.167772471999999929e-02
8.874999999999999556e-01 1.165352438000000039e-02
8.900000000000000133e-01 1.164139091000000042e-02
8.924999999999999600e-01 1.161832779000000065e-02
8.950000000000000178e-01 1.162957488000000011e-02
8.974999999999999645e-01 1.160762570999999965e-02
9.000000000000000222e-01 1.161029784999999953e-02
9.024999999999999689e-01 1.157447697999999976e-02
9.050000000000000266e-01 1.154383324000000065e-02
9.074999999999999734e-01 1.156217363999999942e-02
9.100000000000000311e-01 1.150923830000000030e-02
9.124999999999999778e-01 1.153627119000000083e-02
9.150000000000000355e-01 1.150372248000000076e-02
9.174999999999999822e-01 1.148830426000000023e-02
9.200000000000000400e-01 1.145593640000000003e-02
9.224999999999999867e-01 1.149481429999999957e-02
9.250000000000000444e-01 1.145714716999999931e-02
9.274999999999999911e-01 1.145363584999999941e-02
9.300000000000000488e-01 1.144929675000000077e-02
9.324999999999999956e-01 1.142838533999999961e-02
9.350000000000000533e-01 1.140543691000000040e-02
9.375000000000000000e-01 1.139243174000000025e-02
9.399999999999999467e-01 1.140242728000000032e-02
9.425000000000000044e-01 1.140491278999999913e-02
9.449999999999999512e-01 1.136586501000000013e-02
9.475000000000000089e-01 1.135999749000000079e-02
9.499999999999999556e-01 1.134866160000000054e-02
9.525000000000000133e-01 1.133979082000000083e-02
9.549999999999999600e-01 1.130652897000000018e-02
9.575000000000000178e-01 1.130895443000000042e-02
9.599999999999999645e-01 1.132294747999999969e-02
9.625000000000000222e-01 1.129149339000000071e-02
9.649999999999999689e-01 1.127247774000000001e-02
9.675000000000000266e-01 1.124002078999999932e-02
9.699999999999999734e-01 1.123073278000000057e-02
9.725000000000000311e-01 1.125213704000000044e-02
9.749999999999999778e-01 1.123459473000000021e-02
9.775000000000000355e-01 1.119992090000000023e-02
9.799999999999999822e-01 1.121554311999999921e-02
9.825000000000000400e-01 1.117822058000000028e-02
9.849999999999999867e-01 1.120615902000000018e-02
9.875000000000000444e-01 1.115819889000000016e-02
9.899999999999999911e-01 1.114891164999999920e-02
9.925000000000000488e-01 1.113528362000000028e-02
9.949999999999999956e-01 1.112001550000000019e-02
9.975000000000000533e-01 1.110479886999999992e-02
1.000000000000000000e+00 1.112016633999999941e-02
1.002499999999999947e+00 1.109600579000000024e-02
1.004999999999999893e+00 1.106297755000000028e-02
1.007500000000000062e+00 1.106021735999999922e-02
1.010000000000000009e+00 1.103529408000000073e-02
1.012499999999999956e+00 1.106034715999999925e-02
1.014999999999999902e+00 1.101317037000000033e-02
1.017500000000000071e+00 1.102296084999999926e-02
1.020000000000000018e+00 1.101160150000000081e-02
1.022499999999999964e+00 1.098995420999999972e-02
1.024999999999999911e+00 1.099194218999999945e-02
1.027500000000000080e+00 1.097883363999999952e-02
1.030000000000000027e+00 1.097800577999999937e-02
1.032499999999999973e+00 1.094936487999999958e-02
1.034999999999999920e+00 1.093720349999999925e-02
1.037500000000000089e+00 1.094226702000000023e-02
1.040000000000000036e+00 1.092369802999999980e-02
1.042499999999999982e+00 1.088670295000000038e-02
1.044999999999999929e+00 1.089802685999999993e-02
1.047500000000000098e+00 1.090316723000000002e-02
1.050000000000000044e+00 1.086160325999999988e-02
1.052499999999999991e+00 1.085189557999999971e-02
1.054999999999999938e+00 1.083359673999999967e-02
1.057500000000000107e+00 1.083422032000000076e-02
1.060000000000000053e+00 1.082897222000000007e-02
1.062500000000000000e+00 1.080803001999999964e-02
1.064999999999999947e+00 1.078763987999999986e-02
1.067499999999999893e+00 1.078127941000000048e-02
1.070000000000000062e+00 1.077828226000000084e-02
1.072500000000000009e+00 1.076229763000000061e-02
1.074999999999999956e+00 1.077823580999999996e-02
1.077499999999999902e+00 1.076871065000000079e-02
1.080000000000000071e+00 1.073828437999999920e-02
1.082500000000000018e+00 1.071668144000000045e-02
1.084999999999999964e+00 1.071579136999999994e-02
1.087499999999999911e+00 1.066442499999999995e-02
1.090000000000000080e+00 1.069589750000000082e-02
1.092500000000000027e+00 1.067616725999999926e-02
1.094999999999999973e+00 1.066102916000000005e-02
1.097499999999999920e+00 1.066952114000000069e-02
1.100000000000000089e+00 1.061240842000000031e-02
1.102500000000000036e+00 1.065076476999999959e-02
1.104999999999999982e+00 1.060000432000000013e-02
1.107499999999999929e+00 1.060201034000000063e-02
1.110000000000000098e+00 1.060717933000000085e-02
1.112500000000000044e+00 1.058015275000000026e-02
1.114999999999999991e+00 1.056242643999999974e-02
1.117499999999999938e+00 1.056655486000000060e-02
1.120000000000000107e+00 1.056432682999999990e-02
1.122500000000000053e+00 1.052880357000000010e-02
1.125000000000000000e+00 1.053167655999999973e-02
1.127499999999999947e+00 1.053037193000000080e-02
1.129999999999999893e+00 1.051509483000000016e-02
1.132500000000000062e+00 1.050223553999999997e-02
1.135000000000000009e+00 1.050555970000000006e-02
1.137499999999999956e+00 1.046969451999999953e-02
1.139999999999999902e+00 1.047948580999999955e-02
1.142500000000000071e+00 1.046554721000000042e-02
1.145000000000000018e+00 1.042833718999999944e-02
1.147499999999999964e+00 1.043019746000000032e-02
1.149999999999999911e+00 1.043012953000000027e-02
1.152500000000000080e+00 1.041976193000000023e-02
1.155000000000000027e+00 1.040921719999999932e-02
1.157499999999999973e+00 1.039069391999999925e-02
1.159999999999999920e+00 1.040165235999999938e-02
1.162500000000000089e+00 1.038324701000000079e-02
1.165000000000000036e+00 1.034042861999999972e-02
1.167499999999999982e+00 1.033776531999999922e-02
1.169999999999999929e+00 1.033594669999999931e-02
1.172500000000000098e+00 1.031816246000000041e-02
1.175000000000000044e+00 1.031882198000000014e-02
1.177499999999999991e+00 1.029427498999999947e-02
1.179999999999999938e+00 1.030264556999999949e-02
1.182500000000000107e+00 1.029563147000000026e-02
1.185000000000000053e+00 1.026813807000000016e-02
1.187500000000000000e+00 1.024435972000000035e-02
1.189999999999999947e+00 1.022708311999999918e-02
1.192499999999999893e+00 1.025449569000000047e-02
1.195000000000000062e+00 1.022738624999999964e-02
1.197500000000000009e+00 1.020479420000000061e-02
1.199999999999999956e+00 1.020565510999999967e-02
1.202499999999999902e+00 1.021694907999999916e-02
1.205000000000000071e+00 1.018908051000000023e-02
1.207500000000000018e+00 1.019534681999999942e-02
1.209999999999999964e+00 1.016368261000000044e-02
1.212499999999999911e+00 1.015617905999999931e-02
1.215000000000000080e+00 1.013634436999999965e-02
1.217500000000000027e+00 1.013688404000000036e-02
1.219999999999999973e+00 1.012658336000000006e-02
1.222499999999999920e+00 1.010596631000000058e-02
1.225000000000000089e+00 1.012133624999999974e-02
1.227500000000000036e+00 1.010768442999999961e-02
1.229999999999999982e+00 1.010083850000000061e-02
1.232499999999999929e+00 1.006747795999999966e-02
1.235000000000000098e+00 1.006104028999999997e-02
1.237500000000000044e+00 1.003094736999999952e-02
1.239999999999999991e+00 1.003423108000000077e-02
1.242499999999999938e+00 1.001042314999999946e-02
1.245000000000000107e+00 1.001533557999999963e-02
1.247500000000000053e+00 1.000085459000000024e-02
1.250000000000000000e+00 9.996555351999999312e-03
1.252499999999999947e+00 9.981742446999999560e-03
1.254999999999999893e+00 9.961373403999999182e-03
1.257500000000000062e+00 9.956591468000000611e-03
1.260000000000000009e+00 9.955189471999999554e-03
1.262499999999999956e+00 9.941264115000000845e-03
1.264999999999999902e+00 9.917640760000000569e-03
1.267500000000000071e+00 9.903742067999999829e-03
1.270000000000000018e+00 9.919281848000000359e-03
1.272499999999999964e+00 9.899056639000000310e-03
1.274999999999999911e+00 9.896193920999999533e-03
1.277500000000000080e+00 9.900932709999999207e-03
1.280000000000000027e+00 9.868833634000000535e-03
1.282499999999999973e+00 9.866411488000000063e-03
1.284999999999999920e+00 9.859068496000000098e-03
1.287500000000000089e+00 9.839860598999999527e-03
1.290000000000000036e+00 9.864590420999999956e-03
1.292499999999999982e+00 9.835449333000000419e-03
1.294999999999999929e+00 9.794864578999999336e-03
1.297500000000000098e+00 9.798447588999999874e-03
1.300000000000000044e+00 9.780080745999999645e-03
1.302499999999999991e+00 9.777491847999999347e-03
1.304999999999999938e+00 9.759909142999999634e-03
1.307500000000000107e+00 9.761266600000000418e-03
1.310000000000000053e+00 9.757812682999999696e-03
1.312500000000000000e+00 9.712128012000000379e-03
1.314999999999999947e+00 9.712626057000000451e-03
1.317499999999999893e+00 9.720334234000000545e-03
1.320000000000000062e+00 9.692815381999999799e-03
1.322500000000000009e+00 9.699258250000000400e-03
1.324999999999999956e+00 9.706319034999999137e-03
1.327499999999999902e+00 9.663619551000000862e-03
1.330000000000000071e+00 9.666986718000000409e-03
1.332500000000000018e+00 9.658113089999999928e-03
1.334999999999999964e+00 9.656000499000000695e-03
1.337499999999999911e+00 9.632632044000000171e-03
1.340000000000000080e+00 9.640647093000000514e-03
1.342500000000000027e+00 9.625097332999999963e-03
1.344999999999999973e+00 9.629409396000000385e-03
1.347499999999999920e+00 9.608216968000000621e-03
1.350000000000000089e+00 9.595707335000000157e-03
1.352500000000000036e+00 9.584362168000000112e-03
1.354999999999999982e+00 9.558905436999999908e-03
1.357499999999999929e+00 9.585119361000000310e-03
1.360000000000000098e+00 9.531608416000000514e-03
1.362500000000000044e+00 9.542029881000000865e-03
1.364999999999999991e+00 9.527816777000000514e-03
1.367499999999999938e+00 9.530440475000000536e-03
1.370000000000000107e+00 9.533470926999999817e-03
1.372500000000000053e+00 9.491407534999999479e-03
1.375000000000000000e+00 9.499076824000000571e-03
1.377499999999999947e+00 9.474231059000000690e-03
1.379999999999999893e+00 9.470076051000000245e-03
1.382500000000000062e+00 9.444698419999999692e-03
1.385000000000000009e+00 9.481570737999999582e-03
1.387499999999999956e+00 9.449167414000000584e-03
1.389999999999999902e+00 9.436709118000000118e-03
1.392500000000000071e+00 9.415277571000000428e-03
1.395000000000000018e+00 9.406838581000000546e-03
1.397499999999999964e+00 9.405098780999999672e-03
1.399999999999999911e+00 9.398833456000000447e-03
1.402500000000000080e+00 9.360328083000000327e-03
1.405000000000000027e+00 9.351361142999999737e-03
1.407499999999999973e+00 9.381526046000000091e-03
1.409999999999999920e+00 9.361946164999999237e-03
1.412500000000000089e+00 9.330387448000000694e-03
1.415000000000000036e+00 9.339785906000000471e-03
1.417499999999999982e+00 9.312973546000000852e-03
1.419999999999999929e+00 9.301231717999999815e-03
1.422500000000000098e+00 9.297487272000000760e-03
1.425000000000000044e+00 9.289549294999999499e-03
1.427499999999999991e+00 9.290498785000000231e-03
1.429999999999999938e+00 9.271334427000000461e-03
1.432500000000000107e+00 9.241296244000000298e-03
1.435000000000000053e+00 9.254137375000000623e-03
1.437500000000000000e+00 9.262162226000000831e-03
1.439999999999999947e+00 9.238130824999999519e-03
1.442499999999999893e+00 9.217179493999999584e-03
1.445000000000000062e+00 9.201608291000000148e-03
1.447500000000000009e+00 9.200275589999999323e-03
1.449999999999999956e+00 9.179154425999999298e-03
1.452499999999999902e+00 9.187028079000000846e-03
1.455000000000000071e+00 9.194255897000000455e-03
1.457500000000000018e+00 9.151848736999999845e-03
1.459999999999999964e+00 9.181094383000000525e-03
1.462499999999999911e+00 9.147959275999999543e-03
1.465000000000000080e+00 9.124027935000000866e-03
1.467500000000000027e+00 9.136272734000000506e-03
1.469999999999999973e+00 9.131524566999999273e-03
1.472499999999999920e+00 9.101763925000000768e-03
1.475000000000000089e+00 9.099051461000000687e-03
1.477500000000000036e+00 9.094675732999999221e-03
1.479999999999999982e+00 9.095533000999999826e-03
1.482499999999999929e+00 9.068159755999999697e-03
1.485000000000000098e+00 9.036892604000000551e-03
1.487500000000000044e+00 9.059638328999999185e-03
1.489999999999999991e+00 9.048544485000000609e-03
1.492499999999999938e+00 9.029511773999999991e-03
1.495000000000000107e+00 9.033308421000000796e-03
1.497500000000000053e+00 9.047150602000000527e-03
1.500000000000000000e+00 9.010226923000000734e-03
1.502499999999999947e+00 8.991344436000000065e-03
1.504999999999999893e+00 8.976784725000000811e-03
1.507500000000000062e+00 8.959906716999999424e-03
1.510000000000000009e+00 8.994427010000000111e-03
1.512499999999999956e+00 8.961802124999999550e-03
1.514999999999999902e+00 8.950721982000000437e-03
1.517500000000000071e+00 8.961563743999999276e-03
1.520000000000000018e+00 8.930567908000000207e-03
1.522499999999999964e+00 8.916449394999999625e-03
1.524999999999999911e+00 8.925983486999999536e-03
1.527500000000000080e+00 8.907056599999999338e-03
1.530000000000000027e+00 8.885435836000000684e-03
1.532499999999999973e+00 8.886095300999999336e-03
1.534999999999999920e+00 8.874226581999999225e-03
1.537500000000000089e+00 8.867610268000000392e-03
1.540000000000000036e+00 8.860937963000000209e-03
1.542499999999999982e+00 8.856883621999999540e-03
1.544999999999999929e+00 8.839844202999999970e-03
1.547500000000000098e+00 8.811824791999999656e-03
1.550000000000000044e+00 8.809508808999999552e-03
1.552499999999999991e+00 8.805548088999999926e-03
1.554999999999999938e+00 8.808766169999999313e-03
1.557500000000000107e+00 8.801917164000000460e-03
1.560000000000000053e+00 8.785481794999999358e-03
1.562500000000000000e+00 8.784759613999999772e-03
1.564999999999999947e+00 8.769042273000000540e-03
1.567499999999999893e+00 8.742861271999999989e-03
1.570000000000000062e+00 8.723459567000000150e-03
1.572500000000000009e+00 8.749725518000000396e-03
1.574999999999999956e+00 8.699828353999999181e-03
1.577499999999999902e+00 8.718664593999999463e-03
1.580000000000000071e+00 8.687189811999999900e-03
1.582500000000000018e+00 8.687445299000000343e-03
1.584999999999999964e+00 8.680877275000000240e-03
1.587499999999999911e+00 8.712401471999999675e-03
1.590000000000000080e+00 8.659962942000000788e-03
1.592500000000000027e+00 8.674925404000000118e-03
1.594999999999999973e+00 8.638322836000000490e-03
1.597499999999999920e+00 8.635252354999999394e-03
1.600000000000000089e+00 8.639660950999999631e-03
1.602500000000000036e+00 8.616908140000000688e-03
1.604999999999999982e+00 8.611856543000000197e-03
1.607499999999999929e+00 8.615292974999999229e-03
1.610000000000000098e+00 8.608275878999999825e-03
1.612500000000000044e+00 8.602085716999999937e-03
1.614999999999999991e+00 8.604991858000000243e-03
1.617499999999999938e+00 8.582103489000000862e-03
1.620000000000000107e+00 8.562629413999999634e-03
1.622500000000000053e+00 8.545065188000000242e-03
1.625000000000000000e+00 8.532180958999999523e-03
1.627499999999999947e+00 8.556531322999999176e-03
1.629999999999999893e+00 8.537997122999999369e-03
1.632500000000000062e+00 8.521671984999999727e-03
1.635000000000000009e+00 8.526443636000000798e-03
1.637499999999999956e+00 8.508730250999999370e-03
1.639999999999999902e+00 8.502627784999999480e-03
1.642500000000000071e+00 8.492412330000000814e-03
1.645000000000000018e+00 8.496823437999999687e-03
1.647499999999999964e+00 8.482360637999999606e-03
1.649999999999999911e+00 8.450628062999999274e-03
1.652500000000000080e+00 8.446434327999999617e-03
1.655000000000000027e+00 8.437838426000000489e-03
1.657499999999999973e+00 8.437206961999999671e-03
1.659999999999999920e+00 8.433710310000000140e-03
1.662500000000000089e+00 8.401192252000000762e-03
1.665000000000000036e+00 8.402076373000000320e-03
1.667499999999999982e+00 8.392894142000000002e-03
1.669999999999999929e+00 8.390429377000000258e-03
1.672500000000000098e+00 8.379833835999999855e-03
1.675000000000000044e+00 8.371569662000000536e-03
1.677499999999999991e+00 8.368572653999999458e-03
1.679999999999999938e+00 8.358999577999999195e-03
1.682500000000000107e+00 8.339291453999999465e-03
1.685000000000000053e+00 8.352394928000000593e-03
1.687500000000000000e+00 8.327648288999999274e-03
1.689999999999999947e+00 8.312296420000000324e-03
1.692499999999999893e+00 8.306079818000000267e-03
1.695000000000000062e+00 8.313606871999999412e-03
1.697500000000000009e+00 8.286108957000000441e-03
1.699999999999999956e+00 8.293441115999999891e-03
1.702499999999999902e+00 8.278166453000000355e-03
1.705000000000000071e+00 8.282697836999999147e-03
1.707500000000000018e+00 8.267353498999999162e-03
1.709999999999999964e+00 8.243755873000000595e-03
1.712499999999999911e+00 8.258660867999999267e-03
1.715000000000000080e+00 8.247599920999999779e-03
1.717500000000000027e+00 8.219872530000000080e-03
1.719999999999999973e+00 8.196726386000000725e-03
1.722499999999999920e+00 8.216812877000000820e-03
1.725000000000000089e+00 8.201796463000000231e-03
1.727500000000000036e+00 8.170628860999999687e-03
1.729999999999999982e+00 8.179919731999999583e-03
1.732499999999999929e+00 8.195924287000000419e-03
1.735000000000000098e+00 8.155419072000000269e-03
1.737500000000000044e+00 8.146503108999999382e-03
1.739999999999999991e+00 8.149052865999999520e-03
1.742499999999999938e+00 8.140249179999999724e-03
1.745000000000000107e+00 8.134233242999999725e-03
1.747500000000000053e+00 8.110459392000000586e-03
1.750000000000000000e+00 8.101810883000000463e-03
1.752499999999999947e+00 8.117382213999999388e-03
1.754999999999999893e+00 8.106532604000000683e-03
1.757500000000000062e+00 8.087578838999999464e-03
1.760000000000000009e+00 8.069427267999999473e-03
1.762499999999999956e+00 8.070526710999999936e-03
1.764999999999999902e+00 8.056223938000000098e-03
1.767500000000000071e+00 8.058832029000000466e-03
1.770000000000000018e+00 8.045082113000000257e-03
1.772499999999999964e+00 8.033741595999999846e-03
1.774999999999999911e+00 8.029776758000000195e-03
1.777500000000000080e+00 8.024748372000000199e-03
1.780000000000000027e+00 7.982766105000000528e-03
1.782499999999999973e+00 7.972748244999999442e-03
1.784999999999999920e+00 8.004023746000000356e-03
1.787500000000000089e+00 7.987816737999999667e-03
1.790000000000000036e+00 7.995094293999999158e-03
1.792499999999999982e+00 7.948982267999999199e-03
1.794999999999999929e+00 7.956387381999999869e-03
1.797500000000000098e+00 7.946418223000000641e-03
1.800000000000000044e+00 7.946464862999999892e-03
1.802499999999999991e+00 7.935578050999999786e-03
1.804999999999999938e+00 7.930827772000000053e-03
1.807500000000000107e+00 7.916208406000000211e-03
1.810000000000000053e+00 7.914760708000000491e-03
1.812500000000000000e+00 7.899946219000000130e-03
1.814999999999999947e+00 7.893759381999999533e-03
1.817499999999999893e+00 7.874736285999999960e-03
1.820000000000000062e+00 7.872040410999999946e-03
1.822500000000000009e+00 7.862679087000000108e-03
1.824999999999999956e+00 7.856261418000000732e-03
1.827499999999999902e+00 7.855518727000000700e-03
1.830000000000000071e+00 7.844096895999999944e-03
1.832500000000000018e+00 7.831646048999999637e-03
1.834999999999999964e+00 7.829669141000000776e-03
1.837499999999999911e+00 7.810343988999999924e-03
1.840000000000000080e+00 7.813293375999999166e-03
1.842500000000000027e+00 7.801085162999999920e-03
1.844999999999999973e+00 7.799516196999999908e-03
1.847499999999999920e+00 7.788047620999999886e-03
1.850000000000000089e+00 7.760888752999999668e-03
1.852500000000000036e+00 7.749865861999999904e-03
1.854999999999999982e+00 7.769989972999999731e-03
1.857499999999999929e+00 7.755722835999999745e-03
1.860000000000000098e+00 7.722101303999999965e-03
1.862500000000000044e+00 7.736563949999999794e-03
1.864999999999999991e+00 7.716845382000000163e-03
1.867499999999999938e+00 7.717035740999999768e-03
1.870000000000000107e+00 7.690930373000000146e-03
1.872500000000000053e+00 7.719640283999999568e-03
1.875000000000000000e+00 7.703210628000000358e-03
1.877499999999999947e+00 7.685158180000000241e-03
1.879999999999999893e+00 7.669515652999999572e-03
1.882500000000000062e+00 7.658868075000000233e-03
1.885000000000000009e+00 7.651152615999999747e-03
1.887499999999999956e+00 7.641322223000000281e-03
1.889999999999999902e+00 7.631967005999999894e-03
1.892500000000000071e+00 7.659673351000000421e-03
1.895000000000000018e+00 7.611529243999999583e-03
1.897499999999999964e+00 7.636006715999999611e-03
1.899999999999999911e+00 7.621549156999999838e-03
1.902500000000000080e+00 7.615880886000000148e-03
1.905000000000000027e+00 7.588700183000000009e-03
1.907499999999999973e+00 7.561526215999999842e-03
1.909999999999999920e+00 7.574444875999999591e-03
1.912500000000000089e+00 7.566903118000000220e-03
1.915000000000000036e+00 7.572522628999999589e-03
1.917499999999999982e+00 7.556406736999999978e-03
1.919999999999999929e+00 7.543777265999999579e-03
1.922500000000000098e+00 7.547243379999999703e-03
1.925000000000000044e+00 7.524553382999999568e-03
1.927499999999999991e+00 7.517634244999999923e-03
1.929999999999999938e+00 7.521258389000000030e-03
1.932500000000000107e+00 7.512785154999999937e-03
1.935000000000000053e+00 7.502771206999999699e-03
1.937500000000000000e+00 7.504925083000000066e-03
1.939999999999999947e+00 7.487615884000000353e-03
1.942499999999999893e+00 7.487200987000000238e-03
1.945000000000000062e+00 7.468568713000000268e-03
1.947500000000000009e+00 7.463864508000000314e-03
1.949999999999999956e+00 7.459694852000000286e-03
1.952499999999999902e+00 7.437747423999999802e-03
1.955000000000000071e+00 7.440088913000000338e-03
1.957500000000000018e+00 7.432625382999999766e-03
1.959999999999999964e+00 7.397737532000000192e-03
1.962499999999999911e+00 7.414007135000000130e-03
1.965000000000000080e+00 7.410569391000000269e-03
1.967500000000000027e+00 7.387951309999999869e-03
1.969999999999999973e+00 7.414943470999999647e-03
1.972499999999999920e+00 7.400265320999999639e-03
1.975000000000000089e+00 7.359194730000000011e-03
1.977500000000000036e+00 7.341658735000000137e-03
1.979999999999999982e+00 7.348755880000000171e-03
1.982499999999999929e+00 7.367074331999999906e-03
1.985000000000000098e+00 7.338013614000000150e-03
1.987500000000000044e+00 7.322730236999999871e-03
1.989999999999999991e+00 7.331437021000000026e-03
1.992499999999999938e+00 7.316126025000000387e-03
1.995000000000000107e+00 7.315742083000000180e-03
1.997500000000000053e+00 7.293263880000000303e-03
2.000000000000000000e+00 7.294806212999999616e-03
2.002499999999999947e+00 7.274021284999999601e-03
2.004999999999999893e+00 7.273603214999999587e-03
2.007499999999999840e+00 7.256187138999999758e-03
2.009999999999999787e+00 7.258782364000000362e-03
2.012500000000000178e+00 7.254121130999999570e-03
2.015000000000000124e+00 7.229660593000000399e-03
2.017500000000000071e+00 7.237759241000000197e-03
2.020000000000000018e+00 7.236198360000000405e-03
2.022499999999999964e+00 7.209334845999999623e-03
2.024999999999999911e+00 7.213918744000000216e-03
2.027499999999999858e+00 7.212854270000000102e-03
2.029999999999999805e+00 7.181701038999999814e-03
2.032500000000000195e+00 7.193223272999999668e-03
2.035000000000000142e+00 7.175524707000000176e-03
2.037500000000000089e+00 7.174811988000000078e-03
2.040000000000000036e+00 7.182634371999999622e-03
2.042499999999999982e+00 7.157044894000000324e-03
2.044999999999999929e+00 7.165789046999999912e-03
2.047499999999999876e+00 7.161047569999999703e-03
2.049999999999999822e+00 7.150163321999999759e-03
2.052500000000000213e+00 7.138133740999999706e-03
2.055000000000000160e+00 7.116799634999999673e-03
2.057500000000000107e+00 7.124191646000000225e-03
2.060000000000000053e+00 7.103471584999999922e-03
2.062500000000000000e+00 7.107445625000000100e-03
2.064999999999999947e+00 7.091350433999999738e-03
2.067499999999999893e+00 7.070848688999999652e-03
2.069999999999999840e+00 7.062461570000000237e-03
2.072499999999999787e+00 7.065062113999999970e-03
2.075000000000000178e+00 7.061235588999999722e-03
2.077500000000000124e+00 7.057309539000000340e-03
2.080000000000000071e+00 7.051599700000000213e-03
2.082500000000000018e+00 7.037721658999999789e-03
2.084999999999999964e+00 7.023929126999999863e-03
2.087499999999999911e+00 7.016647634999999619e-03
2.089999999999999858e+00 7.002156502000000428e-03
2.092499999999999805e+00 7.031416141999999835e-03
2.095000000000000195e+00 6.986523946000000249e-03
2.097500000000000142e+00 6.989932366999999751e-03
2.100000000000000089e+00 6.982333743999999918e-03
2.102500000000000036e+00 6.985246558000000015e-03
2.104999999999999982e+00 6.964241407999999592e-03
2.107499999999999929e+00 6.966537566999999979e-03
2.109999999999999876e+00 6.950807282000000427e-03
2.112499999999999822e+00 6.935165771000000035e-03
2.115000000000000213e+00 6.924947637999999926e-03
2.117500000000000160e+00 6.933352357000000139e-03
2.120000000000000107e+00 6.921830835999999605e-03
2.122500000000000053e+00 6.924778894999999816e-03
2.125000000000000000e+00 6.904411029999999935e-03
2.127499999999999947e+00 6.892267096000000148e-03
2.129999999999999893e+00 6.905866293999999780e-03
2.132499999999999840e+00 6.882861875999999636e-03
2.134999999999999787e+00 6.874356118000000265e-03
2.137500000000000178e+00 6.857659331000000302e-03
2.140000000000000124e+00 6.863534196000000212e-03
2.142500000000000071e+00 6.858436546999999855e-03
2.145000000000000018e+00 6.843547985000000139e-03
2.147499999999999964e+00 6.842421960999999636e-03
2.149999999999999911e+00 6.818167489999999754e-03
2.152499999999999858e+00 6.822893866000000022e-03
2.154999999999999805e+00 6.823682357999999622e-03
2.157500000000000195e+00 6.819765256000000046e-03
2.160000000000000142e+00 6.796011014999999746e-03
2.162500000000000089e+00 6.791243292999999889e-03
2.165000000000000036e+00 6.792336765999999922e-03
2.167499999999999982e+00 6.757915962999999811e-03
2.169999999999999929e+00 6.768224354000000088e-03
2.172499999999999876e+00 6.766488648999999765e-03
2.174999999999999822e+00 6.770631616000000186e-03
2.177500000000000213e+00 6.751472940000000263e-03
2.180000000000000160e+00 6.750065973000000420e-03
2.182500000000000107e+00 6.730726295000000366e-03
2.185000000000000053e+00 6.737929000000000140e-03
2.187500000000000000e+00 6.718394071000000078e-03
2.189999999999999947e+00 6.716591713000000241e-03
2.192499999999999893e+00 6.694646335000000240e-03
2.194999999999999840e+00 6.688178315000000394e-03
2.197499999999999787e+00 6.677696028000000214e-03
2.200000000000000178e+00 6.682010518000000045e-03
2.202500000000000124e+00 6.675781405999999668e-03
2.205000000000000071e+00 6.674744066000000420e-03
2.207500000000000018e+00 6.662871049000000136e-03
2.209999999999999964e+00 6.647352563000000387e-03
2.212499999999999911e+00 6.632744351000000212e-03
2.214999999999999858e+00 6.632424339999999988e-03
2.217499999999999805e+00 6.632399054999999974e-03
2.220000000000000195e+00 6.618635650999999884e-03
2.222500000000000142e+00 6.614368716000000419e-03
2.225000000000000089e+00 6.596374628000000427e-03
2.227500000000000036e+00 6.617787035999999831e-03
2.229999999999999982e+00 6.580934592000000326e-03
2.232499999999999929e+00 6.586865033000000209e-03
2.234999999999999876e+00 6.591562516000000135e-03
2.237499999999999822e+00 6.600652702000000052e-03
2.240000000000000213e+00 6.572397298000000332e-03
2.242500000000000160e+00 6.560144212000000412e-03
2.245000000000000107e+00 6.567636554000000348e-03
2.247500000000000053e+00 6.529420805000000008e-03
2.250000000000000000e+00 6.540703004999999688e-03
2.252499999999999947e+00 6.539615650000000363e-03
2.254999999999999893e+00 6.520952711999999755e-03
2.257499999999999840e+00 6.506560865000000221e-03
2.259999999999999787e+00 6.518143692000000385e-03
2.262500000000000178e+00 6.510914559999999955e-03
2.265000000000000124e+00 6.479855667000000014e-03
2.267500000000000071e+00 6.485971654999999648e-03
2.270000000000000018e+00 6.461110992000000317e-03
2.272499999999999964e+00 6.476604409999999618e-03
2.274999999999999911e+00 6.453919863000000257e-03
2.277499999999999858e+00 6.440110807999999999e-03
2.279999999999999805e+00 6.446331603999999778e-03
2.282500000000000195e+00 6.462119459000000010e-03
2.285000000000000142e+00 6.434179150000000208e-03
2.287500000000000089e+00 6.433462196000000119e-03
2.290000000000000036e+00 6.418939910999999637e-03
2.292499999999999982e+00 6.381922782000000287e-03
2.294999999999999929e+00 6.404539406000000004e-03
2.297499999999999876e+00 6.395539859000000035e-03
2.299999999999999822e+00 6.385743468000000013e-03
2.302500000000000213e+00 6.383992376000000024e-03
2.305000000000000160e+00 6.381724404999999760e-03
2.307500000000000107e+00 6.391749751000000423e-03
2.310000000000000053e+00 6.375155228999999923e-03
2.312500000000000000e+00 6.345495306999999682e-03
2.314999999999999947e+00 6.333218600999999601e-03
2.317499999999999893e+00 6.343282758000000007e-03
2.319999999999999840e+00 6.311369635999999894e-03
2.322499999999999787e+00 6.335925023000000406e-03
2.325000000000000178e+00 6.321548774999999690e-03
2.327500000000000124e+00 6.309422422000000343e-03
2.330000000000000071e+00 6.304863905000000247e-03
2.332500000000000018e+00 6.315501161000000065e-03
2.334999999999999964e+00 6.294361146000000337e-03
2.337499999999999911e+00 6.283409668000000149e-03
2.339999999999999858e+00 6.282963283999999649e-03
2.342499999999999805e+00 6.280990311000000242e-03
2.345000000000000195e+00 6.249406812000000110e-03
2.347500000000000142e+00 6.233176780999999909e-03
2.350000000000000089e+00 6.250837236999999894e-03
2.352500000000000036e+00 6.235619290000000113e-03
2.354999999999999982e+00 6.241028507000000169e-03
2.357499999999999929e+00 6.230839018000000097e-03
2.359999999999999876e+00 6.217124277999999844e-03
2.362499999999999822e+00 6.200829356000000028e-03
2.365000000000000213e+00 6.205023266999999849e-03
2.367500000000000160e+00 6.201372519999999791e-03
2.370000000000000107e+00 6.191717363999999640e-03
2.372500000000000053e+00 6.186518527999999850e-03
2.375000000000000000e+00 6.170315511999999690e-03
2.377499999999999947e+00 6.158745024000000096e-03
2.379999999999999893e+00 6.153244365000000264e-03
2.382499999999999840e+00 6.157895929999999789e-03
2.384999999999999787e+00 6.154230242999999580e-03
2.387500000000000178e+00 6.133837988999999574e-03
2.390000000000000124e+00 6.118972759000000303e-03
2.392500000000000071e+00 6.124785586999999601e-03
2.395000000000000018e+00 6.116309381000000107e-03
2.397499999999999964e+00 6.127841699000000433e-03
2.399999999999999911e+00 6.109231239000000035e-03
2.402499999999999858e+00 6.090116068999999743e-03
2.404999999999999805e+00 6.071660119000000383e-03
2.407500000000000195e+00 6.089912941999999982e-03
2.410000000000000142e+00 6.083406105999999980e-03
2.412500000000000089e+00 6.072699655999999960e-03
2.415000000000000036e+00 6.063232574999999867e-03
2.417499999999999982e+00 6.051145332000000369e-03
2.419999999999999929e+00 6.052634563000000231e-03
2.422499999999999876e+00 6.036324255000000312e-03
2.424999999999999822e+00 6.039272612999999762e-03
2.427500000000000213e+00 6.038485863999999703e-03
2.430000000000000160e+00 6.027878644999999994e-03
2.432500000000000107e+00 6.023881654999999578e-03
2.435000000000000053e+00 6.000876215999999611e-03
2.437500000000000000e+00 6.002416529999999618e-03
2.439999999999999947e+00 5.994169780999999628e-03
2.442499999999999893e+00 5.999106451000000076e-03
2.444999999999999840e+00 5.980157358000000138e-03
2.447499999999999787e+00 5.966813700999999866e-03
2.450000000000000178e+00 5.958893471000000115e-03
2.452500000000000124e+00 5.964462533000000274e-03
2.455000000000000071e+00 5.956636658999999931e-03
2.457500000000000018e+00 5.951608441999999694e-03
2.459999999999999964e+00 5.915606436000000329e-03
2.462499999999999911e+00 5.911938797000000113e-03
2.464999999999999858e+00 5.917838126000000282e-03
2.467499999999999805e+00 5.917016998000000118e-03
2.470000000000000195e+00 5.911412718999999732e-03
2.472500000000000142e+00 5.910808814999999813e-03
2.475000000000000089e+00 5.882141946999999704e-03
2.477500000000000036e+00 5.884091559999999645e-03
2.479999999999999982e+00 5.880134030999999845e-03
2.482499999999999929e+00 5.893620363999999869e-03
2.484999999999999876e+00 5.878620745999999821e-03
2.487499999999999822e+00 5.849328350999999891e-03
2.490000000000000213e+00 5.852660830999999696e-03
2.492500000000000160e+00 5.837924518999999639e-03
2.495000000000000107e+00 5.838863421999999741e-03
2.497500000000000053e+00 5.843580737999999782e-03
2.500000000000000000e+00 5.827394341999999998e-03
2.502499999999999947e+00 5.808978939999999945e-03
2.504999999999999893e+00 5.821991026999999777e-03
2.507499999999999840e+00 5.796640544000000034e-03
2.509999999999999787e+00 5.802965551999999735e-03
2.512500000000000178e+00 5.789250204999999740e-03
2.515000000000000124e+00 5.783277835999999991e-03
2.517500000000000071e+00 5.790438063000000364e-03
2.520000000000000018e+00 5.777329733999999987e-03
2.522499999999999964e+00 5.763975012000000127e-03
2.524999999999999911e+00 5.759849727999999738e-03
2.527499999999999858e+00 5.751131609000000207e-03
2.529999999999999805e+00 5.755575948999999865e-03
2.532500000000000195e+00 5.729764499999999774e-03
2.535000000000000142e+00 5.715446994000000260e-03
2.537500000000000089e+00 5.709368444999999778e-03
2.540000000000000036e+00 5.722026314999999891e-03
2.542499999999999982e+00 5.714586009999999758e-03
2.544999999999999929e+00 5.694829967999999812e-03
2.547499999999999876e+00 5.693139041000000108e-03
2.549999999999999822e+00 5.676190797999999642e-03
2.552500000000000213e+00 5.674440888999999696e-03
2.555000000000000160e+00 5.665531510000000256e-03
2.557500000000000107e+00 5.663472164999999899e-03
2.560000000000000053e+00 5.656282753000000350e-03
2.562500000000000000e+00 5.660183430999999633e-03
2.564999999999999947e+00 5.654884736999999870e-03
2.567499999999999893e+00 5.648649619000000073e-03
2.569999999999999840e+00 5.631674211999999728e-03
2.572499999999999787e+00 5.631864761999999872e-03
2.575000000000000178e+00 5.633469149999999724e-03
2.577500000000000124e+00 5.608790863999999800e-03
2.580000000000000071e+00 5.608256491000000038e-03
2.582500000000000018e+00 5.605709082999999621e-03
2.584999999999999964e+00 5.594862364999999768e-03
2.587499999999999911e+00 5.590658426000000118e-03
2.589999999999999858e+00 5.578669254000000362e-03
2.592499999999999805e+00 5.578323546999999598e-03
2.595000000000000195e+00 5.569974214000000118e-03
2.597500000000000142e+00 5.567448261999999835e-03
2.600000000000000089e+00 5.562224505000000312e-03
2.602500000000000036e+00 5.536123171000000183e-03
2.604999999999999982e+00 5.541237949999999746e-03
2.607499999999999929e+00 5.522049153999999613e-03
2.609999999999999876e+00 5.523703191999999700e-03
2.612499999999999822e+00 5.509486620000000195e-03
2.615000000000000213e+00 5.512175664999999745e-03
2.617500000000000160e+00 5.508145384999999644e-03
2.620000000000000107e+00 5.497412281999999872e-03
2.622500000000000053e+00 5.491152382999999783e-03
2.625000000000000000e+00 5.473528527000000136e-03
2.627499999999999947e+00 5.476247842000000164e-03
2.629999999999999893e+00 5.469888362000000295e-03
2.632499999999999840e+00 5.485246344000000406e-03
2.634999999999999787e+00 5.465987440000000253e-03
2.637500000000000178e+00 5.455351227999999733e-03
2.640000000000000124e+00 5.447737898999999683e-03
2.642500000000000071e+00 5.437185068999999919e-03
2.645000000000000018e+00 5.423060801999999778e-03
2.647499999999999964e+00 5.431473576999999893e-03
2.649999999999999911e+00 5.414524573999999861e-03
2.652499999999999858e+00 5.419777070000000342e-03
2.654999999999999805e+00 5.421350079999999808e-03
2.657500000000000195e+00 5.402575161999999959e-03
2.660000000000000142e+00 5.395665517999999675e-03
2.662500000000000089e+00 5.380616690000000236e-03
2.665000000000000036e+00 5.374740904000000104e-03
2.667499999999999982e+00 5.367634722000000184e-03
2.669999999999999929e+00 5.357642939999999847e-03
2.672499999999999876e+00 5.348022206000000063e-03
2.674999999999999822e+00 5.352509218999999645e-03
2.677500000000000213e+00 5.323398422000000067e-03
2.680000000000000160e+00 5.345324454999999739e-03
2.682500000000000107e+00 5.348328991000000227e-03
2.685000000000000053e+00 5.317831395000000017e-03
2.687500000000000000e+00 5.313675640000000387e-03
2.689999999999999947e+00 5.319218407000000232e-03
2.692499999999999893e+00 5.312495993000000347e-03
2.694999999999999840e+00 5.311563097999999657e-03
2.697499999999999787e+00 5.289709584000000346e-03
2.700000000000000178e+00 5.277033090999999621e-03
2.702500000000000124e+00 5.283955186000000026e-03
2.705000000000000071e+00 5.261742397000000390e-03
2.707500000000000018e+00 5.267188154999999719e-03
2.709999999999999964e+00 5.256593191000000047e-03
2.712499999999999911e+00 5.251404682999999754e-03
2.714999999999999858e+00 5.242530155999999830e-03
2.717499999999999805e+00 5.240670793000000091e-03
2.720000000000000195e+00 5.219696501999999960e-03
2.722500000000000142e+00 5.204598161000000174e-03
2.725000000000000089e+00 5.227536871999999626e-03
2.727500000000000036e+00 5.222750552000000358e-03
2.729999999999999982e+00 5.212176599000000431e-03
2.732499999999999929e+00 5.197907203999999927e-03
2.734999999999999876e+00 5.191240035000000037e-03
2.737499999999999822e+00 5.197406847999999982e-03
2.740000000000000213e+00 5.184277077000000282e-03
2.742500000000000160e+00 5.173222039000000168e-03
2.745000000000000107e+00 5.167165114999999580e-03
2.747500000000000053e+00 5.178321902000000351e-03
2.750000000000000000e+00 5.158462237000000297e-03
2.752499999999999947e+00 5.152614540999999812e-03
2.754999999999999893e+00 5.141022714000000049e-03
2.757499999999999840e+00 5.133427650999999869e-03
2.759999999999999787e+00 5.123996839000000136e-03
2.762500000000000178e+00 5.127806270999999728e-03
2.765000000000000124e+00 5.119535851000000214e-03
2.767500000000000071e+00 5.087077675000000083e-03
2.770000000000000018e+00 5.095151820999999775e-03
2.772499999999999964e+00 5.096084094999999911e-03
2.774999999999999911e+00 5.080207485000000009e-03
2.777499999999999858e+00 5.087285399000000125e-03
2.779999999999999805e+00 5.076139843999999575e-03
2.782500000000000195e+00 5.088359100000000232e-03
2.785000000000000142e+00 5.060719108999999979e-03
2.787500000000000089e+00 5.050137827000000280e-03
2.790000000000000036e+00 5.047735811000000038e-03
2.792499999999999982e+00 5.057697695999999708e-03
2.794999999999999929e+00 5.052109923999999717e-03
2.797499999999999876e+00 5.045718892000000157e-03
2.799999999999999822e+00 5.034591304999999802e-03
2.802500000000000213e+00 5.028130928999999770e-03
2.805000000000000160e+00 5.023821210000000391e-03
2.807500000000000107e+00 4.995335158000000289e-03
2.810000000000000053e+00 5.004117570000000091e-03
2.812500000000000000e+00 4.990047844000000156e-03
2.814999999999999947e+00 4.980824499999999752e-03
2.817499999999999893e+00 4.973529305000000053e-03
2.819999999999999840e+00 4.949527393000000171e-03
2.822499999999999787e+00 4.964419628000000390e-03
2.825000000000000178e+00 4.966219705000000234e-03
2.827500000000000124e+00 4.956169679999999737e-03
2.830000000000000071e+00 4.951017642000000302e-03
2.832500000000000018e+00 4.933508789999999956e-03
2.834999999999999964e+00 4.946440441999999833e-03
2.837499999999999911e+00 4.931613583000000328e-03
2.839999999999999858e+00 4.907477391999999668e-03
2.842499999999999805e+00 4.910704953999999768e-03
2.845000000000000195e+00 4.912997692999999944e-03
2.847500000000000142e+00 4.903881819999999885e-03
2.850000000000000089e+00 4.896158650000000286e-03
2.852500000000000036e+00 4.890325138000000370e-03
2.854999999999999982e+00 4.881787361000000137e-03
2.857499999999999929e+00 4.872169202000000039e-03
2.859999999999999876e+00 4.868794016000000009e-03
2.862499999999999822e+00 4.870804902000000144e-03
2.865000000000000213e+00 4.859131471000000327e-03
2.867500000000000160e+00 4.849904151000000198e-03
2.870000000000000107e+00 4.844722093000000153e-03
2.872500000000000053e+00 4.843622992000000058e-03
2.875000000000000000e+00 4.837617792999999652e-03
2.877499999999999947e+00 4.834447520000000054e-03
2.879999999999999893e+00 4.813169408000000059e-03
2.882499999999999840e+00 4.808857423000000193e-03
2.884999999999999787e+00 4.807612016000000106e-03
2.887500000000000178e+00 4.809332918000000165e-03
2.890000000000000124e+00 4.806182622000000106e-03
2.892500000000000071e+00 4.780471659000000081e-03
2.895000000000000018e+00 4.767121856000000081e-03
2.897499999999999964e+00 4.779609647000000218e-03
2.899999999999999911e+00 4.772128139000000359e-03
2.902499999999999858e+00 4.765716827999999863e-03
2.904999999999999805e+00 4.769752644999999958e-03
2.907500000000000195e+00 4.747067736999999871e-03
2.910000000000000142e+00 4.750949499000000145e-03
2.912500000000000089e+00 4.718431119000000319e-03
2.915000000000000036e+00 4.731537269000000295e-03
2.917499999999999982e+00 4.704634241000000411e-03
2.919999999999999929e+00 4.717531411000000161e-03
2.922499999999999876e+00 4.699128735999999994e-03
2.924999999999999822e+00 4.711850624999999737e-03
2.927500000000000213e+00 4.690187281999999916e-03
2.930000000000000160e+00 4.688423827999999884e-03
2.932500000000000107e+00 4.672913188000000009e-03
2.935000000000000053e+00 4.675298924000000252e-03
2.937500000000000000e+00 4.664422038000000381e-03
2.939999999999999947e+00 4.666227339000000168e-03
2.942499999999999893e+00 4.652714988999999586e-03
2.944999999999999840e+00 4.652941417000000350e-03
2.947499999999999787e+00 4.658136632999999860e-03
2.950000000000000178e+00 4.642730442999999825e-03
2.952500000000000124e+00 4.644035759000000353e-03
2.955000000000000071e+00 4.646340504999999822e-03
2.957500000000000018e+00 4.633985006000000163e-03
2.959999999999999964e+00 4.605229132000000086e-03
2.962499999999999911e+00 4.608705912999999654e-03
2.964999999999999858e+00 4.606242784999999874e-03
2.967499999999999805e+00 4.596547270000000095e-03
2.970000000000000195e+00 4.575803774999999754e-03
2.972500000000000142e+00 4.571877993999999730e-03
2.975000000000000089e+00 4.581090743000000402e-03
2.977500000000000036e+00 4.573393955000000337e-03
2.979999999999999982e+00 4.574391072000000280e-03
2.982499999999999929e+00 4.555090488000000139e-03
2.984999999999999876e+00 4.544553397999999932e-03
2.987499999999999822e+00 4.537155612000000338e-03
2.990000000000000213e+00 4.549138888000000235e-03
2.992500000000000160e+00 4.533816918000000210e-03
2.995000000000000107e+00 4.524353136000000379e-03
2.997500000000000053e+00 4.520095568000000348e-03
3.000000000000000000e+00 4.509871193999999590e-03
3.002499999999999947e+00 4.510423498000000128e-03
3.004999999999999893e+00 4.513048872000000392e-03
3.007499999999999840e+00 4.510406584000000059e-03
3.009999999999999787e+00 4.496185748999999808e-03
3.012500000000000178e+00 4.470030596999999620e-03
3.015000000000000124e+00 4.470123109000000323e-03
3.017500000000000071e+00 4.477449601000000300e-03
3.020000000000000018e+00 4.463957709999999933e-03
3.022499999999999964e+00 4.476619171000000008e-03
3.024999999999999911e+00 4.472212500000000319e-03
3.027499999999999858e+00 4.440783759000000233e-03
3.029999999999999805e+00 4.458883188999999969e-03
3.032500000000000195e+00 4.420665477999999662e-03
3.035000000000000142e+00 4.424328568000000274e-03
3.037500000000000089e+00 4.422717151000000319e-03
3.040000000000000036e+00 4.416648488000000233e-03
3.042499999999999982e+00 4.409745686999999928e-03
3.044999999999999929e+00 4.405512404999999999e-03
3.047499999999999876e+00 4.409994369999999803e-03
3.049999999999999822e+00 4.396389797000000398e-03
3.052500000000000213e+00 4.399270503999999984e-03
3.055000000000000160e+00 4.385754533000000427e-03
3.057500000000000107e+00 4.371665042000000105e-03
3.060000000000000053e+00 4.359268545999999897e-03
3.062500000000000000e+00 4.353087436000000268e-03
3.064999999999999947e+00 4.359451234999999793e-03
3.067499999999999893e+00 4.347641912999999567e-03
3.069999999999999840e+00 4.338969164000000024e-03
3.072499999999999787e+00 4.322924272999999901e-03
3.075000000000000178e+00 4.323508196000000296e-03
3.077500000000000124e+00 4.324971363999999784e-03
3.080000000000000071e+00 4.325570493000000134e-03
3.082500000000000018e+00 4.314360657000000134e-03
3.084999999999999964e+00 4.298927545999999683e-03
3.087499999999999911e+00 4.315449128000000203e-03
3.089999999999999858e+00 4.291876556999999967e-03
3.092499999999999805e+00 4.292895823999999874e-03
3.095000000000000195e+00 4.280496128000000310e-03
3.097500000000000142e+00 4.265625262999999702e-03
3.100000000000000089e+00 4.272879759000000263e-03
3.102500000000000036e+00 4.256222506000000190e-03
3.104999999999999982e+00 4.272099833999999825e-03
3.107499999999999929e+00 4.236249457999999996e-03
3.109999999999999876e+00 4.248054246000000124e-03
3.112499999999999822e+00 4.237411275999999720e-03
3.115000000000000213e+00 4.243379180999999958e-03
3.117500000000000160e+00 4.218822462000000433e-03
3.120000000000000107e+00 4.209999465000000170e-03
3.122500000000000053e+00 4.207747325999999961e-03
3.125000000000000000e+00 4.209819190000000169e-03
3.127499999999999947e+00 4.207526282999999798e-03
3.129999999999999893e+00 4.194789184000000115e-03
3.132499999999999840e+00 4.184305961000000205e-03
3.134999999999999787e+00 4.189007086000000324e-03
3.137500000000000178e+00 4.168243979000000286e-03
3.140000000000000124e+00 4.172440971000000373e-03
3.142500000000000071e+00 4.158012796000000282e-03
3.145000000000000018e+00 4.154097768000000225e-03
3.147499999999999964e+00 4.146647029000000151e-03
3.149999999999999911e+00 4.139075277999999629e-03
3.152499999999999858e+00 4.125701820999999603e-03
3.154999999999999805e+00 4.138495439000000262e-03
3.157500000000000195e+00 4.135222152000000290e-03
3.160000000000000142e+00 4.115198966000000076e-03
3.162500000000000089e+00 4.117804957999999724e-03
3.165000000000000036e+00 4.100958327999999591e-03
3.167499999999999982e+00 4.102934796000000210e-03
3.169999999999999929e+00 4.091580770999999998e-03
3.172499999999999876e+00 4.088233212000000165e-03
3.174999999999999822e+00 4.087983431999999903e-03
3.177500000000000213e+00 4.068306917999999633e-03
3.180000000000000160e+00 4.074832514000000135e-03
3.182500000000000107e+00 4.059661338999999945e-03
3.185000000000000053e+00 4.061447684999999579e-03
3.187500000000000000e+00 4.051401133999999946e-03
3.189999999999999947e+00 4.044031818999999778e-03
3.192499999999999893e+00 4.033736916999999811e-03
3.194999999999999840e+00 4.029170034999999747e-03
3.197499999999999787e+00 4.034952885000000003e-03
3.200000000000000178e+00 4.005823500000000106e-03
3.202500000000000124e+00 4.014766559999999838e-03
3.205000000000000071e+00 4.010479657999999926e-03
3.207500000000000018e+00 4.012065769999999948e-03
3.209999999999999964e+00 3.999972380000000292e-03
3.212499999999999911e+00 3.979792866000000234e-03
3.214999999999999858e+00 3.980009080999999740e-03
3.217499999999999805e+00 3.996145732000000103e-03
3.220000000000000195e+00 3.977349950999999918e-03
3.222500000000000142e+00 3.958483575999999921e-03
3.225000000000000089e+00 3.948455166000000224e-03
3.227500000000000036e+00 3.960307469000000011e-03
3.229999999999999982e+00 3.949667331999999996e-03
3.232499999999999929e+00 3.951787406999999683e-03
3.234999999999999876e+00 3.929834929999999858e-03
3.237499999999999822e+00 3.928550329999999820e-03
3.240000000000000213e+00 3.913711155999999650e-03
3.242500000000000160e+00 3.909001062000000241e-03
3.245000000000000107e+00 3.907819186000000000e-03
3.247500000000000053e+00 3.923054173000000214e-03
3.250000000000000000e+00 3.907149514999999629e-03
3.252499999999999947e+00 3.900102160000000137e-03
3.254999999999999893e+00 3.890602844000000046e-03
3.257499999999999840e+00 3.876825899999999849e-03
3.259999999999999787e+00 3.881564723999999817e-03
3.262500000000000178e+00 3.878441047000000079e-03
3.265000000000000124e+00 3.865402119999999941e-03
3.267500000000000071e+00 3.863977271999999991e-03
3.270000000000000018e+00 3.869194128000000201e-03
3.272499999999999964e+00 3.850886657999999952e-03
3.274999999999999911e+00 3.841051213999999853e-03
3.277499999999999858e+00 3.836225445999999917e-03
3.279999999999999805e+00 3.826020703000000082e-03
3.282500000000000195e+00 3.826174823000000075e-03
3.285000000000000142e+00 3.817881068000000128e-03
3.287500000000000089e+00 3.821251735000000000e-03
3.290000000000000036e+00 3.804075544000000073e-03
3.292499999999999982e+00 3.807186127000000090e-03
3.294999999999999929e+00 3.790497206999999917e-03
3.297499999999999876e+00 3.801347955000000146e-03
3.299999999999999822e+00 3.779966524000000130e-03
3.302500000000000213e+00 3.773131653999999870e-03
3.305000000000000160e+00 3.770910218000000143e-03
3.307500000000000107e+00 3.768430075999999827e-03
3.310000000000000053e+00 3.760419506999999797e-03
3.312500000000000000e+00 3.753022768999999918e-03
3.314999999999999947e+00 3.760160782000000149e-03
3.317499999999999893e+00 3.737065329999999901e-03
3.319999999999999840e+00 3.735836712999999944e-03
3.322499999999999787e+00 3.733548569000000057e-03
3.325000000000000178e+00 3.719091009999999850e-03
3.327500000000000124e+00 3.731064820999999837e-03
3.330000000000000071e+00 3.716756107999999881e-03
3.332500000000000018e+00 3.715299628000000125e-03
3.334999999999999964e+00 3.697379811999999995e-03
3.337499999999999911e+00 3.691830704999999897e-03
3.339999999999999858e+00 3.678129253999999886e-03
3.342499999999999805e+00 3.682543760999999923e-03
3.345000000000000195e+00 3.687182750999999821e-03
3.347500000000000142e+00 3.666668866000000106e-03
3.350000000000000089e+00 3.673244476999999817e-03
3.352500000000000036e+00 3.654313473000000024e-03
3.354999999999999982e+00 3.642716106999999842e-03
3.357499999999999929e+00 3.651143365000000199e-03
3.359999999999999876e+00 3.638930181000000000e-03
3.362499999999999822e+00 3.627381830999999984e-03
3.365000000000000213e+00 3.640549845999999957e-03
3.367500000000000160e+00 3.619473423999999828e-03
3.370000000000000107e+00 3.608541760999999827e-03
3.372500000000000053e+00 3.621053486000000172e-03
3.375000000000000000e+00 3.605716313000000180e-03
3.377499999999999947e+00 3.601903447999999994e-03
3.379999999999999893e+00 3.589906044000000171e-03
3.382499999999999840e+00 3.592465685999999842e-03
3.384999999999999787e+00 3.590281793000000155e-03
3.387500000000000178e+00 3.583959228999999795e-03
3.390000000000000124e+00 3.566843841000000206e-03
3.392500000000000071e+00 3.565066894999999875e-03
3.395000000000000018e+00 3.559333917999999829e-03
3.397499999999999964e+00 3.557559935999999798e-03
3.399999999999999911e+00 3.550649596000000126e-03
3.402499999999999858e+00 3.542274540000000214e-03
3.404999999999999805e+00 3.533311885999999846e-03
3.407500000000000195e+00 3.517959758000000197e-03
3.410000000000000142e+00 3.514245365999999881e-03
3.412500000000000089e+00 3.507372180000000068e-03
3.415000000000000036e+00 3.522188009999999841e-03
3.417499999999999982e+00 3.502365258000000175e-03
3.419999999999999929e+00 3.487758628000000184e-03
3.422499999999999876e+00 3.510140974000000146e-03
3.424999999999999822e+00 3.489905852999999804e-03
3.427500000000000213e+00 3.489297693999999974e-03
3.430000000000000160e+00 3.491048548000000046e-03
3.432500000000000107e+00 3.477670473999999821e-03
3.435000000000000053e+00 3.464997587999999861e-03
3.437500000000000000e+00 3.460958432000000098e-03
3.439999999999999947e+00 3.459469962999999794e-03
3.442499999999999893e+00 3.440349606999999841e-03
3.444999999999999840e+00 3.435901973999999897e-03
3.447499999999999787e+00 3.435686664999999806e-03
3.450000000000000178e+00 3.434815219999999905e-03
3.452500000000000124e+00 3.432083109999999829e-03
3.455000000000000071e+00 3.413914128000000020e-03
3.457500000000000018e+00 3.410773193999999849e-03
3.459999999999999964e+00 3.410284053000000194e-03
3.462499999999999911e+00 3.393528410999999915e-03
3.464999999999999858e+00 3.393110703000000190e-03
3.467499999999999805e+00 3.391839787000000116e-03
3.470000000000000195e+00 3.384492076999999922e-03
3.472500000000000142e+00 3.381974625999999932e-03
3.475000000000000089e+00 3.360318158999999957e-03
3.477500000000000036e+00 3.361224644999999921e-03
3.479999999999999982e+00 3.342096263999999942e-03
3.482499999999999929e+00 3.366172011000000130e-03
3.484999999999999876e+00 3.334050780000000214e-03
3.487499999999999822e+00 3.348248727999999976e-03
3.490000000000000213e+00 3.336980929999999995e-03
3.492500000000000160e+00 3.335554094000000181e-03
3.495000000000000107e+00 3.321765494000000155e-03
3.497500000000000053e+00 3.324065800000000018e-03
3.500000000000000000e+00 3.324408636000000111e-03
3.502499999999999947e+00 3.300463230999999952e-03
3.504999999999999893e+00 3.293810190999999984e-03
3.507499999999999840e+00 3.291006560999999893e-03
3.509999999999999787e+00 3.288712645000000084e-03
3.512500000000000178e+00 3.276695694999999867e-03
3.515000000000000124e+00 3.279955635999999824e-03
3.517500000000000071e+00 3.275479081000000087e-03
3.520000000000000018e+00 3.255377296999999951e-03
3.522499999999999964e+00 3.257030586999999991e-03
3.524999999999999911e+00 3.259670230000000050e-03
3.527499999999999858e+00 3.235974014999999909e-03
3.529999999999999805e+00 3.234407447999999852e-03
3.532500000000000195e+00 3.249559551999999917e-03
3.535000000000000142e+00 3.231494977000000119e-03
3.537500000000000089e+00 3.219678084999999784e-03
3.540000000000000036e+00 3.231822254999999929e-03
3.542499999999999982e+00 3.213086992999999916e-03
3.544999999999999929e+00 3.193635715999999965e-03
3.547499999999999876e+00 3.202403923000000149e-03
3.549999999999999822e+00 3.181745116000000116e-03
3.552500000000000213e+00 3.187516169999999802e-03
3.555000000000000160e+00 3.196077313999999905e-03
3.557500000000000107e+00 3.183761162000000016e-03
3.560000000000000053e+00 3.169325521999999829e-03
3.562500000000000000e+00 3.175404272999999937e-03
3.564999999999999947e+00 3.153746545999999793e-03
3.567499999999999893e+00 3.154624468999999830e-03
3.569999999999999840e+00 3.151024160999999889e-03
3.572499999999999787e+00 3.142928807999999935e-03
3.575000000000000178e+00 3.139234118999999820e-03
3.577500000000000124e+00 3.123785636000000077e-03
3.580000000000000071e+00 3.131738890000000143e-03
3.582500000000000018e+00 3.130654965000000123e-03
3.584999999999999964e+00 3.108995129000000166e-03
3.587499999999999911e+00 3.100955198999999930e-03
3.589999999999999858e+00 3.101653093999999847e-03
3.592499999999999805e+00 3.086483342000000043e-03
3.595000000000000195e+00 3.095437399000000069e-03
3.597500000000000142e+00 3.082793199999999973e-03
3.600000000000000089e+00 3.079392460000000137e-03
3.602500000000000036e+00 3.084974668999999805e-03
3.604999999999999982e+00 3.074700460999999982e-03
3.607499999999999929e+00 3.064707349000000188e-03
3.609999999999999876e+00 3.052475553000000199e-03
3.612499999999999822e+00 3.049196240000000020e-03
3.615000000000000213e+00 3.040709372000000195e-03
3.617500000000000160e+00 3.051715637000000040e-03
3.620000000000000107e+00 3.039878402999999889e-03
3.622500000000000053e+00 3.027860333999999806e-03
3.625000000000000000e+00 3.022775045999999931e-03
3.627499999999999947e+00 3.005357697999999980e-03
3.629999999999999893e+00 2.995881437000000140e-03
3.632499999999999840e+00 2.999827794999999908e-03
3.634999999999999787e+00 3.002574553000000000e-03
3.637500000000000178e+00 3.000532293999999892e-03
3.640000000000000124e+00 2.986359634000000131e-03
3.642500000000000071e+00 2.974715293999999864e-03
3.645000000000000018e+00 2.986146168000000049e-03
3.647499999999999964e+00 2.961391790000000163e-03
3.649999999999999911e+00 2.967565051999999926e-03
3.652499999999999858e+00 2.955281214000000153e-03
3.654999999999999805e+00 2.952139297000000006e-03
3.657500000000000195e+00 2.940539855999999876e-03
3.660000000000000142e+00 2.929511613999999809e-03
3.662500000000000089e+00 2.941349687000000077e-03
3.665000000000000036e+00 2.936683307999999899e-03
3.667499999999999982e+00 2.936193431000000149e-03
3.669999999999999929e+00 2.931029799000000203e-03
3.672499999999999876e+00 2.909426019000000037e-03
3.674999999999999822e+00 2.919348811999999786e-03
3.677500000000000213e+00 2.887734063000000056e-03
3.680000000000000160e+00 2.893516428000000081e-03
3.682500000000000107e+00 2.898220056000000173e-03
3.685000000000000053e+00 2.880711612999999928e-03
3.687500000000000000e+00 2.879240995999999848e-03
3.689999999999999947e+00 2.871308813000000154e-03
3.692499999999999893e+00 2.867198897999999937e-03
3.694999999999999840e+00 2.857972602000000053e-03
3.697499999999999787e+00 2.861445662000000178e-03
3.700000000000000178e+00 2.855565136999999899e-03
3.702500000000000124e+00 2.854441894999999989e-03
3.705000000000000071e+00 2.833371804000000150e-03
3.707500000000000018e+00 2.830898943999999792e-03
3.709999999999999964e+00 2.835368833000000144e-03
3.712499999999999911e+00 2.826759549999999840e-03
3.714999999999999858e+00 2.824321220999999847e-03
3.717499999999999805e+00 2.807968783000000003e-03
3.720000000000000195e+00 2.820393275999999796e-03
3.722500000000000142e+00 2.804712297000000118e-03
3.725000000000000089e+00 2.782781165000000004e-03
3.727500000000000036e+00 2.786651532999999837e-03
3.729999999999999982e+00 2.788508570000000197e-03
3.732499999999999929e+00 2.775776419999999821e-03
3.734999999999999876e+00 2.785520589999999908e-03
3.737499999999999822e+00 2.764745705000000095e-03
3.740000000000000213e+00 2.769551798000000151e-03
3.742500000000000160e+00 2.747647795000000056e-03
3.745000000000000107e+00 2.740676248999999922e-03
3.747500000000000053e+00 2.740648520000000133e-03
3.750000000000000000e+00 2.727012237999999929e-03
3.752499999999999947e+00 2.726922399999999816e-03
3.754999999999999893e+00 2.724768779000000165e-03
3.757499999999999840e+00 2.726340974999999847e-03
3.759999999999999787e+00 2.710763594999999939e-03
3.762500000000000178e+00 2.712108758999999970e-03
3.765000000000000124e+00 2.711606842000000191e-03
3.767500000000000071e+00 2.704467440999999868e-03
3.770000000000000018e+00 2.702719741000000203e-03
3.772499999999999964e+00 2.687904341000000013e-03
3.774999999999999911e+00 2.679292039000000063e-03
3.777499999999999858e+00 2.680304759000000109e-03
3.779999999999999805e+00 2.666771711999999829e-03
3.782500000000000195e+00 2.659316005000000090e-03
3.785000000000000142e+00 2.644560579000000081e-03
3.787500000000000089e+00 2.647581515000000090e-03
3.790000000000000036e+00 2.639507166999999904e-03
3.792499999999999982e+00 2.650200640000000170e-03
3.794999999999999929e+00 2.636587946999999817e-03
3.797499999999999876e+00 2.623434299000000115e-03
3.799999999999999822e+00 2.627348727999999963e-03
3.802500000000000213e+00 2.627385715000000056e-03
3.805000000000000160e+00 2.619666494999999852e-03
3.807500000000000107e+00 2.608444847000000212e-03
3.810000000000000053e+00 2.595876059000000197e-03
3.812500000000000000e+00 2.598562888999999924e-03
3.814999999999999947e+00 2.589049538999999966e-03
3.817499999999999893e+00 2.597755781000000118e-03
3.819999999999999840e+00 2.573929992999999909e-03
3.822499999999999787e+00 2.573183493999999915e-03
3.825000000000000178e+00 2.567034355000000038e-03
3.827500000000000124e+00 2.562491627000000171e-03
3.830000000000000071e+00 2.542418419999999905e-03
3.832500000000000018e+00 2.552690686000000115e-03
3.834999999999999964e+00 2.548812510999999819e-03
3.837499999999999911e+00 2.544310961000000211e-03
3.839999999999999858e+00 2.533870404999999815e-03
3.842499999999999805e+00 2.536849629999999960e-03
3.845000000000000195e+00 2.518004088999999980e-03
3.847500000000000142e+00 2.527728626000000020e-03
3.850000000000000089e+00 2.507378186999999897e-03
3.852500000000000036e+00 2.493423951999999919e-03
3.854999999999999982e+00 2.505551727000000090e-03
3.857499999999999929e+00 2.492945483000000122e-03
3.859999999999999876e+00 2.490330631999999877e-03
3.862499999999999822e+00 2.483314693000000187e-03
3.865000000000000213e+00 2.465512036999999851e-03
3.867500000000000160e+00 2.470017750000000172e-03
3.870000000000000107e+00 2.476962053999999872e-03
3.872500000000000053e+00 2.469867720999999877e-03
3.875000000000000000e+00 2.463203824999999920e-03
3.877499999999999947e+00 2.453239004999999834e-03
3.879999999999999893e+00 2.445191701000000006e-03
3.882499999999999840e+00 2.439468820999999947e-03
3.884999999999999787e+00 2.429867430000000068e-03
3.887500000000000178e+00 2.437422792000000157e-03
3.890000000000000124e+00 2.427891171999999910e-03
3.892500000000000071e+00 2.408172376999999885e-03
3.895000000000000018e+00 2.398638789000000129e-03
3.897499999999999964e+00 2.392505884999999999e-03
3.899999999999999911e+00 2.388440849999999994e-03
3.902499999999999858e+00 2.406151626000000137e-03
3.904999999999999805e+00 2.376352638000000031e-03
3.907500000000000195e+00 2.390944779999999801e-03
3.910000000000000142e+00 2.379423732999999975e-03
3.912500000000000089e+00 2.360483428000000050e-03
3.915000000000000036e+00 2.360399919999999797e-03
3.917499999999999982e+00 2.356923443999999878e-03
3.919999999999999929e+00 2.364102127999999792e-03
3.922499999999999876e+00 2.348835027999999960e-03
3.924999999999999822e+00 2.339517070999999875e-03
3.927500000000000213e+00 2.326284040999999914e-03
3.930000000000000160e+00 2.329761666000000012e-03
3.932500000000000107e+00 2.327502611000000117e-03
3.935000000000000053e+00 2.322085037000000060e-03
3.937500000000000000e+00 2.305155980000000125e-03
3.939999999999999947e+00 2.313844895000000124e-03
3.942499999999999893e+00 2.286466722000000170e-03
3.944999999999999840e+00 2.293758712000000099e-03
3.947499999999999787e+00 2.302516630000000196e-03
3.950000000000000178e+00 2.281339765999999825e-03
3.952500000000000124e+00 2.284127452999999870e-03
3.955000000000000071e+00 2.278918107000000009e-03
3.957500000000000018e+00 2.266384162999999976e-03
3.959999999999999964e+00 2.275258888999999972e-03
3.962499999999999911e+00 2.268947070000000045e-03
3.964999999999999858e+00 2.243047472000000032e-03
3.967499999999999805e+00 2.244671594999999957e-03
3.970000000000000195e+00 2.243907309999999908e-03
3.972500000000000142e+00 2.235998593000000124e-03
3.975000000000000089e+00 2.232130868000000139e-03
3.977500000000000036e+00 2.225922534000000005e-03
3.979999999999999982e+00 2.220549124999999981e-03
3.982499999999999929e+00 2.219467142000000007e-03
3.984999999999999876e+00 2.213088553000000167e-03
3.987499999999999822e+00 2.195968511000000092e-03
3.990000000000000213e+00 2.190633861000000019e-03
3.992500000000000160e+00 2.204153021999999840e-03
3.995000000000000107e+00 2.182553347000000185e-03
3.997500000000000053e+00 2.174538967000000204e-03
4.000000000000000000e+00 2.177591136999999875e-03
4.002500000000000391e+00 2.166323369000000207e-03
4.004999999999999893e+00 2.162598973999999962e-03
4.007500000000000284e+00 2.145683056000000002e-03
4.009999999999999787e+00 2.150454882999999935e-03
4.012500000000000178e+00 2.153943218000000173e-03
4.014999999999999680e+00 2.145725857999999844e-03
4.017500000000000071e+00 2.154988848000000123e-03
4.019999999999999574e+00 2.139741203000000182e-03
4.022499999999999964e+00 2.128209274000000036e-03
4.025000000000000355e+00 2.111749549999999975e-03
4.027499999999999858e+00 2.104050438000000089e-03
4.030000000000000249e+00 2.116641439999999812e-03
4.032499999999999751e+00 2.100539232000000166e-03
4.035000000000000142e+00 2.106347122000000113e-03
4.037499999999999645e+00 2.092312774000000195e-03
4.040000000000000036e+00 2.081317550000000034e-03
4.042500000000000426e+00 2.080260004999999988e-03
4.044999999999999929e+00 2.082783528999999998e-03
4.047500000000000320e+00 2.066988409000000172e-03
4.049999999999999822e+00 2.068908696000000200e-03
4.052500000000000213e+00 2.054893765999999886e-03
4.054999999999999716e+00 2.048907076000000115e-03
4.057500000000000107e+00 2.051189319000000164e-03
4.059999999999999609e+00 2.044301788999999987e-03
4.062500000000000000e+00 2.034069780999999810e-03
4.065000000000000391e+00 2.032611947999999821e-03
4.067499999999999893e+00 2.019573771000000156e-03
4.070000000000000284e+00 2.023062290000000093e-03
4.072499999999999787e+00 2.020535836000000082e-03
4.075000000000000178e+00 2.011787880000000077e-03
4.077499999999999680e+00 2.004607943999999961e-03
4.080000000000000071e+00 1.999147316000000202e-03
4.082499999999999574e+00 1.998266143000000140e-03
4.084999999999999964e+00 1.983625267999999942e-03
4.087500000000000355e+00 1.986927667999999810e-03
4.089999999999999858e+00 1.972738690000000201e-03
4.092500000000000249e+00 1.968697269999999944e-03
4.094999999999999751e+00 1.963512243000000053e-03
4.097500000000000142e+00 1.957106501999999852e-03
4.099999999999999645e+00 1.943403622999999910e-03
4.102500000000000036e+00 1.942394936000000011e-03
4.105000000000000426e+00 1.946217792999999953e-03
4.107499999999999929e+00 1.937860976000000020e-03
4.110000000000000320e+00 1.937265411999999952e-03
4.112499999999999822e+00 1.927282513999999895e-03
4.115000000000000213e+00 1.927366524000000093e-03
4.117499999999999716e+00 1.920348598000000103e-03
4.120000000000000107e+00 1.907345708999999946e-03
4.122499999999999609e+00 1.907171100000000074e-03
4.125000000000000000e+00 1.901221138999999909e-03
4.127500000000000391e+00 1.898864115000000082e-03
4.129999999999999893e+00 1.894886535999999949e-03
4.132500000000000284e+00 1.882933010000000006e-03
4.134999999999999787e+00 1.877820948999999991e-03
4.137500000000000178e+00 1.862515899000000011e-03
4.139999999999999680e+00 1.866189159000000101e-03
4.142500000000000071e+00 1.862819423999999974e-03
4.144999999999999574e+00 1.848733993999999905e-03
4.147499999999999964e+00 1.851380091999999975e-03
4.150000000000000355e+00 1.843010284999999906e-03
4.152499999999999858e+00 1.843520671000000105e-03
4.155000000000000249e+00 1.833081763000000064e-03
4.157499999999999751e+00 1.820811224000000060e-03
4.160000000000000142e+00 1.828170652000000052e-03
4.162499999999999645e+00 1.811369163999999952e-03
4.165000000000000036e+00 1.818546662000000052e-03
4.167500000000000426e+00 1.811634847999999982e-03
4.169999999999999929e+00 1.784438198000000029e-03
4.172500000000000320e+00 1.794634340999999968e-03
4.174999999999999822e+00 1.784249852999999966e-03
4.177500000000000213e+00 1.789897339000000092e-03
4.179999999999999716e+00 1.775421021000000033e-03
4.182500000000000107e+00 1.771836678000000050e-03
4.184999999999999609e+00 1.766252396999999988e-03
4.187500000000000000e+00 1.770084701999999907e-03
4.190000000000000391e+00 1.754663150000000107e-03
4.192499999999999893e+00 1.750016655000000056e-03
4.195000000000000284e+00 1.738986221000000075e-03
4.197499999999999787e+00 1.740335767999999939e-03
4.200000000000000178e+00 1.729158973999999965e-03
4.202499999999999680e+00 1.726050392999999971e-03
4.205000000000000071e+00 1.727454052000000021e-03
4.207499999999999574e+00 1.731909059999999986e-03
4.209999999999999964e+00 1.706090595999999954e-03
4.212500000000000355e+00 1.707498667999999935e-03
4.214999999999999858e+00 1.697291150999999908e-03
4.217500000000000249e+00 1.698478332999999981e-03
4.219999999999999751e+00 1.704051923000000045e-03
4.222500000000000142e+00 1.678645337000000048e-03
4.224999999999999645e+00 1.676378991000000013e-03
4.227500000000000036e+00 1.676481452999999990e-03
4.230000000000000426e+00 1.666501405000000036e-03
4.232499999999999929e+00 1.668105181999999945e-03
4.235000000000000320e+00 1.658108812999999938e-03
4.237499999999999822e+00 1.651897571999999927e-03
4.240000000000000213e+00 1.648263392000000023e-03
4.242499999999999716e+00 1.640218251000000009e-03
4.245000000000000107e+00 1.625465424000000023e-03
4.247499999999999609e+00 1.636817373000000074e-03
4.250000000000000000e+00 1.621262213000000067e-03
4.252500000000000391e+00 1.610855587000000052e-03
4.254999999999999893e+00 1.616223426999999994e-03
4.257500000000000284e+00 1.603769447000000063e-03
4.259999999999999787e+00 1.595256652999999967e-03
4.262500000000000178e+00 1.602646719000000051e-03
4.264999999999999680e+00 1.589318968999999969e-03
4.267500000000000071e+00 1.585050498999999915e-03
4.269999999999999574e+00 1.570523058000000086e-03
4.272499999999999964e+00 1.572897966000000010e-03
4.275000000000000355e+00 1.570791065999999937e-03
4.277499999999999858e+00 1.560065885999999949e-03
4.280000000000000249e+00 1.557714963000000029e-03
4.282499999999999751e+00 1.558499537000000105e-03
4.285000000000000142e+00 1.545034949999999924e-03
4.287499999999999645e+00 1.543113034999999897e-03
4.290000000000000036e+00 1.537769852000000093e-03
4.292500000000000426e+00 1.529978911000000026e-03
4.294999999999999929e+00 1.522455356999999907e-03
4.297500000000000320e+00 1.522878661000000040e-03
4.299999999999999822e+00 1.504479922999999971e-03
4.302500000000000213e+00 1.511341911000000076e-03
4.304999999999999716e+00 1.516722531999999905e-03
4.307500000000000107e+00 1.501999582000000015e-03
4.309999999999999609e+00 1.484180458999999992e-03
4.312500000000000000e+00 1.480793950000000104e-03
4.315000000000000391e+00 1.480693040999999993e-03
4.317499999999999893e+00 1.472065822000000017e-03
4.320000000000000284e+00 1.468540040000000007e-03
4.322499999999999787e+00 1.474685279000000071e-03
4.325000000000000178e+00 1.456121184000000023e-03
4.327499999999999680e+00 1.454910207000000054e-03
4.330000000000000071e+00 1.436103223999999961e-03
4.332499999999999574e+00 1.442754554000000040e-03
4.334999999999999964e+00 1.443472203999999950e-03
4.337500000000000355e+00 1.437837850000000042e-03
4.339999999999999858e+00 1.418874102999999895e-03
4.342500000000000249e+00 1.419502977999999999e-03
4.344999999999999751e+00 1.406380220000000032e-03
4.347500000000000142e+00 1.409169636000000107e-03
4.349999999999999645e+00 1.410875483000000041e-03
4.352500000000000036e+00 1.395772565999999892e-03
4.355000000000000426e+00 1.392790495000000061e-03
4.357499999999999929e+00 1.392921039999999930e-03
4.360000000000000320e+00 1.387369071999999988e-03
4.362499999999999822e+00 1.378713358000000031e-03
4.365000000000000213e+00 1.388780989999999996e-03
4.367499999999999716e+00 1.369220916000000012e-03
4.370000000000000107e+00 1.361651576000000047e-03
4.372499999999999609e+00 1.358157205000000076e-03
4.375000000000000000e+00 1.352042429999999931e-03
4.377500000000000391e+00 1.350229039999999939e-03
4.379999999999999893e+00 1.338588846000000020e-03
4.382500000000000284e+00 1.329489582999999944e-03
4.384999999999999787e+00 1.332451831000000054e-03
4.387500000000000178e+00 1.321529917999999908e-03
4.389999999999999680e+00 1.323281115999999907e-03
4.392500000000000071e+00 1.313823246000000089e-03
4.394999999999999574e+00 1.302475212000000007e-03
4.397499999999999964e+00 1.291831332999999983e-03
4.400000000000000355e+00 1.298339369999999956e-03
4.402499999999999858e+00 1.304258863999999997e-03
4.405000000000000249e+00 1.290879592000000005e-03
4.407499999999999751e+00 1.285054675000000006e-03
4.410000000000000142e+00 1.273413506000000079e-03
4.412499999999999645e+00 1.267774070000000095e-03
4.415000000000000036e+00 1.267751098999999942e-03
4.417500000000000426e+00 1.260427659999999910e-03
4.419999999999999929e+00 1.258646811999999992e-03
4.422500000000000320e+00 1.244484079000000029e-03
4.424999999999999822e+00 1.234667660000000021e-03
4.427500000000000213e+00 1.246445257999999941e-03
4.429999999999999716e+00 1.228857032999999951e-03
4.432500000000000107e+00 1.228853755000000039e-03
4.434999999999999609e+00 1.226520806000000073e-03
4.437500000000000000e+00 1.214395341999999992e-03
4.440000000000000391e+00 1.196275266999999917e-03
4.442499999999999893e+00 1.206551228000000107e-03
4.445000000000000284e+00 1.201780106999999955e-03
4.447499999999999787e+00 1.195482302999999972e-03
4.450000000000000178e+00 1.188660544000000015e-03
4.452499999999999680e+00 1.185564902999999923e-03
4.455000000000000071e+00 1.179053007999999970e-03
4.457499999999999574e+00 1.166446860000000052e-03
4.459999999999999964e+00 1.162675883000000108e-03
4.462500000000000355e+00 1.159614977000000000e-03
4.464999999999999858e+00 1.147572145999999982e-03
4.467500000000000249e+00 1.139941006999999973e-03
4.469999999999999751e+00 1.149110306999999919e-03
4.472500000000000142e+00 1.129887625000000097e-03
4.474999999999999645e+00 1.132159661999999943e-03
4.477500000000000036e+00 1.127703822000000050e-03
4.480000000000000426e+00 1.124318447999999963e-03
4.482499999999999929e+00 1.111137625999999989e-03
4.485000000000000320e+00 1.111231031999999940e-03
4.487499999999999822e+00 1.111433621999999895e-03
4.490000000000000213e+00 1.101380487999999895e-03
4.492499999999999716e+00 1.084890139999999904e-03
4.495000000000000107e+00 1.093300893000000076e-03
4.497499999999999609e+00 1.077938136999999959e-03
4.500000000000000000e+00 1.074722660999999921e-03
4.502500000000000391e+00 1.073653673000000064e-03
4.504999999999999893e+00 1.070169070000000092e-03
4.507500000000000284e+00 1.055363107999999920e-03
4.509999999999999787e+00 1.060708520999999920e-03
4.512500000000000178e+00 1.042569783000000042e-03
4.514999999999999680e+00 1.035203523000000026e-03
4.517500000000000071e+00 1.031992182999999941e-03
4.519999999999999574e+00 1.030783068999999901e-03
4.522499999999999964e+00 1.024375744999999954e-03
4.525000000000000355e+00 1.028010493999999969e-03
4.527499999999999858e+00 1.022255732000000019e-03
4.530000000000000249e+00 1.018171409000000107e-03
4.532499999999999751e+00 1.009000507000000057e-03
4.535000000000000142e+00 1.003778574999999963e-03
4.537499999999999645e+00 1.000691860999999979e-03
4.540000000000000036e+00 9.985403188999999579e-04
4.542500000000000426e+00 9.876905486999999848e-04
4.544999999999999929e+00 9.807853013000000005e-04
4.547500000000000320e+00 9.761413727000000165e-04
4.549999999999999822e+00 9.745494459999999625e-04
4.552500000000000213e+00 9.577173659000000425e-04
4.554999999999999716e+00 9.630568773999999884e-04
4.557500000000000107e+00 9.562078544999999888e-04
4.559999999999999609e+00 9.400154129999999672e-04
4.562500000000000000e+00 9.421500784000000307e-04
4.565000000000000391e+00 9.395170441999999532e-04
4.567499999999999893e+00 9.235405386000000326e-04
4.570000000000000284e+00 9.295195225000000422e-04
4.572499999999999787e+00 9.289030801000000039e-04
4.575000000000000178e+00 9.278023330000000025e-04
4.577499999999999680e+00 9.091377991999999818e-04
4.580000000000000071e+00 9.046380742999999983e-04
4.582499999999999574e+00 9.013385964000000328e-04
4.584999999999999964e+00 8.950531042000000118e-04
4.587500000000000355e+00 8.872737861000000361e-04
4.589999999999999858e+00 8.865498906000000368e-04
4.592500000000000249e+00 8.871690128000000357e-04
4.594999999999999751e+00 8.781924708999999532e-04
4.597500000000000142e+00 8.602329861999999730e-04
4.599999999999999645e+00 8.550386669999999589e-04
4.602500000000000036e+00 8.608983213999999535e-04
4.605000000000000426e+00 8.529551143999999658e-04
4.607499999999999929e+00 8.490690433000000177e-04
4.610000000000000320e+00 8.344455982000000167e-04
4.612499999999999822e+00 8.371148946999999816e-04
4.615000000000000213e+00 8.294310807999999858e-04
4.617499999999999716e+00 8.306233586000000150e-04
4.620000000000000107e+00 8.215829684999999879e-04
4.622499999999999609e+00 8.100479074000000194e-04
4.625000000000000000e+00 8.088598954000000103e-04
4.627500000000000391e+00 7.924423396999999815e-04
4.629999999999999893e+00 7.955079785999999561e-04
4.632500000000000284e+00 7.913305770999999773e-04
4.634999999999999787e+00 7.825932657000000264e-04
4.637500000000000178e+00 7.812277207999999886e-04
4.639999999999999680e+00 7.741904805000000443e-04
4.642500000000000071e+00 7.568555085999999687e-04
4.644999999999999574e+00 7.696956947000000359e-04
4.647499999999999964e+00 7.515662198999999632e-04
4.650000000000000355e+00 7.525443173000000326e-04
4.652499999999999858e+00 7.413237045999999855e-04
4.655000000000000249e+00 7.343571464000000224e-04
4.657499999999999751e+00 7.376018047000000490e-04
4.660000000000000142e+00 7.394253718000000104e-04
4.662499999999999645e+00 7.357207479999999756e-04
4.665000000000000036e+00 7.256626607999999701e-04
4.667500000000000426e+00 7.170932508000000443e-04
4.669999999999999929e+00 7.127978235000000020e-04
4.672500000000000320e+00 7.012754840000000279e-04
4.674999999999999822e+00 7.039123669999999486e-04
4.677500000000000213e+00 6.907395988000000374e-04
4.679999999999999716e+00 6.792805164999999841e-04
4.682500000000000107e+00 6.913835816999999674e-04
4.684999999999999609e+00 6.738085008999999959e-04
4.687500000000000000e+00 6.700319215999999507e-04
4.690000000000000391e+00 6.657199247999999805e-04
4.692499999999999893e+00 6.605114516000000361e-04
4.695000000000000284e+00 6.617149199999999972e-04
4.697499999999999787e+00 6.552152368999999499e-04
4.700000000000000178e+00 6.511073193000000130e-04
4.702499999999999680e+00 6.477115795999999724e-04
4.705000000000000071e+00 6.431994831999999834e-04
4.707499999999999574e+00 6.387743599000000405e-04
4.709999999999999964e+00 6.298242263999999499e-04
4.712500000000000355e+00 6.178657720000000535e-04
4.714999999999999858e+00 6.131835902999999621e-04
4.717500000000000249e+00 6.071439342999999803e-04
4.719999999999999751e+00 6.141681332999999500e-04
4.722500000000000142e+00 6.007683770999999945e-04
4.724999999999999645e+00 5.917490424999999679e-04
4.727500000000000036e+00 5.823443201000000477e-04
4.730000000000000426e+00 5.745166454000000039e-04
4.732499999999999929e+00 5.768529921000000111e-04
4.735000000000000320e+00 5.763740699999999858e-04
4.737499999999999822e+00 5.606131691000000149e-04
4.740000000000000213e+00 5.686738405000000109e-04
4.742499999999999716e+00 5.610461086000000271e-04
4.745000000000000107e+00 5.502325286000000343e-04
4.747499999999999609e+00 5.369050842999999879e-04
4.750000000000000000e+00 5.330993995000000161e-04
4.752500000000000391e+00 5.333065742000000402e-04
4.754999999999999893e+00 5.216846425000000497e-04
4.757500000000000284e+00 5.170740544999999615e-04
4.759999999999999787e+00 5.252706357999999869e-04
4.762500000000000178e+00 5.179274095000000475e-04
4.764999999999999680e+00 5.082228509999999746e-04
4.767500000000000071e+00 4.984963963000000513e-04
4.769999999999999574e+00 4.897280071999999661e-04
4.772499999999999964e+00 4.894726225000000253e-04
4.775000000000000355e+00 4.881385307999999766e-04
4.777499999999999858e+00 4.828594174000000135e-04
4.780000000000000249e+00 4.743446304000000207e-04
4.782499999999999751e+00 4.738014375000000264e-04
4.785000000000000142e+00 4.600385079000000139e-04
4.787499999999999645e+00 4.551670685000000255e-04
4.790000000000000036e+00 4.547775045000000032e-04
4.792500000000000426e+00 4.457777782999999805e-04
4.794999999999999929e+00 4.294219788999999936e-04
4.797500000000000320e+00 4.326560393999999855e-04
4.799999999999999822e+00 4.327175346000000080e-04
4.802500000000000213e+00 4.172409646000000099e-04
4.804999999999999716e+00 4.247554605000000249e-04
4.807500000000000107e+00 4.209031506999999831e-04
4.809999999999999609e+00 4.096597297000000113e-04
4.812500000000000000e+00 4.009845950000000161e-04
4.815000000000000391e+00 4.021419409000000136e-04
4.817499999999999893e+00 4.053126454000000023e-04
4.820000000000000284e+00 3.916333798999999767e-04
4.822499999999999787e+00 3.767056815999999847e-04
4.825000000000000178e+00 3.809496684999999863e-04
4.827499999999999680e+00 3.800870990999999973e-04
4.830000000000000071e+00 3.610946228000000034e-04
4.832499999999999574e+00 3.521499836000000112e-04
4.834999999999999964e+00 3.575365390999999792e-04
4.837500000000000355e+00 3.542194573000000232e-04
4.839999999999999858e+00 3.444343258000000046e-04
4.842500000000000249e+00 3.460932953000000101e-04
4.844999999999999751e+00 3.302853146999999863e-04
4.847500000000000142e+00 3.373862420999999986e-04
4.849999999999999645e+00 3.241853655000000037e-04
4.852500000000000036e+00 3.262805880999999865e-04
4.855000000000000426e+00 3.139459799999999774e-04
4.857499999999999929e+00 3.089365366000000005e-04
4.860000000000000320e+00 3.047814052000000261e-04
4.862499999999999822e+00 2.883351749999999748e-04
4.865000000000000213e+00 2.834045332999999851e-04
4.867499999999999716e+00 2.904494598000000190e-04
4.870000000000000107e+00 2.803384263000000052e-04
4.872499999999999609e+00 2.648513450999999842e-04
4.875000000000000000e+00 2.704937138000000239e-04
4.877500000000000391e+00 2.501139750999999806e-04
4.879999999999999893e+00 2.574392760000000216e-04
4.882500000000000284e+00 2.666859930999999797e-04
4.884999999999999787e+00 2.503084473000000208e-04
4.887500000000000178e+00 2.449391075999999895e-04
4.889999999999999680e+00 2.348058953000000022e-04
4.892500000000000071e+00 2.226684780999999957e-04
4.894999999999999574e+00 2.324508143000000003e-04
4.897499999999999964e+00 2.155820727999999934e-04
4.900000000000000355e+00 2.102146732999999993e-04
4.902499999999999858e+00 2.108466310999999979e-04
4.905000000000000249e+00 2.056659694000000007e-04
4.907499999999999751e+00 2.006490372000000074e-04
4.910000000000000142e+00 1.906498772000000128e-04
4.912499999999999645e+00 1.757826531000000032e-04
4.915000000000000036e+00 1.826307360999999962e-04
4.917500000000000426e+00 1.759582304000000073e-04
4.919999999999999929e+00 1.602698469999999968e-04
4.922500000000000320e+00 1.684502692999999989e-04
4.924999999999999822e+00 1.596465273999999972e-04
4.927500000000000213e+00 1.524267016999999926e-04
4.929999999999999716e+00 1.451555101000000019e-04
4.932500000000000107e+00 1.453708218999999891e-04
4.934999999999999609e+00 1.347854369999999932e-04
4.937500000000000000e+00 1.329221400999999866e-04
4.940000000000000391e+00 1.186842327999999982e-04
4.942499999999999893e+00 1.184547031999999941e-04
4.945000000000000284e+00 1.129291603000000016e-04
4.947499999999999787e+00 1.150271351999999941e-04
4.950000000000000178e+00 1.038044428999999977e-04
4.952499999999999680e+00 9.360700676000000345e-05
4.955000000000000071e+00 1.013829506000000011e-04
4.957499999999999574e+00 9.090456354000000659e-05
4.959999999999999964e+00 9.359666643000000080e-05
4.962500000000000355e+00 7.326739519000000230e-05
4.964999999999999858e+00 7.164435085999999633e-05
4.967500000000000249e+00 7.487812806000000623e-05
4.969999999999999751e+00 7.460336338000000359e-05
4.972500000000000142e+00 6.774343687999999581e-05
4.974999999999999645e+00 5.362948233000000049e-05
4.977500000000000036e+00 4.111796815999999802e-05
4.980000000000000426e+00 3.142583588000000044e-05
4.982499999999999929e+00 3.282631936999999664e-05
4.985000000000000320e+00 3.990524260000000330e-05
4.987499999999999822e+00 1.730655913000000022e-05
4.990000000000000213e+00 1.858957001000000013e-05
4.992499999999999716e+00 1.632427378000000158e-05
4.995000000000000107e+00 2.746493971000000136e-06
4.997499999999999609e+00 4.743658130000000371e-06
5.000000000000000000e+00 0.000000000000000000e+00
5.002500000000000391e+00 -4.743658130000000371e-06
5.004999999999999893e+00 -2.746493971000000136e-06
5.007500000000000284e+00 -1.632427378000000158e-05
5.009999999999999787e+00 -1.858957001000000013e-05
5.012500000000000178e+00 -1.730655913000000022e-05
5.014999999999999680e+00 -3.990524260000000330e-05
5.017500000000000071e+00 -3.282631936999999664e-05
5.019999999999999574e+00 -3.142583588000000044e-05
5.022499999999999964e+00 -4.111796815999999802e-05
5.025000000000000355e+00 -5.362948233000000049e-05
5.027499999999999858e+00 -6.774343687999999581e-05
5.030000000000000249e+00 -7.460336338000000359e-05
5.032499999999999751e+00 -7.487812806000000623e-05
5.035000000000000142e+00 -7.164435085999999633e-05
5.037499999999999645e+00 -7.326739519000000230e-05
5.040000000000000036e+00 -9.359666643000000080e-05
5.042500000000000426e+00 -9.090456354000000659e-05
5.044999999999999929e+00 -1.013829506000000011e-04
5.047500000000000320e+00 -9.360700676000000345e-05
5.049999999999999822e+00 -1.038044428999999977e-04
5.052500000000000213e+00 -1.150271351999999941e-04
5.054999999999999716e+00 -1.129291603000000016e-04
5.057500000000000107e+00 -1.184547031999999941e-04
5.059999999999999609e+00 -1.186842327999999982e-04
5.062500000000000000e+00 -1.329221400999999866e-04
5.065000000000000391e+00 -1.347854369999999932e-04
5.067499999999999893e+00 -1.453708218999999891e-04
5.070000000000000284e+00 -1.451555101000000019e-04
5.072499999999999787e+00 -1.524267016999999926e-04
5.075000000000000178e+00 -1.596465273999999972e-04
5.077499999999999680e+00 -1.684502692999999989e-04
5.080000000000000071e+00 -1.602698469999999968e-04
5.082499999999999574e+00 -1.759582304000000073e-04
5.084999999999999964e+00 -1.826307360999999962e-04
5.087500000000000355e+00 -1.757826531000000032e-04
5.089999999999999858e+00 -1.906498772000000128e-04
5.092500000000000249e+00 -2.006490372000000074e-04
5.094999999999999751e+00 -2.056659694000000007e-04
5.097500000000000142e+00 -2.108466310999999979e-04
5.099999999999999645e+00 -2.102146732999999993e-04
5.102500000000000036e+00 -2.155820727999999934e-04
5.105000000000000426e+00 -2.324508143000000003e-04
5.107499999999999929e+00 -2.226684780999999957e-04
5.110000000000000320e+00 -2.348058953000000022e-04
5.112499999999999822e+00 -2.449391075999999895e-04
5.115000000000000213e+00 -2.503084473000000208e-04
5.117499999999999716e+00 -2.666859930999999797e-04
5.120000000000000107e+00 -2.574392760000000216e-04
5.122499999999999609e+00 -2.501139750999999806e-04
5.125000000000000000e+00 -2.704937138000000239e-04
5.127500000000000391e+00 -2.648513450999999842e-04
5.129999999999999893e+00 -2.803384263000000052e-04
5.132500000000000284e+00 -2.904494598000000190e-04
5.134999999999999787e+00 -2.834045332999999851e-04
5.137500000000000178e+00 -2.883351749999999748e-04
5.139999999999999680e+00 -3.047814052000000261e-04
5.142500000000000071e+00 -3.089365366000000005e-04
5.144999999999999574e+00 -3.139459799999999774e-04
5.147499999999999964e+00 -3.262805880999999865e-04
5.150000000000000355e+00 -3.241853655000000037e-04
5.152499999999999858e+00 -3.373862420999999986e-04
5.155000000000000249e+00 -3.302853146999999863e-04
5.157499999999999751e+00 -3.460932953000000101e-04
5.160000000000000142e+00 -3.444343258000000046e-04
5.162499999999999645e+00 -3.542194573000000232e-04
5.165000000000000036e+00 -3.575365390999999792e-04
5.167500000000000426e+00 -3.521499836000000112e-04
5.169999999999999929e+00 -3.610946228000000034e-04
5.172500000000000320e+00 -3.800870990999999973e-04
5.174999999999999822e+00 -3.809496684999999863e-04
5.177500000000000213e+00 -3.767056815999999847e-04
5.179999999999999716e+00 -3.916333798999999767e-04
5.182500000000000107e+00 -4.053126454000000023e-04
5.184999999999999609e+00 -4.021419409000000136e-04
5.187500000000000000e+00 -4.009845950000000161e-04
5.190000000000000391e+00 -4.096597297000000113e-04
5.192499999999999893e+00 -4.209031506999999831e-04
5.195000000000000284e+00 -4.247554605000000249e-04
5.197499999999999787e+00 -4.172409646000000099e-04
5.200000000000000178e+00 -4.327175346000000080e-04
5.202499999999999680e+00 -4.326560393999999855e-04
5.205000000000000071e+00 -4.294219788999999936e-04
5.207499999999999574e+00 -4.457777782999999805e-04
5.209999999999999964e+00 -4.547775045000000032e-04
5.212500000000000355e+00 -4.551670685000000255e-04
5.214999999999999858e+00 -4.600385079000000139e-04
5.217500000000000249e+00 -4.738014375000000264e-04
5.219999999999999751e+00 -4.743446304000000207e-04
5.222500000000000142e+00 -4.828594174000000135e-04
5.224999999999999645e+00 -4.881385307999999766e-04
5.227500000000000036e+00 -4.894726225000000253e-04
5.230000000000000426e+00 -4.897280071999999661e-04
5.232499999999999929e+00 -4.984963963000000513e-04
5.235000000000000320e+00 -5.082228509999999746e-04
5.237499999999999822e+00 -5.179274095000000475e-04
5.240000000000000213e+00 -5.252706357999999869e-04
5.242499999999999716e+00 -5.170740544999999615e-04
5.245000000000000107e+00 -5.216846425000000497e-04
5.247499999999999609e+00 -5.333065742000000402e-04
5.250000000000000000e+00 -5.330993995000000161e-04
5.252500000000000391e+00 -5.369050842999999879e-04
5.254999999999999893e+00 -5.502325286000000343e-04
5.257500000000000284e+00 -5.610461086000000271e-04
5.259999999999999787e+00 -5.686738405000000109e-04
5.262500000000000178e+00 -5.606131691000000149e-04
5.264999999999999680e+00 -5.763740699999999858e-04
5.267500000000000071e+00 -5.768529921000000111e-04
5.269999999999999574e+00 -5.745166454000000039e-04
5.272499999999999964e+00 -5.823443201000000477e-04
5.275000000000000355e+00 -5.917490424999999679e-04
5.277499999999999858e+00 -6.007683770999999945e-04
5.280000000000000249e+00 -6.141681332999999500e-04
5.282499999999999751e+00 -6.071439342999999803e-04
5.285000000000000142e+00 -6.131835902999999621e-04
5.287499999999999645e+00 -6.178657720000000535e-04
5.290000000000000036e+00 -6.298242263999999499e-04
5.292500000000000426e+00 -6.387743599000000405e-04
5.294999999999999929e+00 -6.431994831999999834e-04
5.297500000000000320e+00 -6.477115795999999724e-04
5.299999999999999822e+00 -6.511073193000000130e-04
5.302500000000000213e+00 -6.552152368999999499e-04
5.304999999999999716e+00 -6.617149199999999972e-04
5.307500000000000107e+00 -6.605114516000000361e-04
5.309999999999999609e+00 -6.657199247999999805e-04
5.312500000000000000e+00 -6.700319215999999507e-04
5.315000000000000391e+00 -6.738085008999999959e-04
5.317499999999999893e+00 -6.913835816999999674e-04
5.320000000000000284e+00 -6.792805164999999841e-04
5.322499999999999787e+00 -6.907395988000000374e-04
5.325000000000000178e+00 -7.039123669999999486e-04
5.327499999999999680e+00 -7.012754840000000279e-04
5.330000000000000071e+00 -7.127978235000000020e-04
5.332499999999999574e+00 -7.170932508000000443e-04
5.334999999999999964e+00 -7.256626607999999701e-04
5.337500000000000355e+00 -7.357207479999999756e-04
5.339999999999999858e+00 -7.394253718000000104e-04
5.342500000000000249e+00 -7.376018047000000490e-04
5.344999999999999751e+00 -7.343571464000000224e-04
5.347500000000000142e+00 -7.413237045999999855e-04
5.349999999999999645e+00 -7.525443173000000326e-04
5.352500000000000036e+00 -7.515662198999999632e-04
5.355000000000000426e+00 -7.696956947000000359e-04
5.357499999999999929e+00 -7.568555085999999687e-04
5.360000000000000320e+00 -7.741904805000000443e-04
5.362499999999999822e+00 -7.812277207999999886e-04
5.365000000000000213e+00 -7.825932657000000264e-04
5.367499999999999716e+00 -7.913305770999999773e-04
5.370000000000000107e+00 -7.955079785999999561e-04
5.372499999999999609e+00 -7.924423396999999815e-04
5.375000000000000000e+00 -8.088598954000000103e-04
5.377500000000000391e+00 -8.100479074000000194e-04
5.379999999999999893e+00 -8.215829684999999879e-04
5.382500000000000284e+00 -8.306233586000000150e-04
5.384999999999999787e+00 -8.294310807999999858e-04
5.387500000000000178e+00 -8.371148946999999816e-04
5.389999999999999680e+00 -8.344455982000000167e-04
5.392500000000000071e+00 -8.490690433000000177e-04
5.394999999999999574e+00 -8.529551143999999658e-04
5.397499999999999964e+00 -8.608983213999999535e-04
5.400000000000000355e+00 -8.550386669999999589e-04
5.402499999999999858e+00 -8.602329861999999730e-04
5.405000000000000249e+00 -8.781924708999999532e-04
5.407499999999999751e+00 -8.871690128000000357e-04
5.410000000000000142e+00 -8.865498906000000368e-04
5.412499999999999645e+00 -8.872737861000000361e-04
5.415000000000000036e+00 -8.950531042000000118e-04
5.417500000000000426e+00 -9.013385964000000328e-04
5.419999999999999929e+00 -9.046380742999999983e-04
5.422500000000000320e+00 -9.091377991999999818e-04
5.424999999999999822e+00 -9.278023330000000025e-04
5.427500000000000213e+00 -9.289030801000000039e-04
5.429999999999999716e+00 -9.295195225000000422e-04
5.432500000000000107e+00 -9.235405386000000326e-04
5.434999999999999609e+00 -9.395170441999999532e-04
5.437500000000000000e+00 -9.421500784000000307e-04
5.440000000000000391e+00 -9.400154129999999672e-04
5.442499999999999893e+00 -9.562078544999999888e-04
5.445000000000000284e+00 -9.630568773999999884e-04
5.447499999999999787e+00 -9.577173659000000425e-04
5.450000000000000178e+00 -9.745494459999999625e-04
5.452499999999999680e+00 -9.761413727000000165e-04
5.455000000000000071e+00 -9.807853013000000005e-04
5.457499999999999574e+00 -9.876905486999999848e-04
5.459999999999999964e+00 -9.985403188999999579e-04
5.462500000000000355e+00 -1.000691860999999979e-03
5.464999999999999858e+00 -1.003778574999999963e-03
5.467500000000000249e+00 -1.009000507000000057e-03
5.469999999999999751e+00 -1.018171409000000107e-03
5.472500000000000142e+00 -1.022255732000000019e-03
5.474999999999999645e+00 -1.028010493999999969e-03
5.477500000000000036e+00 -1.024375744999999954e-03
5.480000000000000426e+00 -1.030783068999999901e-03
5.482499999999999929e+00 -1.031992182999999941e-03
5.485000000000000320e+00 -1.035203523000000026e-03
5.487499999999999822e+00 -1.042569783000000042e-03
5.490000000000000213e+00 -1.060708520999999920e-03
5.492499999999999716e+00 -1.055363107999999920e-03
5.495000000000000107e+00 -1.070169070000000092e-03
5.497499999999999609e+00 -1.073653673000000064e-03
5.500000000000000000e+00 -1.074722660999999921e-03
5.502500000000000391e+00 -1.077938136999999959e-03
5.504999999999999893e+00 -1.093300893000000076e-03
5.507500000000000284e+00 -1.084890139999999904e-03
5.509999999999999787e+00 -1.101380487999999895e-03
5.512500000000000178e+00 -1.111433621999999895e-03
5.514999999999999680e+00 -1.111231031999999940e-03
5.517500000000000071e+00 -1.111137625999999989e-03
5.519999999999999574e+00 -1.124318447999999963e-03
5.522499999999999964e+00 -1.127703822000000050e-03
5.525000000000000355e+00 -1.132159661999999943e-03
5.527499999999999858e+00 -1.129887625000000097e-03
5.530000000000000249e+00 -1.149110306999999919e-03
5.532499999999999751e+00 -1.139941006999999973e-03
5.535000000000000142e+00 -1.147572145999999982e-03
5.537499999999999645e+00 -1.159614977000000000e-03
5.540000000000000036e+00 -1.162675883000000108e-03
5.542500000000000426e+00 -1.166446860000000052e-03
5.544999999999999929e+00 -1.179053007999999970e-03
5.547500000000000320e+00 -1.185564902999999923e-03
5.549999999999999822e+00 -1.188660544000000015e-03
5.552500000000000213e+00 -1.195482302999999972e-03
5.554999999999999716e+00 -1.201780106999999955e-03
5.557500000000000107e+00 -1.206551228000000107e-03
5.559999999999999609e+00 -1.196275266999999917e-03
5.562500000000000000e+00 -1.214395341999999992e-03
5.565000000000000391e+00 -1.226520806000000073e-03
5.567499999999999893e+00 -1.228853755000000039e-03
5.570000000000000284e+00 -1.228857032999999951e-03
5.572499999999999787e+00 -1.246445257999999941e-03
5.575000000000000178e+00 -1.234667660000000021e-03
5.577499999999999680e+00 -1.244484079000000029e-03
5.580000000000000071e+00 -1.258646811999999992e-03
5.582499999999999574e+00 -1.260427659999999910e-03
5.584999999999999964e+00 -1.267751098999999942e-03
5.587500000000000355e+00 -1.267774070000000095e-03
5.589999999999999858e+00 -1.273413506000000079e-03
5.592500000000000249e+00 -1.285054675000000006e-03
5.594999999999999751e+00 -1.290879592000000005e-03
5.597500000000000142e+00 -1.304258863999999997e-03
5.599999999999999645e+00 -1.298339369999999956e-03
5.602500000000000036e+00 -1.291831332999999983e-03
5.605000000000000426e+00 -1.302475212000000007e-03
5.607499999999999929e+00 -1.313823246000000089e-03
5.610000000000000320e+00 -1.323281115999999907e-03
5.612499999999999822e+00 -1.321529917999999908e-03
5.615000000000000213e+00 -1.332451831000000054e-03
5.617499999999999716e+00 -1.329489582999999944e-03
5.620000000000000107e+00 -1.338588846000000020e-03
5.622499999999999609e+00 -1.350229039999999939e-03
5.625000000000000000e+00 -1.352042429999999931e-03
5.627500000000000391e+00 -1.358157205000000076e-03
5.629999999999999893e+00 -1.361651576000000047e-03
5.632500000000000284e+00 -1.369220916000000012e-03
5.634999999999999787e+00 -1.388780989999999996e-03
5.637500000000000178e+00 -1.378713358000000031e-03
5.639999999999999680e+00 -1.387369071999999988e-03
5.642500000000000071e+00 -1.392921039999999930e-03
5.644999999999999574e+00 -1.392790495000000061e-03
5.647499999999999964e+00 -1.395772565999999892e-03
5.650000000000000355e+00 -1.410875483000000041e-03
5.652499999999999858e+00 -1.409169636000000107e-03
5.655000000000000249e+00 -1.406380220000000032e-03
5.657499999999999751e+00 -1.419502977999999999e-03
5.660000000000000142e+00 -1.418874102999999895e-03
5.662499999999999645e+00 -1.437837850000000042e-03
5.665000000000000036e+00 -1.443472203999999950e-03
5.667500000000000426e+00 -1.442754554000000040e-03
5.669999999999999929e+00 -1.436103223999999961e-03
5.672500000000000320e+00 -1.454910207000000054e-03
5.674999999999999822e+00 -1.456121184000000023e-03
5.677500000000000213e+00 -1.474685279000000071e-03
5.679999999999999716e+00 -1.468540040000000007e-03
5.682500000000000107e+00 -1.472065822000000017e-03
5.684999999999999609e+00 -1.480693040999999993e-03
5.687500000000000000e+00 -1.480793950000000104e-03
5.690000000000000391e+00 -1.484180458999999992e-03
5.692499999999999893e+00 -1.501999582000000015e-03
5.695000000000000284e+00 -1.516722531999999905e-03
5.697499999999999787e+00 -1.511341911000000076e-03
5.700000000000000178e+00 -1.504479922999999971e-03
5.702499999999999680e+00 -1.522878661000000040e-03
5.705000000000000071e+00 -1.522455356999999907e-03
5.707499999999999574e+00 -1.529978911000000026e-03
5.709999999999999964e+00 -1.537769852000000093e-03
5.712500000000000355e+00 -1.543113034999999897e-03
5.714999999999999858e+00 -1.545034949999999924e-03
5.717500000000000249e+00 -1.558499537000000105e-03
5.719999999999999751e+00 -1.557714963000000029e-03
5.722500000000000142e+00 -1.560065885999999949e-03
5.724999999999999645e+00 -1.570791065999999937e-03
5.727500000000000036e+00 -1.572897966000000010e-03
5.730000000000000426e+00 -1.570523058000000086e-03
5.732499999999999929e+00 -1.585050498999999915e-03
5.735000000000000320e+00 -1.589318968999999969e-03
5.737499999999999822e+00 -1.602646719000000051e-03
5.740000000000000213e+00 -1.595256652999999967e-03
5.742499999999999716e+00 -1.603769447000000063e-03
5.745000000000000107e+00 -1.616223426999999994e-03
5.747499999999999609e+00 -1.610855587000000052e-03
5.750000000000000000e+00 -1.621262213000000067e-03
5.752500000000000391e+00 -1.636817373000000074e-03
5.754999999999999893e+00 -1.625465424000000023e-03
5.757500000000000284e+00 -1.640218251000000009e-03
5.759999999999999787e+00 -1.648263392000000023e-03
5.762500000000000178e+00 -1.651897571999999927e-03
5.764999999999999680e+00 -1.658108812999999938e-03
5.767500000000000071e+00 -1.668105181999999945e-03
5.769999999999999574e+00 -1.666501405000000036e-03
5.772499999999999964e+00 -1.676481452999999990e-03
5.775000000000000355e+00 -1.676378991000000013e-03
5.777499999999999858e+00 -1.678645337000000048e-03
5.780000000000000249e+00 -1.704051923000000045e-03
5.782499999999999751e+00 -1.698478332999999981e-03
5.785000000000000142e+00 -1.697291150999999908e-03
5.787499999999999645e+00 -1.707498667999999935e-03
5.790000000000000036e+00 -1.706090595999999954e-03
5.792500000000000426e+00 -1.731909059999999986e-03
5.794999999999999929e+00 -1.727454052000000021e-03
5.797500000000000320e+00 -1.726050392999999971e-03
5.799999999999999822e+00 -1.729158973999999965e-03
5.802500000000000213e+00 -1.740335767999999939e-03
5.804999999999999716e+00 -1.738986221000000075e-03
5.807500000000000107e+00 -1.750016655000000056e-03
5.809999999999999609e+00 -1.754663150000000107e-03
5.812500000000000000e+00 -1.770084701999999907e-03
5.815000000000000391e+00 -1.766252396999999988e-03
5.817499999999999893e+00 -1.771836678000000050e-03
5.820000000000000284e+00 -1.775421021000000033e-03
5.822499999999999787e+00 -1.789897339000000092e-03
5.825000000000000178e+00 -1.784249852999999966e-03
5.827499999999999680e+00 -1.794634340999999968e-03
5.830000000000000071e+00 -1.784438198000000029e-03
5.832499999999999574e+00 -1.811634847999999982e-03
5.834999999999999964e+00 -1.818546662000000052e-03
5.837500000000000355e+00 -1.811369163999999952e-03
5.839999999999999858e+00 -1.828170652000000052e-03
5.842500000000000249e+00 -1.820811224000000060e-03
5.844999999999999751e+00 -1.833081763000000064e-03
5.847500000000000142e+00 -1.843520671000000105e-03
5.849999999999999645e+00 -1.843010284999999906e-03
5.852500000000000036e+00 -1.851380091999999975e-03
5.855000000000000426e+00 -1.848733993999999905e-03
5.857499999999999929e+00 -1.862819423999999974e-03
5.860000000000000320e+00 -1.866189159000000101e-03
5.862499999999999822e+00 -1.862515899000000011e-03
5.865000000000000213e+00 -1.877820948999999991e-03
5.867499999999999716e+00 -1.882933010000000006e-03
5.870000000000000107e+00 -1.894886535999999949e-03
5.872499999999999609e+00 -1.898864115000000082e-03
5.875000000000000000e+00 -1.901221138999999909e-03
5.877500000000000391e+00 -1.907171100000000074e-03
5.879999999999999893e+00 -1.907345708999999946e-03
5.882500000000000284e+00 -1.920348598000000103e-03
5.884999999999999787e+00 -1.927366524000000093e-03
5.887500000000000178e+00 -1.927282513999999895e-03
5.889999999999999680e+00 -1.937265411999999952e-03
5.892500000000000071e+00 -1.937860976000000020e-03
5.894999999999999574e+00 -1.946217792999999953e-03
5.897499999999999964e+00 -1.942394936000000011e-03
5.900000000000000355e+00 -1.943403622999999910e-03
5.902499999999999858e+00 -1.957106501999999852e-03
5.905000000000000249e+00 -1.963512243000000053e-03
5.907499999999999751e+00 -1.968697269999999944e-03
5.910000000000000142e+00 -1.972738690000000201e-03
5.912499999999999645e+00 -1.986927667999999810e-03
5.915000000000000036e+00 -1.983625267999999942e-03
5.917500000000000426e+00 -1.998266143000000140e-03
5.919999999999999929e+00 -1.999147316000000202e-03
5.922500000000000320e+00 -2.004607943999999961e-03
5.924999999999999822e+00 -2.011787880000000077e-03
5.927500000000000213e+00 -2.020535836000000082e-03
5.929999999999999716e+00 -2.023062290000000093e-03
5.932500000000000107e+00 -2.019573771000000156e-03
5.934999999999999609e+00 -2.032611947999999821e-03
5.937500000000000000e+00 -2.034069780999999810e-03
5.940000000000000391e+00 -2.044301788999999987e-03
5.942499999999999893e+00 -2.051189319000000164e-03
5.945000000000000284e+00 -2.048907076000000115e-03
5.947499999999999787e+00 -2.054893765999999886e-03
5.950000000000000178e+00 -2.068908696000000200e-03
5.952499999999999680e+00 -2.066988409000000172e-03
5.955000000000000071e+00 -2.082783528999999998e-03
5.957499999999999574e+00 -2.080260004999999988e-03
5.959999999999999964e+00 -2.081317550000000034e-03
5.962500000000000355e+00 -2.092312774000000195e-03
5.964999999999999858e+00 -2.106347122000000113e-03
5.967500000000000249e+00 -2.100539232000000166e-03
5.969999999999999751e+00 -2.116641439999999812e-03
5.972500000000000142e+00 -2.104050438000000089e-03
5.974999999999999645e+00 -2.111749549999999975e-03
5.977500000000000036e+00 -2.128209274000000036e-03
5.980000000000000426e+00 -2.139741203000000182e-03
5.982499999999999929e+00 -2.154988848000000123e-03
5.985000000000000320e+00 -2.145725857999999844e-03
5.987499999999999822e+00 -2.153943218000000173e-03
5.990000000000000213e+00 -2.150454882999999935e-03
5.992499999999999716e+00 -2.145683056000000002e-03
5.995000000000000107e+00 -2.162598973999999962e-03
5.997499999999999609e+00 -2.166323369000000207e-03
6.000000000000000000e+00 -2.177591136999999875e-03
6.002500000000000391e+00 -2.174538967000000204e-03
6.004999999999999893e+00 -2.182553347000000185e-03
6.007500000000000284e+00 -2.204153021999999840e-03
6.009999999999999787e+00 -2.190633861000000019e-03
6.012500000000000178e+00 -2.195968511000000092e-03
6.014999999999999680e+00 -2.213088553000000167e-03
6.017500000000000071e+00 -2.219467142000000007e-03
6.019999999999999574e+00 -2.220549124999999981e-03
6.022499999999999964e+00 -2.225922534000000005e-03
6.025000000000000355e+00 -2.232130868000000139e-03
6.027499999999999858e+00 -2.235998593000000124e-03
6.030000000000000249e+00 -2.243907309999999908e-03
6.032499999999999751e+00 -2.244671594999999957e-03
6.035000000000000142e+00 -2.243047472000000032e-03
6.037499999999999645e+00 -2.268947070000000045e-03
6.040000000000000036e+00 -2.275258888999999972e-03
6.042500000000000426e+00 -2.266384162999999976e-03
6.044999999999999929e+00 -2.278918107000000009e-03
6.047500000000000320e+00 -2.284127452999999870e-03
6.049999999999999822e+00 -2.281339765999999825e-03
6.052500000000000213e+00 -2.302516630000000196e-03
6.054999999999999716e+00 -2.293758712000000099e-03
6.057500000000000107e+00 -2.286466722000000170e-03
6.059999999999999609e+00 -2.313844895000000124e-03
6.062500000000000000e+00 -2.305155980000000125e-03
6.065000000000000391e+00 -2.322085037000000060e-03
6.067499999999999893e+00 -2.327502611000000117e-03
6.070000000000000284e+00 -2.329761666000000012e-03
6.072499999999999787e+00 -2.326284040999999914e-03
6.075000000000000178e+00 -2.339517070999999875e-03
6.077499999999999680e+00 -2.348835027999999960e-03
6.080000000000000071e+00 -2.364102127999999792e-03
6.082499999999999574e+00 -2.356923443999999878e-03
6.084999999999999964e+00 -2.360399919999999797e-03
6.087500000000000355e+00 -2.360483428000000050e-03
6.089999999999999858e+00 -2.379423732999999975e-03
6.092500000000000249e+00 -2.390944779999999801e-03
6.094999999999999751e+00 -2.376352638000000031e-03
6.097500000000000142e+00 -2.406151626000000137e-03
6.099999999999999645e+00 -2.388440849999999994e-03
6.102500000000000036e+00 -2.392505884999999999e-03
6.105000000000000426e+00 -2.398638789000000129e-03
6.107499999999999929e+00 -2.408172376999999885e-03
6.110000000000000320e+00 -2.427891171999999910e-03
6.112499999999999822e+00 -2.437422792000000157e-03
6.115000000000000213e+00 -2.429867430000000068e-03
6.117499999999999716e+00 -2.439468820999999947e-03
6.120000000000000107e+00 -2.445191701000000006e-03
6.122499999999999609e+00 -2.453239004999999834e-03
6.125000000000000000e+00 -2.463203824999999920e-03
6.127500000000000391e+00 -2.469867720999999877e-03
6.129999999999999893e+00 -2.476962053999999872e-03
6.132500000000000284e+00 -2.470017750000000172e-03
6.134999999999999787e+00 -2.465512036999999851e-03
6.137500000000000178e+00 -2.483314693000000187e-03
6.139999999999999680e+00 -2.490330631999999877e-03
6.142500000000000071e+00 -2.492945483000000122e-03
6.144999999999999574e+00 -2.505551727000000090e-03
6.147499999999999964e+00 -2.493423951999999919e-03
6.150000000000000355e+00 -2.507378186999999897e-03
6.152499999999999858e+00 -2.527728626000000020e-03
6.155000000000000249e+00 -2.518004088999999980e-03
6.157499999999999751e+00 -2.536849629999999960e-03
6.160000000000000142e+00 -2.533870404999999815e-03
6.162499999999999645e+00 -2.544310961000000211e-03
6.165000000000000036e+00 -2.548812510999999819e-03
6.167500000000000426e+00 -2.552690686000000115e-03
6.169999999999999929e+00 -2.542418419999999905e-03
6.172500000000000320e+00 -2.562491627000000171e-03
6.174999999999999822e+00 -2.567034355000000038e-03
6.177500000000000213e+00 -2.573183493999999915e-03
6.179999999999999716e+00 -2.573929992999999909e-03
6.182500000000000107e+00 -2.597755781000000118e-03
6.184999999999999609e+00 -2.589049538999999966e-03
6.187500000000000000e+00 -2.598562888999999924e-03
6.190000000000000391e+00 -2.595876059000000197e-03
6.192499999999999893e+00 -2.608444847000000212e-03
6.195000000000000284e+00 -2.619666494999999852e-03
6.197499999999999787e+00 -2.627385715000000056e-03
6.200000000000000178e+00 -2.627348727999999963e-03
6.202499999999999680e+00 -2.623434299000000115e-03
6.205000000000000071e+00 -2.636587946999999817e-03
6.207499999999999574e+00 -2.650200640000000170e-03
6.209999999999999964e+00 -2.639507166999999904e-03
6.212500000000000355e+00 -2.647581515000000090e-03
6.214999999999999858e+00 -2.644560579000000081e-03
6.217500000000000249e+00 -2.659316005000000090e-03
6.219999999999999751e+00 -2.666771711999999829e-03
6.222500000000000142e+00 -2.680304759000000109e-03
6.224999999999999645e+00 -2.679292039000000063e-03
6.227500000000000036e+00 -2.687904341000000013e-03
6.230000000000000426e+00 -2.702719741000000203e-03
6.232499999999999929e+00 -2.704467440999999868e-03
6.235000000000000320e+00 -2.711606842000000191e-03
6.237499999999999822e+00 -2.712108758999999970e-03
6.240000000000000213e+00 -2.710763594999999939e-03
6.242499999999999716e+00 -2.726340974999999847e-03
6.245000000000000107e+00 -2.724768779000000165e-03
6.247499999999999609e+00 -2.726922399999999816e-03
6.250000000000000000e+00 -2.727012237999999929e-03
6.252500000000000391e+00 -2.740648520000000133e-03
6.254999999999999893e+00 -2.740676248999999922e-03
6.257500000000000284e+00 -2.747647795000000056e-03
6.259999999999999787e+00 -2.769551798000000151e-03
6.262500000000000178e+00 -2.764745705000000095e-03
6.264999999999999680e+00 -2.785520589999999908e-03
6.267500000000000071e+00 -2.775776419999999821e-03
6.269999999999999574e+00 -2.788508570000000197e-03
6.272499999999999964e+00 -2.786651532999999837e-03
6.275000000000000355e+00 -2.782781165000000004e-03
6.277499999999999858e+00 -2.804712297000000118e-03
6.280000000000000249e+00 -2.820393275999999796e-03
6.282499999999999751e+00 -2.807968783000000003e-03
6.285000000000000142e+00 -2.824321220999999847e-03
6.287499999999999645e+00 -2.826759549999999840e-03
6.290000000000000036e+00 -2.835368833000000144e-03
6.292500000000000426e+00 -2.830898943999999792e-03
6.294999999999999929e+00 -2.833371804000000150e-03
6.297500000000000320e+00 -2.854441894999999989e-03
6.299999999999999822e+00 -2.855565136999999899e-03
6.302500000000000213e+00 -2.861445662000000178e-03
6.304999999999999716e+00 -2.857972602000000053e-03
6.307500000000000107e+00 -2.867198897999999937e-03
6.309999999999999609e+00 -2.871308813000000154e-03
6.312500000000000000e+00 -2.879240995999999848e-03
6.315000000000000391e+00 -2.880711612999999928e-03
6.317499999999999893e+00 -2.898220056000000173e-03
6.320000000000000284e+00 -2.893516428000000081e-03
6.322499999999999787e+00 -2.887734063000000056e-03
6.325000000000000178e+00 -2.919348811999999786e-03
6.327499999999999680e+00 -2.909426019000000037e-03
6.330000000000000071e+00 -2.931029799000000203e-03
6.332499999999999574e+00 -2.936193431000000149e-03
6.334999999999999964e+00 -2.936683307999999899e-03
6.337500000000000355e+00 -2.941349687000000077e-03
6.339999999999999858e+00 -2.929511613999999809e-03
6.342500000000000249e+00 -2.940539855999999876e-03
6.344999999999999751e+00 -2.952139297000000006e-03
6.347500000000000142e+00 -2.955281214000000153e-03
6.349999999999999645e+00 -2.967565051999999926e-03
6.352500000000000036e+00 -2.961391790000000163e-03
6.355000000000000426e+00 -2.986146168000000049e-03
6.357499999999999929e+00 -2.974715293999999864e-03
6.360000000000000320e+00 -2.986359634000000131e-03
6.362499999999999822e+00 -3.000532293999999892e-03
6.365000000000000213e+00 -3.002574553000000000e-03
6.367499999999999716e+00 -2.999827794999999908e-03
6.370000000000000107e+00 -2.995881437000000140e-03
6.372499999999999609e+00 -3.005357697999999980e-03
6.375000000000000000e+00 -3.022775045999999931e-03
6.377500000000000391e+00 -3.027860333999999806e-03
6.379999999999999893e+00 -3.039878402999999889e-03
6.382500000000000284e+00 -3.051715637000000040e-03
6.384999999999999787e+00 -3.040709372000000195e-03
6.387500000000000178e+00 -3.049196240000000020e-03
6.389999999999999680e+00 -3.052475553000000199e-03
6.392500000000000071e+00 -3.064707349000000188e-03
6.394999999999999574e+00 -3.074700460999999982e-03
6.397499999999999964e+00 -3.084974668999999805e-03
6.400000000000000355e+00 -3.079392460000000137e-03
6.402499999999999858e+00 -3.082793199999999973e-03
6.405000000000000249e+00 -3.095437399000000069e-03
6.407499999999999751e+00 -3.086483342000000043e-03
6.410000000000000142e+00 -3.101653093999999847e-03
6.412499999999999645e+00 -3.100955198999999930e-03
6.415000000000000036e+00 -3.108995129000000166e-03
6.417500000000000426e+00 -3.130654965000000123e-03
6.419999999999999929e+00 -3.131738890000000143e-03
6.422500000000000320e+00 -3.123785636000000077e-03
6.424999999999999822e+00 -3.139234118999999820e-03
6.427500000000000213e+00 -3.142928807999999935e-03
6.429999999999999716e+00 -3.151024160999999889e-03
6.432500000000000107e+00 -3.154624468999999830e-03
6.434999999999999609e+00 -3.153746545999999793e-03
6.437500000000000000e+00 -3.175404272999999937e-03
6.440000000000000391e+00 -3.169325521999999829e-03
6.442499999999999893e+00 -3.183761162000000016e-03
6.445000000000000284e+00 -3.196077313999999905e-03
6.447499999999999787e+00 -3.187516169999999802e-03
6.450000000000000178e+00 -3.181745116000000116e-03
6.452499999999999680e+00 -3.202403923000000149e-03
6.455000000000000071e+00 -3.193635715999999965e-03
6.457499999999999574e+00 -3.213086992999999916e-03
6.459999999999999964e+00 -3.231822254999999929e-03
6.462500000000000355e+00 -3.219678084999999784e-03
6.464999999999999858e+00 -3.231494977000000119e-03
6.467500000000000249e+00 -3.249559551999999917e-03
6.469999999999999751e+00 -3.234407447999999852e-03
6.472500000000000142e+00 -3.235974014999999909e-03
6.474999999999999645e+00 -3.259670230000000050e-03
6.477500000000000036e+00 -3.257030586999999991e-03
6.480000000000000426e+00 -3.255377296999999951e-03
6.482499999999999929e+00 -3.275479081000000087e-03
6.485000000000000320e+00 -3.279955635999999824e-03
6.487499999999999822e+00 -3.276695694999999867e-03
6.490000000000000213e+00 -3.288712645000000084e-03
6.492499999999999716e+00 -3.291006560999999893e-03
6.495000000000000107e+00 -3.293810190999999984e-03
6.497499999999999609e+00 -3.300463230999999952e-03
6.500000000000000000e+00 -3.324408636000000111e-03
6.502500000000000391e+00 -3.324065800000000018e-03
6.504999999999999893e+00 -3.321765494000000155e-03
6.507500000000000284e+00 -3.335554094000000181e-03
6.509999999999999787e+00 -3.336980929999999995e-03
6.512500000000000178e+00 -3.348248727999999976e-03
6.514999999999999680e+00 -3.334050780000000214e-03
6.517500000000000071e+00 -3.366172011000000130e-03
6.519999999999999574e+00 -3.342096263999999942e-03
6.522499999999999964e+00 -3.361224644999999921e-03
6.525000000000000355e+00 -3.360318158999999957e-03
6.527499999999999858e+00 -3.381974625999999932e-03
6.530000000000000249e+00 -3.384492076999999922e-03
6.532499999999999751e+00 -3.391839787000000116e-03
6.535000000000000142e+00 -3.393110703000000190e-03
6.537499999999999645e+00 -3.393528410999999915e-03
6.540000000000000036e+00 -3.410284053000000194e-03
6.542500000000000426e+00 -3.410773193999999849e-03
6.544999999999999929e+00 -3.413914128000000020e-03
6.547500000000000320e+00 -3.432083109999999829e-03
6.549999999999999822e+00 -3.434815219999999905e-03
6.552500000000000213e+00 -3.435686664999999806e-03
6.554999999999999716e+00 -3.435901973999999897e-03
6.557500000000000107e+00 -3.440349606999999841e-03
6.559999999999999609e+00 -3.459469962999999794e-03
6.562500000000000000e+00 -3.460958432000000098e-03
6.565000000000000391e+00 -3.464997587999999861e-03
6.567499999999999893e+00 -3.477670473999999821e-03
6.570000000000000284e+00 -3.491048548000000046e-03
6.572499999999999787e+00 -3.489297693999999974e-03
6.575000000000000178e+00 -3.489905852999999804e-03
6.577499999999999680e+00 -3.510140974000000146e-03
6.580000000000000071e+00 -3.487758628000000184e-03
6.582499999999999574e+00 -3.502365258000000175e-03
6.584999999999999964e+00 -3.522188009999999841e-03
6.587500000000000355e+00 -3.507372180000000068e-03
6.589999999999999858e+00 -3.514245365999999881e-03
6.592500000000000249e+00 -3.517959758000000197e-03
6.594999999999999751e+00 -3.533311885999999846e-03
6.597500000000000142e+00 -3.542274540000000214e-03
6.599999999999999645e+00 -3.550649596000000126e-03
6.602500000000000036e+00 -3.557559935999999798e-03
6.605000000000000426e+00 -3.559333917999999829e-03
6.607499999999999929e+00 -3.565066894999999875e-03
6.610000000000000320e+00 -3.566843841000000206e-03
6.612499999999999822e+00 -3.583959228999999795e-03
6.615000000000000213e+00 -3.590281793000000155e-03
6.617499999999999716e+00 -3.592465685999999842e-03
6.620000000000000107e+00 -3.589906044000000171e-03
6.622499999999999609e+00 -3.601903447999999994e-03
6.625000000000000000e+00 -3.605716313000000180e-03
6.627500000000000391e+00 -3.621053486000000172e-03
6.629999999999999893e+00 -3.608541760999999827e-03
6.632500000000000284e+00 -3.619473423999999828e-03
6.634999999999999787e+00 -3.640549845999999957e-03
6.637500000000000178e+00 -3.627381830999999984e-03
6.639999999999999680e+00 -3.638930181000000000e-03
6.642500000000000071e+00 -3.651143365000000199e-03
6.644999999999999574e+00 -3.642716106999999842e-03
6.647499999999999964e+00 -3.654313473000000024e-03
6.650000000000000355e+00 -3.673244476999999817e-03
6.652499999999999858e+00 -3.666668866000000106e-03
6.655000000000000249e+00 -3.687182750999999821e-03
6.657499999999999751e+00 -3.682543760999999923e-03
6.660000000000000142e+00 -3.678129253999999886e-03
6.662499999999999645e+00 -3.691830704999999897e-03
6.665000000000000036e+00 -3.697379811999999995e-03
6.667500000000000426e+00 -3.715299628000000125e-03
6.669999999999999929e+00 -3.716756107999999881e-03
6.672500000000000320e+00 -3.731064820999999837e-03
6.674999999999999822e+00 -3.719091009999999850e-03
6.677500000000000213e+00 -3.733548569000000057e-03
6.679999999999999716e+00 -3.735836712999999944e-03
6.682500000000000107e+00 -3.737065329999999901e-03
6.684999999999999609e+00 -3.760160782000000149e-03
6.687500000000000000e+00 -3.753022768999999918e-03
6.690000000000000391e+00 -3.760419506999999797e-03
6.692499999999999893e+00 -3.768430075999999827e-03
6.695000000000000284e+00 -3.770910218000000143e-03
6.697499999999999787e+00 -3.773131653999999870e-03
6.700000000000000178e+00 -3.779966524000000130e-03
6.702499999999999680e+00 -3.801347955000000146e-03
6.705000000000000071e+00 -3.790497206999999917e-03
6.707499999999999574e+00 -3.807186127000000090e-03
6.709999999999999964e+00 -3.804075544000000073e-03
6.712500000000000355e+00 -3.821251735000000000e-03
6.714999999999999858e+00 -3.817881068000000128e-03
6.717500000000000249e+00 -3.826174823000000075e-03
6.719999999999999751e+00 -3.826020703000000082e-03
6.722500000000000142e+00 -3.836225445999999917e-03
6.724999999999999645e+00 -3.841051213999999853e-03
6.727500000000000036e+00 -3.850886657999999952e-03
6.730000000000000426e+00 -3.869194128000000201e-03
6.732499999999999929e+00 -3.863977271999999991e-03
6.735000000000000320e+00 -3.865402119999999941e-03
6.737499999999999822e+00 -3.878441047000000079e-03
6.740000000000000213e+00 -3.881564723999999817e-03
6.742499999999999716e+00 -3.876825899999999849e-03
6.745000000000000107e+00 -3.890602844000000046e-03
6.747499999999999609e+00 -3.900102160000000137e-03
6.750000000000000000e+00 -3.907149514999999629e-03
6.752500000000000391e+00 -3.923054173000000214e-03
6.754999999999999893e+00 -3.907819186000000000e-03
6.757500000000000284e+00 -3.909001062000000241e-03
6.759999999999999787e+00 -3.913711155999999650e-03
6.762500000000000178e+00 -3.928550329999999820e-03
6.764999999999999680e+00 -3.929834929999999858e-03
6.767500000000000071e+00 -3.951787406999999683e-03
6.769999999999999574e+00 -3.949667331999999996e-03
6.772499999999999964e+00 -3.960307469000000011e-03
6.775000000000000355e+00 -3.948455166000000224e-03
6.777499999999999858e+00 -3.958483575999999921e-03
6.780000000000000249e+00 -3.977349950999999918e-03
6.782499999999999751e+00 -3.996145732000000103e-03
6.785000000000000142e+00 -3.980009080999999740e-03
6.787499999999999645e+00 -3.979792866000000234e-03
6.790000000000000036e+00 -3.999972380000000292e-03
6.792500000000000426e+00 -4.012065769999999948e-03
6.794999999999999929e+00 -4.010479657999999926e-03
6.797500000000000320e+00 -4.014766559999999838e-03
6.799999999999999822e+00 -4.005823500000000106e-03
6.802500000000000213e+00 -4.034952885000000003e-03
6.804999999999999716e+00 -4.029170034999999747e-03
6.807500000000000107e+00 -4.033736916999999811e-03
6.809999999999999609e+00 -4.044031818999999778e-03
6.812500000000000000e+00 -4.051401133999999946e-03
6.815000000000000391e+00 -4.061447684999999579e-03
6.817499999999999893e+00 -4.059661338999999945e-03
6.820000000000000284e+00 -4.074832514000000135e-03
6.822499999999999787e+00 -4.068306917999999633e-03
6.825000000000000178e+00 -4.087983431999999903e-03
6.827499999999999680e+00 -4.088233212000000165e-03
6.830000000000000071e+00 -4.091580770999999998e-03
6.832499999999999574e+00 -4.102934796000000210e-03
6.834999999999999964e+00 -4.100958327999999591e-03
6.837500000000000355e+00 -4.117804957999999724e-03
6.839999999999999858e+00 -4.115198966000000076e-03
6.842500000000000249e+00 -4.135222152000000290e-03
6.844999999999999751e+00 -4.138495439000000262e-03
6.847500000000000142e+00 -4.125701820999999603e-03
6.849999999999999645e+00 -4.139075277999999629e-03
6.852500000000000036e+00 -4.146647029000000151e-03
6.855000000000000426e+00 -4.154097768000000225e-03
6.857499999999999929e+00 -4.158012796000000282e-03
6.860000000000000320e+00 -4.172440971000000373e-03
6.862499999999999822e+00 -4.168243979000000286e-03
6.865000000000000213e+00 -4.189007086000000324e-03
6.867499999999999716e+00 -4.184305961000000205e-03
6.870000000000000107e+00 -4.194789184000000115e-03
6.872499999999999609e+00 -4.207526282999999798e-03
6.875000000000000000e+00 -4.209819190000000169e-03
6.877500000000000391e+00 -4.207747325999999961e-03
6.879999999999999893e+00 -4.209999465000000170e-03
6.882500000000000284e+00 -4.218822462000000433e-03
6.884999999999999787e+00 -4.243379180999999958e-03
6.887500000000000178e+00 -4.237411275999999720e-03
6.889999999999999680e+00 -4.248054246000000124e-03
6.892500000000000071e+00 -4.236249457999999996e-03
6.894999999999999574e+00 -4.272099833999999825e-03
6.897499999999999964e+00 -4.256222506000000190e-03
6.900000000000000355e+00 -4.272879759000000263e-03
6.902499999999999858e+00 -4.265625262999999702e-03
6.905000000000000249e+00 -4.280496128000000310e-03
6.907499999999999751e+00 -4.292895823999999874e-03
6.910000000000000142e+00 -4.291876556999999967e-03
6.912499999999999645e+00 -4.315449128000000203e-03
6.915000000000000036e+00 -4.298927545999999683e-03
6.917500000000000426e+00 -4.314360657000000134e-03
6.919999999999999929e+00 -4.325570493000000134e-03
6.922500000000000320e+00 -4.324971363999999784e-03
6.924999999999999822e+00 -4.323508196000000296e-03
6.927500000000000213e+00 -4.322924272999999901e-03
6.929999999999999716e+00 -4.338969164000000024e-03
6.932500000000000107e+00 -4.347641912999999567e-03
6.934999999999999609e+00 -4.359451234999999793e-03
6.937500000000000000e+00 -4.353087436000000268e-03
6.940000000000000391e+00 -4.359268545999999897e-03
6.942499999999999893e+00 -4.371665042000000105e-03
6.945000000000000284e+00 -4.385754533000000427e-03
6.947499999999999787e+00 -4.399270503999999984e-03
6.950000000000000178e+00 -4.396389797000000398e-03
6.952499999999999680e+00 -4.409994369999999803e-03
6.955000000000000071e+00 -4.405512404999999999e-03
6.957499999999999574e+00 -4.409745686999999928e-03
6.959999999999999964e+00 -4.416648488000000233e-03
6.962500000000000355e+00 -4.422717151000000319e-03
6.964999999999999858e+00 -4.424328568000000274e-03
6.967500000000000249e+00 -4.420665477999999662e-03
6.969999999999999751e+00 -4.458883188999999969e-03
6.972500000000000142e+00 -4.440783759000000233e-03
6.974999999999999645e+00 -4.472212500000000319e-03
6.977500000000000036e+00 -4.476619171000000008e-03
6.980000000000000426e+00 -4.463957709999999933e-03
6.982499999999999929e+00 -4.477449601000000300e-03
6.985000000000000320e+00 -4.470123109000000323e-03
6.987499999999999822e+00 -4.470030596999999620e-03
6.990000000000000213e+00 -4.496185748999999808e-03
6.992499999999999716e+00 -4.510406584000000059e-03
6.995000000000000107e+00 -4.513048872000000392e-03
6.997499999999999609e+00 -4.510423498000000128e-03
7.000000000000000000e+00 -4.509871193999999590e-03
7.002500000000000391e+00 -4.520095568000000348e-03
7.004999999999999893e+00 -4.524353136000000379e-03
7.007500000000000284e+00 -4.533816918000000210e-03
7.009999999999999787e+00 -4.549138888000000235e-03
7.012500000000000178e+00 -4.537155612000000338e-03
7.014999999999999680e+00 -4.544553397999999932e-03
7.017500000000000071e+00 -4.555090488000000139e-03
7.019999999999999574e+00 -4.574391072000000280e-03
7.022499999999999964e+00 -4.573393955000000337e-03
7.025000000000000355e+00 -4.581090743000000402e-03
7.027499999999999858e+00 -4.571877993999999730e-03
7.030000000000000249e+00 -4.575803774999999754e-03
7.032499999999999751e+00 -4.596547270000000095e-03
7.035000000000000142e+00 -4.606242784999999874e-03
7.037499999999999645e+00 -4.608705912999999654e-03
7.040000000000000036e+00 -4.605229132000000086e-03
7.042500000000000426e+00 -4.633985006000000163e-03
7.044999999999999929e+00 -4.646340504999999822e-03
7.047500000000000320e+00 -4.644035759000000353e-03
7.049999999999999822e+00 -4.642730442999999825e-03
7.052500000000000213e+00 -4.658136632999999860e-03
7.054999999999999716e+00 -4.652941417000000350e-03
7.057500000000000107e+00 -4.652714988999999586e-03
7.059999999999999609e+00 -4.666227339000000168e-03
7.062500000000000000e+00 -4.664422038000000381e-03
7.065000000000000391e+00 -4.675298924000000252e-03
7.067499999999999893e+00 -4.672913188000000009e-03
7.070000000000000284e+00 -4.688423827999999884e-03
7.072499999999999787e+00 -4.690187281999999916e-03
7.075000000000000178e+00 -4.711850624999999737e-03
7.077499999999999680e+00 -4.699128735999999994e-03
7.080000000000000071e+00 -4.717531411000000161e-03
7.082499999999999574e+00 -4.704634241000000411e-03
7.084999999999999964e+00 -4.731537269000000295e-03
7.087500000000000355e+00 -4.718431119000000319e-03
7.089999999999999858e+00 -4.750949499000000145e-03
7.092500000000000249e+00 -4.747067736999999871e-03
7.094999999999999751e+00 -4.769752644999999958e-03
7.097500000000000142e+00 -4.765716827999999863e-03
7.099999999999999645e+00 -4.772128139000000359e-03
7.102500000000000036e+00 -4.779609647000000218e-03
7.105000000000000426e+00 -4.767121856000000081e-03
7.107499999999999929e+00 -4.780471659000000081e-03
7.110000000000000320e+00 -4.806182622000000106e-03
7.112499999999999822e+00 -4.809332918000000165e-03
7.115000000000000213e+00 -4.807612016000000106e-03
7.117499999999999716e+00 -4.808857423000000193e-03
7.120000000000000107e+00 -4.813169408000000059e-03
7.122499999999999609e+00 -4.834447520000000054e-03
7.125000000000000000e+00 -4.837617792999999652e-03
7.127500000000000391e+00 -4.843622992000000058e-03
7.129999999999999893e+00 -4.844722093000000153e-03
7.132500000000000284e+00 -4.849904151000000198e-03
7.134999999999999787e+00 -4.859131471000000327e-03
7.137500000000000178e+00 -4.870804902000000144e-03
7.139999999999999680e+00 -4.868794016000000009e-03
7.142500000000000071e+00 -4.872169202000000039e-03
7.144999999999999574e+00 -4.881787361000000137e-03
7.147499999999999964e+00 -4.890325138000000370e-03
7.150000000000000355e+00 -4.896158650000000286e-03
7.152499999999999858e+00 -4.903881819999999885e-03
7.155000000000000249e+00 -4.912997692999999944e-03
7.157499999999999751e+00 -4.910704953999999768e-03
7.160000000000000142e+00 -4.907477391999999668e-03
7.162499999999999645e+00 -4.931613583000000328e-03
7.165000000000000036e+00 -4.946440441999999833e-03
7.167500000000000426e+00 -4.933508789999999956e-03
7.169999999999999929e+00 -4.951017642000000302e-03
7.172500000000000320e+00 -4.956169679999999737e-03
7.174999999999999822e+00 -4.966219705000000234e-03
7.177500000000000213e+00 -4.964419628000000390e-03
7.179999999999999716e+00 -4.949527393000000171e-03
7.182500000000000107e+00 -4.973529305000000053e-03
7.184999999999999609e+00 -4.980824499999999752e-03
7.187500000000000000e+00 -4.990047844000000156e-03
7.190000000000000391e+00 -5.004117570000000091e-03
7.192499999999999893e+00 -4.995335158000000289e-03
7.195000000000000284e+00 -5.023821210000000391e-03
7.197499999999999787e+00 -5.028130928999999770e-03
7.200000000000000178e+00 -5.034591304999999802e-03
7.202499999999999680e+00 -5.045718892000000157e-03
7.205000000000000071e+00 -5.052109923999999717e-03
7.207499999999999574e+00 -5.057697695999999708e-03
7.209999999999999964e+00 -5.047735811000000038e-03
7.212500000000000355e+00 -5.050137827000000280e-03
7.214999999999999858e+00 -5.060719108999999979e-03
7.217500000000000249e+00 -5.088359100000000232e-03
7.219999999999999751e+00 -5.076139843999999575e-03
7.222500000000000142e+00 -5.087285399000000125e-03
7.224999999999999645e+00 -5.080207485000000009e-03
7.227500000000000036e+00 -5.096084094999999911e-03
7.230000000000000426e+00 -5.095151820999999775e-03
7.232499999999999929e+00 -5.087077675000000083e-03
7.235000000000000320e+00 -5.119535851000000214e-03
7.237499999999999822e+00 -5.127806270999999728e-03
7.240000000000000213e+00 -5.123996839000000136e-03
7.242499999999999716e+00 -5.133427650999999869e-03
7.245000000000000107e+00 -5.141022714000000049e-03
7.247499999999999609e+00 -5.152614540999999812e-03
7.250000000000000000e+00 -5.158462237000000297e-03
7.252500000000000391e+00 -5.178321902000000351e-03
7.254999999999999893e+00 -5.167165114999999580e-03
7.257500000000000284e+00 -5.173222039000000168e-03
7.259999999999999787e+00 -5.184277077000000282e-03
7.262500000000000178e+00 -5.197406847999999982e-03
7.264999999999999680e+00 -5.191240035000000037e-03
7.267500000000000071e+00 -5.197907203999999927e-03
7.269999999999999574e+00 -5.212176599000000431e-03
7.272499999999999964e+00 -5.222750552000000358e-03
7.275000000000000355e+00 -5.227536871999999626e-03
7.277499999999999858e+00 -5.204598161000000174e-03
7.280000000000000249e+00 -5.219696501999999960e-03
7.282499999999999751e+00 -5.240670793000000091e-03
7.285000000000000142e+00 -5.242530155999999830e-03
7.287499999999999645e+00 -5.251404682999999754e-03
7.290000000000000036e+00 -5.256593191000000047e-03
7.292500000000000426e+00 -5.267188154999999719e-03
7.294999999999999929e+00 -5.261742397000000390e-03
7.297500000000000320e+00 -5.283955186000000026e-03
7.299999999999999822e+00 -5.277033090999999621e-03
7.302500000000000213e+00 -5.289709584000000346e-03
7.304999999999999716e+00 -5.311563097999999657e-03
7.307500000000000107e+00 -5.312495993000000347e-03
7.309999999999999609e+00 -5.319218407000000232e-03
7.312500000000000000e+00 -5.313675640000000387e-03
7.315000000000000391e+00 -5.317831395000000017e-03
7.317499999999999893e+00 -5.348328991000000227e-03
7.320000000000000284e+00 -5.345324454999999739e-03
7.322499999999999787e+00 -5.323398422000000067e-03
7.325000000000000178e+00 -5.352509218999999645e-03
7.327499999999999680e+00 -5.348022206000000063e-03
7.330000000000000071e+00 -5.357642939999999847e-03
7.332499999999999574e+00 -5.367634722000000184e-03
7.334999999999999964e+00 -5.374740904000000104e-03
7.337500000000000355e+00 -5.380616690000000236e-03
7.339999999999999858e+00 -5.395665517999999675e-03
7.342500000000000249e+00 -5.402575161999999959e-03
7.344999999999999751e+00 -5.421350079999999808e-03
7.347500000000000142e+00 -5.419777070000000342e-03
7.349999999999999645e+00 -5.414524573999999861e-03
7.352500000000000036e+00 -5.431473576999999893e-03
7.355000000000000426e+00 -5.423060801999999778e-03
7.357499999999999929e+00 -5.437185068999999919e-03
7.360000000000000320e+00 -5.447737898999999683e-03
7.362499999999999822e+00 -5.455351227999999733e-03
7.365000000000000213e+00 -5.465987440000000253e-03
7.367499999999999716e+00 -5.485246344000000406e-03
7.370000000000000107e+00 -5.469888362000000295e-03
7.372499999999999609e+00 -5.476247842000000164e-03
7.375000000000000000e+00 -5.473528527000000136e-03
7.377500000000000391e+00 -5.491152382999999783e-03
7.379999999999999893e+00 -5.497412281999999872e-03
7.382500000000000284e+00 -5.508145384999999644e-03
7.384999999999999787e+00 -5.512175664999999745e-03
7.387500000000000178e+00 -5.509486620000000195e-03
7.389999999999999680e+00 -5.523703191999999700e-03
7.392500000000000071e+00 -5.522049153999999613e-03
7.394999999999999574e+00 -5.541237949999999746e-03
7.397499999999999964e+00 -5.536123171000000183e-03
7.400000000000000355e+00 -5.562224505000000312e-03
7.402499999999999858e+00 -5.567448261999999835e-03
7.405000000000000249e+00 -5.569974214000000118e-03
7.407499999999999751e+00 -5.578323546999999598e-03
7.410000000000000142e+00 -5.578669254000000362e-03
7.412499999999999645e+00 -5.590658426000000118e-03
7.415000000000000036e+00 -5.594862364999999768e-03
7.417500000000000426e+00 -5.605709082999999621e-03
7.419999999999999929e+00 -5.608256491000000038e-03
7.422500000000000320e+00 -5.608790863999999800e-03
7.424999999999999822e+00 -5.633469149999999724e-03
7.427500000000000213e+00 -5.631864761999999872e-03
7.429999999999999716e+00 -5.631674211999999728e-03
7.432500000000000107e+00 -5.648649619000000073e-03
7.434999999999999609e+00 -5.654884736999999870e-03
7.437500000000000000e+00 -5.660183430999999633e-03
7.440000000000000391e+00 -5.656282753000000350e-03
7.442499999999999893e+00 -5.663472164999999899e-03
7.445000000000000284e+00 -5.665531510000000256e-03
7.447499999999999787e+00 -5.674440888999999696e-03
7.450000000000000178e+00 -5.676190797999999642e-03
7.452499999999999680e+00 -5.693139041000000108e-03
7.455000000000000071e+00 -5.694829967999999812e-03
7.457499999999999574e+00 -5.714586009999999758e-03
7.459999999999999964e+00 -5.722026314999999891e-03
7.462500000000000355e+00 -5.709368444999999778e-03
7.464999999999999858e+00 -5.715446994000000260e-03
7.467500000000000249e+00 -5.729764499999999774e-03
7.469999999999999751e+00 -5.755575948999999865e-03
7.472500000000000142e+00 -5.751131609000000207e-03
7.474999999999999645e+00 -5.759849727999999738e-03
7.477500000000000036e+00 -5.763975012000000127e-03
7.480000000000000426e+00 -5.777329733999999987e-03
7.482499999999999929e+00 -5.790438063000000364e-03
7.485000000000000320e+00 -5.783277835999999991e-03
7.487499999999999822e+00 -5.789250204999999740e-03
7.490000000000000213e+00 -5.802965551999999735e-03
7.492499999999999716e+00 -5.796640544000000034e-03
7.495000000000000107e+00 -5.821991026999999777e-03
7.497499999999999609e+00 -5.808978939999999945e-03
7.500000000000000000e+00 -5.827394341999999998e-03
7.502500000000000391e+00 -5.843580737999999782e-03
7.504999999999999893e+00 -5.838863421999999741e-03
7.507500000000000284e+00 -5.837924518999999639e-03
7.509999999999999787e+00 -5.852660830999999696e-03
7.512500000000000178e+00 -5.849328350999999891e-03
7.514999999999999680e+00 -5.878620745999999821e-03
7.517500000000000071e+00 -5.893620363999999869e-03
7.519999999999999574e+00 -5.880134030999999845e-03
7.522499999999999964e+00 -5.884091559999999645e-03
7.525000000000000355e+00 -5.882141946999999704e-03
7.527499999999999858e+00 -5.910808814999999813e-03
7.530000000000000249e+00 -5.911412718999999732e-03
7.532499999999999751e+00 -5.917016998000000118e-03
7.535000000000000142e+00 -5.917838126000000282e-03
7.537499999999999645e+00 -5.911938797000000113e-03
7.540000000000000036e+00 -5.915606436000000329e-03
7.542500000000000426e+00 -5.951608441999999694e-03
7.544999999999999929e+00 -5.956636658999999931e-03
7.547500000000000320e+00 -5.964462533000000274e-03
7.549999999999999822e+00 -5.958893471000000115e-03
7.552500000000000213e+00 -5.966813700999999866e-03
7.554999999999999716e+00 -5.980157358000000138e-03
7.557500000000000107e+00 -5.999106451000000076e-03
7.559999999999999609e+00 -5.994169780999999628e-03
7.562500000000000000e+00 -6.002416529999999618e-03
7.565000000000000391e+00 -6.000876215999999611e-03
7.567499999999999893e+00 -6.023881654999999578e-03
7.570000000000000284e+00 -6.027878644999999994e-03
7.572499999999999787e+00 -6.038485863999999703e-03
7.575000000000000178e+00 -6.039272612999999762e-03
7.577499999999999680e+00 -6.036324255000000312e-03
7.580000000000000071e+00 -6.052634563000000231e-03
7.582499999999999574e+00 -6.051145332000000369e-03
7.584999999999999964e+00 -6.063232574999999867e-03
7.587500000000000355e+00 -6.072699655999999960e-03
7.589999999999999858e+00 -6.083406105999999980e-03
7.592500000000000249e+00 -6.089912941999999982e-03
7.594999999999999751e+00 -6.071660119000000383e-03
7.597500000000000142e+00 -6.090116068999999743e-03
7.599999999999999645e+00 -6.109231239000000035e-03
7.602500000000000036e+00 -6.127841699000000433e-03
7.605000000000000426e+00 -6.116309381000000107e-03
7.607499999999999929e+00 -6.124785586999999601e-03
7.610000000000000320e+00 -6.118972759000000303e-03
7.612499999999999822e+00 -6.133837988999999574e-03
7.615000000000000213e+00 -6.154230242999999580e-03
7.617499999999999716e+00 -6.157895929999999789e-03
7.620000000000000107e+00 -6.153244365000000264e-03
7.622499999999999609e+00 -6.158745024000000096e-03
7.625000000000000000e+00 -6.170315511999999690e-03
7.627500000000000391e+00 -6.186518527999999850e-03
7.629999999999999893e+00 -6.191717363999999640e-03
7.632500000000000284e+00 -6.201372519999999791e-03
7.634999999999999787e+00 -6.205023266999999849e-03
7.637500000000000178e+00 -6.200829356000000028e-03
7.639999999999999680e+00 -6.217124277999999844e-03
7.642500000000000071e+00 -6.230839018000000097e-03
7.644999999999999574e+00 -6.241028507000000169e-03
7.647499999999999964e+00 -6.235619290000000113e-03
7.650000000000000355e+00 -6.250837236999999894e-03
7.652499999999999858e+00 -6.233176780999999909e-03
7.655000000000000249e+00 -6.249406812000000110e-03
7.657499999999999751e+00 -6.280990311000000242e-03
7.660000000000000142e+00 -6.282963283999999649e-03
7.662499999999999645e+00 -6.283409668000000149e-03
7.665000000000000036e+00 -6.294361146000000337e-03
7.667500000000000426e+00 -6.315501161000000065e-03
7.669999999999999929e+00 -6.304863905000000247e-03
7.672500000000000320e+00 -6.309422422000000343e-03
7.674999999999999822e+00 -6.321548774999999690e-03
7.677500000000000213e+00 -6.335925023000000406e-03
7.679999999999999716e+00 -6.311369635999999894e-03
7.682500000000000107e+00 -6.343282758000000007e-03
7.684999999999999609e+00 -6.333218600999999601e-03
7.687500000000000000e+00 -6.345495306999999682e-03
7.690000000000000391e+00 -6.375155228999999923e-03
7.692499999999999893e+00 -6.391749751000000423e-03
7.695000000000000284e+00 -6.381724404999999760e-03
7.697499999999999787e+00 -6.383992376000000024e-03
7.700000000000000178e+00 -6.385743468000000013e-03
7.702499999999999680e+00 -6.395539859000000035e-03
7.705000000000000071e+00 -6.404539406000000004e-03
7.707499999999999574e+00 -6.381922782000000287e-03
7.709999999999999964e+00 -6.418939910999999637e-03
7.712500000000000355e+00 -6.433462196000000119e-03
7.714999999999999858e+00 -6.434179150000000208e-03
7.717500000000000249e+00 -6.462119459000000010e-03
7.719999999999999751e+00 -6.446331603999999778e-03
7.722500000000000142e+00 -6.440110807999999999e-03
7.724999999999999645e+00 -6.453919863000000257e-03
7.727500000000000036e+00 -6.476604409999999618e-03
7.730000000000000426e+00 -6.461110992000000317e-03
7.732499999999999929e+00 -6.485971654999999648e-03
7.735000000000000320e+00 -6.479855667000000014e-03
7.737499999999999822e+00 -6.510914559999999955e-03
7.740000000000000213e+00 -6.518143692000000385e-03
7.742499999999999716e+00 -6.506560865000000221e-03
7.745000000000000107e+00 -6.520952711999999755e-03
7.747499999999999609e+00 -6.539615650000000363e-03
7.750000000000000000e+00 -6.540703004999999688e-03
7.752500000000000391e+00 -6.529420805000000008e-03
7.754999999999999893e+00 -6.567636554000000348e-03
7.757500000000000284e+00 -6.560144212000000412e-03
7.759999999999999787e+00 -6.572397298000000332e-03
7.762500000000000178e+00 -6.600652702000000052e-03
7.764999999999999680e+00 -6.591562516000000135e-03
7.767500000000000071e+00 -6.586865033000000209e-03
7.769999999999999574e+00 -6.580934592000000326e-03
7.772499999999999964e+00 -6.617787035999999831e-03
7.775000000000000355e+00 -6.596374628000000427e-03
7.777499999999999858e+00 -6.614368716000000419e-03
7.780000000000000249e+00 -6.618635650999999884e-03
7.782499999999999751e+00 -6.632399054999999974e-03
7.785000000000000142e+00 -6.632424339999999988e-03
7.787499999999999645e+00 -6.632744351000000212e-03
7.790000000000000036e+00 -6.647352563000000387e-03
7.792500000000000426e+00 -6.662871049000000136e-03
7.794999999999999929e+00 -6.674744066000000420e-03
7.797500000000000320e+00 -6.675781405999999668e-03
7.799999999999999822e+00 -6.682010518000000045e-03
7.802500000000000213e+00 -6.677696028000000214e-03
7.804999999999999716e+00 -6.688178315000000394e-03
7.807500000000000107e+00 -6.694646335000000240e-03
7.809999999999999609e+00 -6.716591713000000241e-03
7.812500000000000000e+00 -6.718394071000000078e-03
7.815000000000000391e+00 -6.737929000000000140e-03
7.817499999999999893e+00 -6.730726295000000366e-03
7.820000000000000284e+00 -6.750065973000000420e-03
7.822499999999999787e+00 -6.751472940000000263e-03
7.825000000000000178e+00 -6.770631616000000186e-03
7.827499999999999680e+00 -6.766488648999999765e-03
7.830000000000000071e+00 -6.768224354000000088e-03
7.832499999999999574e+00 -6.757915962999999811e-03
7.834999999999999964e+00 -6.792336765999999922e-03
7.837500000000000355e+00 -6.791243292999999889e-03
7.839999999999999858e+00 -6.796011014999999746e-03
7.842500000000000249e+00 -6.819765256000000046e-03
7.844999999999999751e+00 -6.823682357999999622e-03
7.847500000000000142e+00 -6.822893866000000022e-03
7.849999999999999645e+00 -6.818167489999999754e-03
7.852500000000000036e+00 -6.842421960999999636e-03
7.855000000000000426e+00 -6.843547985000000139e-03
7.857499999999999929e+00 -6.858436546999999855e-03
7.860000000000000320e+00 -6.863534196000000212e-03
7.862499999999999822e+00 -6.857659331000000302e-03
7.865000000000000213e+00 -6.874356118000000265e-03
7.867499999999999716e+00 -6.882861875999999636e-03
7.870000000000000107e+00 -6.905866293999999780e-03
7.872499999999999609e+00 -6.892267096000000148e-03
7.875000000000000000e+00 -6.904411029999999935e-03
7.877500000000000391e+00 -6.924778894999999816e-03
7.879999999999999893e+00 -6.921830835999999605e-03
7.882500000000000284e+00 -6.933352357000000139e-03
7.884999999999999787e+00 -6.924947637999999926e-03
7.887500000000000178e+00 -6.935165771000000035e-03
7.889999999999999680e+00 -6.950807282000000427e-03
7.892500000000000071e+00 -6.966537566999999979e-03
7.894999999999999574e+00 -6.964241407999999592e-03
7.897499999999999964e+00 -6.985246558000000015e-03
7.900000000000000355e+00 -6.982333743999999918e-03
7.902499999999999858e+00 -6.989932366999999751e-03
7.905000000000000249e+00 -6.986523946000000249e-03
7.907499999999999751e+00 -7.031416141999999835e-03
7.910000000000000142e+00 -7.002156502000000428e-03
7.912499999999999645e+00 -7.016647634999999619e-03
7.915000000000000036e+00 -7.023929126999999863e-03
7.917500000000000426e+00 -7.037721658999999789e-03
7.919999999999999929e+00 -7.051599700000000213e-03
7.922500000000000320e+00 -7.057309539000000340e-03
7.924999999999999822e+00 -7.061235588999999722e-03
7.927500000000000213e+00 -7.065062113999999970e-03
7.929999999999999716e+00 -7.062461570000000237e-03
7.932500000000000107e+00 -7.070848688999999652e-03
7.934999999999999609e+00 -7.091350433999999738e-03
7.937500000000000000e+00 -7.107445625000000100e-03
7.940000000000000391e+00 -7.103471584999999922e-03
7.942499999999999893e+00 -7.124191646000000225e-03
7.945000000000000284e+00 -7.116799634999999673e-03
7.947499999999999787e+00 -7.138133740999999706e-03
7.950000000000000178e+00 -7.150163321999999759e-03
7.952499999999999680e+00 -7.161047569999999703e-03
7.955000000000000071e+00 -7.165789046999999912e-03
7.957499999999999574e+00 -7.157044894000000324e-03
7.959999999999999964e+00 -7.182634371999999622e-03
7.962500000000000355e+00 -7.174811988000000078e-03
7.964999999999999858e+00 -7.175524707000000176e-03
7.967500000000000249e+00 -7.193223272999999668e-03
7.969999999999999751e+00 -7.181701038999999814e-03
7.972500000000000142e+00 -7.212854270000000102e-03
7.974999999999999645e+00 -7.213918744000000216e-03
7.977500000000000036e+00 -7.209334845999999623e-03
7.980000000000000426e+00 -7.236198360000000405e-03
7.982499999999999929e+00 -7.237759241000000197e-03
7.985000000000000320e+00 -7.229660593000000399e-03
7.987499999999999822e+00 -7.254121130999999570e-03
7.990000000000000213e+00 -7.258782364000000362e-03
7.992499999999999716e+00 -7.256187138999999758e-03
7.995000000000000107e+00 -7.273603214999999587e-03
7.997499999999999609e+00 -7.274021284999999601e-03
8.000000000000000000e+00 -7.294806212999999616e-03
8.002499999999999503e+00 -7.293263880000000303e-03
8.005000000000000782e+00 -7.315742083000000180e-03
8.007500000000000284e+00 -7.316126025000000387e-03
8.009999999999999787e+00 -7.331437021000000026e-03
8.012499999999999289e+00 -7.322730236999999871e-03
8.015000000000000568e+00 -7.338013614000000150e-03
8.017500000000000071e+00 -7.367074331999999906e-03
8.019999999999999574e+00 -7.348755880000000171e-03
8.022500000000000853e+00 -7.341658735000000137e-03
8.025000000000000355e+00 -7.359194730000000011e-03
8.027499999999999858e+00 -7.400265320999999639e-03
8.029999999999999361e+00 -7.414943470999999647e-03
8.032500000000000639e+00 -7.387951309999999869e-03
8.035000000000000142e+00 -7.410569391000000269e-03
8.037499999999999645e+00 -7.414007135000000130e-03
8.039999999999999147e+00 -7.397737532000000192e-03
8.042500000000000426e+00 -7.432625382999999766e-03
8.044999999999999929e+00 -7.440088913000000338e-03
8.047499999999999432e+00 -7.437747423999999802e-03
8.050000000000000711e+00 -7.459694852000000286e-03
8.052500000000000213e+00 -7.463864508000000314e-03
8.054999999999999716e+00 -7.468568713000000268e-03
8.057499999999999218e+00 -7.487200987000000238e-03
8.060000000000000497e+00 -7.487615884000000353e-03
8.062500000000000000e+00 -7.504925083000000066e-03
8.064999999999999503e+00 -7.502771206999999699e-03
8.067500000000000782e+00 -7.512785154999999937e-03
8.070000000000000284e+00 -7.521258389000000030e-03
8.072499999999999787e+00 -7.517634244999999923e-03
8.074999999999999289e+00 -7.524553382999999568e-03
8.077500000000000568e+00 -7.547243379999999703e-03
8.080000000000000071e+00 -7.543777265999999579e-03
8.082499999999999574e+00 -7.556406736999999978e-03
8.085000000000000853e+00 -7.572522628999999589e-03
8.087500000000000355e+00 -7.566903118000000220e-03
8.089999999999999858e+00 -7.574444875999999591e-03
8.092499999999999361e+00 -7.561526215999999842e-03
8.095000000000000639e+00 -7.588700183000000009e-03
8.097500000000000142e+00 -7.615880886000000148e-03
8.099999999999999645e+00 -7.621549156999999838e-03
8.102499999999999147e+00 -7.636006715999999611e-03
8.105000000000000426e+00 -7.611529243999999583e-03
8.107499999999999929e+00 -7.659673351000000421e-03
8.109999999999999432e+00 -7.631967005999999894e-03
8.112500000000000711e+00 -7.641322223000000281e-03
8.115000000000000213e+00 -7.651152615999999747e-03
8.117499999999999716e+00 -7.658868075000000233e-03
8.119999999999999218e+00 -7.669515652999999572e-03
8.122500000000000497e+00 -7.685158180000000241e-03
8.125000000000000000e+00 -7.703210628000000358e-03
8.127499999999999503e+00 -7.719640283999999568e-03
8.130000000000000782e+00 -7.690930373000000146e-03
8.132500000000000284e+00 -7.717035740999999768e-03
8.134999999999999787e+00 -7.716845382000000163e-03
8.137499999999999289e+00 -7.736563949999999794e-03
8.140000000000000568e+00 -7.722101303999999965e-03
8.142500000000000071e+00 -7.755722835999999745e-03
8.144999999999999574e+00 -7.769989972999999731e-03
8.147500000000000853e+00 -7.749865861999999904e-03
8.150000000000000355e+00 -7.760888752999999668e-03
8.152499999999999858e+00 -7.788047620999999886e-03
8.154999999999999361e+00 -7.799516196999999908e-03
8.157500000000000639e+00 -7.801085162999999920e-03
8.160000000000000142e+00 -7.813293375999999166e-03
8.162499999999999645e+00 -7.810343988999999924e-03
8.164999999999999147e+00 -7.829669141000000776e-03
8.167500000000000426e+00 -7.831646048999999637e-03
8.169999999999999929e+00 -7.844096895999999944e-03
8.172499999999999432e+00 -7.855518727000000700e-03
8.175000000000000711e+00 -7.856261418000000732e-03
8.177500000000000213e+00 -7.862679087000000108e-03
8.179999999999999716e+00 -7.872040410999999946e-03
8.182499999999999218e+00 -7.874736285999999960e-03
8.185000000000000497e+00 -7.893759381999999533e-03
8.187500000000000000e+00 -7.899946219000000130e-03
8.189999999999999503e+00 -7.914760708000000491e-03
8.192500000000000782e+00 -7.916208406000000211e-03
8.195000000000000284e+00 -7.930827772000000053e-03
8.197499999999999787e+00 -7.935578050999999786e-03
8.199999999999999289e+00 -7.946464862999999892e-03
8.202500000000000568e+00 -7.946418223000000641e-03
8.205000000000000071e+00 -7.956387381999999869e-03
8.207499999999999574e+00 -7.948982267999999199e-03
8.210000000000000853e+00 -7.995094293999999158e-03
8.212500000000000355e+00 -7.987816737999999667e-03
8.214999999999999858e+00 -8.004023746000000356e-03
8.217499999999999361e+00 -7.972748244999999442e-03
8.220000000000000639e+00 -7.982766105000000528e-03
8.222500000000000142e+00 -8.024748372000000199e-03
8.224999999999999645e+00 -8.029776758000000195e-03
8.227499999999999147e+00 -8.033741595999999846e-03
8.230000000000000426e+00 -8.045082113000000257e-03
8.232499999999999929e+00 -8.058832029000000466e-03
8.234999999999999432e+00 -8.056223938000000098e-03
8.237500000000000711e+00 -8.070526710999999936e-03
8.240000000000000213e+00 -8.069427267999999473e-03
8.242499999999999716e+00 -8.087578838999999464e-03
8.244999999999999218e+00 -8.106532604000000683e-03
8.247500000000000497e+00 -8.117382213999999388e-03
8.250000000000000000e+00 -8.101810883000000463e-03
8.252499999999999503e+00 -8.110459392000000586e-03
8.255000000000000782e+00 -8.134233242999999725e-03
8.257500000000000284e+00 -8.140249179999999724e-03
8.259999999999999787e+00 -8.149052865999999520e-03
8.262499999999999289e+00 -8.146503108999999382e-03
8.265000000000000568e+00 -8.155419072000000269e-03
8.267500000000000071e+00 -8.195924287000000419e-03
8.269999999999999574e+00 -8.179919731999999583e-03
8.272500000000000853e+00 -8.170628860999999687e-03
8.275000000000000355e+00 -8.201796463000000231e-03
8.277499999999999858e+00 -8.216812877000000820e-03
8.279999999999999361e+00 -8.196726386000000725e-03
8.282500000000000639e+00 -8.219872530000000080e-03
8.285000000000000142e+00 -8.247599920999999779e-03
8.287499999999999645e+00 -8.258660867999999267e-03
8.289999999999999147e+00 -8.243755873000000595e-03
8.292500000000000426e+00 -8.267353498999999162e-03
8.294999999999999929e+00 -8.282697836999999147e-03
8.297499999999999432e+00 -8.278166453000000355e-03
8.300000000000000711e+00 -8.293441115999999891e-03
8.302500000000000213e+00 -8.286108957000000441e-03
8.304999999999999716e+00 -8.313606871999999412e-03
8.307499999999999218e+00 -8.306079818000000267e-03
8.310000000000000497e+00 -8.312296420000000324e-03
8.312500000000000000e+00 -8.327648288999999274e-03
8.314999999999999503e+00 -8.352394928000000593e-03
8.317500000000000782e+00 -8.339291453999999465e-03
8.320000000000000284e+00 -8.358999577999999195e-03
8.322499999999999787e+00 -8.368572653999999458e-03
8.324999999999999289e+00 -8.371569662000000536e-03
8.327500000000000568e+00 -8.379833835999999855e-03
8.330000000000000071e+00 -8.390429377000000258e-03
8.332499999999999574e+00 -8.392894142000000002e-03
8.335000000000000853e+00 -8.402076373000000320e-03
8.337500000000000355e+00 -8.401192252000000762e-03
8.339999999999999858e+00 -8.433710310000000140e-03
8.342499999999999361e+00 -8.437206961999999671e-03
8.345000000000000639e+00 -8.437838426000000489e-03
8.347500000000000142e+00 -8.446434327999999617e-03
8.349999999999999645e+00 -8.450628062999999274e-03
8.352499999999999147e+00 -8.482360637999999606e-03
8.355000000000000426e+00 -8.496823437999999687e-03
8.357499999999999929e+00 -8.492412330000000814e-03
8.359999999999999432e+00 -8.502627784999999480e-03
8.362500000000000711e+00 -8.508730250999999370e-03
8.365000000000000213e+00 -8.526443636000000798e-03
8.367499999999999716e+00 -8.521671984999999727e-03
8.369999999999999218e+00 -8.537997122999999369e-03
8.372500000000000497e+00 -8.556531322999999176e-03
8.375000000000000000e+00 -8.532180958999999523e-03
8.377499999999999503e+00 -8.545065188000000242e-03
8.380000000000000782e+00 -8.562629413999999634e-03
8.382500000000000284e+00 -8.582103489000000862e-03
8.384999999999999787e+00 -8.604991858000000243e-03
8.387499999999999289e+00 -8.602085716999999937e-03
8.390000000000000568e+00 -8.608275878999999825e-03
8.392500000000000071e+00 -8.615292974999999229e-03
8.394999999999999574e+00 -8.611856543000000197e-03
8.397500000000000853e+00 -8.616908140000000688e-03
8.400000000000000355e+00 -8.639660950999999631e-03
8.402499999999999858e+00 -8.635252354999999394e-03
8.404999999999999361e+00 -8.638322836000000490e-03
8.407500000000000639e+00 -8.674925404000000118e-03
8.410000000000000142e+00 -8.659962942000000788e-03
8.412499999999999645e+00 -8.712401471999999675e-03
8.414999999999999147e+00 -8.680877275000000240e-03
8.417500000000000426e+00 -8.687445299000000343e-03
8.419999999999999929e+00 -8.687189811999999900e-03
8.422499999999999432e+00 -8.718664593999999463e-03
8.425000000000000711e+00 -8.699828353999999181e-03
8.427500000000000213e+00 -8.749725518000000396e-03
8.429999999999999716e+00 -8.723459567000000150e-03
8.432499999999999218e+00 -8.742861271999999989e-03
8.435000000000000497e+00 -8.769042273000000540e-03
8.437500000000000000e+00 -8.784759613999999772e-03
8.439999999999999503e+00 -8.785481794999999358e-03
8.442500000000000782e+00 -8.801917164000000460e-03
8.445000000000000284e+00 -8.808766169999999313e-03
8.447499999999999787e+00 -8.805548088999999926e-03
8.449999999999999289e+00 -8.809508808999999552e-03
8.452500000000000568e+00 -8.811824791999999656e-03
8.455000000000000071e+00 -8.839844202999999970e-03
8.457499999999999574e+00 -8.856883621999999540e-03
8.460000000000000853e+00 -8.860937963000000209e-03
8.462500000000000355e+00 -8.867610268000000392e-03
8.464999999999999858e+00 -8.874226581999999225e-03
8.467499999999999361e+00 -8.886095300999999336e-03
8.470000000000000639e+00 -8.885435836000000684e-03
8.472500000000000142e+00 -8.907056599999999338e-03
8.474999999999999645e+00 -8.925983486999999536e-03
8.477499999999999147e+00 -8.916449394999999625e-03
8.480000000000000426e+00 -8.930567908000000207e-03
8.482499999999999929e+00 -8.961563743999999276e-03
8.484999999999999432e+00 -8.950721982000000437e-03
8.487500000000000711e+00 -8.961802124999999550e-03
8.490000000000000213e+00 -8.994427010000000111e-03
8.492499999999999716e+00 -8.959906716999999424e-03
8.494999999999999218e+00 -8.976784725000000811e-03
8.497500000000000497e+00 -8.991344436000000065e-03
8.500000000000000000e+00 -9.010226923000000734e-03
8.502499999999999503e+00 -9.047150602000000527e-03
8.505000000000000782e+00 -9.033308421000000796e-03
8.507500000000000284e+00 -9.029511773999999991e-03
8.509999999999999787e+00 -9.048544485000000609e-03
8.512499999999999289e+00 -9.059638328999999185e-03
8.515000000000000568e+00 -9.036892604000000551e-03
8.517500000000000071e+00 -9.068159755999999697e-03
8.519999999999999574e+00 -9.095533000999999826e-03
8.522500000000000853e+00 -9.094675732999999221e-03
8.525000000000000355e+00 -9.099051461000000687e-03
8.527499999999999858e+00 -9.101763925000000768e-03
8.529999999999999361e+00 -9.131524566999999273e-03
8.532500000000000639e+00 -9.136272734000000506e-03
8.535000000000000142e+00 -9.124027935000000866e-03
8.537499999999999645e+00 -9.147959275999999543e-03
8.539999999999999147e+00 -9.181094383000000525e-03
8.542500000000000426e+00 -9.151848736999999845e-03
8.544999999999999929e+00 -9.194255897000000455e-03
8.547499999999999432e+00 -9.187028079000000846e-03
8.550000000000000711e+00 -9.179154425999999298e-03
8.552500000000000213e+00 -9.200275589999999323e-03
8.554999999999999716e+00 -9.201608291000000148e-03
8.557499999999999218e+00 -9.217179493999999584e-03
8.560000000000000497e+00 -9.238130824999999519e-03
8.562500000000000000e+00 -9.262162226000000831e-03
8.564999999999999503e+00 -9.254137375000000623e-03
8.567500000000000782e+00 -9.241296244000000298e-03
8.570000000000000284e+00 -9.271334427000000461e-03
8.572499999999999787e+00 -9.290498785000000231e-03
8.574999999999999289e+00 -9.289549294999999499e-03
8.577500000000000568e+00 -9.297487272000000760e-03
8.580000000000000071e+00 -9.301231717999999815e-03
8.582499999999999574e+00 -9.312973546000000852e-03
8.585000000000000853e+00 -9.339785906000000471e-03
8.587500000000000355e+00 -9.330387448000000694e-03
8.589999999999999858e+00 -9.361946164999999237e-03
8.592499999999999361e+00 -9.381526046000000091e-03
8.595000000000000639e+00 -9.351361142999999737e-03
8.597500000000000142e+00 -9.360328083000000327e-03
8.599999999999999645e+00 -9.398833456000000447e-03
8.602499999999999147e+00 -9.405098780999999672e-03
8.605000000000000426e+00 -9.406838581000000546e-03
8.607499999999999929e+00 -9.415277571000000428e-03
8.609999999999999432e+00 -9.436709118000000118e-03
8.612500000000000711e+00 -9.449167414000000584e-03
8.615000000000000213e+00 -9.481570737999999582e-03
8.617499999999999716e+00 -9.444698419999999692e-03
8.619999999999999218e+00 -9.470076051000000245e-03
8.622500000000000497e+00 -9.474231059000000690e-03
8.625000000000000000e+00 -9.499076824000000571e-03
8.627499999999999503e+00 -9.491407534999999479e-03
8.630000000000000782e+00 -9.533470926999999817e-03
8.632500000000000284e+00 -9.530440475000000536e-03
8.634999999999999787e+00 -9.527816777000000514e-03
8.637499999999999289e+00 -9.542029881000000865e-03
8.640000000000000568e+00 -9.531608416000000514e-03
8.642500000000000071e+00 -9.585119361000000310e-03
8.644999999999999574e+00 -9.558905436999999908e-03
8.647500000000000853e+00 -9.584362168000000112e-03
8.650000000000000355e+00 -9.595707335000000157e-03
8.652499999999999858e+00 -9.608216968000000621e-03
8.654999999999999361e+00 -9.629409396000000385e-03
8.657500000000000639e+00 -9.625097332999999963e-03
8.660000000000000142e+00 -9.640647093000000514e-03
8.662499999999999645e+00 -9.632632044000000171e-03
8.664999999999999147e+00 -9.656000499000000695e-03
8.667500000000000426e+00 -9.658113089999999928e-03
8.669999999999999929e+00 -9.666986718000000409e-03
8.672499999999999432e+00 -9.663619551000000862e-03
8.675000000000000711e+00 -9.706319034999999137e-03
8.677500000000000213e+00 -9.699258250000000400e-03
8.679999999999999716e+00 -9.692815381999999799e-03
8.682499999999999218e+00 -9.720334234000000545e-03
8.685000000000000497e+00 -9.712626057000000451e-03
8.687500000000000000e+00 -9.712128012000000379e-03
8.689999999999999503e+00 -9.757812682999999696e-03
8.692500000000000782e+00 -9.761266600000000418e-03
8.695000000000000284e+00 -9.759909142999999634e-03
8.697499999999999787e+00 -9.777491847999999347e-03
8.699999999999999289e+00 -9.780080745999999645e-03
8.702500000000000568e+00 -9.798447588999999874e-03
8.705000000000000071e+00 -9.794864578999999336e-03
8.707499999999999574e+00 -9.835449333000000419e-03
8.710000000000000853e+00 -9.864590420999999956e-03
8.712500000000000355e+00 -9.839860598999999527e-03
8.714999999999999858e+00 -9.859068496000000098e-03
8.717499999999999361e+00 -9.866411488000000063e-03
8.720000000000000639e+00 -9.868833634000000535e-03
8.722500000000000142e+00 -9.900932709999999207e-03
8.724999999999999645e+00 -9.896193920999999533e-03
8.727499999999999147e+00 -9.899056639000000310e-03
8.730000000000000426e+00 -9.919281848000000359e-03
8.732499999999999929e+00 -9.903742067999999829e-03
8.734999999999999432e+00 -9.917640760000000569e-03
8.737500000000000711e+00 -9.941264115000000845e-03
8.740000000000000213e+00 -9.955189471999999554e-03
8.742499999999999716e+00 -9.956591468000000611e-03
8.744999999999999218e+00 -9.961373403999999182e-03
8.747500000000000497e+00 -9.981742446999999560e-03
8.750000000000000000e+00 -9.996555351999999312e-03
8.752499999999999503e+00 -1.000085459000000024e-02
8.755000000000000782e+00 -1.001533557999999963e-02
8.757500000000000284e+00 -1.001042314999999946e-02
8.759999999999999787e+00 -1.003423108000000077e-02
8.762499999999999289e+00 -1.003094736999999952e-02
8.765000000000000568e+00 -1.006104028999999997e-02
8.767500000000000071e+00 -1.006747795999999966e-02
8.769999999999999574e+00 -1.010083850000000061e-02
8.772500000000000853e+00 -1.010768442999999961e-02
8.775000000000000355e+00 -1.012133624999999974e-02
8.777499999999999858e+00 -1.010596631000000058e-02
8.779999999999999361e+00 -1.012658336000000006e-02
8.782500000000000639e+00 -1.013688404000000036e-02
8.785000000000000142e+00 -1.013634436999999965e-02
8.787499999999999645e+00 -1.015617905999999931e-02
8.789999999999999147e+00 -1.016368261000000044e-02
8.792500000000000426e+00 -1.019534681999999942e-02
8.794999999999999929e+00 -1.018908051000000023e-02
8.797499999999999432e+00 -1.021694907999999916e-02
8.800000000000000711e+00 -1.020565510999999967e-02
8.802500000000000213e+00 -1.020479420000000061e-02
8.804999999999999716e+00 -1.022738624999999964e-02
8.807499999999999218e+00 -1.025449569000000047e-02
8.810000000000000497e+00 -1.022708311999999918e-02
8.812500000000000000e+00 -1.024435972000000035e-02
8.814999999999999503e+00 -1.026813807000000016e-02
8.817500000000000782e+00 -1.029563147000000026e-02
8.820000000000000284e+00 -1.030264556999999949e-02
8.822499999999999787e+00 -1.029427498999999947e-02
8.824999999999999289e+00 -1.031882198000000014e-02
8.827500000000000568e+00 -1.031816246000000041e-02
8.830000000000000071e+00 -1.033594669999999931e-02
8.832499999999999574e+00 -1.033776531999999922e-02
8.835000000000000853e+00 -1.034042861999999972e-02
8.837500000000000355e+00 -1.038324701000000079e-02
8.839999999999999858e+00 -1.040165235999999938e-02
8.842499999999999361e+00 -1.039069391999999925e-02
8.845000000000000639e+00 -1.040921719999999932e-02
8.847500000000000142e+00 -1.041976193000000023e-02
8.849999999999999645e+00 -1.043012953000000027e-02
8.852499999999999147e+00 -1.043019746000000032e-02
8.855000000000000426e+00 -1.042833718999999944e-02
8.857499999999999929e+00 -1.046554721000000042e-02
8.859999999999999432e+00 -1.047948580999999955e-02
8.862500000000000711e+00 -1.046969451999999953e-02
8.865000000000000213e+00 -1.050555970000000006e-02
8.867499999999999716e+00 -1.050223553999999997e-02
8.869999999999999218e+00 -1.051509483000000016e-02
8.872500000000000497e+00 -1.053037193000000080e-02
8.875000000000000000e+00 -1.053167655999999973e-02
8.877499999999999503e+00 -1.052880357000000010e-02
8.880000000000000782e+00 -1.056432682999999990e-02
8.882500000000000284e+00 -1.056655486000000060e-02
8.884999999999999787e+00 -1.056242643999999974e-02
8.887499999999999289e+00 -1.058015275000000026e-02
8.890000000000000568e+00 -1.060717933000000085e-02
8.892500000000000071e+00 -1.060201034000000063e-02
8.894999999999999574e+00 -1.060000432000000013e-02
8.897500000000000853e+00 -1.065076476999999959e-02
8.900000000000000355e+00 -1.061240842000000031e-02
8.902499999999999858e+00 -1.066952114000000069e-02
8.904999999999999361e+00 -1.066102916000000005e-02
8.907500000000000639e+00 -1.067616725999999926e-02
8.910000000000000142e+00 -1.069589750000000082e-02
8.912499999999999645e+00 -1.066442499999999995e-02
8.914999999999999147e+00 -1.071579136999999994e-02
8.917500000000000426e+00 -1.071668144000000045e-02
8.919999999999999929e+00 -1.073828437999999920e-02
8.922499999999999432e+00 -1.076871065000000079e-02
8.925000000000000711e+00 -1.077823580999999996e-02
8.927500000000000213e+00 -1.076229763000000061e-02
8.929999999999999716e+00 -1.077828226000000084e-02
8.932499999999999218e+00 -1.078127941000000048e-02
8.935000000000000497e+00 -1.078763987999999986e-02
8.937500000000000000e+00 -1.080803001999999964e-02
8.939999999999999503e+00 -1.082897222000000007e-02
8.942500000000000782e+00 -1.083422032000000076e-02
8.945000000000000284e+00 -1.083359673999999967e-02
8.947499999999999787e+00 -1.085189557999999971e-02
8.949999999999999289e+00 -1.086160325999999988e-02
8.952500000000000568e+00 -1.090316723000000002e-02
8.955000000000000071e+00 -1.089802685999999993e-02
8.957499999999999574e+00 -1.088670295000000038e-02
8.960000000000000853e+00 -1.092369802999999980e-02
8.962500000000000355e+00 -1.094226702000000023e-02
8.964999999999999858e+00 -1.093720349999999925e-02
8.967499999999999361e+00 -1.094936487999999958e-02
8.970000000000000639e+00 -1.097800577999999937e-02
8.972500000000000142e+00 -1.097883363999999952e-02
8.974999999999999645e+00 -1.099194218999999945e-02
8.977499999999999147e+00 -1.098995420999999972e-02
8.980000000000000426e+00 -1.101160150000000081e-02
8.982499999999999929e+00 -1.102296084999999926e-02
8.984999999999999432e+00 -1.101317037000000033e-02
8.987500000000000711e+00 -1.106034715999999925e-02
8.990000000000000213e+00 -1.103529408000000073e-02
8.992499999999999716e+00 -1.106021735999999922e-02
8.994999999999999218e+00 -1.106297755000000028e-02
8.997500000000000497e+00 -1.109600579000000024e-02
9.000000000000000000e+00 -1.112016633999999941e-02
9.002499999999999503e+00 -1.110479886999999992e-02
9.005000000000000782e+00 -1.112001550000000019e-02
9.007500000000000284e+00 -1.113528362000000028e-02
9.009999999999999787e+00 -1.114891164999999920e-02
9.012499999999999289e+00 -1.115819889000000016e-02
9.015000000000000568e+00 -1.120615902000000018e-02
9.017500000000000071e+00 -1.117822058000000028e-02
9.019999999999999574e+00 -1.121554311999999921e-02
9.022500000000000853e+00 -1.119992090000000023e-02
9.025000000000000355e+00 -1.123459473000000021e-02
9.027499999999999858e+00 -1.125213704000000044e-02
9.029999999999999361e+00 -1.123073278000000057e-02
9.032500000000000639e+00 -1.124002078999999932e-02
9.035000000000000142e+00 -1.127247774000000001e-02
9.037499999999999645e+00 -1.129149339000000071e-02
9.039999999999999147e+00 -1.132294747999999969e-02
9.042500000000000426e+00 -1.130895443000000042e-02
9.044999999999999929e+00 -1.130652897000000018e-02
9.047499999999999432e+00 -1.133979082000000083e-02
9.050000000000000711e+00 -1.134866160000000054e-02
9.052500000000000213e+00 -1.135999749000000079e-02
9.054999999999999716e+00 -1.136586501000000013e-02
9.057499999999999218e+00 -1.140491278999999913e-02
9.060000000000000497e+00 -1.140242728000000032e-02
9.062500000000000000e+00 -1.139243174000000025e-02
9.064999999999999503e+00 -1.140543691000000040e-02
9.067500000000000782e+00 -1.142838533999999961e-02
9.070000000000000284e+00 -1.144929675000000077e-02
9.072499999999999787e+00 -1.145363584999999941e-02
9.074999999999999289e+00 -1.145714716999999931e-02
9.077500000000000568e+00 -1.149481429999999957e-02
9.080000000000000071e+00 -1.145593640000000003e-02
9.082499999999999574e+00 -1.148830426000000023e-02
9.085000000000000853e+00 -1.150372248000000076e-02
9.087500000000000355e+00 -1.153627119000000083e-02
9.089999999999999858e+00 -1.150923830000000030e-02
9.092499999999999361e+00 -1.156217363999999942e-02
9.095000000000000639e+00 -1.154383324000000065e-02
9.097500000000000142e+00 -1.157447697999999976e-02
9.099999999999999645e+00 -1.161029784999999953e-02
9.102499999999999147e+00 -1.160762570999999965e-02
9.105000000000000426e+00 -1.162957488000000011e-02
9.107499999999999929e+00 -1.161832779000000065e-02
9.109999999999999432e+00 -1.164139091000000042e-02
9.112500000000000711e+00 -1.165352438000000039e-02
9.115000000000000213e+00 -1.167772471999999929e-02
9.117499999999999716e+00 -1.166194396999999973e-02
9.119999999999999218e+00 -1.166933524999999930e-02
9.122500000000000497e+00 -1.168606148999999997e-02
9.125000000000000000e+00 -1.171994447000000023e-02
9.127499999999999503e+00 -1.172920960000000019e-02
9.130000000000000782e+00 -1.173207203999999948e-02
9.132500000000000284e+00 -1.176984315000000059e-02
9.134999999999999787e+00 -1.176144175000000056e-02
9.137499999999999289e+00 -1.176945243999999967e-02
9.140000000000000568e+00 -1.178252389999999948e-02
9.142500000000000071e+00 -1.179537509000000081e-02
9.144999999999999574e+00 -1.183643338999999968e-02
9.147500000000000853e+00 -1.181911985000000040e-02
9.150000000000000355e+00 -1.183565636000000025e-02
9.152499999999999858e+00 -1.182811888999999936e-02
9.154999999999999361e+00 -1.187621041999999995e-02
9.157500000000000639e+00 -1.188097620999999972e-02
9.160000000000000142e+00 -1.188992860999999943e-02
9.162499999999999645e+00 -1.190217021999999923e-02
9.164999999999999147e+00 -1.192516897000000034e-02
9.167500000000000426e+00 -1.193222962000000005e-02
9.169999999999999929e+00 -1.194542848000000081e-02
9.172499999999999432e+00 -1.197500896000000016e-02
9.175000000000000711e+00 -1.197004496999999959e-02
9.177500000000000213e+00 -1.196283142000000022e-02
9.179999999999999716e+00 -1.198939914000000072e-02
9.182499999999999218e+00 -1.201510448000000023e-02
9.185000000000000497e+00 -1.203428703999999926e-02
9.187500000000000000e+00 -1.201308820999999992e-02
9.189999999999999503e+00 -1.204913259000000084e-02
9.192500000000000782e+00 -1.207205465999999956e-02
9.195000000000000284e+00 -1.207131787000000067e-02
9.197499999999999787e+00 -1.208519844999999919e-02
9.199999999999999289e+00 -1.211383337000000032e-02
9.202500000000000568e+00 -1.211139515999999985e-02
9.205000000000000071e+00 -1.212032268000000010e-02
9.207499999999999574e+00 -1.214703267000000024e-02
9.210000000000000853e+00 -1.215792586000000002e-02
9.212500000000000355e+00 -1.214981113000000029e-02
9.214999999999999858e+00 -1.220107108999999961e-02
9.217499999999999361e+00 -1.220097682999999981e-02
9.220000000000000639e+00 -1.220298553000000001e-02
9.222500000000000142e+00 -1.220561608999999950e-02
9.224999999999999645e+00 -1.221897836999999952e-02
9.227499999999999147e+00 -1.224121947999999918e-02
9.230000000000000426e+00 -1.226452559000000032e-02
9.232499999999999929e+00 -1.225836901999999978e-02
9.234999999999999432e+00 -1.229446516000000031e-02
9.237500000000000711e+00 -1.229393456999999974e-02
9.240000000000000213e+00 -1.230205963000000069e-02
9.242499999999999716e+00 -1.231370321999999962e-02
9.244999999999999218e+00 -1.232353643999999949e-02
9.247500000000000497e+00 -1.236721145000000029e-02
9.250000000000000000e+00 -1.237018584000000067e-02
9.252499999999999503e+00 -1.236004306999999997e-02
9.255000000000000782e+00 -1.240386744999999978e-02
9.257500000000000284e+00 -1.241093526000000037e-02
9.259999999999999787e+00 -1.242297910999999935e-02
9.262499999999999289e+00 -1.240921990000000072e-02
9.265000000000000568e+00 -1.245490523999999953e-02
9.267500000000000071e+00 -1.245475874000000031e-02
9.269999999999999574e+00 -1.246585874999999941e-02
9.272500000000000853e+00 -1.248160692000000078e-02
9.275000000000000355e+00 -1.251481450000000058e-02
9.277499999999999858e+00 -1.253191881000000063e-02
9.279999999999999361e+00 -1.254495327999999993e-02
9.282500000000000639e+00 -1.253133858999999975e-02
9.285000000000000142e+00 -1.252200160000000069e-02
9.287499999999999645e+00 -1.255610291999999933e-02
9.289999999999999147e+00 -1.254832347000000084e-02
9.292500000000000426e+00 -1.259252488000000073e-02
9.294999999999999929e+00 -1.259319610000000055e-02
9.297499999999999432e+00 -1.261369027000000011e-02
9.300000000000000711e+00 -1.266308554999999968e-02
9.302500000000000213e+00 -1.264184414999999957e-02
9.304999999999999716e+00 -1.267647254999999980e-02
9.307499999999999218e+00 -1.268281968999999954e-02
9.310000000000000497e+00 -1.269170866000000029e-02
9.312500000000000000e+00 -1.270706714999999924e-02
9.314999999999999503e+00 -1.270381127000000041e-02
9.317500000000000782e+00 -1.272983270999999972e-02
9.320000000000000284e+00 -1.276604169999999948e-02
9.322499999999999787e+00 -1.274881154999999919e-02
9.324999999999999289e+00 -1.276641423000000018e-02
9.327500000000000568e+00 -1.278519820999999938e-02
9.330000000000000071e+00 -1.279146031000000065e-02
9.332499999999999574e+00 -1.280422921000000033e-02
9.335000000000000853e+00 -1.284791346999999972e-02
9.337500000000000355e+00 -1.285453540999999950e-02
9.339999999999999858e+00 -1.289910275999999953e-02
9.342499999999999361e+00 -1.285179793000000049e-02
9.345000000000000639e+00 -1.287372281000000000e-02
9.347500000000000142e+00 -1.291204624000000072e-02
9.349999999999999645e+00 -1.292037694999999958e-02
9.352499999999999147e+00 -1.295076560999999966e-02
9.355000000000000426e+00 -1.295455015999999980e-02
9.357499999999999929e+00 -1.296690290000000051e-02
9.359999999999999432e+00 -1.295654832999999957e-02
9.362500000000000711e+00 -1.297391265999999974e-02
9.365000000000000213e+00 -1.302035433999999998e-02
9.367499999999999716e+00 -1.303635497999999955e-02
9.369999999999999218e+00 -1.303457304000000053e-02
9.372500000000000497e+00 -1.304880790000000068e-02
9.375000000000000000e+00 -1.308727689999999999e-02
9.377499999999999503e+00 -1.309939090000000056e-02
9.380000000000000782e+00 -1.309398877000000037e-02
9.382500000000000284e+00 -1.311450393999999929e-02
9.384999999999999787e+00 -1.310239795999999964e-02
9.387499999999999289e+00 -1.312878913000000043e-02
9.390000000000000568e+00 -1.313461487000000018e-02
9.392500000000000071e+00 -1.315386028999999957e-02
9.394999999999999574e+00 -1.320283650999999961e-02
9.397500000000000853e+00 -1.318049634000000025e-02
9.400000000000000355e+00 -1.319467394000000023e-02
9.402499999999999858e+00 -1.322628598000000037e-02
9.404999999999999361e+00 -1.324084243000000008e-02
9.407500000000000639e+00 -1.324092460999999957e-02
9.410000000000000142e+00 -1.325960103000000008e-02
9.412499999999999645e+00 -1.325874873999999953e-02
9.414999999999999147e+00 -1.330556127999999935e-02
9.417500000000000426e+00 -1.329221639999999920e-02
9.419999999999999929e+00 -1.331578027000000081e-02
9.422499999999999432e+00 -1.334338856000000066e-02
9.425000000000000711e+00 -1.331062220999999941e-02
9.427500000000000213e+00 -1.337801134999999988e-02
9.429999999999999716e+00 -1.338555198000000029e-02
9.432499999999999218e+00 -1.341243171999999956e-02
9.435000000000000497e+00 -1.341213544999999945e-02
9.437500000000000000e+00 -1.345197325000000062e-02
9.439999999999999503e+00 -1.343822272000000026e-02
9.442500000000000782e+00 -1.343523108000000028e-02
9.445000000000000284e+00 -1.347779122999999933e-02
9.447499999999999787e+00 -1.350609483999999985e-02
9.449999999999999289e+00 -1.350073226000000036e-02
9.452500000000000568e+00 -1.351565956999999964e-02
9.455000000000000071e+00 -1.353874145999999987e-02
9.457499999999999574e+00 -1.353771561000000068e-02
9.460000000000000853e+00 -1.355471266999999994e-02
9.462500000000000355e+00 -1.362607537000000077e-02
9.464999999999999858e+00 -1.358543853999999960e-02
9.467499999999999361e+00 -1.359223860999999971e-02
9.470000000000000639e+00 -1.363135310999999926e-02
9.472500000000000142e+00 -1.368486017999999936e-02
9.474999999999999645e+00 -1.364932915999999934e-02
9.477499999999999147e+00 -1.367982893999999949e-02
9.480000000000000426e+00 -1.368079302999999913e-02
9.482499999999999929e+00 -1.372009935000000069e-02
9.484999999999999432e+00 -1.374304477999999975e-02
9.487500000000000711e+00 -1.375149942000000042e-02
9.490000000000000213e+00 -1.375737970000000081e-02
9.492499999999999716e+00 -1.375604457999999967e-02
9.494999999999999218e+00 -1.379787550999999994e-02
9.497500000000000497e+00 -1.380840535999999959e-02
9.500000000000000000e+00 -1.382077355999999924e-02
9.502499999999999503e+00 -1.382842448000000043e-02
9.505000000000000782e+00 -1.387002575000000071e-02
9.507500000000000284e+00 -1.386443390000000053e-02
9.509999999999999787e+00 -1.387271145999999927e-02
9.512499999999999289e+00 -1.388405076000000064e-02
9.515000000000000568e+00 -1.392729900999999972e-02
9.517500000000000071e+00 -1.392830681999999987e-02
9.519999999999999574e+00 -1.394577196000000054e-02
9.522500000000000853e+00 -1.394569724999999982e-02
9.525000000000000355e+00 -1.394373823000000061e-02
9.527499999999999858e+00 -1.398405900000000007e-02
9.529999999999999361e+00 -1.402612733000000063e-02
9.532500000000000639e+00 -1.403218726999999957e-02
9.535000000000000142e+00 -1.403465322000000022e-02
9.537499999999999645e+00 -1.403258943999999980e-02
9.539999999999999147e+00 -1.408703828999999935e-02
9.542500000000000426e+00 -1.408267671000000033e-02
9.544999999999999929e+00 -1.409512947000000037e-02
9.547499999999999432e+00 -1.411562562999999978e-02
9.550000000000000711e+00 -1.414202051000000050e-02
9.552500000000000213e+00 -1.414505633999999998e-02
9.554999999999999716e+00 -1.416676908999999970e-02
9.557499999999999218e+00 -1.414617617999999917e-02
9.560000000000000497e+00 -1.417705382999999951e-02
9.562500000000000000e+00 -1.420814395000000001e-02
9.564999999999999503e+00 -1.423291707000000003e-02
9.567500000000000782e+00 -1.420835839999999919e-02
9.570000000000000284e+00 -1.425213233999999933e-02
9.572499999999999787e+00 -1.426346707999999984e-02
9.574999999999999289e+00 -1.431096966000000061e-02
9.577500000000000568e+00 -1.431311411000000047e-02
9.580000000000000071e+00 -1.435677316000000085e-02
9.582499999999999574e+00 -1.433206392000000058e-02
9.585000000000000853e+00 -1.434032652000000012e-02
9.587500000000000355e+00 -1.435560265000000030e-02
9.589999999999999858e+00 -1.439017821000000003e-02
9.592499999999999361e+00 -1.442783503999999981e-02
9.595000000000000639e+00 -1.443682949999999972e-02
9.597500000000000142e+00 -1.443314945999999918e-02
9.599999999999999645e+00 -1.443925199000000055e-02
9.602499999999999147e+00 -1.446146581000000084e-02
9.605000000000000426e+00 -1.449576236999999997e-02
9.607499999999999929e+00 -1.448344380000000063e-02
9.609999999999999432e+00 -1.452475823000000041e-02
9.612500000000000711e+00 -1.456398721000000049e-02
9.615000000000000213e+00 -1.456243752999999974e-02
9.617499999999999716e+00 -1.458874473000000040e-02
9.619999999999999218e+00 -1.459243690000000017e-02
9.622500000000000497e+00 -1.460404660999999917e-02
9.625000000000000000e+00 -1.460563861999999991e-02
9.627499999999999503e+00 -1.462462435000000047e-02
9.630000000000000782e+00 -1.465064785000000022e-02
9.632500000000000284e+00 -1.467633116999999925e-02
9.634999999999999787e+00 -1.469462594000000080e-02
9.637499999999999289e+00 -1.473138342000000073e-02
9.640000000000000568e+00 -1.472611618000000018e-02
9.642500000000000071e+00 -1.472939415000000009e-02
9.644999999999999574e+00 -1.477220469999999952e-02
9.647500000000000853e+00 -1.477176810000000069e-02
9.650000000000000355e+00 -1.477125533999999914e-02
9.652499999999999858e+00 -1.480563030000000072e-02
9.654999999999999361e+00 -1.484909151000000059e-02
9.657500000000000639e+00 -1.485733005999999995e-02
9.660000000000000142e+00 -1.486732703999999947e-02
9.662499999999999645e+00 -1.486780862999999980e-02
9.664999999999999147e+00 -1.489121160999999985e-02
9.667500000000000426e+00 -1.494878785999999987e-02
9.669999999999999929e+00 -1.491262018000000071e-02
9.672499999999999432e+00 -1.493620120000000058e-02
9.675000000000000711e+00 -1.495697539000000013e-02
9.677500000000000213e+00 -1.498066546999999964e-02
9.679999999999999716e+00 -1.499383775999999988e-02
9.682499999999999218e+00 -1.501014944999999948e-02
9.685000000000000497e+00 -1.504155366000000001e-02
9.687500000000000000e+00 -1.506637301999999914e-02
9.689999999999999503e+00 -1.508051682000000060e-02
9.692500000000000782e+00 -1.508104180999999926e-02
9.695000000000000284e+00 -1.513715466999999981e-02
9.697499999999999787e+00 -1.514411264999999951e-02
9.699999999999999289e+00 -1.513009348999999962e-02
9.702500000000000568e+00 -1.516292489999999937e-02
9.705000000000000071e+00 -1.515416695000000070e-02
9.707499999999999574e+00 -1.518048965000000014e-02
9.710000000000000853e+00 -1.520354894000000047e-02
9.712500000000000355e+00 -1.523474956000000005e-02
9.714999999999999858e+00 -1.523789981000000029e-02
9.717499999999999361e+00 -1.529706100000000069e-02
9.720000000000000639e+00 -1.528867681999999950e-02
9.722500000000000142e+00 -1.531152023000000029e-02
9.724999999999999645e+00 -1.530716254000000047e-02
9.727499999999999147e+00 -1.533329215999999946e-02
9.730000000000000426e+00 -1.536546106000000016e-02
9.732499999999999929e+00 -1.537004699000000044e-02
9.734999999999999432e+00 -1.538624346000000073e-02
9.737500000000000711e+00 -1.540120709999999969e-02
9.740000000000000213e+00 -1.542003022999999945e-02
9.742499999999999716e+00 -1.542347713000000002e-02
9.744999999999999218e+00 -1.549222341999999947e-02
9.747500000000000497e+00 -1.548685254999999927e-02
9.750000000000000000e+00 -1.551795610000000075e-02
9.752499999999999503e+00 -1.552301000000000028e-02
9.755000000000000782e+00 -1.553537340000000003e-02
9.757500000000000284e+00 -1.558309337000000037e-02
9.759999999999999787e+00 -1.561139964000000067e-02
9.762499999999999289e+00 -1.560403626999999974e-02
9.765000000000000568e+00 -1.560481606999999937e-02
9.767500000000000071e+00 -1.564577516000000001e-02
9.769999999999999574e+00 -1.565074313999999939e-02
9.772500000000000853e+00 -1.568343754999999839e-02
9.775000000000000355e+00 -1.570779878000000060e-02
9.777499999999999858e+00 -1.570948721999999853e-02
9.779999999999999361e+00 -1.572658009000000093e-02
9.782500000000000639e+00 -1.570665225000000137e-02
9.785000000000000142e+00 -1.577469951000000023e-02
9.787499999999999645e+00 -1.578802519999999987e-02
9.789999999999999147e+00 -1.579980301999999934e-02
9.792500000000000426e+00 -1.580685398000000047e-02
9.794999999999999929e+00 -1.584788990999999939e-02
9.797499999999999432e+00 -1.583593767000000124e-02
9.800000000000000711e+00 -1.589001291999999829e-02
9.802500000000000213e+00 -1.588236318000000105e-02
9.804999999999999716e+00 -1.586582054999999963e-02
9.807499999999999218e+00 -1.595333225000000049e-02
9.810000000000000497e+00 -1.595867024000000023e-02
9.812500000000000000e+00 -1.598378048999999843e-02
9.814999999999999503e+00 -1.597926061000000050e-02
9.817500000000000782e+00 -1.597982249000000007e-02
9.820000000000000284e+00 -1.600545218000000089e-02
9.822499999999999787e+00 -1.605755270000000165e-02
9.824999999999999289e+00 -1.610095946999999875e-02
9.827500000000000568e+00 -1.610227649000000108e-02
9.830000000000000071e+00 -1.612689444000000097e-02
9.832499999999999574e+00 -1.612582615999999872e-02
9.835000000000000853e+00 -1.616437084000000093e-02
9.837500000000000355e+00 -1.616603771999999828e-02
9.839999999999999858e+00 -1.616740494000000125e-02
9.842499999999999361e+00 -1.619883412999999911e-02
9.845000000000000639e+00 -1.622006688999999904e-02
9.847500000000000142e+00 -1.624791109000000081e-02
9.849999999999999645e+00 -1.629022185000000150e-02
9.852499999999999147e+00 -1.630710302000000153e-02
9.855000000000000426e+00 -1.631011327999999996e-02
9.857499999999999929e+00 -1.634109773000000029e-02
9.859999999999999432e+00 -1.634011683000000104e-02
9.862500000000000711e+00 -1.636209761000000096e-02
9.865000000000000213e+00 -1.635766824999999869e-02
9.867499999999999716e+00 -1.642395139000000018e-02
9.869999999999999218e+00 -1.644401637000000166e-02
9.872500000000000497e+00 -1.642736494000000130e-02
9.875000000000000000e+00 -1.645499732999999853e-02
9.877499999999999503e+00 -1.650053693000000030e-02
9.880000000000000782e+00 -1.650719579999999909e-02
9.882500000000000284e+00 -1.654228866000000131e-02
9.884999999999999787e+00 -1.655326325999999931e-02
9.887499999999999289e+00 -1.655551527999999870e-02
9.890000000000000568e+00 -1.661217255999999920e-02
9.892500000000000071e+00 -1.658945343000000142e-02
9.894999999999999574e+00 -1.661316951999999847e-02
9.897500000000000853e+00 -1.662443334000000134e-02
9.900000000000000355e+00 -1.665121836999999827e-02
9.902499999999999858e+00 -1.668130684000000002e-02
9.904999999999999361e+00 -1.670776263000000109e-02
9.907500000000000639e+00 -1.671901837000000154e-02
9.910000000000000142e+00 -1.675449358000000166e-02
9.912499999999999645e+00 -1.676729634999999871e-02
9.914999999999999147e+00 -1.678232609000000070e-02
9.917500000000000426e+00 -1.680909062000000148e-02
9.919999999999999929e+00 -1.683963587999999859e-02
9.922499999999999432e+00 -1.685486752000000046e-02
9.925000000000000711e+00 -1.690557388000000008e-02
9.927500000000000213e+00 -1.691059068000000040e-02
9.929999999999999716e+00 -1.688587625999999828e-02
9.932499999999999218e+00 -1.693564624000000116e-02
9.935000000000000497e+00 -1.693245405000000023e-02
9.937500000000000000e+00 -1.700471191999999854e-02
9.939999999999999503e+00 -1.698642678000000100e-02
9.942500000000000782e+00 -1.701697758999999935e-02
9.945000000000000284e+00 -1.705501334000000119e-02
9.947499999999999787e+00 -1.706230242000000147e-02
9.949999999999999289e+00 -1.709179736000000088e-02
9.952500000000000568e+00 -1.709869917999999947e-02
9.955000000000000071e+00 -1.710173108999999900e-02
9.957499999999999574e+00 -1.714225344999999873e-02
9.960000000000000853e+00 -1.714421295000000123e-02
9.962500000000000355e+00 -1.719007803000000001e-02
9.964999999999999858e+00 -1.717911894000000161e-02
9.967499999999999361e+00 -1.721969099000000142e-02
9.970000000000000639e+00 -1.723327065000000019e-02
9.972500000000000142e+00 -1.728621489999999927e-02
9.974999999999999645e+00 -1.726517840000000095e-02
9.977499999999999147e+00 -1.733378288999999975e-02
9.980000000000000426e+00 -1.732384874999999894e-02
9.982499999999999929e+00 -1.733075843999999990e-02
9.984999999999999432e+00 -1.737489837999999995e-02
9.987500000000000711e+00 -1.739223553000000116e-02
9.990000000000000213e+00 -1.744036746999999901e-02
9.992499999999999716e+00 -1.744575117999999994e-02
9.994999999999999218e+00 -1.747165503999999897e-02
9.997500000000000497e+00 -1.748601848000000056e-02
1.000000000000000000e+01 -1.748884150000000123e-02
