0.000000000000000000e+00 2.389687598999999940e-01
2.500000000000000139e-02 2.360423493000000095e-01
5.000000000000000278e-02 2.331125843999999891e-01
7.499999999999999722e-02 2.301794652999999968e-01
1.000000000000000056e-01 2.277182439000000058e-01
1.250000000000000000e-01 2.249616004999999974e-01
1.499999999999999944e-01 2.222043502000000115e-01
1.749999999999999889e-01 2.193999729999999981e-01
2.000000000000000111e-01 2.170362524999999987e-01
2.250000000000000056e-01 2.143745494000000029e-01
2.500000000000000000e-01 2.116305330999999901e-01
2.750000000000000222e-01 2.097392928000000045e-01
2.999999999999999889e-01 2.071081690999999891e-01
3.250000000000000111e-01 2.047968786000000097e-01
3.499999999999999778e-01 2.024992156000000043e-01
3.750000000000000000e-01 2.001668930000000124e-01
4.000000000000000222e-01 1.980934051999999890e-01
4.249999999999999889e-01 1.960882542000000062e-01
4.500000000000000111e-01 1.936937941000000107e-01
4.749999999999999778e-01 1.916517821000000010e-01
5.000000000000000000e-01 1.895048699000000114e-01
5.250000000000000222e-01 1.875948117000000026e-01
5.500000000000000444e-01 1.855265946000000110e-01
5.749999999999999556e-01 1.835030545000000124e-01
5.999999999999999778e-01 1.817961201999999943e-01
6.250000000000000000e-01 1.798058093000000079e-01
6.500000000000000222e-01 1.779127201000000047e-01
6.750000000000000444e-01 1.760822679999999862e-01
6.999999999999999556e-01 1.744471461000000057e-01
7.249999999999999778e-01 1.725584819000000047e-01
7.500000000000000000e-01 1.708128302999999959e-01
7.750000000000000222e-01 1.693081355000000121e-01
8.000000000000000444e-01 1.674300441999999889e-01
8.249999999999999556e-01 1.658242349999999865e-01
8.499999999999999778e-01 1.642366644999999903e-01
8.750000000000000000e-01 1.626428117000000007e-01
9.000000000000000222e-01 1.611024111000000092e-01
9.250000000000000444e-01 1.595145739000000118e-01
9.499999999999999556e-01 1.578465903000000059e-01
9.749999999999999778e-01 1.566870491000000032e-01
1.000000000000000000e+00 1.552683400000000047e-01
1.024999999999999911e+00 1.536099813000000036e-01
1.050000000000000044e+00 1.523118318999999998e-01
1.074999999999999956e+00 1.508892813999999916e-01
1.100000000000000089e+00 1.495359055999999909e-01
1.125000000000000000e+00 1.481301550999999939e-01
1.149999999999999911e+00 1.466775677000000111e-01
1.175000000000000044e+00 1.456287337999999931e-01
1.199999999999999956e+00 1.441647900999999954e-01
1.225000000000000089e+00 1.426862063000000069e-01
1.250000000000000000e+00 1.414917787999999954e-01
1.274999999999999911e+00 1.404939887999999970e-01
1.300000000000000044e+00 1.392269157999999896e-01
1.324999999999999956e+00 1.379722472000000089e-01
1.350000000000000089e+00 1.368006230000000101e-01
1.375000000000000000e+00 1.357412969000000025e-01
1.399999999999999911e+00 1.344211963999999981e-01
1.425000000000000044e+00 1.333390177999999870e-01
1.449999999999999956e+00 1.321808147000000100e-01
1.475000000000000089e+00 1.311421322000000111e-01
1.500000000000000000e+00 1.299693664999999887e-01
1.524999999999999911e+00 1.291234508000000114e-01
1.550000000000000044e+00 1.278810630999999975e-01
1.574999999999999956e+00 1.269896789999999942e-01
1.600000000000000089e+00 1.259447532999999897e-01
1.625000000000000000e+00 1.249874110000000066e-01
1.649999999999999911e+00 1.238877574000000065e-01
1.675000000000000044e+00 1.228966662999999987e-01
1.699999999999999956e+00 1.220174160000000035e-01
1.725000000000000089e+00 1.210124895000000006e-01
1.750000000000000000e+00 1.199875968999999931e-01
1.774999999999999911e+00 1.190649678999999989e-01
1.800000000000000044e+00 1.181879524000000042e-01
1.824999999999999956e+00 1.171800793000000035e-01
1.850000000000000089e+00 1.163454015999999952e-01
1.875000000000000000e+00 1.154417543999999990e-01
1.899999999999999911e+00 1.145798462000000018e-01
1.925000000000000044e+00 1.137783438999999952e-01
1.949999999999999956e+00 1.128336169000000028e-01
1.975000000000000089e+00 1.120563284000000021e-01
2.000000000000000000e+00 1.112776877999999969e-01
2.024999999999999911e+00 1.102950315999999958e-01
2.049999999999999822e+00 1.095987305000000051e-01
2.075000000000000178e+00 1.088292492000000056e-01
2.100000000000000089e+00 1.081014916000000020e-01
2.125000000000000000e+00 1.072656258999999945e-01
2.149999999999999911e+00 1.064854746000000046e-01
2.174999999999999822e+00 1.056904944000000013e-01
2.200000000000000178e+00 1.049831808000000061e-01
2.225000000000000089e+00 1.042464381999999995e-01
2.250000000000000000e+00 1.034435070000000040e-01
2.274999999999999911e+00 1.027152682999999955e-01
2.299999999999999822e+00 1.020282331000000042e-01
2.325000000000000178e+00 1.011475604000000028e-01
2.350000000000000089e+00 1.006061934999999963e-01
2.375000000000000000e+00 9.994434096000000267e-02
2.399999999999999911e+00 9.915228602999999474e-02
2.424999999999999822e+00 9.836034560999999676e-02
2.450000000000000178e+00 9.775113224999999739e-02
2.475000000000000089e+00 9.715313555000000545e-02
2.500000000000000000e+00 9.636717943000000508e-02
2.524999999999999911e+00 9.593355859999999624e-02
2.549999999999999822e+00 9.525930405999999406e-02
2.575000000000000178e+00 9.469735579000000680e-02
2.600000000000000089e+00 9.391164973000000471e-02
2.625000000000000000e+00 9.337356412000000216e-02
2.649999999999999911e+00 9.278267811000000254e-02
2.674999999999999822e+00 9.221222917000000685e-02
2.700000000000000178e+00 9.146466187000000525e-02
2.725000000000000089e+00 9.100375151999999523e-02
2.750000000000000000e+00 9.024620677000000368e-02
2.774999999999999911e+00 8.959040967999999661e-02
2.799999999999999822e+00 8.903247749999999849e-02
2.825000000000000178e+00 8.837147848000000139e-02
2.850000000000000089e+00 8.797374313000000390e-02
2.875000000000000000e+00 8.734258671000000307e-02
2.899999999999999911e+00 8.673986034000000234e-02
2.924999999999999822e+00 8.625848376000000428e-02
2.950000000000000178e+00 8.579529111000000485e-02
2.975000000000000089e+00 8.526722759999999512e-02
3.000000000000000000e+00 8.457411959999999729e-02
3.024999999999999911e+00 8.418932766999999429e-02
3.049999999999999822e+00 8.365472736000000020e-02
3.075000000000000178e+00 8.311906059000000180e-02
3.100000000000000089e+00 8.256552368000000253e-02
3.125000000000000000e+00 8.200391672000000021e-02
3.149999999999999911e+00 8.149021199000000548e-02
3.174999999999999822e+00 8.119766545999999863e-02
3.200000000000000178e+00 8.053128401999999630e-02
3.225000000000000089e+00 8.006432066999999431e-02
3.250000000000000000e+00 7.966157466999999881e-02
3.274999999999999911e+00 7.912079972999999655e-02
3.299999999999999822e+00 7.866113556999999867e-02
3.325000000000000178e+00 7.812081555000000010e-02
3.350000000000000089e+00 7.763837709000000198e-02
3.375000000000000000e+00 7.717054097000000668e-02
3.399999999999999911e+00 7.666886621000000568e-02
3.424999999999999822e+00 7.644828654999999418e-02
3.450000000000000178e+00 7.598074074999999761e-02
3.475000000000000089e+00 7.549898002999999580e-02
3.500000000000000000e+00 7.497996365999999580e-02
3.524999999999999911e+00 7.445856354999999538e-02
3.549999999999999822e+00 7.405084898000000027e-02
3.575000000000000178e+00 7.350926639999999512e-02
3.600000000000000089e+00 7.338360026000000091e-02
3.625000000000000000e+00 7.278827992000000413e-02
3.649999999999999911e+00 7.232273329999999723e-02
3.674999999999999822e+00 7.199664758000000331e-02
3.700000000000000178e+00 7.171846508000000175e-02
3.725000000000000089e+00 7.109172966000000538e-02
3.750000000000000000e+00 7.056697689999999468e-02
3.774999999999999911e+00 7.035475874999999601e-02
3.799999999999999822e+00 6.995467632000000602e-02
3.825000000000000178e+00 6.945610992999999567e-02
3.850000000000000089e+00 6.918167095999999683e-02
3.875000000000000000e+00 6.868408726999999936e-02
3.899999999999999911e+00 6.828993943000000177e-02
3.924999999999999822e+00 6.787226205999999373e-02
3.950000000000000178e+00 6.747973188000000455e-02
3.975000000000000089e+00 6.716396639999999696e-02
4.000000000000000000e+00 6.676286630000000111e-02
4.025000000000000355e+00 6.645062956000000187e-02
4.049999999999999822e+00 6.607534174000000149e-02
4.075000000000000178e+00 6.556732899000000669e-02
4.099999999999999645e+00 6.531147270999999865e-02
4.125000000000000000e+00 6.491825086999999939e-02
4.150000000000000355e+00 6.458997965000000396e-02
4.174999999999999822e+00 6.430047453999999940e-02
4.200000000000000178e+00 6.389458429000000050e-02
4.224999999999999645e+00 6.347957995000000353e-02
4.250000000000000000e+00 6.309752583000000081e-02
4.275000000000000355e+00 6.281668057000000527e-02
4.299999999999999822e+00 6.257999813999999550e-02
4.325000000000000178e+00 6.205729129999999760e-02
4.349999999999999645e+00 6.181318752000000000e-02
4.375000000000000000e+00 6.143609802999999703e-02
4.400000000000000355e+00 6.110820346999999708e-02
4.424999999999999822e+00 6.075860990999999711e-02
4.450000000000000178e+00 6.037950560000000105e-02
4.474999999999999645e+00 6.016607486000000171e-02
4.500000000000000000e+00 5.979819312000000248e-02
4.525000000000000355e+00 5.952192324999999729e-02
4.549999999999999822e+00 5.912890374000000226e-02
4.575000000000000178e+00 5.885362085000000326e-02
4.599999999999999645e+00 5.857129151999999894e-02
4.625000000000000000e+00 5.826726868999999864e-02
4.650000000000000355e+00 5.792520815999999823e-02
4.674999999999999822e+00 5.750270353999999834e-02
4.700000000000000178e+00 5.720785664999999964e-02
4.724999999999999645e+00 5.700155695999999800e-02
4.750000000000000000e+00 5.666702841000000046e-02
4.775000000000000355e+00 5.634215087999999705e-02
4.799999999999999822e+00 5.606950682999999741e-02
4.825000000000000178e+00 5.570409404999999980e-02
4.849999999999999645e+00 5.542697264000000235e-02
4.875000000000000000e+00 5.516666848000000012e-02
4.900000000000000355e+00 5.480096061999999851e-02
4.924999999999999822e+00 5.465294763999999778e-02
4.950000000000000178e+00 5.427061744000000187e-02
4.974999999999999645e+00 5.403402471000000318e-02
5.000000000000000000e+00 5.359485673000000117e-02
5.025000000000000355e+00 5.350072404000000281e-02
5.049999999999999822e+00 5.321898620999999940e-02
5.075000000000000178e+00 5.289317838000000271e-02
5.099999999999999645e+00 5.266973469999999824e-02
5.125000000000000000e+00 5.240653175999999969e-02
5.150000000000000355e+00 5.200715264999999921e-02
5.174999999999999822e+00 5.183468926999999782e-02
5.200000000000000178e+00 5.151310530000000054e-02
5.224999999999999645e+00 5.130676284999999975e-02
5.250000000000000000e+00 5.099771634999999970e-02
5.275000000000000355e+00 5.072168394999999885e-02
5.299999999999999822e+00 5.047476364000000326e-02
5.325000000000000178e+00 5.024325309000000211e-02
5.349999999999999645e+00 4.995104202999999660e-02
5.375000000000000000e+00 4.976551477999999890e-02
5.400000000000000355e+00 4.956863259000000160e-02
5.424999999999999822e+00 4.926862430000000098e-02
5.450000000000000178e+00 4.897475954999999659e-02
5.474999999999999645e+00 4.875055199000000172e-02
5.500000000000000000e+00 4.848237567000000109e-02
5.525000000000000355e+00 4.823201740000000043e-02
5.549999999999999822e+00 4.795291557999999815e-02
5.575000000000000178e+00 4.771213931999999935e-02
5.599999999999999645e+00 4.752310233999999800e-02
5.625000000000000000e+00 4.727201117000000286e-02
5.650000000000000355e+00 4.695053561999999736e-02
5.674999999999999822e+00 4.677701794999999940e-02
5.700000000000000178e+00 4.660622158000000265e-02
5.724999999999999645e+00 4.632761290000000226e-02
5.750000000000000000e+00 4.612775360000000158e-02
5.775000000000000355e+00 4.579570944999999949e-02
5.799999999999999822e+00 4.563049510000000142e-02
5.825000000000000178e+00 4.542025541999999971e-02
5.849999999999999645e+00 4.509709804999999933e-02
5.875000000000000000e+00 4.490463314999999789e-02
5.900000000000000355e+00 4.473120857000000006e-02
5.924999999999999822e+00 4.451444501000000054e-02
5.950000000000000178e+00 4.430127153999999928e-02
5.974999999999999645e+00 4.402553367999999939e-02
6.000000000000000000e+00 4.389206535000000214e-02
6.025000000000000355e+00 4.361905964999999996e-02
6.049999999999999822e+00 4.344803352999999924e-02
6.075000000000000178e+00 4.320991782999999975e-02
6.099999999999999645e+00 4.291935807999999741e-02
6.125000000000000000e+00 4.280492433000000069e-02
6.150000000000000355e+00 4.251424856000000224e-02
6.174999999999999822e+00 4.240148584000000276e-02
6.200000000000000178e+00 4.213153912999999945e-02
6.224999999999999645e+00 4.196133711999999738e-02
6.250000000000000000e+00 4.179799231999999781e-02
6.275000000000000355e+00 4.161002920000000244e-02
6.299999999999999822e+00 4.129944149999999897e-02
6.325000000000000178e+00 4.111799683000000316e-02
6.349999999999999645e+00 4.092270994999999689e-02
6.375000000000000000e+00 4.077474796000000318e-02
6.400000000000000355e+00 4.051941346000000055e-02
6.424999999999999822e+00 4.029212330000000314e-02
6.450000000000000178e+00 4.021794709999999828e-02
6.474999999999999645e+00 3.990949036000000089e-02
6.500000000000000000e+00 3.970429319000000346e-02
6.525000000000000355e+00 3.958710755000000026e-02
6.549999999999999822e+00 3.932312948000000336e-02
6.575000000000000178e+00 3.911870231000000309e-02
6.599999999999999645e+00 3.902399791999999756e-02
6.625000000000000000e+00 3.887586141999999773e-02
6.650000000000000355e+00 3.861461011000000276e-02
6.674999999999999822e+00 3.843484840999999985e-02
6.700000000000000178e+00 3.815962990999999943e-02
6.724999999999999645e+00 3.806538813000000243e-02
6.750000000000000000e+00 3.789099836999999804e-02
6.775000000000000355e+00 3.767499648000000034e-02
6.799999999999999822e+00 3.746285953000000335e-02
6.825000000000000178e+00 3.739484012000000163e-02
6.849999999999999645e+00 3.719322483000000318e-02
6.875000000000000000e+00 3.695998787000000230e-02
6.900000000000000355e+00 3.678675617999999786e-02
6.924999999999999822e+00 3.662810698999999920e-02
6.950000000000000178e+00 3.650843589000000305e-02
6.974999999999999645e+00 3.629324912000000264e-02
7.000000000000000000e+00 3.616776563000000111e-02
7.025000000000000355e+00 3.588667001000000328e-02
7.049999999999999822e+00 3.578967520000000263e-02
7.075000000000000178e+00 3.563374260999999793e-02
7.099999999999999645e+00 3.537317532999999931e-02
7.125000000000000000e+00 3.524510528000000115e-02
7.150000000000000355e+00 3.504500037000000262e-02
7.174999999999999822e+00 3.495882128999999727e-02
7.200000000000000178e+00 3.478029936999999655e-02
7.224999999999999645e+00 3.457173591999999906e-02
7.250000000000000000e+00 3.447337711000000166e-02
7.275000000000000355e+00 3.428349888999999984e-02
7.299999999999999822e+00 3.408818044999999824e-02
7.325000000000000178e+00 3.394046330000000111e-02
7.349999999999999645e+00 3.378908337000000039e-02
7.375000000000000000e+00 3.369926782999999731e-02
7.400000000000000355e+00 3.350436670000000311e-02
7.424999999999999822e+00 3.327997929999999827e-02
7.450000000000000178e+00 3.313617108999999950e-02
7.474999999999999645e+00 3.296723918000000336e-02
7.500000000000000000e+00 3.284507430999999977e-02
7.525000000000000355e+00 3.268184562999999765e-02
7.549999999999999822e+00 3.255678482999999762e-02
7.575000000000000178e+00 3.240863902999999852e-02
7.599999999999999645e+00 3.228185345000000178e-02
7.625000000000000000e+00 3.209259491000000103e-02
7.650000000000000355e+00 3.196350325999999797e-02
7.674999999999999822e+00 3.177247224000000203e-02
7.700000000000000178e+00 3.161276617000000067e-02
7.724999999999999645e+00 3.148361115000000016e-02
7.750000000000000000e+00 3.130072292000000284e-02
7.775000000000000355e+00 3.119984555000000076e-02
7.799999999999999822e+00 3.104291282000000082e-02
7.825000000000000178e+00 3.095469035999999854e-02
7.849999999999999645e+00 3.077894211999999963e-02
7.875000000000000000e+00 3.061443822999999897e-02
7.900000000000000355e+00 3.046761536999999936e-02
7.924999999999999822e+00 3.027695541000000046e-02
7.950000000000000178e+00 3.019675269999999925e-02
7.974999999999999645e+00 3.002695023999999921e-02
8.000000000000000000e+00 2.987529182000000019e-02
8.025000000000000355e+00 2.982618038999999832e-02
8.050000000000000711e+00 2.974486662000000101e-02
8.074999999999999289e+00 2.961603021000000155e-02
8.099999999999999645e+00 2.932113932000000173e-02
8.125000000000000000e+00 2.925890822000000099e-02
8.150000000000000355e+00 2.906133224999999862e-02
8.175000000000000711e+00 2.896709306000000081e-02
8.199999999999999289e+00 2.887086461999999881e-02
8.224999999999999645e+00 2.869967564999999915e-02
8.250000000000000000e+00 2.854336286999999833e-02
8.275000000000000355e+00 2.843347004999999955e-02
8.300000000000000711e+00 2.832070739000000156e-02
8.324999999999999289e+00 2.818274284000000032e-02
8.349999999999999645e+00 2.803562125000000002e-02
8.375000000000000000e+00 2.796847452000000150e-02
8.400000000000000355e+00 2.777685745999999845e-02
8.425000000000000711e+00 2.759765017999999889e-02
8.449999999999999289e+00 2.748560129000000157e-02
8.474999999999999645e+00 2.741451611999999941e-02
8.500000000000000000e+00 2.726633251999999868e-02
8.525000000000000355e+00 2.716959834000000004e-02
8.550000000000000711e+00 2.705810638999999948e-02
8.574999999999999289e+00 2.691058861999999843e-02
8.599999999999999645e+00 2.676454686999999930e-02
8.625000000000000000e+00 2.663888467000000149e-02
8.650000000000000355e+00 2.652781834999999935e-02
8.675000000000000711e+00 2.642413530999999927e-02
8.699999999999999289e+00 2.626646971000000039e-02
8.724999999999999645e+00 2.620844263999999937e-02
8.750000000000000000e+00 2.613642012000000001e-02
8.775000000000000355e+00 2.592320097000000087e-02
8.800000000000000711e+00 2.584737452000000074e-02
8.824999999999999289e+00 2.572171767999999886e-02
8.849999999999999645e+00 2.559064654000000119e-02
8.875000000000000000e+00 2.551336795000000088e-02
8.900000000000000355e+00 2.530036930000000017e-02
8.925000000000000711e+00 2.524497923999999976e-02
8.949999999999999289e+00 2.510325769999999929e-02
8.974999999999999645e+00 2.501251005999999971e-02
9.000000000000000000e+00 2.488657362000000137e-02
9.025000000000000355e+00 2.479145132999999862e-02
9.050000000000000711e+00 2.472524366000000001e-02
9.074999999999999289e+00 2.453773004000000049e-02
9.099999999999999645e+00 2.443011692999999887e-02
9.125000000000000000e+00 2.440007668000000046e-02
9.150000000000000355e+00 2.421002946000000086e-02
9.175000000000000711e+00 2.413113532000000019e-02
9.199999999999999289e+00 2.405199724999999844e-02
9.224999999999999645e+00 2.396697964000000028e-02
9.250000000000000000e+00 2.380698189999999950e-02
9.275000000000000355e+00 2.368736628000000025e-02
9.300000000000000711e+00 2.354838350999999969e-02
9.324999999999999289e+00 2.350598936000000000e-02
9.349999999999999645e+00 2.334817838000000090e-02
9.375000000000000000e+00 2.329033974999999979e-02
9.400000000000000355e+00 2.318153414000000134e-02
9.425000000000000711e+00 2.307689401000000140e-02
9.449999999999999289e+00 2.294448283000000144e-02
9.474999999999999645e+00 2.284368347000000077e-02
9.500000000000000000e+00 2.274708813999999982e-02
9.525000000000000355e+00 2.266586082000000141e-02
9.550000000000000711e+00 2.255527258000000063e-02
9.574999999999999289e+00 2.244347952000000021e-02
9.599999999999999645e+00 2.236585968999999993e-02
9.625000000000000000e+00 2.232290472000000164e-02
9.650000000000000355e+00 2.216155259000000127e-02
9.675000000000000711e+00 2.208817085000000166e-02
9.699999999999999289e+00 2.196228553000000028e-02
9.724999999999999645e+00 2.184513547999999972e-02
9.750000000000000000e+00 2.175391600999999897e-02
9.775000000000000355e+00 2.165992233000000114e-02
9.800000000000000711e+00 2.159462730999999955e-02
9.824999999999999289e+00 2.143981774999999951e-02
9.849999999999999645e+00 2.137475534999999996e-02
9.875000000000000000e+00 2.127709396000000003e-02
9.900000000000000355e+00 2.123808531000000166e-02
9.925000000000000711e+00 2.110721674000000034e-02
9.949999999999999289e+00 2.100757611999999955e-02
9.974999999999999645e+00 2.090376958999999937e-02
1.000000000000000000e+01 2.080260599000000044e-02
1.002500000000000036e+01 2.075160937000000011e-02
1.005000000000000071e+01 2.060056798999999883e-02
1.007499999999999929e+01 2.052073457000000087e-02
1.009999999999999964e+01 2.042244502999999989e-02
1.012500000000000000e+01 2.036890404000000002e-02
1.015000000000000036e+01 2.026452566999999844e-02
1.017500000000000071e+01 2.021635290999999890e-02
1.019999999999999929e+01 2.008412813000000005e-02
1.022499999999999964e+01 1.997344590000000100e-02
1.025000000000000000e+01 1.990669674000000028e-02
1.027500000000000036e+01 1.985915264999999971e-02
1.030000000000000071e+01 1.972744149000000072e-02
1.032499999999999929e+01 1.965902804999999920e-02
1.034999999999999964e+01 1.955245997999999902e-02
1.037500000000000000e+01 1.951383011999999889e-02
1.040000000000000036e+01 1.934548785999999979e-02
1.042500000000000071e+01 1.929061248000000020e-02
1.044999999999999929e+01 1.925902389000000089e-02
1.047499999999999964e+01 1.912796701000000002e-02
1.050000000000000000e+01 1.905597570000000171e-02
1.052500000000000036e+01 1.897772611999999984e-02
1.055000000000000071e+01 1.888400716000000062e-02
1.057499999999999929e+01 1.880688926999999830e-02
1.059999999999999964e+01 1.875250957999999996e-02
1.062500000000000000e+01 1.863469121999999922e-02
1.065000000000000036e+01 1.860554580999999874e-02
1.067500000000000071e+01 1.847002068000000094e-02
1.069999999999999929e+01 1.839917950000000135e-02
1.072499999999999964e+01 1.826812833000000108e-02
1.075000000000000000e+01 1.824855101999999993e-02
1.077500000000000036e+01 1.815265887999999855e-02
1.080000000000000071e+01 1.804664460000000165e-02
1.082499999999999929e+01 1.796167230999999934e-02
1.084999999999999964e+01 1.796473340999999932e-02
1.087500000000000000e+01 1.785541280000000133e-02
1.090000000000000036e+01 1.777099782999999947e-02
1.092500000000000071e+01 1.767444680000000018e-02
1.094999999999999929e+01 1.756885257999999880e-02
1.097499999999999964e+01 1.752568160999999972e-02
1.100000000000000000e+01 1.748171111999999999e-02
1.102500000000000036e+01 1.737301653000000029e-02
1.105000000000000071e+01 1.727381673999999964e-02
1.107499999999999929e+01 1.719929007999999870e-02
1.109999999999999964e+01 1.713479816999999988e-02
1.112500000000000000e+01 1.705352300999999834e-02
1.115000000000000036e+01 1.698287587000000057e-02
1.117500000000000071e+01 1.693414919000000088e-02
1.119999999999999929e+01 1.685704308999999915e-02
1.122499999999999964e+01 1.677419176999999859e-02
1.125000000000000000e+01 1.670523763000000134e-02
1.127500000000000036e+01 1.667059048000000057e-02
1.130000000000000071e+01 1.654637391999999943e-02
1.132499999999999929e+01 1.647051991999999923e-02
1.134999999999999964e+01 1.639666524000000028e-02
1.137500000000000000e+01 1.635263827000000073e-02
1.140000000000000036e+01 1.628975167999999890e-02
1.142500000000000071e+01 1.620555607999999911e-02
1.144999999999999929e+01 1.611965685000000051e-02
1.147499999999999964e+01 1.608008636999999977e-02
1.150000000000000000e+01 1.599056319000000115e-02
1.152500000000000036e+01 1.591048407000000137e-02
1.155000000000000071e+01 1.586755659000000165e-02
1.157499999999999929e+01 1.577694782000000143e-02
1.159999999999999964e+01 1.571589774999999911e-02
1.162500000000000000e+01 1.568554534999999986e-02
1.165000000000000036e+01 1.556809135000000038e-02
1.167500000000000071e+01 1.549514505999999986e-02
1.169999999999999929e+01 1.544512114999999942e-02
1.172499999999999964e+01 1.540418963000000051e-02
1.175000000000000000e+01 1.527470170999999967e-02
1.177500000000000036e+01 1.525123764000000000e-02
1.180000000000000071e+01 1.517997798000000030e-02
1.182499999999999929e+01 1.511861481999999916e-02
1.184999999999999964e+01 1.507001525000000071e-02
1.187500000000000000e+01 1.501478399000000068e-02
1.190000000000000036e+01 1.494053962999999929e-02
1.192500000000000071e+01 1.483486741999999990e-02
1.194999999999999929e+01 1.476498558999999981e-02
1.197499999999999964e+01 1.470386473000000020e-02
1.200000000000000000e+01 1.466831736000000046e-02
1.202500000000000036e+01 1.458939847000000067e-02
1.205000000000000071e+01 1.454157759000000022e-02
1.207499999999999929e+01 1.447797963000000028e-02
1.209999999999999964e+01 1.441463620999999980e-02
1.212500000000000000e+01 1.431060009000000022e-02
1.215000000000000036e+01 1.428129252999999974e-02
1.217500000000000071e+01 1.423010889999999987e-02
1.219999999999999929e+01 1.419741344999999981e-02
1.222499999999999964e+01 1.407854021000000053e-02
1.225000000000000000e+01 1.403900337000000068e-02
1.227500000000000036e+01 1.399400093000000012e-02
1.230000000000000071e+01 1.391636035999999944e-02
1.232499999999999929e+01 1.387200291000000030e-02
1.234999999999999964e+01 1.380120565000000042e-02
1.237500000000000000e+01 1.373127535999999968e-02
1.240000000000000036e+01 1.368188463000000014e-02
1.242500000000000071e+01 1.361708929999999942e-02
1.244999999999999929e+01 1.355311099999999963e-02
1.247499999999999964e+01 1.351819022000000023e-02
1.250000000000000000e+01 1.344852462999999998e-02
1.252500000000000036e+01 1.340441443000000080e-02
1.255000000000000071e+01 1.335224546999999942e-02
1.257499999999999929e+01 1.327055698000000061e-02
1.259999999999999964e+01 1.317945216999999967e-02
1.262500000000000000e+01 1.313825748000000022e-02
1.265000000000000036e+01 1.312432262000000002e-02
1.267500000000000071e+01 1.303423234999999923e-02
1.269999999999999929e+01 1.298809754000000011e-02
1.272499999999999964e+01 1.292285984999999929e-02
1.275000000000000000e+01 1.290908397000000048e-02
1.277500000000000036e+01 1.285788180999999919e-02
1.280000000000000071e+01 1.279504159000000030e-02
1.282499999999999929e+01 1.271028561000000015e-02
1.284999999999999964e+01 1.266434005999999939e-02
1.287500000000000000e+01 1.264616449000000031e-02
1.290000000000000036e+01 1.253798650999999979e-02
1.292500000000000071e+01 1.250297623000000066e-02
1.294999999999999929e+01 1.244892413999999954e-02
1.297499999999999964e+01 1.239238600000000003e-02
1.300000000000000000e+01 1.231951331999999941e-02
1.302500000000000036e+01 1.230061889000000006e-02
1.305000000000000071e+01 1.225210376000000073e-02
1.307499999999999929e+01 1.218612535000000024e-02
1.309999999999999964e+01 1.214843785999999981e-02
1.312500000000000000e+01 1.208321034000000085e-02
1.315000000000000036e+01 1.202318936000000039e-02
1.317500000000000071e+01 1.197977000999999979e-02
1.319999999999999929e+01 1.194746785999999984e-02
1.322499999999999964e+01 1.189558821000000037e-02
1.325000000000000000e+01 1.182745737999999977e-02
1.327500000000000036e+01 1.178318650000000078e-02
1.330000000000000071e+01 1.174618655999999997e-02
1.332499999999999929e+01 1.168048514000000031e-02
1.334999999999999964e+01 1.164090909999999923e-02
1.337500000000000000e+01 1.158490304000000040e-02
1.340000000000000036e+01 1.155005293999999960e-02
1.342500000000000071e+01 1.147524104000000045e-02
1.344999999999999929e+01 1.144614415999999947e-02
1.347499999999999964e+01 1.139906742999999972e-02
1.350000000000000000e+01 1.131867634000000011e-02
1.352500000000000036e+01 1.130792419000000056e-02
1.355000000000000071e+01 1.125891145000000072e-02
1.357499999999999929e+01 1.119340243999999984e-02
1.359999999999999964e+01 1.114183384999999950e-02
1.362500000000000000e+01 1.110784241999999977e-02
1.365000000000000036e+01 1.105237337000000014e-02
1.367500000000000071e+01 1.100660887999999928e-02
1.369999999999999929e+01 1.099181165999999973e-02
1.372499999999999964e+01 1.092009677000000019e-02
1.375000000000000000e+01 1.089502711999999936e-02
1.377500000000000036e+01 1.082640730999999933e-02
1.380000000000000071e+01 1.077864951000000009e-02
1.382499999999999929e+01 1.072041892999999954e-02
1.384999999999999964e+01 1.067055880999999949e-02
1.387500000000000000e+01 1.062931094999999999e-02
1.390000000000000036e+01 1.060117910000000011e-02
1.392500000000000071e+01 1.054986733999999961e-02
1.394999999999999929e+01 1.049399850000000065e-02
1.397499999999999964e+01 1.044452161000000018e-02
1.400000000000000000e+01 1.043402170000000059e-02
1.402500000000000036e+01 1.037423070000000058e-02
1.405000000000000071e+01 1.033626072000000048e-02
1.407499999999999929e+01 1.027718409999999957e-02
1.409999999999999964e+01 1.024109879000000001e-02
1.412500000000000000e+01 1.020405947999999952e-02
1.415000000000000036e+01 1.015220642999999957e-02
1.417500000000000071e+01 1.012957597000000050e-02
1.419999999999999929e+01 1.006927988000000038e-02
1.422499999999999964e+01 1.006416509000000042e-02
1.425000000000000000e+01 9.969856403999999284e-03
1.427500000000000036e+01 9.942658410999999710e-03
1.430000000000000071e+01 9.892712855999999735e-03
1.432499999999999929e+01 9.875275662999999718e-03
1.434999999999999964e+01 9.809377617000000771e-03
1.437500000000000000e+01 9.773426978000000417e-03
1.440000000000000036e+01 9.744918369000000677e-03
1.442500000000000071e+01 9.670555610999999677e-03
1.444999999999999929e+01 9.653425344000000560e-03
1.447499999999999964e+01 9.608210594999999632e-03
1.450000000000000000e+01 9.591418024999999459e-03
1.452500000000000036e+01 9.523991921999999666e-03
1.455000000000000071e+01 9.483683381000000343e-03
1.457499999999999929e+01 9.458230700000000435e-03
1.459999999999999964e+01 9.413434345000000827e-03
1.462500000000000000e+01 9.355298038999999150e-03
1.465000000000000036e+01 9.313930502000000375e-03
1.467500000000000071e+01 9.301519797000000131e-03
1.469999999999999929e+01 9.271579546000000699e-03
1.472499999999999964e+01 9.239165771999999222e-03
1.475000000000000000e+01 9.174576028000000147e-03
1.477500000000000036e+01 9.118698410000000698e-03
1.480000000000000071e+01 9.091021393000000075e-03
1.482499999999999929e+01 9.058777587999999881e-03
1.484999999999999964e+01 9.041186507999999372e-03
1.487500000000000000e+01 8.968806969999999767e-03
1.490000000000000036e+01 8.970733859999999865e-03
1.492500000000000071e+01 8.909555749999999164e-03
1.494999999999999929e+01 8.881482657999999544e-03
1.497499999999999964e+01 8.834202555000000151e-03
1.500000000000000000e+01 8.786400866999999337e-03
1.502500000000000036e+01 8.767528142000000427e-03
1.505000000000000071e+01 8.722364527999999437e-03
1.507499999999999929e+01 8.651691872999999963e-03
1.509999999999999964e+01 8.649244131999999849e-03
1.512500000000000000e+01 8.619811991000000603e-03
1.515000000000000036e+01 8.603726973999999486e-03
1.517500000000000071e+01 8.544980069999999484e-03
1.519999999999999929e+01 8.501248946000000001e-03
1.522499999999999964e+01 8.467030275000000591e-03
1.525000000000000000e+01 8.427242039000000864e-03
1.527500000000000036e+01 8.400546926000000691e-03
1.530000000000000071e+01 8.371826384999999510e-03
1.532499999999999929e+01 8.341598294000000108e-03
1.534999999999999964e+01 8.290348689999999313e-03
1.537500000000000000e+01 8.257265462000000500e-03
1.540000000000000036e+01 8.242731862000000562e-03
1.542500000000000071e+01 8.185228293000000252e-03
1.544999999999999929e+01 8.171963028999999420e-03
1.547499999999999964e+01 8.125004891999999812e-03
1.550000000000000000e+01 8.093075913000000177e-03
1.552500000000000036e+01 8.041658094000000631e-03
1.555000000000000071e+01 8.025802833999999553e-03
1.557499999999999929e+01 7.994507398999999362e-03
1.559999999999999964e+01 7.933560329000000078e-03
1.562500000000000000e+01 7.940646869999999982e-03
1.565000000000000036e+01 7.901503383000000463e-03
1.567500000000000071e+01 7.854961591999999951e-03
1.569999999999999929e+01 7.824971740999999217e-03
1.572499999999999964e+01 7.802116938999999717e-03
1.575000000000000000e+01 7.778919375000000261e-03
1.577500000000000036e+01 7.728282470000000237e-03
1.580000000000000071e+01 7.691642484000000071e-03
1.582499999999999929e+01 7.652379013000000334e-03
1.584999999999999964e+01 7.630466750999999846e-03
1.587500000000000000e+01 7.608414689000000258e-03
1.590000000000000036e+01 7.568507854000000416e-03
1.592500000000000071e+01 7.524115492999999821e-03
1.594999999999999929e+01 7.504655649000000275e-03
1.597499999999999964e+01 7.447418114999999894e-03
1.600000000000000000e+01 7.451612136999999705e-03
1.602499999999999858e+01 7.427538235000000384e-03
1.605000000000000071e+01 7.362973485999999880e-03
1.607499999999999929e+01 7.338715305999999640e-03
1.610000000000000142e+01 7.324163431999999863e-03
1.612500000000000000e+01 7.278521611999999759e-03
1.614999999999999858e+01 7.263182634999999603e-03
1.617500000000000071e+01 7.234687691000000337e-03
1.619999999999999929e+01 7.196382258999999698e-03
1.622500000000000142e+01 7.181008311000000068e-03
1.625000000000000000e+01 7.148030282000000270e-03
1.627499999999999858e+01 7.098876100999999654e-03
1.630000000000000071e+01 7.074756292000000321e-03
1.632499999999999929e+01 7.039304427000000162e-03
1.635000000000000142e+01 6.996007656999999810e-03
1.637500000000000000e+01 6.972503657999999660e-03
1.639999999999999858e+01 6.931155405999999720e-03
1.642500000000000071e+01 6.934599274000000264e-03
1.644999999999999929e+01 6.922996110000000265e-03
1.647500000000000142e+01 6.870277945999999844e-03
1.650000000000000000e+01 6.846948513000000389e-03
1.652499999999999858e+01 6.815933001000000144e-03
1.655000000000000071e+01 6.789981583999999890e-03
1.657499999999999929e+01 6.764194577999999708e-03
1.660000000000000142e+01 6.729950109999999729e-03
1.662500000000000000e+01 6.710540071999999794e-03
1.664999999999999858e+01 6.687599320000000257e-03
1.667500000000000071e+01 6.657496253999999579e-03
1.669999999999999929e+01 6.617792275000000148e-03
1.672500000000000142e+01 6.593664731999999626e-03
1.675000000000000000e+01 6.573809437999999887e-03
1.677499999999999858e+01 6.555066134999999912e-03
1.680000000000000071e+01 6.514307904000000288e-03
1.682499999999999929e+01 6.474714169999999658e-03
1.685000000000000142e+01 6.478386517999999705e-03
1.687500000000000000e+01 6.420411586000000261e-03
1.689999999999999858e+01 6.405025538999999969e-03
1.692500000000000071e+01 6.382022539999999793e-03
1.694999999999999929e+01 6.347386356000000313e-03
1.697500000000000142e+01 6.325648813999999905e-03
1.700000000000000000e+01 6.302573007999999651e-03
1.702499999999999858e+01 6.278732151000000240e-03
1.705000000000000071e+01 6.258819266000000339e-03
1.707499999999999929e+01 6.213735704999999963e-03
1.710000000000000142e+01 6.178771882999999944e-03
1.712500000000000000e+01 6.162211794000000201e-03
1.714999999999999858e+01 6.132401045000000252e-03
1.717500000000000071e+01 6.127590639999999644e-03
1.719999999999999929e+01 6.113469110999999838e-03
1.722500000000000142e+01 6.081458712999999842e-03
1.725000000000000000e+01 6.032989138999999765e-03
1.727499999999999858e+01 6.029349629000000342e-03
1.730000000000000071e+01 5.993578309999999902e-03
1.732499999999999929e+01 5.975110532000000099e-03
1.735000000000000142e+01 5.943223917999999883e-03
1.737500000000000000e+01 5.938936710999999889e-03
1.739999999999999858e+01 5.913247273000000158e-03
1.742500000000000071e+01 5.864441294999999874e-03
1.744999999999999929e+01 5.851711079999999572e-03
1.747500000000000142e+01 5.819952027999999652e-03
1.750000000000000000e+01 5.807741917000000184e-03
1.752499999999999858e+01 5.765739748000000241e-03
1.755000000000000071e+01 5.757951903999999725e-03
1.757499999999999929e+01 5.721711959999999618e-03
1.760000000000000142e+01 5.699973724999999811e-03
1.762500000000000000e+01 5.688803247999999965e-03
1.764999999999999858e+01 5.647758931999999864e-03
1.767500000000000071e+01 5.639382915000000322e-03
1.769999999999999929e+01 5.610651551999999882e-03
1.772500000000000142e+01 5.580877324000000153e-03
1.775000000000000000e+01 5.566809752999999847e-03
1.777499999999999858e+01 5.540976857999999582e-03
1.780000000000000071e+01 5.515361423000000353e-03
1.782499999999999929e+01 5.501064693999999783e-03
1.785000000000000142e+01 5.460383602999999836e-03
1.787500000000000000e+01 5.442470328000000024e-03
1.789999999999999858e+01 5.430307589999999913e-03
1.792500000000000071e+01 5.403353322999999639e-03
1.794999999999999929e+01 5.380668772000000294e-03
1.797500000000000142e+01 5.363837461000000098e-03
1.800000000000000000e+01 5.335368006999999593e-03
1.802499999999999858e+01 5.327263845000000143e-03
1.805000000000000071e+01 5.300579219999999696e-03
1.807499999999999929e+01 5.279310920999999955e-03
1.810000000000000142e+01 5.250493204999999788e-03
1.812500000000000000e+01 5.229062264000000279e-03
1.814999999999999858e+01 5.199754604000000197e-03
1.817500000000000071e+01 5.168602690999999846e-03
1.819999999999999929e+01 5.174331433000000334e-03
1.822500000000000142e+01 5.144441581000000312e-03
1.825000000000000000e+01 5.128136747000000203e-03
1.827499999999999858e+01 5.098399148000000262e-03
1.830000000000000071e+01 5.083019218000000249e-03
1.832499999999999929e+01 5.071403747999999982e-03
1.835000000000000142e+01 5.049415512999999925e-03
1.837500000000000000e+01 5.025703093000000350e-03
1.839999999999999858e+01 4.996183710999999722e-03
1.842500000000000071e+01 4.978416549999999802e-03
1.844999999999999929e+01 4.945364302000000364e-03
1.847500000000000142e+01 4.933212180000000335e-03
1.850000000000000000e+01 4.932095356000000368e-03
1.852499999999999858e+01 4.899952356000000266e-03
1.855000000000000071e+01 4.877976743999999643e-03
1.857499999999999929e+01 4.861049503999999820e-03
1.860000000000000142e+01 4.845416283999999692e-03
1.862500000000000000e+01 4.824541598000000112e-03
1.864999999999999858e+01 4.800103390000000185e-03
1.867500000000000071e+01 4.770573012999999689e-03
1.869999999999999929e+01 4.749674518999999831e-03
1.872500000000000142e+01 4.742914241000000322e-03
1.875000000000000000e+01 4.734125221000000036e-03
1.877499999999999858e+01 4.694635104999999968e-03
1.880000000000000071e+01 4.677484691000000257e-03
1.882499999999999929e+01 4.671375301000000278e-03
1.885000000000000142e+01 4.643453781000000426e-03
1.887500000000000000e+01 4.625340309999999983e-03
1.889999999999999858e+01 4.601342191000000123e-03
1.892500000000000071e+01 4.577743884000000374e-03
1.894999999999999929e+01 4.566244500999999852e-03
1.897500000000000142e+01 4.543566389000000365e-03
1.900000000000000000e+01 4.537155283000000351e-03
1.902499999999999858e+01 4.500227078000000429e-03
1.905000000000000071e+01 4.483512476999999656e-03
1.907499999999999929e+01 4.475093890999999775e-03
1.910000000000000142e+01 4.456924131000000039e-03
1.912500000000000000e+01 4.439437606000000251e-03
1.914999999999999858e+01 4.414251380999999891e-03
1.917500000000000071e+01 4.402047751000000113e-03
1.919999999999999929e+01 4.382215331999999609e-03
1.922500000000000142e+01 4.373456125999999888e-03
1.925000000000000000e+01 4.352384485999999733e-03
1.927499999999999858e+01 4.335086107999999716e-03
1.930000000000000071e+01 4.311992918000000403e-03
1.932499999999999929e+01 4.288567275999999838e-03
1.935000000000000142e+01 4.280195653000000086e-03
1.937500000000000000e+01 4.266126268999999652e-03
1.939999999999999858e+01 4.245938928999999640e-03
1.942500000000000071e+01 4.211199811000000334e-03
1.944999999999999929e+01 4.204784052999999827e-03
1.947500000000000142e+01 4.180445764999999626e-03
1.950000000000000000e+01 4.159874990000000418e-03
1.952499999999999858e+01 4.154489974999999932e-03
1.955000000000000071e+01 4.144320624999999619e-03
1.957499999999999929e+01 4.124087809999999604e-03
1.960000000000000142e+01 4.108366268999999807e-03
1.962500000000000000e+01 4.092753711999999947e-03
1.964999999999999858e+01 4.074356805999999713e-03
1.967500000000000071e+01 4.058359479999999915e-03
1.969999999999999929e+01 4.034941046000000038e-03
1.972500000000000142e+01 4.026508370000000080e-03
1.975000000000000000e+01 4.003087382000000000e-03
1.977499999999999858e+01 3.991950678000000079e-03
1.980000000000000071e+01 3.970506668000000315e-03
1.982499999999999929e+01 3.958772878999999682e-03
1.985000000000000142e+01 3.947683936000000171e-03
1.987500000000000000e+01 3.918059776999999709e-03
1.989999999999999858e+01 3.906164853999999787e-03
1.992500000000000071e+01 3.884756854000000117e-03
1.994999999999999929e+01 3.878583094000000175e-03
1.997500000000000142e+01 3.868333942999999976e-03
2.000000000000000000e+01 3.853261362000000041e-03
2.002499999999999858e+01 3.818965671000000041e-03
2.005000000000000071e+01 3.809251518000000142e-03
2.007499999999999929e+01 3.798055025000000168e-03
2.010000000000000142e+01 3.783463195000000018e-03
2.012500000000000000e+01 3.763348044999999947e-03
2.014999999999999858e+01 3.756158210999999917e-03
2.017500000000000071e+01 3.734400901000000002e-03
2.019999999999999929e+01 3.720455435000000113e-03
2.022500000000000142e+01 3.700027224999999798e-03
2.025000000000000000e+01 3.692048843999999955e-03
2.027499999999999858e+01 3.679845187999999847e-03
2.030000000000000071e+01 3.658061035000000072e-03
2.032499999999999929e+01 3.643997314999999990e-03
2.035000000000000142e+01 3.633245789000000107e-03
2.037500000000000000e+01 3.603334836999999829e-03
2.039999999999999858e+01 3.608156789999999829e-03
2.042500000000000071e+01 3.588592716999999994e-03
2.044999999999999929e+01 3.581275640000000128e-03
2.047500000000000142e+01 3.549460149000000213e-03
2.050000000000000000e+01 3.542310638999999952e-03
2.052499999999999858e+01 3.521649619000000089e-03
2.055000000000000071e+01 3.511398240000000118e-03
2.057499999999999929e+01 3.499844915000000032e-03
2.060000000000000142e+01 3.487190172000000001e-03
2.062500000000000000e+01 3.470378979000000082e-03
2.064999999999999858e+01 3.456809710000000122e-03
2.067500000000000071e+01 3.445561025000000097e-03
2.069999999999999929e+01 3.435765777999999840e-03
2.072500000000000142e+01 3.412767458000000049e-03
2.075000000000000000e+01 3.396097400999999964e-03
2.077499999999999858e+01 3.381912811000000168e-03
2.080000000000000071e+01 3.373120301999999945e-03
2.082499999999999929e+01 3.365633888000000174e-03
2.085000000000000142e+01 3.349614427999999915e-03
2.087500000000000000e+01 3.346403476999999793e-03
2.089999999999999858e+01 3.327803341000000210e-03
2.092500000000000071e+01 3.305753796000000105e-03
2.094999999999999929e+01 3.281996594999999923e-03
2.097500000000000142e+01 3.280750305999999891e-03
2.100000000000000000e+01 3.261805061000000189e-03
2.102499999999999858e+01 3.253946343000000112e-03
2.105000000000000071e+01 3.238588905999999993e-03
2.107499999999999929e+01 3.217816287999999796e-03
2.110000000000000142e+01 3.207579428999999920e-03
2.112500000000000000e+01 3.193131381999999869e-03
2.114999999999999858e+01 3.185784555000000049e-03
2.117500000000000071e+01 3.174201083999999857e-03
2.119999999999999929e+01 3.152531557000000026e-03
2.122500000000000142e+01 3.145006344000000030e-03
2.125000000000000000e+01 3.139495075000000093e-03
2.127499999999999858e+01 3.127313841000000164e-03
2.130000000000000071e+01 3.100381552000000106e-03
2.132499999999999929e+01 3.092935486000000008e-03
2.135000000000000142e+01 3.085093208000000160e-03
2.137500000000000000e+01 3.073549161999999859e-03
2.139999999999999858e+01 3.052565518999999800e-03
2.142500000000000071e+01 3.039880082000000119e-03
2.144999999999999929e+01 3.033709603000000078e-03
2.147500000000000142e+01 3.016589335000000038e-03
2.150000000000000000e+01 3.004615614000000125e-03
2.152499999999999858e+01 2.998083440999999884e-03
2.155000000000000071e+01 2.982228549999999933e-03
2.157499999999999929e+01 2.967381204999999886e-03
2.160000000000000142e+01 2.953353698999999950e-03
2.162500000000000000e+01 2.951270262000000016e-03
2.164999999999999858e+01 2.941791539000000039e-03
2.167500000000000071e+01 2.921032757000000066e-03
2.169999999999999929e+01 2.915058093999999943e-03
2.172500000000000142e+01 2.901249250000000144e-03
2.175000000000000000e+01 2.883983742000000190e-03
2.177499999999999858e+01 2.871522627000000147e-03
2.180000000000000071e+01 2.862051640000000050e-03
2.182499999999999929e+01 2.852839064999999983e-03
2.185000000000000142e+01 2.844712293999999801e-03
2.187500000000000000e+01 2.826163626000000127e-03
2.189999999999999858e+01 2.816878600999999857e-03
2.192500000000000071e+01 2.811317750999999844e-03
2.194999999999999929e+01 2.789134397000000119e-03
2.197500000000000142e+01 2.785601291000000101e-03
2.200000000000000000e+01 2.770924395999999849e-03
2.202499999999999858e+01 2.763798922999999817e-03
2.205000000000000071e+01 2.760198879000000122e-03
2.207499999999999929e+01 2.742415017000000149e-03
2.210000000000000142e+01 2.724779931999999835e-03
2.212500000000000000e+01 2.703088833999999895e-03
2.214999999999999858e+01 2.709364326000000128e-03
2.217500000000000071e+01 2.695732135000000057e-03
2.219999999999999929e+01 2.678410640000000037e-03
2.222500000000000142e+01 2.672248926000000101e-03
2.225000000000000000e+01 2.660527940999999914e-03
2.227499999999999858e+01 2.655651478000000017e-03
2.230000000000000071e+01 2.642512163999999851e-03
2.232499999999999929e+01 2.624388682999999941e-03
2.235000000000000142e+01 2.620126425000000002e-03
2.237500000000000000e+01 2.607315167000000006e-03
2.239999999999999858e+01 2.601177083000000192e-03
2.242500000000000071e+01 2.584086800000000034e-03
2.244999999999999929e+01 2.575656672999999865e-03
2.247500000000000142e+01 2.569125414999999871e-03
2.250000000000000000e+01 2.560850089000000010e-03
2.252499999999999858e+01 2.544886798999999953e-03
2.255000000000000071e+01 2.538848099999999833e-03
2.257499999999999929e+01 2.525510096999999954e-03
2.260000000000000142e+01 2.515198066999999905e-03
2.262500000000000000e+01 2.501363049000000175e-03
2.264999999999999858e+01 2.492783520999999804e-03
2.267500000000000071e+01 2.479943033999999942e-03
2.269999999999999929e+01 2.477882082999999930e-03
2.272500000000000142e+01 2.468598544999999790e-03
2.275000000000000000e+01 2.454322081000000211e-03
2.277499999999999858e+01 2.445404537999999999e-03
2.280000000000000071e+01 2.437509314000000076e-03
2.282499999999999929e+01 2.426799767999999850e-03
2.285000000000000142e+01 2.419395757999999973e-03
2.287500000000000000e+01 2.401138123000000086e-03
2.289999999999999858e+01 2.396329823000000175e-03
2.292500000000000071e+01 2.382348404999999961e-03
2.294999999999999929e+01 2.374737794999999888e-03
2.297500000000000142e+01 2.372065777999999951e-03
2.300000000000000000e+01 2.357424084999999985e-03
2.302499999999999858e+01 2.352271080000000077e-03
2.305000000000000071e+01 2.339204005000000090e-03
2.307499999999999929e+01 2.328904920999999920e-03
2.310000000000000142e+01 2.313613002999999942e-03
2.312500000000000000e+01 2.308116036000000103e-03
2.314999999999999858e+01 2.301880984000000043e-03
2.317500000000000071e+01 2.289290227000000209e-03
2.319999999999999929e+01 2.280747571999999952e-03
2.322500000000000142e+01 2.273651226000000195e-03
2.325000000000000000e+01 2.267151513999999916e-03
2.327499999999999858e+01 2.254228656000000029e-03
2.330000000000000071e+01 2.239357254999999828e-03
2.332499999999999929e+01 2.241838372000000152e-03
2.335000000000000142e+01 2.232334031000000191e-03
2.337500000000000000e+01 2.217142997999999986e-03
2.339999999999999858e+01 2.215298267999999890e-03
2.342500000000000071e+01 2.198924793999999967e-03
2.344999999999999929e+01 2.193796371999999842e-03
2.347500000000000142e+01 2.184882994999999897e-03
2.350000000000000000e+01 2.170954918999999910e-03
2.352499999999999858e+01 2.170440805999999858e-03
2.355000000000000071e+01 2.158874176000000027e-03
2.357499999999999929e+01 2.146966281999999893e-03
2.360000000000000142e+01 2.134337423000000084e-03
2.362500000000000000e+01 2.126472081000000021e-03
2.364999999999999858e+01 2.117405026000000051e-03
2.367500000000000071e+01 2.116469457000000071e-03
2.369999999999999929e+01 2.101725033999999898e-03
2.372500000000000142e+01 2.090140108999999878e-03
2.375000000000000000e+01 2.087480264999999873e-03
2.377499999999999858e+01 2.077052948999999916e-03
2.380000000000000071e+01 2.069213588000000121e-03
2.382499999999999929e+01 2.059399856999999997e-03
2.385000000000000142e+01 2.046622126000000041e-03
2.387500000000000000e+01 2.043436703999999826e-03
2.389999999999999858e+01 2.037667922000000170e-03
2.392500000000000071e+01 2.026045587000000012e-03
2.394999999999999929e+01 2.018518571999999844e-03
2.397500000000000142e+01 2.008637966999999788e-03
2.400000000000000000e+01 2.002099155000000054e-03
2.402499999999999858e+01 1.998395856000000081e-03
2.405000000000000071e+01 1.994054718000000045e-03
2.407499999999999929e+01 1.981391254000000168e-03
2.410000000000000142e+01 1.977504723999999863e-03
2.412500000000000000e+01 1.965308195999999896e-03
2.414999999999999858e+01 1.951212351000000027e-03
2.417500000000000071e+01 1.944527978999999922e-03
2.419999999999999929e+01 1.940141323000000055e-03
2.422500000000000142e+01 1.935043363000000073e-03
2.425000000000000000e+01 1.921524810999999987e-03
2.427499999999999858e+01 1.916962417999999984e-03
2.430000000000000071e+01 1.910149757000000103e-03
2.432499999999999929e+01 1.902003010999999940e-03
2.435000000000000142e+01 1.897493742999999946e-03
2.437500000000000000e+01 1.889810499999999968e-03
2.439999999999999858e+01 1.874282904999999971e-03
2.442500000000000071e+01 1.871276132999999961e-03
2.444999999999999929e+01 1.865799008999999981e-03
2.447500000000000142e+01 1.853620610999999994e-03
2.450000000000000000e+01 1.845830657000000104e-03
2.452499999999999858e+01 1.843642300000000039e-03
2.455000000000000071e+01 1.834529197999999967e-03
2.457499999999999929e+01 1.823452103999999947e-03
2.460000000000000142e+01 1.815985969000000026e-03
2.462500000000000000e+01 1.814118457000000106e-03
2.464999999999999858e+01 1.800496362000000026e-03
2.467500000000000071e+01 1.796824818000000018e-03
2.469999999999999929e+01 1.792795518999999900e-03
2.472500000000000142e+01 1.777065997999999897e-03
2.475000000000000000e+01 1.776883561000000078e-03
2.477499999999999858e+01 1.771788440000000029e-03
2.480000000000000071e+01 1.761968751000000076e-03
2.482499999999999929e+01 1.759256436000000050e-03
2.485000000000000142e+01 1.748607424999999932e-03
2.487500000000000000e+01 1.739874756999999989e-03
2.489999999999999858e+01 1.733571881000000106e-03
2.492500000000000071e+01 1.727106724000000097e-03
2.494999999999999929e+01 1.718163179999999913e-03
2.497500000000000142e+01 1.708936355999999971e-03
2.500000000000000000e+01 1.704878570000000057e-03
2.502499999999999858e+01 1.694514794999999905e-03
2.505000000000000071e+01 1.689913785000000035e-03
2.507499999999999929e+01 1.685351447000000029e-03
2.510000000000000142e+01 1.681037084999999903e-03
2.512500000000000000e+01 1.672241572999999971e-03
2.514999999999999858e+01 1.664917231000000077e-03
2.517500000000000071e+01 1.660278570999999944e-03
2.519999999999999929e+01 1.650261786999999980e-03
2.522500000000000142e+01 1.642472453999999993e-03
2.525000000000000000e+01 1.638096436999999898e-03
2.527499999999999858e+01 1.634167492999999936e-03
2.530000000000000071e+01 1.622665422999999959e-03
2.532499999999999929e+01 1.623567015999999958e-03
2.535000000000000142e+01 1.612991580000000102e-03
2.537500000000000000e+01 1.606175553000000009e-03
2.539999999999999858e+01 1.600163630000000017e-03
2.542500000000000071e+01 1.591228742999999937e-03
2.544999999999999929e+01 1.587054650000000074e-03
2.547500000000000142e+01 1.583141304000000018e-03
2.550000000000000000e+01 1.572635992999999897e-03
2.552499999999999858e+01 1.562826743000000082e-03
2.555000000000000071e+01 1.554661262999999967e-03
2.557499999999999929e+01 1.556164277000000049e-03
2.560000000000000142e+01 1.546868954999999941e-03
2.562500000000000000e+01 1.543172307000000064e-03
2.564999999999999858e+01 1.537644085999999993e-03
2.567500000000000071e+01 1.531758666999999971e-03
2.569999999999999929e+01 1.523552889999999979e-03
2.572500000000000142e+01 1.517169530999999899e-03
2.575000000000000000e+01 1.509816009999999939e-03
2.577499999999999858e+01 1.503849449999999964e-03
2.580000000000000071e+01 1.498308137999999944e-03
2.582499999999999929e+01 1.492156048999999929e-03
2.585000000000000142e+01 1.486962187999999992e-03
2.587500000000000000e+01 1.482357938000000057e-03
2.589999999999999858e+01 1.471396910000000082e-03
2.592500000000000071e+01 1.465355028000000105e-03
2.594999999999999929e+01 1.464195120999999900e-03
2.597500000000000142e+01 1.456381798999999925e-03
2.600000000000000000e+01 1.450856051999999943e-03
2.602499999999999858e+01 1.446178330999999982e-03
2.605000000000000071e+01 1.433038753000000004e-03
2.607499999999999929e+01 1.431131940999999909e-03
2.610000000000000142e+01 1.427207604999999966e-03
2.612500000000000000e+01 1.430218189999999919e-03
2.614999999999999858e+01 1.415884864000000083e-03
2.617500000000000071e+01 1.407859632000000097e-03
2.619999999999999929e+01 1.403712895999999991e-03
2.622500000000000142e+01 1.398573399000000101e-03
2.625000000000000000e+01 1.391400128000000024e-03
2.627499999999999858e+01 1.389866369000000062e-03
2.630000000000000071e+01 1.382267488999999955e-03
2.632499999999999929e+01 1.381151545999999937e-03
2.635000000000000142e+01 1.372077714999999937e-03
2.637500000000000000e+01 1.366416856999999900e-03
2.639999999999999858e+01 1.360747158000000061e-03
2.642500000000000071e+01 1.355873458999999961e-03
2.644999999999999929e+01 1.347590053000000078e-03
2.647500000000000142e+01 1.343624064000000038e-03
2.650000000000000000e+01 1.341813974000000088e-03
2.652499999999999858e+01 1.333874096999999913e-03
2.655000000000000071e+01 1.326776789000000097e-03
2.657499999999999929e+01 1.322338299000000049e-03
2.660000000000000142e+01 1.318625897000000021e-03
2.662500000000000000e+01 1.315680064000000022e-03
2.664999999999999858e+01 1.305016434999999985e-03
2.667500000000000071e+01 1.301470670000000026e-03
2.669999999999999929e+01 1.295965254999999899e-03
2.672500000000000142e+01 1.288648733999999980e-03
2.675000000000000000e+01 1.289566052000000029e-03
2.677499999999999858e+01 1.280468512000000007e-03
2.680000000000000071e+01 1.273868619999999957e-03
2.682499999999999929e+01 1.269751445999999905e-03
2.685000000000000142e+01 1.263758871000000015e-03
2.687500000000000000e+01 1.259733292999999990e-03
2.689999999999999858e+01 1.255293470000000064e-03
2.692500000000000071e+01 1.251306542999999988e-03
2.694999999999999929e+01 1.242333911000000025e-03
2.697500000000000142e+01 1.237570655000000104e-03
2.700000000000000000e+01 1.236168298000000056e-03
2.702499999999999858e+01 1.229505759000000097e-03
2.705000000000000071e+01 1.223476799000000094e-03
2.707499999999999929e+01 1.222894985999999941e-03
2.710000000000000142e+01 1.216905358999999980e-03
2.712500000000000000e+01 1.209352627000000006e-03
2.714999999999999858e+01 1.204708918000000099e-03
2.717500000000000071e+01 1.198477907999999934e-03
2.719999999999999929e+01 1.198556084000000025e-03
2.722500000000000142e+01 1.188243511999999974e-03
2.725000000000000000e+01 1.189035008999999926e-03
2.727499999999999858e+01 1.185347921000000013e-03
2.730000000000000071e+01 1.176273689000000098e-03
2.732499999999999929e+01 1.172360821000000084e-03
2.735000000000000142e+01 1.165816343000000005e-03
2.737500000000000000e+01 1.158205213000000058e-03
2.739999999999999858e+01 1.157661503000000092e-03
2.742500000000000071e+01 1.153211256999999964e-03
2.744999999999999929e+01 1.150666328000000049e-03
2.747500000000000142e+01 1.144789102000000032e-03
2.750000000000000000e+01 1.141428886000000033e-03
2.752499999999999858e+01 1.137522144000000044e-03
2.755000000000000071e+01 1.132549647000000072e-03
2.757499999999999929e+01 1.129046612000000026e-03
2.760000000000000142e+01 1.121242972999999957e-03
2.762500000000000000e+01 1.115394087000000107e-03
2.764999999999999858e+01 1.113661602999999924e-03
2.767500000000000071e+01 1.108781256999999930e-03
2.769999999999999929e+01 1.102904212000000057e-03
2.772500000000000142e+01 1.095679311000000069e-03
2.775000000000000000e+01 1.097135080000000065e-03
2.777499999999999858e+01 1.091936956000000031e-03
2.780000000000000071e+01 1.082222596000000092e-03
2.782499999999999929e+01 1.082766171999999943e-03
2.785000000000000142e+01 1.075163625999999957e-03
2.787500000000000000e+01 1.071898985999999911e-03
2.789999999999999858e+01 1.067985472000000094e-03
2.792500000000000071e+01 1.062835794999999897e-03
2.794999999999999929e+01 1.060850943000000036e-03
2.797500000000000142e+01 1.055711076000000106e-03
2.800000000000000000e+01 1.045924202999999999e-03
2.802499999999999858e+01 1.048630950999999934e-03
2.805000000000000071e+01 1.044193867999999902e-03
2.807499999999999929e+01 1.039970417999999935e-03
2.810000000000000142e+01 1.034103472000000041e-03
2.812500000000000000e+01 1.030562626999999938e-03
2.814999999999999858e+01 1.026562679000000066e-03
2.817500000000000071e+01 1.025555785999999938e-03
2.819999999999999929e+01 1.017039048999999985e-03
2.822500000000000142e+01 1.013237337999999899e-03
2.825000000000000000e+01 1.007059370000000075e-03
2.827499999999999858e+01 1.005978130999999947e-03
2.830000000000000071e+01 9.998726810999999243e-04
2.832499999999999929e+01 9.958440055000000474e-04
2.835000000000000142e+01 9.938676335999999979e-04
2.837500000000000000e+01 9.918095815999998944e-04
2.839999999999999858e+01 9.846454811999999068e-04
2.842500000000000071e+01 9.848064972000001010e-04
2.844999999999999929e+01 9.760971948999999908e-04
2.847500000000000142e+01 9.727217082999999910e-04
2.850000000000000000e+01 9.691390833999999517e-04
2.852499999999999858e+01 9.654810251999999858e-04
2.855000000000000071e+01 9.613636916000000516e-04
2.857499999999999929e+01 9.582527335000000368e-04
2.860000000000000142e+01 9.550870041000000419e-04
2.862500000000000000e+01 9.500196891000000157e-04
2.864999999999999858e+01 9.463894030999999481e-04
2.867500000000000071e+01 9.423507457000000146e-04
2.869999999999999929e+01 9.395708642000000048e-04
2.872500000000000142e+01 9.364906258000000368e-04
2.875000000000000000e+01 9.330028515999999866e-04
2.877499999999999858e+01 9.286413991000000250e-04
2.880000000000000071e+01 9.234878658999999936e-04
2.882499999999999929e+01 9.213345657999999494e-04
2.885000000000000142e+01 9.183190314999999972e-04
2.887500000000000000e+01 9.118406345999999609e-04
2.889999999999999858e+01 9.075556309999999660e-04
2.892500000000000071e+01 9.036173138999999653e-04
2.894999999999999929e+01 9.035384077999999942e-04
2.897500000000000142e+01 8.964151211000000521e-04
2.900000000000000000e+01 8.975866738999999529e-04
2.902499999999999858e+01 8.909678928000000497e-04
2.905000000000000071e+01 8.877618681999999975e-04
2.907499999999999929e+01 8.842360866999999852e-04
2.910000000000000142e+01 8.781981224000000308e-04
2.912500000000000000e+01 8.788677425000000418e-04
2.914999999999999858e+01 8.730492151999999463e-04
2.917500000000000071e+01 8.715744822000000497e-04
2.919999999999999929e+01 8.675891963000000083e-04
2.922500000000000142e+01 8.638717751000000219e-04
2.925000000000000000e+01 8.583525239000000398e-04
2.927499999999999858e+01 8.551717399000000486e-04
2.930000000000000071e+01 8.526423816999999759e-04
2.932499999999999929e+01 8.481971304000000128e-04
2.935000000000000142e+01 8.442484367999999496e-04
2.937500000000000000e+01 8.421944382000000427e-04
2.939999999999999858e+01 8.376573550999999755e-04
2.942500000000000071e+01 8.373540987000000022e-04
2.944999999999999929e+01 8.314567057999999906e-04
2.947500000000000142e+01 8.289864487999999655e-04
2.950000000000000000e+01 8.244804615000000470e-04
2.952499999999999858e+01 8.221495891000000014e-04
2.955000000000000071e+01 8.212324335999999537e-04
2.957499999999999929e+01 8.150887361000000182e-04
2.960000000000000142e+01 8.129904026999999539e-04
2.962500000000000000e+01 8.098637186000000017e-04
2.964999999999999858e+01 8.075602264999999893e-04
2.967500000000000071e+01 8.025284012000000319e-04
2.969999999999999929e+01 7.988391759000000505e-04
2.972500000000000142e+01 7.940523438000000314e-04
2.975000000000000000e+01 7.926655681999999776e-04
2.977499999999999858e+01 7.904780395000000079e-04
2.980000000000000071e+01 7.870762368999999941e-04
2.982499999999999929e+01 7.825286809000000111e-04
2.985000000000000142e+01 7.792596532999999546e-04
2.987500000000000000e+01 7.757712630999999805e-04
2.989999999999999858e+01 7.722436373000000302e-04
2.992500000000000071e+01 7.702523444999999488e-04
2.994999999999999929e+01 7.666733876999999760e-04
2.997500000000000142e+01 7.658695570000000194e-04
3.000000000000000000e+01 7.643974588000000464e-04
3.002499999999999858e+01 7.611875949000000046e-04
3.005000000000000071e+01 7.562335491999999659e-04
3.007499999999999929e+01 7.525988071000000532e-04
3.010000000000000142e+01 7.487876298999999970e-04
3.012500000000000000e+01 7.469450512999999993e-04
3.014999999999999858e+01 7.436365973000000351e-04
3.017500000000000071e+01 7.386518966999999509e-04
3.019999999999999929e+01 7.381007020000000113e-04
3.022500000000000142e+01 7.367543631999999695e-04
3.025000000000000000e+01 7.321212512999999804e-04
3.027499999999999858e+01 7.313572793999999601e-04
3.030000000000000071e+01 7.262055487999999684e-04
3.032499999999999929e+01 7.220189345000000043e-04
3.035000000000000142e+01 7.219493104000000239e-04
3.037500000000000000e+01 7.177907905000000368e-04
3.039999999999999858e+01 7.134300207999999923e-04
3.042500000000000071e+01 7.115074291999999795e-04
3.044999999999999929e+01 7.075253616000000238e-04
3.047500000000000142e+01 7.047853277000000385e-04
3.050000000000000000e+01 7.051094755000000391e-04
3.052499999999999858e+01 6.980221495999999965e-04
3.055000000000000071e+01 7.000242075999999532e-04
3.057499999999999929e+01 6.957170220000000139e-04
3.060000000000000142e+01 6.918062026000000326e-04
3.062500000000000000e+01 6.891836161999999929e-04
3.064999999999999858e+01 6.872297385999999843e-04
3.067500000000000071e+01 6.854598969000000406e-04
3.069999999999999929e+01 6.805122385000000017e-04
3.072500000000000142e+01 6.776859775000000250e-04
3.075000000000000000e+01 6.743127089000000530e-04
3.077499999999999858e+01 6.702489527999999468e-04
3.080000000000000071e+01 6.691125367000000075e-04
3.082499999999999929e+01 6.677060933999999807e-04
3.085000000000000142e+01 6.652729975999999591e-04
3.087500000000000000e+01 6.603196889999999892e-04
3.089999999999999858e+01 6.575000486999999687e-04
3.092500000000000071e+01 6.555471346999999912e-04
3.094999999999999929e+01 6.530559409999999679e-04
3.097500000000000142e+01 6.527904653999999944e-04
3.100000000000000000e+01 6.486999217000000454e-04
3.102499999999999858e+01 6.452665470000000080e-04
3.105000000000000071e+01 6.435926054000000018e-04
3.107499999999999929e+01 6.432062140000000200e-04
3.110000000000000142e+01 6.390036602999999739e-04
3.112500000000000000e+01 6.373651216999999926e-04
3.114999999999999858e+01 6.322199525000000422e-04
3.117500000000000071e+01 6.312219994999999700e-04
3.119999999999999929e+01 6.302181292999999495e-04
3.122500000000000142e+01 6.267907909999999912e-04
3.125000000000000000e+01 6.220319095000000466e-04
3.127499999999999858e+01 6.198067726000000164e-04
3.130000000000000071e+01 6.206915973999999492e-04
3.132499999999999929e+01 6.149925551999999842e-04
3.135000000000000142e+01 6.127527886999999942e-04
3.137500000000000000e+01 6.106415330999999998e-04
3.139999999999999858e+01 6.046504893000000189e-04
3.142500000000000071e+01 6.059539279000000040e-04
3.144999999999999929e+01 6.039808371000000495e-04
3.147500000000000142e+01 6.008822979999999588e-04
3.150000000000000000e+01 5.979700831000000485e-04
3.152499999999999858e+01 5.969635448999999552e-04
3.155000000000000071e+01 5.929435566999999730e-04
3.157499999999999929e+01 5.915213441000000301e-04
3.160000000000000142e+01 5.880300270999999981e-04
3.162500000000000000e+01 5.882374364000000390e-04
3.164999999999999858e+01 5.850306300000000315e-04
3.167500000000000071e+01 5.829133270000000019e-04
3.169999999999999929e+01 5.803443248000000453e-04
3.172500000000000142e+01 5.778595812000000310e-04
3.175000000000000000e+01 5.734022339000000457e-04
3.177499999999999858e+01 5.729398554000000301e-04
3.180000000000000071e+01 5.695613183999999459e-04
3.182499999999999929e+01 5.663907527000000422e-04
3.185000000000000142e+01 5.662004984999999529e-04
3.187500000000000000e+01 5.641778610000000452e-04
3.189999999999999858e+01 5.610310309000000363e-04
3.192500000000000071e+01 5.601126651999999888e-04
3.194999999999999929e+01 5.562925871000000237e-04
3.197500000000000142e+01 5.560764962000000000e-04
3.200000000000000000e+01 5.520966582999999820e-04
3.202499999999999858e+01 5.495948097000000112e-04
3.204999999999999716e+01 5.483082552999999542e-04
3.207500000000000284e+01 5.456099381999999619e-04
3.210000000000000142e+01 5.445755259000000306e-04
3.212500000000000000e+01 5.399005736999999997e-04
3.214999999999999858e+01 5.381220429999999727e-04
3.217499999999999716e+01 5.361196608000000537e-04
3.220000000000000284e+01 5.335034484000000235e-04
3.222500000000000142e+01 5.314962043999999722e-04
3.225000000000000000e+01 5.295836963000000001e-04
3.227499999999999858e+01 5.276823581999999556e-04
3.229999999999999716e+01 5.256756380000000232e-04
3.232500000000000284e+01 5.236745976999999681e-04
3.235000000000000142e+01 5.214214066999999517e-04
3.237500000000000000e+01 5.202822206999999999e-04
3.239999999999999858e+01 5.181415885999999691e-04
3.242499999999999716e+01 5.163998609000000108e-04
3.245000000000000284e+01 5.146799215999999649e-04
3.247500000000000142e+01 5.097249175000000479e-04
3.250000000000000000e+01 5.104321894000000319e-04
3.252499999999999858e+01 5.065050937999999699e-04
3.254999999999999716e+01 5.049160793000000537e-04
3.257500000000000284e+01 5.026340680000000120e-04
3.260000000000000142e+01 5.020579824999999580e-04
3.262500000000000000e+01 4.993968636000000383e-04
3.264999999999999858e+01 4.971777290000000283e-04
3.267499999999999716e+01 4.954985169000000484e-04
3.270000000000000284e+01 4.929920664000000128e-04
3.272500000000000142e+01 4.891962605000000535e-04
3.275000000000000000e+01 4.878343097999999762e-04
3.277499999999999858e+01 4.874974636000000078e-04
3.279999999999999716e+01 4.860300004999999778e-04
3.282500000000000284e+01 4.838953283999999845e-04
3.285000000000000142e+01 4.815777322000000266e-04
3.287500000000000000e+01 4.797611621000000249e-04
3.289999999999999858e+01 4.758158124999999896e-04
3.292499999999999716e+01 4.753348539000000245e-04
3.295000000000000284e+01 4.733750501999999731e-04
3.297500000000000142e+01 4.717732296000000207e-04
3.300000000000000000e+01 4.699987298999999869e-04
3.302499999999999858e+01 4.666047858000000139e-04
3.304999999999999716e+01 4.668662860000000214e-04
3.307500000000000284e+01 4.651460210000000193e-04
3.310000000000000142e+01 4.623053271000000125e-04
3.312500000000000000e+01 4.611441695000000019e-04
3.314999999999999858e+01 4.590643326000000261e-04
3.317499999999999716e+01 4.557390053000000035e-04
3.320000000000000284e+01 4.566856552999999956e-04
3.322500000000000142e+01 4.522771517000000077e-04
3.325000000000000000e+01 4.509767939000000072e-04
3.327499999999999858e+01 4.507036477000000226e-04
3.329999999999999716e+01 4.498223414999999946e-04
3.332500000000000284e+01 4.459703844000000180e-04
3.335000000000000142e+01 4.435062939000000183e-04
3.337500000000000000e+01 4.431424113999999975e-04
3.339999999999999858e+01 4.401870647000000018e-04
3.342499999999999716e+01 4.385544387999999868e-04
3.345000000000000284e+01 4.355251405000000096e-04
3.347500000000000142e+01 4.363718135000000157e-04
3.350000000000000000e+01 4.347851633999999976e-04
3.352499999999999858e+01 4.320016610000000147e-04
3.354999999999999716e+01 4.285232088999999900e-04
3.357500000000000284e+01 4.279124050000000269e-04
3.360000000000000142e+01 4.270975163000000204e-04
3.362500000000000000e+01 4.251511662999999980e-04
3.364999999999999858e+01 4.233306246999999820e-04
3.367499999999999716e+01 4.213798184999999739e-04
3.370000000000000284e+01 4.201805436999999852e-04
3.372500000000000142e+01 4.181142301999999874e-04
3.375000000000000000e+01 4.160434079000000190e-04
3.377499999999999858e+01 4.149949302999999764e-04
3.379999999999999716e+01 4.118563033999999971e-04
3.382500000000000284e+01 4.113827394000000074e-04
3.385000000000000142e+01 4.106321847999999772e-04
3.387500000000000000e+01 4.073773831999999971e-04
3.389999999999999858e+01 4.076821683999999764e-04
3.392499999999999716e+01 4.044325077999999995e-04
3.395000000000000284e+01 4.036372640000000138e-04
3.397500000000000142e+01 4.008208786999999974e-04
3.400000000000000000e+01 4.015074948000000210e-04
3.402499999999999858e+01 3.989525577000000030e-04
3.404999999999999716e+01 3.978121720999999874e-04
3.407500000000000284e+01 3.959453546999999805e-04
3.410000000000000142e+01 3.939525250999999792e-04
3.412500000000000000e+01 3.919652237999999948e-04
3.414999999999999858e+01 3.893881252000000047e-04
3.417499999999999716e+01 3.895558980000000233e-04
3.420000000000000284e+01 3.861745699999999783e-04
3.422500000000000142e+01 3.852146349000000209e-04
3.425000000000000000e+01 3.837808216000000174e-04
3.427499999999999858e+01 3.833841831999999978e-04
3.429999999999999716e+01 3.801214177999999748e-04
3.432500000000000284e+01 3.787277682000000120e-04
3.435000000000000142e+01 3.773917513999999794e-04
3.437500000000000000e+01 3.752163242000000100e-04
3.439999999999999858e+01 3.746848801999999828e-04
3.442499999999999716e+01 3.735223006000000165e-04
3.445000000000000284e+01 3.727218634999999764e-04
3.447500000000000142e+01 3.702108282999999806e-04
3.450000000000000000e+01 3.687802861000000036e-04
3.452499999999999858e+01 3.666400203999999941e-04
3.454999999999999716e+01 3.651338359000000041e-04
3.457500000000000284e+01 3.646315121000000183e-04
3.460000000000000142e+01 3.636333487000000062e-04
3.462500000000000000e+01 3.599287912999999989e-04
3.464999999999999858e+01 3.595646168000000064e-04
3.467499999999999716e+01 3.588155420999999934e-04
3.470000000000000284e+01 3.580605265999999855e-04
3.472500000000000142e+01 3.568784758999999978e-04
3.475000000000000000e+01 3.546520233000000099e-04
3.477499999999999858e+01 3.527987885000000265e-04
3.479999999999999716e+01 3.511397520000000176e-04
3.482500000000000284e+01 3.489759417999999786e-04
3.485000000000000142e+01 3.495629012000000266e-04
3.487500000000000000e+01 3.487775800999999760e-04
3.489999999999999858e+01 3.470538383999999775e-04
3.492499999999999716e+01 3.438933950000000028e-04
3.495000000000000284e+01 3.425574359000000215e-04
3.497500000000000142e+01 3.411774213000000030e-04
3.500000000000000000e+01 3.401525650999999754e-04
3.502499999999999858e+01 3.390723124999999935e-04
3.504999999999999716e+01 3.365230529000000034e-04
3.507500000000000284e+01 3.355550570999999891e-04
3.510000000000000142e+01 3.358412581000000028e-04
3.512500000000000000e+01 3.333278555000000125e-04
3.514999999999999858e+01 3.322329156000000195e-04
3.517499999999999716e+01 3.300964921999999875e-04
3.520000000000000284e+01 3.292677533000000186e-04
3.522500000000000142e+01 3.271563606999999753e-04
3.525000000000000000e+01 3.261279821000000146e-04
3.527499999999999858e+01 3.247632577999999830e-04
3.529999999999999716e+01 3.243701381000000088e-04
3.532500000000000284e+01 3.230704102999999846e-04
3.535000000000000142e+01 3.213826824999999770e-04
3.537500000000000000e+01 3.201901806999999755e-04
3.539999999999999858e+01 3.191719086000000178e-04
3.542499999999999716e+01 3.164667626000000232e-04
3.545000000000000284e+01 3.146981835999999779e-04
3.547500000000000142e+01 3.141371746000000170e-04
3.550000000000000000e+01 3.131665642999999872e-04
3.552499999999999858e+01 3.122540237000000067e-04
3.554999999999999716e+01 3.102258423000000035e-04
3.557500000000000284e+01 3.087206417000000068e-04
3.560000000000000142e+01 3.095160145000000191e-04
3.562500000000000000e+01 3.072000917000000100e-04
3.564999999999999858e+01 3.053572676000000175e-04
3.567499999999999716e+01 3.053193810000000177e-04
3.570000000000000284e+01 3.037635956999999872e-04
3.572500000000000142e+01 3.023187035999999736e-04
3.575000000000000000e+01 3.005635417000000168e-04
3.577499999999999858e+01 3.004605078000000267e-04
3.579999999999999716e+01 2.982636635999999833e-04
3.582500000000000284e+01 2.964081910999999858e-04
3.585000000000000142e+01 2.967086410999999839e-04
3.587500000000000000e+01 2.954526347999999764e-04
3.589999999999999858e+01 2.929806034000000266e-04
3.592499999999999716e+01 2.935307281999999913e-04
3.595000000000000284e+01 2.911116946000000066e-04
3.597500000000000142e+01 2.897459865999999916e-04
3.600000000000000000e+01 2.891809347999999870e-04
3.602499999999999858e+01 2.880942342000000203e-04
3.604999999999999716e+01 2.876828436999999883e-04
3.607500000000000284e+01 2.860155136000000183e-04
3.610000000000000142e+01 2.839093303000000197e-04
3.612500000000000000e+01 2.826753231999999932e-04
3.614999999999999858e+01 2.819645677000000186e-04
3.617499999999999716e+01 2.800929375999999869e-04
3.620000000000000284e+01 2.796636064000000200e-04
3.622500000000000142e+01 2.800573630999999967e-04
3.625000000000000000e+01 2.772672917000000244e-04
3.627499999999999858e+01 2.762317709000000230e-04
3.629999999999999716e+01 2.750369847999999985e-04
3.632500000000000284e+01 2.740103779000000166e-04
3.635000000000000142e+01 2.727762158000000131e-04
3.637500000000000000e+01 2.713043067000000218e-04
3.639999999999999858e+01 2.706776654999999807e-04
3.642499999999999716e+01 2.695027498999999754e-04
3.645000000000000284e+01 2.690356637999999812e-04
3.647500000000000142e+01 2.667813205000000264e-04
3.650000000000000000e+01 2.660244909000000248e-04
3.652499999999999858e+01 2.659518171000000222e-04
3.654999999999999716e+01 2.628057865999999950e-04
3.657500000000000284e+01 2.633122559999999824e-04
3.660000000000000142e+01 2.614533791000000140e-04
3.662500000000000000e+01 2.608221122000000140e-04
3.664999999999999858e+01 2.605715065000000050e-04
3.667499999999999716e+01 2.585562855999999849e-04
3.670000000000000284e+01 2.574510687000000197e-04
3.672500000000000142e+01 2.564308762999999939e-04
3.675000000000000000e+01 2.557218063999999844e-04
3.677499999999999858e+01 2.540546541999999758e-04
3.679999999999999716e+01 2.541461252999999924e-04
3.682500000000000284e+01 2.520489929999999859e-04
3.685000000000000142e+01 2.512202360000000026e-04
3.687500000000000000e+01 2.500407209999999767e-04
3.689999999999999858e+01 2.496018420000000078e-04
3.692499999999999716e+01 2.487601605999999839e-04
3.695000000000000284e+01 2.475181807999999825e-04
3.697500000000000142e+01 2.461560487999999900e-04
3.700000000000000000e+01 2.448395744999999862e-04
3.702499999999999858e+01 2.443638433000000260e-04
3.704999999999999716e+01 2.420735111000000075e-04
3.707500000000000284e+01 2.416414762999999962e-04
3.710000000000000142e+01 2.411817282000000085e-04
3.712500000000000000e+01 2.402581001999999925e-04
3.714999999999999858e+01 2.396611080000000103e-04
3.717499999999999716e+01 2.381181940999999881e-04
3.720000000000000284e+01 2.370624772999999942e-04
3.722500000000000142e+01 2.366546481000000055e-04
3.725000000000000000e+01 2.363263889999999909e-04
3.727499999999999858e+01 2.340293544000000066e-04
3.729999999999999716e+01 2.333736723000000030e-04
3.732500000000000284e+01 2.319457429000000104e-04
3.735000000000000142e+01 2.316604345999999912e-04
3.737500000000000000e+01 2.311914071000000079e-04
3.739999999999999858e+01 2.293378671999999913e-04
3.742499999999999716e+01 2.283816189000000094e-04
3.745000000000000284e+01 2.274167436999999996e-04
3.747500000000000142e+01 2.273676769999999987e-04
3.750000000000000000e+01 2.251254049999999913e-04
3.752499999999999858e+01 2.250130945000000107e-04
3.754999999999999716e+01 2.242612529000000002e-04
3.757500000000000284e+01 2.226442625000000131e-04
3.760000000000000142e+01 2.220586914999999955e-04
3.762500000000000000e+01 2.215217128000000096e-04
3.764999999999999858e+01 2.201678274000000034e-04
3.767499999999999716e+01 2.202531340999999915e-04
3.770000000000000284e+01 2.187530196000000060e-04
3.772500000000000142e+01 2.173740765999999935e-04
3.775000000000000000e+01 2.173319815000000050e-04
3.777499999999999858e+01 2.157368119999999903e-04
3.779999999999999716e+01 2.153951699000000003e-04
3.782500000000000284e+01 2.143504185999999922e-04
3.785000000000000142e+01 2.127331034999999906e-04
3.787500000000000000e+01 2.112336000000000031e-04
3.789999999999999858e+01 2.110344558000000102e-04
3.792499999999999716e+01 2.100475229000000092e-04
3.795000000000000284e+01 2.095715189999999893e-04
3.797500000000000142e+01 2.082961323999999934e-04
3.800000000000000000e+01 2.080272716000000101e-04
3.802499999999999858e+01 2.065399027000000044e-04
3.804999999999999716e+01 2.064496721999999963e-04
3.807500000000000284e+01 2.047856686999999936e-04
3.810000000000000142e+01 2.048749294000000117e-04
3.812500000000000000e+01 2.041024056999999942e-04
3.814999999999999858e+01 2.031828903000000032e-04
3.817499999999999716e+01 2.010350933000000116e-04
3.820000000000000284e+01 2.006653506000000045e-04
3.822500000000000142e+01 1.997217498000000094e-04
3.825000000000000000e+01 1.997533515000000015e-04
3.827499999999999858e+01 1.988230494000000042e-04
3.829999999999999716e+01 1.969747847000000076e-04
3.832500000000000284e+01 1.959887048000000134e-04
3.835000000000000142e+01 1.960699032000000027e-04
3.837500000000000000e+01 1.950862611999999924e-04
3.839999999999999858e+01 1.939510734000000132e-04
3.842499999999999716e+01 1.937964307000000102e-04
3.845000000000000284e+01 1.926573139000000096e-04
3.847500000000000142e+01 1.924368647999999881e-04
3.850000000000000000e+01 1.910978281999999983e-04
3.852499999999999858e+01 1.910580515999999883e-04
3.854999999999999716e+01 1.895974789000000132e-04
3.857500000000000284e+01 1.885443496000000071e-04
3.860000000000000142e+01 1.886334567000000101e-04
3.862500000000000000e+01 1.871387029000000010e-04
3.864999999999999858e+01 1.866404221999999927e-04
3.867499999999999716e+01 1.859068150000000013e-04
3.870000000000000284e+01 1.852651353000000134e-04
3.872500000000000142e+01 1.841427331999999947e-04
3.875000000000000000e+01 1.831754383999999983e-04
3.877499999999999858e+01 1.829909393000000116e-04
3.879999999999999716e+01 1.817261200000000096e-04
3.882500000000000284e+01 1.814190011999999982e-04
3.885000000000000142e+01 1.808910828000000106e-04
3.887500000000000000e+01 1.794051101999999983e-04
3.889999999999999858e+01 1.785556724999999968e-04
3.892499999999999716e+01 1.784861578000000075e-04
3.895000000000000284e+01 1.765197585999999914e-04
3.897500000000000142e+01 1.769234542000000120e-04
3.900000000000000000e+01 1.753676500000000082e-04
3.902499999999999858e+01 1.757749079999999917e-04
3.904999999999999716e+01 1.741477703000000128e-04
3.907500000000000284e+01 1.735243250999999947e-04
3.910000000000000142e+01 1.716954612999999910e-04
3.912500000000000000e+01 1.719137220000000073e-04
3.914999999999999858e+01 1.721307160000000057e-04
3.917499999999999716e+01 1.702397603999999997e-04
3.920000000000000284e+01 1.697534893000000118e-04
3.922500000000000142e+01 1.702800100999999949e-04
3.925000000000000000e+01 1.680028873999999946e-04
3.927499999999999858e+01 1.677476929999999872e-04
3.929999999999999716e+01 1.669652884999999972e-04
3.932500000000000284e+01 1.661831298999999951e-04
3.935000000000000142e+01 1.652595846000000119e-04
3.937500000000000000e+01 1.643215444000000022e-04
3.939999999999999858e+01 1.635374273999999975e-04
3.942499999999999716e+01 1.629388767000000085e-04
3.945000000000000284e+01 1.635201831999999900e-04
3.947500000000000142e+01 1.621756065999999921e-04
3.950000000000000000e+01 1.611782642000000063e-04
3.952499999999999858e+01 1.606741870999999898e-04
3.954999999999999716e+01 1.599148377000000117e-04
3.957500000000000284e+01 1.589954020000000114e-04
3.960000000000000142e+01 1.582096339000000121e-04
3.962500000000000000e+01 1.577848179000000120e-04
3.964999999999999858e+01 1.570975366000000064e-04
3.967499999999999716e+01 1.561652806999999936e-04
3.970000000000000284e+01 1.557771553000000017e-04
3.972500000000000142e+01 1.554977242000000093e-04
3.975000000000000000e+01 1.547201263999999868e-04
3.977499999999999858e+01 1.541833135000000052e-04
3.979999999999999716e+01 1.534376512000000124e-04
3.982500000000000284e+01 1.526632919000000057e-04
3.985000000000000142e+01 1.521683679000000126e-04
3.987500000000000000e+01 1.509102826999999961e-04
3.989999999999999858e+01 1.506481255999999897e-04
3.992499999999999716e+01 1.505297602000000038e-04
3.995000000000000284e+01 1.497943737000000043e-04
3.997500000000000142e+01 1.482031533999999954e-04
4.000000000000000000e+01 1.485888427000000124e-04
4.002499999999999858e+01 1.474704695999999951e-04
4.004999999999999716e+01 1.467321887999999976e-04
4.007500000000000284e+01 1.462505072999999991e-04
4.010000000000000142e+01 1.453681179000000060e-04
4.012500000000000000e+01 1.449662391000000063e-04
4.014999999999999858e+01 1.443162385999999925e-04
4.017499999999999716e+01 1.434345338000000069e-04
4.020000000000000284e+01 1.427228192999999883e-04
4.022500000000000142e+01 1.425698737000000128e-04
4.025000000000000000e+01 1.426959245999999989e-04
4.027499999999999858e+01 1.413092408000000012e-04
4.029999999999999716e+01 1.403297442999999875e-04
4.032500000000000284e+01 1.397362738999999895e-04
4.035000000000000142e+01 1.398179593999999894e-04
4.037500000000000000e+01 1.394467999999999945e-04
4.039999999999999858e+01 1.382010933999999877e-04
4.042499999999999716e+01 1.373311749000000041e-04
4.045000000000000284e+01 1.370599651000000015e-04
4.047500000000000142e+01 1.363081756000000051e-04
4.050000000000000000e+01 1.355192411000000056e-04
4.052499999999999858e+01 1.351466739999999868e-04
4.054999999999999716e+01 1.347009724000000066e-04
4.057500000000000284e+01 1.341482302999999943e-04
4.060000000000000142e+01 1.333000179999999969e-04
4.062500000000000000e+01 1.328325995000000082e-04
4.064999999999999858e+01 1.323065108999999895e-04
4.067499999999999716e+01 1.312508074999999908e-04
4.070000000000000284e+01 1.310365480999999943e-04
4.072500000000000142e+01 1.301584697999999920e-04
4.075000000000000000e+01 1.297209262999999993e-04
4.077499999999999858e+01 1.290958839999999878e-04
4.079999999999999716e+01 1.288668077000000047e-04
4.082500000000000284e+01 1.279344313000000126e-04
4.085000000000000142e+01 1.275524733000000101e-04
4.087500000000000000e+01 1.271126000000000135e-04
4.089999999999999858e+01 1.267884491999999978e-04
4.092499999999999716e+01 1.259775985000000109e-04
4.095000000000000284e+01 1.252758958000000104e-04
4.097500000000000142e+01 1.248906495999999901e-04
4.100000000000000000e+01 1.240413899999999871e-04
4.102499999999999858e+01 1.234535127000000072e-04
4.104999999999999716e+01 1.230617771000000102e-04
4.107500000000000284e+01 1.221551901999999947e-04
4.110000000000000142e+01 1.214921664000000022e-04
4.112500000000000000e+01 1.215607032000000012e-04
4.114999999999999858e+01 1.209003677000000031e-04
4.117499999999999716e+01 1.201796248000000023e-04
4.120000000000000284e+01 1.198233268999999973e-04
4.122500000000000142e+01 1.193232709999999971e-04
4.125000000000000000e+01 1.190245082000000038e-04
4.127499999999999858e+01 1.177704998000000036e-04
4.129999999999999716e+01 1.176792698000000048e-04
4.132500000000000284e+01 1.170152770999999996e-04
4.135000000000000142e+01 1.160573023000000046e-04
4.137500000000000000e+01 1.162301139999999953e-04
4.139999999999999858e+01 1.159691626999999982e-04
4.142499999999999716e+01 1.149384623000000016e-04
4.145000000000000284e+01 1.143280483999999981e-04
4.147500000000000142e+01 1.143768302000000044e-04
4.150000000000000000e+01 1.135741460999999981e-04
4.152499999999999858e+01 1.129188161999999940e-04
4.154999999999999716e+01 1.125312449000000025e-04
4.157500000000000284e+01 1.121608778000000021e-04
4.160000000000000142e+01 1.116487858000000060e-04
4.162500000000000000e+01 1.109965622000000065e-04
4.164999999999999858e+01 1.101632968000000048e-04
4.167499999999999716e+01 1.100075254000000015e-04
4.170000000000000284e+01 1.095147149999999979e-04
4.172500000000000142e+01 1.091123716000000062e-04
4.175000000000000000e+01 1.083193782999999997e-04
4.177499999999999858e+01 1.080840194999999938e-04
4.179999999999999716e+01 1.073834735999999951e-04
4.182500000000000284e+01 1.071282798000000044e-04
4.185000000000000142e+01 1.064547537999999935e-04
4.187500000000000000e+01 1.062181166999999970e-04
4.189999999999999858e+01 1.054785365000000065e-04
4.192499999999999716e+01 1.045226557999999977e-04
4.195000000000000284e+01 1.049866689000000059e-04
4.197500000000000142e+01 1.038167767999999990e-04
4.200000000000000000e+01 1.036346135000000058e-04
4.202499999999999858e+01 1.030674328000000023e-04
4.204999999999999716e+01 1.028182918999999976e-04
4.207500000000000284e+01 1.017796623000000015e-04
4.210000000000000142e+01 1.016033168999999983e-04
4.212500000000000000e+01 1.009725950000000026e-04
4.214999999999999858e+01 1.004052150999999981e-04
4.217499999999999716e+01 1.000217785999999944e-04
4.220000000000000284e+01 1.001125435000000031e-04
4.222500000000000142e+01 9.939776610999999395e-05
4.225000000000000000e+01 9.859285184999999716e-05
4.227499999999999858e+01 9.843485717000000459e-05
4.229999999999999716e+01 9.758134539999999645e-05
4.232500000000000284e+01 9.739155292999999362e-05
4.235000000000000142e+01 9.716406309000000089e-05
4.237500000000000000e+01 9.658738389000000443e-05
4.239999999999999858e+01 9.556531185000000344e-05
4.242499999999999716e+01 9.526050111999999435e-05
4.245000000000000284e+01 9.500066898999999867e-05
4.247500000000000142e+01 9.441143663999999609e-05
4.250000000000000000e+01 9.421061500000000330e-05
4.252499999999999858e+01 9.365949892000000542e-05
4.254999999999999716e+01 9.375215029000000158e-05
4.257500000000000284e+01 9.313233770999999493e-05
4.260000000000000142e+01 9.227485391999999524e-05
4.262500000000000000e+01 9.172393946000000325e-05
4.264999999999999858e+01 9.161502745000000571e-05
4.267499999999999716e+01 9.089918466999999326e-05
4.270000000000000284e+01 9.025596160999999724e-05
4.272500000000000142e+01 9.027504073999999539e-05
4.275000000000000000e+01 8.987261322000000255e-05
4.277499999999999858e+01 8.921103753000000566e-05
4.279999999999999716e+01 8.888790517999999702e-05
4.282500000000000284e+01 8.863281237000000606e-05
4.285000000000000142e+01 8.802861737000000294e-05
4.287500000000000000e+01 8.760462993000000479e-05
4.289999999999999858e+01 8.699975383999999695e-05
4.292499999999999716e+01 8.672308995999999644e-05
4.295000000000000284e+01 8.698507601999999562e-05
4.297500000000000142e+01 8.616186572000000441e-05
4.300000000000000000e+01 8.566496645999999962e-05
4.302499999999999858e+01 8.494588468000000047e-05
4.304999999999999716e+01 8.455756041999999489e-05
4.307500000000000284e+01 8.471273751999999844e-05
4.310000000000000142e+01 8.366580217000000035e-05
4.312500000000000000e+01 8.338755307000000124e-05
4.314999999999999858e+01 8.267044133999999333e-05
4.317499999999999716e+01 8.283214206000000322e-05
4.320000000000000284e+01 8.184566156000000513e-05
4.322500000000000142e+01 8.164138884999999645e-05
4.325000000000000000e+01 8.141689651000000674e-05
4.327499999999999858e+01 8.061612420000000446e-05
4.329999999999999716e+01 8.104913513000000654e-05
4.332500000000000284e+01 7.959135081999999396e-05
4.335000000000000142e+01 7.966930261000000472e-05
4.337500000000000000e+01 7.927875393999999915e-05
4.339999999999999858e+01 7.879077356000000105e-05
4.342499999999999716e+01 7.850252129999999481e-05
4.345000000000000284e+01 7.782931618999999409e-05
4.347500000000000142e+01 7.758074036999999367e-05
4.350000000000000000e+01 7.746678948000000338e-05
4.352499999999999858e+01 7.704066723999999466e-05
4.354999999999999716e+01 7.711023745999999901e-05
4.357500000000000284e+01 7.655235864000000323e-05
4.360000000000000142e+01 7.589750579999999614e-05
4.362500000000000000e+01 7.521005092999999723e-05
4.364999999999999858e+01 7.512111418999999979e-05
4.367499999999999716e+01 7.416458853000000616e-05
4.370000000000000284e+01 7.426529891000000416e-05
4.372500000000000142e+01 7.368863805999999400e-05
4.375000000000000000e+01 7.316364640000000430e-05
4.377499999999999858e+01 7.308147173000000636e-05
4.379999999999999716e+01 7.285094168000000455e-05
4.382500000000000284e+01 7.219532722000000661e-05
4.385000000000000142e+01 7.216555526999999452e-05
4.387500000000000000e+01 7.163102327000000070e-05
4.389999999999999858e+01 7.142112060999999371e-05
4.392499999999999716e+01 7.091913660000000489e-05
4.395000000000000284e+01 7.053019480000000086e-05
4.397500000000000142e+01 6.992372084999999939e-05
4.400000000000000000e+01 6.969168211000000110e-05
4.402499999999999858e+01 6.922871067000000258e-05
4.404999999999999716e+01 6.827148038999999362e-05
4.407500000000000284e+01 6.840148026999999617e-05
4.410000000000000142e+01 6.830428918000000277e-05
4.412500000000000000e+01 6.757020405999999545e-05
4.414999999999999858e+01 6.772486723000000180e-05
4.417499999999999716e+01 6.734767138999999618e-05
4.420000000000000284e+01 6.640681794999999592e-05
4.422500000000000142e+01 6.645107003999999528e-05
4.425000000000000000e+01 6.584295324999999669e-05
4.427499999999999858e+01 6.552293331000000407e-05
4.429999999999999716e+01 6.513540076999999647e-05
4.432500000000000284e+01 6.483139233000000654e-05
4.435000000000000142e+01 6.432328923000000392e-05
4.437500000000000000e+01 6.389159094000000649e-05
4.439999999999999858e+01 6.389178532000000391e-05
4.442499999999999716e+01 6.349090296000000115e-05
4.445000000000000284e+01 6.301878479999999615e-05
4.447500000000000142e+01 6.265395855999999553e-05
4.450000000000000000e+01 6.247734641000000108e-05
4.452499999999999858e+01 6.182818022999999664e-05
4.454999999999999716e+01 6.169163159000000201e-05
4.457500000000000284e+01 6.126649651000000397e-05
4.460000000000000142e+01 6.091839080000000157e-05
4.462500000000000000e+01 6.058783773000000149e-05
4.464999999999999858e+01 6.021802581999999933e-05
4.467499999999999716e+01 5.996508071000000262e-05
4.470000000000000284e+01 5.943356390000000293e-05
4.472500000000000142e+01 5.897263228999999763e-05
4.475000000000000000e+01 5.882449092999999889e-05
4.477499999999999858e+01 5.840578087000000273e-05
4.479999999999999716e+01 5.818176744000000134e-05
4.482500000000000284e+01 5.799772632000000099e-05
4.485000000000000142e+01 5.735208797999999679e-05
4.487500000000000000e+01 5.687153648999999922e-05
4.489999999999999858e+01 5.721388320999999769e-05
4.492499999999999716e+01 5.677116055999999704e-05
4.495000000000000284e+01 5.609631047000000287e-05
4.497500000000000142e+01 5.563305474000000244e-05
4.500000000000000000e+01 5.557539253000000221e-05
4.502499999999999858e+01 5.537130441999999994e-05
4.504999999999999716e+01 5.502516391999999918e-05
4.507500000000000284e+01 5.434783860000000192e-05
4.510000000000000142e+01 5.409437832999999910e-05
4.512500000000000000e+01 5.391681707999999694e-05
4.514999999999999858e+01 5.364083309000000188e-05
4.517499999999999716e+01 5.294751321999999926e-05
4.520000000000000284e+01 5.300859030000000012e-05
4.522500000000000142e+01 5.237716857999999968e-05
4.525000000000000000e+01 5.221039459000000082e-05
4.527499999999999858e+01 5.173962869999999961e-05
4.529999999999999716e+01 5.132859019999999763e-05
4.532500000000000284e+01 5.105744372999999843e-05
4.535000000000000142e+01 5.056855648000000032e-05
4.537500000000000000e+01 5.063799075999999818e-05
4.539999999999999858e+01 5.039200650999999892e-05
4.542499999999999716e+01 4.996213913999999817e-05
4.545000000000000284e+01 4.973750369999999885e-05
4.547500000000000142e+01 4.899453188999999934e-05
4.550000000000000000e+01 4.873511673000000151e-05
4.552499999999999858e+01 4.858948518000000212e-05
4.554999999999999716e+01 4.824622880999999822e-05
4.557500000000000284e+01 4.795556565000000181e-05
4.560000000000000142e+01 4.758228712000000252e-05
4.562500000000000000e+01 4.733335821999999778e-05
4.564999999999999858e+01 4.716399600000000013e-05
4.567499999999999716e+01 4.666729925000000256e-05
4.570000000000000284e+01 4.661013073000000234e-05
4.572500000000000142e+01 4.610423138000000311e-05
4.575000000000000000e+01 4.600806055999999840e-05
4.577499999999999858e+01 4.523195617000000336e-05
4.579999999999999716e+01 4.529369595999999944e-05
4.582500000000000284e+01 4.485872113000000322e-05
4.585000000000000142e+01 4.463770019000000129e-05
4.587500000000000000e+01 4.444440316999999948e-05
4.589999999999999858e+01 4.388440464999999920e-05
4.592499999999999716e+01 4.350928906999999900e-05
4.595000000000000284e+01 4.311911686000000082e-05
4.597500000000000142e+01 4.318692165000000106e-05
4.600000000000000000e+01 4.286163098000000157e-05
4.602499999999999858e+01 4.213146889999999829e-05
4.604999999999999716e+01 4.222023565999999704e-05
4.607500000000000284e+01 4.195089398999999887e-05
4.610000000000000142e+01 4.144095319999999979e-05
4.612500000000000000e+01 4.131295573999999981e-05
4.614999999999999858e+01 4.111029191000000144e-05
4.617499999999999716e+01 4.080093958000000098e-05
4.620000000000000284e+01 4.030098718999999699e-05
4.622500000000000142e+01 4.018316188999999971e-05
4.625000000000000000e+01 3.995788202999999930e-05
4.627499999999999858e+01 3.963077064999999676e-05
4.629999999999999716e+01 3.904229932999999877e-05
4.632500000000000284e+01 3.913715543000000145e-05
4.635000000000000142e+01 3.858508426999999915e-05
4.637500000000000000e+01 3.820534236999999672e-05
4.639999999999999858e+01 3.799153119000000194e-05
4.642499999999999716e+01 3.774776508999999733e-05
4.645000000000000284e+01 3.748768787999999947e-05
4.647500000000000142e+01 3.703086571000000014e-05
4.650000000000000000e+01 3.670686021000000286e-05
4.652499999999999858e+01 3.663562694999999671e-05
4.654999999999999716e+01 3.622702716000000172e-05
4.657500000000000284e+01 3.587781389000000082e-05
4.660000000000000142e+01 3.558829494000000012e-05
4.662500000000000000e+01 3.540431871999999929e-05
4.664999999999999858e+01 3.520282765000000045e-05
4.667499999999999716e+01 3.462468690999999664e-05
4.670000000000000284e+01 3.479682768000000076e-05
4.672500000000000142e+01 3.432105938999999682e-05
4.675000000000000000e+01 3.405234880999999988e-05
4.677499999999999858e+01 3.378820999000000036e-05
4.679999999999999716e+01 3.333295872000000020e-05
4.682500000000000284e+01 3.320655505999999733e-05
4.685000000000000142e+01 3.296380929000000069e-05
4.687500000000000000e+01 3.250166282999999924e-05
4.689999999999999858e+01 3.237343456999999721e-05
4.692499999999999716e+01 3.204378047999999668e-05
4.695000000000000284e+01 3.181756078000000224e-05
4.697500000000000142e+01 3.145377381000000248e-05
4.700000000000000000e+01 3.115426617999999805e-05
4.702499999999999858e+01 3.062301320000000016e-05
4.704999999999999716e+01 3.061696659000000194e-05
4.707500000000000284e+01 3.038594040999999889e-05
4.710000000000000142e+01 3.015121014999999833e-05
4.712500000000000000e+01 2.974452746999999863e-05
4.714999999999999858e+01 2.965938845999999853e-05
4.717499999999999716e+01 2.913447280999999973e-05
4.720000000000000284e+01 2.899281225999999963e-05
4.722500000000000142e+01 2.861128008999999869e-05
4.725000000000000000e+01 2.845591238999999915e-05
4.727499999999999858e+01 2.834209769000000081e-05
4.729999999999999716e+01 2.796143839000000020e-05
4.732500000000000284e+01 2.762088030999999835e-05
4.735000000000000142e+01 2.744884256999999888e-05
4.737500000000000000e+01 2.687241285999999836e-05
4.739999999999999858e+01 2.698499023999999846e-05
4.742499999999999716e+01 2.638908025999999859e-05
4.745000000000000284e+01 2.613639734999999840e-05
4.747500000000000142e+01 2.620864684999999958e-05
4.750000000000000000e+01 2.578181569000000017e-05
4.752499999999999858e+01 2.551787910999999906e-05
4.754999999999999716e+01 2.517745583000000000e-05
4.757500000000000284e+01 2.482140239000000132e-05
4.760000000000000142e+01 2.441151202000000080e-05
4.762500000000000000e+01 2.444059879999999844e-05
4.764999999999999858e+01 2.387805417999999867e-05
4.767499999999999716e+01 2.414596806000000032e-05
4.770000000000000284e+01 2.360058530999999926e-05
4.772500000000000142e+01 2.343680843999999992e-05
4.775000000000000000e+01 2.286901565000000057e-05
4.777499999999999858e+01 2.281721714999999958e-05
4.779999999999999716e+01 2.226775470999999904e-05
4.782500000000000284e+01 2.199394245000000007e-05
4.785000000000000142e+01 2.206217661000000078e-05
4.787500000000000000e+01 2.172747965999999940e-05
4.789999999999999858e+01 2.116666840000000071e-05
4.792499999999999716e+01 2.107739479999999892e-05
4.795000000000000284e+01 2.088292759999999974e-05
4.797500000000000142e+01 2.064521683999999939e-05
4.800000000000000000e+01 2.045295586000000091e-05
4.802499999999999858e+01 1.998954100000000113e-05
4.804999999999999716e+01 1.976330298999999936e-05
4.807500000000000284e+01 1.937658197000000142e-05
4.810000000000000142e+01 1.933288057000000131e-05
4.812500000000000000e+01 1.899760624000000148e-05
4.814999999999999858e+01 1.879023530999999881e-05
4.817499999999999716e+01 1.868974267000000165e-05
4.820000000000000284e+01 1.838635542000000033e-05
4.822500000000000142e+01 1.806632009999999979e-05
4.825000000000000000e+01 1.777014443000000078e-05
4.827499999999999858e+01 1.763197039000000114e-05
4.829999999999999716e+01 1.729120657000000132e-05
4.832500000000000284e+01 1.690266532999999850e-05
4.835000000000000142e+01 1.678133296999999885e-05
4.837500000000000000e+01 1.630085497999999897e-05
4.839999999999999858e+01 1.640761288999999937e-05
4.842499999999999716e+01 1.598280224000000018e-05
4.845000000000000284e+01 1.564486909000000023e-05
4.847500000000000142e+01 1.537145911999999922e-05
4.850000000000000000e+01 1.528734194000000110e-05
4.852499999999999858e+01 1.485335604999999956e-05
4.854999999999999716e+01 1.470188578999999928e-05
4.857500000000000284e+01 1.447217573000000080e-05
4.860000000000000142e+01 1.399196702000000026e-05
4.862500000000000000e+01 1.392139529999999971e-05
4.864999999999999858e+01 1.363057143999999930e-05
4.867499999999999716e+01 1.324933789999999935e-05
4.870000000000000284e+01 1.292011735000000065e-05
4.872500000000000142e+01 1.306540301000000000e-05
4.875000000000000000e+01 1.258021152999999953e-05
4.877499999999999858e+01 1.248396569999999991e-05
4.879999999999999716e+01 1.205644008999999983e-05
4.882500000000000284e+01 1.166960168000000021e-05
4.885000000000000142e+01 1.151581248000000030e-05
4.887500000000000000e+01 1.111924213999999933e-05
4.889999999999999858e+01 1.102922789999999935e-05
4.892499999999999716e+01 1.069887045000000034e-05
4.895000000000000284e+01 1.061687232999999931e-05
4.897500000000000142e+01 1.043211011999999990e-05
4.900000000000000000e+01 1.007002632000000076e-05
4.902499999999999858e+01 9.610637724999999460e-06
4.904999999999999716e+01 9.725147936999999155e-06
4.907500000000000284e+01 9.354864422000000747e-06
4.910000000000000142e+01 8.877075724000000554e-06
4.912500000000000000e+01 8.626448097999999887e-06
4.914999999999999858e+01 8.743459031999999847e-06
4.917499999999999716e+01 8.334406110000000550e-06
4.920000000000000284e+01 8.112438047999999565e-06
4.922500000000000142e+01 7.876014813000000752e-06
4.925000000000000000e+01 7.642639611000000114e-06
4.927499999999999858e+01 7.352975073000000262e-06
4.929999999999999716e+01 6.882227592000000079e-06
4.932500000000000284e+01 6.662595533000000165e-06
4.935000000000000142e+01 6.627272638000000117e-06
4.937500000000000000e+01 6.375676502999999788e-06
4.939999999999999858e+01 6.024621898999999806e-06
4.942499999999999716e+01 5.837401054000000018e-06
4.945000000000000284e+01 5.649467253999999876e-06
4.947500000000000142e+01 5.291664066999999868e-06
4.950000000000000000e+01 5.050198265999999796e-06
4.952499999999999858e+01 4.846430027999999963e-06
4.954999999999999716e+01 4.562660114999999797e-06
4.957500000000000284e+01 4.138498007999999822e-06
4.960000000000000142e+01 4.066872620000000180e-06
4.962500000000000000e+01 3.766865956000000055e-06
4.964999999999999858e+01 3.636276874999999888e-06
4.967499999999999716e+01 3.332090206000000087e-06
4.970000000000000284e+01 3.087573751999999958e-06
4.972500000000000142e+01 2.716335691000000128e-06
4.975000000000000000e+01 2.383024122999999829e-06
4.977499999999999858e+01 2.058582825999999823e-06
4.979999999999999716e+01 2.050932824000000194e-06
4.982500000000000284e+01 1.831253365999999971e-06
4.985000000000000142e+01 1.490395952999999989e-06
4.987500000000000000e+01 1.204438019000000018e-06
4.989999999999999858e+01 9.501719207999999812e-07
4.992499999999999716e+01 7.608155748999999735e-07
4.995000000000000284e+01 4.661114223999999864e-07
4.997500000000000142e+01 1.791158401999999927e-07
5.000000000000000000e+01 0.000000000000000000e+00
5.002499999999999858e+01 -1.791158401999999927e-07
5.004999999999999716e+01 -4.661114223999999864e-07
5.007500000000000284e+01 -7.608155748999999735e-07
5.010000000000000142e+01 -9.501719207999999812e-07
5.012500000000000000e+01 -1.204438019000000018e-06
5.014999999999999858e+01 -1.490395952999999989e-06
5.017499999999999716e+01 -1.831253365999999971e-06
5.020000000000000284e+01 -2.050932824000000194e-06
5.022500000000000142e+01 -2.058582825999999823e-06
5.025000000000000000e+01 -2.383024122999999829e-06
5.027499999999999858e+01 -2.716335691000000128e-06
5.029999999999999716e+01 -3.087573751999999958e-06
5.032500000000000284e+01 -3.332090206000000087e-06
5.035000000000000142e+01 -3.636276874999999888e-06
5.037500000000000000e+01 -3.766865956000000055e-06
5.039999999999999858e+01 -4.066872620000000180e-06
5.042499999999999716e+01 -4.138498007999999822e-06
5.045000000000000284e+01 -4.562660114999999797e-06
5.047500000000000142e+01 -4.846430027999999963e-06
5.050000000000000000e+01 -5.050198265999999796e-06
5.052499999999999858e+01 -5.291664066999999868e-06
5.054999999999999716e+01 -5.649467253999999876e-06
5.057500000000000284e+01 -5.837401054000000018e-06
5.060000000000000142e+01 -6.024621898999999806e-06
5.062500000000000000e+01 -6.375676502999999788e-06
5.064999999999999858e+01 -6.627272638000000117e-06
5.067499999999999716e+01 -6.662595533000000165e-06
5.070000000000000284e+01 -6.882227592000000079e-06
5.072500000000000142e+01 -7.352975073000000262e-06
5.075000000000000000e+01 -7.642639611000000114e-06
5.077499999999999858e+01 -7.876014813000000752e-06
5.079999999999999716e+01 -8.112438047999999565e-06
5.082500000000000284e+01 -8.334406110000000550e-06
5.085000000000000142e+01 -8.743459031999999847e-06
5.087500000000000000e+01 -8.626448097999999887e-06
5.089999999999999858e+01 -8.877075724000000554e-06
5.092499999999999716e+01 -9.354864422000000747e-06
5.095000000000000284e+01 -9.725147936999999155e-06
5.097500000000000142e+01 -9.610637724999999460e-06
5.100000000000000000e+01 -1.007002632000000076e-05
5.102499999999999858e+01 -1.043211011999999990e-05
5.104999999999999716e+01 -1.061687232999999931e-05
5.107500000000000284e+01 -1.069887045000000034e-05
5.110000000000000142e+01 -1.102922789999999935e-05
5.112500000000000000e+01 -1.111924213999999933e-05
5.114999999999999858e+01 -1.151581248000000030e-05
5.117499999999999716e+01 -1.166960168000000021e-05
5.120000000000000284e+01 -1.205644008999999983e-05
5.122500000000000142e+01 -1.248396569999999991e-05
5.125000000000000000e+01 -1.258021152999999953e-05
5.127499999999999858e+01 -1.306540301000000000e-05
5.129999999999999716e+01 -1.292011735000000065e-05
5.132500000000000284e+01 -1.324933789999999935e-05
5.135000000000000142e+01 -1.363057143999999930e-05
5.137500000000000000e+01 -1.392139529999999971e-05
5.139999999999999858e+01 -1.399196702000000026e-05
5.142499999999999716e+01 -1.447217573000000080e-05
5.145000000000000284e+01 -1.470188578999999928e-05
5.147500000000000142e+01 -1.485335604999999956e-05
5.150000000000000000e+01 -1.528734194000000110e-05
5.152499999999999858e+01 -1.537145911999999922e-05
5.154999999999999716e+01 -1.564486909000000023e-05
5.157500000000000284e+01 -1.598280224000000018e-05
5.160000000000000142e+01 -1.640761288999999937e-05
5.162500000000000000e+01 -1.630085497999999897e-05
5.164999999999999858e+01 -1.678133296999999885e-05
5.167499999999999716e+01 -1.690266532999999850e-05
5.170000000000000284e+01 -1.729120657000000132e-05
5.172500000000000142e+01 -1.763197039000000114e-05
5.175000000000000000e+01 -1.777014443000000078e-05
5.177499999999999858e+01 -1.806632009999999979e-05
5.179999999999999716e+01 -1.838635542000000033e-05
5.182500000000000284e+01 -1.868974267000000165e-05
5.185000000000000142e+01 -1.879023530999999881e-05
5.187500000000000000e+01 -1.899760624000000148e-05
5.189999999999999858e+01 -1.933288057000000131e-05
5.192499999999999716e+01 -1.937658197000000142e-05
5.195000000000000284e+01 -1.976330298999999936e-05
5.197500000000000142e+01 -1.998954100000000113e-05
5.200000000000000000e+01 -2.045295586000000091e-05
5.202499999999999858e+01 -2.064521683999999939e-05
5.204999999999999716e+01 -2.088292759999999974e-05
5.207500000000000284e+01 -2.107739479999999892e-05
5.210000000000000142e+01 -2.116666840000000071e-05
5.212500000000000000e+01 -2.172747965999999940e-05
5.214999999999999858e+01 -2.206217661000000078e-05
5.217499999999999716e+01 -2.199394245000000007e-05
5.220000000000000284e+01 -2.226775470999999904e-05
5.222500000000000142e+01 -2.281721714999999958e-05
5.225000000000000000e+01 -2.286901565000000057e-05
5.227499999999999858e+01 -2.343680843999999992e-05
5.229999999999999716e+01 -2.360058530999999926e-05
5.232500000000000284e+01 -2.414596806000000032e-05
5.235000000000000142e+01 -2.387805417999999867e-05
5.237500000000000000e+01 -2.444059879999999844e-05
5.239999999999999858e+01 -2.441151202000000080e-05
5.242499999999999716e+01 -2.482140239000000132e-05
5.245000000000000284e+01 -2.517745583000000000e-05
5.247500000000000142e+01 -2.551787910999999906e-05
5.250000000000000000e+01 -2.578181569000000017e-05
5.252499999999999858e+01 -2.620864684999999958e-05
5.254999999999999716e+01 -2.613639734999999840e-05
5.257500000000000284e+01 -2.638908025999999859e-05
5.260000000000000142e+01 -2.698499023999999846e-05
5.262500000000000000e+01 -2.687241285999999836e-05
5.264999999999999858e+01 -2.744884256999999888e-05
5.267499999999999716e+01 -2.762088030999999835e-05
5.270000000000000284e+01 -2.796143839000000020e-05
5.272500000000000142e+01 -2.834209769000000081e-05
5.275000000000000000e+01 -2.845591238999999915e-05
5.277499999999999858e+01 -2.861128008999999869e-05
5.279999999999999716e+01 -2.899281225999999963e-05
5.282500000000000284e+01 -2.913447280999999973e-05
5.285000000000000142e+01 -2.965938845999999853e-05
5.287500000000000000e+01 -2.974452746999999863e-05
5.289999999999999858e+01 -3.015121014999999833e-05
5.292499999999999716e+01 -3.038594040999999889e-05
5.295000000000000284e+01 -3.061696659000000194e-05
5.297500000000000142e+01 -3.062301320000000016e-05
5.300000000000000000e+01 -3.115426617999999805e-05
5.302499999999999858e+01 -3.145377381000000248e-05
5.304999999999999716e+01 -3.181756078000000224e-05
5.307500000000000284e+01 -3.204378047999999668e-05
5.310000000000000142e+01 -3.237343456999999721e-05
5.312500000000000000e+01 -3.250166282999999924e-05
5.314999999999999858e+01 -3.296380929000000069e-05
5.317499999999999716e+01 -3.320655505999999733e-05
5.320000000000000284e+01 -3.333295872000000020e-05
5.322500000000000142e+01 -3.378820999000000036e-05
5.325000000000000000e+01 -3.405234880999999988e-05
5.327499999999999858e+01 -3.432105938999999682e-05
5.329999999999999716e+01 -3.479682768000000076e-05
5.332500000000000284e+01 -3.462468690999999664e-05
5.335000000000000142e+01 -3.520282765000000045e-05
5.337500000000000000e+01 -3.540431871999999929e-05
5.339999999999999858e+01 -3.558829494000000012e-05
5.342499999999999716e+01 -3.587781389000000082e-05
5.345000000000000284e+01 -3.622702716000000172e-05
5.347500000000000142e+01 -3.663562694999999671e-05
5.350000000000000000e+01 -3.670686021000000286e-05
5.352499999999999858e+01 -3.703086571000000014e-05
5.354999999999999716e+01 -3.748768787999999947e-05
5.357500000000000284e+01 -3.774776508999999733e-05
5.360000000000000142e+01 -3.799153119000000194e-05
5.362500000000000000e+01 -3.820534236999999672e-05
5.364999999999999858e+01 -3.858508426999999915e-05
5.367499999999999716e+01 -3.913715543000000145e-05
5.370000000000000284e+01 -3.904229932999999877e-05
5.372500000000000142e+01 -3.963077064999999676e-05
5.375000000000000000e+01 -3.995788202999999930e-05
5.377499999999999858e+01 -4.018316188999999971e-05
5.379999999999999716e+01 -4.030098718999999699e-05
5.382500000000000284e+01 -4.080093958000000098e-05
5.385000000000000142e+01 -4.111029191000000144e-05
5.387500000000000000e+01 -4.131295573999999981e-05
5.389999999999999858e+01 -4.144095319999999979e-05
5.392499999999999716e+01 -4.195089398999999887e-05
5.395000000000000284e+01 -4.222023565999999704e-05
5.397500000000000142e+01 -4.213146889999999829e-05
5.400000000000000000e+01 -4.286163098000000157e-05
5.402499999999999858e+01 -4.318692165000000106e-05
5.404999999999999716e+01 -4.311911686000000082e-05
5.407500000000000284e+01 -4.350928906999999900e-05
5.410000000000000142e+01 -4.388440464999999920e-05
5.412500000000000000e+01 -4.444440316999999948e-05
5.414999999999999858e+01 -4.463770019000000129e-05
5.417499999999999716e+01 -4.485872113000000322e-05
5.420000000000000284e+01 -4.529369595999999944e-05
5.422500000000000142e+01 -4.523195617000000336e-05
5.425000000000000000e+01 -4.600806055999999840e-05
5.427499999999999858e+01 -4.610423138000000311e-05
5.429999999999999716e+01 -4.661013073000000234e-05
5.432500000000000284e+01 -4.666729925000000256e-05
5.435000000000000142e+01 -4.716399600000000013e-05
5.437500000000000000e+01 -4.733335821999999778e-05
5.439999999999999858e+01 -4.758228712000000252e-05
5.442499999999999716e+01 -4.795556565000000181e-05
5.445000000000000284e+01 -4.824622880999999822e-05
5.447500000000000142e+01 -4.858948518000000212e-05
5.450000000000000000e+01 -4.873511673000000151e-05
5.452499999999999858e+01 -4.899453188999999934e-05
5.454999999999999716e+01 -4.973750369999999885e-05
5.457500000000000284e+01 -4.996213913999999817e-05
5.460000000000000142e+01 -5.039200650999999892e-05
5.462500000000000000e+01 -5.063799075999999818e-05
5.464999999999999858e+01 -5.056855648000000032e-05
5.467499999999999716e+01 -5.105744372999999843e-05
5.470000000000000284e+01 -5.132859019999999763e-05
5.472500000000000142e+01 -5.173962869999999961e-05
5.475000000000000000e+01 -5.221039459000000082e-05
5.477499999999999858e+01 -5.237716857999999968e-05
5.479999999999999716e+01 -5.300859030000000012e-05
5.482500000000000284e+01 -5.294751321999999926e-05
5.485000000000000142e+01 -5.364083309000000188e-05
5.487500000000000000e+01 -5.391681707999999694e-05
5.489999999999999858e+01 -5.409437832999999910e-05
5.492499999999999716e+01 -5.434783860000000192e-05
5.495000000000000284e+01 -5.502516391999999918e-05
5.497500000000000142e+01 -5.537130441999999994e-05
5.500000000000000000e+01 -5.557539253000000221e-05
5.502499999999999858e+01 -5.563305474000000244e-05
5.504999999999999716e+01 -5.609631047000000287e-05
5.507500000000000284e+01 -5.677116055999999704e-05
5.510000000000000142e+01 -5.721388320999999769e-05
5.512500000000000000e+01 -5.687153648999999922e-05
5.514999999999999858e+01 -5.735208797999999679e-05
5.517499999999999716e+01 -5.799772632000000099e-05
5.520000000000000284e+01 -5.818176744000000134e-05
5.522500000000000142e+01 -5.840578087000000273e-05
5.525000000000000000e+01 -5.882449092999999889e-05
5.527499999999999858e+01 -5.897263228999999763e-05
5.529999999999999716e+01 -5.943356390000000293e-05
5.532500000000000284e+01 -5.996508071000000262e-05
5.535000000000000142e+01 -6.021802581999999933e-05
5.537500000000000000e+01 -6.058783773000000149e-05
5.539999999999999858e+01 -6.091839080000000157e-05
5.542499999999999716e+01 -6.126649651000000397e-05
5.545000000000000284e+01 -6.169163159000000201e-05
5.547500000000000142e+01 -6.182818022999999664e-05
5.550000000000000000e+01 -6.247734641000000108e-05
5.552499999999999858e+01 -6.265395855999999553e-05
5.554999999999999716e+01 -6.301878479999999615e-05
5.557500000000000284e+01 -6.349090296000000115e-05
5.560000000000000142e+01 -6.389178532000000391e-05
5.562500000000000000e+01 -6.389159094000000649e-05
5.564999999999999858e+01 -6.432328923000000392e-05
5.567499999999999716e+01 -6.483139233000000654e-05
5.570000000000000284e+01 -6.513540076999999647e-05
5.572500000000000142e+01 -6.552293331000000407e-05
5.575000000000000000e+01 -6.584295324999999669e-05
5.577499999999999858e+01 -6.645107003999999528e-05
5.579999999999999716e+01 -6.640681794999999592e-05
5.582500000000000284e+01 -6.734767138999999618e-05
5.585000000000000142e+01 -6.772486723000000180e-05
5.587500000000000000e+01 -6.757020405999999545e-05
5.589999999999999858e+01 -6.830428918000000277e-05
5.592499999999999716e+01 -6.840148026999999617e-05
5.595000000000000284e+01 -6.827148038999999362e-05
5.597500000000000142e+01 -6.922871067000000258e-05
5.600000000000000000e+01 -6.969168211000000110e-05
5.602499999999999858e+01 -6.992372084999999939e-05
5.604999999999999716e+01 -7.053019480000000086e-05
5.607500000000000284e+01 -7.091913660000000489e-05
5.610000000000000142e+01 -7.142112060999999371e-05
5.612500000000000000e+01 -7.163102327000000070e-05
5.614999999999999858e+01 -7.216555526999999452e-05
5.617499999999999716e+01 -7.219532722000000661e-05
5.620000000000000284e+01 -7.285094168000000455e-05
5.622500000000000142e+01 -7.308147173000000636e-05
5.625000000000000000e+01 -7.316364640000000430e-05
5.627499999999999858e+01 -7.368863805999999400e-05
5.629999999999999716e+01 -7.426529891000000416e-05
5.632500000000000284e+01 -7.416458853000000616e-05
5.635000000000000142e+01 -7.512111418999999979e-05
5.637500000000000000e+01 -7.521005092999999723e-05
5.639999999999999858e+01 -7.589750579999999614e-05
5.642499999999999716e+01 -7.655235864000000323e-05
5.645000000000000284e+01 -7.711023745999999901e-05
5.647500000000000142e+01 -7.704066723999999466e-05
5.650000000000000000e+01 -7.746678948000000338e-05
5.652499999999999858e+01 -7.758074036999999367e-05
5.654999999999999716e+01 -7.782931618999999409e-05
5.657500000000000284e+01 -7.850252129999999481e-05
5.660000000000000142e+01 -7.879077356000000105e-05
5.662500000000000000e+01 -7.927875393999999915e-05
5.664999999999999858e+01 -7.966930261000000472e-05
5.667499999999999716e+01 -7.959135081999999396e-05
5.670000000000000284e+01 -8.104913513000000654e-05
5.672500000000000142e+01 -8.061612420000000446e-05
5.675000000000000000e+01 -8.141689651000000674e-05
5.677499999999999858e+01 -8.164138884999999645e-05
5.679999999999999716e+01 -8.184566156000000513e-05
5.682500000000000284e+01 -8.283214206000000322e-05
5.685000000000000142e+01 -8.267044133999999333e-05
5.687500000000000000e+01 -8.338755307000000124e-05
5.689999999999999858e+01 -8.366580217000000035e-05
5.692499999999999716e+01 -8.471273751999999844e-05
5.695000000000000284e+01 -8.455756041999999489e-05
5.697500000000000142e+01 -8.494588468000000047e-05
5.700000000000000000e+01 -8.566496645999999962e-05
5.702499999999999858e+01 -8.616186572000000441e-05
5.704999999999999716e+01 -8.698507601999999562e-05
5.707500000000000284e+01 -8.672308995999999644e-05
5.710000000000000142e+01 -8.699975383999999695e-05
5.712500000000000000e+01 -8.760462993000000479e-05
5.714999999999999858e+01 -8.802861737000000294e-05
5.717499999999999716e+01 -8.863281237000000606e-05
5.720000000000000284e+01 -8.888790517999999702e-05
5.722500000000000142e+01 -8.921103753000000566e-05
5.725000000000000000e+01 -8.987261322000000255e-05
5.727499999999999858e+01 -9.027504073999999539e-05
5.729999999999999716e+01 -9.025596160999999724e-05
5.732500000000000284e+01 -9.089918466999999326e-05
5.735000000000000142e+01 -9.161502745000000571e-05
5.737500000000000000e+01 -9.172393946000000325e-05
5.739999999999999858e+01 -9.227485391999999524e-05
5.742499999999999716e+01 -9.313233770999999493e-05
5.745000000000000284e+01 -9.375215029000000158e-05
5.747500000000000142e+01 -9.365949892000000542e-05
5.750000000000000000e+01 -9.421061500000000330e-05
5.752499999999999858e+01 -9.441143663999999609e-05
5.754999999999999716e+01 -9.500066898999999867e-05
5.757500000000000284e+01 -9.526050111999999435e-05
5.760000000000000142e+01 -9.556531185000000344e-05
5.762500000000000000e+01 -9.658738389000000443e-05
5.764999999999999858e+01 -9.716406309000000089e-05
5.767499999999999716e+01 -9.739155292999999362e-05
5.770000000000000284e+01 -9.758134539999999645e-05
5.772500000000000142e+01 -9.843485717000000459e-05
5.775000000000000000e+01 -9.859285184999999716e-05
5.777499999999999858e+01 -9.939776610999999395e-05
5.779999999999999716e+01 -1.001125435000000031e-04
5.782500000000000284e+01 -1.000217785999999944e-04
5.785000000000000142e+01 -1.004052150999999981e-04
5.787500000000000000e+01 -1.009725950000000026e-04
5.789999999999999858e+01 -1.016033168999999983e-04
5.792499999999999716e+01 -1.017796623000000015e-04
5.795000000000000284e+01 -1.028182918999999976e-04
5.797500000000000142e+01 -1.030674328000000023e-04
5.800000000000000000e+01 -1.036346135000000058e-04
5.802499999999999858e+01 -1.038167767999999990e-04
5.804999999999999716e+01 -1.049866689000000059e-04
5.807500000000000284e+01 -1.045226557999999977e-04
5.810000000000000142e+01 -1.054785365000000065e-04
5.812500000000000000e+01 -1.062181166999999970e-04
5.814999999999999858e+01 -1.064547537999999935e-04
5.817499999999999716e+01 -1.071282798000000044e-04
5.820000000000000284e+01 -1.073834735999999951e-04
5.822500000000000142e+01 -1.080840194999999938e-04
5.825000000000000000e+01 -1.083193782999999997e-04
5.827499999999999858e+01 -1.091123716000000062e-04
5.829999999999999716e+01 -1.095147149999999979e-04
5.832500000000000284e+01 -1.100075254000000015e-04
5.835000000000000142e+01 -1.101632968000000048e-04
5.837500000000000000e+01 -1.109965622000000065e-04
5.839999999999999858e+01 -1.116487858000000060e-04
5.842499999999999716e+01 -1.121608778000000021e-04
5.845000000000000284e+01 -1.125312449000000025e-04
5.847500000000000142e+01 -1.129188161999999940e-04
5.850000000000000000e+01 -1.135741460999999981e-04
5.852499999999999858e+01 -1.143768302000000044e-04
5.854999999999999716e+01 -1.143280483999999981e-04
5.857500000000000284e+01 -1.149384623000000016e-04
5.860000000000000142e+01 -1.159691626999999982e-04
5.862500000000000000e+01 -1.162301139999999953e-04
5.864999999999999858e+01 -1.160573023000000046e-04
5.867499999999999716e+01 -1.170152770999999996e-04
5.870000000000000284e+01 -1.176792698000000048e-04
5.872500000000000142e+01 -1.177704998000000036e-04
5.875000000000000000e+01 -1.190245082000000038e-04
5.877499999999999858e+01 -1.193232709999999971e-04
5.879999999999999716e+01 -1.198233268999999973e-04
5.882500000000000284e+01 -1.201796248000000023e-04
5.885000000000000142e+01 -1.209003677000000031e-04
5.887500000000000000e+01 -1.215607032000000012e-04
5.889999999999999858e+01 -1.214921664000000022e-04
5.892499999999999716e+01 -1.221551901999999947e-04
5.895000000000000284e+01 -1.230617771000000102e-04
5.897500000000000142e+01 -1.234535127000000072e-04
5.900000000000000000e+01 -1.240413899999999871e-04
5.902499999999999858e+01 -1.248906495999999901e-04
5.904999999999999716e+01 -1.252758958000000104e-04
5.907500000000000284e+01 -1.259775985000000109e-04
5.910000000000000142e+01 -1.267884491999999978e-04
5.912500000000000000e+01 -1.271126000000000135e-04
5.914999999999999858e+01 -1.275524733000000101e-04
5.917499999999999716e+01 -1.279344313000000126e-04
5.920000000000000284e+01 -1.288668077000000047e-04
5.922500000000000142e+01 -1.290958839999999878e-04
5.925000000000000000e+01 -1.297209262999999993e-04
5.927499999999999858e+01 -1.301584697999999920e-04
5.929999999999999716e+01 -1.310365480999999943e-04
5.932500000000000284e+01 -1.312508074999999908e-04
5.935000000000000142e+01 -1.323065108999999895e-04
5.937500000000000000e+01 -1.328325995000000082e-04
5.939999999999999858e+01 -1.333000179999999969e-04
5.942499999999999716e+01 -1.341482302999999943e-04
5.945000000000000284e+01 -1.347009724000000066e-04
5.947500000000000142e+01 -1.351466739999999868e-04
5.950000000000000000e+01 -1.355192411000000056e-04
5.952499999999999858e+01 -1.363081756000000051e-04
5.954999999999999716e+01 -1.370599651000000015e-04
5.957500000000000284e+01 -1.373311749000000041e-04
5.960000000000000142e+01 -1.382010933999999877e-04
5.962500000000000000e+01 -1.394467999999999945e-04
5.964999999999999858e+01 -1.398179593999999894e-04
5.967499999999999716e+01 -1.397362738999999895e-04
5.970000000000000284e+01 -1.403297442999999875e-04
5.972500000000000142e+01 -1.413092408000000012e-04
5.975000000000000000e+01 -1.426959245999999989e-04
5.977499999999999858e+01 -1.425698737000000128e-04
5.979999999999999716e+01 -1.427228192999999883e-04
5.982500000000000284e+01 -1.434345338000000069e-04
5.985000000000000142e+01 -1.443162385999999925e-04
5.987500000000000000e+01 -1.449662391000000063e-04
5.989999999999999858e+01 -1.453681179000000060e-04
5.992499999999999716e+01 -1.462505072999999991e-04
5.995000000000000284e+01 -1.467321887999999976e-04
5.997500000000000142e+01 -1.474704695999999951e-04
6.000000000000000000e+01 -1.485888427000000124e-04
6.002499999999999858e+01 -1.482031533999999954e-04
6.004999999999999716e+01 -1.497943737000000043e-04
6.007500000000000284e+01 -1.505297602000000038e-04
6.010000000000000142e+01 -1.506481255999999897e-04
6.012500000000000000e+01 -1.509102826999999961e-04
6.014999999999999858e+01 -1.521683679000000126e-04
6.017499999999999716e+01 -1.526632919000000057e-04
6.020000000000000284e+01 -1.534376512000000124e-04
6.022500000000000142e+01 -1.541833135000000052e-04
6.025000000000000000e+01 -1.547201263999999868e-04
6.027499999999999858e+01 -1.554977242000000093e-04
6.029999999999999716e+01 -1.557771553000000017e-04
6.032500000000000284e+01 -1.561652806999999936e-04
6.035000000000000142e+01 -1.570975366000000064e-04
6.037500000000000000e+01 -1.577848179000000120e-04
6.039999999999999858e+01 -1.582096339000000121e-04
6.042499999999999716e+01 -1.589954020000000114e-04
6.045000000000000284e+01 -1.599148377000000117e-04
6.047500000000000142e+01 -1.606741870999999898e-04
6.050000000000000000e+01 -1.611782642000000063e-04
6.052499999999999858e+01 -1.621756065999999921e-04
6.054999999999999716e+01 -1.635201831999999900e-04
6.057500000000000284e+01 -1.629388767000000085e-04
6.060000000000000142e+01 -1.635374273999999975e-04
6.062500000000000000e+01 -1.643215444000000022e-04
6.064999999999999858e+01 -1.652595846000000119e-04
6.067499999999999716e+01 -1.661831298999999951e-04
6.070000000000000284e+01 -1.669652884999999972e-04
6.072500000000000142e+01 -1.677476929999999872e-04
6.075000000000000000e+01 -1.680028873999999946e-04
6.077499999999999858e+01 -1.702800100999999949e-04
6.079999999999999716e+01 -1.697534893000000118e-04
6.082500000000000284e+01 -1.702397603999999997e-04
6.085000000000000142e+01 -1.721307160000000057e-04
6.087500000000000000e+01 -1.719137220000000073e-04
6.089999999999999858e+01 -1.716954612999999910e-04
6.092499999999999716e+01 -1.735243250999999947e-04
6.095000000000000284e+01 -1.741477703000000128e-04
6.097500000000000142e+01 -1.757749079999999917e-04
6.100000000000000000e+01 -1.753676500000000082e-04
6.102499999999999858e+01 -1.769234542000000120e-04
6.104999999999999716e+01 -1.765197585999999914e-04
6.107500000000000284e+01 -1.784861578000000075e-04
6.110000000000000142e+01 -1.785556724999999968e-04
6.112500000000000000e+01 -1.794051101999999983e-04
6.114999999999999858e+01 -1.808910828000000106e-04
6.117499999999999716e+01 -1.814190011999999982e-04
6.120000000000000284e+01 -1.817261200000000096e-04
6.122500000000000142e+01 -1.829909393000000116e-04
6.125000000000000000e+01 -1.831754383999999983e-04
6.127499999999999858e+01 -1.841427331999999947e-04
6.129999999999999716e+01 -1.852651353000000134e-04
6.132500000000000284e+01 -1.859068150000000013e-04
6.135000000000000142e+01 -1.866404221999999927e-04
6.137500000000000000e+01 -1.871387029000000010e-04
6.139999999999999858e+01 -1.886334567000000101e-04
6.142499999999999716e+01 -1.885443496000000071e-04
6.145000000000000284e+01 -1.895974789000000132e-04
6.147500000000000142e+01 -1.910580515999999883e-04
6.150000000000000000e+01 -1.910978281999999983e-04
6.152499999999999858e+01 -1.924368647999999881e-04
6.154999999999999716e+01 -1.926573139000000096e-04
6.157500000000000284e+01 -1.937964307000000102e-04
6.160000000000000142e+01 -1.939510734000000132e-04
6.162500000000000000e+01 -1.950862611999999924e-04
6.164999999999999858e+01 -1.960699032000000027e-04
6.167499999999999716e+01 -1.959887048000000134e-04
6.170000000000000284e+01 -1.969747847000000076e-04
6.172500000000000142e+01 -1.988230494000000042e-04
6.175000000000000000e+01 -1.997533515000000015e-04
6.177499999999999858e+01 -1.997217498000000094e-04
6.179999999999999716e+01 -2.006653506000000045e-04
6.182500000000000284e+01 -2.010350933000000116e-04
6.185000000000000142e+01 -2.031828903000000032e-04
6.187500000000000000e+01 -2.041024056999999942e-04
6.189999999999999858e+01 -2.048749294000000117e-04
6.192499999999999716e+01 -2.047856686999999936e-04
6.195000000000000284e+01 -2.064496721999999963e-04
6.197500000000000142e+01 -2.065399027000000044e-04
6.200000000000000000e+01 -2.080272716000000101e-04
6.202499999999999858e+01 -2.082961323999999934e-04
6.204999999999999716e+01 -2.095715189999999893e-04
6.207500000000000284e+01 -2.100475229000000092e-04
6.210000000000000142e+01 -2.110344558000000102e-04
6.212500000000000000e+01 -2.112336000000000031e-04
6.214999999999999858e+01 -2.127331034999999906e-04
6.217499999999999716e+01 -2.143504185999999922e-04
6.220000000000000284e+01 -2.153951699000000003e-04
6.222500000000000142e+01 -2.157368119999999903e-04
6.225000000000000000e+01 -2.173319815000000050e-04
6.227499999999999858e+01 -2.173740765999999935e-04
6.229999999999999716e+01 -2.187530196000000060e-04
6.232500000000000284e+01 -2.202531340999999915e-04
6.235000000000000142e+01 -2.201678274000000034e-04
6.237500000000000000e+01 -2.215217128000000096e-04
6.239999999999999858e+01 -2.220586914999999955e-04
6.242499999999999716e+01 -2.226442625000000131e-04
6.245000000000000284e+01 -2.242612529000000002e-04
6.247500000000000142e+01 -2.250130945000000107e-04
6.250000000000000000e+01 -2.251254049999999913e-04
6.252499999999999858e+01 -2.273676769999999987e-04
6.254999999999999716e+01 -2.274167436999999996e-04
6.257500000000000284e+01 -2.283816189000000094e-04
6.260000000000000142e+01 -2.293378671999999913e-04
6.262500000000000000e+01 -2.311914071000000079e-04
6.264999999999999858e+01 -2.316604345999999912e-04
6.267499999999999716e+01 -2.319457429000000104e-04
6.270000000000000284e+01 -2.333736723000000030e-04
6.272500000000000142e+01 -2.340293544000000066e-04
6.275000000000000000e+01 -2.363263889999999909e-04
6.277499999999999858e+01 -2.366546481000000055e-04
6.279999999999999716e+01 -2.370624772999999942e-04
6.282500000000000284e+01 -2.381181940999999881e-04
6.285000000000000142e+01 -2.396611080000000103e-04
6.287500000000000000e+01 -2.402581001999999925e-04
6.289999999999999858e+01 -2.411817282000000085e-04
6.292499999999999716e+01 -2.416414762999999962e-04
6.295000000000000284e+01 -2.420735111000000075e-04
6.297500000000000142e+01 -2.443638433000000260e-04
6.300000000000000000e+01 -2.448395744999999862e-04
6.302499999999999858e+01 -2.461560487999999900e-04
6.304999999999999716e+01 -2.475181807999999825e-04
6.307500000000000284e+01 -2.487601605999999839e-04
6.310000000000000142e+01 -2.496018420000000078e-04
6.312500000000000000e+01 -2.500407209999999767e-04
6.314999999999999858e+01 -2.512202360000000026e-04
6.317499999999999716e+01 -2.520489929999999859e-04
6.320000000000000284e+01 -2.541461252999999924e-04
6.322500000000000142e+01 -2.540546541999999758e-04
6.325000000000000000e+01 -2.557218063999999844e-04
6.327499999999999858e+01 -2.564308762999999939e-04
6.329999999999999716e+01 -2.574510687000000197e-04
6.332500000000000284e+01 -2.585562855999999849e-04
6.335000000000000142e+01 -2.605715065000000050e-04
6.337500000000000000e+01 -2.608221122000000140e-04
6.339999999999999858e+01 -2.614533791000000140e-04
6.342499999999999716e+01 -2.633122559999999824e-04
6.345000000000000284e+01 -2.628057865999999950e-04
6.347500000000000142e+01 -2.659518171000000222e-04
6.350000000000000000e+01 -2.660244909000000248e-04
6.352499999999999858e+01 -2.667813205000000264e-04
6.354999999999999716e+01 -2.690356637999999812e-04
6.357500000000000284e+01 -2.695027498999999754e-04
6.360000000000000142e+01 -2.706776654999999807e-04
6.362500000000000000e+01 -2.713043067000000218e-04
6.364999999999999858e+01 -2.727762158000000131e-04
6.367499999999999716e+01 -2.740103779000000166e-04
6.370000000000000284e+01 -2.750369847999999985e-04
6.372500000000000142e+01 -2.762317709000000230e-04
6.375000000000000000e+01 -2.772672917000000244e-04
6.377499999999999858e+01 -2.800573630999999967e-04
6.379999999999999716e+01 -2.796636064000000200e-04
6.382500000000000284e+01 -2.800929375999999869e-04
6.385000000000000142e+01 -2.819645677000000186e-04
6.387500000000000000e+01 -2.826753231999999932e-04
6.389999999999999858e+01 -2.839093303000000197e-04
6.392499999999999716e+01 -2.860155136000000183e-04
6.395000000000000284e+01 -2.876828436999999883e-04
6.397500000000000142e+01 -2.880942342000000203e-04
6.400000000000000000e+01 -2.891809347999999870e-04
6.402500000000000568e+01 -2.897459865999999916e-04
6.404999999999999716e+01 -2.911116946000000066e-04
6.407500000000000284e+01 -2.935307281999999913e-04
6.409999999999999432e+01 -2.929806034000000266e-04
6.412500000000000000e+01 -2.954526347999999764e-04
6.415000000000000568e+01 -2.967086410999999839e-04
6.417499999999999716e+01 -2.964081910999999858e-04
6.420000000000000284e+01 -2.982636635999999833e-04
6.422499999999999432e+01 -3.004605078000000267e-04
6.425000000000000000e+01 -3.005635417000000168e-04
6.427500000000000568e+01 -3.023187035999999736e-04
6.429999999999999716e+01 -3.037635956999999872e-04
6.432500000000000284e+01 -3.053193810000000177e-04
6.434999999999999432e+01 -3.053572676000000175e-04
6.437500000000000000e+01 -3.072000917000000100e-04
6.440000000000000568e+01 -3.095160145000000191e-04
6.442499999999999716e+01 -3.087206417000000068e-04
6.445000000000000284e+01 -3.102258423000000035e-04
6.447499999999999432e+01 -3.122540237000000067e-04
6.450000000000000000e+01 -3.131665642999999872e-04
6.452500000000000568e+01 -3.141371746000000170e-04
6.454999999999999716e+01 -3.146981835999999779e-04
6.457500000000000284e+01 -3.164667626000000232e-04
6.459999999999999432e+01 -3.191719086000000178e-04
6.462500000000000000e+01 -3.201901806999999755e-04
6.465000000000000568e+01 -3.213826824999999770e-04
6.467499999999999716e+01 -3.230704102999999846e-04
6.470000000000000284e+01 -3.243701381000000088e-04
6.472499999999999432e+01 -3.247632577999999830e-04
6.475000000000000000e+01 -3.261279821000000146e-04
6.477500000000000568e+01 -3.271563606999999753e-04
6.479999999999999716e+01 -3.292677533000000186e-04
6.482500000000000284e+01 -3.300964921999999875e-04
6.484999999999999432e+01 -3.322329156000000195e-04
6.487500000000000000e+01 -3.333278555000000125e-04
6.490000000000000568e+01 -3.358412581000000028e-04
6.492499999999999716e+01 -3.355550570999999891e-04
6.495000000000000284e+01 -3.365230529000000034e-04
6.497499999999999432e+01 -3.390723124999999935e-04
6.500000000000000000e+01 -3.401525650999999754e-04
6.502500000000000568e+01 -3.411774213000000030e-04
6.504999999999999716e+01 -3.425574359000000215e-04
6.507500000000000284e+01 -3.438933950000000028e-04
6.509999999999999432e+01 -3.470538383999999775e-04
6.512500000000000000e+01 -3.487775800999999760e-04
6.515000000000000568e+01 -3.495629012000000266e-04
6.517499999999999716e+01 -3.489759417999999786e-04
6.520000000000000284e+01 -3.511397520000000176e-04
6.522499999999999432e+01 -3.527987885000000265e-04
6.525000000000000000e+01 -3.546520233000000099e-04
6.527500000000000568e+01 -3.568784758999999978e-04
6.529999999999999716e+01 -3.580605265999999855e-04
6.532500000000000284e+01 -3.588155420999999934e-04
6.534999999999999432e+01 -3.595646168000000064e-04
6.537500000000000000e+01 -3.599287912999999989e-04
6.540000000000000568e+01 -3.636333487000000062e-04
6.542499999999999716e+01 -3.646315121000000183e-04
6.545000000000000284e+01 -3.651338359000000041e-04
6.547499999999999432e+01 -3.666400203999999941e-04
6.550000000000000000e+01 -3.687802861000000036e-04
6.552500000000000568e+01 -3.702108282999999806e-04
6.554999999999999716e+01 -3.727218634999999764e-04
6.557500000000000284e+01 -3.735223006000000165e-04
6.559999999999999432e+01 -3.746848801999999828e-04
6.562500000000000000e+01 -3.752163242000000100e-04
6.565000000000000568e+01 -3.773917513999999794e-04
6.567499999999999716e+01 -3.787277682000000120e-04
6.570000000000000284e+01 -3.801214177999999748e-04
6.572499999999999432e+01 -3.833841831999999978e-04
6.575000000000000000e+01 -3.837808216000000174e-04
6.577500000000000568e+01 -3.852146349000000209e-04
6.579999999999999716e+01 -3.861745699999999783e-04
6.582500000000000284e+01 -3.895558980000000233e-04
6.584999999999999432e+01 -3.893881252000000047e-04
6.587500000000000000e+01 -3.919652237999999948e-04
6.590000000000000568e+01 -3.939525250999999792e-04
6.592499999999999716e+01 -3.959453546999999805e-04
6.595000000000000284e+01 -3.978121720999999874e-04
6.597499999999999432e+01 -3.989525577000000030e-04
6.600000000000000000e+01 -4.015074948000000210e-04
6.602500000000000568e+01 -4.008208786999999974e-04
6.604999999999999716e+01 -4.036372640000000138e-04
6.607500000000000284e+01 -4.044325077999999995e-04
6.609999999999999432e+01 -4.076821683999999764e-04
6.612500000000000000e+01 -4.073773831999999971e-04
6.615000000000000568e+01 -4.106321847999999772e-04
6.617499999999999716e+01 -4.113827394000000074e-04
6.620000000000000284e+01 -4.118563033999999971e-04
6.622499999999999432e+01 -4.149949302999999764e-04
6.625000000000000000e+01 -4.160434079000000190e-04
6.627500000000000568e+01 -4.181142301999999874e-04
6.629999999999999716e+01 -4.201805436999999852e-04
6.632500000000000284e+01 -4.213798184999999739e-04
6.634999999999999432e+01 -4.233306246999999820e-04
6.637500000000000000e+01 -4.251511662999999980e-04
6.640000000000000568e+01 -4.270975163000000204e-04
6.642499999999999716e+01 -4.279124050000000269e-04
6.645000000000000284e+01 -4.285232088999999900e-04
6.647499999999999432e+01 -4.320016610000000147e-04
6.650000000000000000e+01 -4.347851633999999976e-04
6.652500000000000568e+01 -4.363718135000000157e-04
6.654999999999999716e+01 -4.355251405000000096e-04
6.657500000000000284e+01 -4.385544387999999868e-04
6.659999999999999432e+01 -4.401870647000000018e-04
6.662500000000000000e+01 -4.431424113999999975e-04
6.665000000000000568e+01 -4.435062939000000183e-04
6.667499999999999716e+01 -4.459703844000000180e-04
6.670000000000000284e+01 -4.498223414999999946e-04
6.672499999999999432e+01 -4.507036477000000226e-04
6.675000000000000000e+01 -4.509767939000000072e-04
6.677500000000000568e+01 -4.522771517000000077e-04
6.679999999999999716e+01 -4.566856552999999956e-04
6.682500000000000284e+01 -4.557390053000000035e-04
6.684999999999999432e+01 -4.590643326000000261e-04
6.687500000000000000e+01 -4.611441695000000019e-04
6.690000000000000568e+01 -4.623053271000000125e-04
6.692499999999999716e+01 -4.651460210000000193e-04
6.695000000000000284e+01 -4.668662860000000214e-04
6.697499999999999432e+01 -4.666047858000000139e-04
6.700000000000000000e+01 -4.699987298999999869e-04
6.702500000000000568e+01 -4.717732296000000207e-04
6.704999999999999716e+01 -4.733750501999999731e-04
6.707500000000000284e+01 -4.753348539000000245e-04
6.709999999999999432e+01 -4.758158124999999896e-04
6.712500000000000000e+01 -4.797611621000000249e-04
6.715000000000000568e+01 -4.815777322000000266e-04
6.717499999999999716e+01 -4.838953283999999845e-04
6.720000000000000284e+01 -4.860300004999999778e-04
6.722499999999999432e+01 -4.874974636000000078e-04
6.725000000000000000e+01 -4.878343097999999762e-04
6.727500000000000568e+01 -4.891962605000000535e-04
6.729999999999999716e+01 -4.929920664000000128e-04
6.732500000000000284e+01 -4.954985169000000484e-04
6.734999999999999432e+01 -4.971777290000000283e-04
6.737500000000000000e+01 -4.993968636000000383e-04
6.740000000000000568e+01 -5.020579824999999580e-04
6.742499999999999716e+01 -5.026340680000000120e-04
6.745000000000000284e+01 -5.049160793000000537e-04
6.747499999999999432e+01 -5.065050937999999699e-04
6.750000000000000000e+01 -5.104321894000000319e-04
6.752500000000000568e+01 -5.097249175000000479e-04
6.754999999999999716e+01 -5.146799215999999649e-04
6.757500000000000284e+01 -5.163998609000000108e-04
6.759999999999999432e+01 -5.181415885999999691e-04
6.762500000000000000e+01 -5.202822206999999999e-04
6.765000000000000568e+01 -5.214214066999999517e-04
6.767499999999999716e+01 -5.236745976999999681e-04
6.770000000000000284e+01 -5.256756380000000232e-04
6.772499999999999432e+01 -5.276823581999999556e-04
6.775000000000000000e+01 -5.295836963000000001e-04
6.777500000000000568e+01 -5.314962043999999722e-04
6.779999999999999716e+01 -5.335034484000000235e-04
6.782500000000000284e+01 -5.361196608000000537e-04
6.784999999999999432e+01 -5.381220429999999727e-04
6.787500000000000000e+01 -5.399005736999999997e-04
6.790000000000000568e+01 -5.445755259000000306e-04
6.792499999999999716e+01 -5.456099381999999619e-04
6.795000000000000284e+01 -5.483082552999999542e-04
6.797499999999999432e+01 -5.495948097000000112e-04
6.800000000000000000e+01 -5.520966582999999820e-04
6.802500000000000568e+01 -5.560764962000000000e-04
6.804999999999999716e+01 -5.562925871000000237e-04
6.807500000000000284e+01 -5.601126651999999888e-04
6.809999999999999432e+01 -5.610310309000000363e-04
6.812500000000000000e+01 -5.641778610000000452e-04
6.815000000000000568e+01 -5.662004984999999529e-04
6.817499999999999716e+01 -5.663907527000000422e-04
6.820000000000000284e+01 -5.695613183999999459e-04
6.822499999999999432e+01 -5.729398554000000301e-04
6.825000000000000000e+01 -5.734022339000000457e-04
6.827500000000000568e+01 -5.778595812000000310e-04
6.829999999999999716e+01 -5.803443248000000453e-04
6.832500000000000284e+01 -5.829133270000000019e-04
6.834999999999999432e+01 -5.850306300000000315e-04
6.837500000000000000e+01 -5.882374364000000390e-04
6.840000000000000568e+01 -5.880300270999999981e-04
6.842499999999999716e+01 -5.915213441000000301e-04
6.845000000000000284e+01 -5.929435566999999730e-04
6.847499999999999432e+01 -5.969635448999999552e-04
6.850000000000000000e+01 -5.979700831000000485e-04
6.852500000000000568e+01 -6.008822979999999588e-04
6.854999999999999716e+01 -6.039808371000000495e-04
6.857500000000000284e+01 -6.059539279000000040e-04
6.859999999999999432e+01 -6.046504893000000189e-04
6.862500000000000000e+01 -6.106415330999999998e-04
6.865000000000000568e+01 -6.127527886999999942e-04
6.867499999999999716e+01 -6.149925551999999842e-04
6.870000000000000284e+01 -6.206915973999999492e-04
6.872499999999999432e+01 -6.198067726000000164e-04
6.875000000000000000e+01 -6.220319095000000466e-04
6.877500000000000568e+01 -6.267907909999999912e-04
6.879999999999999716e+01 -6.302181292999999495e-04
6.882500000000000284e+01 -6.312219994999999700e-04
6.884999999999999432e+01 -6.322199525000000422e-04
6.887500000000000000e+01 -6.373651216999999926e-04
6.890000000000000568e+01 -6.390036602999999739e-04
6.892499999999999716e+01 -6.432062140000000200e-04
6.895000000000000284e+01 -6.435926054000000018e-04
6.897499999999999432e+01 -6.452665470000000080e-04
6.900000000000000000e+01 -6.486999217000000454e-04
6.902500000000000568e+01 -6.527904653999999944e-04
6.904999999999999716e+01 -6.530559409999999679e-04
6.907500000000000284e+01 -6.555471346999999912e-04
6.909999999999999432e+01 -6.575000486999999687e-04
6.912500000000000000e+01 -6.603196889999999892e-04
6.915000000000000568e+01 -6.652729975999999591e-04
6.917499999999999716e+01 -6.677060933999999807e-04
6.920000000000000284e+01 -6.691125367000000075e-04
6.922499999999999432e+01 -6.702489527999999468e-04
6.925000000000000000e+01 -6.743127089000000530e-04
6.927500000000000568e+01 -6.776859775000000250e-04
6.929999999999999716e+01 -6.805122385000000017e-04
6.932500000000000284e+01 -6.854598969000000406e-04
6.934999999999999432e+01 -6.872297385999999843e-04
6.937500000000000000e+01 -6.891836161999999929e-04
6.940000000000000568e+01 -6.918062026000000326e-04
6.942499999999999716e+01 -6.957170220000000139e-04
6.945000000000000284e+01 -7.000242075999999532e-04
6.947499999999999432e+01 -6.980221495999999965e-04
6.950000000000000000e+01 -7.051094755000000391e-04
6.952500000000000568e+01 -7.047853277000000385e-04
6.954999999999999716e+01 -7.075253616000000238e-04
6.957500000000000284e+01 -7.115074291999999795e-04
6.959999999999999432e+01 -7.134300207999999923e-04
6.962500000000000000e+01 -7.177907905000000368e-04
6.965000000000000568e+01 -7.219493104000000239e-04
6.967499999999999716e+01 -7.220189345000000043e-04
6.970000000000000284e+01 -7.262055487999999684e-04
6.972499999999999432e+01 -7.313572793999999601e-04
6.975000000000000000e+01 -7.321212512999999804e-04
6.977500000000000568e+01 -7.367543631999999695e-04
6.979999999999999716e+01 -7.381007020000000113e-04
6.982500000000000284e+01 -7.386518966999999509e-04
6.984999999999999432e+01 -7.436365973000000351e-04
6.987500000000000000e+01 -7.469450512999999993e-04
6.990000000000000568e+01 -7.487876298999999970e-04
6.992499999999999716e+01 -7.525988071000000532e-04
6.995000000000000284e+01 -7.562335491999999659e-04
6.997499999999999432e+01 -7.611875949000000046e-04
7.000000000000000000e+01 -7.643974588000000464e-04
7.002500000000000568e+01 -7.658695570000000194e-04
7.004999999999999716e+01 -7.666733876999999760e-04
7.007500000000000284e+01 -7.702523444999999488e-04
7.009999999999999432e+01 -7.722436373000000302e-04
7.012500000000000000e+01 -7.757712630999999805e-04
7.015000000000000568e+01 -7.792596532999999546e-04
7.017499999999999716e+01 -7.825286809000000111e-04
7.020000000000000284e+01 -7.870762368999999941e-04
7.022499999999999432e+01 -7.904780395000000079e-04
7.025000000000000000e+01 -7.926655681999999776e-04
7.027500000000000568e+01 -7.940523438000000314e-04
7.029999999999999716e+01 -7.988391759000000505e-04
7.032500000000000284e+01 -8.025284012000000319e-04
7.034999999999999432e+01 -8.075602264999999893e-04
7.037500000000000000e+01 -8.098637186000000017e-04
7.040000000000000568e+01 -8.129904026999999539e-04
7.042499999999999716e+01 -8.150887361000000182e-04
7.045000000000000284e+01 -8.212324335999999537e-04
7.047499999999999432e+01 -8.221495891000000014e-04
7.050000000000000000e+01 -8.244804615000000470e-04
7.052500000000000568e+01 -8.289864487999999655e-04
7.054999999999999716e+01 -8.314567057999999906e-04
7.057500000000000284e+01 -8.373540987000000022e-04
7.059999999999999432e+01 -8.376573550999999755e-04
7.062500000000000000e+01 -8.421944382000000427e-04
7.065000000000000568e+01 -8.442484367999999496e-04
7.067499999999999716e+01 -8.481971304000000128e-04
7.070000000000000284e+01 -8.526423816999999759e-04
7.072499999999999432e+01 -8.551717399000000486e-04
7.075000000000000000e+01 -8.583525239000000398e-04
7.077500000000000568e+01 -8.638717751000000219e-04
7.079999999999999716e+01 -8.675891963000000083e-04
7.082500000000000284e+01 -8.715744822000000497e-04
7.084999999999999432e+01 -8.730492151999999463e-04
7.087500000000000000e+01 -8.788677425000000418e-04
7.090000000000000568e+01 -8.781981224000000308e-04
7.092499999999999716e+01 -8.842360866999999852e-04
7.095000000000000284e+01 -8.877618681999999975e-04
7.097499999999999432e+01 -8.909678928000000497e-04
7.100000000000000000e+01 -8.975866738999999529e-04
7.102500000000000568e+01 -8.964151211000000521e-04
7.104999999999999716e+01 -9.035384077999999942e-04
7.107500000000000284e+01 -9.036173138999999653e-04
7.109999999999999432e+01 -9.075556309999999660e-04
7.112500000000000000e+01 -9.118406345999999609e-04
7.115000000000000568e+01 -9.183190314999999972e-04
7.117499999999999716e+01 -9.213345657999999494e-04
7.120000000000000284e+01 -9.234878658999999936e-04
7.122499999999999432e+01 -9.286413991000000250e-04
7.125000000000000000e+01 -9.330028515999999866e-04
7.127500000000000568e+01 -9.364906258000000368e-04
7.129999999999999716e+01 -9.395708642000000048e-04
7.132500000000000284e+01 -9.423507457000000146e-04
7.134999999999999432e+01 -9.463894030999999481e-04
7.137500000000000000e+01 -9.500196891000000157e-04
7.140000000000000568e+01 -9.550870041000000419e-04
7.142499999999999716e+01 -9.582527335000000368e-04
7.145000000000000284e+01 -9.613636916000000516e-04
7.147499999999999432e+01 -9.654810251999999858e-04
7.150000000000000000e+01 -9.691390833999999517e-04
7.152500000000000568e+01 -9.727217082999999910e-04
7.154999999999999716e+01 -9.760971948999999908e-04
7.157500000000000284e+01 -9.848064972000001010e-04
7.159999999999999432e+01 -9.846454811999999068e-04
7.162500000000000000e+01 -9.918095815999998944e-04
7.165000000000000568e+01 -9.938676335999999979e-04
7.167499999999999716e+01 -9.958440055000000474e-04
7.170000000000000284e+01 -9.998726810999999243e-04
7.172499999999999432e+01 -1.005978130999999947e-03
7.175000000000000000e+01 -1.007059370000000075e-03
7.177500000000000568e+01 -1.013237337999999899e-03
7.179999999999999716e+01 -1.017039048999999985e-03
7.182500000000000284e+01 -1.025555785999999938e-03
7.184999999999999432e+01 -1.026562679000000066e-03
7.187500000000000000e+01 -1.030562626999999938e-03
7.190000000000000568e+01 -1.034103472000000041e-03
7.192499999999999716e+01 -1.039970417999999935e-03
7.195000000000000284e+01 -1.044193867999999902e-03
7.197499999999999432e+01 -1.048630950999999934e-03
7.200000000000000000e+01 -1.045924202999999999e-03
7.202500000000000568e+01 -1.055711076000000106e-03
7.204999999999999716e+01 -1.060850943000000036e-03
7.207500000000000284e+01 -1.062835794999999897e-03
7.209999999999999432e+01 -1.067985472000000094e-03
7.212500000000000000e+01 -1.071898985999999911e-03
7.215000000000000568e+01 -1.075163625999999957e-03
7.217499999999999716e+01 -1.082766171999999943e-03
7.220000000000000284e+01 -1.082222596000000092e-03
7.222499999999999432e+01 -1.091936956000000031e-03
7.225000000000000000e+01 -1.097135080000000065e-03
7.227500000000000568e+01 -1.095679311000000069e-03
7.229999999999999716e+01 -1.102904212000000057e-03
7.232500000000000284e+01 -1.108781256999999930e-03
7.234999999999999432e+01 -1.113661602999999924e-03
7.237500000000000000e+01 -1.115394087000000107e-03
7.240000000000000568e+01 -1.121242972999999957e-03
7.242499999999999716e+01 -1.129046612000000026e-03
7.245000000000000284e+01 -1.132549647000000072e-03
7.247499999999999432e+01 -1.137522144000000044e-03
7.250000000000000000e+01 -1.141428886000000033e-03
7.252500000000000568e+01 -1.144789102000000032e-03
7.254999999999999716e+01 -1.150666328000000049e-03
7.257500000000000284e+01 -1.153211256999999964e-03
7.259999999999999432e+01 -1.157661503000000092e-03
7.262500000000000000e+01 -1.158205213000000058e-03
7.265000000000000568e+01 -1.165816343000000005e-03
7.267499999999999716e+01 -1.172360821000000084e-03
7.270000000000000284e+01 -1.176273689000000098e-03
7.272499999999999432e+01 -1.185347921000000013e-03
7.275000000000000000e+01 -1.189035008999999926e-03
7.277500000000000568e+01 -1.188243511999999974e-03
7.279999999999999716e+01 -1.198556084000000025e-03
7.282500000000000284e+01 -1.198477907999999934e-03
7.284999999999999432e+01 -1.204708918000000099e-03
7.287500000000000000e+01 -1.209352627000000006e-03
7.290000000000000568e+01 -1.216905358999999980e-03
7.292499999999999716e+01 -1.222894985999999941e-03
7.295000000000000284e+01 -1.223476799000000094e-03
7.297499999999999432e+01 -1.229505759000000097e-03
7.300000000000000000e+01 -1.236168298000000056e-03
7.302500000000000568e+01 -1.237570655000000104e-03
7.304999999999999716e+01 -1.242333911000000025e-03
7.307500000000000284e+01 -1.251306542999999988e-03
7.309999999999999432e+01 -1.255293470000000064e-03
7.312500000000000000e+01 -1.259733292999999990e-03
7.315000000000000568e+01 -1.263758871000000015e-03
7.317499999999999716e+01 -1.269751445999999905e-03
7.320000000000000284e+01 -1.273868619999999957e-03
7.322499999999999432e+01 -1.280468512000000007e-03
7.325000000000000000e+01 -1.289566052000000029e-03
7.327500000000000568e+01 -1.288648733999999980e-03
7.329999999999999716e+01 -1.295965254999999899e-03
7.332500000000000284e+01 -1.301470670000000026e-03
7.334999999999999432e+01 -1.305016434999999985e-03
7.337500000000000000e+01 -1.315680064000000022e-03
7.340000000000000568e+01 -1.318625897000000021e-03
7.342499999999999716e+01 -1.322338299000000049e-03
7.345000000000000284e+01 -1.326776789000000097e-03
7.347499999999999432e+01 -1.333874096999999913e-03
7.350000000000000000e+01 -1.341813974000000088e-03
7.352500000000000568e+01 -1.343624064000000038e-03
7.354999999999999716e+01 -1.347590053000000078e-03
7.357500000000000284e+01 -1.355873458999999961e-03
7.359999999999999432e+01 -1.360747158000000061e-03
7.362500000000000000e+01 -1.366416856999999900e-03
7.365000000000000568e+01 -1.372077714999999937e-03
7.367499999999999716e+01 -1.381151545999999937e-03
7.370000000000000284e+01 -1.382267488999999955e-03
7.372499999999999432e+01 -1.389866369000000062e-03
7.375000000000000000e+01 -1.391400128000000024e-03
7.377500000000000568e+01 -1.398573399000000101e-03
7.379999999999999716e+01 -1.403712895999999991e-03
7.382500000000000284e+01 -1.407859632000000097e-03
7.384999999999999432e+01 -1.415884864000000083e-03
7.387500000000000000e+01 -1.430218189999999919e-03
7.390000000000000568e+01 -1.427207604999999966e-03
7.392499999999999716e+01 -1.431131940999999909e-03
7.395000000000000284e+01 -1.433038753000000004e-03
7.397499999999999432e+01 -1.446178330999999982e-03
7.400000000000000000e+01 -1.450856051999999943e-03
7.402500000000000568e+01 -1.456381798999999925e-03
7.404999999999999716e+01 -1.464195120999999900e-03
7.407500000000000284e+01 -1.465355028000000105e-03
7.409999999999999432e+01 -1.471396910000000082e-03
7.412500000000000000e+01 -1.482357938000000057e-03
7.415000000000000568e+01 -1.486962187999999992e-03
7.417499999999999716e+01 -1.492156048999999929e-03
7.420000000000000284e+01 -1.498308137999999944e-03
7.422499999999999432e+01 -1.503849449999999964e-03
7.425000000000000000e+01 -1.509816009999999939e-03
7.427500000000000568e+01 -1.517169530999999899e-03
7.429999999999999716e+01 -1.523552889999999979e-03
7.432500000000000284e+01 -1.531758666999999971e-03
7.434999999999999432e+01 -1.537644085999999993e-03
7.437500000000000000e+01 -1.543172307000000064e-03
7.440000000000000568e+01 -1.546868954999999941e-03
7.442499999999999716e+01 -1.556164277000000049e-03
7.445000000000000284e+01 -1.554661262999999967e-03
7.447499999999999432e+01 -1.562826743000000082e-03
7.450000000000000000e+01 -1.572635992999999897e-03
7.452500000000000568e+01 -1.583141304000000018e-03
7.454999999999999716e+01 -1.587054650000000074e-03
7.457500000000000284e+01 -1.591228742999999937e-03
7.459999999999999432e+01 -1.600163630000000017e-03
7.462500000000000000e+01 -1.606175553000000009e-03
7.465000000000000568e+01 -1.612991580000000102e-03
7.467499999999999716e+01 -1.623567015999999958e-03
7.470000000000000284e+01 -1.622665422999999959e-03
7.472499999999999432e+01 -1.634167492999999936e-03
7.475000000000000000e+01 -1.638096436999999898e-03
7.477500000000000568e+01 -1.642472453999999993e-03
7.479999999999999716e+01 -1.650261786999999980e-03
7.482500000000000284e+01 -1.660278570999999944e-03
7.484999999999999432e+01 -1.664917231000000077e-03
7.487500000000000000e+01 -1.672241572999999971e-03
7.490000000000000568e+01 -1.681037084999999903e-03
7.492499999999999716e+01 -1.685351447000000029e-03
7.495000000000000284e+01 -1.689913785000000035e-03
7.497499999999999432e+01 -1.694514794999999905e-03
7.500000000000000000e+01 -1.704878570000000057e-03
7.502500000000000568e+01 -1.708936355999999971e-03
7.504999999999999716e+01 -1.718163179999999913e-03
7.507500000000000284e+01 -1.727106724000000097e-03
7.509999999999999432e+01 -1.733571881000000106e-03
7.512500000000000000e+01 -1.739874756999999989e-03
7.515000000000000568e+01 -1.748607424999999932e-03
7.517499999999999716e+01 -1.759256436000000050e-03
7.520000000000000284e+01 -1.761968751000000076e-03
7.522499999999999432e+01 -1.771788440000000029e-03
7.525000000000000000e+01 -1.776883561000000078e-03
7.527500000000000568e+01 -1.777065997999999897e-03
7.529999999999999716e+01 -1.792795518999999900e-03
7.532500000000000284e+01 -1.796824818000000018e-03
7.534999999999999432e+01 -1.800496362000000026e-03
7.537500000000000000e+01 -1.814118457000000106e-03
7.540000000000000568e+01 -1.815985969000000026e-03
7.542499999999999716e+01 -1.823452103999999947e-03
7.545000000000000284e+01 -1.834529197999999967e-03
7.547499999999999432e+01 -1.843642300000000039e-03
7.550000000000000000e+01 -1.845830657000000104e-03
7.552500000000000568e+01 -1.853620610999999994e-03
7.554999999999999716e+01 -1.865799008999999981e-03
7.557500000000000284e+01 -1.871276132999999961e-03
7.559999999999999432e+01 -1.874282904999999971e-03
7.562500000000000000e+01 -1.889810499999999968e-03
7.565000000000000568e+01 -1.897493742999999946e-03
7.567499999999999716e+01 -1.902003010999999940e-03
7.570000000000000284e+01 -1.910149757000000103e-03
7.572499999999999432e+01 -1.916962417999999984e-03
7.575000000000000000e+01 -1.921524810999999987e-03
7.577500000000000568e+01 -1.935043363000000073e-03
7.579999999999999716e+01 -1.940141323000000055e-03
7.582500000000000284e+01 -1.944527978999999922e-03
7.584999999999999432e+01 -1.951212351000000027e-03
7.587500000000000000e+01 -1.965308195999999896e-03
7.590000000000000568e+01 -1.977504723999999863e-03
7.592499999999999716e+01 -1.981391254000000168e-03
7.595000000000000284e+01 -1.994054718000000045e-03
7.597499999999999432e+01 -1.998395856000000081e-03
7.600000000000000000e+01 -2.002099155000000054e-03
7.602500000000000568e+01 -2.008637966999999788e-03
7.604999999999999716e+01 -2.018518571999999844e-03
7.607500000000000284e+01 -2.026045587000000012e-03
7.609999999999999432e+01 -2.037667922000000170e-03
7.612500000000000000e+01 -2.043436703999999826e-03
7.615000000000000568e+01 -2.046622126000000041e-03
7.617499999999999716e+01 -2.059399856999999997e-03
7.620000000000000284e+01 -2.069213588000000121e-03
7.622499999999999432e+01 -2.077052948999999916e-03
7.625000000000000000e+01 -2.087480264999999873e-03
7.627500000000000568e+01 -2.090140108999999878e-03
7.629999999999999716e+01 -2.101725033999999898e-03
7.632500000000000284e+01 -2.116469457000000071e-03
7.634999999999999432e+01 -2.117405026000000051e-03
7.637500000000000000e+01 -2.126472081000000021e-03
7.640000000000000568e+01 -2.134337423000000084e-03
7.642499999999999716e+01 -2.146966281999999893e-03
7.645000000000000284e+01 -2.158874176000000027e-03
7.647499999999999432e+01 -2.170440805999999858e-03
7.650000000000000000e+01 -2.170954918999999910e-03
7.652500000000000568e+01 -2.184882994999999897e-03
7.654999999999999716e+01 -2.193796371999999842e-03
7.657500000000000284e+01 -2.198924793999999967e-03
7.659999999999999432e+01 -2.215298267999999890e-03
7.662500000000000000e+01 -2.217142997999999986e-03
7.665000000000000568e+01 -2.232334031000000191e-03
7.667499999999999716e+01 -2.241838372000000152e-03
7.670000000000000284e+01 -2.239357254999999828e-03
7.672499999999999432e+01 -2.254228656000000029e-03
7.675000000000000000e+01 -2.267151513999999916e-03
7.677500000000000568e+01 -2.273651226000000195e-03
7.679999999999999716e+01 -2.280747571999999952e-03
7.682500000000000284e+01 -2.289290227000000209e-03
7.684999999999999432e+01 -2.301880984000000043e-03
7.687500000000000000e+01 -2.308116036000000103e-03
7.690000000000000568e+01 -2.313613002999999942e-03
7.692499999999999716e+01 -2.328904920999999920e-03
7.695000000000000284e+01 -2.339204005000000090e-03
7.697499999999999432e+01 -2.352271080000000077e-03
7.700000000000000000e+01 -2.357424084999999985e-03
7.702500000000000568e+01 -2.372065777999999951e-03
7.704999999999999716e+01 -2.374737794999999888e-03
7.707500000000000284e+01 -2.382348404999999961e-03
7.709999999999999432e+01 -2.396329823000000175e-03
7.712500000000000000e+01 -2.401138123000000086e-03
7.715000000000000568e+01 -2.419395757999999973e-03
7.717499999999999716e+01 -2.426799767999999850e-03
7.720000000000000284e+01 -2.437509314000000076e-03
7.722499999999999432e+01 -2.445404537999999999e-03
7.725000000000000000e+01 -2.454322081000000211e-03
7.727500000000000568e+01 -2.468598544999999790e-03
7.729999999999999716e+01 -2.477882082999999930e-03
7.732500000000000284e+01 -2.479943033999999942e-03
7.734999999999999432e+01 -2.492783520999999804e-03
7.737500000000000000e+01 -2.501363049000000175e-03
7.740000000000000568e+01 -2.515198066999999905e-03
7.742499999999999716e+01 -2.525510096999999954e-03
7.745000000000000284e+01 -2.538848099999999833e-03
7.747499999999999432e+01 -2.544886798999999953e-03
7.750000000000000000e+01 -2.560850089000000010e-03
7.752500000000000568e+01 -2.569125414999999871e-03
7.754999999999999716e+01 -2.575656672999999865e-03
7.757500000000000284e+01 -2.584086800000000034e-03
7.759999999999999432e+01 -2.601177083000000192e-03
7.762500000000000000e+01 -2.607315167000000006e-03
7.765000000000000568e+01 -2.620126425000000002e-03
7.767499999999999716e+01 -2.624388682999999941e-03
7.770000000000000284e+01 -2.642512163999999851e-03
7.772499999999999432e+01 -2.655651478000000017e-03
7.775000000000000000e+01 -2.660527940999999914e-03
7.777500000000000568e+01 -2.672248926000000101e-03
7.779999999999999716e+01 -2.678410640000000037e-03
7.782500000000000284e+01 -2.695732135000000057e-03
7.784999999999999432e+01 -2.709364326000000128e-03
7.787500000000000000e+01 -2.703088833999999895e-03
7.790000000000000568e+01 -2.724779931999999835e-03
7.792499999999999716e+01 -2.742415017000000149e-03
7.795000000000000284e+01 -2.760198879000000122e-03
7.797499999999999432e+01 -2.763798922999999817e-03
7.800000000000000000e+01 -2.770924395999999849e-03
7.802500000000000568e+01 -2.785601291000000101e-03
7.804999999999999716e+01 -2.789134397000000119e-03
7.807500000000000284e+01 -2.811317750999999844e-03
7.809999999999999432e+01 -2.816878600999999857e-03
7.812500000000000000e+01 -2.826163626000000127e-03
7.815000000000000568e+01 -2.844712293999999801e-03
7.817499999999999716e+01 -2.852839064999999983e-03
7.820000000000000284e+01 -2.862051640000000050e-03
7.822499999999999432e+01 -2.871522627000000147e-03
7.825000000000000000e+01 -2.883983742000000190e-03
7.827500000000000568e+01 -2.901249250000000144e-03
7.829999999999999716e+01 -2.915058093999999943e-03
7.832500000000000284e+01 -2.921032757000000066e-03
7.834999999999999432e+01 -2.941791539000000039e-03
7.837500000000000000e+01 -2.951270262000000016e-03
7.840000000000000568e+01 -2.953353698999999950e-03
7.842499999999999716e+01 -2.967381204999999886e-03
7.845000000000000284e+01 -2.982228549999999933e-03
7.847499999999999432e+01 -2.998083440999999884e-03
7.850000000000000000e+01 -3.004615614000000125e-03
7.852500000000000568e+01 -3.016589335000000038e-03
7.854999999999999716e+01 -3.033709603000000078e-03
7.857500000000000284e+01 -3.039880082000000119e-03
7.859999999999999432e+01 -3.052565518999999800e-03
7.862500000000000000e+01 -3.073549161999999859e-03
7.865000000000000568e+01 -3.085093208000000160e-03
7.867499999999999716e+01 -3.092935486000000008e-03
7.870000000000000284e+01 -3.100381552000000106e-03
7.872499999999999432e+01 -3.127313841000000164e-03
7.875000000000000000e+01 -3.139495075000000093e-03
7.877500000000000568e+01 -3.145006344000000030e-03
7.879999999999999716e+01 -3.152531557000000026e-03
7.882500000000000284e+01 -3.174201083999999857e-03
7.884999999999999432e+01 -3.185784555000000049e-03
7.887500000000000000e+01 -3.193131381999999869e-03
7.890000000000000568e+01 -3.207579428999999920e-03
7.892499999999999716e+01 -3.217816287999999796e-03
7.895000000000000284e+01 -3.238588905999999993e-03
7.897499999999999432e+01 -3.253946343000000112e-03
7.900000000000000000e+01 -3.261805061000000189e-03
7.902500000000000568e+01 -3.280750305999999891e-03
7.904999999999999716e+01 -3.281996594999999923e-03
7.907500000000000284e+01 -3.305753796000000105e-03
7.909999999999999432e+01 -3.327803341000000210e-03
7.912500000000000000e+01 -3.346403476999999793e-03
7.915000000000000568e+01 -3.349614427999999915e-03
7.917499999999999716e+01 -3.365633888000000174e-03
7.920000000000000284e+01 -3.373120301999999945e-03
7.922499999999999432e+01 -3.381912811000000168e-03
7.925000000000000000e+01 -3.396097400999999964e-03
7.927500000000000568e+01 -3.412767458000000049e-03
7.929999999999999716e+01 -3.435765777999999840e-03
7.932500000000000284e+01 -3.445561025000000097e-03
7.934999999999999432e+01 -3.456809710000000122e-03
7.937500000000000000e+01 -3.470378979000000082e-03
7.940000000000000568e+01 -3.487190172000000001e-03
7.942499999999999716e+01 -3.499844915000000032e-03
7.945000000000000284e+01 -3.511398240000000118e-03
7.947499999999999432e+01 -3.521649619000000089e-03
7.950000000000000000e+01 -3.542310638999999952e-03
7.952500000000000568e+01 -3.549460149000000213e-03
7.954999999999999716e+01 -3.581275640000000128e-03
7.957500000000000284e+01 -3.588592716999999994e-03
7.959999999999999432e+01 -3.608156789999999829e-03
7.962500000000000000e+01 -3.603334836999999829e-03
7.965000000000000568e+01 -3.633245789000000107e-03
7.967499999999999716e+01 -3.643997314999999990e-03
7.970000000000000284e+01 -3.658061035000000072e-03
7.972499999999999432e+01 -3.679845187999999847e-03
7.975000000000000000e+01 -3.692048843999999955e-03
7.977500000000000568e+01 -3.700027224999999798e-03
7.979999999999999716e+01 -3.720455435000000113e-03
7.982500000000000284e+01 -3.734400901000000002e-03
7.984999999999999432e+01 -3.756158210999999917e-03
7.987500000000000000e+01 -3.763348044999999947e-03
7.990000000000000568e+01 -3.783463195000000018e-03
7.992499999999999716e+01 -3.798055025000000168e-03
7.995000000000000284e+01 -3.809251518000000142e-03
7.997499999999999432e+01 -3.818965671000000041e-03
8.000000000000000000e+01 -3.853261362000000041e-03
8.002500000000000568e+01 -3.868333942999999976e-03
8.004999999999999716e+01 -3.878583094000000175e-03
8.007500000000000284e+01 -3.884756854000000117e-03
8.009999999999999432e+01 -3.906164853999999787e-03
8.012500000000000000e+01 -3.918059776999999709e-03
8.015000000000000568e+01 -3.947683936000000171e-03
8.017499999999999716e+01 -3.958772878999999682e-03
8.020000000000000284e+01 -3.970506668000000315e-03
8.022499999999999432e+01 -3.991950678000000079e-03
8.025000000000000000e+01 -4.003087382000000000e-03
8.027500000000000568e+01 -4.026508370000000080e-03
8.029999999999999716e+01 -4.034941046000000038e-03
8.032500000000000284e+01 -4.058359479999999915e-03
8.034999999999999432e+01 -4.074356805999999713e-03
8.037500000000000000e+01 -4.092753711999999947e-03
8.040000000000000568e+01 -4.108366268999999807e-03
8.042499999999999716e+01 -4.124087809999999604e-03
8.045000000000000284e+01 -4.144320624999999619e-03
8.047499999999999432e+01 -4.154489974999999932e-03
8.050000000000000000e+01 -4.159874990000000418e-03
8.052500000000000568e+01 -4.180445764999999626e-03
8.054999999999999716e+01 -4.204784052999999827e-03
8.057500000000000284e+01 -4.211199811000000334e-03
8.059999999999999432e+01 -4.245938928999999640e-03
8.062500000000000000e+01 -4.266126268999999652e-03
8.065000000000000568e+01 -4.280195653000000086e-03
8.067499999999999716e+01 -4.288567275999999838e-03
8.070000000000000284e+01 -4.311992918000000403e-03
8.072499999999999432e+01 -4.335086107999999716e-03
8.075000000000000000e+01 -4.352384485999999733e-03
8.077500000000000568e+01 -4.373456125999999888e-03
8.079999999999999716e+01 -4.382215331999999609e-03
8.082500000000000284e+01 -4.402047751000000113e-03
8.084999999999999432e+01 -4.414251380999999891e-03
8.087500000000000000e+01 -4.439437606000000251e-03
8.090000000000000568e+01 -4.456924131000000039e-03
8.092499999999999716e+01 -4.475093890999999775e-03
8.095000000000000284e+01 -4.483512476999999656e-03
8.097499999999999432e+01 -4.500227078000000429e-03
8.100000000000000000e+01 -4.537155283000000351e-03
8.102500000000000568e+01 -4.543566389000000365e-03
8.104999999999999716e+01 -4.566244500999999852e-03
8.107500000000000284e+01 -4.577743884000000374e-03
8.109999999999999432e+01 -4.601342191000000123e-03
8.112500000000000000e+01 -4.625340309999999983e-03
8.115000000000000568e+01 -4.643453781000000426e-03
8.117499999999999716e+01 -4.671375301000000278e-03
8.120000000000000284e+01 -4.677484691000000257e-03
8.122499999999999432e+01 -4.694635104999999968e-03
8.125000000000000000e+01 -4.734125221000000036e-03
8.127500000000000568e+01 -4.742914241000000322e-03
8.129999999999999716e+01 -4.749674518999999831e-03
8.132500000000000284e+01 -4.770573012999999689e-03
8.134999999999999432e+01 -4.800103390000000185e-03
8.137500000000000000e+01 -4.824541598000000112e-03
8.140000000000000568e+01 -4.845416283999999692e-03
8.142499999999999716e+01 -4.861049503999999820e-03
8.145000000000000284e+01 -4.877976743999999643e-03
8.147499999999999432e+01 -4.899952356000000266e-03
8.150000000000000000e+01 -4.932095356000000368e-03
8.152500000000000568e+01 -4.933212180000000335e-03
8.154999999999999716e+01 -4.945364302000000364e-03
8.157500000000000284e+01 -4.978416549999999802e-03
8.159999999999999432e+01 -4.996183710999999722e-03
8.162500000000000000e+01 -5.025703093000000350e-03
8.165000000000000568e+01 -5.049415512999999925e-03
8.167499999999999716e+01 -5.071403747999999982e-03
8.170000000000000284e+01 -5.083019218000000249e-03
8.172499999999999432e+01 -5.098399148000000262e-03
8.175000000000000000e+01 -5.128136747000000203e-03
8.177500000000000568e+01 -5.144441581000000312e-03
8.179999999999999716e+01 -5.174331433000000334e-03
8.182500000000000284e+01 -5.168602690999999846e-03
8.184999999999999432e+01 -5.199754604000000197e-03
8.187500000000000000e+01 -5.229062264000000279e-03
8.190000000000000568e+01 -5.250493204999999788e-03
8.192499999999999716e+01 -5.279310920999999955e-03
8.195000000000000284e+01 -5.300579219999999696e-03
8.197499999999999432e+01 -5.327263845000000143e-03
8.200000000000000000e+01 -5.335368006999999593e-03
8.202500000000000568e+01 -5.363837461000000098e-03
8.204999999999999716e+01 -5.380668772000000294e-03
8.207500000000000284e+01 -5.403353322999999639e-03
8.209999999999999432e+01 -5.430307589999999913e-03
8.212500000000000000e+01 -5.442470328000000024e-03
8.215000000000000568e+01 -5.460383602999999836e-03
8.217499999999999716e+01 -5.501064693999999783e-03
8.220000000000000284e+01 -5.515361423000000353e-03
8.222499999999999432e+01 -5.540976857999999582e-03
8.225000000000000000e+01 -5.566809752999999847e-03
8.227500000000000568e+01 -5.580877324000000153e-03
8.229999999999999716e+01 -5.610651551999999882e-03
8.232500000000000284e+01 -5.639382915000000322e-03
8.234999999999999432e+01 -5.647758931999999864e-03
8.237500000000000000e+01 -5.688803247999999965e-03
8.240000000000000568e+01 -5.699973724999999811e-03
8.242499999999999716e+01 -5.721711959999999618e-03
8.245000000000000284e+01 -5.757951903999999725e-03
8.247499999999999432e+01 -5.765739748000000241e-03
8.250000000000000000e+01 -5.807741917000000184e-03
8.252500000000000568e+01 -5.819952027999999652e-03
8.254999999999999716e+01 -5.851711079999999572e-03
8.257500000000000284e+01 -5.864441294999999874e-03
8.259999999999999432e+01 -5.913247273000000158e-03
8.262500000000000000e+01 -5.938936710999999889e-03
8.265000000000000568e+01 -5.943223917999999883e-03
8.267499999999999716e+01 -5.975110532000000099e-03
8.270000000000000284e+01 -5.993578309999999902e-03
8.272499999999999432e+01 -6.029349629000000342e-03
8.275000000000000000e+01 -6.032989138999999765e-03
8.277500000000000568e+01 -6.081458712999999842e-03
8.279999999999999716e+01 -6.113469110999999838e-03
8.282500000000000284e+01 -6.127590639999999644e-03
8.284999999999999432e+01 -6.132401045000000252e-03
8.287500000000000000e+01 -6.162211794000000201e-03
8.290000000000000568e+01 -6.178771882999999944e-03
8.292499999999999716e+01 -6.213735704999999963e-03
8.295000000000000284e+01 -6.258819266000000339e-03
8.297499999999999432e+01 -6.278732151000000240e-03
8.300000000000000000e+01 -6.302573007999999651e-03
8.302500000000000568e+01 -6.325648813999999905e-03
8.304999999999999716e+01 -6.347386356000000313e-03
8.307500000000000284e+01 -6.382022539999999793e-03
8.309999999999999432e+01 -6.405025538999999969e-03
8.312500000000000000e+01 -6.420411586000000261e-03
8.315000000000000568e+01 -6.478386517999999705e-03
8.317499999999999716e+01 -6.474714169999999658e-03
8.320000000000000284e+01 -6.514307904000000288e-03
8.322499999999999432e+01 -6.555066134999999912e-03
8.325000000000000000e+01 -6.573809437999999887e-03
8.327500000000000568e+01 -6.593664731999999626e-03
8.329999999999999716e+01 -6.617792275000000148e-03
8.332500000000000284e+01 -6.657496253999999579e-03
8.334999999999999432e+01 -6.687599320000000257e-03
8.337500000000000000e+01 -6.710540071999999794e-03
8.340000000000000568e+01 -6.729950109999999729e-03
8.342499999999999716e+01 -6.764194577999999708e-03
8.345000000000000284e+01 -6.789981583999999890e-03
8.347499999999999432e+01 -6.815933001000000144e-03
8.350000000000000000e+01 -6.846948513000000389e-03
8.352500000000000568e+01 -6.870277945999999844e-03
8.354999999999999716e+01 -6.922996110000000265e-03
8.357500000000000284e+01 -6.934599274000000264e-03
8.359999999999999432e+01 -6.931155405999999720e-03
8.362500000000000000e+01 -6.972503657999999660e-03
8.365000000000000568e+01 -6.996007656999999810e-03
8.367499999999999716e+01 -7.039304427000000162e-03
8.370000000000000284e+01 -7.074756292000000321e-03
8.372499999999999432e+01 -7.098876100999999654e-03
8.375000000000000000e+01 -7.148030282000000270e-03
8.377500000000000568e+01 -7.181008311000000068e-03
8.379999999999999716e+01 -7.196382258999999698e-03
8.382500000000000284e+01 -7.234687691000000337e-03
8.384999999999999432e+01 -7.263182634999999603e-03
8.387500000000000000e+01 -7.278521611999999759e-03
8.390000000000000568e+01 -7.324163431999999863e-03
8.392499999999999716e+01 -7.338715305999999640e-03
8.395000000000000284e+01 -7.362973485999999880e-03
8.397499999999999432e+01 -7.427538235000000384e-03
8.400000000000000000e+01 -7.451612136999999705e-03
8.402500000000000568e+01 -7.447418114999999894e-03
8.404999999999999716e+01 -7.504655649000000275e-03
8.407500000000000284e+01 -7.524115492999999821e-03
8.409999999999999432e+01 -7.568507854000000416e-03
8.412500000000000000e+01 -7.608414689000000258e-03
8.415000000000000568e+01 -7.630466750999999846e-03
8.417499999999999716e+01 -7.652379013000000334e-03
8.420000000000000284e+01 -7.691642484000000071e-03
8.422499999999999432e+01 -7.728282470000000237e-03
8.425000000000000000e+01 -7.778919375000000261e-03
8.427500000000000568e+01 -7.802116938999999717e-03
8.429999999999999716e+01 -7.824971740999999217e-03
8.432500000000000284e+01 -7.854961591999999951e-03
8.434999999999999432e+01 -7.901503383000000463e-03
8.437500000000000000e+01 -7.940646869999999982e-03
8.440000000000000568e+01 -7.933560329000000078e-03
8.442499999999999716e+01 -7.994507398999999362e-03
8.445000000000000284e+01 -8.025802833999999553e-03
8.447499999999999432e+01 -8.041658094000000631e-03
8.450000000000000000e+01 -8.093075913000000177e-03
8.452500000000000568e+01 -8.125004891999999812e-03
8.454999999999999716e+01 -8.171963028999999420e-03
8.457500000000000284e+01 -8.185228293000000252e-03
8.459999999999999432e+01 -8.242731862000000562e-03
8.462500000000000000e+01 -8.257265462000000500e-03
8.465000000000000568e+01 -8.290348689999999313e-03
8.467499999999999716e+01 -8.341598294000000108e-03
8.470000000000000284e+01 -8.371826384999999510e-03
8.472499999999999432e+01 -8.400546926000000691e-03
8.475000000000000000e+01 -8.427242039000000864e-03
8.477500000000000568e+01 -8.467030275000000591e-03
8.479999999999999716e+01 -8.501248946000000001e-03
8.482500000000000284e+01 -8.544980069999999484e-03
8.484999999999999432e+01 -8.603726973999999486e-03
8.487500000000000000e+01 -8.619811991000000603e-03
8.490000000000000568e+01 -8.649244131999999849e-03
8.492499999999999716e+01 -8.651691872999999963e-03
8.495000000000000284e+01 -8.722364527999999437e-03
8.497499999999999432e+01 -8.767528142000000427e-03
8.500000000000000000e+01 -8.786400866999999337e-03
8.502500000000000568e+01 -8.834202555000000151e-03
8.504999999999999716e+01 -8.881482657999999544e-03
8.507500000000000284e+01 -8.909555749999999164e-03
8.509999999999999432e+01 -8.970733859999999865e-03
8.512500000000000000e+01 -8.968806969999999767e-03
8.515000000000000568e+01 -9.041186507999999372e-03
8.517499999999999716e+01 -9.058777587999999881e-03
8.520000000000000284e+01 -9.091021393000000075e-03
8.522499999999999432e+01 -9.118698410000000698e-03
8.525000000000000000e+01 -9.174576028000000147e-03
8.527500000000000568e+01 -9.239165771999999222e-03
8.529999999999999716e+01 -9.271579546000000699e-03
8.532500000000000284e+01 -9.301519797000000131e-03
8.534999999999999432e+01 -9.313930502000000375e-03
8.537500000000000000e+01 -9.355298038999999150e-03
8.540000000000000568e+01 -9.413434345000000827e-03
8.542499999999999716e+01 -9.458230700000000435e-03
8.545000000000000284e+01 -9.483683381000000343e-03
8.547499999999999432e+01 -9.523991921999999666e-03
8.550000000000000000e+01 -9.591418024999999459e-03
8.552500000000000568e+01 -9.608210594999999632e-03
8.554999999999999716e+01 -9.653425344000000560e-03
8.557500000000000284e+01 -9.670555610999999677e-03
8.559999999999999432e+01 -9.744918369000000677e-03
8.562500000000000000e+01 -9.773426978000000417e-03
8.565000000000000568e+01 -9.809377617000000771e-03
8.567499999999999716e+01 -9.875275662999999718e-03
8.570000000000000284e+01 -9.892712855999999735e-03
8.572499999999999432e+01 -9.942658410999999710e-03
8.575000000000000000e+01 -9.969856403999999284e-03
8.577500000000000568e+01 -1.006416509000000042e-02
8.579999999999999716e+01 -1.006927988000000038e-02
8.582500000000000284e+01 -1.012957597000000050e-02
8.584999999999999432e+01 -1.015220642999999957e-02
8.587500000000000000e+01 -1.020405947999999952e-02
8.590000000000000568e+01 -1.024109879000000001e-02
8.592499999999999716e+01 -1.027718409999999957e-02
8.595000000000000284e+01 -1.033626072000000048e-02
8.597499999999999432e+01 -1.037423070000000058e-02
8.600000000000000000e+01 -1.043402170000000059e-02
8.602500000000000568e+01 -1.044452161000000018e-02
8.604999999999999716e+01 -1.049399850000000065e-02
8.607500000000000284e+01 -1.054986733999999961e-02
8.609999999999999432e+01 -1.060117910000000011e-02
8.612500000000000000e+01 -1.062931094999999999e-02
8.615000000000000568e+01 -1.067055880999999949e-02
8.617499999999999716e+01 -1.072041892999999954e-02
8.620000000000000284e+01 -1.077864951000000009e-02
8.622499999999999432e+01 -1.082640730999999933e-02
8.625000000000000000e+01 -1.089502711999999936e-02
8.627500000000000568e+01 -1.092009677000000019e-02
8.629999999999999716e+01 -1.099181165999999973e-02
8.632500000000000284e+01 -1.100660887999999928e-02
8.634999999999999432e+01 -1.105237337000000014e-02
8.637500000000000000e+01 -1.110784241999999977e-02
8.640000000000000568e+01 -1.114183384999999950e-02
8.642499999999999716e+01 -1.119340243999999984e-02
8.645000000000000284e+01 -1.125891145000000072e-02
8.647499999999999432e+01 -1.130792419000000056e-02
8.650000000000000000e+01 -1.131867634000000011e-02
8.652500000000000568e+01 -1.139906742999999972e-02
8.654999999999999716e+01 -1.144614415999999947e-02
8.657500000000000284e+01 -1.147524104000000045e-02
8.659999999999999432e+01 -1.155005293999999960e-02
8.662500000000000000e+01 -1.158490304000000040e-02
8.665000000000000568e+01 -1.164090909999999923e-02
8.667499999999999716e+01 -1.168048514000000031e-02
8.670000000000000284e+01 -1.174618655999999997e-02
8.672499999999999432e+01 -1.178318650000000078e-02
8.675000000000000000e+01 -1.182745737999999977e-02
8.677500000000000568e+01 -1.189558821000000037e-02
8.679999999999999716e+01 -1.194746785999999984e-02
8.682500000000000284e+01 -1.197977000999999979e-02
8.684999999999999432e+01 -1.202318936000000039e-02
8.687500000000000000e+01 -1.208321034000000085e-02
8.690000000000000568e+01 -1.214843785999999981e-02
8.692499999999999716e+01 -1.218612535000000024e-02
8.695000000000000284e+01 -1.225210376000000073e-02
8.697499999999999432e+01 -1.230061889000000006e-02
8.700000000000000000e+01 -1.231951331999999941e-02
8.702500000000000568e+01 -1.239238600000000003e-02
8.704999999999999716e+01 -1.244892413999999954e-02
8.707500000000000284e+01 -1.250297623000000066e-02
8.709999999999999432e+01 -1.253798650999999979e-02
8.712500000000000000e+01 -1.264616449000000031e-02
8.715000000000000568e+01 -1.266434005999999939e-02
8.717499999999999716e+01 -1.271028561000000015e-02
8.720000000000000284e+01 -1.279504159000000030e-02
8.722499999999999432e+01 -1.285788180999999919e-02
8.725000000000000000e+01 -1.290908397000000048e-02
8.727500000000000568e+01 -1.292285984999999929e-02
8.729999999999999716e+01 -1.298809754000000011e-02
8.732500000000000284e+01 -1.303423234999999923e-02
8.734999999999999432e+01 -1.312432262000000002e-02
8.737500000000000000e+01 -1.313825748000000022e-02
8.740000000000000568e+01 -1.317945216999999967e-02
8.742499999999999716e+01 -1.327055698000000061e-02
8.745000000000000284e+01 -1.335224546999999942e-02
8.747499999999999432e+01 -1.340441443000000080e-02
8.750000000000000000e+01 -1.344852462999999998e-02
8.752500000000000568e+01 -1.351819022000000023e-02
8.754999999999999716e+01 -1.355311099999999963e-02
8.757500000000000284e+01 -1.361708929999999942e-02
8.759999999999999432e+01 -1.368188463000000014e-02
8.762500000000000000e+01 -1.373127535999999968e-02
8.765000000000000568e+01 -1.380120565000000042e-02
8.767499999999999716e+01 -1.387200291000000030e-02
8.770000000000000284e+01 -1.391636035999999944e-02
8.772499999999999432e+01 -1.399400093000000012e-02
8.775000000000000000e+01 -1.403900337000000068e-02
8.777500000000000568e+01 -1.407854021000000053e-02
8.779999999999999716e+01 -1.419741344999999981e-02
8.782500000000000284e+01 -1.423010889999999987e-02
8.784999999999999432e+01 -1.428129252999999974e-02
8.787500000000000000e+01 -1.431060009000000022e-02
8.790000000000000568e+01 -1.441463620999999980e-02
8.792499999999999716e+01 -1.447797963000000028e-02
8.795000000000000284e+01 -1.454157759000000022e-02
8.797499999999999432e+01 -1.458939847000000067e-02
8.800000000000000000e+01 -1.466831736000000046e-02
8.802500000000000568e+01 -1.470386473000000020e-02
8.804999999999999716e+01 -1.476498558999999981e-02
8.807500000000000284e+01 -1.483486741999999990e-02
8.809999999999999432e+01 -1.494053962999999929e-02
8.812500000000000000e+01 -1.501478399000000068e-02
8.815000000000000568e+01 -1.507001525000000071e-02
8.817499999999999716e+01 -1.511861481999999916e-02
8.820000000000000284e+01 -1.517997798000000030e-02
8.822499999999999432e+01 -1.525123764000000000e-02
8.825000000000000000e+01 -1.527470170999999967e-02
8.827500000000000568e+01 -1.540418963000000051e-02
8.829999999999999716e+01 -1.544512114999999942e-02
8.832500000000000284e+01 -1.549514505999999986e-02
8.834999999999999432e+01 -1.556809135000000038e-02
8.837500000000000000e+01 -1.568554534999999986e-02
8.840000000000000568e+01 -1.571589774999999911e-02
8.842499999999999716e+01 -1.577694782000000143e-02
8.845000000000000284e+01 -1.586755659000000165e-02
8.847499999999999432e+01 -1.591048407000000137e-02
8.850000000000000000e+01 -1.599056319000000115e-02
8.852500000000000568e+01 -1.608008636999999977e-02
8.854999999999999716e+01 -1.611965685000000051e-02
8.857500000000000284e+01 -1.620555607999999911e-02
8.859999999999999432e+01 -1.628975167999999890e-02
8.862500000000000000e+01 -1.635263827000000073e-02
8.865000000000000568e+01 -1.639666524000000028e-02
8.867499999999999716e+01 -1.647051991999999923e-02
8.870000000000000284e+01 -1.654637391999999943e-02
8.872499999999999432e+01 -1.667059048000000057e-02
8.875000000000000000e+01 -1.670523763000000134e-02
8.877500000000000568e+01 -1.677419176999999859e-02
8.879999999999999716e+01 -1.685704308999999915e-02
8.882500000000000284e+01 -1.693414919000000088e-02
8.884999999999999432e+01 -1.698287587000000057e-02
8.887500000000000000e+01 -1.705352300999999834e-02
8.890000000000000568e+01 -1.713479816999999988e-02
8.892499999999999716e+01 -1.719929007999999870e-02
8.895000000000000284e+01 -1.727381673999999964e-02
8.897499999999999432e+01 -1.737301653000000029e-02
8.900000000000000000e+01 -1.748171111999999999e-02
8.902500000000000568e+01 -1.752568160999999972e-02
8.904999999999999716e+01 -1.756885257999999880e-02
8.907500000000000284e+01 -1.767444680000000018e-02
8.909999999999999432e+01 -1.777099782999999947e-02
8.912500000000000000e+01 -1.785541280000000133e-02
8.915000000000000568e+01 -1.796473340999999932e-02
8.917499999999999716e+01 -1.796167230999999934e-02
8.920000000000000284e+01 -1.804664460000000165e-02
8.922499999999999432e+01 -1.815265887999999855e-02
8.925000000000000000e+01 -1.824855101999999993e-02
8.927500000000000568e+01 -1.826812833000000108e-02
8.929999999999999716e+01 -1.839917950000000135e-02
8.932500000000000284e+01 -1.847002068000000094e-02
8.934999999999999432e+01 -1.860554580999999874e-02
8.937500000000000000e+01 -1.863469121999999922e-02
8.940000000000000568e+01 -1.875250957999999996e-02
8.942499999999999716e+01 -1.880688926999999830e-02
8.945000000000000284e+01 -1.888400716000000062e-02
8.947499999999999432e+01 -1.897772611999999984e-02
8.950000000000000000e+01 -1.905597570000000171e-02
8.952500000000000568e+01 -1.912796701000000002e-02
8.954999999999999716e+01 -1.925902389000000089e-02
8.957500000000000284e+01 -1.929061248000000020e-02
8.959999999999999432e+01 -1.934548785999999979e-02
8.962500000000000000e+01 -1.951383011999999889e-02
8.965000000000000568e+01 -1.955245997999999902e-02
8.967499999999999716e+01 -1.965902804999999920e-02
8.970000000000000284e+01 -1.972744149000000072e-02
8.972499999999999432e+01 -1.985915264999999971e-02
8.975000000000000000e+01 -1.990669674000000028e-02
8.977500000000000568e+01 -1.997344590000000100e-02
8.979999999999999716e+01 -2.008412813000000005e-02
8.982500000000000284e+01 -2.021635290999999890e-02
8.984999999999999432e+01 -2.026452566999999844e-02
8.987500000000000000e+01 -2.036890404000000002e-02
8.990000000000000568e+01 -2.042244502999999989e-02
8.992499999999999716e+01 -2.052073457000000087e-02
8.995000000000000284e+01 -2.060056798999999883e-02
8.997499999999999432e+01 -2.075160937000000011e-02
9.000000000000000000e+01 -2.080260599000000044e-02
9.002500000000000568e+01 -2.090376958999999937e-02
9.004999999999999716e+01 -2.100757611999999955e-02
9.007500000000000284e+01 -2.110721674000000034e-02
9.009999999999999432e+01 -2.123808531000000166e-02
9.012500000000000000e+01 -2.127709396000000003e-02
9.015000000000000568e+01 -2.137475534999999996e-02
9.017499999999999716e+01 -2.143981774999999951e-02
9.020000000000000284e+01 -2.159462730999999955e-02
9.022499999999999432e+01 -2.165992233000000114e-02
9.025000000000000000e+01 -2.175391600999999897e-02
9.027500000000000568e+01 -2.184513547999999972e-02
9.029999999999999716e+01 -2.196228553000000028e-02
9.032500000000000284e+01 -2.208817085000000166e-02
9.034999999999999432e+01 -2.216155259000000127e-02
9.037500000000000000e+01 -2.232290472000000164e-02
9.040000000000000568e+01 -2.236585968999999993e-02
9.042499999999999716e+01 -2.244347952000000021e-02
9.045000000000000284e+01 -2.255527258000000063e-02
9.047499999999999432e+01 -2.266586082000000141e-02
9.050000000000000000e+01 -2.274708813999999982e-02
9.052500000000000568e+01 -2.284368347000000077e-02
9.054999999999999716e+01 -2.294448283000000144e-02
9.057500000000000284e+01 -2.307689401000000140e-02
9.059999999999999432e+01 -2.318153414000000134e-02
9.062500000000000000e+01 -2.329033974999999979e-02
9.065000000000000568e+01 -2.334817838000000090e-02
9.067499999999999716e+01 -2.350598936000000000e-02
9.070000000000000284e+01 -2.354838350999999969e-02
9.072499999999999432e+01 -2.368736628000000025e-02
9.075000000000000000e+01 -2.380698189999999950e-02
9.077500000000000568e+01 -2.396697964000000028e-02
9.079999999999999716e+01 -2.405199724999999844e-02
9.082500000000000284e+01 -2.413113532000000019e-02
9.084999999999999432e+01 -2.421002946000000086e-02
9.087500000000000000e+01 -2.440007668000000046e-02
9.090000000000000568e+01 -2.443011692999999887e-02
9.092499999999999716e+01 -2.453773004000000049e-02
9.095000000000000284e+01 -2.472524366000000001e-02
9.097499999999999432e+01 -2.479145132999999862e-02
9.100000000000000000e+01 -2.488657362000000137e-02
9.102500000000000568e+01 -2.501251005999999971e-02
9.104999999999999716e+01 -2.510325769999999929e-02
9.107500000000000284e+01 -2.524497923999999976e-02
9.109999999999999432e+01 -2.530036930000000017e-02
9.112500000000000000e+01 -2.551336795000000088e-02
9.115000000000000568e+01 -2.559064654000000119e-02
9.117499999999999716e+01 -2.572171767999999886e-02
9.120000000000000284e+01 -2.584737452000000074e-02
9.122499999999999432e+01 -2.592320097000000087e-02
9.125000000000000000e+01 -2.613642012000000001e-02
9.127500000000000568e+01 -2.620844263999999937e-02
9.129999999999999716e+01 -2.626646971000000039e-02
9.132500000000000284e+01 -2.642413530999999927e-02
9.134999999999999432e+01 -2.652781834999999935e-02
9.137500000000000000e+01 -2.663888467000000149e-02
9.140000000000000568e+01 -2.676454686999999930e-02
9.142499999999999716e+01 -2.691058861999999843e-02
9.145000000000000284e+01 -2.705810638999999948e-02
9.147499999999999432e+01 -2.716959834000000004e-02
9.150000000000000000e+01 -2.726633251999999868e-02
9.152500000000000568e+01 -2.741451611999999941e-02
9.154999999999999716e+01 -2.748560129000000157e-02
9.157500000000000284e+01 -2.759765017999999889e-02
9.159999999999999432e+01 -2.777685745999999845e-02
9.162500000000000000e+01 -2.796847452000000150e-02
9.165000000000000568e+01 -2.803562125000000002e-02
9.167499999999999716e+01 -2.818274284000000032e-02
9.170000000000000284e+01 -2.832070739000000156e-02
9.172499999999999432e+01 -2.843347004999999955e-02
9.175000000000000000e+01 -2.854336286999999833e-02
9.177500000000000568e+01 -2.869967564999999915e-02
9.179999999999999716e+01 -2.887086461999999881e-02
9.182500000000000284e+01 -2.896709306000000081e-02
9.184999999999999432e+01 -2.906133224999999862e-02
9.187500000000000000e+01 -2.925890822000000099e-02
9.190000000000000568e+01 -2.932113932000000173e-02
9.192499999999999716e+01 -2.961603021000000155e-02
9.195000000000000284e+01 -2.974486662000000101e-02
9.197499999999999432e+01 -2.982618038999999832e-02
9.200000000000000000e+01 -2.987529182000000019e-02
9.202500000000000568e+01 -3.002695023999999921e-02
9.204999999999999716e+01 -3.019675269999999925e-02
9.207500000000000284e+01 -3.027695541000000046e-02
9.209999999999999432e+01 -3.046761536999999936e-02
9.212500000000000000e+01 -3.061443822999999897e-02
9.215000000000000568e+01 -3.077894211999999963e-02
9.217499999999999716e+01 -3.095469035999999854e-02
9.220000000000000284e+01 -3.104291282000000082e-02
9.222499999999999432e+01 -3.119984555000000076e-02
9.225000000000000000e+01 -3.130072292000000284e-02
9.227500000000000568e+01 -3.148361115000000016e-02
9.229999999999999716e+01 -3.161276617000000067e-02
9.232500000000000284e+01 -3.177247224000000203e-02
9.234999999999999432e+01 -3.196350325999999797e-02
9.237500000000000000e+01 -3.209259491000000103e-02
9.240000000000000568e+01 -3.228185345000000178e-02
9.242499999999999716e+01 -3.240863902999999852e-02
9.245000000000000284e+01 -3.255678482999999762e-02
9.247499999999999432e+01 -3.268184562999999765e-02
9.250000000000000000e+01 -3.284507430999999977e-02
9.252500000000000568e+01 -3.296723918000000336e-02
9.254999999999999716e+01 -3.313617108999999950e-02
9.257500000000000284e+01 -3.327997929999999827e-02
9.259999999999999432e+01 -3.350436670000000311e-02
9.262500000000000000e+01 -3.369926782999999731e-02
9.265000000000000568e+01 -3.378908337000000039e-02
9.267499999999999716e+01 -3.394046330000000111e-02
9.270000000000000284e+01 -3.408818044999999824e-02
9.272499999999999432e+01 -3.428349888999999984e-02
9.275000000000000000e+01 -3.447337711000000166e-02
9.277500000000000568e+01 -3.457173591999999906e-02
9.279999999999999716e+01 -3.478029936999999655e-02
9.282500000000000284e+01 -3.495882128999999727e-02
9.284999999999999432e+01 -3.504500037000000262e-02
9.287500000000000000e+01 -3.524510528000000115e-02
9.290000000000000568e+01 -3.537317532999999931e-02
9.292499999999999716e+01 -3.563374260999999793e-02
9.295000000000000284e+01 -3.578967520000000263e-02
9.297499999999999432e+01 -3.588667001000000328e-02
9.300000000000000000e+01 -3.616776563000000111e-02
9.302500000000000568e+01 -3.629324912000000264e-02
9.304999999999999716e+01 -3.650843589000000305e-02
9.307500000000000284e+01 -3.662810698999999920e-02
9.309999999999999432e+01 -3.678675617999999786e-02
9.312500000000000000e+01 -3.695998787000000230e-02
9.315000000000000568e+01 -3.719322483000000318e-02
9.317499999999999716e+01 -3.739484012000000163e-02
9.320000000000000284e+01 -3.746285953000000335e-02
9.322499999999999432e+01 -3.767499648000000034e-02
9.325000000000000000e+01 -3.789099836999999804e-02
9.327500000000000568e+01 -3.806538813000000243e-02
9.329999999999999716e+01 -3.815962990999999943e-02
9.332500000000000284e+01 -3.843484840999999985e-02
9.334999999999999432e+01 -3.861461011000000276e-02
9.337500000000000000e+01 -3.887586141999999773e-02
9.340000000000000568e+01 -3.902399791999999756e-02
9.342499999999999716e+01 -3.911870231000000309e-02
9.345000000000000284e+01 -3.932312948000000336e-02
9.347499999999999432e+01 -3.958710755000000026e-02
9.350000000000000000e+01 -3.970429319000000346e-02
9.352500000000000568e+01 -3.990949036000000089e-02
9.354999999999999716e+01 -4.021794709999999828e-02
9.357500000000000284e+01 -4.029212330000000314e-02
9.359999999999999432e+01 -4.051941346000000055e-02
9.362500000000000000e+01 -4.077474796000000318e-02
9.365000000000000568e+01 -4.092270994999999689e-02
9.367499999999999716e+01 -4.111799683000000316e-02
9.370000000000000284e+01 -4.129944149999999897e-02
9.372499999999999432e+01 -4.161002920000000244e-02
9.375000000000000000e+01 -4.179799231999999781e-02
9.377500000000000568e+01 -4.196133711999999738e-02
9.379999999999999716e+01 -4.213153912999999945e-02
9.382500000000000284e+01 -4.240148584000000276e-02
9.384999999999999432e+01 -4.251424856000000224e-02
9.387500000000000000e+01 -4.280492433000000069e-02
9.390000000000000568e+01 -4.291935807999999741e-02
9.392499999999999716e+01 -4.320991782999999975e-02
9.395000000000000284e+01 -4.344803352999999924e-02
9.397499999999999432e+01 -4.361905964999999996e-02
9.400000000000000000e+01 -4.389206535000000214e-02
9.402500000000000568e+01 -4.402553367999999939e-02
9.404999999999999716e+01 -4.430127153999999928e-02
9.407500000000000284e+01 -4.451444501000000054e-02
9.409999999999999432e+01 -4.473120857000000006e-02
9.412500000000000000e+01 -4.490463314999999789e-02
9.415000000000000568e+01 -4.509709804999999933e-02
9.417499999999999716e+01 -4.542025541999999971e-02
9.420000000000000284e+01 -4.563049510000000142e-02
9.422499999999999432e+01 -4.579570944999999949e-02
9.425000000000000000e+01 -4.612775360000000158e-02
9.427500000000000568e+01 -4.632761290000000226e-02
9.429999999999999716e+01 -4.660622158000000265e-02
9.432500000000000284e+01 -4.677701794999999940e-02
9.434999999999999432e+01 -4.695053561999999736e-02
9.437500000000000000e+01 -4.727201117000000286e-02
9.440000000000000568e+01 -4.752310233999999800e-02
9.442499999999999716e+01 -4.771213931999999935e-02
9.445000000000000284e+01 -4.795291557999999815e-02
9.447499999999999432e+01 -4.823201740000000043e-02
9.450000000000000000e+01 -4.848237567000000109e-02
9.452500000000000568e+01 -4.875055199000000172e-02
9.454999999999999716e+01 -4.897475954999999659e-02
9.457500000000000284e+01 -4.926862430000000098e-02
9.459999999999999432e+01 -4.956863259000000160e-02
9.462500000000000000e+01 -4.976551477999999890e-02
9.465000000000000568e+01 -4.995104202999999660e-02
9.467499999999999716e+01 -5.024325309000000211e-02
9.470000000000000284e+01 -5.047476364000000326e-02
9.472499999999999432e+01 -5.072168394999999885e-02
9.475000000000000000e+01 -5.099771634999999970e-02
9.477500000000000568e+01 -5.130676284999999975e-02
9.479999999999999716e+01 -5.151310530000000054e-02
9.482500000000000284e+01 -5.183468926999999782e-02
9.484999999999999432e+01 -5.200715264999999921e-02
9.487500000000000000e+01 -5.240653175999999969e-02
9.490000000000000568e+01 -5.266973469999999824e-02
9.492499999999999716e+01 -5.289317838000000271e-02
9.495000000000000284e+01 -5.321898620999999940e-02
9.497499999999999432e+01 -5.350072404000000281e-02
9.500000000000000000e+01 -5.359485673000000117e-02
9.502500000000000568e+01 -5.403402471000000318e-02
9.504999999999999716e+01 -5.427061744000000187e-02
9.507500000000000284e+01 -5.465294763999999778e-02
9.509999999999999432e+01 -5.480096061999999851e-02
9.512500000000000000e+01 -5.516666848000000012e-02
9.515000000000000568e+01 -5.542697264000000235e-02
9.517499999999999716e+01 -5.570409404999999980e-02
9.520000000000000284e+01 -5.606950682999999741e-02
9.522499999999999432e+01 -5.634215087999999705e-02
9.525000000000000000e+01 -5.666702841000000046e-02
9.527500000000000568e+01 -5.700155695999999800e-02
9.529999999999999716e+01 -5.720785664999999964e-02
9.532500000000000284e+01 -5.750270353999999834e-02
9.534999999999999432e+01 -5.792520815999999823e-02
9.537500000000000000e+01 -5.826726868999999864e-02
9.540000000000000568e+01 -5.857129151999999894e-02
9.542499999999999716e+01 -5.885362085000000326e-02
9.545000000000000284e+01 -5.912890374000000226e-02
9.547499999999999432e+01 -5.952192324999999729e-02
9.550000000000000000e+01 -5.979819312000000248e-02
9.552500000000000568e+01 -6.016607486000000171e-02
9.554999999999999716e+01 -6.037950560000000105e-02
9.557500000000000284e+01 -6.075860990999999711e-02
9.559999999999999432e+01 -6.110820346999999708e-02
9.562500000000000000e+01 -6.143609802999999703e-02
9.565000000000000568e+01 -6.181318752000000000e-02
9.567499999999999716e+01 -6.205729129999999760e-02
9.570000000000000284e+01 -6.257999813999999550e-02
9.572499999999999432e+01 -6.281668057000000527e-02
9.575000000000000000e+01 -6.309752583000000081e-02
9.577500000000000568e+01 -6.347957995000000353e-02
9.579999999999999716e+01 -6.389458429000000050e-02
9.582500000000000284e+01 -6.430047453999999940e-02
9.584999999999999432e+01 -6.458997965000000396e-02
9.587500000000000000e+01 -6.491825086999999939e-02
9.590000000000000568e+01 -6.531147270999999865e-02
9.592499999999999716e+01 -6.556732899000000669e-02
9.595000000000000284e+01 -6.607534174000000149e-02
9.597499999999999432e+01 -6.645062956000000187e-02
9.600000000000000000e+01 -6.676286630000000111e-02
9.602500000000000568e+01 -6.716396639999999696e-02
9.604999999999999716e+01 -6.747973188000000455e-02
9.607500000000000284e+01 -6.787226205999999373e-02
9.609999999999999432e+01 -6.828993943000000177e-02
9.612500000000000000e+01 -6.868408726999999936e-02
9.615000000000000568e+01 -6.918167095999999683e-02
9.617499999999999716e+01 -6.945610992999999567e-02
9.620000000000000284e+01 -6.995467632000000602e-02
9.622499999999999432e+01 -7.035475874999999601e-02
9.625000000000000000e+01 -7.056697689999999468e-02
9.627500000000000568e+01 -7.109172966000000538e-02
9.629999999999999716e+01 -7.171846508000000175e-02
9.632500000000000284e+01 -7.199664758000000331e-02
9.634999999999999432e+01 -7.232273329999999723e-02
9.637500000000000000e+01 -7.278827992000000413e-02
9.640000000000000568e+01 -7.338360026000000091e-02
9.642499999999999716e+01 -7.350926639999999512e-02
9.645000000000000284e+01 -7.405084898000000027e-02
9.647499999999999432e+01 -7.445856354999999538e-02
9.650000000000000000e+01 -7.497996365999999580e-02
9.652500000000000568e+01 -7.549898002999999580e-02
9.654999999999999716e+01 -7.598074074999999761e-02
9.657500000000000284e+01 -7.644828654999999418e-02
9.659999999999999432e+01 -7.666886621000000568e-02
9.662500000000000000e+01 -7.717054097000000668e-02
9.665000000000000568e+01 -7.763837709000000198e-02
9.667499999999999716e+01 -7.812081555000000010e-02
9.670000000000000284e+01 -7.866113556999999867e-02
9.672499999999999432e+01 -7.912079972999999655e-02
9.675000000000000000e+01 -7.966157466999999881e-02
9.677500000000000568e+01 -8.006432066999999431e-02
9.679999999999999716e+01 -8.053128401999999630e-02
9.682500000000000284e+01 -8.119766545999999863e-02
9.684999999999999432e+01 -8.149021199000000548e-02
9.687500000000000000e+01 -8.200391672000000021e-02
9.690000000000000568e+01 -8.256552368000000253e-02
9.692499999999999716e+01 -8.311906059000000180e-02
9.695000000000000284e+01 -8.365472736000000020e-02
9.697499999999999432e+01 -8.418932766999999429e-02
9.700000000000000000e+01 -8.457411959999999729e-02
9.702500000000000568e+01 -8.526722759999999512e-02
9.704999999999999716e+01 -8.579529111000000485e-02
9.707500000000000284e+01 -8.625848376000000428e-02
9.709999999999999432e+01 -8.673986034000000234e-02
9.712500000000000000e+01 -8.734258671000000307e-02
9.715000000000000568e+01 -8.797374313000000390e-02
9.717499999999999716e+01 -8.837147848000000139e-02
9.720000000000000284e+01 -8.903247749999999849e-02
9.722499999999999432e+01 -8.959040967999999661e-02
9.725000000000000000e+01 -9.024620677000000368e-02
9.727500000000000568e+01 -9.100375151999999523e-02
9.729999999999999716e+01 -9.146466187000000525e-02
9.732500000000000284e+01 -9.221222917000000685e-02
9.734999999999999432e+01 -9.278267811000000254e-02
9.737500000000000000e+01 -9.337356412000000216e-02
9.740000000000000568e+01 -9.391164973000000471e-02
9.742499999999999716e+01 -9.469735579000000680e-02
9.745000000000000284e+01 -9.525930405999999406e-02
9.747499999999999432e+01 -9.593355859999999624e-02
9.750000000000000000e+01 -9.636717943000000508e-02
9.752500000000000568e+01 -9.715313555000000545e-02
9.754999999999999716e+01 -9.775113224999999739e-02
9.757500000000000284e+01 -9.836034560999999676e-02
9.759999999999999432e+01 -9.915228602999999474e-02
9.762500000000000000e+01 -9.994434096000000267e-02
9.765000000000000568e+01 -1.006061934999999963e-01
9.767499999999999716e+01 -1.011475604000000028e-01
9.770000000000000284e+01 -1.020282331000000042e-01
9.772499999999999432e+01 -1.027152682999999955e-01
9.775000000000000000e+01 -1.034435070000000040e-01
9.777500000000000568e+01 -1.042464381999999995e-01
9.779999999999999716e+01 -1.049831808000000061e-01
9.782500000000000284e+01 -1.056904944000000013e-01
9.784999999999999432e+01 -1.064854746000000046e-01
9.787500000000000000e+01 -1.072656258999999945e-01
9.790000000000000568e+01 -1.081014916000000020e-01
9.792499999999999716e+01 -1.088292492000000056e-01
9.795000000000000284e+01 -1.095987305000000051e-01
9.797499999999999432e+01 -1.102950315999999958e-01
9.800000000000000000e+01 -1.112776877999999969e-01
9.802500000000000568e+01 -1.120563284000000021e-01
9.804999999999999716e+01 -1.128336169000000028e-01
9.807500000000000284e+01 -1.137783438999999952e-01
9.809999999999999432e+01 -1.145798462000000018e-01
9.812500000000000000e+01 -1.154417543999999990e-01
9.815000000000000568e+01 -1.163454015999999952e-01
9.817499999999999716e+01 -1.171800793000000035e-01
9.820000000000000284e+01 -1.181879524000000042e-01
9.822499999999999432e+01 -1.190649678999999989e-01
9.825000000000000000e+01 -1.199875968999999931e-01
9.827500000000000568e+01 -1.210124895000000006e-01
9.829999999999999716e+01 -1.220174160000000035e-01
9.832500000000000284e+01 -1.228966662999999987e-01
9.834999999999999432e+01 -1.238877574000000065e-01
9.837500000000000000e+01 -1.249874110000000066e-01
9.840000000000000568e+01 -1.259447532999999897e-01
9.842499999999999716e+01 -1.269896789999999942e-01
9.845000000000000284e+01 -1.278810630999999975e-01
9.847499999999999432e+01 -1.291234508000000114e-01
9.850000000000000000e+01 -1.299693664999999887e-01
9.852500000000000568e+01 -1.311421322000000111e-01
9.854999999999999716e+01 -1.321808147000000100e-01
9.857500000000000284e+01 -1.333390177999999870e-01
9.859999999999999432e+01 -1.344211963999999981e-01
9.862500000000000000e+01 -1.357412969000000025e-01
9.865000000000000568e+01 -1.368006230000000101e-01
9.867499999999999716e+01 -1.379722472000000089e-01
9.870000000000000284e+01 -1.392269157999999896e-01
9.872499999999999432e+01 -1.404939887999999970e-01
9.875000000000000000e+01 -1.414917787999999954e-01
9.877500000000000568e+01 -1.426862063000000069e-01
9.879999999999999716e+01 -1.441647900999999954e-01
9.882500000000000284e+01 -1.456287337999999931e-01
9.884999999999999432e+01 -1.466775677000000111e-01
9.887500000000000000e+01 -1.481301550999999939e-01
9.890000000000000568e+01 -1.495359055999999909e-01
9.892499999999999716e+01 -1.508892813999999916e-01
9.895000000000000284e+01 -1.523118318999999998e-01
9.897499999999999432e+01 -1.536099813000000036e-01
9.900000000000000000e+01 -1.552683400000000047e-01
9.902500000000000568e+01 -1.566870491000000032e-01
9.904999999999999716e+01 -1.578465903000000059e-01
9.907500000000000284e+01 -1.595145739000000118e-01
9.909999999999999432e+01 -1.611024111000000092e-01
9.912500000000000000e+01 -1.626428117000000007e-01
9.915000000000000568e+01 -1.642366644999999903e-01
9.917499999999999716e+01 -1.658242349999999865e-01
9.920000000000000284e+01 -1.674300441999999889e-01
9.922499999999999432e+01 -1.693081355000000121e-01
9.925000000000000000e+01 -1.708128302999999959e-01
9.927500000000000568e+01 -1.725584819000000047e-01
9.929999999999999716e+01 -1.744471461000000057e-01
9.932500000000000284e+01 -1.760822679999999862e-01
9.934999999999999432e+01 -1.779127201000000047e-01
9.937500000000000000e+01 -1.798058093000000079e-01
9.940000000000000568e+01 -1.817961201999999943e-01
9.942499999999999716e+01 -1.835030545000000124e-01
9.945000000000000284e+01 -1.855265946000000110e-01
9.947499999999999432e+01 -1.875948117000000026e-01
9.950000000000000000e+01 -1.895048699000000114e-01
9.952500000000000568e+01 -1.916517821000000010e-01
9.954999999999999716e+01 -1.936937941000000107e-01
9.957500000000000284e+01 -1.960882542000000062e-01
9.959999999999999432e+01 -1.980934051999999890e-01
9.962500000000000000e+01 -2.001668930000000124e-01
9.965000000000000568e+01 -2.024992156000000043e-01
9.967499999999999716e+01 -2.047968786000000097e-01
9.970000000000000284e+01 -2.071081690999999891e-01
9.972499999999999432e+01 -2.097392928000000045e-01
9.975000000000000000e+01 -2.116305330999999901e-01
9.977500000000000568e+01 -2.143745494000000029e-01
9.979999999999999716e+01 -2.170362524999999987e-01
9.982500000000000284e+01 -2.193999729999999981e-01
9.984999999999999432e+01 -2.222043502000000115e-01
9.987500000000000000e+01 -2.249616004999999974e-01
9.990000000000000568e+01 -2.277182439000000058e-01
9.992499999999999716e+01 -2.301794652999999968e-01
9.995000000000000284e+01 -2.331125843999999891e-01
9.997499999999999432e+01 -2.360423493000000095e-01
1.000000000000000000e+02 -2.389687598999999940e-01
