0.000000000000000000e+00 2.578445604999999863e-01
2.500000000000000139e-02 2.546856195000000156e-01
5.000000000000000278e-02 2.515198626999999854e-01
7.499999999999999722e-02 2.483472899999999983e-01
1.000000000000000056e-01 2.455734940000000033e-01
1.250000000000000000e-01 2.425529667999999917e-01
1.499999999999999944e-01 2.395697515999999916e-01
1.749999999999999889e-01 2.370437575999999880e-01
2.000000000000000111e-01 2.338118832999999952e-01
2.250000000000000056e-01 2.312331646999999935e-01
2.500000000000000000e-01 2.285949831999999904e-01
2.750000000000000222e-01 2.259635972000000048e-01
2.999999999999999889e-01 2.234506566999999999e-01
3.250000000000000111e-01 2.208094029999999874e-01
3.499999999999999778e-01 2.184235910000000003e-01
3.750000000000000000e-01 2.162394827999999936e-01
4.000000000000000222e-01 2.136914154000000010e-01
4.249999999999999889e-01 2.114836013999999986e-01
4.500000000000000111e-01 2.091899624999999929e-01
4.749999999999999778e-01 2.067437051999999886e-01
5.000000000000000000e-01 2.046343617999999975e-01
5.250000000000000222e-01 2.024647136999999930e-01
5.500000000000000444e-01 2.003612186000000017e-01
5.749999999999999556e-01 1.980264861999999904e-01
5.999999999999999778e-01 1.962325873000000109e-01
6.250000000000000000e-01 1.944417988999999902e-01
6.500000000000000222e-01 1.922838165000000099e-01
6.750000000000000444e-01 1.900938651000000090e-01
6.999999999999999556e-01 1.886526842000000037e-01
7.249999999999999778e-01 1.864087551999999981e-01
7.500000000000000000e-01 1.845995123999999987e-01
7.750000000000000222e-01 1.828915509000000050e-01
8.000000000000000444e-01 1.808069659000000051e-01
8.249999999999999556e-01 1.792915768999999993e-01
8.499999999999999778e-01 1.774052654000000118e-01
8.750000000000000000e-01 1.755752617000000126e-01
9.000000000000000222e-01 1.741072754999999916e-01
9.250000000000000444e-01 1.726144263000000123e-01
9.499999999999999556e-01 1.708905856999999862e-01
9.749999999999999778e-01 1.692701082999999995e-01
1.000000000000000000e+00 1.678617135999999899e-01
1.024999999999999911e+00 1.663456235999999921e-01
1.050000000000000044e+00 1.648734326000000083e-01
1.074999999999999956e+00 1.633181489999999958e-01
1.100000000000000089e+00 1.618476974999999984e-01
1.125000000000000000e+00 1.602866455999999995e-01
1.149999999999999911e+00 1.589324517000000048e-01
1.175000000000000044e+00 1.575183249999999868e-01
1.199999999999999956e+00 1.559167844999999886e-01
1.225000000000000089e+00 1.546881696000000084e-01
1.250000000000000000e+00 1.533048854999999877e-01
1.274999999999999911e+00 1.519554471000000018e-01
1.300000000000000044e+00 1.507676615999999914e-01
1.324999999999999956e+00 1.494937507999999915e-01
1.350000000000000089e+00 1.482888660999999997e-01
1.375000000000000000e+00 1.470491258000000134e-01
1.399999999999999911e+00 1.455497246000000133e-01
1.425000000000000044e+00 1.444650389000000090e-01
1.449999999999999956e+00 1.432908304999999938e-01
1.475000000000000089e+00 1.421303450999999995e-01
1.500000000000000000e+00 1.410307762999999937e-01
1.524999999999999911e+00 1.399447762000000095e-01
1.550000000000000044e+00 1.385715033999999901e-01
1.574999999999999956e+00 1.375017610000000001e-01
1.600000000000000089e+00 1.364238805999999915e-01
1.625000000000000000e+00 1.353776859999999971e-01
1.649999999999999911e+00 1.342918167000000107e-01
1.675000000000000044e+00 1.332157327999999863e-01
1.699999999999999956e+00 1.321789580999999936e-01
1.725000000000000089e+00 1.312079797000000048e-01
1.750000000000000000e+00 1.300833654999999922e-01
1.774999999999999911e+00 1.290305095000000013e-01
1.800000000000000044e+00 1.282430881000000134e-01
1.824999999999999956e+00 1.271352359000000043e-01
1.850000000000000089e+00 1.261493757999999910e-01
1.875000000000000000e+00 1.252288993000000017e-01
1.899999999999999911e+00 1.241539844000000004e-01
1.925000000000000044e+00 1.230570658999999983e-01
1.949999999999999956e+00 1.221459034999999999e-01
1.975000000000000089e+00 1.213530312000000028e-01
2.000000000000000000e+00 1.203873106000000054e-01
2.024999999999999911e+00 1.197442799999999946e-01
2.049999999999999822e+00 1.188418308000000062e-01
2.075000000000000178e+00 1.178765036999999960e-01
2.100000000000000089e+00 1.169141415999999933e-01
2.125000000000000000e+00 1.160082952999999945e-01
2.149999999999999911e+00 1.152230208000000061e-01
2.174999999999999822e+00 1.144233067000000048e-01
2.200000000000000178e+00 1.135943122000000055e-01
2.225000000000000089e+00 1.128314249000000047e-01
2.250000000000000000e+00 1.118602592000000062e-01
2.274999999999999911e+00 1.112209650000000050e-01
2.299999999999999822e+00 1.104810048000000045e-01
2.325000000000000178e+00 1.094708652000000032e-01
2.350000000000000089e+00 1.086453514000000065e-01
2.375000000000000000e+00 1.080381742999999978e-01
2.399999999999999911e+00 1.072026479000000032e-01
2.424999999999999822e+00 1.065549261999999969e-01
2.450000000000000178e+00 1.058055192999999977e-01
2.475000000000000089e+00 1.050338086999999948e-01
2.500000000000000000e+00 1.042225581000000012e-01
2.524999999999999911e+00 1.034486852000000012e-01
2.549999999999999822e+00 1.028650183999999940e-01
2.575000000000000178e+00 1.020671947999999968e-01
2.600000000000000089e+00 1.014349898000000000e-01
2.625000000000000000e+00 1.006754920000000053e-01
2.649999999999999911e+00 1.001547824000000031e-01
2.674999999999999822e+00 9.936547984999999361e-02
2.700000000000000178e+00 9.880868144000000408e-02
2.725000000000000089e+00 9.799005750000000514e-02
2.750000000000000000e+00 9.728897398999999946e-02
2.774999999999999911e+00 9.659152074000000587e-02
2.799999999999999822e+00 9.609253347000000500e-02
2.825000000000000178e+00 9.547161118999999974e-02
2.850000000000000089e+00 9.470840444000000469e-02
2.875000000000000000e+00 9.394683331000000526e-02
2.899999999999999911e+00 9.343363182000000156e-02
2.924999999999999822e+00 9.278149953000000560e-02
2.950000000000000178e+00 9.214024705999999953e-02
2.975000000000000089e+00 9.160759679999999627e-02
3.000000000000000000e+00 9.101876692999999463e-02
3.024999999999999911e+00 9.048623280999999741e-02
3.049999999999999822e+00 8.978246277000000164e-02
3.075000000000000178e+00 8.910877894999999493e-02
3.100000000000000089e+00 8.857931836999999309e-02
3.125000000000000000e+00 8.801090569000000197e-02
3.149999999999999911e+00 8.751368814000000385e-02
3.174999999999999822e+00 8.697115033999999745e-02
3.200000000000000178e+00 8.636174339999999616e-02
3.225000000000000089e+00 8.573270757999999769e-02
3.250000000000000000e+00 8.527169122000000101e-02
3.274999999999999911e+00 8.459116509000000339e-02
3.299999999999999822e+00 8.409617182999999663e-02
3.325000000000000178e+00 8.361783935000000056e-02
3.350000000000000089e+00 8.300229386000000653e-02
3.375000000000000000e+00 8.248527399999999732e-02
3.399999999999999911e+00 8.199282440999999810e-02
3.424999999999999822e+00 8.151049047000000214e-02
3.450000000000000178e+00 8.093602728000000301e-02
3.475000000000000089e+00 8.033919357999999566e-02
3.500000000000000000e+00 7.980291926999999452e-02
3.524999999999999911e+00 7.926421731999999665e-02
3.549999999999999822e+00 7.882286913000000061e-02
3.575000000000000178e+00 7.827641679999999824e-02
3.600000000000000089e+00 7.796402967000000406e-02
3.625000000000000000e+00 7.730933779000000172e-02
3.649999999999999911e+00 7.689391986999999373e-02
3.674999999999999822e+00 7.632588668999999715e-02
3.700000000000000178e+00 7.594824912000000539e-02
3.725000000000000089e+00 7.548166761999999808e-02
3.750000000000000000e+00 7.499200929999999543e-02
3.774999999999999911e+00 7.441144396000000383e-02
3.799999999999999822e+00 7.403361146999999642e-02
3.825000000000000178e+00 7.347637009000000663e-02
3.850000000000000089e+00 7.323429391999999871e-02
3.875000000000000000e+00 7.259546103000000250e-02
3.899999999999999911e+00 7.208446277999999707e-02
3.924999999999999822e+00 7.186281009999999358e-02
3.950000000000000178e+00 7.133769018999999711e-02
3.975000000000000089e+00 7.087956614000000266e-02
4.000000000000000000e+00 7.062854272999999350e-02
4.025000000000000355e+00 7.003498990999999785e-02
4.049999999999999822e+00 6.956507733000000249e-02
4.075000000000000178e+00 6.910146678999999625e-02
4.099999999999999645e+00 6.876125488999999813e-02
4.125000000000000000e+00 6.833863059000000462e-02
4.150000000000000355e+00 6.779088315999999559e-02
4.174999999999999822e+00 6.745116298000000676e-02
4.200000000000000178e+00 6.699230491999999537e-02
4.224999999999999645e+00 6.673633666000000630e-02
4.250000000000000000e+00 6.626063420000000148e-02
4.275000000000000355e+00 6.584033534000000021e-02
4.299999999999999822e+00 6.540781927000000051e-02
4.325000000000000178e+00 6.499071214000000374e-02
4.349999999999999645e+00 6.454545206999999507e-02
4.375000000000000000e+00 6.422627829999999483e-02
4.400000000000000355e+00 6.391467819000000439e-02
4.424999999999999822e+00 6.344495671000000003e-02
4.450000000000000178e+00 6.294401519999999473e-02
4.474999999999999645e+00 6.267087584000000100e-02
4.500000000000000000e+00 6.229900881000000057e-02
4.525000000000000355e+00 6.201739528999999918e-02
4.549999999999999822e+00 6.163007356999999908e-02
4.575000000000000178e+00 6.124913447000000094e-02
4.599999999999999645e+00 6.092264742999999733e-02
4.625000000000000000e+00 6.057707888000000290e-02
4.650000000000000355e+00 6.005525938999999730e-02
4.674999999999999822e+00 5.979312261999999989e-02
4.700000000000000178e+00 5.934281851999999996e-02
4.724999999999999645e+00 5.905562760000000050e-02
4.750000000000000000e+00 5.869769485000000259e-02
4.775000000000000355e+00 5.836455154999999756e-02
4.799999999999999822e+00 5.792122054999999936e-02
4.825000000000000178e+00 5.763434902000000304e-02
4.849999999999999645e+00 5.718497867999999817e-02
4.875000000000000000e+00 5.687040131999999970e-02
4.900000000000000355e+00 5.650273322999999764e-02
4.924999999999999822e+00 5.612764483999999748e-02
4.950000000000000178e+00 5.594989734999999964e-02
4.974999999999999645e+00 5.564034220999999891e-02
5.000000000000000000e+00 5.528500733999999750e-02
5.025000000000000355e+00 5.503445012000000164e-02
5.049999999999999822e+00 5.472918269000000280e-02
5.075000000000000178e+00 5.422847785999999892e-02
5.099999999999999645e+00 5.393078821999999772e-02
5.125000000000000000e+00 5.376383641000000158e-02
5.150000000000000355e+00 5.339155327999999673e-02
5.174999999999999822e+00 5.305630253000000185e-02
5.200000000000000178e+00 5.266842900999999660e-02
5.224999999999999645e+00 5.238612036999999721e-02
5.250000000000000000e+00 5.209646740999999970e-02
5.275000000000000355e+00 5.173787432000000186e-02
5.299999999999999822e+00 5.153231285999999856e-02
5.325000000000000178e+00 5.112209948000000226e-02
5.349999999999999645e+00 5.092951194999999903e-02
5.375000000000000000e+00 5.049103079000000216e-02
5.400000000000000355e+00 5.037579688999999777e-02
5.424999999999999822e+00 4.988769794000000313e-02
5.450000000000000178e+00 4.974111918000000132e-02
5.474999999999999645e+00 4.940670778000000318e-02
5.500000000000000000e+00 4.920326021000000216e-02
5.525000000000000355e+00 4.881494320000000220e-02
5.549999999999999822e+00 4.851982256000000188e-02
5.575000000000000178e+00 4.825219898000000091e-02
5.599999999999999645e+00 4.787640978999999769e-02
5.625000000000000000e+00 4.762012691999999853e-02
5.650000000000000355e+00 4.743172676000000088e-02
5.674999999999999822e+00 4.712094668999999847e-02
5.700000000000000178e+00 4.687145493000000052e-02
5.724999999999999645e+00 4.660243450999999870e-02
5.750000000000000000e+00 4.628852504000000034e-02
5.775000000000000355e+00 4.599424741000000122e-02
5.799999999999999822e+00 4.568800194000000037e-02
5.825000000000000178e+00 4.555747092000000248e-02
5.849999999999999645e+00 4.521732331000000160e-02
5.875000000000000000e+00 4.494448579000000221e-02
5.900000000000000355e+00 4.474933021000000039e-02
5.924999999999999822e+00 4.443452308000000323e-02
5.950000000000000178e+00 4.423709657000000212e-02
5.974999999999999645e+00 4.398010009000000164e-02
6.000000000000000000e+00 4.366080769999999833e-02
6.025000000000000355e+00 4.342269297000000278e-02
6.049999999999999822e+00 4.315861942000000229e-02
6.075000000000000178e+00 4.296759359999999944e-02
6.099999999999999645e+00 4.268672440000000068e-02
6.125000000000000000e+00 4.239467582999999901e-02
6.150000000000000355e+00 4.215393262000000085e-02
6.174999999999999822e+00 4.192741257000000277e-02
6.200000000000000178e+00 4.166161496000000269e-02
6.224999999999999645e+00 4.144910992999999849e-02
6.250000000000000000e+00 4.121460625000000072e-02
6.275000000000000355e+00 4.095824062000000265e-02
6.299999999999999822e+00 4.070705161999999683e-02
6.325000000000000178e+00 4.050712572000000206e-02
6.349999999999999645e+00 4.026956571999999734e-02
6.375000000000000000e+00 3.996260876999999795e-02
6.400000000000000355e+00 3.978904761999999679e-02
6.424999999999999822e+00 3.958205538000000162e-02
6.450000000000000178e+00 3.930500745999999934e-02
6.474999999999999645e+00 3.914570062000000128e-02
6.500000000000000000e+00 3.886274792999999672e-02
6.525000000000000355e+00 3.876056739000000029e-02
6.549999999999999822e+00 3.833889766000000282e-02
6.575000000000000178e+00 3.824725251999999687e-02
6.599999999999999645e+00 3.807849899000000093e-02
6.625000000000000000e+00 3.778293860999999698e-02
6.650000000000000355e+00 3.763428645999999933e-02
6.674999999999999822e+00 3.736277285000000337e-02
6.700000000000000178e+00 3.722781688000000033e-02
6.724999999999999645e+00 3.697151580000000021e-02
6.750000000000000000e+00 3.670196490000000172e-02
6.775000000000000355e+00 3.653460319000000067e-02
6.799999999999999822e+00 3.632576906999999966e-02
6.825000000000000178e+00 3.607613428999999899e-02
6.849999999999999645e+00 3.589789233000000024e-02
6.875000000000000000e+00 3.569857941000000034e-02
6.900000000000000355e+00 3.553587025999999788e-02
6.924999999999999822e+00 3.528573983000000275e-02
6.950000000000000178e+00 3.512287345000000144e-02
6.974999999999999645e+00 3.491858845000000294e-02
7.000000000000000000e+00 3.467606255999999831e-02
7.025000000000000355e+00 3.442343508000000191e-02
7.049999999999999822e+00 3.437399669999999935e-02
7.075000000000000178e+00 3.414398158000000322e-02
7.099999999999999645e+00 3.394877386000000330e-02
7.125000000000000000e+00 3.368504879999999896e-02
7.150000000000000355e+00 3.350929495999999813e-02
7.174999999999999822e+00 3.326475880000000218e-02
7.200000000000000178e+00 3.324829843000000340e-02
7.224999999999999645e+00 3.290519279999999658e-02
7.250000000000000000e+00 3.275000423999999827e-02
7.275000000000000355e+00 3.254438166000000326e-02
7.299999999999999822e+00 3.235758139000000089e-02
7.325000000000000178e+00 3.226315492000000201e-02
7.349999999999999645e+00 3.201076750000000221e-02
7.375000000000000000e+00 3.181619284000000020e-02
7.400000000000000355e+00 3.171049847000000088e-02
7.424999999999999822e+00 3.148846469000000231e-02
7.450000000000000178e+00 3.135487322999999660e-02
7.474999999999999645e+00 3.110566235000000040e-02
7.500000000000000000e+00 3.100396723999999937e-02
7.525000000000000355e+00 3.083755310999999888e-02
7.549999999999999822e+00 3.053061899000000107e-02
7.575000000000000178e+00 3.044520733000000146e-02
7.599999999999999645e+00 3.027920045999999907e-02
7.625000000000000000e+00 3.007068035000000014e-02
7.650000000000000355e+00 2.998794768000000166e-02
7.674999999999999822e+00 2.978061338000000113e-02
7.700000000000000178e+00 2.958211359000000040e-02
7.724999999999999645e+00 2.943570470999999980e-02
7.750000000000000000e+00 2.922584026000000015e-02
7.775000000000000355e+00 2.909987329999999886e-02
7.799999999999999822e+00 2.889922375999999862e-02
7.825000000000000178e+00 2.869483118999999888e-02
7.849999999999999645e+00 2.864918720999999960e-02
7.875000000000000000e+00 2.841173895999999852e-02
7.900000000000000355e+00 2.827322651999999992e-02
7.924999999999999822e+00 2.814575311000000121e-02
7.950000000000000178e+00 2.796060431000000138e-02
7.974999999999999645e+00 2.777021496999999839e-02
8.000000000000000000e+00 2.759262075000000133e-02
8.025000000000000355e+00 2.752875798999999957e-02
8.050000000000000711e+00 2.736860722000000051e-02
8.074999999999999289e+00 2.721774723999999951e-02
8.099999999999999645e+00 2.704722451999999958e-02
8.125000000000000000e+00 2.690469393999999834e-02
8.150000000000000355e+00 2.668649811000000163e-02
8.175000000000000711e+00 2.664394695000000049e-02
8.199999999999999289e+00 2.656043452999999957e-02
8.224999999999999645e+00 2.629372055000000000e-02
8.250000000000000000e+00 2.610300754000000056e-02
8.275000000000000355e+00 2.604238395000000109e-02
8.300000000000000711e+00 2.584606936999999868e-02
8.324999999999999289e+00 2.575177439999999998e-02
8.349999999999999645e+00 2.556999725000000043e-02
8.375000000000000000e+00 2.541005005000000067e-02
8.400000000000000355e+00 2.531727963999999900e-02
8.425000000000000711e+00 2.513549551000000132e-02
8.449999999999999289e+00 2.503252158000000144e-02
8.474999999999999645e+00 2.482900483999999838e-02
8.500000000000000000e+00 2.473817719999999928e-02
8.525000000000000355e+00 2.455849744000000029e-02
8.550000000000000711e+00 2.449222171999999864e-02
8.574999999999999289e+00 2.430210677999999902e-02
8.599999999999999645e+00 2.421303048999999888e-02
8.625000000000000000e+00 2.403563318999999907e-02
8.650000000000000355e+00 2.389892232999999908e-02
8.675000000000000711e+00 2.379356707000000043e-02
8.699999999999999289e+00 2.366782794000000037e-02
8.724999999999999645e+00 2.353555204000000109e-02
8.750000000000000000e+00 2.341431513999999922e-02
8.775000000000000355e+00 2.326922839000000048e-02
8.800000000000000711e+00 2.312112208000000058e-02
8.824999999999999289e+00 2.300930513000000108e-02
8.849999999999999645e+00 2.281317848000000148e-02
8.875000000000000000e+00 2.268416083000000111e-02
8.900000000000000355e+00 2.262061410999999939e-02
8.925000000000000711e+00 2.246558721999999952e-02
8.949999999999999289e+00 2.235277856000000146e-02
8.974999999999999645e+00 2.224957554000000018e-02
9.000000000000000000e+00 2.209257372000000136e-02
9.025000000000000355e+00 2.201353346999999905e-02
9.050000000000000711e+00 2.184234314000000135e-02
9.074999999999999289e+00 2.173252523000000075e-02
9.099999999999999645e+00 2.166409479000000124e-02
9.125000000000000000e+00 2.153138687999999953e-02
9.150000000000000355e+00 2.138662514000000056e-02
9.175000000000000711e+00 2.129173561000000103e-02
9.199999999999999289e+00 2.115932646999999986e-02
9.224999999999999645e+00 2.101234952999999836e-02
9.250000000000000000e+00 2.091123681000000081e-02
9.275000000000000355e+00 2.082744842999999929e-02
9.300000000000000711e+00 2.068635409999999841e-02
9.324999999999999289e+00 2.057824197999999841e-02
9.349999999999999645e+00 2.045505414000000147e-02
9.375000000000000000e+00 2.035499253999999841e-02
9.400000000000000355e+00 2.021214790000000136e-02
9.425000000000000711e+00 2.013556769000000163e-02
9.449999999999999289e+00 1.999139516000000144e-02
9.474999999999999645e+00 1.988215772999999895e-02
9.500000000000000000e+00 1.973901130999999864e-02
9.525000000000000355e+00 1.967964640000000043e-02
9.550000000000000711e+00 1.961601588000000049e-02
9.574999999999999289e+00 1.947128756999999891e-02
9.599999999999999645e+00 1.935041834999999891e-02
9.625000000000000000e+00 1.927762998999999963e-02
9.650000000000000355e+00 1.911876669000000042e-02
9.675000000000000711e+00 1.905898037999999989e-02
9.699999999999999289e+00 1.893811383999999959e-02
9.724999999999999645e+00 1.884586876999999952e-02
9.750000000000000000e+00 1.872778438999999837e-02
9.775000000000000355e+00 1.857536066999999902e-02
9.800000000000000711e+00 1.853150757999999856e-02
9.824999999999999289e+00 1.843082950999999983e-02
9.849999999999999645e+00 1.828860468000000072e-02
9.875000000000000000e+00 1.820871005000000015e-02
9.900000000000000355e+00 1.811259189999999894e-02
9.925000000000000711e+00 1.800058527999999838e-02
9.949999999999999289e+00 1.791730212999999988e-02
9.974999999999999645e+00 1.777019064999999995e-02
1.000000000000000000e+01 1.772768788999999970e-02
1.002500000000000036e+01 1.759993241999999875e-02
1.005000000000000071e+01 1.754110994000000062e-02
1.007499999999999929e+01 1.739871890999999948e-02
1.009999999999999964e+01 1.733922531000000114e-02
1.012500000000000000e+01 1.726390750000000168e-02
1.015000000000000036e+01 1.716971280000000044e-02
1.017500000000000071e+01 1.701001871999999887e-02
1.019999999999999929e+01 1.693721440999999828e-02
1.022499999999999964e+01 1.683062344999999849e-02
1.025000000000000000e+01 1.679134632000000085e-02
1.027500000000000036e+01 1.665636151999999939e-02
1.030000000000000071e+01 1.661109293999999889e-02
1.032499999999999929e+01 1.651732983000000002e-02
1.034999999999999964e+01 1.645517881999999932e-02
1.037500000000000000e+01 1.632801790999999919e-02
1.040000000000000036e+01 1.620275775999999862e-02
1.042500000000000071e+01 1.613529815999999867e-02
1.044999999999999929e+01 1.605246327000000098e-02
1.047499999999999964e+01 1.594025166000000160e-02
1.050000000000000000e+01 1.587272114000000053e-02
1.052500000000000036e+01 1.572632712000000127e-02
1.055000000000000071e+01 1.569119453000000081e-02
1.057499999999999929e+01 1.563343068999999835e-02
1.059999999999999964e+01 1.556952661000000036e-02
1.062500000000000000e+01 1.542526714999999972e-02
1.065000000000000036e+01 1.536458821000000023e-02
1.067500000000000071e+01 1.526823549999999953e-02
1.069999999999999929e+01 1.518954596999999920e-02
1.072499999999999964e+01 1.511960549000000015e-02
1.075000000000000000e+01 1.498738234999999995e-02
1.077500000000000036e+01 1.495277950000000085e-02
1.080000000000000071e+01 1.487979874999999924e-02
1.082499999999999929e+01 1.479819427999999951e-02
1.084999999999999964e+01 1.467776536999999999e-02
1.087500000000000000e+01 1.461125880000000050e-02
1.090000000000000036e+01 1.457289179999999955e-02
1.092500000000000071e+01 1.445838466999999940e-02
1.094999999999999929e+01 1.437681937000000014e-02
1.097499999999999964e+01 1.429934746000000034e-02
1.100000000000000000e+01 1.422037022000000039e-02
1.102500000000000036e+01 1.415151476999999998e-02
1.105000000000000071e+01 1.408080159999999977e-02
1.107499999999999929e+01 1.400142417999999944e-02
1.109999999999999964e+01 1.388627721999999981e-02
1.112500000000000000e+01 1.387739395000000056e-02
1.115000000000000036e+01 1.377749389999999990e-02
1.117500000000000071e+01 1.370234730000000067e-02
1.119999999999999929e+01 1.360740962999999921e-02
1.122499999999999964e+01 1.353939164999999958e-02
1.125000000000000000e+01 1.348275057999999936e-02
1.127500000000000036e+01 1.339210002999999954e-02
1.130000000000000071e+01 1.330158757999999955e-02
1.132499999999999929e+01 1.327374027000000067e-02
1.134999999999999964e+01 1.319806584999999935e-02
1.137500000000000000e+01 1.310884317999999951e-02
1.140000000000000036e+01 1.302697711000000078e-02
1.142500000000000071e+01 1.297377192000000005e-02
1.144999999999999929e+01 1.292820390000000083e-02
1.147499999999999964e+01 1.283532310000000051e-02
1.150000000000000000e+01 1.275185812999999994e-02
1.152500000000000036e+01 1.268394182999999995e-02
1.155000000000000071e+01 1.265841753000000042e-02
1.157499999999999929e+01 1.258421562999999938e-02
1.159999999999999964e+01 1.243612625999999943e-02
1.162500000000000000e+01 1.241266442999999949e-02
1.165000000000000036e+01 1.234162343999999946e-02
1.167500000000000071e+01 1.226705737999999983e-02
1.169999999999999929e+01 1.220622843000000041e-02
1.172499999999999964e+01 1.214092794999999982e-02
1.175000000000000000e+01 1.202936337999999973e-02
1.177500000000000036e+01 1.198050003999999967e-02
1.180000000000000071e+01 1.193665193000000013e-02
1.182499999999999929e+01 1.192013280000000022e-02
1.184999999999999964e+01 1.180951520000000053e-02
1.187500000000000000e+01 1.173273705999999979e-02
1.190000000000000036e+01 1.172557224000000085e-02
1.192500000000000071e+01 1.161336653000000045e-02
1.194999999999999929e+01 1.159273849999999974e-02
1.197499999999999964e+01 1.148225203000000083e-02
1.200000000000000000e+01 1.140217477999999965e-02
1.202500000000000036e+01 1.135034660000000008e-02
1.205000000000000071e+01 1.132296332000000058e-02
1.207499999999999929e+01 1.126364468000000049e-02
1.209999999999999964e+01 1.120272092999999997e-02
1.212500000000000000e+01 1.113382945999999950e-02
1.215000000000000036e+01 1.107360339000000062e-02
1.217500000000000071e+01 1.103565672000000018e-02
1.219999999999999929e+01 1.093116820999999982e-02
1.222499999999999964e+01 1.091996920000000079e-02
1.225000000000000000e+01 1.081024665999999988e-02
1.227500000000000036e+01 1.076213091000000066e-02
1.230000000000000071e+01 1.072898830999999970e-02
1.232499999999999929e+01 1.062925911999999980e-02
1.234999999999999964e+01 1.060183712999999972e-02
1.237500000000000000e+01 1.052093993000000061e-02
1.240000000000000036e+01 1.052955990000000071e-02
1.242500000000000071e+01 1.047040980999999933e-02
1.244999999999999929e+01 1.036680188999999919e-02
1.247499999999999964e+01 1.031747979000000037e-02
1.250000000000000000e+01 1.026982979000000060e-02
1.252500000000000036e+01 1.022473596999999915e-02
1.255000000000000071e+01 1.014458338999999973e-02
1.257499999999999929e+01 1.010239867000000021e-02
1.259999999999999964e+01 1.005162717999999976e-02
1.262500000000000000e+01 9.987329612000000675e-03
1.265000000000000036e+01 9.934293154999999237e-03
1.267500000000000071e+01 9.883767697999999713e-03
1.269999999999999929e+01 9.817714729999999640e-03
1.272499999999999964e+01 9.770479896000000206e-03
1.275000000000000000e+01 9.716852458000000553e-03
1.277500000000000036e+01 9.693346049999999187e-03
1.280000000000000071e+01 9.611701647999999418e-03
1.282499999999999929e+01 9.563429070999999310e-03
1.284999999999999964e+01 9.514367295999999821e-03
1.287500000000000000e+01 9.490339772000000798e-03
1.290000000000000036e+01 9.425629378000000697e-03
1.292500000000000071e+01 9.377349874999999640e-03
1.294999999999999929e+01 9.312566879000000811e-03
1.297499999999999964e+01 9.257969043000000703e-03
1.300000000000000000e+01 9.206201186000000786e-03
1.302500000000000036e+01 9.165083213999999229e-03
1.305000000000000071e+01 9.131724145000000639e-03
1.307499999999999929e+01 9.083794434000000070e-03
1.309999999999999964e+01 9.039725101000000221e-03
1.312500000000000000e+01 8.963016488999999212e-03
1.315000000000000036e+01 8.906783426000000614e-03
1.317500000000000071e+01 8.860079154000000123e-03
1.319999999999999929e+01 8.842888110999999260e-03
1.322499999999999964e+01 8.790005793999999470e-03
1.325000000000000000e+01 8.733052229999999777e-03
1.327500000000000036e+01 8.688989907999999235e-03
1.330000000000000071e+01 8.661705065000000620e-03
1.332499999999999929e+01 8.572975737999999693e-03
1.334999999999999964e+01 8.542322705000000849e-03
1.337500000000000000e+01 8.528734346999999535e-03
1.340000000000000036e+01 8.456469471000000598e-03
1.342500000000000071e+01 8.434055474000000038e-03
1.344999999999999929e+01 8.359502822999999305e-03
1.347499999999999964e+01 8.329948214000000226e-03
1.350000000000000000e+01 8.273613483000000213e-03
1.352500000000000036e+01 8.226404216000000533e-03
1.355000000000000071e+01 8.191212683000000105e-03
1.357499999999999929e+01 8.148931651000000317e-03
1.359999999999999964e+01 8.110230682999999829e-03
1.362500000000000000e+01 8.083391162000000754e-03
1.365000000000000036e+01 8.019468107999999651e-03
1.367500000000000071e+01 7.977054225000000318e-03
1.369999999999999929e+01 7.939583576999999920e-03
1.372499999999999964e+01 7.885947370000000178e-03
1.375000000000000000e+01 7.847271503000000439e-03
1.377500000000000036e+01 7.790982584000000384e-03
1.380000000000000071e+01 7.735386912999999733e-03
1.382499999999999929e+01 7.748416283000000328e-03
1.384999999999999964e+01 7.685110614999999916e-03
1.387500000000000000e+01 7.613641233000000355e-03
1.390000000000000036e+01 7.605510028000000110e-03
1.392500000000000071e+01 7.543742156000000226e-03
1.394999999999999929e+01 7.498868189000000226e-03
1.397499999999999964e+01 7.482829538000000322e-03
1.400000000000000000e+01 7.432235738999999793e-03
1.402500000000000036e+01 7.400763444000000267e-03
1.405000000000000071e+01 7.371936025000000274e-03
1.407499999999999929e+01 7.292562447999999774e-03
1.409999999999999964e+01 7.286711276000000168e-03
1.412500000000000000e+01 7.264696024000000078e-03
1.415000000000000036e+01 7.203915049000000209e-03
1.417500000000000071e+01 7.163957032999999745e-03
1.419999999999999929e+01 7.135978771999999803e-03
1.422499999999999964e+01 7.085268080999999711e-03
1.425000000000000000e+01 7.029240471999999816e-03
1.427500000000000036e+01 7.010286896000000011e-03
1.430000000000000071e+01 6.958180867999999575e-03
1.432499999999999929e+01 6.914783300000000403e-03
1.434999999999999964e+01 6.914876573999999797e-03
1.437500000000000000e+01 6.853754463999999977e-03
1.440000000000000036e+01 6.808220285999999968e-03
1.442500000000000071e+01 6.781411406000000322e-03
1.444999999999999929e+01 6.748617868999999721e-03
1.447499999999999964e+01 6.726580032999999667e-03
1.450000000000000000e+01 6.665354810000000303e-03
1.452500000000000036e+01 6.643469895000000264e-03
1.455000000000000071e+01 6.593133814000000370e-03
1.457499999999999929e+01 6.577964763999999930e-03
1.459999999999999964e+01 6.534732417999999758e-03
1.462500000000000000e+01 6.532980828000000025e-03
1.465000000000000036e+01 6.455383052000000094e-03
1.467500000000000071e+01 6.462078756000000021e-03
1.469999999999999929e+01 6.411513901000000064e-03
1.472499999999999964e+01 6.357717667000000079e-03
1.475000000000000000e+01 6.324748229999999777e-03
1.477500000000000036e+01 6.307048061000000184e-03
1.480000000000000071e+01 6.261118415999999617e-03
1.482499999999999929e+01 6.238205351999999600e-03
1.484999999999999964e+01 6.178078426000000074e-03
1.487500000000000000e+01 6.174142092999999713e-03
1.490000000000000036e+01 6.156720216000000079e-03
1.492500000000000071e+01 6.096012914999999859e-03
1.494999999999999929e+01 6.074518523999999746e-03
1.497499999999999964e+01 6.046181303999999951e-03
1.500000000000000000e+01 6.014502149000000401e-03
1.502500000000000036e+01 5.984728285999999647e-03
1.505000000000000071e+01 5.946975289000000324e-03
1.507499999999999929e+01 5.909432618000000186e-03
1.509999999999999964e+01 5.867396115999999953e-03
1.512500000000000000e+01 5.822556466999999868e-03
1.515000000000000036e+01 5.800531870999999819e-03
1.517500000000000071e+01 5.773684402000000410e-03
1.519999999999999929e+01 5.755298499000000012e-03
1.522499999999999964e+01 5.717553745000000277e-03
1.525000000000000000e+01 5.706728585000000152e-03
1.527500000000000036e+01 5.654601010999999941e-03
1.530000000000000071e+01 5.635501105999999802e-03
1.532499999999999929e+01 5.606142580000000007e-03
1.534999999999999964e+01 5.573384179000000389e-03
1.537500000000000000e+01 5.538188571000000199e-03
1.540000000000000036e+01 5.522733396999999871e-03
1.542500000000000071e+01 5.470252232000000041e-03
1.544999999999999929e+01 5.455245977000000059e-03
1.547499999999999964e+01 5.434438810000000002e-03
1.550000000000000000e+01 5.398494365000000052e-03
1.552500000000000036e+01 5.381653820999999886e-03
1.555000000000000071e+01 5.344375804999999986e-03
1.557499999999999929e+01 5.314536368000000177e-03
1.559999999999999964e+01 5.285277417000000186e-03
1.562500000000000000e+01 5.251570074999999810e-03
1.565000000000000036e+01 5.235856867999999671e-03
1.567500000000000071e+01 5.211537149999999861e-03
1.569999999999999929e+01 5.175846853999999629e-03
1.572499999999999964e+01 5.140206008000000430e-03
1.575000000000000000e+01 5.124844986999999887e-03
1.577500000000000036e+01 5.079666172000000222e-03
1.580000000000000071e+01 5.059361699999999872e-03
1.582499999999999929e+01 5.051120129000000007e-03
1.584999999999999964e+01 4.998872340000000067e-03
1.587500000000000000e+01 4.990369948000000257e-03
1.590000000000000036e+01 4.961081592000000234e-03
1.592500000000000071e+01 4.931934292000000365e-03
1.594999999999999929e+01 4.892354160999999590e-03
1.597499999999999964e+01 4.853479485000000183e-03
1.600000000000000000e+01 4.850292110000000399e-03
1.602499999999999858e+01 4.823501925999999773e-03
1.605000000000000071e+01 4.799919239000000060e-03
1.607499999999999929e+01 4.784922982000000026e-03
1.610000000000000142e+01 4.760817223999999626e-03
1.612500000000000000e+01 4.738618079999999677e-03
1.614999999999999858e+01 4.705869988999999629e-03
1.617500000000000071e+01 4.680876948999999725e-03
1.619999999999999929e+01 4.643167775999999629e-03
1.622500000000000142e+01 4.629226462000000063e-03
1.625000000000000000e+01 4.595273710000000178e-03
1.627499999999999858e+01 4.593810357999999691e-03
1.630000000000000071e+01 4.569404648999999576e-03
1.632499999999999929e+01 4.543645768000000203e-03
1.635000000000000142e+01 4.498947413000000187e-03
1.637500000000000000e+01 4.478982256000000120e-03
1.639999999999999858e+01 4.468801110999999666e-03
1.642500000000000071e+01 4.448207757999999602e-03
1.644999999999999929e+01 4.409489223000000353e-03
1.647500000000000142e+01 4.390502650999999687e-03
1.650000000000000000e+01 4.367325703999999816e-03
1.652499999999999858e+01 4.347898707000000425e-03
1.655000000000000071e+01 4.324526926000000181e-03
1.657499999999999929e+01 4.315931949999999954e-03
1.660000000000000142e+01 4.289185109999999607e-03
1.662500000000000000e+01 4.267590683999999794e-03
1.664999999999999858e+01 4.230500033000000187e-03
1.667500000000000071e+01 4.205397345999999960e-03
1.669999999999999929e+01 4.197413659000000068e-03
1.672500000000000142e+01 4.169886105999999829e-03
1.675000000000000000e+01 4.139622822999999667e-03
1.677499999999999858e+01 4.100375195000000375e-03
1.680000000000000071e+01 4.093768448999999740e-03
1.682499999999999929e+01 4.075186411000000265e-03
1.685000000000000142e+01 4.045216683999999785e-03
1.687500000000000000e+01 4.032341398999999757e-03
1.689999999999999858e+01 4.016376270999999672e-03
1.692500000000000071e+01 3.982238955000000011e-03
1.694999999999999929e+01 3.967921899000000432e-03
1.697500000000000142e+01 3.948329109000000420e-03
1.700000000000000000e+01 3.936594590999999664e-03
1.702499999999999858e+01 3.913240368999999948e-03
1.705000000000000071e+01 3.893714936000000106e-03
1.707499999999999929e+01 3.859899101999999995e-03
1.710000000000000142e+01 3.860708058999999786e-03
1.712500000000000000e+01 3.822069090000000061e-03
1.714999999999999858e+01 3.820413368000000198e-03
1.717500000000000071e+01 3.784983691999999848e-03
1.719999999999999929e+01 3.772629697999999813e-03
1.722500000000000142e+01 3.742526040000000200e-03
1.725000000000000000e+01 3.723778571999999953e-03
1.727499999999999858e+01 3.696728466000000126e-03
1.730000000000000071e+01 3.690161062000000148e-03
1.732499999999999929e+01 3.683022941999999911e-03
1.735000000000000142e+01 3.656958523000000162e-03
1.737500000000000000e+01 3.631409407000000047e-03
1.739999999999999858e+01 3.610382875000000061e-03
1.742500000000000071e+01 3.591053923000000082e-03
1.744999999999999929e+01 3.572039954000000034e-03
1.747500000000000142e+01 3.552146867999999950e-03
1.750000000000000000e+01 3.537338868000000115e-03
1.752499999999999858e+01 3.510651140999999920e-03
1.755000000000000071e+01 3.492112273000000117e-03
1.757499999999999929e+01 3.485992097999999866e-03
1.760000000000000142e+01 3.453720801999999798e-03
1.762500000000000000e+01 3.448039711000000160e-03
1.764999999999999858e+01 3.429052425000000178e-03
1.767500000000000071e+01 3.413539405999999835e-03
1.769999999999999929e+01 3.394374037000000201e-03
1.772500000000000142e+01 3.385378092000000151e-03
1.775000000000000000e+01 3.361330064999999787e-03
1.777499999999999858e+01 3.338101633000000075e-03
1.780000000000000071e+01 3.324830503000000131e-03
1.782499999999999929e+01 3.309154119999999869e-03
1.785000000000000142e+01 3.289859053999999797e-03
1.787500000000000000e+01 3.271168721999999796e-03
1.789999999999999858e+01 3.237510120999999817e-03
1.792500000000000071e+01 3.227115655000000003e-03
1.794999999999999929e+01 3.200781372000000014e-03
1.797500000000000142e+01 3.198755335000000137e-03
1.800000000000000000e+01 3.186426399000000156e-03
1.802499999999999858e+01 3.148899599999999913e-03
1.805000000000000071e+01 3.146275728000000153e-03
1.807499999999999929e+01 3.130169018999999844e-03
1.810000000000000142e+01 3.105064666000000202e-03
1.812500000000000000e+01 3.096254726999999804e-03
1.814999999999999858e+01 3.091411395999999791e-03
1.817500000000000071e+01 3.064725135999999805e-03
1.819999999999999929e+01 3.047767847999999918e-03
1.822500000000000142e+01 3.045242781000000003e-03
1.825000000000000000e+01 3.021158351999999811e-03
1.827499999999999858e+01 3.009139796999999936e-03
1.830000000000000071e+01 2.992210062000000108e-03
1.832499999999999929e+01 2.973969822000000103e-03
1.835000000000000142e+01 2.959961786999999993e-03
1.837500000000000000e+01 2.945448272000000031e-03
1.839999999999999858e+01 2.924110229000000116e-03
1.842500000000000071e+01 2.909933092000000030e-03
1.844999999999999929e+01 2.898888818999999836e-03
1.847500000000000142e+01 2.881944469999999855e-03
1.850000000000000000e+01 2.868258435999999825e-03
1.852499999999999858e+01 2.841102827000000029e-03
1.855000000000000071e+01 2.833528487999999873e-03
1.857499999999999929e+01 2.826255160999999964e-03
1.860000000000000142e+01 2.803141810000000112e-03
1.862500000000000000e+01 2.787032950000000158e-03
1.864999999999999858e+01 2.774938795000000090e-03
1.867500000000000071e+01 2.760520287999999964e-03
1.869999999999999929e+01 2.750363528000000085e-03
1.872500000000000142e+01 2.733569673999999838e-03
1.875000000000000000e+01 2.710401269000000096e-03
1.877499999999999858e+01 2.713994641999999992e-03
1.880000000000000071e+01 2.687576525000000185e-03
1.882499999999999929e+01 2.673770624999999897e-03
1.885000000000000142e+01 2.657536748999999882e-03
1.887500000000000000e+01 2.651995356000000185e-03
1.889999999999999858e+01 2.638564963999999978e-03
1.892500000000000071e+01 2.614381504999999974e-03
1.894999999999999929e+01 2.607594771999999922e-03
1.897500000000000142e+01 2.599555783999999824e-03
1.900000000000000000e+01 2.584007088999999788e-03
1.902499999999999858e+01 2.571420291000000181e-03
1.905000000000000071e+01 2.551247860000000010e-03
1.907499999999999929e+01 2.535080290000000028e-03
1.910000000000000142e+01 2.523258211000000036e-03
1.912500000000000000e+01 2.509658372999999925e-03
1.914999999999999858e+01 2.493050414000000208e-03
1.917500000000000071e+01 2.497905798000000198e-03
1.919999999999999929e+01 2.479385704999999968e-03
1.922500000000000142e+01 2.465847412999999828e-03
1.925000000000000000e+01 2.448049599000000093e-03
1.927499999999999858e+01 2.436082009999999964e-03
1.930000000000000071e+01 2.418286276000000158e-03
1.932499999999999929e+01 2.413820650000000120e-03
1.935000000000000142e+01 2.393609414000000182e-03
1.937500000000000000e+01 2.378964487000000128e-03
1.939999999999999858e+01 2.374646982000000201e-03
1.942500000000000071e+01 2.365740880999999806e-03
1.944999999999999929e+01 2.346535424999999890e-03
1.947500000000000142e+01 2.338064545999999928e-03
1.950000000000000000e+01 2.318873980999999924e-03
1.952499999999999858e+01 2.310472994999999974e-03
1.955000000000000071e+01 2.308094099000000156e-03
1.957499999999999929e+01 2.284536543000000204e-03
1.960000000000000142e+01 2.275792904999999859e-03
1.962500000000000000e+01 2.255094348999999929e-03
1.964999999999999858e+01 2.250543464000000129e-03
1.967500000000000071e+01 2.248693019999999879e-03
1.969999999999999929e+01 2.221922731999999984e-03
1.972500000000000142e+01 2.213267488999999880e-03
1.975000000000000000e+01 2.199485620999999842e-03
1.977499999999999858e+01 2.195513475999999898e-03
1.980000000000000071e+01 2.179806379000000065e-03
1.982499999999999929e+01 2.175550771000000008e-03
1.985000000000000142e+01 2.151156572999999867e-03
1.987500000000000000e+01 2.148658346999999819e-03
1.989999999999999858e+01 2.130623566999999795e-03
1.992500000000000071e+01 2.139586269999999967e-03
1.994999999999999929e+01 2.116003937000000140e-03
1.997500000000000142e+01 2.103198540000000144e-03
2.000000000000000000e+01 2.091974144000000209e-03
2.002499999999999858e+01 2.080027738000000005e-03
2.005000000000000071e+01 2.070538325999999804e-03
2.007499999999999929e+01 2.055213530999999792e-03
2.010000000000000142e+01 2.058149194000000095e-03
2.012500000000000000e+01 2.039282105999999910e-03
2.014999999999999858e+01 2.024722749000000110e-03
2.017500000000000071e+01 2.017433233999999832e-03
2.019999999999999929e+01 2.010987182999999807e-03
2.022500000000000142e+01 1.995519432999999856e-03
2.025000000000000000e+01 1.986942714999999967e-03
2.027499999999999858e+01 1.979033302999999924e-03
2.030000000000000071e+01 1.966099106999999804e-03
2.032499999999999929e+01 1.950425755000000008e-03
2.035000000000000142e+01 1.944491493999999992e-03
2.037500000000000000e+01 1.942199226000000103e-03
2.039999999999999858e+01 1.923036776000000081e-03
2.042500000000000071e+01 1.914450651000000050e-03
2.044999999999999929e+01 1.902536420000000084e-03
2.047500000000000142e+01 1.895570643000000100e-03
2.050000000000000000e+01 1.885940062999999977e-03
2.052499999999999858e+01 1.879832980000000105e-03
2.055000000000000071e+01 1.875042265999999963e-03
2.057499999999999929e+01 1.855506448999999980e-03
2.060000000000000142e+01 1.846793532000000045e-03
2.062500000000000000e+01 1.837462141000000080e-03
2.064999999999999858e+01 1.835829335999999935e-03
2.067500000000000071e+01 1.823998956999999931e-03
2.069999999999999929e+01 1.809693802000000070e-03
2.072500000000000142e+01 1.803186059000000006e-03
2.075000000000000000e+01 1.787338936000000024e-03
2.077499999999999858e+01 1.784284324999999916e-03
2.080000000000000071e+01 1.768210195999999962e-03
2.082499999999999929e+01 1.763917783999999949e-03
2.085000000000000142e+01 1.755247450000000081e-03
2.087500000000000000e+01 1.750232453999999924e-03
2.089999999999999858e+01 1.732947336000000048e-03
2.092500000000000071e+01 1.732718211000000086e-03
2.094999999999999929e+01 1.721652509000000083e-03
2.097500000000000142e+01 1.707943205000000009e-03
2.100000000000000000e+01 1.698740681999999893e-03
2.102499999999999858e+01 1.698080345999999951e-03
2.105000000000000071e+01 1.679285103999999997e-03
2.107499999999999929e+01 1.666301511999999929e-03
2.110000000000000142e+01 1.662814398000000016e-03
2.112500000000000000e+01 1.663450211999999932e-03
2.114999999999999858e+01 1.640244017000000052e-03
2.117500000000000071e+01 1.630298935000000027e-03
2.119999999999999929e+01 1.634218512999999900e-03
2.122500000000000142e+01 1.623838960999999907e-03
2.125000000000000000e+01 1.612551453999999966e-03
2.127499999999999858e+01 1.602742526999999945e-03
2.130000000000000071e+01 1.595063173000000039e-03
2.132499999999999929e+01 1.587466960999999897e-03
2.135000000000000142e+01 1.577222655000000071e-03
2.137500000000000000e+01 1.570106998000000064e-03
2.139999999999999858e+01 1.561500263999999983e-03
2.142500000000000071e+01 1.553089192999999998e-03
2.144999999999999929e+01 1.542204794000000007e-03
2.147500000000000142e+01 1.535925515999999940e-03
2.150000000000000000e+01 1.536727875000000075e-03
2.152499999999999858e+01 1.523588661999999939e-03
2.155000000000000071e+01 1.513833032000000108e-03
2.157499999999999929e+01 1.511913777000000077e-03
2.160000000000000142e+01 1.497439525000000002e-03
2.162500000000000000e+01 1.486717482000000055e-03
2.164999999999999858e+01 1.486562367999999914e-03
2.167500000000000071e+01 1.484917533999999912e-03
2.169999999999999929e+01 1.465101401000000036e-03
2.172500000000000142e+01 1.465041963000000098e-03
2.175000000000000000e+01 1.455606498000000092e-03
2.177499999999999858e+01 1.451799038999999989e-03
2.180000000000000071e+01 1.435892723999999954e-03
2.182499999999999929e+01 1.430840071999999992e-03
2.185000000000000142e+01 1.425039822000000091e-03
2.187500000000000000e+01 1.414771987999999953e-03
2.189999999999999858e+01 1.409780878999999975e-03
2.192500000000000071e+01 1.394585598000000048e-03
2.194999999999999929e+01 1.394841870999999952e-03
2.197500000000000142e+01 1.389419133999999926e-03
2.200000000000000000e+01 1.382061395999999902e-03
2.202499999999999858e+01 1.371643580999999928e-03
2.205000000000000071e+01 1.370735860999999908e-03
2.207499999999999929e+01 1.351750342000000021e-03
2.210000000000000142e+01 1.355537530000000025e-03
2.212500000000000000e+01 1.345158831000000093e-03
2.214999999999999858e+01 1.340699955999999967e-03
2.217500000000000071e+01 1.330693677000000094e-03
2.219999999999999929e+01 1.322719033000000063e-03
2.222500000000000142e+01 1.313280003999999987e-03
2.225000000000000000e+01 1.315757913999999898e-03
2.227499999999999858e+01 1.303020836999999911e-03
2.230000000000000071e+01 1.299428068999999982e-03
2.232499999999999929e+01 1.288469106999999992e-03
2.235000000000000142e+01 1.288148373000000055e-03
2.237500000000000000e+01 1.276627558999999948e-03
2.239999999999999858e+01 1.270853648999999965e-03
2.242500000000000071e+01 1.260400177000000005e-03
2.244999999999999929e+01 1.254820645000000049e-03
2.247500000000000142e+01 1.243988614000000057e-03
2.250000000000000000e+01 1.239387487999999999e-03
2.252499999999999858e+01 1.236394776999999966e-03
2.255000000000000071e+01 1.235051773999999974e-03
2.257499999999999929e+01 1.222968860000000092e-03
2.260000000000000142e+01 1.220770346000000063e-03
2.262500000000000000e+01 1.208391019999999986e-03
2.264999999999999858e+01 1.207334199000000084e-03
2.267500000000000071e+01 1.199733487999999921e-03
2.269999999999999929e+01 1.193479742999999961e-03
2.272500000000000142e+01 1.189185821999999906e-03
2.275000000000000000e+01 1.179259702000000007e-03
2.277499999999999858e+01 1.179545720000000101e-03
2.280000000000000071e+01 1.169434636000000072e-03
2.282499999999999929e+01 1.166873958999999983e-03
2.285000000000000142e+01 1.153712994000000028e-03
2.287500000000000000e+01 1.156662304000000011e-03
2.289999999999999858e+01 1.148143690999999965e-03
2.292500000000000071e+01 1.137962172999999917e-03
2.294999999999999929e+01 1.142384112999999960e-03
2.297500000000000142e+01 1.130558644000000069e-03
2.300000000000000000e+01 1.122825187999999938e-03
2.302499999999999858e+01 1.114600601000000080e-03
2.305000000000000071e+01 1.110661856000000032e-03
2.307499999999999929e+01 1.102566144999999991e-03
2.310000000000000142e+01 1.103614119999999895e-03
2.312500000000000000e+01 1.095342800000000073e-03
2.314999999999999858e+01 1.081588577999999939e-03
2.317500000000000071e+01 1.081847044999999967e-03
2.319999999999999929e+01 1.075120798999999999e-03
2.322500000000000142e+01 1.069638038999999987e-03
2.325000000000000000e+01 1.063303839999999931e-03
2.327499999999999858e+01 1.058773696000000087e-03
2.330000000000000071e+01 1.048634935000000061e-03
2.332499999999999929e+01 1.047336301999999934e-03
2.335000000000000142e+01 1.046694857999999964e-03
2.337500000000000000e+01 1.042313250000000092e-03
2.339999999999999858e+01 1.032407709999999925e-03
2.342500000000000071e+01 1.030788798999999990e-03
2.344999999999999929e+01 1.027771597000000023e-03
2.347500000000000142e+01 1.012669082999999998e-03
2.350000000000000000e+01 1.007787995999999929e-03
2.352499999999999858e+01 1.005146163999999943e-03
2.355000000000000071e+01 9.971593298000000927e-04
2.357499999999999929e+01 9.930826795999999224e-04
2.360000000000000142e+01 9.898599374999999916e-04
2.362500000000000000e+01 9.902846936000000468e-04
2.364999999999999858e+01 9.841943624000000675e-04
2.367500000000000071e+01 9.778586641999999739e-04
2.369999999999999929e+01 9.701554986000000434e-04
2.372500000000000142e+01 9.662223132999999634e-04
2.375000000000000000e+01 9.623318614000000212e-04
2.377499999999999858e+01 9.560821936999999672e-04
2.380000000000000071e+01 9.504393013999999813e-04
2.382499999999999929e+01 9.434500721999999678e-04
2.385000000000000142e+01 9.395863577000000038e-04
2.387500000000000000e+01 9.344531061999999857e-04
2.389999999999999858e+01 9.360439746999999746e-04
2.392500000000000071e+01 9.264857361999999461e-04
2.394999999999999929e+01 9.212805813999999909e-04
2.397500000000000142e+01 9.180113080000000059e-04
2.400000000000000000e+01 9.163860478000000059e-04
2.402499999999999858e+01 9.061530722000000300e-04
2.405000000000000071e+01 9.000618815999999935e-04
2.407499999999999929e+01 9.002758117000000428e-04
2.410000000000000142e+01 8.951347461000000449e-04
2.412500000000000000e+01 8.874009711999999734e-04
2.414999999999999858e+01 8.820470941999999665e-04
2.417500000000000071e+01 8.840947239000000388e-04
2.419999999999999929e+01 8.784564110999999688e-04
2.422500000000000142e+01 8.710694876000000132e-04
2.425000000000000000e+01 8.627437502000000116e-04
2.427499999999999858e+01 8.600405007999999520e-04
2.430000000000000071e+01 8.538061259999999613e-04
2.432499999999999929e+01 8.512165091999999988e-04
2.435000000000000142e+01 8.461016675999999490e-04
2.437500000000000000e+01 8.441621884999999780e-04
2.439999999999999858e+01 8.375290891999999767e-04
2.442500000000000071e+01 8.355538534000000279e-04
2.444999999999999929e+01 8.318835264000000364e-04
2.447500000000000142e+01 8.260278514999999698e-04
2.450000000000000000e+01 8.216435573000000327e-04
2.452499999999999858e+01 8.169962934999999747e-04
2.455000000000000071e+01 8.176589318999999542e-04
2.457499999999999929e+01 8.098201258000000237e-04
2.460000000000000142e+01 8.047720219999999515e-04
2.462500000000000000e+01 8.019547526000000200e-04
2.464999999999999858e+01 7.966379289999999704e-04
2.467500000000000071e+01 7.962590466999999944e-04
2.469999999999999929e+01 7.876129504000000531e-04
2.472500000000000142e+01 7.840011189999999486e-04
2.475000000000000000e+01 7.834925592999999761e-04
2.477499999999999858e+01 7.765233410000000388e-04
2.480000000000000071e+01 7.735975616999999889e-04
2.482499999999999929e+01 7.694087868000000063e-04
2.485000000000000142e+01 7.634360689000000040e-04
2.487500000000000000e+01 7.614075733999999766e-04
2.489999999999999858e+01 7.600583509999999862e-04
2.492500000000000071e+01 7.543163343999999791e-04
2.494999999999999929e+01 7.470868651999999646e-04
2.497500000000000142e+01 7.446117453000000502e-04
2.500000000000000000e+01 7.420797977000000026e-04
2.502499999999999858e+01 7.418109603999999526e-04
2.505000000000000071e+01 7.333420371000000468e-04
2.507499999999999929e+01 7.259229963999999907e-04
2.510000000000000142e+01 7.242724103000000102e-04
2.512500000000000000e+01 7.220026933999999785e-04
2.514999999999999858e+01 7.226342891000000091e-04
2.517500000000000071e+01 7.156347336999999923e-04
2.519999999999999929e+01 7.127359118000000174e-04
2.522500000000000142e+01 7.103361920999999666e-04
2.525000000000000000e+01 7.081177089999999555e-04
2.527499999999999858e+01 7.030090210000000152e-04
2.530000000000000071e+01 6.997492786000000017e-04
2.532499999999999929e+01 6.911282362000000434e-04
2.535000000000000142e+01 6.936320315999999764e-04
2.537500000000000000e+01 6.867456220999999849e-04
2.539999999999999858e+01 6.848827803999999863e-04
2.542500000000000071e+01 6.792061325000000281e-04
2.544999999999999929e+01 6.753326082999999485e-04
2.547500000000000142e+01 6.725749682999999706e-04
2.550000000000000000e+01 6.691671817000000152e-04
2.552499999999999858e+01 6.676676585999999922e-04
2.555000000000000071e+01 6.609009263999999703e-04
2.557499999999999929e+01 6.596033997999999976e-04
2.560000000000000142e+01 6.546176551999999651e-04
2.562500000000000000e+01 6.529148561999999949e-04
2.564999999999999858e+01 6.483526551000000056e-04
2.567500000000000071e+01 6.439749951999999486e-04
2.569999999999999929e+01 6.408803048000000484e-04
2.572500000000000142e+01 6.382467685000000474e-04
2.575000000000000000e+01 6.316005717999999920e-04
2.577499999999999858e+01 6.346192847000000151e-04
2.580000000000000071e+01 6.289990043000000123e-04
2.582499999999999929e+01 6.250419863999999914e-04
2.585000000000000142e+01 6.239079486000000249e-04
2.587500000000000000e+01 6.176408755000000004e-04
2.589999999999999858e+01 6.183541213999999659e-04
2.592500000000000071e+01 6.130559128999999970e-04
2.594999999999999929e+01 6.081982779999999802e-04
2.597500000000000142e+01 6.072537736999999904e-04
2.600000000000000000e+01 6.020812783999999638e-04
2.602499999999999858e+01 6.051911347000000010e-04
2.605000000000000071e+01 5.990110260999999704e-04
2.607499999999999929e+01 5.978546512000000503e-04
2.610000000000000142e+01 5.918053296999999839e-04
2.612500000000000000e+01 5.937846573999999754e-04
2.614999999999999858e+01 5.851787346999999485e-04
2.617500000000000071e+01 5.823825941999999627e-04
2.619999999999999929e+01 5.778991187999999932e-04
2.622500000000000142e+01 5.818816422999999920e-04
2.625000000000000000e+01 5.769165111000000134e-04
2.627499999999999858e+01 5.724149619999999898e-04
2.630000000000000071e+01 5.683203382999999723e-04
2.632499999999999929e+01 5.644722134000000353e-04
2.635000000000000142e+01 5.605814555000000147e-04
2.637500000000000000e+01 5.611263819000000212e-04
2.639999999999999858e+01 5.559519685999999607e-04
2.642500000000000071e+01 5.563646520000000524e-04
2.644999999999999929e+01 5.496693094000000036e-04
2.647500000000000142e+01 5.466384073000000489e-04
2.650000000000000000e+01 5.464778266000000018e-04
2.652499999999999858e+01 5.425275105000000250e-04
2.655000000000000071e+01 5.400452179999999528e-04
2.657499999999999929e+01 5.333648773000000459e-04
2.660000000000000142e+01 5.336216154999999994e-04
2.662500000000000000e+01 5.303468429000000222e-04
2.664999999999999858e+01 5.267327950999999703e-04
2.667500000000000071e+01 5.264071299000000481e-04
2.669999999999999929e+01 5.212505654000000512e-04
2.672500000000000142e+01 5.212600752000000424e-04
2.675000000000000000e+01 5.182813521999999522e-04
2.677499999999999858e+01 5.148976629000000292e-04
2.680000000000000071e+01 5.132375241999999685e-04
2.682499999999999929e+01 5.092678753000000032e-04
2.685000000000000142e+01 5.071685939000000407e-04
2.687500000000000000e+01 5.034819178999999992e-04
2.689999999999999858e+01 5.026358883000000459e-04
2.692500000000000071e+01 5.000866764999999624e-04
2.694999999999999929e+01 4.964325277000000095e-04
2.697500000000000142e+01 4.953008902000000362e-04
2.700000000000000000e+01 4.923660856000000108e-04
2.702499999999999858e+01 4.893836594000000161e-04
2.705000000000000071e+01 4.852783722999999766e-04
2.707499999999999929e+01 4.848623324000000154e-04
2.710000000000000142e+01 4.821085556000000074e-04
2.712500000000000000e+01 4.796724416999999783e-04
2.714999999999999858e+01 4.754873425000000100e-04
2.717500000000000071e+01 4.745497045999999813e-04
2.719999999999999929e+01 4.726586140000000268e-04
2.722500000000000142e+01 4.698266638000000040e-04
2.725000000000000000e+01 4.685405671000000263e-04
2.727499999999999858e+01 4.656644468999999900e-04
2.730000000000000071e+01 4.611202009000000082e-04
2.732499999999999929e+01 4.634044610999999759e-04
2.735000000000000142e+01 4.602945053999999889e-04
2.737500000000000000e+01 4.567491531999999955e-04
2.739999999999999858e+01 4.559423649999999844e-04
2.742500000000000071e+01 4.519541016000000228e-04
2.744999999999999929e+01 4.498717477000000213e-04
2.747500000000000142e+01 4.470204029999999746e-04
2.750000000000000000e+01 4.422681455999999942e-04
2.752499999999999858e+01 4.405672764999999779e-04
2.755000000000000071e+01 4.408147594999999854e-04
2.757499999999999929e+01 4.358826378000000006e-04
2.760000000000000142e+01 4.355443389000000255e-04
2.762500000000000000e+01 4.306695234999999744e-04
2.764999999999999858e+01 4.301974273999999957e-04
2.767500000000000071e+01 4.285601793000000078e-04
2.769999999999999929e+01 4.257167416000000250e-04
2.772500000000000142e+01 4.283297660000000002e-04
2.775000000000000000e+01 4.217875681999999822e-04
2.777499999999999858e+01 4.167818850000000073e-04
2.780000000000000071e+01 4.180662240999999824e-04
2.782499999999999929e+01 4.156579330999999851e-04
2.785000000000000142e+01 4.107515905000000238e-04
2.787500000000000000e+01 4.116204689000000109e-04
2.789999999999999858e+01 4.091318992000000194e-04
2.792500000000000071e+01 4.046075058999999761e-04
2.794999999999999929e+01 4.030593976000000070e-04
2.797500000000000142e+01 4.037293300000000060e-04
2.800000000000000000e+01 4.009055653000000185e-04
2.802499999999999858e+01 3.982437779000000053e-04
2.805000000000000071e+01 3.958536514999999915e-04
2.807499999999999929e+01 3.924430244999999799e-04
2.810000000000000142e+01 3.938466016999999882e-04
2.812500000000000000e+01 3.905612783000000053e-04
2.814999999999999858e+01 3.891887342999999838e-04
2.817500000000000071e+01 3.852648960000000142e-04
2.819999999999999929e+01 3.842470932000000136e-04
2.822500000000000142e+01 3.824938538000000185e-04
2.825000000000000000e+01 3.819902521999999994e-04
2.827499999999999858e+01 3.802451869999999871e-04
2.830000000000000071e+01 3.751781788000000252e-04
2.832499999999999929e+01 3.744300892999999895e-04
2.835000000000000142e+01 3.733741772999999787e-04
2.837500000000000000e+01 3.695000176999999769e-04
2.839999999999999858e+01 3.714382176000000069e-04
2.842500000000000071e+01 3.652038875000000111e-04
2.844999999999999929e+01 3.660489802999999779e-04
2.847500000000000142e+01 3.632313529999999912e-04
2.850000000000000000e+01 3.622852860000000006e-04
2.852499999999999858e+01 3.606679927000000095e-04
2.855000000000000071e+01 3.585973581999999846e-04
2.857499999999999929e+01 3.571966878000000056e-04
2.860000000000000142e+01 3.518943561999999994e-04
2.862500000000000000e+01 3.514823130999999946e-04
2.864999999999999858e+01 3.506307162999999956e-04
2.867500000000000071e+01 3.474053292999999864e-04
2.869999999999999929e+01 3.490190753000000138e-04
2.872500000000000142e+01 3.460712844999999887e-04
2.875000000000000000e+01 3.435746606000000228e-04
2.877499999999999858e+01 3.389130355999999842e-04
2.880000000000000071e+01 3.419249652000000178e-04
2.882499999999999929e+01 3.393745301000000085e-04
2.885000000000000142e+01 3.376498900000000003e-04
2.887500000000000000e+01 3.346714886999999907e-04
2.889999999999999858e+01 3.354812457999999781e-04
2.892500000000000071e+01 3.309438571999999933e-04
2.894999999999999929e+01 3.294375141000000081e-04
2.897500000000000142e+01 3.276955443000000088e-04
2.900000000000000000e+01 3.272932753999999904e-04
2.902499999999999858e+01 3.256539562000000058e-04
2.905000000000000071e+01 3.234051940999999866e-04
2.907499999999999929e+01 3.224640498000000150e-04
2.910000000000000142e+01 3.203677818999999915e-04
2.912500000000000000e+01 3.181412132000000013e-04
2.914999999999999858e+01 3.185529551000000062e-04
2.917500000000000071e+01 3.154462375999999928e-04
2.919999999999999929e+01 3.134361845000000206e-04
2.922500000000000142e+01 3.124008378999999845e-04
2.925000000000000000e+01 3.147481981999999804e-04
2.927499999999999858e+01 3.089753952000000195e-04
2.930000000000000071e+01 3.078146414999999888e-04
2.932499999999999929e+01 3.051008375999999817e-04
2.935000000000000142e+01 3.043263218999999820e-04
2.937500000000000000e+01 3.004087664999999740e-04
2.939999999999999858e+01 3.012324105999999828e-04
2.942500000000000071e+01 2.988892204999999769e-04
2.944999999999999929e+01 2.986430238000000229e-04
2.947500000000000142e+01 2.954703769999999998e-04
2.950000000000000000e+01 2.943584378000000182e-04
2.952499999999999858e+01 2.942070559999999902e-04
2.955000000000000071e+01 2.900471820999999924e-04
2.957499999999999929e+01 2.898906063000000104e-04
2.960000000000000142e+01 2.896151856999999849e-04
2.962500000000000000e+01 2.872480436999999835e-04
2.964999999999999858e+01 2.874443241999999972e-04
2.967500000000000071e+01 2.840597699000000070e-04
2.969999999999999929e+01 2.842832787999999885e-04
2.972500000000000142e+01 2.816307153000000029e-04
2.975000000000000000e+01 2.794245173999999735e-04
2.977499999999999858e+01 2.797949195999999746e-04
2.980000000000000071e+01 2.780911936000000223e-04
2.982499999999999929e+01 2.763254848999999896e-04
2.985000000000000142e+01 2.741748902999999768e-04
2.987500000000000000e+01 2.730059575999999933e-04
2.989999999999999858e+01 2.710963614000000085e-04
2.992500000000000071e+01 2.705648019000000092e-04
2.994999999999999929e+01 2.699560378000000161e-04
2.997500000000000142e+01 2.670185069999999770e-04
3.000000000000000000e+01 2.657912858999999942e-04
3.002499999999999858e+01 2.634359134000000186e-04
3.005000000000000071e+01 2.633318203000000217e-04
3.007499999999999929e+01 2.607023968000000014e-04
3.010000000000000142e+01 2.595288376000000189e-04
3.012500000000000000e+01 2.602721739000000089e-04
3.014999999999999858e+01 2.577652121999999993e-04
3.017500000000000071e+01 2.572389859000000049e-04
3.019999999999999929e+01 2.560975125999999879e-04
3.022500000000000142e+01 2.548134340000000019e-04
3.025000000000000000e+01 2.538521226000000253e-04
3.027499999999999858e+01 2.519916506000000013e-04
3.030000000000000071e+01 2.498288110999999975e-04
3.032499999999999929e+01 2.485603271000000184e-04
3.035000000000000142e+01 2.487871919000000020e-04
3.037500000000000000e+01 2.467188358999999800e-04
3.039999999999999858e+01 2.445643913000000095e-04
3.042500000000000071e+01 2.440790436999999908e-04
3.044999999999999929e+01 2.433525846000000111e-04
3.047500000000000142e+01 2.425065568999999906e-04
3.050000000000000000e+01 2.395007209000000082e-04
3.052499999999999858e+01 2.401475941000000064e-04
3.055000000000000071e+01 2.371978099000000102e-04
3.057499999999999929e+01 2.365273933999999885e-04
3.060000000000000142e+01 2.349189354000000003e-04
3.062500000000000000e+01 2.342980527999999937e-04
3.064999999999999858e+01 2.313453974999999990e-04
3.067500000000000071e+01 2.312151382000000020e-04
3.069999999999999929e+01 2.307383112999999910e-04
3.072500000000000142e+01 2.305445312999999876e-04
3.075000000000000000e+01 2.290621809999999917e-04
3.077499999999999858e+01 2.279485742000000002e-04
3.080000000000000071e+01 2.260883345000000129e-04
3.082499999999999929e+01 2.242101252999999998e-04
3.085000000000000142e+01 2.242430459000000018e-04
3.087500000000000000e+01 2.229313268999999866e-04
3.089999999999999858e+01 2.204150783999999893e-04
3.092500000000000071e+01 2.211657651000000120e-04
3.094999999999999929e+01 2.187347210999999938e-04
3.097500000000000142e+01 2.178646002000000112e-04
3.100000000000000000e+01 2.175909137000000008e-04
3.102499999999999858e+01 2.155641160000000090e-04
3.105000000000000071e+01 2.141574565999999999e-04
3.107499999999999929e+01 2.138609188999999978e-04
3.110000000000000142e+01 2.129031704000000093e-04
3.112500000000000000e+01 2.118456092999999960e-04
3.114999999999999858e+01 2.105294582000000127e-04
3.117500000000000071e+01 2.095254210000000090e-04
3.119999999999999929e+01 2.087255560999999972e-04
3.122500000000000142e+01 2.077395871999999932e-04
3.125000000000000000e+01 2.064015719000000045e-04
3.127499999999999858e+01 2.044125690999999885e-04
3.130000000000000071e+01 2.043578002999999984e-04
3.132499999999999929e+01 2.028546583999999992e-04
3.135000000000000142e+01 2.028808455999999967e-04
3.137500000000000000e+01 1.998499117999999952e-04
3.139999999999999858e+01 1.997992658000000003e-04
3.142500000000000071e+01 1.992373829000000131e-04
3.144999999999999929e+01 1.981000035000000036e-04
3.147500000000000142e+01 1.964375361999999992e-04
3.150000000000000000e+01 1.952227306000000088e-04
3.152499999999999858e+01 1.961846065000000066e-04
3.155000000000000071e+01 1.942123290999999948e-04
3.157499999999999929e+01 1.944394132999999907e-04
3.160000000000000142e+01 1.932314320999999936e-04
3.162500000000000000e+01 1.920474853999999925e-04
3.164999999999999858e+01 1.910799625000000077e-04
3.167500000000000071e+01 1.884501456999999977e-04
3.169999999999999929e+01 1.879178092999999911e-04
3.172500000000000142e+01 1.872659314000000034e-04
3.175000000000000000e+01 1.856680704000000098e-04
3.177499999999999858e+01 1.855156236000000090e-04
3.180000000000000071e+01 1.838040370999999968e-04
3.182499999999999929e+01 1.834351135000000018e-04
3.185000000000000142e+01 1.827029153999999960e-04
3.187500000000000000e+01 1.805317983999999993e-04
3.189999999999999858e+01 1.794836495000000094e-04
3.192500000000000071e+01 1.817164903999999930e-04
3.194999999999999929e+01 1.788803303999999975e-04
3.197500000000000142e+01 1.775279091000000011e-04
3.200000000000000000e+01 1.774327987000000090e-04
3.202499999999999858e+01 1.769618667999999970e-04
3.204999999999999716e+01 1.750261385999999947e-04
3.207500000000000284e+01 1.741995866000000098e-04
3.210000000000000142e+01 1.749433327000000048e-04
3.212500000000000000e+01 1.731678324000000065e-04
3.214999999999999858e+01 1.711344633000000132e-04
3.217499999999999716e+01 1.709391120999999888e-04
3.220000000000000284e+01 1.703388236999999936e-04
3.222500000000000142e+01 1.685803518999999865e-04
3.225000000000000000e+01 1.684694902000000063e-04
3.227499999999999858e+01 1.672822272999999909e-04
3.229999999999999716e+01 1.671996472000000095e-04
3.232500000000000284e+01 1.663336693000000064e-04
3.235000000000000142e+01 1.644306146000000122e-04
3.237500000000000000e+01 1.631688100000000096e-04
3.239999999999999858e+01 1.629926383000000008e-04
3.242499999999999716e+01 1.633443788999999985e-04
3.245000000000000284e+01 1.612495400000000113e-04
3.247500000000000142e+01 1.604704922999999873e-04
3.250000000000000000e+01 1.598989675999999943e-04
3.252499999999999858e+01 1.594457318999999997e-04
3.254999999999999716e+01 1.581091076999999873e-04
3.257500000000000284e+01 1.571428934999999881e-04
3.260000000000000142e+01 1.565726477000000023e-04
3.262500000000000000e+01 1.560465202999999869e-04
3.264999999999999858e+01 1.560202520999999878e-04
3.267499999999999716e+01 1.534814639000000008e-04
3.270000000000000284e+01 1.529722187000000027e-04
3.272500000000000142e+01 1.536292376999999986e-04
3.275000000000000000e+01 1.519638790000000063e-04
3.277499999999999858e+01 1.506272136999999901e-04
3.279999999999999716e+01 1.506381449999999933e-04
3.282500000000000284e+01 1.493995613000000068e-04
3.285000000000000142e+01 1.494047288000000125e-04
3.287500000000000000e+01 1.472352451000000109e-04
3.289999999999999858e+01 1.477588573000000098e-04
3.292499999999999716e+01 1.466642667999999976e-04
3.295000000000000284e+01 1.463228011000000022e-04
3.297500000000000142e+01 1.451269470999999947e-04
3.300000000000000000e+01 1.450988829999999943e-04
3.302499999999999858e+01 1.440005810999999910e-04
3.304999999999999716e+01 1.428831555999999874e-04
3.307500000000000284e+01 1.417717731999999927e-04
3.310000000000000142e+01 1.409829803000000020e-04
3.312500000000000000e+01 1.404290925000000031e-04
3.314999999999999858e+01 1.402317719999999980e-04
3.317499999999999716e+01 1.392729555999999995e-04
3.320000000000000284e+01 1.390895516000000063e-04
3.322500000000000142e+01 1.377122948999999941e-04
3.325000000000000000e+01 1.370739012999999998e-04
3.327499999999999858e+01 1.367236987000000094e-04
3.329999999999999716e+01 1.356899683000000042e-04
3.332500000000000284e+01 1.346822841999999957e-04
3.335000000000000142e+01 1.348669363999999995e-04
3.337500000000000000e+01 1.345945312000000084e-04
3.339999999999999858e+01 1.336607151999999899e-04
3.342499999999999716e+01 1.322019119999999915e-04
3.345000000000000284e+01 1.317703193000000080e-04
3.347500000000000142e+01 1.314743807000000027e-04
3.350000000000000000e+01 1.300622946999999878e-04
3.352499999999999858e+01 1.297755381999999983e-04
3.354999999999999716e+01 1.294363355000000134e-04
3.357500000000000284e+01 1.284270360999999921e-04
3.360000000000000142e+01 1.277168191000000071e-04
3.362500000000000000e+01 1.267297190000000128e-04
3.364999999999999858e+01 1.269993125000000065e-04
3.367499999999999716e+01 1.261600299000000089e-04
3.370000000000000284e+01 1.248472408000000087e-04
3.372500000000000142e+01 1.249823036000000023e-04
3.375000000000000000e+01 1.241536462000000058e-04
3.377499999999999858e+01 1.235138936999999988e-04
3.379999999999999716e+01 1.223802431999999917e-04
3.382500000000000284e+01 1.230410822999999888e-04
3.385000000000000142e+01 1.214214327999999963e-04
3.387500000000000000e+01 1.212866140999999950e-04
3.389999999999999858e+01 1.195881632000000034e-04
3.392499999999999716e+01 1.195089268999999991e-04
3.395000000000000284e+01 1.182588569000000045e-04
3.397500000000000142e+01 1.181574980000000028e-04
3.400000000000000000e+01 1.180211164999999957e-04
3.402499999999999858e+01 1.170772799000000051e-04
3.404999999999999716e+01 1.171850827000000026e-04
3.407500000000000284e+01 1.155585694999999949e-04
3.410000000000000142e+01 1.149156307999999962e-04
3.412500000000000000e+01 1.156379641000000063e-04
3.414999999999999858e+01 1.148436565999999955e-04
3.417499999999999716e+01 1.136900855000000013e-04
3.420000000000000284e+01 1.134042419000000042e-04
3.422500000000000142e+01 1.124181219000000022e-04
3.425000000000000000e+01 1.113416359000000050e-04
3.427499999999999858e+01 1.115073350000000046e-04
3.429999999999999716e+01 1.113701939000000051e-04
3.432500000000000284e+01 1.099101618999999945e-04
3.435000000000000142e+01 1.100458255999999939e-04
3.437500000000000000e+01 1.085626126000000056e-04
3.439999999999999858e+01 1.094725958999999969e-04
3.442499999999999716e+01 1.078948512000000052e-04
3.445000000000000284e+01 1.074671945000000016e-04
3.447500000000000142e+01 1.066842773000000030e-04
3.450000000000000000e+01 1.059708307000000019e-04
3.452499999999999858e+01 1.060954145000000037e-04
3.454999999999999716e+01 1.054193118000000052e-04
3.457500000000000284e+01 1.054118217000000047e-04
3.460000000000000142e+01 1.032150046999999991e-04
3.462500000000000000e+01 1.040034295000000052e-04
3.464999999999999858e+01 1.026173251999999957e-04
3.467499999999999716e+01 1.027986791999999945e-04
3.470000000000000284e+01 1.018224476999999992e-04
3.472500000000000142e+01 1.025766691999999950e-04
3.475000000000000000e+01 1.005979353000000052e-04
3.477499999999999858e+01 1.007435160999999973e-04
3.479999999999999716e+01 9.998117887000000572e-05
3.482500000000000284e+01 9.954533143999999426e-05
3.485000000000000142e+01 9.899831084999999981e-05
3.487500000000000000e+01 9.858131531000000330e-05
3.489999999999999858e+01 9.828853146999999926e-05
3.492499999999999716e+01 9.727503033999999567e-05
3.495000000000000284e+01 9.697012813000000626e-05
3.497500000000000142e+01 9.666464243999999667e-05
3.500000000000000000e+01 9.583318568999999961e-05
3.502499999999999858e+01 9.592216574999999580e-05
3.504999999999999716e+01 9.548112196999999359e-05
3.507500000000000284e+01 9.435528354999999495e-05
3.510000000000000142e+01 9.351404224999999328e-05
3.512500000000000000e+01 9.419278027000000113e-05
3.514999999999999858e+01 9.321780647999999521e-05
3.517499999999999716e+01 9.256864941999999336e-05
3.520000000000000284e+01 9.223657831000000164e-05
3.522500000000000142e+01 9.193327452999999923e-05
3.525000000000000000e+01 9.078823312000000080e-05
3.527499999999999858e+01 9.053618360999999518e-05
3.529999999999999716e+01 9.080645537999999567e-05
3.532500000000000284e+01 8.981205708000000124e-05
3.535000000000000142e+01 8.961280957999999820e-05
3.537500000000000000e+01 8.865506224000000292e-05
3.539999999999999858e+01 8.834596408000000437e-05
3.542499999999999716e+01 8.791973011000000138e-05
3.545000000000000284e+01 8.817484442000000130e-05
3.547500000000000142e+01 8.746494588000000472e-05
3.550000000000000000e+01 8.698483838000000518e-05
3.552499999999999858e+01 8.619567955999999829e-05
3.554999999999999716e+01 8.557273788999999727e-05
3.557500000000000284e+01 8.519227617000000230e-05
3.560000000000000142e+01 8.455976106000000203e-05
3.562500000000000000e+01 8.453715203000000591e-05
3.564999999999999858e+01 8.393279294000000577e-05
3.567499999999999716e+01 8.342362502999999647e-05
3.570000000000000284e+01 8.345766154999999936e-05
3.572500000000000142e+01 8.290230116000000074e-05
3.575000000000000000e+01 8.204260045999999819e-05
3.577499999999999858e+01 8.212889149999999907e-05
3.579999999999999716e+01 8.168293999000000318e-05
3.582500000000000284e+01 8.129000920000000385e-05
3.585000000000000142e+01 8.071143323999999380e-05
3.587500000000000000e+01 8.077994397999999619e-05
3.589999999999999858e+01 8.010835039000000011e-05
3.592499999999999716e+01 7.932879982999999806e-05
3.595000000000000284e+01 7.918290683999999898e-05
3.597500000000000142e+01 7.930281932999999866e-05
3.600000000000000000e+01 7.907172302999999620e-05
3.602499999999999858e+01 7.778737692000000520e-05
3.604999999999999716e+01 7.821923483000000016e-05
3.607500000000000284e+01 7.705164706000000021e-05
3.610000000000000142e+01 7.687054252999999770e-05
3.612500000000000000e+01 7.643234043000000206e-05
3.614999999999999858e+01 7.695293513999999974e-05
3.617499999999999716e+01 7.517499921000000138e-05
3.620000000000000284e+01 7.506094928000000080e-05
3.622500000000000142e+01 7.433984992000000082e-05
3.625000000000000000e+01 7.506204360000000124e-05
3.627499999999999858e+01 7.433896814999999404e-05
3.629999999999999716e+01 7.350589447000000257e-05
3.632500000000000284e+01 7.336468128999999879e-05
3.635000000000000142e+01 7.351395981999999480e-05
3.637500000000000000e+01 7.249935522999999531e-05
3.639999999999999858e+01 7.237323061000000177e-05
3.642499999999999716e+01 7.189355036000000265e-05
3.645000000000000284e+01 7.187651014000000032e-05
3.647500000000000142e+01 7.129775014999999757e-05
3.650000000000000000e+01 7.048104143999999610e-05
3.652499999999999858e+01 7.052173694000000168e-05
3.654999999999999716e+01 7.030356219000000509e-05
3.657500000000000284e+01 6.998179181999999586e-05
3.660000000000000142e+01 6.952519492000000414e-05
3.662500000000000000e+01 6.903507391000000631e-05
3.664999999999999858e+01 6.858659508000000324e-05
3.667499999999999716e+01 6.863203815999999733e-05
3.670000000000000284e+01 6.751746515999999332e-05
3.672500000000000142e+01 6.777972348999999528e-05
3.675000000000000000e+01 6.693387214999999707e-05
3.677499999999999858e+01 6.696390998999999513e-05
3.679999999999999716e+01 6.680577691000000535e-05
3.682500000000000284e+01 6.607432521999999646e-05
3.685000000000000142e+01 6.618542354000000528e-05
3.687500000000000000e+01 6.537745972000000424e-05
3.689999999999999858e+01 6.495444073999999933e-05
3.692499999999999716e+01 6.559922696999999803e-05
3.695000000000000284e+01 6.431623149000000571e-05
3.697500000000000142e+01 6.459063405999999647e-05
3.700000000000000000e+01 6.353585044999999468e-05
3.702499999999999858e+01 6.347507376000000457e-05
3.704999999999999716e+01 6.332966092000000594e-05
3.707500000000000284e+01 6.254826958000000406e-05
3.710000000000000142e+01 6.223186734000000012e-05
3.712500000000000000e+01 6.243592827999999467e-05
3.714999999999999858e+01 6.151803762000000004e-05
3.717499999999999716e+01 6.197693790999999491e-05
3.720000000000000284e+01 6.164361342999999860e-05
3.722500000000000142e+01 6.085878131000000015e-05
3.725000000000000000e+01 6.105194767999999410e-05
3.727499999999999858e+01 6.046190461999999814e-05
3.729999999999999716e+01 6.025711288000000043e-05
3.732500000000000284e+01 5.986431746999999710e-05
3.735000000000000142e+01 5.949316309000000214e-05
3.737500000000000000e+01 5.971103916999999844e-05
3.739999999999999858e+01 5.891822363999999965e-05
3.742499999999999716e+01 5.837418853999999874e-05
3.745000000000000284e+01 5.897903671999999830e-05
3.747500000000000142e+01 5.837625272000000173e-05
3.750000000000000000e+01 5.762527902999999734e-05
3.752499999999999858e+01 5.711886987999999958e-05
3.754999999999999716e+01 5.720876189999999793e-05
3.757500000000000284e+01 5.708209210999999974e-05
3.760000000000000142e+01 5.668732095999999999e-05
3.762500000000000000e+01 5.630491552000000234e-05
3.764999999999999858e+01 5.609779363999999995e-05
3.767499999999999716e+01 5.549215753999999672e-05
3.770000000000000284e+01 5.530570745999999926e-05
3.772500000000000142e+01 5.479709712999999706e-05
3.775000000000000000e+01 5.492294505000000119e-05
3.777499999999999858e+01 5.403384180999999908e-05
3.779999999999999716e+01 5.401925050999999736e-05
3.782500000000000284e+01 5.384150924999999972e-05
3.785000000000000142e+01 5.377278077999999971e-05
3.787500000000000000e+01 5.340515988999999732e-05
3.789999999999999858e+01 5.393159723000000164e-05
3.792499999999999716e+01 5.283839777999999710e-05
3.795000000000000284e+01 5.272791757000000045e-05
3.797500000000000142e+01 5.244277974999999833e-05
3.800000000000000000e+01 5.192336141999999763e-05
3.802499999999999858e+01 5.203761986999999822e-05
3.804999999999999716e+01 5.134118791999999751e-05
3.807500000000000284e+01 5.104021973999999884e-05
3.810000000000000142e+01 5.091833208999999933e-05
3.812500000000000000e+01 5.031241837999999894e-05
3.814999999999999858e+01 5.084803119999999971e-05
3.817499999999999716e+01 5.019274776000000018e-05
3.820000000000000284e+01 4.954954798999999864e-05
3.822500000000000142e+01 5.005315688000000159e-05
3.825000000000000000e+01 4.937171544000000040e-05
3.827499999999999858e+01 4.903889561000000151e-05
3.829999999999999716e+01 4.849617181000000167e-05
3.832500000000000284e+01 4.878071560999999918e-05
3.835000000000000142e+01 4.816857970000000208e-05
3.837500000000000000e+01 4.811975422999999983e-05
3.839999999999999858e+01 4.790561784999999937e-05
3.842499999999999716e+01 4.764404871999999874e-05
3.845000000000000284e+01 4.780788537000000275e-05
3.847500000000000142e+01 4.691650900999999824e-05
3.850000000000000000e+01 4.708309860000000073e-05
3.852499999999999858e+01 4.670619734999999922e-05
3.854999999999999716e+01 4.671038815000000047e-05
3.857500000000000284e+01 4.627549734999999672e-05
3.860000000000000142e+01 4.604838371000000239e-05
3.862500000000000000e+01 4.548149842999999859e-05
3.864999999999999858e+01 4.521046966999999714e-05
3.867499999999999716e+01 4.530049295000000280e-05
3.870000000000000284e+01 4.567583586000000158e-05
3.872500000000000142e+01 4.487164481999999865e-05
3.875000000000000000e+01 4.470443386999999697e-05
3.877499999999999858e+01 4.468029956000000072e-05
3.879999999999999716e+01 4.404426665000000022e-05
3.882500000000000284e+01 4.414294122999999864e-05
3.885000000000000142e+01 4.355581597999999804e-05
3.887500000000000000e+01 4.305840315999999972e-05
3.889999999999999858e+01 4.304782800000000136e-05
3.892499999999999716e+01 4.311227466999999783e-05
3.895000000000000284e+01 4.280696266999999976e-05
3.897500000000000142e+01 4.280951455999999929e-05
3.900000000000000000e+01 4.252432786000000112e-05
3.902499999999999858e+01 4.240934259999999852e-05
3.904999999999999716e+01 4.174519857999999922e-05
3.907500000000000284e+01 4.164738812999999864e-05
3.910000000000000142e+01 4.166120408999999955e-05
3.912500000000000000e+01 4.131488476999999938e-05
3.914999999999999858e+01 4.097590820999999668e-05
3.917499999999999716e+01 4.092196755000000247e-05
3.920000000000000284e+01 4.050323756000000030e-05
3.922500000000000142e+01 4.054969196999999765e-05
3.925000000000000000e+01 4.051227684999999802e-05
3.927499999999999858e+01 4.005274391000000219e-05
3.929999999999999716e+01 4.008103403000000045e-05
3.932500000000000284e+01 3.990888933999999736e-05
3.935000000000000142e+01 3.939466873000000064e-05
3.937500000000000000e+01 3.915860683000000020e-05
3.939999999999999858e+01 3.903949664000000257e-05
3.942499999999999716e+01 3.883615829999999920e-05
3.945000000000000284e+01 3.868584815000000022e-05
3.947500000000000142e+01 3.837018286999999974e-05
3.950000000000000000e+01 3.832045879000000162e-05
3.952499999999999858e+01 3.816473235999999866e-05
3.954999999999999716e+01 3.776767788999999930e-05
3.957500000000000284e+01 3.725312653000000283e-05
3.960000000000000142e+01 3.726379032000000103e-05
3.962500000000000000e+01 3.735934506000000200e-05
3.964999999999999858e+01 3.690668772000000225e-05
3.967499999999999716e+01 3.718986665000000025e-05
3.970000000000000284e+01 3.654189614000000327e-05
3.972500000000000142e+01 3.631463053000000252e-05
3.975000000000000000e+01 3.601302763999999839e-05
3.977499999999999858e+01 3.591961624000000042e-05
3.979999999999999716e+01 3.619474090000000149e-05
3.982500000000000284e+01 3.529244035999999759e-05
3.985000000000000142e+01 3.556268268999999971e-05
3.987500000000000000e+01 3.519870062000000162e-05
3.989999999999999858e+01 3.540718625000000285e-05
3.992499999999999716e+01 3.507083800000000034e-05
3.995000000000000284e+01 3.491506200999999971e-05
3.997500000000000142e+01 3.459397497999999976e-05
4.000000000000000000e+01 3.494260074000000039e-05
4.002499999999999858e+01 3.405311726000000302e-05
4.004999999999999716e+01 3.410687021999999778e-05
4.007500000000000284e+01 3.373359864000000189e-05
4.010000000000000142e+01 3.401818448000000028e-05
4.012500000000000000e+01 3.334474027000000086e-05
4.014999999999999858e+01 3.361105879000000229e-05
4.017499999999999716e+01 3.328203865000000023e-05
4.020000000000000284e+01 3.297122869000000174e-05
4.022500000000000142e+01 3.274821182000000193e-05
4.025000000000000000e+01 3.261413307999999888e-05
4.027499999999999858e+01 3.277107578999999661e-05
4.029999999999999716e+01 3.214864968999999790e-05
4.032500000000000284e+01 3.219509376000000053e-05
4.035000000000000142e+01 3.184448177999999764e-05
4.037500000000000000e+01 3.185271196000000101e-05
4.039999999999999858e+01 3.167994046000000290e-05
4.042499999999999716e+01 3.132909786000000158e-05
4.045000000000000284e+01 3.117060917000000106e-05
4.047500000000000142e+01 3.115827722999999925e-05
4.050000000000000000e+01 3.083535597000000312e-05
4.052499999999999858e+01 3.087380411999999792e-05
4.054999999999999716e+01 3.084757875999999925e-05
4.057500000000000284e+01 3.043297734999999920e-05
4.060000000000000142e+01 3.052967457000000252e-05
4.062500000000000000e+01 3.025779460999999994e-05
4.064999999999999858e+01 2.995344259000000162e-05
4.067499999999999716e+01 3.001905630999999956e-05
4.070000000000000284e+01 2.958420007999999903e-05
4.072500000000000142e+01 2.955916523999999995e-05
4.075000000000000000e+01 2.944304143000000057e-05
4.077499999999999858e+01 2.905351789999999988e-05
4.079999999999999716e+01 2.881586021999999980e-05
4.082500000000000284e+01 2.881831150999999947e-05
4.085000000000000142e+01 2.931749585000000008e-05
4.087500000000000000e+01 2.830588412000000032e-05
4.089999999999999858e+01 2.838461171000000044e-05
4.092499999999999716e+01 2.851728907000000091e-05
4.095000000000000284e+01 2.825214727000000068e-05
4.097500000000000142e+01 2.808798768999999859e-05
4.100000000000000000e+01 2.784059504000000138e-05
4.102499999999999858e+01 2.767251813000000008e-05
4.104999999999999716e+01 2.755866518999999855e-05
4.107500000000000284e+01 2.748432731999999874e-05
4.110000000000000142e+01 2.738156614999999995e-05
4.112500000000000000e+01 2.708668173000000149e-05
4.114999999999999858e+01 2.720481606000000021e-05
4.117499999999999716e+01 2.701091398000000118e-05
4.120000000000000284e+01 2.682688501000000107e-05
4.122500000000000142e+01 2.634717555999999936e-05
4.125000000000000000e+01 2.656835680000000044e-05
4.127499999999999858e+01 2.655619835000000011e-05
4.129999999999999716e+01 2.598491134999999990e-05
4.132500000000000284e+01 2.605276387999999924e-05
4.135000000000000142e+01 2.586989713000000066e-05
4.137500000000000000e+01 2.582007293000000104e-05
4.139999999999999858e+01 2.575307212000000048e-05
4.142499999999999716e+01 2.524844803000000118e-05
4.145000000000000284e+01 2.531430343999999981e-05
4.147500000000000142e+01 2.523785042000000037e-05
4.150000000000000000e+01 2.506644759999999928e-05
4.152499999999999858e+01 2.485649782999999906e-05
4.154999999999999716e+01 2.480915002999999893e-05
4.157500000000000284e+01 2.475852812000000142e-05
4.160000000000000142e+01 2.450479919000000023e-05
4.162500000000000000e+01 2.428660997999999990e-05
4.164999999999999858e+01 2.409488204999999853e-05
4.167499999999999716e+01 2.400642538999999938e-05
4.170000000000000284e+01 2.408706496999999994e-05
4.172500000000000142e+01 2.387423015999999849e-05
4.175000000000000000e+01 2.371234699999999850e-05
4.177499999999999858e+01 2.373786017999999931e-05
4.179999999999999716e+01 2.374099443000000139e-05
4.182500000000000284e+01 2.353110608000000078e-05
4.185000000000000142e+01 2.321723217999999966e-05
4.187500000000000000e+01 2.319925925000000015e-05
4.189999999999999858e+01 2.312158175000000076e-05
4.192499999999999716e+01 2.263029503000000165e-05
4.195000000000000284e+01 2.280174843999999926e-05
4.197500000000000142e+01 2.243805358999999909e-05
4.200000000000000000e+01 2.240746825999999982e-05
4.202499999999999858e+01 2.256632460999999953e-05
4.204999999999999716e+01 2.227154487000000048e-05
4.207500000000000284e+01 2.208138663999999901e-05
4.210000000000000142e+01 2.176970804000000049e-05
4.212500000000000000e+01 2.177966046999999999e-05
4.214999999999999858e+01 2.215480987999999946e-05
4.217499999999999716e+01 2.168589873000000045e-05
4.220000000000000284e+01 2.138538990000000132e-05
4.222500000000000142e+01 2.125438364999999993e-05
4.225000000000000000e+01 2.115191883000000148e-05
4.227499999999999858e+01 2.102047393999999965e-05
4.229999999999999716e+01 2.128848020999999955e-05
4.232500000000000284e+01 2.092330873999999916e-05
4.235000000000000142e+01 2.078711117999999989e-05
4.237500000000000000e+01 2.051590120000000049e-05
4.239999999999999858e+01 2.051625523000000169e-05
4.242499999999999716e+01 2.051054008000000094e-05
4.245000000000000284e+01 2.035710226999999943e-05
4.247500000000000142e+01 2.014615533000000156e-05
4.250000000000000000e+01 1.990417980000000036e-05
4.252499999999999858e+01 2.005728843000000166e-05
4.254999999999999716e+01 1.980273462000000165e-05
4.257500000000000284e+01 1.989340083000000066e-05
4.260000000000000142e+01 1.976495122000000016e-05
4.262500000000000000e+01 1.958681377999999898e-05
4.264999999999999858e+01 1.950496675000000117e-05
4.267499999999999716e+01 1.947302754999999909e-05
4.270000000000000284e+01 1.911686509999999906e-05
4.272500000000000142e+01 1.909665310999999915e-05
4.275000000000000000e+01 1.895163060000000168e-05
4.277499999999999858e+01 1.887260612000000055e-05
4.279999999999999716e+01 1.892569053000000092e-05
4.282500000000000284e+01 1.864718298000000047e-05
4.285000000000000142e+01 1.870272072999999843e-05
4.287500000000000000e+01 1.841241581000000049e-05
4.289999999999999858e+01 1.829855289000000129e-05
4.292499999999999716e+01 1.843973364000000157e-05
4.295000000000000284e+01 1.817497519999999945e-05
4.297500000000000142e+01 1.804184520000000027e-05
4.300000000000000000e+01 1.804748371000000084e-05
4.302499999999999858e+01 1.778647271000000104e-05
4.304999999999999716e+01 1.794995803000000052e-05
4.307500000000000284e+01 1.775188066999999894e-05
4.310000000000000142e+01 1.753230602000000092e-05
4.312500000000000000e+01 1.746405682999999968e-05
4.314999999999999858e+01 1.724364778000000048e-05
4.317499999999999716e+01 1.720859670000000018e-05
4.320000000000000284e+01 1.718315848999999837e-05
4.322500000000000142e+01 1.717310975000000165e-05
4.325000000000000000e+01 1.683139960999999955e-05
4.327499999999999858e+01 1.670175712000000022e-05
4.329999999999999716e+01 1.684226370999999952e-05
4.332500000000000284e+01 1.647196565000000055e-05
4.335000000000000142e+01 1.680927388999999925e-05
4.337500000000000000e+01 1.664862766000000096e-05
4.339999999999999858e+01 1.663613057000000041e-05
4.342499999999999716e+01 1.613196983000000161e-05
4.345000000000000284e+01 1.603785367000000093e-05
4.347500000000000142e+01 1.601045690999999919e-05
4.350000000000000000e+01 1.588206351000000162e-05
4.352499999999999858e+01 1.596237784000000077e-05
4.354999999999999716e+01 1.585014925999999878e-05
4.357500000000000284e+01 1.575866144000000115e-05
4.360000000000000142e+01 1.548555009000000129e-05
4.362500000000000000e+01 1.562074101999999951e-05
4.364999999999999858e+01 1.538329656000000166e-05
4.367499999999999716e+01 1.525888503999999881e-05
4.370000000000000284e+01 1.532931460000000037e-05
4.372500000000000142e+01 1.520367405999999930e-05
4.375000000000000000e+01 1.519944694999999996e-05
4.377499999999999858e+01 1.498342085999999942e-05
4.379999999999999716e+01 1.483578232999999954e-05
4.382500000000000284e+01 1.480487671999999974e-05
4.385000000000000142e+01 1.465228379999999998e-05
4.387500000000000000e+01 1.485788460999999952e-05
4.389999999999999858e+01 1.451277013999999988e-05
4.392499999999999716e+01 1.447963576000000037e-05
4.395000000000000284e+01 1.457565063000000075e-05
4.397500000000000142e+01 1.424557677000000068e-05
4.400000000000000000e+01 1.411779642000000074e-05
4.402499999999999858e+01 1.456174304000000012e-05
4.404999999999999716e+01 1.401520872000000038e-05
4.407500000000000284e+01 1.406908226999999996e-05
4.410000000000000142e+01 1.387408528000000067e-05
4.412500000000000000e+01 1.384165127999999942e-05
4.414999999999999858e+01 1.377528513000000012e-05
4.417499999999999716e+01 1.360269010000000031e-05
4.420000000000000284e+01 1.353685863000000001e-05
4.422500000000000142e+01 1.348008627000000029e-05
4.425000000000000000e+01 1.329452343000000001e-05
4.427499999999999858e+01 1.317056693999999967e-05
4.429999999999999716e+01 1.317926694999999993e-05
4.432500000000000284e+01 1.320073308999999921e-05
4.435000000000000142e+01 1.302931066000000005e-05
4.437500000000000000e+01 1.301598982999999930e-05
4.439999999999999858e+01 1.287426436999999985e-05
4.442499999999999716e+01 1.292109106999999984e-05
4.445000000000000284e+01 1.275399939000000074e-05
4.447500000000000142e+01 1.280315131000000028e-05
4.450000000000000000e+01 1.276901119999999918e-05
4.452499999999999858e+01 1.249707859000000064e-05
4.454999999999999716e+01 1.236244054000000052e-05
4.457500000000000284e+01 1.234231026999999975e-05
4.460000000000000142e+01 1.223617772999999931e-05
4.462500000000000000e+01 1.214049082000000022e-05
4.464999999999999858e+01 1.206838064000000044e-05
4.467499999999999716e+01 1.211715174999999947e-05
4.470000000000000284e+01 1.181548609000000078e-05
4.472500000000000142e+01 1.183959998999999944e-05
4.475000000000000000e+01 1.186749172000000076e-05
4.477499999999999858e+01 1.166057740999999980e-05
4.479999999999999716e+01 1.169201949999999920e-05
4.482500000000000284e+01 1.160583076000000053e-05
4.485000000000000142e+01 1.146165785999999991e-05
4.487500000000000000e+01 1.148900738000000054e-05
4.489999999999999858e+01 1.136148870999999947e-05
4.492499999999999716e+01 1.133913483999999974e-05
4.495000000000000284e+01 1.113859745999999922e-05
4.497500000000000142e+01 1.123419868999999922e-05
4.500000000000000000e+01 1.131390843999999949e-05
4.502499999999999858e+01 1.096462610999999923e-05
4.504999999999999716e+01 1.100364292999999965e-05
4.507500000000000284e+01 1.079295876999999998e-05
4.510000000000000142e+01 1.098779745000000077e-05
4.512500000000000000e+01 1.104300050000000052e-05
4.514999999999999858e+01 1.054699718999999932e-05
4.517499999999999716e+01 1.057637084999999916e-05
4.520000000000000284e+01 1.061558409999999998e-05
4.522500000000000142e+01 1.055460325999999925e-05
4.525000000000000000e+01 1.047692470999999965e-05
4.527499999999999858e+01 1.012081025999999925e-05
4.529999999999999716e+01 1.023453718999999961e-05
4.532500000000000284e+01 1.005495138000000053e-05
4.535000000000000142e+01 1.005076561000000080e-05
4.537500000000000000e+01 9.984194766000000762e-06
4.539999999999999858e+01 1.000387402999999923e-05
4.542499999999999716e+01 9.979971828000000036e-06
4.545000000000000284e+01 9.803162237999999188e-06
4.547500000000000142e+01 9.703911206999999215e-06
4.550000000000000000e+01 9.696904773000000549e-06
4.552499999999999858e+01 9.506900553000000189e-06
4.554999999999999716e+01 9.700305074999999994e-06
4.557500000000000284e+01 9.563286141000000004e-06
4.560000000000000142e+01 9.442842857999999862e-06
4.562500000000000000e+01 9.380568470999999260e-06
4.564999999999999858e+01 9.169462523999999203e-06
4.567499999999999716e+01 9.271065089000000788e-06
4.570000000000000284e+01 9.158906747999999163e-06
4.572500000000000142e+01 9.060518261999999444e-06
4.575000000000000000e+01 9.073575864000000367e-06
4.577499999999999858e+01 9.197062050999999243e-06
4.579999999999999716e+01 8.851621785000000659e-06
4.582500000000000284e+01 8.883388411999999408e-06
4.585000000000000142e+01 8.723053461000000023e-06
4.587500000000000000e+01 8.633303611000000494e-06
4.589999999999999858e+01 8.549693731999999353e-06
4.592499999999999716e+01 8.547638730000000642e-06
4.595000000000000284e+01 8.450714438000000322e-06
4.597500000000000142e+01 8.431615356999999574e-06
4.600000000000000000e+01 8.315371548999999220e-06
4.602499999999999858e+01 8.349361241999999855e-06
4.604999999999999716e+01 8.255459891000000287e-06
4.607500000000000284e+01 8.117002521999999154e-06
4.610000000000000142e+01 8.183170648999999575e-06
4.612500000000000000e+01 8.132814738999999659e-06
4.614999999999999858e+01 8.097051139999999312e-06
4.617499999999999716e+01 7.946735812000000392e-06
4.620000000000000284e+01 7.803490712000000099e-06
4.622500000000000142e+01 7.868811351999999620e-06
4.625000000000000000e+01 7.759671604999999813e-06
4.627499999999999858e+01 7.737324181000000808e-06
4.629999999999999716e+01 7.600827442999999845e-06
4.632500000000000284e+01 7.563887591000000105e-06
4.635000000000000142e+01 7.555715284000000313e-06
4.637500000000000000e+01 7.485350793000000060e-06
4.639999999999999858e+01 7.386120441000000243e-06
4.642499999999999716e+01 7.322733029999999960e-06
4.645000000000000284e+01 7.192791566000000091e-06
4.647500000000000142e+01 7.160880022000000076e-06
4.650000000000000000e+01 7.116303133999999672e-06
4.652499999999999858e+01 6.985547722999999867e-06
4.654999999999999716e+01 6.959596818999999826e-06
4.657500000000000284e+01 7.008105635000000086e-06
4.660000000000000142e+01 6.913492136999999708e-06
4.662500000000000000e+01 6.887161924000000260e-06
4.664999999999999858e+01 6.845270273000000399e-06
4.667499999999999716e+01 6.742690547999999852e-06
4.670000000000000284e+01 6.645099863999999632e-06
4.672500000000000142e+01 6.600012866999999684e-06
4.675000000000000000e+01 6.511735128999999690e-06
4.677499999999999858e+01 6.475090702999999897e-06
4.679999999999999716e+01 6.462127343999999593e-06
4.682500000000000284e+01 6.322645246999999739e-06
4.685000000000000142e+01 6.364903257000000100e-06
4.687500000000000000e+01 6.215463762999999983e-06
4.689999999999999858e+01 6.168373015000000148e-06
4.692499999999999716e+01 6.220948492000000164e-06
4.695000000000000284e+01 6.127564018000000128e-06
4.697500000000000142e+01 6.207835955999999657e-06
4.700000000000000000e+01 6.020735777999999778e-06
4.702499999999999858e+01 5.870794549999999686e-06
4.704999999999999716e+01 5.860104467999999708e-06
4.707500000000000284e+01 5.828570568999999840e-06
4.710000000000000142e+01 5.725104457000000008e-06
4.712500000000000000e+01 5.662190454000000073e-06
4.714999999999999858e+01 5.718361380999999736e-06
4.717499999999999716e+01 5.634093692999999865e-06
4.720000000000000284e+01 5.618153057000000129e-06
4.722500000000000142e+01 5.522895022000000037e-06
4.725000000000000000e+01 5.482849359999999741e-06
4.727499999999999858e+01 5.334238472999999800e-06
4.729999999999999716e+01 5.399555132999999707e-06
4.732500000000000284e+01 5.365310093999999672e-06
4.735000000000000142e+01 5.243014522999999879e-06
4.737500000000000000e+01 5.172175148000000276e-06
4.739999999999999858e+01 5.075161776999999860e-06
4.742499999999999716e+01 5.108621555000000044e-06
4.745000000000000284e+01 4.971164592000000246e-06
4.747500000000000142e+01 5.078313325000000100e-06
4.750000000000000000e+01 4.949764593000000230e-06
4.752499999999999858e+01 4.800437193999999844e-06
4.754999999999999716e+01 4.725451786999999605e-06
4.757500000000000284e+01 4.718665316000000208e-06
4.760000000000000142e+01 4.642918512999999761e-06
4.762500000000000000e+01 4.645150388000000039e-06
4.764999999999999858e+01 4.597187826999999787e-06
4.767499999999999716e+01 4.531953534999999667e-06
4.770000000000000284e+01 4.494984777999999790e-06
4.772500000000000142e+01 4.502380982999999602e-06
4.775000000000000000e+01 4.365761532999999888e-06
4.777499999999999858e+01 4.317516114000000387e-06
4.779999999999999716e+01 4.273075843999999838e-06
4.782500000000000284e+01 4.327911513999999729e-06
4.785000000000000142e+01 4.171222878999999642e-06
4.787500000000000000e+01 4.155294412999999796e-06
4.789999999999999858e+01 4.056436041999999908e-06
4.792499999999999716e+01 4.045699247000000415e-06
4.795000000000000284e+01 3.966405773000000343e-06
4.797500000000000142e+01 3.896825574999999818e-06
4.800000000000000000e+01 3.881674739999999886e-06
4.802499999999999858e+01 3.885320614000000334e-06
4.804999999999999716e+01 3.722044658000000111e-06
4.807500000000000284e+01 3.677739355000000098e-06
4.810000000000000142e+01 3.705480855999999940e-06
4.812500000000000000e+01 3.665446700999999987e-06
4.814999999999999858e+01 3.512237248000000032e-06
4.817499999999999716e+01 3.564873110000000030e-06
4.820000000000000284e+01 3.484004025000000111e-06
4.822500000000000142e+01 3.436044817000000059e-06
4.825000000000000000e+01 3.377628061000000110e-06
4.827499999999999858e+01 3.361487928000000173e-06
4.829999999999999716e+01 3.245553940000000100e-06
4.832500000000000284e+01 3.213837446000000143e-06
4.835000000000000142e+01 3.271594351999999993e-06
4.837500000000000000e+01 3.117268444000000087e-06
4.839999999999999858e+01 3.130420954000000121e-06
4.842499999999999716e+01 3.003024117000000012e-06
4.845000000000000284e+01 2.991946337999999846e-06
4.847500000000000142e+01 2.870165125000000082e-06
4.850000000000000000e+01 2.904006485000000188e-06
4.852499999999999858e+01 2.869426885000000016e-06
4.854999999999999716e+01 2.773051973999999821e-06
4.857500000000000284e+01 2.676043993000000111e-06
4.860000000000000142e+01 2.651355761999999972e-06
4.862500000000000000e+01 2.620189027000000030e-06
4.864999999999999858e+01 2.608162704999999995e-06
4.867499999999999716e+01 2.503160903000000181e-06
4.870000000000000284e+01 2.505806329000000199e-06
4.872500000000000142e+01 2.427875029000000026e-06
4.875000000000000000e+01 2.381871341000000133e-06
4.877499999999999858e+01 2.368944384999999848e-06
4.879999999999999716e+01 2.274654713999999845e-06
4.882500000000000284e+01 2.216019119999999945e-06
4.885000000000000142e+01 2.150882372000000029e-06
4.887500000000000000e+01 2.131007265000000000e-06
4.889999999999999858e+01 2.139171175999999829e-06
4.892499999999999716e+01 2.015470305000000188e-06
4.895000000000000284e+01 2.004661298000000055e-06
4.897500000000000142e+01 1.896947901000000012e-06
4.900000000000000000e+01 1.862973742000000033e-06
4.902499999999999858e+01 1.760362873000000014e-06
4.904999999999999716e+01 1.872554775000000032e-06
4.907500000000000284e+01 1.714771871999999904e-06
4.910000000000000142e+01 1.679874846000000023e-06
4.912500000000000000e+01 1.744178925999999960e-06
4.914999999999999858e+01 1.663928571000000055e-06
4.917499999999999716e+01 1.615752233000000105e-06
4.920000000000000284e+01 1.559494183999999928e-06
4.922500000000000142e+01 1.408497068000000104e-06
4.925000000000000000e+01 1.418272179000000023e-06
4.927499999999999858e+01 1.403141312000000104e-06
4.929999999999999716e+01 1.339123169000000103e-06
4.932500000000000284e+01 1.294584942999999973e-06
4.935000000000000142e+01 1.219817540000000050e-06
4.937500000000000000e+01 1.213982336000000025e-06
4.939999999999999858e+01 1.053130030999999908e-06
4.942499999999999716e+01 1.049593992999999996e-06
4.945000000000000284e+01 9.868189797999999013e-07
4.947500000000000142e+01 9.534554261000000153e-07
4.950000000000000000e+01 9.783071991999999179e-07
4.952499999999999858e+01 9.946760528000001020e-07
4.954999999999999716e+01 7.019743402000000420e-07
4.957500000000000284e+01 7.955307284000000044e-07
4.960000000000000142e+01 7.156769733999999718e-07
4.962500000000000000e+01 6.681645639000000392e-07
4.964999999999999858e+01 6.069392984999999507e-07
4.967499999999999716e+01 6.143537709000000444e-07
4.970000000000000284e+01 6.309499677000000528e-07
4.972500000000000142e+01 5.147593289999999863e-07
4.975000000000000000e+01 4.409296871999999847e-07
4.977499999999999858e+01 4.393811675000000076e-07
4.979999999999999716e+01 3.334591810999999850e-07
4.982500000000000284e+01 2.905055301999999999e-07
4.985000000000000142e+01 1.639451062000000073e-07
4.987500000000000000e+01 2.444935144000000094e-07
4.989999999999999858e+01 1.785444007999999959e-07
4.992499999999999716e+01 9.538569838000000472e-08
4.995000000000000284e+01 1.174336063000000031e-07
4.997500000000000142e+01 3.438257436999999972e-08
5.000000000000000000e+01 0.000000000000000000e+00
5.002499999999999858e+01 -3.438257436999999972e-08
5.004999999999999716e+01 -1.174336063000000031e-07
5.007500000000000284e+01 -9.538569838000000472e-08
5.010000000000000142e+01 -1.785444007999999959e-07
5.012500000000000000e+01 -2.444935144000000094e-07
5.014999999999999858e+01 -1.639451062000000073e-07
5.017499999999999716e+01 -2.905055301999999999e-07
5.020000000000000284e+01 -3.334591810999999850e-07
5.022500000000000142e+01 -4.393811675000000076e-07
5.025000000000000000e+01 -4.409296871999999847e-07
5.027499999999999858e+01 -5.147593289999999863e-07
5.029999999999999716e+01 -6.309499677000000528e-07
5.032500000000000284e+01 -6.143537709000000444e-07
5.035000000000000142e+01 -6.069392984999999507e-07
5.037500000000000000e+01 -6.681645639000000392e-07
5.039999999999999858e+01 -7.156769733999999718e-07
5.042499999999999716e+01 -7.955307284000000044e-07
5.045000000000000284e+01 -7.019743402000000420e-07
5.047500000000000142e+01 -9.946760528000001020e-07
5.050000000000000000e+01 -9.783071991999999179e-07
5.052499999999999858e+01 -9.534554261000000153e-07
5.054999999999999716e+01 -9.868189797999999013e-07
5.057500000000000284e+01 -1.049593992999999996e-06
5.060000000000000142e+01 -1.053130030999999908e-06
5.062500000000000000e+01 -1.213982336000000025e-06
5.064999999999999858e+01 -1.219817540000000050e-06
5.067499999999999716e+01 -1.294584942999999973e-06
5.070000000000000284e+01 -1.339123169000000103e-06
5.072500000000000142e+01 -1.403141312000000104e-06
5.075000000000000000e+01 -1.418272179000000023e-06
5.077499999999999858e+01 -1.408497068000000104e-06
5.079999999999999716e+01 -1.559494183999999928e-06
5.082500000000000284e+01 -1.615752233000000105e-06
5.085000000000000142e+01 -1.663928571000000055e-06
5.087500000000000000e+01 -1.744178925999999960e-06
5.089999999999999858e+01 -1.679874846000000023e-06
5.092499999999999716e+01 -1.714771871999999904e-06
5.095000000000000284e+01 -1.872554775000000032e-06
5.097500000000000142e+01 -1.760362873000000014e-06
5.100000000000000000e+01 -1.862973742000000033e-06
5.102499999999999858e+01 -1.896947901000000012e-06
5.104999999999999716e+01 -2.004661298000000055e-06
5.107500000000000284e+01 -2.015470305000000188e-06
5.110000000000000142e+01 -2.139171175999999829e-06
5.112500000000000000e+01 -2.131007265000000000e-06
5.114999999999999858e+01 -2.150882372000000029e-06
5.117499999999999716e+01 -2.216019119999999945e-06
5.120000000000000284e+01 -2.274654713999999845e-06
5.122500000000000142e+01 -2.368944384999999848e-06
5.125000000000000000e+01 -2.381871341000000133e-06
5.127499999999999858e+01 -2.427875029000000026e-06
5.129999999999999716e+01 -2.505806329000000199e-06
5.132500000000000284e+01 -2.503160903000000181e-06
5.135000000000000142e+01 -2.608162704999999995e-06
5.137500000000000000e+01 -2.620189027000000030e-06
5.139999999999999858e+01 -2.651355761999999972e-06
5.142499999999999716e+01 -2.676043993000000111e-06
5.145000000000000284e+01 -2.773051973999999821e-06
5.147500000000000142e+01 -2.869426885000000016e-06
5.150000000000000000e+01 -2.904006485000000188e-06
5.152499999999999858e+01 -2.870165125000000082e-06
5.154999999999999716e+01 -2.991946337999999846e-06
5.157500000000000284e+01 -3.003024117000000012e-06
5.160000000000000142e+01 -3.130420954000000121e-06
5.162500000000000000e+01 -3.117268444000000087e-06
5.164999999999999858e+01 -3.271594351999999993e-06
5.167499999999999716e+01 -3.213837446000000143e-06
5.170000000000000284e+01 -3.245553940000000100e-06
5.172500000000000142e+01 -3.361487928000000173e-06
5.175000000000000000e+01 -3.377628061000000110e-06
5.177499999999999858e+01 -3.436044817000000059e-06
5.179999999999999716e+01 -3.484004025000000111e-06
5.182500000000000284e+01 -3.564873110000000030e-06
5.185000000000000142e+01 -3.512237248000000032e-06
5.187500000000000000e+01 -3.665446700999999987e-06
5.189999999999999858e+01 -3.705480855999999940e-06
5.192499999999999716e+01 -3.677739355000000098e-06
5.195000000000000284e+01 -3.722044658000000111e-06
5.197500000000000142e+01 -3.885320614000000334e-06
5.200000000000000000e+01 -3.881674739999999886e-06
5.202499999999999858e+01 -3.896825574999999818e-06
5.204999999999999716e+01 -3.966405773000000343e-06
5.207500000000000284e+01 -4.045699247000000415e-06
5.210000000000000142e+01 -4.056436041999999908e-06
5.212500000000000000e+01 -4.155294412999999796e-06
5.214999999999999858e+01 -4.171222878999999642e-06
5.217499999999999716e+01 -4.327911513999999729e-06
5.220000000000000284e+01 -4.273075843999999838e-06
5.222500000000000142e+01 -4.317516114000000387e-06
5.225000000000000000e+01 -4.365761532999999888e-06
5.227499999999999858e+01 -4.502380982999999602e-06
5.229999999999999716e+01 -4.494984777999999790e-06
5.232500000000000284e+01 -4.531953534999999667e-06
5.235000000000000142e+01 -4.597187826999999787e-06
5.237500000000000000e+01 -4.645150388000000039e-06
5.239999999999999858e+01 -4.642918512999999761e-06
5.242499999999999716e+01 -4.718665316000000208e-06
5.245000000000000284e+01 -4.725451786999999605e-06
5.247500000000000142e+01 -4.800437193999999844e-06
5.250000000000000000e+01 -4.949764593000000230e-06
5.252499999999999858e+01 -5.078313325000000100e-06
5.254999999999999716e+01 -4.971164592000000246e-06
5.257500000000000284e+01 -5.108621555000000044e-06
5.260000000000000142e+01 -5.075161776999999860e-06
5.262500000000000000e+01 -5.172175148000000276e-06
5.264999999999999858e+01 -5.243014522999999879e-06
5.267499999999999716e+01 -5.365310093999999672e-06
5.270000000000000284e+01 -5.399555132999999707e-06
5.272500000000000142e+01 -5.334238472999999800e-06
5.275000000000000000e+01 -5.482849359999999741e-06
5.277499999999999858e+01 -5.522895022000000037e-06
5.279999999999999716e+01 -5.618153057000000129e-06
5.282500000000000284e+01 -5.634093692999999865e-06
5.285000000000000142e+01 -5.718361380999999736e-06
5.287500000000000000e+01 -5.662190454000000073e-06
5.289999999999999858e+01 -5.725104457000000008e-06
5.292499999999999716e+01 -5.828570568999999840e-06
5.295000000000000284e+01 -5.860104467999999708e-06
5.297500000000000142e+01 -5.870794549999999686e-06
5.300000000000000000e+01 -6.020735777999999778e-06
5.302499999999999858e+01 -6.207835955999999657e-06
5.304999999999999716e+01 -6.127564018000000128e-06
5.307500000000000284e+01 -6.220948492000000164e-06
5.310000000000000142e+01 -6.168373015000000148e-06
5.312500000000000000e+01 -6.215463762999999983e-06
5.314999999999999858e+01 -6.364903257000000100e-06
5.317499999999999716e+01 -6.322645246999999739e-06
5.320000000000000284e+01 -6.462127343999999593e-06
5.322500000000000142e+01 -6.475090702999999897e-06
5.325000000000000000e+01 -6.511735128999999690e-06
5.327499999999999858e+01 -6.600012866999999684e-06
5.329999999999999716e+01 -6.645099863999999632e-06
5.332500000000000284e+01 -6.742690547999999852e-06
5.335000000000000142e+01 -6.845270273000000399e-06
5.337500000000000000e+01 -6.887161924000000260e-06
5.339999999999999858e+01 -6.913492136999999708e-06
5.342499999999999716e+01 -7.008105635000000086e-06
5.345000000000000284e+01 -6.959596818999999826e-06
5.347500000000000142e+01 -6.985547722999999867e-06
5.350000000000000000e+01 -7.116303133999999672e-06
5.352499999999999858e+01 -7.160880022000000076e-06
5.354999999999999716e+01 -7.192791566000000091e-06
5.357500000000000284e+01 -7.322733029999999960e-06
5.360000000000000142e+01 -7.386120441000000243e-06
5.362500000000000000e+01 -7.485350793000000060e-06
5.364999999999999858e+01 -7.555715284000000313e-06
5.367499999999999716e+01 -7.563887591000000105e-06
5.370000000000000284e+01 -7.600827442999999845e-06
5.372500000000000142e+01 -7.737324181000000808e-06
5.375000000000000000e+01 -7.759671604999999813e-06
5.377499999999999858e+01 -7.868811351999999620e-06
5.379999999999999716e+01 -7.803490712000000099e-06
5.382500000000000284e+01 -7.946735812000000392e-06
5.385000000000000142e+01 -8.097051139999999312e-06
5.387500000000000000e+01 -8.132814738999999659e-06
5.389999999999999858e+01 -8.183170648999999575e-06
5.392499999999999716e+01 -8.117002521999999154e-06
5.395000000000000284e+01 -8.255459891000000287e-06
5.397500000000000142e+01 -8.349361241999999855e-06
5.400000000000000000e+01 -8.315371548999999220e-06
5.402499999999999858e+01 -8.431615356999999574e-06
5.404999999999999716e+01 -8.450714438000000322e-06
5.407500000000000284e+01 -8.547638730000000642e-06
5.410000000000000142e+01 -8.549693731999999353e-06
5.412500000000000000e+01 -8.633303611000000494e-06
5.414999999999999858e+01 -8.723053461000000023e-06
5.417499999999999716e+01 -8.883388411999999408e-06
5.420000000000000284e+01 -8.851621785000000659e-06
5.422500000000000142e+01 -9.197062050999999243e-06
5.425000000000000000e+01 -9.073575864000000367e-06
5.427499999999999858e+01 -9.060518261999999444e-06
5.429999999999999716e+01 -9.158906747999999163e-06
5.432500000000000284e+01 -9.271065089000000788e-06
5.435000000000000142e+01 -9.169462523999999203e-06
5.437500000000000000e+01 -9.380568470999999260e-06
5.439999999999999858e+01 -9.442842857999999862e-06
5.442499999999999716e+01 -9.563286141000000004e-06
5.445000000000000284e+01 -9.700305074999999994e-06
5.447500000000000142e+01 -9.506900553000000189e-06
5.450000000000000000e+01 -9.696904773000000549e-06
5.452499999999999858e+01 -9.703911206999999215e-06
5.454999999999999716e+01 -9.803162237999999188e-06
5.457500000000000284e+01 -9.979971828000000036e-06
5.460000000000000142e+01 -1.000387402999999923e-05
5.462500000000000000e+01 -9.984194766000000762e-06
5.464999999999999858e+01 -1.005076561000000080e-05
5.467499999999999716e+01 -1.005495138000000053e-05
5.470000000000000284e+01 -1.023453718999999961e-05
5.472500000000000142e+01 -1.012081025999999925e-05
5.475000000000000000e+01 -1.047692470999999965e-05
5.477499999999999858e+01 -1.055460325999999925e-05
5.479999999999999716e+01 -1.061558409999999998e-05
5.482500000000000284e+01 -1.057637084999999916e-05
5.485000000000000142e+01 -1.054699718999999932e-05
5.487500000000000000e+01 -1.104300050000000052e-05
5.489999999999999858e+01 -1.098779745000000077e-05
5.492499999999999716e+01 -1.079295876999999998e-05
5.495000000000000284e+01 -1.100364292999999965e-05
5.497500000000000142e+01 -1.096462610999999923e-05
5.500000000000000000e+01 -1.131390843999999949e-05
5.502499999999999858e+01 -1.123419868999999922e-05
5.504999999999999716e+01 -1.113859745999999922e-05
5.507500000000000284e+01 -1.133913483999999974e-05
5.510000000000000142e+01 -1.136148870999999947e-05
5.512500000000000000e+01 -1.148900738000000054e-05
5.514999999999999858e+01 -1.146165785999999991e-05
5.517499999999999716e+01 -1.160583076000000053e-05
5.520000000000000284e+01 -1.169201949999999920e-05
5.522500000000000142e+01 -1.166057740999999980e-05
5.525000000000000000e+01 -1.186749172000000076e-05
5.527499999999999858e+01 -1.183959998999999944e-05
5.529999999999999716e+01 -1.181548609000000078e-05
5.532500000000000284e+01 -1.211715174999999947e-05
5.535000000000000142e+01 -1.206838064000000044e-05
5.537500000000000000e+01 -1.214049082000000022e-05
5.539999999999999858e+01 -1.223617772999999931e-05
5.542499999999999716e+01 -1.234231026999999975e-05
5.545000000000000284e+01 -1.236244054000000052e-05
5.547500000000000142e+01 -1.249707859000000064e-05
5.550000000000000000e+01 -1.276901119999999918e-05
5.552499999999999858e+01 -1.280315131000000028e-05
5.554999999999999716e+01 -1.275399939000000074e-05
5.557500000000000284e+01 -1.292109106999999984e-05
5.560000000000000142e+01 -1.287426436999999985e-05
5.562500000000000000e+01 -1.301598982999999930e-05
5.564999999999999858e+01 -1.302931066000000005e-05
5.567499999999999716e+01 -1.320073308999999921e-05
5.570000000000000284e+01 -1.317926694999999993e-05
5.572500000000000142e+01 -1.317056693999999967e-05
5.575000000000000000e+01 -1.329452343000000001e-05
5.577499999999999858e+01 -1.348008627000000029e-05
5.579999999999999716e+01 -1.353685863000000001e-05
5.582500000000000284e+01 -1.360269010000000031e-05
5.585000000000000142e+01 -1.377528513000000012e-05
5.587500000000000000e+01 -1.384165127999999942e-05
5.589999999999999858e+01 -1.387408528000000067e-05
5.592499999999999716e+01 -1.406908226999999996e-05
5.595000000000000284e+01 -1.401520872000000038e-05
5.597500000000000142e+01 -1.456174304000000012e-05
5.600000000000000000e+01 -1.411779642000000074e-05
5.602499999999999858e+01 -1.424557677000000068e-05
5.604999999999999716e+01 -1.457565063000000075e-05
5.607500000000000284e+01 -1.447963576000000037e-05
5.610000000000000142e+01 -1.451277013999999988e-05
5.612500000000000000e+01 -1.485788460999999952e-05
5.614999999999999858e+01 -1.465228379999999998e-05
5.617499999999999716e+01 -1.480487671999999974e-05
5.620000000000000284e+01 -1.483578232999999954e-05
5.622500000000000142e+01 -1.498342085999999942e-05
5.625000000000000000e+01 -1.519944694999999996e-05
5.627499999999999858e+01 -1.520367405999999930e-05
5.629999999999999716e+01 -1.532931460000000037e-05
5.632500000000000284e+01 -1.525888503999999881e-05
5.635000000000000142e+01 -1.538329656000000166e-05
5.637500000000000000e+01 -1.562074101999999951e-05
5.639999999999999858e+01 -1.548555009000000129e-05
5.642499999999999716e+01 -1.575866144000000115e-05
5.645000000000000284e+01 -1.585014925999999878e-05
5.647500000000000142e+01 -1.596237784000000077e-05
5.650000000000000000e+01 -1.588206351000000162e-05
5.652499999999999858e+01 -1.601045690999999919e-05
5.654999999999999716e+01 -1.603785367000000093e-05
5.657500000000000284e+01 -1.613196983000000161e-05
5.660000000000000142e+01 -1.663613057000000041e-05
5.662500000000000000e+01 -1.664862766000000096e-05
5.664999999999999858e+01 -1.680927388999999925e-05
5.667499999999999716e+01 -1.647196565000000055e-05
5.670000000000000284e+01 -1.684226370999999952e-05
5.672500000000000142e+01 -1.670175712000000022e-05
5.675000000000000000e+01 -1.683139960999999955e-05
5.677499999999999858e+01 -1.717310975000000165e-05
5.679999999999999716e+01 -1.718315848999999837e-05
5.682500000000000284e+01 -1.720859670000000018e-05
5.685000000000000142e+01 -1.724364778000000048e-05
5.687500000000000000e+01 -1.746405682999999968e-05
5.689999999999999858e+01 -1.753230602000000092e-05
5.692499999999999716e+01 -1.775188066999999894e-05
5.695000000000000284e+01 -1.794995803000000052e-05
5.697500000000000142e+01 -1.778647271000000104e-05
5.700000000000000000e+01 -1.804748371000000084e-05
5.702499999999999858e+01 -1.804184520000000027e-05
5.704999999999999716e+01 -1.817497519999999945e-05
5.707500000000000284e+01 -1.843973364000000157e-05
5.710000000000000142e+01 -1.829855289000000129e-05
5.712500000000000000e+01 -1.841241581000000049e-05
5.714999999999999858e+01 -1.870272072999999843e-05
5.717499999999999716e+01 -1.864718298000000047e-05
5.720000000000000284e+01 -1.892569053000000092e-05
5.722500000000000142e+01 -1.887260612000000055e-05
5.725000000000000000e+01 -1.895163060000000168e-05
5.727499999999999858e+01 -1.909665310999999915e-05
5.729999999999999716e+01 -1.911686509999999906e-05
5.732500000000000284e+01 -1.947302754999999909e-05
5.735000000000000142e+01 -1.950496675000000117e-05
5.737500000000000000e+01 -1.958681377999999898e-05
5.739999999999999858e+01 -1.976495122000000016e-05
5.742499999999999716e+01 -1.989340083000000066e-05
5.745000000000000284e+01 -1.980273462000000165e-05
5.747500000000000142e+01 -2.005728843000000166e-05
5.750000000000000000e+01 -1.990417980000000036e-05
5.752499999999999858e+01 -2.014615533000000156e-05
5.754999999999999716e+01 -2.035710226999999943e-05
5.757500000000000284e+01 -2.051054008000000094e-05
5.760000000000000142e+01 -2.051625523000000169e-05
5.762500000000000000e+01 -2.051590120000000049e-05
5.764999999999999858e+01 -2.078711117999999989e-05
5.767499999999999716e+01 -2.092330873999999916e-05
5.770000000000000284e+01 -2.128848020999999955e-05
5.772500000000000142e+01 -2.102047393999999965e-05
5.775000000000000000e+01 -2.115191883000000148e-05
5.777499999999999858e+01 -2.125438364999999993e-05
5.779999999999999716e+01 -2.138538990000000132e-05
5.782500000000000284e+01 -2.168589873000000045e-05
5.785000000000000142e+01 -2.215480987999999946e-05
5.787500000000000000e+01 -2.177966046999999999e-05
5.789999999999999858e+01 -2.176970804000000049e-05
5.792499999999999716e+01 -2.208138663999999901e-05
5.795000000000000284e+01 -2.227154487000000048e-05
5.797500000000000142e+01 -2.256632460999999953e-05
5.800000000000000000e+01 -2.240746825999999982e-05
5.802499999999999858e+01 -2.243805358999999909e-05
5.804999999999999716e+01 -2.280174843999999926e-05
5.807500000000000284e+01 -2.263029503000000165e-05
5.810000000000000142e+01 -2.312158175000000076e-05
5.812500000000000000e+01 -2.319925925000000015e-05
5.814999999999999858e+01 -2.321723217999999966e-05
5.817499999999999716e+01 -2.353110608000000078e-05
5.820000000000000284e+01 -2.374099443000000139e-05
5.822500000000000142e+01 -2.373786017999999931e-05
5.825000000000000000e+01 -2.371234699999999850e-05
5.827499999999999858e+01 -2.387423015999999849e-05
5.829999999999999716e+01 -2.408706496999999994e-05
5.832500000000000284e+01 -2.400642538999999938e-05
5.835000000000000142e+01 -2.409488204999999853e-05
5.837500000000000000e+01 -2.428660997999999990e-05
5.839999999999999858e+01 -2.450479919000000023e-05
5.842499999999999716e+01 -2.475852812000000142e-05
5.845000000000000284e+01 -2.480915002999999893e-05
5.847500000000000142e+01 -2.485649782999999906e-05
5.850000000000000000e+01 -2.506644759999999928e-05
5.852499999999999858e+01 -2.523785042000000037e-05
5.854999999999999716e+01 -2.531430343999999981e-05
5.857500000000000284e+01 -2.524844803000000118e-05
5.860000000000000142e+01 -2.575307212000000048e-05
5.862500000000000000e+01 -2.582007293000000104e-05
5.864999999999999858e+01 -2.586989713000000066e-05
5.867499999999999716e+01 -2.605276387999999924e-05
5.870000000000000284e+01 -2.598491134999999990e-05
5.872500000000000142e+01 -2.655619835000000011e-05
5.875000000000000000e+01 -2.656835680000000044e-05
5.877499999999999858e+01 -2.634717555999999936e-05
5.879999999999999716e+01 -2.682688501000000107e-05
5.882500000000000284e+01 -2.701091398000000118e-05
5.885000000000000142e+01 -2.720481606000000021e-05
5.887500000000000000e+01 -2.708668173000000149e-05
5.889999999999999858e+01 -2.738156614999999995e-05
5.892499999999999716e+01 -2.748432731999999874e-05
5.895000000000000284e+01 -2.755866518999999855e-05
5.897500000000000142e+01 -2.767251813000000008e-05
5.900000000000000000e+01 -2.784059504000000138e-05
5.902499999999999858e+01 -2.808798768999999859e-05
5.904999999999999716e+01 -2.825214727000000068e-05
5.907500000000000284e+01 -2.851728907000000091e-05
5.910000000000000142e+01 -2.838461171000000044e-05
5.912500000000000000e+01 -2.830588412000000032e-05
5.914999999999999858e+01 -2.931749585000000008e-05
5.917499999999999716e+01 -2.881831150999999947e-05
5.920000000000000284e+01 -2.881586021999999980e-05
5.922500000000000142e+01 -2.905351789999999988e-05
5.925000000000000000e+01 -2.944304143000000057e-05
5.927499999999999858e+01 -2.955916523999999995e-05
5.929999999999999716e+01 -2.958420007999999903e-05
5.932500000000000284e+01 -3.001905630999999956e-05
5.935000000000000142e+01 -2.995344259000000162e-05
5.937500000000000000e+01 -3.025779460999999994e-05
5.939999999999999858e+01 -3.052967457000000252e-05
5.942499999999999716e+01 -3.043297734999999920e-05
5.945000000000000284e+01 -3.084757875999999925e-05
5.947500000000000142e+01 -3.087380411999999792e-05
5.950000000000000000e+01 -3.083535597000000312e-05
5.952499999999999858e+01 -3.115827722999999925e-05
5.954999999999999716e+01 -3.117060917000000106e-05
5.957500000000000284e+01 -3.132909786000000158e-05
5.960000000000000142e+01 -3.167994046000000290e-05
5.962500000000000000e+01 -3.185271196000000101e-05
5.964999999999999858e+01 -3.184448177999999764e-05
5.967499999999999716e+01 -3.219509376000000053e-05
5.970000000000000284e+01 -3.214864968999999790e-05
5.972500000000000142e+01 -3.277107578999999661e-05
5.975000000000000000e+01 -3.261413307999999888e-05
5.977499999999999858e+01 -3.274821182000000193e-05
5.979999999999999716e+01 -3.297122869000000174e-05
5.982500000000000284e+01 -3.328203865000000023e-05
5.985000000000000142e+01 -3.361105879000000229e-05
5.987500000000000000e+01 -3.334474027000000086e-05
5.989999999999999858e+01 -3.401818448000000028e-05
5.992499999999999716e+01 -3.373359864000000189e-05
5.995000000000000284e+01 -3.410687021999999778e-05
5.997500000000000142e+01 -3.405311726000000302e-05
6.000000000000000000e+01 -3.494260074000000039e-05
6.002499999999999858e+01 -3.459397497999999976e-05
6.004999999999999716e+01 -3.491506200999999971e-05
6.007500000000000284e+01 -3.507083800000000034e-05
6.010000000000000142e+01 -3.540718625000000285e-05
6.012500000000000000e+01 -3.519870062000000162e-05
6.014999999999999858e+01 -3.556268268999999971e-05
6.017499999999999716e+01 -3.529244035999999759e-05
6.020000000000000284e+01 -3.619474090000000149e-05
6.022500000000000142e+01 -3.591961624000000042e-05
6.025000000000000000e+01 -3.601302763999999839e-05
6.027499999999999858e+01 -3.631463053000000252e-05
6.029999999999999716e+01 -3.654189614000000327e-05
6.032500000000000284e+01 -3.718986665000000025e-05
6.035000000000000142e+01 -3.690668772000000225e-05
6.037500000000000000e+01 -3.735934506000000200e-05
6.039999999999999858e+01 -3.726379032000000103e-05
6.042499999999999716e+01 -3.725312653000000283e-05
6.045000000000000284e+01 -3.776767788999999930e-05
6.047500000000000142e+01 -3.816473235999999866e-05
6.050000000000000000e+01 -3.832045879000000162e-05
6.052499999999999858e+01 -3.837018286999999974e-05
6.054999999999999716e+01 -3.868584815000000022e-05
6.057500000000000284e+01 -3.883615829999999920e-05
6.060000000000000142e+01 -3.903949664000000257e-05
6.062500000000000000e+01 -3.915860683000000020e-05
6.064999999999999858e+01 -3.939466873000000064e-05
6.067499999999999716e+01 -3.990888933999999736e-05
6.070000000000000284e+01 -4.008103403000000045e-05
6.072500000000000142e+01 -4.005274391000000219e-05
6.075000000000000000e+01 -4.051227684999999802e-05
6.077499999999999858e+01 -4.054969196999999765e-05
6.079999999999999716e+01 -4.050323756000000030e-05
6.082500000000000284e+01 -4.092196755000000247e-05
6.085000000000000142e+01 -4.097590820999999668e-05
6.087500000000000000e+01 -4.131488476999999938e-05
6.089999999999999858e+01 -4.166120408999999955e-05
6.092499999999999716e+01 -4.164738812999999864e-05
6.095000000000000284e+01 -4.174519857999999922e-05
6.097500000000000142e+01 -4.240934259999999852e-05
6.100000000000000000e+01 -4.252432786000000112e-05
6.102499999999999858e+01 -4.280951455999999929e-05
6.104999999999999716e+01 -4.280696266999999976e-05
6.107500000000000284e+01 -4.311227466999999783e-05
6.110000000000000142e+01 -4.304782800000000136e-05
6.112500000000000000e+01 -4.305840315999999972e-05
6.114999999999999858e+01 -4.355581597999999804e-05
6.117499999999999716e+01 -4.414294122999999864e-05
6.120000000000000284e+01 -4.404426665000000022e-05
6.122500000000000142e+01 -4.468029956000000072e-05
6.125000000000000000e+01 -4.470443386999999697e-05
6.127499999999999858e+01 -4.487164481999999865e-05
6.129999999999999716e+01 -4.567583586000000158e-05
6.132500000000000284e+01 -4.530049295000000280e-05
6.135000000000000142e+01 -4.521046966999999714e-05
6.137500000000000000e+01 -4.548149842999999859e-05
6.139999999999999858e+01 -4.604838371000000239e-05
6.142499999999999716e+01 -4.627549734999999672e-05
6.145000000000000284e+01 -4.671038815000000047e-05
6.147500000000000142e+01 -4.670619734999999922e-05
6.150000000000000000e+01 -4.708309860000000073e-05
6.152499999999999858e+01 -4.691650900999999824e-05
6.154999999999999716e+01 -4.780788537000000275e-05
6.157500000000000284e+01 -4.764404871999999874e-05
6.160000000000000142e+01 -4.790561784999999937e-05
6.162500000000000000e+01 -4.811975422999999983e-05
6.164999999999999858e+01 -4.816857970000000208e-05
6.167499999999999716e+01 -4.878071560999999918e-05
6.170000000000000284e+01 -4.849617181000000167e-05
6.172500000000000142e+01 -4.903889561000000151e-05
6.175000000000000000e+01 -4.937171544000000040e-05
6.177499999999999858e+01 -5.005315688000000159e-05
6.179999999999999716e+01 -4.954954798999999864e-05
6.182500000000000284e+01 -5.019274776000000018e-05
6.185000000000000142e+01 -5.084803119999999971e-05
6.187500000000000000e+01 -5.031241837999999894e-05
6.189999999999999858e+01 -5.091833208999999933e-05
6.192499999999999716e+01 -5.104021973999999884e-05
6.195000000000000284e+01 -5.134118791999999751e-05
6.197500000000000142e+01 -5.203761986999999822e-05
6.200000000000000000e+01 -5.192336141999999763e-05
6.202499999999999858e+01 -5.244277974999999833e-05
6.204999999999999716e+01 -5.272791757000000045e-05
6.207500000000000284e+01 -5.283839777999999710e-05
6.210000000000000142e+01 -5.393159723000000164e-05
6.212500000000000000e+01 -5.340515988999999732e-05
6.214999999999999858e+01 -5.377278077999999971e-05
6.217499999999999716e+01 -5.384150924999999972e-05
6.220000000000000284e+01 -5.401925050999999736e-05
6.222500000000000142e+01 -5.403384180999999908e-05
6.225000000000000000e+01 -5.492294505000000119e-05
6.227499999999999858e+01 -5.479709712999999706e-05
6.229999999999999716e+01 -5.530570745999999926e-05
6.232500000000000284e+01 -5.549215753999999672e-05
6.235000000000000142e+01 -5.609779363999999995e-05
6.237500000000000000e+01 -5.630491552000000234e-05
6.239999999999999858e+01 -5.668732095999999999e-05
6.242499999999999716e+01 -5.708209210999999974e-05
6.245000000000000284e+01 -5.720876189999999793e-05
6.247500000000000142e+01 -5.711886987999999958e-05
6.250000000000000000e+01 -5.762527902999999734e-05
6.252499999999999858e+01 -5.837625272000000173e-05
6.254999999999999716e+01 -5.897903671999999830e-05
6.257500000000000284e+01 -5.837418853999999874e-05
6.260000000000000142e+01 -5.891822363999999965e-05
6.262500000000000000e+01 -5.971103916999999844e-05
6.264999999999999858e+01 -5.949316309000000214e-05
6.267499999999999716e+01 -5.986431746999999710e-05
6.270000000000000284e+01 -6.025711288000000043e-05
6.272500000000000142e+01 -6.046190461999999814e-05
6.275000000000000000e+01 -6.105194767999999410e-05
6.277499999999999858e+01 -6.085878131000000015e-05
6.279999999999999716e+01 -6.164361342999999860e-05
6.282500000000000284e+01 -6.197693790999999491e-05
6.285000000000000142e+01 -6.151803762000000004e-05
6.287500000000000000e+01 -6.243592827999999467e-05
6.289999999999999858e+01 -6.223186734000000012e-05
6.292499999999999716e+01 -6.254826958000000406e-05
6.295000000000000284e+01 -6.332966092000000594e-05
6.297500000000000142e+01 -6.347507376000000457e-05
6.300000000000000000e+01 -6.353585044999999468e-05
6.302499999999999858e+01 -6.459063405999999647e-05
6.304999999999999716e+01 -6.431623149000000571e-05
6.307500000000000284e+01 -6.559922696999999803e-05
6.310000000000000142e+01 -6.495444073999999933e-05
6.312500000000000000e+01 -6.537745972000000424e-05
6.314999999999999858e+01 -6.618542354000000528e-05
6.317499999999999716e+01 -6.607432521999999646e-05
6.320000000000000284e+01 -6.680577691000000535e-05
6.322500000000000142e+01 -6.696390998999999513e-05
6.325000000000000000e+01 -6.693387214999999707e-05
6.327499999999999858e+01 -6.777972348999999528e-05
6.329999999999999716e+01 -6.751746515999999332e-05
6.332500000000000284e+01 -6.863203815999999733e-05
6.335000000000000142e+01 -6.858659508000000324e-05
6.337500000000000000e+01 -6.903507391000000631e-05
6.339999999999999858e+01 -6.952519492000000414e-05
6.342499999999999716e+01 -6.998179181999999586e-05
6.345000000000000284e+01 -7.030356219000000509e-05
6.347500000000000142e+01 -7.052173694000000168e-05
6.350000000000000000e+01 -7.048104143999999610e-05
6.352499999999999858e+01 -7.129775014999999757e-05
6.354999999999999716e+01 -7.187651014000000032e-05
6.357500000000000284e+01 -7.189355036000000265e-05
6.360000000000000142e+01 -7.237323061000000177e-05
6.362500000000000000e+01 -7.249935522999999531e-05
6.364999999999999858e+01 -7.351395981999999480e-05
6.367499999999999716e+01 -7.336468128999999879e-05
6.370000000000000284e+01 -7.350589447000000257e-05
6.372500000000000142e+01 -7.433896814999999404e-05
6.375000000000000000e+01 -7.506204360000000124e-05
6.377499999999999858e+01 -7.433984992000000082e-05
6.379999999999999716e+01 -7.506094928000000080e-05
6.382500000000000284e+01 -7.517499921000000138e-05
6.385000000000000142e+01 -7.695293513999999974e-05
6.387500000000000000e+01 -7.643234043000000206e-05
6.389999999999999858e+01 -7.687054252999999770e-05
6.392499999999999716e+01 -7.705164706000000021e-05
6.395000000000000284e+01 -7.821923483000000016e-05
6.397500000000000142e+01 -7.778737692000000520e-05
6.400000000000000000e+01 -7.907172302999999620e-05
6.402500000000000568e+01 -7.930281932999999866e-05
6.404999999999999716e+01 -7.918290683999999898e-05
6.407500000000000284e+01 -7.932879982999999806e-05
6.409999999999999432e+01 -8.010835039000000011e-05
6.412500000000000000e+01 -8.077994397999999619e-05
6.415000000000000568e+01 -8.071143323999999380e-05
6.417499999999999716e+01 -8.129000920000000385e-05
6.420000000000000284e+01 -8.168293999000000318e-05
6.422499999999999432e+01 -8.212889149999999907e-05
6.425000000000000000e+01 -8.204260045999999819e-05
6.427500000000000568e+01 -8.290230116000000074e-05
6.429999999999999716e+01 -8.345766154999999936e-05
6.432500000000000284e+01 -8.342362502999999647e-05
6.434999999999999432e+01 -8.393279294000000577e-05
6.437500000000000000e+01 -8.453715203000000591e-05
6.440000000000000568e+01 -8.455976106000000203e-05
6.442499999999999716e+01 -8.519227617000000230e-05
6.445000000000000284e+01 -8.557273788999999727e-05
6.447499999999999432e+01 -8.619567955999999829e-05
6.450000000000000000e+01 -8.698483838000000518e-05
6.452500000000000568e+01 -8.746494588000000472e-05
6.454999999999999716e+01 -8.817484442000000130e-05
6.457500000000000284e+01 -8.791973011000000138e-05
6.459999999999999432e+01 -8.834596408000000437e-05
6.462500000000000000e+01 -8.865506224000000292e-05
6.465000000000000568e+01 -8.961280957999999820e-05
6.467499999999999716e+01 -8.981205708000000124e-05
6.470000000000000284e+01 -9.080645537999999567e-05
6.472499999999999432e+01 -9.053618360999999518e-05
6.475000000000000000e+01 -9.078823312000000080e-05
6.477500000000000568e+01 -9.193327452999999923e-05
6.479999999999999716e+01 -9.223657831000000164e-05
6.482500000000000284e+01 -9.256864941999999336e-05
6.484999999999999432e+01 -9.321780647999999521e-05
6.487500000000000000e+01 -9.419278027000000113e-05
6.490000000000000568e+01 -9.351404224999999328e-05
6.492499999999999716e+01 -9.435528354999999495e-05
6.495000000000000284e+01 -9.548112196999999359e-05
6.497499999999999432e+01 -9.592216574999999580e-05
6.500000000000000000e+01 -9.583318568999999961e-05
6.502500000000000568e+01 -9.666464243999999667e-05
6.504999999999999716e+01 -9.697012813000000626e-05
6.507500000000000284e+01 -9.727503033999999567e-05
6.509999999999999432e+01 -9.828853146999999926e-05
6.512500000000000000e+01 -9.858131531000000330e-05
6.515000000000000568e+01 -9.899831084999999981e-05
6.517499999999999716e+01 -9.954533143999999426e-05
6.520000000000000284e+01 -9.998117887000000572e-05
6.522499999999999432e+01 -1.007435160999999973e-04
6.525000000000000000e+01 -1.005979353000000052e-04
6.527500000000000568e+01 -1.025766691999999950e-04
6.529999999999999716e+01 -1.018224476999999992e-04
6.532500000000000284e+01 -1.027986791999999945e-04
6.534999999999999432e+01 -1.026173251999999957e-04
6.537500000000000000e+01 -1.040034295000000052e-04
6.540000000000000568e+01 -1.032150046999999991e-04
6.542499999999999716e+01 -1.054118217000000047e-04
6.545000000000000284e+01 -1.054193118000000052e-04
6.547499999999999432e+01 -1.060954145000000037e-04
6.550000000000000000e+01 -1.059708307000000019e-04
6.552500000000000568e+01 -1.066842773000000030e-04
6.554999999999999716e+01 -1.074671945000000016e-04
6.557500000000000284e+01 -1.078948512000000052e-04
6.559999999999999432e+01 -1.094725958999999969e-04
6.562500000000000000e+01 -1.085626126000000056e-04
6.565000000000000568e+01 -1.100458255999999939e-04
6.567499999999999716e+01 -1.099101618999999945e-04
6.570000000000000284e+01 -1.113701939000000051e-04
6.572499999999999432e+01 -1.115073350000000046e-04
6.575000000000000000e+01 -1.113416359000000050e-04
6.577500000000000568e+01 -1.124181219000000022e-04
6.579999999999999716e+01 -1.134042419000000042e-04
6.582500000000000284e+01 -1.136900855000000013e-04
6.584999999999999432e+01 -1.148436565999999955e-04
6.587500000000000000e+01 -1.156379641000000063e-04
6.590000000000000568e+01 -1.149156307999999962e-04
6.592499999999999716e+01 -1.155585694999999949e-04
6.595000000000000284e+01 -1.171850827000000026e-04
6.597499999999999432e+01 -1.170772799000000051e-04
6.600000000000000000e+01 -1.180211164999999957e-04
6.602500000000000568e+01 -1.181574980000000028e-04
6.604999999999999716e+01 -1.182588569000000045e-04
6.607500000000000284e+01 -1.195089268999999991e-04
6.609999999999999432e+01 -1.195881632000000034e-04
6.612500000000000000e+01 -1.212866140999999950e-04
6.615000000000000568e+01 -1.214214327999999963e-04
6.617499999999999716e+01 -1.230410822999999888e-04
6.620000000000000284e+01 -1.223802431999999917e-04
6.622499999999999432e+01 -1.235138936999999988e-04
6.625000000000000000e+01 -1.241536462000000058e-04
6.627500000000000568e+01 -1.249823036000000023e-04
6.629999999999999716e+01 -1.248472408000000087e-04
6.632500000000000284e+01 -1.261600299000000089e-04
6.634999999999999432e+01 -1.269993125000000065e-04
6.637500000000000000e+01 -1.267297190000000128e-04
6.640000000000000568e+01 -1.277168191000000071e-04
6.642499999999999716e+01 -1.284270360999999921e-04
6.645000000000000284e+01 -1.294363355000000134e-04
6.647499999999999432e+01 -1.297755381999999983e-04
6.650000000000000000e+01 -1.300622946999999878e-04
6.652500000000000568e+01 -1.314743807000000027e-04
6.654999999999999716e+01 -1.317703193000000080e-04
6.657500000000000284e+01 -1.322019119999999915e-04
6.659999999999999432e+01 -1.336607151999999899e-04
6.662500000000000000e+01 -1.345945312000000084e-04
6.665000000000000568e+01 -1.348669363999999995e-04
6.667499999999999716e+01 -1.346822841999999957e-04
6.670000000000000284e+01 -1.356899683000000042e-04
6.672499999999999432e+01 -1.367236987000000094e-04
6.675000000000000000e+01 -1.370739012999999998e-04
6.677500000000000568e+01 -1.377122948999999941e-04
6.679999999999999716e+01 -1.390895516000000063e-04
6.682500000000000284e+01 -1.392729555999999995e-04
6.684999999999999432e+01 -1.402317719999999980e-04
6.687500000000000000e+01 -1.404290925000000031e-04
6.690000000000000568e+01 -1.409829803000000020e-04
6.692499999999999716e+01 -1.417717731999999927e-04
6.695000000000000284e+01 -1.428831555999999874e-04
6.697499999999999432e+01 -1.440005810999999910e-04
6.700000000000000000e+01 -1.450988829999999943e-04
6.702500000000000568e+01 -1.451269470999999947e-04
6.704999999999999716e+01 -1.463228011000000022e-04
6.707500000000000284e+01 -1.466642667999999976e-04
6.709999999999999432e+01 -1.477588573000000098e-04
6.712500000000000000e+01 -1.472352451000000109e-04
6.715000000000000568e+01 -1.494047288000000125e-04
6.717499999999999716e+01 -1.493995613000000068e-04
6.720000000000000284e+01 -1.506381449999999933e-04
6.722499999999999432e+01 -1.506272136999999901e-04
6.725000000000000000e+01 -1.519638790000000063e-04
6.727500000000000568e+01 -1.536292376999999986e-04
6.729999999999999716e+01 -1.529722187000000027e-04
6.732500000000000284e+01 -1.534814639000000008e-04
6.734999999999999432e+01 -1.560202520999999878e-04
6.737500000000000000e+01 -1.560465202999999869e-04
6.740000000000000568e+01 -1.565726477000000023e-04
6.742499999999999716e+01 -1.571428934999999881e-04
6.745000000000000284e+01 -1.581091076999999873e-04
6.747499999999999432e+01 -1.594457318999999997e-04
6.750000000000000000e+01 -1.598989675999999943e-04
6.752500000000000568e+01 -1.604704922999999873e-04
6.754999999999999716e+01 -1.612495400000000113e-04
6.757500000000000284e+01 -1.633443788999999985e-04
6.759999999999999432e+01 -1.629926383000000008e-04
6.762500000000000000e+01 -1.631688100000000096e-04
6.765000000000000568e+01 -1.644306146000000122e-04
6.767499999999999716e+01 -1.663336693000000064e-04
6.770000000000000284e+01 -1.671996472000000095e-04
6.772499999999999432e+01 -1.672822272999999909e-04
6.775000000000000000e+01 -1.684694902000000063e-04
6.777500000000000568e+01 -1.685803518999999865e-04
6.779999999999999716e+01 -1.703388236999999936e-04
6.782500000000000284e+01 -1.709391120999999888e-04
6.784999999999999432e+01 -1.711344633000000132e-04
6.787500000000000000e+01 -1.731678324000000065e-04
6.790000000000000568e+01 -1.749433327000000048e-04
6.792499999999999716e+01 -1.741995866000000098e-04
6.795000000000000284e+01 -1.750261385999999947e-04
6.797499999999999432e+01 -1.769618667999999970e-04
6.800000000000000000e+01 -1.774327987000000090e-04
6.802500000000000568e+01 -1.775279091000000011e-04
6.804999999999999716e+01 -1.788803303999999975e-04
6.807500000000000284e+01 -1.817164903999999930e-04
6.809999999999999432e+01 -1.794836495000000094e-04
6.812500000000000000e+01 -1.805317983999999993e-04
6.815000000000000568e+01 -1.827029153999999960e-04
6.817499999999999716e+01 -1.834351135000000018e-04
6.820000000000000284e+01 -1.838040370999999968e-04
6.822499999999999432e+01 -1.855156236000000090e-04
6.825000000000000000e+01 -1.856680704000000098e-04
6.827500000000000568e+01 -1.872659314000000034e-04
6.829999999999999716e+01 -1.879178092999999911e-04
6.832500000000000284e+01 -1.884501456999999977e-04
6.834999999999999432e+01 -1.910799625000000077e-04
6.837500000000000000e+01 -1.920474853999999925e-04
6.840000000000000568e+01 -1.932314320999999936e-04
6.842499999999999716e+01 -1.944394132999999907e-04
6.845000000000000284e+01 -1.942123290999999948e-04
6.847499999999999432e+01 -1.961846065000000066e-04
6.850000000000000000e+01 -1.952227306000000088e-04
6.852500000000000568e+01 -1.964375361999999992e-04
6.854999999999999716e+01 -1.981000035000000036e-04
6.857500000000000284e+01 -1.992373829000000131e-04
6.859999999999999432e+01 -1.997992658000000003e-04
6.862500000000000000e+01 -1.998499117999999952e-04
6.865000000000000568e+01 -2.028808455999999967e-04
6.867499999999999716e+01 -2.028546583999999992e-04
6.870000000000000284e+01 -2.043578002999999984e-04
6.872499999999999432e+01 -2.044125690999999885e-04
6.875000000000000000e+01 -2.064015719000000045e-04
6.877500000000000568e+01 -2.077395871999999932e-04
6.879999999999999716e+01 -2.087255560999999972e-04
6.882500000000000284e+01 -2.095254210000000090e-04
6.884999999999999432e+01 -2.105294582000000127e-04
6.887500000000000000e+01 -2.118456092999999960e-04
6.890000000000000568e+01 -2.129031704000000093e-04
6.892499999999999716e+01 -2.138609188999999978e-04
6.895000000000000284e+01 -2.141574565999999999e-04
6.897499999999999432e+01 -2.155641160000000090e-04
6.900000000000000000e+01 -2.175909137000000008e-04
6.902500000000000568e+01 -2.178646002000000112e-04
6.904999999999999716e+01 -2.187347210999999938e-04
6.907500000000000284e+01 -2.211657651000000120e-04
6.909999999999999432e+01 -2.204150783999999893e-04
6.912500000000000000e+01 -2.229313268999999866e-04
6.915000000000000568e+01 -2.242430459000000018e-04
6.917499999999999716e+01 -2.242101252999999998e-04
6.920000000000000284e+01 -2.260883345000000129e-04
6.922499999999999432e+01 -2.279485742000000002e-04
6.925000000000000000e+01 -2.290621809999999917e-04
6.927500000000000568e+01 -2.305445312999999876e-04
6.929999999999999716e+01 -2.307383112999999910e-04
6.932500000000000284e+01 -2.312151382000000020e-04
6.934999999999999432e+01 -2.313453974999999990e-04
6.937500000000000000e+01 -2.342980527999999937e-04
6.940000000000000568e+01 -2.349189354000000003e-04
6.942499999999999716e+01 -2.365273933999999885e-04
6.945000000000000284e+01 -2.371978099000000102e-04
6.947499999999999432e+01 -2.401475941000000064e-04
6.950000000000000000e+01 -2.395007209000000082e-04
6.952500000000000568e+01 -2.425065568999999906e-04
6.954999999999999716e+01 -2.433525846000000111e-04
6.957500000000000284e+01 -2.440790436999999908e-04
6.959999999999999432e+01 -2.445643913000000095e-04
6.962500000000000000e+01 -2.467188358999999800e-04
6.965000000000000568e+01 -2.487871919000000020e-04
6.967499999999999716e+01 -2.485603271000000184e-04
6.970000000000000284e+01 -2.498288110999999975e-04
6.972499999999999432e+01 -2.519916506000000013e-04
6.975000000000000000e+01 -2.538521226000000253e-04
6.977500000000000568e+01 -2.548134340000000019e-04
6.979999999999999716e+01 -2.560975125999999879e-04
6.982500000000000284e+01 -2.572389859000000049e-04
6.984999999999999432e+01 -2.577652121999999993e-04
6.987500000000000000e+01 -2.602721739000000089e-04
6.990000000000000568e+01 -2.595288376000000189e-04
6.992499999999999716e+01 -2.607023968000000014e-04
6.995000000000000284e+01 -2.633318203000000217e-04
6.997499999999999432e+01 -2.634359134000000186e-04
7.000000000000000000e+01 -2.657912858999999942e-04
7.002500000000000568e+01 -2.670185069999999770e-04
7.004999999999999716e+01 -2.699560378000000161e-04
7.007500000000000284e+01 -2.705648019000000092e-04
7.009999999999999432e+01 -2.710963614000000085e-04
7.012500000000000000e+01 -2.730059575999999933e-04
7.015000000000000568e+01 -2.741748902999999768e-04
7.017499999999999716e+01 -2.763254848999999896e-04
7.020000000000000284e+01 -2.780911936000000223e-04
7.022499999999999432e+01 -2.797949195999999746e-04
7.025000000000000000e+01 -2.794245173999999735e-04
7.027500000000000568e+01 -2.816307153000000029e-04
7.029999999999999716e+01 -2.842832787999999885e-04
7.032500000000000284e+01 -2.840597699000000070e-04
7.034999999999999432e+01 -2.874443241999999972e-04
7.037500000000000000e+01 -2.872480436999999835e-04
7.040000000000000568e+01 -2.896151856999999849e-04
7.042499999999999716e+01 -2.898906063000000104e-04
7.045000000000000284e+01 -2.900471820999999924e-04
7.047499999999999432e+01 -2.942070559999999902e-04
7.050000000000000000e+01 -2.943584378000000182e-04
7.052500000000000568e+01 -2.954703769999999998e-04
7.054999999999999716e+01 -2.986430238000000229e-04
7.057500000000000284e+01 -2.988892204999999769e-04
7.059999999999999432e+01 -3.012324105999999828e-04
7.062500000000000000e+01 -3.004087664999999740e-04
7.065000000000000568e+01 -3.043263218999999820e-04
7.067499999999999716e+01 -3.051008375999999817e-04
7.070000000000000284e+01 -3.078146414999999888e-04
7.072499999999999432e+01 -3.089753952000000195e-04
7.075000000000000000e+01 -3.147481981999999804e-04
7.077500000000000568e+01 -3.124008378999999845e-04
7.079999999999999716e+01 -3.134361845000000206e-04
7.082500000000000284e+01 -3.154462375999999928e-04
7.084999999999999432e+01 -3.185529551000000062e-04
7.087500000000000000e+01 -3.181412132000000013e-04
7.090000000000000568e+01 -3.203677818999999915e-04
7.092499999999999716e+01 -3.224640498000000150e-04
7.095000000000000284e+01 -3.234051940999999866e-04
7.097499999999999432e+01 -3.256539562000000058e-04
7.100000000000000000e+01 -3.272932753999999904e-04
7.102500000000000568e+01 -3.276955443000000088e-04
7.104999999999999716e+01 -3.294375141000000081e-04
7.107500000000000284e+01 -3.309438571999999933e-04
7.109999999999999432e+01 -3.354812457999999781e-04
7.112500000000000000e+01 -3.346714886999999907e-04
7.115000000000000568e+01 -3.376498900000000003e-04
7.117499999999999716e+01 -3.393745301000000085e-04
7.120000000000000284e+01 -3.419249652000000178e-04
7.122499999999999432e+01 -3.389130355999999842e-04
7.125000000000000000e+01 -3.435746606000000228e-04
7.127500000000000568e+01 -3.460712844999999887e-04
7.129999999999999716e+01 -3.490190753000000138e-04
7.132500000000000284e+01 -3.474053292999999864e-04
7.134999999999999432e+01 -3.506307162999999956e-04
7.137500000000000000e+01 -3.514823130999999946e-04
7.140000000000000568e+01 -3.518943561999999994e-04
7.142499999999999716e+01 -3.571966878000000056e-04
7.145000000000000284e+01 -3.585973581999999846e-04
7.147499999999999432e+01 -3.606679927000000095e-04
7.150000000000000000e+01 -3.622852860000000006e-04
7.152500000000000568e+01 -3.632313529999999912e-04
7.154999999999999716e+01 -3.660489802999999779e-04
7.157500000000000284e+01 -3.652038875000000111e-04
7.159999999999999432e+01 -3.714382176000000069e-04
7.162500000000000000e+01 -3.695000176999999769e-04
7.165000000000000568e+01 -3.733741772999999787e-04
7.167499999999999716e+01 -3.744300892999999895e-04
7.170000000000000284e+01 -3.751781788000000252e-04
7.172499999999999432e+01 -3.802451869999999871e-04
7.175000000000000000e+01 -3.819902521999999994e-04
7.177500000000000568e+01 -3.824938538000000185e-04
7.179999999999999716e+01 -3.842470932000000136e-04
7.182500000000000284e+01 -3.852648960000000142e-04
7.184999999999999432e+01 -3.891887342999999838e-04
7.187500000000000000e+01 -3.905612783000000053e-04
7.190000000000000568e+01 -3.938466016999999882e-04
7.192499999999999716e+01 -3.924430244999999799e-04
7.195000000000000284e+01 -3.958536514999999915e-04
7.197499999999999432e+01 -3.982437779000000053e-04
7.200000000000000000e+01 -4.009055653000000185e-04
7.202500000000000568e+01 -4.037293300000000060e-04
7.204999999999999716e+01 -4.030593976000000070e-04
7.207500000000000284e+01 -4.046075058999999761e-04
7.209999999999999432e+01 -4.091318992000000194e-04
7.212500000000000000e+01 -4.116204689000000109e-04
7.215000000000000568e+01 -4.107515905000000238e-04
7.217499999999999716e+01 -4.156579330999999851e-04
7.220000000000000284e+01 -4.180662240999999824e-04
7.222499999999999432e+01 -4.167818850000000073e-04
7.225000000000000000e+01 -4.217875681999999822e-04
7.227500000000000568e+01 -4.283297660000000002e-04
7.229999999999999716e+01 -4.257167416000000250e-04
7.232500000000000284e+01 -4.285601793000000078e-04
7.234999999999999432e+01 -4.301974273999999957e-04
7.237500000000000000e+01 -4.306695234999999744e-04
7.240000000000000568e+01 -4.355443389000000255e-04
7.242499999999999716e+01 -4.358826378000000006e-04
7.245000000000000284e+01 -4.408147594999999854e-04
7.247499999999999432e+01 -4.405672764999999779e-04
7.250000000000000000e+01 -4.422681455999999942e-04
7.252500000000000568e+01 -4.470204029999999746e-04
7.254999999999999716e+01 -4.498717477000000213e-04
7.257500000000000284e+01 -4.519541016000000228e-04
7.259999999999999432e+01 -4.559423649999999844e-04
7.262500000000000000e+01 -4.567491531999999955e-04
7.265000000000000568e+01 -4.602945053999999889e-04
7.267499999999999716e+01 -4.634044610999999759e-04
7.270000000000000284e+01 -4.611202009000000082e-04
7.272499999999999432e+01 -4.656644468999999900e-04
7.275000000000000000e+01 -4.685405671000000263e-04
7.277500000000000568e+01 -4.698266638000000040e-04
7.279999999999999716e+01 -4.726586140000000268e-04
7.282500000000000284e+01 -4.745497045999999813e-04
7.284999999999999432e+01 -4.754873425000000100e-04
7.287500000000000000e+01 -4.796724416999999783e-04
7.290000000000000568e+01 -4.821085556000000074e-04
7.292499999999999716e+01 -4.848623324000000154e-04
7.295000000000000284e+01 -4.852783722999999766e-04
7.297499999999999432e+01 -4.893836594000000161e-04
7.300000000000000000e+01 -4.923660856000000108e-04
7.302500000000000568e+01 -4.953008902000000362e-04
7.304999999999999716e+01 -4.964325277000000095e-04
7.307500000000000284e+01 -5.000866764999999624e-04
7.309999999999999432e+01 -5.026358883000000459e-04
7.312500000000000000e+01 -5.034819178999999992e-04
7.315000000000000568e+01 -5.071685939000000407e-04
7.317499999999999716e+01 -5.092678753000000032e-04
7.320000000000000284e+01 -5.132375241999999685e-04
7.322499999999999432e+01 -5.148976629000000292e-04
7.325000000000000000e+01 -5.182813521999999522e-04
7.327500000000000568e+01 -5.212600752000000424e-04
7.329999999999999716e+01 -5.212505654000000512e-04
7.332500000000000284e+01 -5.264071299000000481e-04
7.334999999999999432e+01 -5.267327950999999703e-04
7.337500000000000000e+01 -5.303468429000000222e-04
7.340000000000000568e+01 -5.336216154999999994e-04
7.342499999999999716e+01 -5.333648773000000459e-04
7.345000000000000284e+01 -5.400452179999999528e-04
7.347499999999999432e+01 -5.425275105000000250e-04
7.350000000000000000e+01 -5.464778266000000018e-04
7.352500000000000568e+01 -5.466384073000000489e-04
7.354999999999999716e+01 -5.496693094000000036e-04
7.357500000000000284e+01 -5.563646520000000524e-04
7.359999999999999432e+01 -5.559519685999999607e-04
7.362500000000000000e+01 -5.611263819000000212e-04
7.365000000000000568e+01 -5.605814555000000147e-04
7.367499999999999716e+01 -5.644722134000000353e-04
7.370000000000000284e+01 -5.683203382999999723e-04
7.372499999999999432e+01 -5.724149619999999898e-04
7.375000000000000000e+01 -5.769165111000000134e-04
7.377500000000000568e+01 -5.818816422999999920e-04
7.379999999999999716e+01 -5.778991187999999932e-04
7.382500000000000284e+01 -5.823825941999999627e-04
7.384999999999999432e+01 -5.851787346999999485e-04
7.387500000000000000e+01 -5.937846573999999754e-04
7.390000000000000568e+01 -5.918053296999999839e-04
7.392499999999999716e+01 -5.978546512000000503e-04
7.395000000000000284e+01 -5.990110260999999704e-04
7.397499999999999432e+01 -6.051911347000000010e-04
7.400000000000000000e+01 -6.020812783999999638e-04
7.402500000000000568e+01 -6.072537736999999904e-04
7.404999999999999716e+01 -6.081982779999999802e-04
7.407500000000000284e+01 -6.130559128999999970e-04
7.409999999999999432e+01 -6.183541213999999659e-04
7.412500000000000000e+01 -6.176408755000000004e-04
7.415000000000000568e+01 -6.239079486000000249e-04
7.417499999999999716e+01 -6.250419863999999914e-04
7.420000000000000284e+01 -6.289990043000000123e-04
7.422499999999999432e+01 -6.346192847000000151e-04
7.425000000000000000e+01 -6.316005717999999920e-04
7.427500000000000568e+01 -6.382467685000000474e-04
7.429999999999999716e+01 -6.408803048000000484e-04
7.432500000000000284e+01 -6.439749951999999486e-04
7.434999999999999432e+01 -6.483526551000000056e-04
7.437500000000000000e+01 -6.529148561999999949e-04
7.440000000000000568e+01 -6.546176551999999651e-04
7.442499999999999716e+01 -6.596033997999999976e-04
7.445000000000000284e+01 -6.609009263999999703e-04
7.447499999999999432e+01 -6.676676585999999922e-04
7.450000000000000000e+01 -6.691671817000000152e-04
7.452500000000000568e+01 -6.725749682999999706e-04
7.454999999999999716e+01 -6.753326082999999485e-04
7.457500000000000284e+01 -6.792061325000000281e-04
7.459999999999999432e+01 -6.848827803999999863e-04
7.462500000000000000e+01 -6.867456220999999849e-04
7.465000000000000568e+01 -6.936320315999999764e-04
7.467499999999999716e+01 -6.911282362000000434e-04
7.470000000000000284e+01 -6.997492786000000017e-04
7.472499999999999432e+01 -7.030090210000000152e-04
7.475000000000000000e+01 -7.081177089999999555e-04
7.477500000000000568e+01 -7.103361920999999666e-04
7.479999999999999716e+01 -7.127359118000000174e-04
7.482500000000000284e+01 -7.156347336999999923e-04
7.484999999999999432e+01 -7.226342891000000091e-04
7.487500000000000000e+01 -7.220026933999999785e-04
7.490000000000000568e+01 -7.242724103000000102e-04
7.492499999999999716e+01 -7.259229963999999907e-04
7.495000000000000284e+01 -7.333420371000000468e-04
7.497499999999999432e+01 -7.418109603999999526e-04
7.500000000000000000e+01 -7.420797977000000026e-04
7.502500000000000568e+01 -7.446117453000000502e-04
7.504999999999999716e+01 -7.470868651999999646e-04
7.507500000000000284e+01 -7.543163343999999791e-04
7.509999999999999432e+01 -7.600583509999999862e-04
7.512500000000000000e+01 -7.614075733999999766e-04
7.515000000000000568e+01 -7.634360689000000040e-04
7.517499999999999716e+01 -7.694087868000000063e-04
7.520000000000000284e+01 -7.735975616999999889e-04
7.522499999999999432e+01 -7.765233410000000388e-04
7.525000000000000000e+01 -7.834925592999999761e-04
7.527500000000000568e+01 -7.840011189999999486e-04
7.529999999999999716e+01 -7.876129504000000531e-04
7.532500000000000284e+01 -7.962590466999999944e-04
7.534999999999999432e+01 -7.966379289999999704e-04
7.537500000000000000e+01 -8.019547526000000200e-04
7.540000000000000568e+01 -8.047720219999999515e-04
7.542499999999999716e+01 -8.098201258000000237e-04
7.545000000000000284e+01 -8.176589318999999542e-04
7.547499999999999432e+01 -8.169962934999999747e-04
7.550000000000000000e+01 -8.216435573000000327e-04
7.552500000000000568e+01 -8.260278514999999698e-04
7.554999999999999716e+01 -8.318835264000000364e-04
7.557500000000000284e+01 -8.355538534000000279e-04
7.559999999999999432e+01 -8.375290891999999767e-04
7.562500000000000000e+01 -8.441621884999999780e-04
7.565000000000000568e+01 -8.461016675999999490e-04
7.567499999999999716e+01 -8.512165091999999988e-04
7.570000000000000284e+01 -8.538061259999999613e-04
7.572499999999999432e+01 -8.600405007999999520e-04
7.575000000000000000e+01 -8.627437502000000116e-04
7.577500000000000568e+01 -8.710694876000000132e-04
7.579999999999999716e+01 -8.784564110999999688e-04
7.582500000000000284e+01 -8.840947239000000388e-04
7.584999999999999432e+01 -8.820470941999999665e-04
7.587500000000000000e+01 -8.874009711999999734e-04
7.590000000000000568e+01 -8.951347461000000449e-04
7.592499999999999716e+01 -9.002758117000000428e-04
7.595000000000000284e+01 -9.000618815999999935e-04
7.597499999999999432e+01 -9.061530722000000300e-04
7.600000000000000000e+01 -9.163860478000000059e-04
7.602500000000000568e+01 -9.180113080000000059e-04
7.604999999999999716e+01 -9.212805813999999909e-04
7.607500000000000284e+01 -9.264857361999999461e-04
7.609999999999999432e+01 -9.360439746999999746e-04
7.612500000000000000e+01 -9.344531061999999857e-04
7.615000000000000568e+01 -9.395863577000000038e-04
7.617499999999999716e+01 -9.434500721999999678e-04
7.620000000000000284e+01 -9.504393013999999813e-04
7.622499999999999432e+01 -9.560821936999999672e-04
7.625000000000000000e+01 -9.623318614000000212e-04
7.627500000000000568e+01 -9.662223132999999634e-04
7.629999999999999716e+01 -9.701554986000000434e-04
7.632500000000000284e+01 -9.778586641999999739e-04
7.634999999999999432e+01 -9.841943624000000675e-04
7.637500000000000000e+01 -9.902846936000000468e-04
7.640000000000000568e+01 -9.898599374999999916e-04
7.642499999999999716e+01 -9.930826795999999224e-04
7.645000000000000284e+01 -9.971593298000000927e-04
7.647499999999999432e+01 -1.005146163999999943e-03
7.650000000000000000e+01 -1.007787995999999929e-03
7.652500000000000568e+01 -1.012669082999999998e-03
7.654999999999999716e+01 -1.027771597000000023e-03
7.657500000000000284e+01 -1.030788798999999990e-03
7.659999999999999432e+01 -1.032407709999999925e-03
7.662500000000000000e+01 -1.042313250000000092e-03
7.665000000000000568e+01 -1.046694857999999964e-03
7.667499999999999716e+01 -1.047336301999999934e-03
7.670000000000000284e+01 -1.048634935000000061e-03
7.672499999999999432e+01 -1.058773696000000087e-03
7.675000000000000000e+01 -1.063303839999999931e-03
7.677500000000000568e+01 -1.069638038999999987e-03
7.679999999999999716e+01 -1.075120798999999999e-03
7.682500000000000284e+01 -1.081847044999999967e-03
7.684999999999999432e+01 -1.081588577999999939e-03
7.687500000000000000e+01 -1.095342800000000073e-03
7.690000000000000568e+01 -1.103614119999999895e-03
7.692499999999999716e+01 -1.102566144999999991e-03
7.695000000000000284e+01 -1.110661856000000032e-03
7.697499999999999432e+01 -1.114600601000000080e-03
7.700000000000000000e+01 -1.122825187999999938e-03
7.702500000000000568e+01 -1.130558644000000069e-03
7.704999999999999716e+01 -1.142384112999999960e-03
7.707500000000000284e+01 -1.137962172999999917e-03
7.709999999999999432e+01 -1.148143690999999965e-03
7.712500000000000000e+01 -1.156662304000000011e-03
7.715000000000000568e+01 -1.153712994000000028e-03
7.717499999999999716e+01 -1.166873958999999983e-03
7.720000000000000284e+01 -1.169434636000000072e-03
7.722499999999999432e+01 -1.179545720000000101e-03
7.725000000000000000e+01 -1.179259702000000007e-03
7.727500000000000568e+01 -1.189185821999999906e-03
7.729999999999999716e+01 -1.193479742999999961e-03
7.732500000000000284e+01 -1.199733487999999921e-03
7.734999999999999432e+01 -1.207334199000000084e-03
7.737500000000000000e+01 -1.208391019999999986e-03
7.740000000000000568e+01 -1.220770346000000063e-03
7.742499999999999716e+01 -1.222968860000000092e-03
7.745000000000000284e+01 -1.235051773999999974e-03
7.747499999999999432e+01 -1.236394776999999966e-03
7.750000000000000000e+01 -1.239387487999999999e-03
7.752500000000000568e+01 -1.243988614000000057e-03
7.754999999999999716e+01 -1.254820645000000049e-03
7.757500000000000284e+01 -1.260400177000000005e-03
7.759999999999999432e+01 -1.270853648999999965e-03
7.762500000000000000e+01 -1.276627558999999948e-03
7.765000000000000568e+01 -1.288148373000000055e-03
7.767499999999999716e+01 -1.288469106999999992e-03
7.770000000000000284e+01 -1.299428068999999982e-03
7.772499999999999432e+01 -1.303020836999999911e-03
7.775000000000000000e+01 -1.315757913999999898e-03
7.777500000000000568e+01 -1.313280003999999987e-03
7.779999999999999716e+01 -1.322719033000000063e-03
7.782500000000000284e+01 -1.330693677000000094e-03
7.784999999999999432e+01 -1.340699955999999967e-03
7.787500000000000000e+01 -1.345158831000000093e-03
7.790000000000000568e+01 -1.355537530000000025e-03
7.792499999999999716e+01 -1.351750342000000021e-03
7.795000000000000284e+01 -1.370735860999999908e-03
7.797499999999999432e+01 -1.371643580999999928e-03
7.800000000000000000e+01 -1.382061395999999902e-03
7.802500000000000568e+01 -1.389419133999999926e-03
7.804999999999999716e+01 -1.394841870999999952e-03
7.807500000000000284e+01 -1.394585598000000048e-03
7.809999999999999432e+01 -1.409780878999999975e-03
7.812500000000000000e+01 -1.414771987999999953e-03
7.815000000000000568e+01 -1.425039822000000091e-03
7.817499999999999716e+01 -1.430840071999999992e-03
7.820000000000000284e+01 -1.435892723999999954e-03
7.822499999999999432e+01 -1.451799038999999989e-03
7.825000000000000000e+01 -1.455606498000000092e-03
7.827500000000000568e+01 -1.465041963000000098e-03
7.829999999999999716e+01 -1.465101401000000036e-03
7.832500000000000284e+01 -1.484917533999999912e-03
7.834999999999999432e+01 -1.486562367999999914e-03
7.837500000000000000e+01 -1.486717482000000055e-03
7.840000000000000568e+01 -1.497439525000000002e-03
7.842499999999999716e+01 -1.511913777000000077e-03
7.845000000000000284e+01 -1.513833032000000108e-03
7.847499999999999432e+01 -1.523588661999999939e-03
7.850000000000000000e+01 -1.536727875000000075e-03
7.852500000000000568e+01 -1.535925515999999940e-03
7.854999999999999716e+01 -1.542204794000000007e-03
7.857500000000000284e+01 -1.553089192999999998e-03
7.859999999999999432e+01 -1.561500263999999983e-03
7.862500000000000000e+01 -1.570106998000000064e-03
7.865000000000000568e+01 -1.577222655000000071e-03
7.867499999999999716e+01 -1.587466960999999897e-03
7.870000000000000284e+01 -1.595063173000000039e-03
7.872499999999999432e+01 -1.602742526999999945e-03
7.875000000000000000e+01 -1.612551453999999966e-03
7.877500000000000568e+01 -1.623838960999999907e-03
7.879999999999999716e+01 -1.634218512999999900e-03
7.882500000000000284e+01 -1.630298935000000027e-03
7.884999999999999432e+01 -1.640244017000000052e-03
7.887500000000000000e+01 -1.663450211999999932e-03
7.890000000000000568e+01 -1.662814398000000016e-03
7.892499999999999716e+01 -1.666301511999999929e-03
7.895000000000000284e+01 -1.679285103999999997e-03
7.897499999999999432e+01 -1.698080345999999951e-03
7.900000000000000000e+01 -1.698740681999999893e-03
7.902500000000000568e+01 -1.707943205000000009e-03
7.904999999999999716e+01 -1.721652509000000083e-03
7.907500000000000284e+01 -1.732718211000000086e-03
7.909999999999999432e+01 -1.732947336000000048e-03
7.912500000000000000e+01 -1.750232453999999924e-03
7.915000000000000568e+01 -1.755247450000000081e-03
7.917499999999999716e+01 -1.763917783999999949e-03
7.920000000000000284e+01 -1.768210195999999962e-03
7.922499999999999432e+01 -1.784284324999999916e-03
7.925000000000000000e+01 -1.787338936000000024e-03
7.927500000000000568e+01 -1.803186059000000006e-03
7.929999999999999716e+01 -1.809693802000000070e-03
7.932500000000000284e+01 -1.823998956999999931e-03
7.934999999999999432e+01 -1.835829335999999935e-03
7.937500000000000000e+01 -1.837462141000000080e-03
7.940000000000000568e+01 -1.846793532000000045e-03
7.942499999999999716e+01 -1.855506448999999980e-03
7.945000000000000284e+01 -1.875042265999999963e-03
7.947499999999999432e+01 -1.879832980000000105e-03
7.950000000000000000e+01 -1.885940062999999977e-03
7.952500000000000568e+01 -1.895570643000000100e-03
7.954999999999999716e+01 -1.902536420000000084e-03
7.957500000000000284e+01 -1.914450651000000050e-03
7.959999999999999432e+01 -1.923036776000000081e-03
7.962500000000000000e+01 -1.942199226000000103e-03
7.965000000000000568e+01 -1.944491493999999992e-03
7.967499999999999716e+01 -1.950425755000000008e-03
7.970000000000000284e+01 -1.966099106999999804e-03
7.972499999999999432e+01 -1.979033302999999924e-03
7.975000000000000000e+01 -1.986942714999999967e-03
7.977500000000000568e+01 -1.995519432999999856e-03
7.979999999999999716e+01 -2.010987182999999807e-03
7.982500000000000284e+01 -2.017433233999999832e-03
7.984999999999999432e+01 -2.024722749000000110e-03
7.987500000000000000e+01 -2.039282105999999910e-03
7.990000000000000568e+01 -2.058149194000000095e-03
7.992499999999999716e+01 -2.055213530999999792e-03
7.995000000000000284e+01 -2.070538325999999804e-03
7.997499999999999432e+01 -2.080027738000000005e-03
8.000000000000000000e+01 -2.091974144000000209e-03
8.002500000000000568e+01 -2.103198540000000144e-03
8.004999999999999716e+01 -2.116003937000000140e-03
8.007500000000000284e+01 -2.139586269999999967e-03
8.009999999999999432e+01 -2.130623566999999795e-03
8.012500000000000000e+01 -2.148658346999999819e-03
8.015000000000000568e+01 -2.151156572999999867e-03
8.017499999999999716e+01 -2.175550771000000008e-03
8.020000000000000284e+01 -2.179806379000000065e-03
8.022499999999999432e+01 -2.195513475999999898e-03
8.025000000000000000e+01 -2.199485620999999842e-03
8.027500000000000568e+01 -2.213267488999999880e-03
8.029999999999999716e+01 -2.221922731999999984e-03
8.032500000000000284e+01 -2.248693019999999879e-03
8.034999999999999432e+01 -2.250543464000000129e-03
8.037500000000000000e+01 -2.255094348999999929e-03
8.040000000000000568e+01 -2.275792904999999859e-03
8.042499999999999716e+01 -2.284536543000000204e-03
8.045000000000000284e+01 -2.308094099000000156e-03
8.047499999999999432e+01 -2.310472994999999974e-03
8.050000000000000000e+01 -2.318873980999999924e-03
8.052500000000000568e+01 -2.338064545999999928e-03
8.054999999999999716e+01 -2.346535424999999890e-03
8.057500000000000284e+01 -2.365740880999999806e-03
8.059999999999999432e+01 -2.374646982000000201e-03
8.062500000000000000e+01 -2.378964487000000128e-03
8.065000000000000568e+01 -2.393609414000000182e-03
8.067499999999999716e+01 -2.413820650000000120e-03
8.070000000000000284e+01 -2.418286276000000158e-03
8.072499999999999432e+01 -2.436082009999999964e-03
8.075000000000000000e+01 -2.448049599000000093e-03
8.077500000000000568e+01 -2.465847412999999828e-03
8.079999999999999716e+01 -2.479385704999999968e-03
8.082500000000000284e+01 -2.497905798000000198e-03
8.084999999999999432e+01 -2.493050414000000208e-03
8.087500000000000000e+01 -2.509658372999999925e-03
8.090000000000000568e+01 -2.523258211000000036e-03
8.092499999999999716e+01 -2.535080290000000028e-03
8.095000000000000284e+01 -2.551247860000000010e-03
8.097499999999999432e+01 -2.571420291000000181e-03
8.100000000000000000e+01 -2.584007088999999788e-03
8.102500000000000568e+01 -2.599555783999999824e-03
8.104999999999999716e+01 -2.607594771999999922e-03
8.107500000000000284e+01 -2.614381504999999974e-03
8.109999999999999432e+01 -2.638564963999999978e-03
8.112500000000000000e+01 -2.651995356000000185e-03
8.115000000000000568e+01 -2.657536748999999882e-03
8.117499999999999716e+01 -2.673770624999999897e-03
8.120000000000000284e+01 -2.687576525000000185e-03
8.122499999999999432e+01 -2.713994641999999992e-03
8.125000000000000000e+01 -2.710401269000000096e-03
8.127500000000000568e+01 -2.733569673999999838e-03
8.129999999999999716e+01 -2.750363528000000085e-03
8.132500000000000284e+01 -2.760520287999999964e-03
8.134999999999999432e+01 -2.774938795000000090e-03
8.137500000000000000e+01 -2.787032950000000158e-03
8.140000000000000568e+01 -2.803141810000000112e-03
8.142499999999999716e+01 -2.826255160999999964e-03
8.145000000000000284e+01 -2.833528487999999873e-03
8.147499999999999432e+01 -2.841102827000000029e-03
8.150000000000000000e+01 -2.868258435999999825e-03
8.152500000000000568e+01 -2.881944469999999855e-03
8.154999999999999716e+01 -2.898888818999999836e-03
8.157500000000000284e+01 -2.909933092000000030e-03
8.159999999999999432e+01 -2.924110229000000116e-03
8.162500000000000000e+01 -2.945448272000000031e-03
8.165000000000000568e+01 -2.959961786999999993e-03
8.167499999999999716e+01 -2.973969822000000103e-03
8.170000000000000284e+01 -2.992210062000000108e-03
8.172499999999999432e+01 -3.009139796999999936e-03
8.175000000000000000e+01 -3.021158351999999811e-03
8.177500000000000568e+01 -3.045242781000000003e-03
8.179999999999999716e+01 -3.047767847999999918e-03
8.182500000000000284e+01 -3.064725135999999805e-03
8.184999999999999432e+01 -3.091411395999999791e-03
8.187500000000000000e+01 -3.096254726999999804e-03
8.190000000000000568e+01 -3.105064666000000202e-03
8.192499999999999716e+01 -3.130169018999999844e-03
8.195000000000000284e+01 -3.146275728000000153e-03
8.197499999999999432e+01 -3.148899599999999913e-03
8.200000000000000000e+01 -3.186426399000000156e-03
8.202500000000000568e+01 -3.198755335000000137e-03
8.204999999999999716e+01 -3.200781372000000014e-03
8.207500000000000284e+01 -3.227115655000000003e-03
8.209999999999999432e+01 -3.237510120999999817e-03
8.212500000000000000e+01 -3.271168721999999796e-03
8.215000000000000568e+01 -3.289859053999999797e-03
8.217499999999999716e+01 -3.309154119999999869e-03
8.220000000000000284e+01 -3.324830503000000131e-03
8.222499999999999432e+01 -3.338101633000000075e-03
8.225000000000000000e+01 -3.361330064999999787e-03
8.227500000000000568e+01 -3.385378092000000151e-03
8.229999999999999716e+01 -3.394374037000000201e-03
8.232500000000000284e+01 -3.413539405999999835e-03
8.234999999999999432e+01 -3.429052425000000178e-03
8.237500000000000000e+01 -3.448039711000000160e-03
8.240000000000000568e+01 -3.453720801999999798e-03
8.242499999999999716e+01 -3.485992097999999866e-03
8.245000000000000284e+01 -3.492112273000000117e-03
8.247499999999999432e+01 -3.510651140999999920e-03
8.250000000000000000e+01 -3.537338868000000115e-03
8.252500000000000568e+01 -3.552146867999999950e-03
8.254999999999999716e+01 -3.572039954000000034e-03
8.257500000000000284e+01 -3.591053923000000082e-03
8.259999999999999432e+01 -3.610382875000000061e-03
8.262500000000000000e+01 -3.631409407000000047e-03
8.265000000000000568e+01 -3.656958523000000162e-03
8.267499999999999716e+01 -3.683022941999999911e-03
8.270000000000000284e+01 -3.690161062000000148e-03
8.272499999999999432e+01 -3.696728466000000126e-03
8.275000000000000000e+01 -3.723778571999999953e-03
8.277500000000000568e+01 -3.742526040000000200e-03
8.279999999999999716e+01 -3.772629697999999813e-03
8.282500000000000284e+01 -3.784983691999999848e-03
8.284999999999999432e+01 -3.820413368000000198e-03
8.287500000000000000e+01 -3.822069090000000061e-03
8.290000000000000568e+01 -3.860708058999999786e-03
8.292499999999999716e+01 -3.859899101999999995e-03
8.295000000000000284e+01 -3.893714936000000106e-03
8.297499999999999432e+01 -3.913240368999999948e-03
8.300000000000000000e+01 -3.936594590999999664e-03
8.302500000000000568e+01 -3.948329109000000420e-03
8.304999999999999716e+01 -3.967921899000000432e-03
8.307500000000000284e+01 -3.982238955000000011e-03
8.309999999999999432e+01 -4.016376270999999672e-03
8.312500000000000000e+01 -4.032341398999999757e-03
8.315000000000000568e+01 -4.045216683999999785e-03
8.317499999999999716e+01 -4.075186411000000265e-03
8.320000000000000284e+01 -4.093768448999999740e-03
8.322499999999999432e+01 -4.100375195000000375e-03
8.325000000000000000e+01 -4.139622822999999667e-03
8.327500000000000568e+01 -4.169886105999999829e-03
8.329999999999999716e+01 -4.197413659000000068e-03
8.332500000000000284e+01 -4.205397345999999960e-03
8.334999999999999432e+01 -4.230500033000000187e-03
8.337500000000000000e+01 -4.267590683999999794e-03
8.340000000000000568e+01 -4.289185109999999607e-03
8.342499999999999716e+01 -4.315931949999999954e-03
8.345000000000000284e+01 -4.324526926000000181e-03
8.347499999999999432e+01 -4.347898707000000425e-03
8.350000000000000000e+01 -4.367325703999999816e-03
8.352500000000000568e+01 -4.390502650999999687e-03
8.354999999999999716e+01 -4.409489223000000353e-03
8.357500000000000284e+01 -4.448207757999999602e-03
8.359999999999999432e+01 -4.468801110999999666e-03
8.362500000000000000e+01 -4.478982256000000120e-03
8.365000000000000568e+01 -4.498947413000000187e-03
8.367499999999999716e+01 -4.543645768000000203e-03
8.370000000000000284e+01 -4.569404648999999576e-03
8.372499999999999432e+01 -4.593810357999999691e-03
8.375000000000000000e+01 -4.595273710000000178e-03
8.377500000000000568e+01 -4.629226462000000063e-03
8.379999999999999716e+01 -4.643167775999999629e-03
8.382500000000000284e+01 -4.680876948999999725e-03
8.384999999999999432e+01 -4.705869988999999629e-03
8.387500000000000000e+01 -4.738618079999999677e-03
8.390000000000000568e+01 -4.760817223999999626e-03
8.392499999999999716e+01 -4.784922982000000026e-03
8.395000000000000284e+01 -4.799919239000000060e-03
8.397499999999999432e+01 -4.823501925999999773e-03
8.400000000000000000e+01 -4.850292110000000399e-03
8.402500000000000568e+01 -4.853479485000000183e-03
8.404999999999999716e+01 -4.892354160999999590e-03
8.407500000000000284e+01 -4.931934292000000365e-03
8.409999999999999432e+01 -4.961081592000000234e-03
8.412500000000000000e+01 -4.990369948000000257e-03
8.415000000000000568e+01 -4.998872340000000067e-03
8.417499999999999716e+01 -5.051120129000000007e-03
8.420000000000000284e+01 -5.059361699999999872e-03
8.422499999999999432e+01 -5.079666172000000222e-03
8.425000000000000000e+01 -5.124844986999999887e-03
8.427500000000000568e+01 -5.140206008000000430e-03
8.429999999999999716e+01 -5.175846853999999629e-03
8.432500000000000284e+01 -5.211537149999999861e-03
8.434999999999999432e+01 -5.235856867999999671e-03
8.437500000000000000e+01 -5.251570074999999810e-03
8.440000000000000568e+01 -5.285277417000000186e-03
8.442499999999999716e+01 -5.314536368000000177e-03
8.445000000000000284e+01 -5.344375804999999986e-03
8.447499999999999432e+01 -5.381653820999999886e-03
8.450000000000000000e+01 -5.398494365000000052e-03
8.452500000000000568e+01 -5.434438810000000002e-03
8.454999999999999716e+01 -5.455245977000000059e-03
8.457500000000000284e+01 -5.470252232000000041e-03
8.459999999999999432e+01 -5.522733396999999871e-03
8.462500000000000000e+01 -5.538188571000000199e-03
8.465000000000000568e+01 -5.573384179000000389e-03
8.467499999999999716e+01 -5.606142580000000007e-03
8.470000000000000284e+01 -5.635501105999999802e-03
8.472499999999999432e+01 -5.654601010999999941e-03
8.475000000000000000e+01 -5.706728585000000152e-03
8.477500000000000568e+01 -5.717553745000000277e-03
8.479999999999999716e+01 -5.755298499000000012e-03
8.482500000000000284e+01 -5.773684402000000410e-03
8.484999999999999432e+01 -5.800531870999999819e-03
8.487500000000000000e+01 -5.822556466999999868e-03
8.490000000000000568e+01 -5.867396115999999953e-03
8.492499999999999716e+01 -5.909432618000000186e-03
8.495000000000000284e+01 -5.946975289000000324e-03
8.497499999999999432e+01 -5.984728285999999647e-03
8.500000000000000000e+01 -6.014502149000000401e-03
8.502500000000000568e+01 -6.046181303999999951e-03
8.504999999999999716e+01 -6.074518523999999746e-03
8.507500000000000284e+01 -6.096012914999999859e-03
8.509999999999999432e+01 -6.156720216000000079e-03
8.512500000000000000e+01 -6.174142092999999713e-03
8.515000000000000568e+01 -6.178078426000000074e-03
8.517499999999999716e+01 -6.238205351999999600e-03
8.520000000000000284e+01 -6.261118415999999617e-03
8.522499999999999432e+01 -6.307048061000000184e-03
8.525000000000000000e+01 -6.324748229999999777e-03
8.527500000000000568e+01 -6.357717667000000079e-03
8.529999999999999716e+01 -6.411513901000000064e-03
8.532500000000000284e+01 -6.462078756000000021e-03
8.534999999999999432e+01 -6.455383052000000094e-03
8.537500000000000000e+01 -6.532980828000000025e-03
8.540000000000000568e+01 -6.534732417999999758e-03
8.542499999999999716e+01 -6.577964763999999930e-03
8.545000000000000284e+01 -6.593133814000000370e-03
8.547499999999999432e+01 -6.643469895000000264e-03
8.550000000000000000e+01 -6.665354810000000303e-03
8.552500000000000568e+01 -6.726580032999999667e-03
8.554999999999999716e+01 -6.748617868999999721e-03
8.557500000000000284e+01 -6.781411406000000322e-03
8.559999999999999432e+01 -6.808220285999999968e-03
8.562500000000000000e+01 -6.853754463999999977e-03
8.565000000000000568e+01 -6.914876573999999797e-03
8.567499999999999716e+01 -6.914783300000000403e-03
8.570000000000000284e+01 -6.958180867999999575e-03
8.572499999999999432e+01 -7.010286896000000011e-03
8.575000000000000000e+01 -7.029240471999999816e-03
8.577500000000000568e+01 -7.085268080999999711e-03
8.579999999999999716e+01 -7.135978771999999803e-03
8.582500000000000284e+01 -7.163957032999999745e-03
8.584999999999999432e+01 -7.203915049000000209e-03
8.587500000000000000e+01 -7.264696024000000078e-03
8.590000000000000568e+01 -7.286711276000000168e-03
8.592499999999999716e+01 -7.292562447999999774e-03
8.595000000000000284e+01 -7.371936025000000274e-03
8.597499999999999432e+01 -7.400763444000000267e-03
8.600000000000000000e+01 -7.432235738999999793e-03
8.602500000000000568e+01 -7.482829538000000322e-03
8.604999999999999716e+01 -7.498868189000000226e-03
8.607500000000000284e+01 -7.543742156000000226e-03
8.609999999999999432e+01 -7.605510028000000110e-03
8.612500000000000000e+01 -7.613641233000000355e-03
8.615000000000000568e+01 -7.685110614999999916e-03
8.617499999999999716e+01 -7.748416283000000328e-03
8.620000000000000284e+01 -7.735386912999999733e-03
8.622499999999999432e+01 -7.790982584000000384e-03
8.625000000000000000e+01 -7.847271503000000439e-03
8.627500000000000568e+01 -7.885947370000000178e-03
8.629999999999999716e+01 -7.939583576999999920e-03
8.632500000000000284e+01 -7.977054225000000318e-03
8.634999999999999432e+01 -8.019468107999999651e-03
8.637500000000000000e+01 -8.083391162000000754e-03
8.640000000000000568e+01 -8.110230682999999829e-03
8.642499999999999716e+01 -8.148931651000000317e-03
8.645000000000000284e+01 -8.191212683000000105e-03
8.647499999999999432e+01 -8.226404216000000533e-03
8.650000000000000000e+01 -8.273613483000000213e-03
8.652500000000000568e+01 -8.329948214000000226e-03
8.654999999999999716e+01 -8.359502822999999305e-03
8.657500000000000284e+01 -8.434055474000000038e-03
8.659999999999999432e+01 -8.456469471000000598e-03
8.662500000000000000e+01 -8.528734346999999535e-03
8.665000000000000568e+01 -8.542322705000000849e-03
8.667499999999999716e+01 -8.572975737999999693e-03
8.670000000000000284e+01 -8.661705065000000620e-03
8.672499999999999432e+01 -8.688989907999999235e-03
8.675000000000000000e+01 -8.733052229999999777e-03
8.677500000000000568e+01 -8.790005793999999470e-03
8.679999999999999716e+01 -8.842888110999999260e-03
8.682500000000000284e+01 -8.860079154000000123e-03
8.684999999999999432e+01 -8.906783426000000614e-03
8.687500000000000000e+01 -8.963016488999999212e-03
8.690000000000000568e+01 -9.039725101000000221e-03
8.692499999999999716e+01 -9.083794434000000070e-03
8.695000000000000284e+01 -9.131724145000000639e-03
8.697499999999999432e+01 -9.165083213999999229e-03
8.700000000000000000e+01 -9.206201186000000786e-03
8.702500000000000568e+01 -9.257969043000000703e-03
8.704999999999999716e+01 -9.312566879000000811e-03
8.707500000000000284e+01 -9.377349874999999640e-03
8.709999999999999432e+01 -9.425629378000000697e-03
8.712500000000000000e+01 -9.490339772000000798e-03
8.715000000000000568e+01 -9.514367295999999821e-03
8.717499999999999716e+01 -9.563429070999999310e-03
8.720000000000000284e+01 -9.611701647999999418e-03
8.722499999999999432e+01 -9.693346049999999187e-03
8.725000000000000000e+01 -9.716852458000000553e-03
8.727500000000000568e+01 -9.770479896000000206e-03
8.729999999999999716e+01 -9.817714729999999640e-03
8.732500000000000284e+01 -9.883767697999999713e-03
8.734999999999999432e+01 -9.934293154999999237e-03
8.737500000000000000e+01 -9.987329612000000675e-03
8.740000000000000568e+01 -1.005162717999999976e-02
8.742499999999999716e+01 -1.010239867000000021e-02
8.745000000000000284e+01 -1.014458338999999973e-02
8.747499999999999432e+01 -1.022473596999999915e-02
8.750000000000000000e+01 -1.026982979000000060e-02
8.752500000000000568e+01 -1.031747979000000037e-02
8.754999999999999716e+01 -1.036680188999999919e-02
8.757500000000000284e+01 -1.047040980999999933e-02
8.759999999999999432e+01 -1.052955990000000071e-02
8.762500000000000000e+01 -1.052093993000000061e-02
8.765000000000000568e+01 -1.060183712999999972e-02
8.767499999999999716e+01 -1.062925911999999980e-02
8.770000000000000284e+01 -1.072898830999999970e-02
8.772499999999999432e+01 -1.076213091000000066e-02
8.775000000000000000e+01 -1.081024665999999988e-02
8.777500000000000568e+01 -1.091996920000000079e-02
8.779999999999999716e+01 -1.093116820999999982e-02
8.782500000000000284e+01 -1.103565672000000018e-02
8.784999999999999432e+01 -1.107360339000000062e-02
8.787500000000000000e+01 -1.113382945999999950e-02
8.790000000000000568e+01 -1.120272092999999997e-02
8.792499999999999716e+01 -1.126364468000000049e-02
8.795000000000000284e+01 -1.132296332000000058e-02
8.797499999999999432e+01 -1.135034660000000008e-02
8.800000000000000000e+01 -1.140217477999999965e-02
8.802500000000000568e+01 -1.148225203000000083e-02
8.804999999999999716e+01 -1.159273849999999974e-02
8.807500000000000284e+01 -1.161336653000000045e-02
8.809999999999999432e+01 -1.172557224000000085e-02
8.812500000000000000e+01 -1.173273705999999979e-02
8.815000000000000568e+01 -1.180951520000000053e-02
8.817499999999999716e+01 -1.192013280000000022e-02
8.820000000000000284e+01 -1.193665193000000013e-02
8.822499999999999432e+01 -1.198050003999999967e-02
8.825000000000000000e+01 -1.202936337999999973e-02
8.827500000000000568e+01 -1.214092794999999982e-02
8.829999999999999716e+01 -1.220622843000000041e-02
8.832500000000000284e+01 -1.226705737999999983e-02
8.834999999999999432e+01 -1.234162343999999946e-02
8.837500000000000000e+01 -1.241266442999999949e-02
8.840000000000000568e+01 -1.243612625999999943e-02
8.842499999999999716e+01 -1.258421562999999938e-02
8.845000000000000284e+01 -1.265841753000000042e-02
8.847499999999999432e+01 -1.268394182999999995e-02
8.850000000000000000e+01 -1.275185812999999994e-02
8.852500000000000568e+01 -1.283532310000000051e-02
8.854999999999999716e+01 -1.292820390000000083e-02
8.857500000000000284e+01 -1.297377192000000005e-02
8.859999999999999432e+01 -1.302697711000000078e-02
8.862500000000000000e+01 -1.310884317999999951e-02
8.865000000000000568e+01 -1.319806584999999935e-02
8.867499999999999716e+01 -1.327374027000000067e-02
8.870000000000000284e+01 -1.330158757999999955e-02
8.872499999999999432e+01 -1.339210002999999954e-02
8.875000000000000000e+01 -1.348275057999999936e-02
8.877500000000000568e+01 -1.353939164999999958e-02
8.879999999999999716e+01 -1.360740962999999921e-02
8.882500000000000284e+01 -1.370234730000000067e-02
8.884999999999999432e+01 -1.377749389999999990e-02
8.887500000000000000e+01 -1.387739395000000056e-02
8.890000000000000568e+01 -1.388627721999999981e-02
8.892499999999999716e+01 -1.400142417999999944e-02
8.895000000000000284e+01 -1.408080159999999977e-02
8.897499999999999432e+01 -1.415151476999999998e-02
8.900000000000000000e+01 -1.422037022000000039e-02
8.902500000000000568e+01 -1.429934746000000034e-02
8.904999999999999716e+01 -1.437681937000000014e-02
8.907500000000000284e+01 -1.445838466999999940e-02
8.909999999999999432e+01 -1.457289179999999955e-02
8.912500000000000000e+01 -1.461125880000000050e-02
8.915000000000000568e+01 -1.467776536999999999e-02
8.917499999999999716e+01 -1.479819427999999951e-02
8.920000000000000284e+01 -1.487979874999999924e-02
8.922499999999999432e+01 -1.495277950000000085e-02
8.925000000000000000e+01 -1.498738234999999995e-02
8.927500000000000568e+01 -1.511960549000000015e-02
8.929999999999999716e+01 -1.518954596999999920e-02
8.932500000000000284e+01 -1.526823549999999953e-02
8.934999999999999432e+01 -1.536458821000000023e-02
8.937500000000000000e+01 -1.542526714999999972e-02
8.940000000000000568e+01 -1.556952661000000036e-02
8.942499999999999716e+01 -1.563343068999999835e-02
8.945000000000000284e+01 -1.569119453000000081e-02
8.947499999999999432e+01 -1.572632712000000127e-02
8.950000000000000000e+01 -1.587272114000000053e-02
8.952500000000000568e+01 -1.594025166000000160e-02
8.954999999999999716e+01 -1.605246327000000098e-02
8.957500000000000284e+01 -1.613529815999999867e-02
8.959999999999999432e+01 -1.620275775999999862e-02
8.962500000000000000e+01 -1.632801790999999919e-02
8.965000000000000568e+01 -1.645517881999999932e-02
8.967499999999999716e+01 -1.651732983000000002e-02
8.970000000000000284e+01 -1.661109293999999889e-02
8.972499999999999432e+01 -1.665636151999999939e-02
8.975000000000000000e+01 -1.679134632000000085e-02
8.977500000000000568e+01 -1.683062344999999849e-02
8.979999999999999716e+01 -1.693721440999999828e-02
8.982500000000000284e+01 -1.701001871999999887e-02
8.984999999999999432e+01 -1.716971280000000044e-02
8.987500000000000000e+01 -1.726390750000000168e-02
8.990000000000000568e+01 -1.733922531000000114e-02
8.992499999999999716e+01 -1.739871890999999948e-02
8.995000000000000284e+01 -1.754110994000000062e-02
8.997499999999999432e+01 -1.759993241999999875e-02
9.000000000000000000e+01 -1.772768788999999970e-02
9.002500000000000568e+01 -1.777019064999999995e-02
9.004999999999999716e+01 -1.791730212999999988e-02
9.007500000000000284e+01 -1.800058527999999838e-02
9.009999999999999432e+01 -1.811259189999999894e-02
9.012500000000000000e+01 -1.820871005000000015e-02
9.015000000000000568e+01 -1.828860468000000072e-02
9.017499999999999716e+01 -1.843082950999999983e-02
9.020000000000000284e+01 -1.853150757999999856e-02
9.022499999999999432e+01 -1.857536066999999902e-02
9.025000000000000000e+01 -1.872778438999999837e-02
9.027500000000000568e+01 -1.884586876999999952e-02
9.029999999999999716e+01 -1.893811383999999959e-02
9.032500000000000284e+01 -1.905898037999999989e-02
9.034999999999999432e+01 -1.911876669000000042e-02
9.037500000000000000e+01 -1.927762998999999963e-02
9.040000000000000568e+01 -1.935041834999999891e-02
9.042499999999999716e+01 -1.947128756999999891e-02
9.045000000000000284e+01 -1.961601588000000049e-02
9.047499999999999432e+01 -1.967964640000000043e-02
9.050000000000000000e+01 -1.973901130999999864e-02
9.052500000000000568e+01 -1.988215772999999895e-02
9.054999999999999716e+01 -1.999139516000000144e-02
9.057500000000000284e+01 -2.013556769000000163e-02
9.059999999999999432e+01 -2.021214790000000136e-02
9.062500000000000000e+01 -2.035499253999999841e-02
9.065000000000000568e+01 -2.045505414000000147e-02
9.067499999999999716e+01 -2.057824197999999841e-02
9.070000000000000284e+01 -2.068635409999999841e-02
9.072499999999999432e+01 -2.082744842999999929e-02
9.075000000000000000e+01 -2.091123681000000081e-02
9.077500000000000568e+01 -2.101234952999999836e-02
9.079999999999999716e+01 -2.115932646999999986e-02
9.082500000000000284e+01 -2.129173561000000103e-02
9.084999999999999432e+01 -2.138662514000000056e-02
9.087500000000000000e+01 -2.153138687999999953e-02
9.090000000000000568e+01 -2.166409479000000124e-02
9.092499999999999716e+01 -2.173252523000000075e-02
9.095000000000000284e+01 -2.184234314000000135e-02
9.097499999999999432e+01 -2.201353346999999905e-02
9.100000000000000000e+01 -2.209257372000000136e-02
9.102500000000000568e+01 -2.224957554000000018e-02
9.104999999999999716e+01 -2.235277856000000146e-02
9.107500000000000284e+01 -2.246558721999999952e-02
9.109999999999999432e+01 -2.262061410999999939e-02
9.112500000000000000e+01 -2.268416083000000111e-02
9.115000000000000568e+01 -2.281317848000000148e-02
9.117499999999999716e+01 -2.300930513000000108e-02
9.120000000000000284e+01 -2.312112208000000058e-02
9.122499999999999432e+01 -2.326922839000000048e-02
9.125000000000000000e+01 -2.341431513999999922e-02
9.127500000000000568e+01 -2.353555204000000109e-02
9.129999999999999716e+01 -2.366782794000000037e-02
9.132500000000000284e+01 -2.379356707000000043e-02
9.134999999999999432e+01 -2.389892232999999908e-02
9.137500000000000000e+01 -2.403563318999999907e-02
9.140000000000000568e+01 -2.421303048999999888e-02
9.142499999999999716e+01 -2.430210677999999902e-02
9.145000000000000284e+01 -2.449222171999999864e-02
9.147499999999999432e+01 -2.455849744000000029e-02
9.150000000000000000e+01 -2.473817719999999928e-02
9.152500000000000568e+01 -2.482900483999999838e-02
9.154999999999999716e+01 -2.503252158000000144e-02
9.157500000000000284e+01 -2.513549551000000132e-02
9.159999999999999432e+01 -2.531727963999999900e-02
9.162500000000000000e+01 -2.541005005000000067e-02
9.165000000000000568e+01 -2.556999725000000043e-02
9.167499999999999716e+01 -2.575177439999999998e-02
9.170000000000000284e+01 -2.584606936999999868e-02
9.172499999999999432e+01 -2.604238395000000109e-02
9.175000000000000000e+01 -2.610300754000000056e-02
9.177500000000000568e+01 -2.629372055000000000e-02
9.179999999999999716e+01 -2.656043452999999957e-02
9.182500000000000284e+01 -2.664394695000000049e-02
9.184999999999999432e+01 -2.668649811000000163e-02
9.187500000000000000e+01 -2.690469393999999834e-02
9.190000000000000568e+01 -2.704722451999999958e-02
9.192499999999999716e+01 -2.721774723999999951e-02
9.195000000000000284e+01 -2.736860722000000051e-02
9.197499999999999432e+01 -2.752875798999999957e-02
9.200000000000000000e+01 -2.759262075000000133e-02
9.202500000000000568e+01 -2.777021496999999839e-02
9.204999999999999716e+01 -2.796060431000000138e-02
9.207500000000000284e+01 -2.814575311000000121e-02
9.209999999999999432e+01 -2.827322651999999992e-02
9.212500000000000000e+01 -2.841173895999999852e-02
9.215000000000000568e+01 -2.864918720999999960e-02
9.217499999999999716e+01 -2.869483118999999888e-02
9.220000000000000284e+01 -2.889922375999999862e-02
9.222499999999999432e+01 -2.909987329999999886e-02
9.225000000000000000e+01 -2.922584026000000015e-02
9.227500000000000568e+01 -2.943570470999999980e-02
9.229999999999999716e+01 -2.958211359000000040e-02
9.232500000000000284e+01 -2.978061338000000113e-02
9.234999999999999432e+01 -2.998794768000000166e-02
9.237500000000000000e+01 -3.007068035000000014e-02
9.240000000000000568e+01 -3.027920045999999907e-02
9.242499999999999716e+01 -3.044520733000000146e-02
9.245000000000000284e+01 -3.053061899000000107e-02
9.247499999999999432e+01 -3.083755310999999888e-02
9.250000000000000000e+01 -3.100396723999999937e-02
9.252500000000000568e+01 -3.110566235000000040e-02
9.254999999999999716e+01 -3.135487322999999660e-02
9.257500000000000284e+01 -3.148846469000000231e-02
9.259999999999999432e+01 -3.171049847000000088e-02
9.262500000000000000e+01 -3.181619284000000020e-02
9.265000000000000568e+01 -3.201076750000000221e-02
9.267499999999999716e+01 -3.226315492000000201e-02
9.270000000000000284e+01 -3.235758139000000089e-02
9.272499999999999432e+01 -3.254438166000000326e-02
9.275000000000000000e+01 -3.275000423999999827e-02
9.277500000000000568e+01 -3.290519279999999658e-02
9.279999999999999716e+01 -3.324829843000000340e-02
9.282500000000000284e+01 -3.326475880000000218e-02
9.284999999999999432e+01 -3.350929495999999813e-02
9.287500000000000000e+01 -3.368504879999999896e-02
9.290000000000000568e+01 -3.394877386000000330e-02
9.292499999999999716e+01 -3.414398158000000322e-02
9.295000000000000284e+01 -3.437399669999999935e-02
9.297499999999999432e+01 -3.442343508000000191e-02
9.300000000000000000e+01 -3.467606255999999831e-02
9.302500000000000568e+01 -3.491858845000000294e-02
9.304999999999999716e+01 -3.512287345000000144e-02
9.307500000000000284e+01 -3.528573983000000275e-02
9.309999999999999432e+01 -3.553587025999999788e-02
9.312500000000000000e+01 -3.569857941000000034e-02
9.315000000000000568e+01 -3.589789233000000024e-02
9.317499999999999716e+01 -3.607613428999999899e-02
9.320000000000000284e+01 -3.632576906999999966e-02
9.322499999999999432e+01 -3.653460319000000067e-02
9.325000000000000000e+01 -3.670196490000000172e-02
9.327500000000000568e+01 -3.697151580000000021e-02
9.329999999999999716e+01 -3.722781688000000033e-02
9.332500000000000284e+01 -3.736277285000000337e-02
9.334999999999999432e+01 -3.763428645999999933e-02
9.337500000000000000e+01 -3.778293860999999698e-02
9.340000000000000568e+01 -3.807849899000000093e-02
9.342499999999999716e+01 -3.824725251999999687e-02
9.345000000000000284e+01 -3.833889766000000282e-02
9.347499999999999432e+01 -3.876056739000000029e-02
9.350000000000000000e+01 -3.886274792999999672e-02
9.352500000000000568e+01 -3.914570062000000128e-02
9.354999999999999716e+01 -3.930500745999999934e-02
9.357500000000000284e+01 -3.958205538000000162e-02
9.359999999999999432e+01 -3.978904761999999679e-02
9.362500000000000000e+01 -3.996260876999999795e-02
9.365000000000000568e+01 -4.026956571999999734e-02
9.367499999999999716e+01 -4.050712572000000206e-02
9.370000000000000284e+01 -4.070705161999999683e-02
9.372499999999999432e+01 -4.095824062000000265e-02
9.375000000000000000e+01 -4.121460625000000072e-02
9.377500000000000568e+01 -4.144910992999999849e-02
9.379999999999999716e+01 -4.166161496000000269e-02
9.382500000000000284e+01 -4.192741257000000277e-02
9.384999999999999432e+01 -4.215393262000000085e-02
9.387500000000000000e+01 -4.239467582999999901e-02
9.390000000000000568e+01 -4.268672440000000068e-02
9.392499999999999716e+01 -4.296759359999999944e-02
9.395000000000000284e+01 -4.315861942000000229e-02
9.397499999999999432e+01 -4.342269297000000278e-02
9.400000000000000000e+01 -4.366080769999999833e-02
9.402500000000000568e+01 -4.398010009000000164e-02
9.404999999999999716e+01 -4.423709657000000212e-02
9.407500000000000284e+01 -4.443452308000000323e-02
9.409999999999999432e+01 -4.474933021000000039e-02
9.412500000000000000e+01 -4.494448579000000221e-02
9.415000000000000568e+01 -4.521732331000000160e-02
9.417499999999999716e+01 -4.555747092000000248e-02
9.420000000000000284e+01 -4.568800194000000037e-02
9.422499999999999432e+01 -4.599424741000000122e-02
9.425000000000000000e+01 -4.628852504000000034e-02
9.427500000000000568e+01 -4.660243450999999870e-02
9.429999999999999716e+01 -4.687145493000000052e-02
9.432500000000000284e+01 -4.712094668999999847e-02
9.434999999999999432e+01 -4.743172676000000088e-02
9.437500000000000000e+01 -4.762012691999999853e-02
9.440000000000000568e+01 -4.787640978999999769e-02
9.442499999999999716e+01 -4.825219898000000091e-02
9.445000000000000284e+01 -4.851982256000000188e-02
9.447499999999999432e+01 -4.881494320000000220e-02
9.450000000000000000e+01 -4.920326021000000216e-02
9.452500000000000568e+01 -4.940670778000000318e-02
9.454999999999999716e+01 -4.974111918000000132e-02
9.457500000000000284e+01 -4.988769794000000313e-02
9.459999999999999432e+01 -5.037579688999999777e-02
9.462500000000000000e+01 -5.049103079000000216e-02
9.465000000000000568e+01 -5.092951194999999903e-02
9.467499999999999716e+01 -5.112209948000000226e-02
9.470000000000000284e+01 -5.153231285999999856e-02
9.472499999999999432e+01 -5.173787432000000186e-02
9.475000000000000000e+01 -5.209646740999999970e-02
9.477500000000000568e+01 -5.238612036999999721e-02
9.479999999999999716e+01 -5.266842900999999660e-02
9.482500000000000284e+01 -5.305630253000000185e-02
9.484999999999999432e+01 -5.339155327999999673e-02
9.487500000000000000e+01 -5.376383641000000158e-02
9.490000000000000568e+01 -5.393078821999999772e-02
9.492499999999999716e+01 -5.422847785999999892e-02
9.495000000000000284e+01 -5.472918269000000280e-02
9.497499999999999432e+01 -5.503445012000000164e-02
9.500000000000000000e+01 -5.528500733999999750e-02
9.502500000000000568e+01 -5.564034220999999891e-02
9.504999999999999716e+01 -5.594989734999999964e-02
9.507500000000000284e+01 -5.612764483999999748e-02
9.509999999999999432e+01 -5.650273322999999764e-02
9.512500000000000000e+01 -5.687040131999999970e-02
9.515000000000000568e+01 -5.718497867999999817e-02
9.517499999999999716e+01 -5.763434902000000304e-02
9.520000000000000284e+01 -5.792122054999999936e-02
9.522499999999999432e+01 -5.836455154999999756e-02
9.525000000000000000e+01 -5.869769485000000259e-02
9.527500000000000568e+01 -5.905562760000000050e-02
9.529999999999999716e+01 -5.934281851999999996e-02
9.532500000000000284e+01 -5.979312261999999989e-02
9.534999999999999432e+01 -6.005525938999999730e-02
9.537500000000000000e+01 -6.057707888000000290e-02
9.540000000000000568e+01 -6.092264742999999733e-02
9.542499999999999716e+01 -6.124913447000000094e-02
9.545000000000000284e+01 -6.163007356999999908e-02
9.547499999999999432e+01 -6.201739528999999918e-02
9.550000000000000000e+01 -6.229900881000000057e-02
9.552500000000000568e+01 -6.267087584000000100e-02
9.554999999999999716e+01 -6.294401519999999473e-02
9.557500000000000284e+01 -6.344495671000000003e-02
9.559999999999999432e+01 -6.391467819000000439e-02
9.562500000000000000e+01 -6.422627829999999483e-02
9.565000000000000568e+01 -6.454545206999999507e-02
9.567499999999999716e+01 -6.499071214000000374e-02
9.570000000000000284e+01 -6.540781927000000051e-02
9.572499999999999432e+01 -6.584033534000000021e-02
9.575000000000000000e+01 -6.626063420000000148e-02
9.577500000000000568e+01 -6.673633666000000630e-02
9.579999999999999716e+01 -6.699230491999999537e-02
9.582500000000000284e+01 -6.745116298000000676e-02
9.584999999999999432e+01 -6.779088315999999559e-02
9.587500000000000000e+01 -6.833863059000000462e-02
9.590000000000000568e+01 -6.876125488999999813e-02
9.592499999999999716e+01 -6.910146678999999625e-02
9.595000000000000284e+01 -6.956507733000000249e-02
9.597499999999999432e+01 -7.003498990999999785e-02
9.600000000000000000e+01 -7.062854272999999350e-02
9.602500000000000568e+01 -7.087956614000000266e-02
9.604999999999999716e+01 -7.133769018999999711e-02
9.607500000000000284e+01 -7.186281009999999358e-02
9.609999999999999432e+01 -7.208446277999999707e-02
9.612500000000000000e+01 -7.259546103000000250e-02
9.615000000000000568e+01 -7.323429391999999871e-02
9.617499999999999716e+01 -7.347637009000000663e-02
9.620000000000000284e+01 -7.403361146999999642e-02
9.622499999999999432e+01 -7.441144396000000383e-02
9.625000000000000000e+01 -7.499200929999999543e-02
9.627500000000000568e+01 -7.548166761999999808e-02
9.629999999999999716e+01 -7.594824912000000539e-02
9.632500000000000284e+01 -7.632588668999999715e-02
9.634999999999999432e+01 -7.689391986999999373e-02
9.637500000000000000e+01 -7.730933779000000172e-02
9.640000000000000568e+01 -7.796402967000000406e-02
9.642499999999999716e+01 -7.827641679999999824e-02
9.645000000000000284e+01 -7.882286913000000061e-02
9.647499999999999432e+01 -7.926421731999999665e-02
9.650000000000000000e+01 -7.980291926999999452e-02
9.652500000000000568e+01 -8.033919357999999566e-02
9.654999999999999716e+01 -8.093602728000000301e-02
9.657500000000000284e+01 -8.151049047000000214e-02
9.659999999999999432e+01 -8.199282440999999810e-02
9.662500000000000000e+01 -8.248527399999999732e-02
9.665000000000000568e+01 -8.300229386000000653e-02
9.667499999999999716e+01 -8.361783935000000056e-02
9.670000000000000284e+01 -8.409617182999999663e-02
9.672499999999999432e+01 -8.459116509000000339e-02
9.675000000000000000e+01 -8.527169122000000101e-02
9.677500000000000568e+01 -8.573270757999999769e-02
9.679999999999999716e+01 -8.636174339999999616e-02
9.682500000000000284e+01 -8.697115033999999745e-02
9.684999999999999432e+01 -8.751368814000000385e-02
9.687500000000000000e+01 -8.801090569000000197e-02
9.690000000000000568e+01 -8.857931836999999309e-02
9.692499999999999716e+01 -8.910877894999999493e-02
9.695000000000000284e+01 -8.978246277000000164e-02
9.697499999999999432e+01 -9.048623280999999741e-02
9.700000000000000000e+01 -9.101876692999999463e-02
9.702500000000000568e+01 -9.160759679999999627e-02
9.704999999999999716e+01 -9.214024705999999953e-02
9.707500000000000284e+01 -9.278149953000000560e-02
9.709999999999999432e+01 -9.343363182000000156e-02
9.712500000000000000e+01 -9.394683331000000526e-02
9.715000000000000568e+01 -9.470840444000000469e-02
9.717499999999999716e+01 -9.547161118999999974e-02
9.720000000000000284e+01 -9.609253347000000500e-02
9.722499999999999432e+01 -9.659152074000000587e-02
9.725000000000000000e+01 -9.728897398999999946e-02
9.727500000000000568e+01 -9.799005750000000514e-02
9.729999999999999716e+01 -9.880868144000000408e-02
9.732500000000000284e+01 -9.936547984999999361e-02
9.734999999999999432e+01 -1.001547824000000031e-01
9.737500000000000000e+01 -1.006754920000000053e-01
9.740000000000000568e+01 -1.014349898000000000e-01
9.742499999999999716e+01 -1.020671947999999968e-01
9.745000000000000284e+01 -1.028650183999999940e-01
9.747499999999999432e+01 -1.034486852000000012e-01
9.750000000000000000e+01 -1.042225581000000012e-01
9.752500000000000568e+01 -1.050338086999999948e-01
9.754999999999999716e+01 -1.058055192999999977e-01
9.757500000000000284e+01 -1.065549261999999969e-01
9.759999999999999432e+01 -1.072026479000000032e-01
9.762500000000000000e+01 -1.080381742999999978e-01
9.765000000000000568e+01 -1.086453514000000065e-01
9.767499999999999716e+01 -1.094708652000000032e-01
9.770000000000000284e+01 -1.104810048000000045e-01
9.772499999999999432e+01 -1.112209650000000050e-01
9.775000000000000000e+01 -1.118602592000000062e-01
9.777500000000000568e+01 -1.128314249000000047e-01
9.779999999999999716e+01 -1.135943122000000055e-01
9.782500000000000284e+01 -1.144233067000000048e-01
9.784999999999999432e+01 -1.152230208000000061e-01
9.787500000000000000e+01 -1.160082952999999945e-01
9.790000000000000568e+01 -1.169141415999999933e-01
9.792499999999999716e+01 -1.178765036999999960e-01
9.795000000000000284e+01 -1.188418308000000062e-01
9.797499999999999432e+01 -1.197442799999999946e-01
9.800000000000000000e+01 -1.203873106000000054e-01
9.802500000000000568e+01 -1.213530312000000028e-01
9.804999999999999716e+01 -1.221459034999999999e-01
9.807500000000000284e+01 -1.230570658999999983e-01
9.809999999999999432e+01 -1.241539844000000004e-01
9.812500000000000000e+01 -1.252288993000000017e-01
9.815000000000000568e+01 -1.261493757999999910e-01
9.817499999999999716e+01 -1.271352359000000043e-01
9.820000000000000284e+01 -1.282430881000000134e-01
9.822499999999999432e+01 -1.290305095000000013e-01
9.825000000000000000e+01 -1.300833654999999922e-01
9.827500000000000568e+01 -1.312079797000000048e-01
9.829999999999999716e+01 -1.321789580999999936e-01
9.832500000000000284e+01 -1.332157327999999863e-01
9.834999999999999432e+01 -1.342918167000000107e-01
9.837500000000000000e+01 -1.353776859999999971e-01
9.840000000000000568e+01 -1.364238805999999915e-01
9.842499999999999716e+01 -1.375017610000000001e-01
9.845000000000000284e+01 -1.385715033999999901e-01
9.847499999999999432e+01 -1.399447762000000095e-01
9.850000000000000000e+01 -1.410307762999999937e-01
9.852500000000000568e+01 -1.421303450999999995e-01
9.854999999999999716e+01 -1.432908304999999938e-01
9.857500000000000284e+01 -1.444650389000000090e-01
9.859999999999999432e+01 -1.455497246000000133e-01
9.862500000000000000e+01 -1.470491258000000134e-01
9.865000000000000568e+01 -1.482888660999999997e-01
9.867499999999999716e+01 -1.494937507999999915e-01
9.870000000000000284e+01 -1.507676615999999914e-01
9.872499999999999432e+01 -1.519554471000000018e-01
9.875000000000000000e+01 -1.533048854999999877e-01
9.877500000000000568e+01 -1.546881696000000084e-01
9.879999999999999716e+01 -1.559167844999999886e-01
9.882500000000000284e+01 -1.575183249999999868e-01
9.884999999999999432e+01 -1.589324517000000048e-01
9.887500000000000000e+01 -1.602866455999999995e-01
9.890000000000000568e+01 -1.618476974999999984e-01
9.892499999999999716e+01 -1.633181489999999958e-01
9.895000000000000284e+01 -1.648734326000000083e-01
9.897499999999999432e+01 -1.663456235999999921e-01
9.900000000000000000e+01 -1.678617135999999899e-01
9.902500000000000568e+01 -1.692701082999999995e-01
9.904999999999999716e+01 -1.708905856999999862e-01
9.907500000000000284e+01 -1.726144263000000123e-01
9.909999999999999432e+01 -1.741072754999999916e-01
9.912500000000000000e+01 -1.755752617000000126e-01
9.915000000000000568e+01 -1.774052654000000118e-01
9.917499999999999716e+01 -1.792915768999999993e-01
9.920000000000000284e+01 -1.808069659000000051e-01
9.922499999999999432e+01 -1.828915509000000050e-01
9.925000000000000000e+01 -1.845995123999999987e-01
9.927500000000000568e+01 -1.864087551999999981e-01
9.929999999999999716e+01 -1.886526842000000037e-01
9.932500000000000284e+01 -1.900938651000000090e-01
9.934999999999999432e+01 -1.922838165000000099e-01
9.937500000000000000e+01 -1.944417988999999902e-01
9.940000000000000568e+01 -1.962325873000000109e-01
9.942499999999999716e+01 -1.980264861999999904e-01
9.945000000000000284e+01 -2.003612186000000017e-01
9.947499999999999432e+01 -2.024647136999999930e-01
9.950000000000000000e+01 -2.046343617999999975e-01
9.952500000000000568e+01 -2.067437051999999886e-01
9.954999999999999716e+01 -2.091899624999999929e-01
9.957500000000000284e+01 -2.114836013999999986e-01
9.959999999999999432e+01 -2.136914154000000010e-01
9.962500000000000000e+01 -2.162394827999999936e-01
9.965000000000000568e+01 -2.184235910000000003e-01
9.967499999999999716e+01 -2.208094029999999874e-01
9.970000000000000284e+01 -2.234506566999999999e-01
9.972499999999999432e+01 -2.259635972000000048e-01
9.975000000000000000e+01 -2.285949831999999904e-01
9.977500000000000568e+01 -2.312331646999999935e-01
9.979999999999999716e+01 -2.338118832999999952e-01
9.982500000000000284e+01 -2.370437575999999880e-01
9.984999999999999432e+01 -2.395697515999999916e-01
9.987500000000000000e+01 -2.425529667999999917e-01
9.990000000000000568e+01 -2.455734940000000033e-01
9.992499999999999716e+01 -2.483472899999999983e-01
9.995000000000000284e+01 -2.515198626999999854e-01
9.997499999999999432e+01 -2.546856195000000156e-01
1.000000000000000000e+02 -2.578445604999999863e-01
