0.000000000000000000e+00 2.249826493000000108e-02
2.500000000000000052e-03 2.262457580000000121e-02
5.000000000000000104e-03 2.264594785000000055e-02
7.499999999999999722e-03 2.256238110000000074e-02
1.000000000000000021e-02 2.257227465999999891e-02
1.250000000000000069e-02 2.250071404999999872e-02
1.499999999999999944e-02 2.247334030999999926e-02
1.750000000000000167e-02 2.243861678000000012e-02
2.000000000000000042e-02 2.247913853999999878e-02
2.249999999999999917e-02 2.242733704999999925e-02
2.500000000000000139e-02 2.238772627999999904e-02
2.750000000000000014e-02 2.233877231999999852e-02
2.999999999999999889e-02 2.228842454000000070e-02
3.250000000000000111e-02 2.232290479000000050e-02
3.500000000000000333e-02 2.229971764000000106e-02
3.749999999999999861e-02 2.222786346000000038e-02
4.000000000000000083e-02 2.220437382000000140e-02
4.250000000000000305e-02 2.217680287999999889e-02
4.499999999999999833e-02 2.216643558000000111e-02
4.750000000000000056e-02 2.215742726999999843e-02
5.000000000000000278e-02 2.212262953000000004e-02
5.249999999999999806e-02 2.206566176000000074e-02
5.500000000000000028e-02 2.206624235000000100e-02
5.750000000000000250e-02 2.200651148000000099e-02
5.999999999999999778e-02 2.198587641000000065e-02
6.250000000000000000e-02 2.196526178999999926e-02
6.500000000000000222e-02 2.197561774000000162e-02
6.750000000000000444e-02 2.187490970000000035e-02
7.000000000000000666e-02 2.189269002000000103e-02
7.249999999999999500e-02 2.190628115999999903e-02
7.499999999999999722e-02 2.182801456999999834e-02
7.749999999999999944e-02 2.178258342999999861e-02
8.000000000000000167e-02 2.176073090000000057e-02
8.250000000000000389e-02 2.173988498999999963e-02
8.500000000000000611e-02 2.171830961000000004e-02
8.749999999999999445e-02 2.168781625999999935e-02
8.999999999999999667e-02 2.173198226000000108e-02
9.249999999999999889e-02 2.164726063999999894e-02
9.500000000000000111e-02 2.161040167000000123e-02
9.750000000000000333e-02 2.160304794000000167e-02
1.000000000000000056e-01 2.157350456000000152e-02
1.024999999999999939e-01 2.156919084999999944e-02
1.049999999999999961e-01 2.152171484000000093e-02
1.074999999999999983e-01 2.149422825000000051e-02
1.100000000000000006e-01 2.145601726999999889e-02
1.125000000000000028e-01 2.145334955000000043e-02
1.150000000000000050e-01 2.139958386999999893e-02
1.174999999999999933e-01 2.138914857999999961e-02
1.199999999999999956e-01 2.134639636999999951e-02
1.224999999999999978e-01 2.130861297000000154e-02
1.250000000000000000e-01 2.131344200999999924e-02
1.275000000000000022e-01 2.127050545999999848e-02
1.300000000000000044e-01 2.125293167999999996e-02
1.325000000000000067e-01 2.122980463000000151e-02
1.350000000000000089e-01 2.117866544999999837e-02
1.375000000000000111e-01 2.119345578999999938e-02
1.400000000000000133e-01 2.115461739000000160e-02
1.424999999999999878e-01 2.117244626000000171e-02
1.449999999999999900e-01 2.111772631999999858e-02
1.474999999999999922e-01 2.107623864999999888e-02
1.499999999999999944e-01 2.105206328999999904e-02
1.524999999999999967e-01 2.107000900000000065e-02
1.549999999999999989e-01 2.099676803999999883e-02
1.575000000000000011e-01 2.096838310000000150e-02
1.600000000000000033e-01 2.090433218999999954e-02
1.625000000000000056e-01 2.090371682999999856e-02
1.650000000000000078e-01 2.090849469000000127e-02
1.675000000000000100e-01 2.085798575999999946e-02
1.700000000000000122e-01 2.084943537999999971e-02
1.724999999999999867e-01 2.086773377000000068e-02
1.749999999999999889e-01 2.083053593000000134e-02
1.774999999999999911e-01 2.076257892000000008e-02
1.799999999999999933e-01 2.076476518999999937e-02
1.824999999999999956e-01 2.074121458000000029e-02
1.849999999999999978e-01 2.070826908000000105e-02
1.875000000000000000e-01 2.068998349000000098e-02
1.900000000000000022e-01 2.065668710000000130e-02
1.925000000000000044e-01 2.065129872999999991e-02
1.950000000000000067e-01 2.057901925000000035e-02
1.975000000000000089e-01 2.057466135999999959e-02
2.000000000000000111e-01 2.055734072999999829e-02
2.025000000000000133e-01 2.054288247999999997e-02
2.049999999999999878e-01 2.050021798999999978e-02
2.074999999999999900e-01 2.050123010000000010e-02
2.099999999999999922e-01 2.046286564000000113e-02
2.124999999999999944e-01 2.042585888000000155e-02
2.149999999999999967e-01 2.044692056999999896e-02
2.174999999999999989e-01 2.040095702999999983e-02
2.200000000000000011e-01 2.040134475000000142e-02
2.225000000000000033e-01 2.034497208999999987e-02
2.250000000000000056e-01 2.033022950000000148e-02
2.275000000000000078e-01 2.027552412999999998e-02
2.300000000000000100e-01 2.023205055999999918e-02
2.325000000000000122e-01 2.025316959000000167e-02
2.349999999999999867e-01 2.024596333999999914e-02
2.374999999999999889e-01 2.019965408000000059e-02
2.399999999999999911e-01 2.015262937000000115e-02
2.424999999999999933e-01 2.012892573000000032e-02
2.449999999999999956e-01 2.009738559999999993e-02
2.474999999999999978e-01 2.008841998999999837e-02
2.500000000000000000e-01 2.011621619000000111e-02
2.525000000000000022e-01 2.003879473000000008e-02
2.550000000000000044e-01 2.005553518000000035e-02
2.575000000000000067e-01 2.002180913999999923e-02
2.600000000000000089e-01 1.995800589000000166e-02
2.625000000000000111e-01 1.993986007999999990e-02
2.650000000000000133e-01 1.994039459000000042e-02
2.675000000000000155e-01 1.991698948999999844e-02
2.700000000000000178e-01 1.992871010000000012e-02
2.725000000000000200e-01 1.983557013000000063e-02
2.750000000000000222e-01 1.985365743999999849e-02
2.775000000000000244e-01 1.977928068000000053e-02
2.800000000000000266e-01 1.982065976000000132e-02
2.824999999999999734e-01 1.976842745000000068e-02
2.849999999999999756e-01 1.976160613000000135e-02
2.874999999999999778e-01 1.971393252000000137e-02
2.899999999999999800e-01 1.968437215000000060e-02
2.924999999999999822e-01 1.968373366999999832e-02
2.949999999999999845e-01 1.965485881999999920e-02
2.974999999999999867e-01 1.961207138999999933e-02
2.999999999999999889e-01 1.959619156000000015e-02
3.024999999999999911e-01 1.958113187000000074e-02
3.049999999999999933e-01 1.952958802999999952e-02
3.074999999999999956e-01 1.954996188000000107e-02
3.099999999999999978e-01 1.950069287999999998e-02
3.125000000000000000e-01 1.949495252000000081e-02
3.150000000000000022e-01 1.945186506000000023e-02
3.175000000000000044e-01 1.941165405000000108e-02
3.200000000000000067e-01 1.942259807999999893e-02
3.225000000000000089e-01 1.939200647000000055e-02
3.250000000000000111e-01 1.940127514000000025e-02
3.275000000000000133e-01 1.933947132999999999e-02
3.300000000000000155e-01 1.933597937999999988e-02
3.325000000000000178e-01 1.927158208999999942e-02
3.350000000000000200e-01 1.931412613000000125e-02
3.375000000000000222e-01 1.928261725999999912e-02
3.400000000000000244e-01 1.926139542000000066e-02
3.425000000000000266e-01 1.918964529999999877e-02
3.449999999999999734e-01 1.916356514999999899e-02
3.474999999999999756e-01 1.917059948000000152e-02
3.499999999999999778e-01 1.919332160000000037e-02
3.524999999999999800e-01 1.916062761000000142e-02
3.549999999999999822e-01 1.911374960000000039e-02
3.574999999999999845e-01 1.910525298999999830e-02
3.599999999999999867e-01 1.902977428000000165e-02
3.624999999999999889e-01 1.907055318999999888e-02
3.649999999999999911e-01 1.904104519000000134e-02
3.674999999999999933e-01 1.900040714999999894e-02
3.699999999999999956e-01 1.895043497999999993e-02
3.724999999999999978e-01 1.896099046000000038e-02
3.750000000000000000e-01 1.893201958000000074e-02
3.775000000000000022e-01 1.893412125999999890e-02
3.800000000000000044e-01 1.885645625000000047e-02
3.825000000000000067e-01 1.887967917000000009e-02
3.850000000000000089e-01 1.881571808999999915e-02
3.875000000000000111e-01 1.884506232000000142e-02
3.900000000000000133e-01 1.879229807000000127e-02
3.925000000000000155e-01 1.876769242999999990e-02
3.950000000000000178e-01 1.875861214999999943e-02
3.975000000000000200e-01 1.873198808999999854e-02
4.000000000000000222e-01 1.871278839999999943e-02
4.025000000000000244e-01 1.870235089000000031e-02
4.050000000000000266e-01 1.869489512999999992e-02
4.074999999999999734e-01 1.864050357000000130e-02
4.099999999999999756e-01 1.864816317999999987e-02
4.124999999999999778e-01 1.859175395000000133e-02
4.149999999999999800e-01 1.856464433999999858e-02
4.174999999999999822e-01 1.857245098999999941e-02
4.199999999999999845e-01 1.857065100000000052e-02
4.224999999999999867e-01 1.852907271000000036e-02
4.249999999999999889e-01 1.850462241999999841e-02
4.274999999999999911e-01 1.845420715999999961e-02
4.299999999999999933e-01 1.844333773999999940e-02
4.324999999999999956e-01 1.844360604000000112e-02
4.349999999999999978e-01 1.843640988000000078e-02
4.375000000000000000e-01 1.837640054000000064e-02
4.400000000000000022e-01 1.836735420999999896e-02
4.425000000000000044e-01 1.837082378000000002e-02
4.450000000000000067e-01 1.835147310000000143e-02
4.475000000000000089e-01 1.831758149999999918e-02
4.500000000000000111e-01 1.828124982999999870e-02
4.525000000000000133e-01 1.824770058999999889e-02
4.550000000000000155e-01 1.827038980999999909e-02
4.575000000000000178e-01 1.823179738000000119e-02
4.600000000000000200e-01 1.821947202999999946e-02
4.625000000000000222e-01 1.814262037999999841e-02
4.650000000000000244e-01 1.817694471000000020e-02
4.675000000000000266e-01 1.814378842999999839e-02
4.699999999999999734e-01 1.811639867999999959e-02
4.724999999999999756e-01 1.809836382000000118e-02
4.749999999999999778e-01 1.811338217000000098e-02
4.774999999999999800e-01 1.804210381000000141e-02
4.799999999999999822e-01 1.802966555000000068e-02
4.824999999999999845e-01 1.805581129999999854e-02
4.849999999999999867e-01 1.800582111000000041e-02
4.874999999999999889e-01 1.797268586000000043e-02
4.899999999999999911e-01 1.796807457999999996e-02
4.924999999999999933e-01 1.792631739999999904e-02
4.949999999999999956e-01 1.793963297000000096e-02
4.974999999999999978e-01 1.788904431000000114e-02
5.000000000000000000e-01 1.787690018999999950e-02
5.024999999999999467e-01 1.787256372999999898e-02
5.050000000000000044e-01 1.784677320999999983e-02
5.074999999999999512e-01 1.780689863000000164e-02
5.100000000000000089e-01 1.780592479000000020e-02
5.124999999999999556e-01 1.775912664000000099e-02
5.150000000000000133e-01 1.775449973999999875e-02
5.174999999999999600e-01 1.775313606000000072e-02
5.200000000000000178e-01 1.770636878999999955e-02
5.224999999999999645e-01 1.769899642000000162e-02
5.250000000000000222e-01 1.768832374999999846e-02
5.274999999999999689e-01 1.765942213000000136e-02
5.300000000000000266e-01 1.761562145000000051e-02
5.324999999999999734e-01 1.760317009999999918e-02
5.350000000000000311e-01 1.759054564000000001e-02
5.374999999999999778e-01 1.758105055999999861e-02
5.400000000000000355e-01 1.755335976000000145e-02
5.424999999999999822e-01 1.750703706999999845e-02
5.450000000000000400e-01 1.753296127000000121e-02
5.474999999999999867e-01 1.749696279000000076e-02
5.500000000000000444e-01 1.748119948000000090e-02
5.524999999999999911e-01 1.744177637999999933e-02
5.550000000000000488e-01 1.744423223999999953e-02
5.574999999999999956e-01 1.744136919000000008e-02
5.600000000000000533e-01 1.741054878000000000e-02
5.625000000000000000e-01 1.737606770000000092e-02
5.649999999999999467e-01 1.738768783999999901e-02
5.675000000000000044e-01 1.737108014999999908e-02
5.699999999999999512e-01 1.736063502000000092e-02
5.725000000000000089e-01 1.729271971000000130e-02
5.749999999999999556e-01 1.731762338000000095e-02
5.775000000000000133e-01 1.725821879999999905e-02
5.799999999999999600e-01 1.725832792000000018e-02
5.825000000000000178e-01 1.722129924999999881e-02
5.849999999999999645e-01 1.717432056999999845e-02
5.875000000000000222e-01 1.717847499999999861e-02
5.899999999999999689e-01 1.716233198000000071e-02
5.925000000000000266e-01 1.715033645999999856e-02
5.949999999999999734e-01 1.712121461000000108e-02
5.975000000000000311e-01 1.714235261000000149e-02
5.999999999999999778e-01 1.708373314999999878e-02
6.025000000000000355e-01 1.709452830999999909e-02
6.049999999999999822e-01 1.702856268999999867e-02
6.075000000000000400e-01 1.702446430000000011e-02
6.099999999999999867e-01 1.702307742999999846e-02
6.125000000000000444e-01 1.700828608000000061e-02
6.149999999999999911e-01 1.698200128999999975e-02
6.175000000000000488e-01 1.696709848000000145e-02
6.199999999999999956e-01 1.695004777000000060e-02
6.225000000000000533e-01 1.691255943000000150e-02
6.250000000000000000e-01 1.691505584999999923e-02
6.274999999999999467e-01 1.688049843999999897e-02
6.300000000000000044e-01 1.690853503000000133e-02
6.324999999999999512e-01 1.683857721000000043e-02
6.350000000000000089e-01 1.680542662999999839e-02
6.374999999999999556e-01 1.679064120999999854e-02
6.400000000000000133e-01 1.679817395999999921e-02
6.424999999999999600e-01 1.677658216999999841e-02
6.450000000000000178e-01 1.676959860999999857e-02
6.474999999999999645e-01 1.679888034999999988e-02
6.500000000000000222e-01 1.669664901000000173e-02
6.524999999999999689e-01 1.674306002999999959e-02
6.550000000000000266e-01 1.669162378000000127e-02
6.574999999999999734e-01 1.666687505999999916e-02
6.600000000000000311e-01 1.662913218999999970e-02
6.624999999999999778e-01 1.661053504999999986e-02
6.650000000000000355e-01 1.663320579999999840e-02
6.674999999999999822e-01 1.657142544999999981e-02
6.700000000000000400e-01 1.662382115999999979e-02
6.724999999999999867e-01 1.657207348000000122e-02
6.750000000000000444e-01 1.656540509999999966e-02
6.774999999999999911e-01 1.655474468000000046e-02
6.800000000000000488e-01 1.648147934000000064e-02
6.824999999999999956e-01 1.650027305000000000e-02
6.850000000000000533e-01 1.646684303000000085e-02
6.875000000000000000e-01 1.644544640000000085e-02
6.899999999999999467e-01 1.643823511999999848e-02
6.925000000000000044e-01 1.640164272000000159e-02
6.949999999999999512e-01 1.638695893000000070e-02
6.975000000000000089e-01 1.636139098000000125e-02
6.999999999999999556e-01 1.636366423999999903e-02
7.025000000000000133e-01 1.634669780000000058e-02
7.049999999999999600e-01 1.630748335999999965e-02
7.075000000000000178e-01 1.628890913000000107e-02
7.099999999999999645e-01 1.628290304999999855e-02
7.125000000000000222e-01 1.626539382000000145e-02
7.149999999999999689e-01 1.624679166999999994e-02
7.175000000000000266e-01 1.622854720999999945e-02
7.199999999999999734e-01 1.619963749999999911e-02
7.225000000000000311e-01 1.616786980999999901e-02
7.249999999999999778e-01 1.620496347000000004e-02
7.275000000000000355e-01 1.617104913000000019e-02
7.299999999999999822e-01 1.614194163000000001e-02
7.325000000000000400e-01 1.612506223000000072e-02
7.349999999999999867e-01 1.608988076000000128e-02
7.375000000000000444e-01 1.609131643999999958e-02
7.399999999999999911e-01 1.609263219000000092e-02
7.425000000000000488e-01 1.606890735999999889e-02
7.449999999999999956e-01 1.603505444000000169e-02
7.475000000000000533e-01 1.604302435000000068e-02
7.500000000000000000e-01 1.599269186000000162e-02
7.524999999999999467e-01 1.598358332999999867e-02
7.550000000000000044e-01 1.597268276999999972e-02
7.574999999999999512e-01 1.595870702000000071e-02
7.600000000000000089e-01 1.594987625000000159e-02
7.624999999999999556e-01 1.591285762000000173e-02
7.650000000000000133e-01 1.588472180000000122e-02
7.674999999999999600e-01 1.590281354000000133e-02
7.700000000000000178e-01 1.585573490999999877e-02
7.724999999999999645e-01 1.582835847000000143e-02
7.750000000000000222e-01 1.583808688999999853e-02
7.774999999999999689e-01 1.581429795000000027e-02
7.800000000000000266e-01 1.579289488000000172e-02
7.824999999999999734e-01 1.578214014000000123e-02
7.850000000000000311e-01 1.572878377000000091e-02
7.874999999999999778e-01 1.577647860000000110e-02
7.900000000000000355e-01 1.570686564000000132e-02
7.924999999999999822e-01 1.571156543999999849e-02
7.950000000000000400e-01 1.570412360999999882e-02
7.974999999999999867e-01 1.567725874999999908e-02
8.000000000000000444e-01 1.566189355000000005e-02
8.024999999999999911e-01 1.563980221999999864e-02
8.050000000000000488e-01 1.564232569000000017e-02
8.074999999999999956e-01 1.560537138999999913e-02
8.100000000000000533e-01 1.559536905999999931e-02
8.125000000000000000e-01 1.556458980999999957e-02
8.149999999999999467e-01 1.557861372999999952e-02
8.175000000000000044e-01 1.554238986000000024e-02
8.199999999999999512e-01 1.553244596000000026e-02
8.225000000000000089e-01 1.548829223000000067e-02
8.249999999999999556e-01 1.545759935999999925e-02
8.275000000000000133e-01 1.547245447000000079e-02
8.299999999999999600e-01 1.546566528000000058e-02
8.325000000000000178e-01 1.543004058000000019e-02
8.349999999999999645e-01 1.541928195999999959e-02
8.375000000000000222e-01 1.540545974999999942e-02
8.399999999999999689e-01 1.539237016000000006e-02
8.425000000000000266e-01 1.540266529000000086e-02
8.449999999999999734e-01 1.538776547000000015e-02
8.475000000000000311e-01 1.534484730999999963e-02
8.499999999999999778e-01 1.532122040999999921e-02
8.525000000000000355e-01 1.531621837999999972e-02
8.549999999999999822e-01 1.528541366000000026e-02
8.575000000000000400e-01 1.526184522000000043e-02
8.599999999999999867e-01 1.525326333999999992e-02
8.625000000000000444e-01 1.525961850999999966e-02
8.649999999999999911e-01 1.519490475000000000e-02
8.675000000000000488e-01 1.520620250000000000e-02
8.699999999999999956e-01 1.523488253999999952e-02
8.725000000000000533e-01 1.516926881000000074e-02
8.750000000000000000e-01 1.514322878000000025e-02
8.774999999999999467e-01 1.513968803999999994e-02
8.800000000000000044e-01 1.517382075000000066e-02
8.824999999999999512e-01 1.510113874999999967e-02
8.850000000000000089e-01 1.513154455999999974e-02
8.874999999999999556e-01 1.506758992999999991e-02
8.900000000000000133e-01 1.504263938999999932e-02
8.924999999999999600e-01 1.503420939000000081e-02
8.950000000000000178e-01 1.503919744000000065e-02
8.974999999999999645e-01 1.500149654999999999e-02
9.000000000000000222e-01 1.501706323999999967e-02
9.024999999999999689e-01 1.495533494999999949e-02
9.050000000000000266e-01 1.496330176999999956e-02
9.074999999999999734e-01 1.495549919999999977e-02
9.100000000000000311e-01 1.494041777000000050e-02
9.124999999999999778e-01 1.491772970000000004e-02
9.150000000000000355e-01 1.490889266999999990e-02
9.174999999999999822e-01 1.486702508999999950e-02
9.200000000000000400e-01 1.488202048999999992e-02
9.224999999999999867e-01 1.483750961000000063e-02
9.250000000000000444e-01 1.483819410000000033e-02
9.274999999999999911e-01 1.483887551999999929e-02
9.300000000000000488e-01 1.481404178000000037e-02
9.324999999999999956e-01 1.478008148999999938e-02
9.350000000000000533e-01 1.474453943000000010e-02
9.375000000000000000e-01 1.476905765000000037e-02
9.399999999999999467e-01 1.474257982999999973e-02
9.425000000000000044e-01 1.474518977999999918e-02
9.449999999999999512e-01 1.467876065999999986e-02
9.475000000000000089e-01 1.468922507000000079e-02
9.499999999999999556e-01 1.466038415999999962e-02
9.525000000000000133e-01 1.467392434000000002e-02
9.549999999999999600e-01 1.462082611000000039e-02
9.575000000000000178e-01 1.463603374999999929e-02
9.599999999999999645e-01 1.463898672999999935e-02
9.625000000000000222e-01 1.462227538000000077e-02
9.649999999999999689e-01 1.459119839999999980e-02
9.675000000000000266e-01 1.455076179000000004e-02
9.699999999999999734e-01 1.456367673000000078e-02
9.725000000000000311e-01 1.456296548000000045e-02
9.749999999999999778e-01 1.450724876000000080e-02
9.775000000000000355e-01 1.450358424000000070e-02
9.799999999999999822e-01 1.447272185999999919e-02
9.825000000000000400e-01 1.448512585999999977e-02
9.849999999999999867e-01 1.444701473999999985e-02
9.875000000000000444e-01 1.444199774000000033e-02
9.899999999999999911e-01 1.445143536000000062e-02
9.925000000000000488e-01 1.441470763999999974e-02
9.949999999999999956e-01 1.437352555000000025e-02
9.975000000000000533e-01 1.436756378999999931e-02
1.000000000000000000e+00 1.436601359000000064e-02
1.002499999999999947e+00 1.433563353999999998e-02
1.004999999999999893e+00 1.431909903000000081e-02
1.007500000000000062e+00 1.431384995000000056e-02
1.010000000000000009e+00 1.431742339999999940e-02
1.012499999999999956e+00 1.428600231000000040e-02
1.014999999999999902e+00 1.424449160000000082e-02
1.017500000000000071e+00 1.426091875999999960e-02
1.020000000000000018e+00 1.425755897000000050e-02
1.022499999999999964e+00 1.422030428999999929e-02
1.024999999999999911e+00 1.420154107000000041e-02
1.027500000000000080e+00 1.419938100999999959e-02
1.030000000000000027e+00 1.417910946999999949e-02
1.032499999999999973e+00 1.418268498000000051e-02
1.034999999999999920e+00 1.415073801999999943e-02
1.037500000000000089e+00 1.414389414999999914e-02
1.040000000000000036e+00 1.416021215000000041e-02
1.042499999999999982e+00 1.414783866000000022e-02
1.044999999999999929e+00 1.409317606000000042e-02
1.047500000000000098e+00 1.411910897000000047e-02
1.050000000000000044e+00 1.410684346999999984e-02
1.052499999999999991e+00 1.406235238999999949e-02
1.054999999999999938e+00 1.403850845999999979e-02
1.057500000000000107e+00 1.404765372000000082e-02
1.060000000000000053e+00 1.400692408000000014e-02
1.062500000000000000e+00 1.398307610999999923e-02
1.064999999999999947e+00 1.395226486000000071e-02
1.067499999999999893e+00 1.397768662999999967e-02
1.070000000000000062e+00 1.396559342999999925e-02
1.072500000000000009e+00 1.392866320999999914e-02
1.074999999999999956e+00 1.394960779999999956e-02
1.077499999999999902e+00 1.388737077999999993e-02
1.080000000000000071e+00 1.386228603000000045e-02
1.082500000000000018e+00 1.384180058000000074e-02
1.084999999999999964e+00 1.384348609000000084e-02
1.087499999999999911e+00 1.387501478000000010e-02
1.090000000000000080e+00 1.387191007000000004e-02
1.092500000000000027e+00 1.379914783999999957e-02
1.094999999999999973e+00 1.381991192000000049e-02
1.097499999999999920e+00 1.382218129999999989e-02
1.100000000000000089e+00 1.375136117999999942e-02
1.102500000000000036e+00 1.377374227000000007e-02
1.104999999999999982e+00 1.374709833000000055e-02
1.107499999999999929e+00 1.373201521999999931e-02
1.110000000000000098e+00 1.373171454999999944e-02
1.112500000000000044e+00 1.372425088999999938e-02
1.114999999999999991e+00 1.370186248999999933e-02
1.117499999999999938e+00 1.369819132999999974e-02
1.120000000000000107e+00 1.364267624000000019e-02
1.122500000000000053e+00 1.365317754000000029e-02
1.125000000000000000e+00 1.364372800000000080e-02
1.127499999999999947e+00 1.361665245999999982e-02
1.129999999999999893e+00 1.362744324000000028e-02
1.132500000000000062e+00 1.357547574000000055e-02
1.135000000000000009e+00 1.360246784000000014e-02
1.137499999999999956e+00 1.357442036000000053e-02
1.139999999999999902e+00 1.354076136999999951e-02
1.142500000000000071e+00 1.355495695000000049e-02
1.145000000000000018e+00 1.348357210000000056e-02
1.147499999999999964e+00 1.352189256000000013e-02
1.149999999999999911e+00 1.348322276000000000e-02
1.152500000000000080e+00 1.348800741000000074e-02
1.155000000000000027e+00 1.342019153000000020e-02
1.157499999999999973e+00 1.344821201000000015e-02
1.159999999999999920e+00 1.344347763000000064e-02
1.162500000000000089e+00 1.341398413000000067e-02
1.165000000000000036e+00 1.340797516000000016e-02
1.167499999999999982e+00 1.337948249000000048e-02
1.169999999999999929e+00 1.334537432000000058e-02
1.172500000000000098e+00 1.337004707999999917e-02
1.175000000000000044e+00 1.335878327000000060e-02
1.177499999999999991e+00 1.335140618000000071e-02
1.179999999999999938e+00 1.331878077999999917e-02
1.182500000000000107e+00 1.330975864000000057e-02
1.185000000000000053e+00 1.329482430999999985e-02
1.187500000000000000e+00 1.327579515000000022e-02
1.189999999999999947e+00 1.325836277999999958e-02
1.192499999999999893e+00 1.325975411000000076e-02
1.195000000000000062e+00 1.324839880000000004e-02
1.197500000000000009e+00 1.321904383000000079e-02
1.199999999999999956e+00 1.322307818999999933e-02
1.202499999999999902e+00 1.324322193000000009e-02
1.205000000000000071e+00 1.318065514000000063e-02
1.207500000000000018e+00 1.318586903000000012e-02
1.209999999999999964e+00 1.316310455000000053e-02
1.212499999999999911e+00 1.314913145999999956e-02
1.215000000000000080e+00 1.315882414000000070e-02
1.217500000000000027e+00 1.312324800000000055e-02
1.219999999999999973e+00 1.310400402999999971e-02
1.222499999999999920e+00 1.304669823000000062e-02
1.225000000000000089e+00 1.309532463999999938e-02
1.227500000000000036e+00 1.305915271000000072e-02
1.229999999999999982e+00 1.305359942000000086e-02
1.232499999999999929e+00 1.302738309999999962e-02
1.235000000000000098e+00 1.300064631999999984e-02
1.237500000000000044e+00 1.300244717999999959e-02
1.239999999999999991e+00 1.300075780999999930e-02
1.242499999999999938e+00 1.297950624999999990e-02
1.245000000000000107e+00 1.293945393999999978e-02
1.247500000000000053e+00 1.295994035000000086e-02
1.250000000000000000e+00 1.292202073999999985e-02
1.252499999999999947e+00 1.290488880000000005e-02
1.254999999999999893e+00 1.291849305000000031e-02
1.257500000000000062e+00 1.289348383000000001e-02
1.260000000000000009e+00 1.287761316999999975e-02
1.262499999999999956e+00 1.285560321999999929e-02
1.264999999999999902e+00 1.287924592000000076e-02
1.267500000000000071e+00 1.286777189000000085e-02
1.270000000000000018e+00 1.284103504000000048e-02
1.272499999999999964e+00 1.284794065000000041e-02
1.274999999999999911e+00 1.279571652000000004e-02
1.277500000000000080e+00 1.279933425999999971e-02
1.280000000000000027e+00 1.277580092000000014e-02
1.282499999999999973e+00 1.277125842999999976e-02
1.284999999999999920e+00 1.276570011999999914e-02
1.287500000000000089e+00 1.275430775999999988e-02
1.290000000000000036e+00 1.270087997000000045e-02
1.292499999999999982e+00 1.270430177000000070e-02
1.294999999999999929e+00 1.268271057999999923e-02
1.297500000000000098e+00 1.268095468999999934e-02
1.300000000000000044e+00 1.266094444999999943e-02
1.302499999999999991e+00 1.267766260000000034e-02
1.304999999999999938e+00 1.267098457999999914e-02
1.307500000000000107e+00 1.266550913999999958e-02
1.310000000000000053e+00 1.265090473000000069e-02
1.312500000000000000e+00 1.262348704000000078e-02
1.314999999999999947e+00 1.259311777999999951e-02
1.317499999999999893e+00 1.258997528999999949e-02
1.320000000000000062e+00 1.256723717999999948e-02
1.322500000000000009e+00 1.257776757999999953e-02
1.324999999999999956e+00 1.254250475000000080e-02
1.327499999999999902e+00 1.252036674000000030e-02
1.330000000000000071e+00 1.249790658000000075e-02
1.332500000000000018e+00 1.249950158999999991e-02
1.334999999999999964e+00 1.250644390999999973e-02
1.337499999999999911e+00 1.249179362000000029e-02
1.340000000000000080e+00 1.244148611999999939e-02
1.342500000000000027e+00 1.244430405999999954e-02
1.344999999999999973e+00 1.246744563000000069e-02
1.347499999999999920e+00 1.246198393000000001e-02
1.350000000000000089e+00 1.238874249000000011e-02
1.352500000000000036e+00 1.240877813000000086e-02
1.354999999999999982e+00 1.241174402999999961e-02
1.357499999999999929e+00 1.237924743000000036e-02
1.360000000000000098e+00 1.238280177999999919e-02
1.362500000000000044e+00 1.232823205999999949e-02
1.364999999999999991e+00 1.232871276999999988e-02
1.367499999999999938e+00 1.230031130000000007e-02
1.370000000000000107e+00 1.230208892999999984e-02
1.372500000000000053e+00 1.228832441000000074e-02
1.375000000000000000e+00 1.227151647999999949e-02
1.377499999999999947e+00 1.223967989999999971e-02
1.379999999999999893e+00 1.225300363999999934e-02
1.382500000000000062e+00 1.223006473000000024e-02
1.385000000000000009e+00 1.224593835000000082e-02
1.387499999999999956e+00 1.220155222999999914e-02
1.389999999999999902e+00 1.220625227000000056e-02
1.392500000000000071e+00 1.216696159000000069e-02
1.395000000000000018e+00 1.218748675999999954e-02
1.397499999999999964e+00 1.217415791000000039e-02
1.399999999999999911e+00 1.215782944999999927e-02
1.402500000000000080e+00 1.215547057999999923e-02
1.405000000000000027e+00 1.213241131999999965e-02
1.407499999999999973e+00 1.213157098000000080e-02
1.409999999999999920e+00 1.211070048000000010e-02
1.412500000000000089e+00 1.212007554999999966e-02
1.415000000000000036e+00 1.207903498000000020e-02
1.417499999999999982e+00 1.207361206000000069e-02
1.419999999999999929e+00 1.207103265000000064e-02
1.422500000000000098e+00 1.204982570000000079e-02
1.425000000000000044e+00 1.203958414999999928e-02
1.427499999999999991e+00 1.200991711000000059e-02
1.429999999999999938e+00 1.198488099999999931e-02
1.432500000000000107e+00 1.200166937000000066e-02
1.435000000000000053e+00 1.197246677999999967e-02
1.437500000000000000e+00 1.199847190000000001e-02
1.439999999999999947e+00 1.195326338000000065e-02
1.442499999999999893e+00 1.192496357999999965e-02
1.445000000000000062e+00 1.195486945000000072e-02
1.447500000000000009e+00 1.191322669000000056e-02
1.449999999999999956e+00 1.190138414000000040e-02
1.452499999999999902e+00 1.190884308999999933e-02
1.455000000000000071e+00 1.188019019000000065e-02
1.457500000000000018e+00 1.186267593000000023e-02
1.459999999999999964e+00 1.185151343999999926e-02
1.462499999999999911e+00 1.183916464000000016e-02
1.465000000000000080e+00 1.184528655999999951e-02
1.467500000000000027e+00 1.182914286000000086e-02
1.469999999999999973e+00 1.181953510999999950e-02
1.472499999999999920e+00 1.176213775999999933e-02
1.475000000000000089e+00 1.179444733999999995e-02
1.477500000000000036e+00 1.178346247000000048e-02
1.479999999999999982e+00 1.175193654000000060e-02
1.482499999999999929e+00 1.174241546000000073e-02
1.485000000000000098e+00 1.174340087000000019e-02
1.487500000000000044e+00 1.172881972999999939e-02
1.489999999999999991e+00 1.169450156000000074e-02
1.492499999999999938e+00 1.171844221999999991e-02
1.495000000000000107e+00 1.167259141000000049e-02
1.497500000000000053e+00 1.166980976000000017e-02
1.500000000000000000e+00 1.166191897000000074e-02
1.502499999999999947e+00 1.166145711000000050e-02
1.504999999999999893e+00 1.164230376000000011e-02
1.507500000000000062e+00 1.162871870999999946e-02
1.510000000000000009e+00 1.164181463000000041e-02
1.512499999999999956e+00 1.162135572999999956e-02
1.514999999999999902e+00 1.157941969999999945e-02
1.517500000000000071e+00 1.160410213999999926e-02
1.520000000000000018e+00 1.156419044000000021e-02
1.522499999999999964e+00 1.157516219999999915e-02
1.524999999999999911e+00 1.152814542999999921e-02
1.527500000000000080e+00 1.153282870999999994e-02
1.530000000000000027e+00 1.154420230999999956e-02
1.532499999999999973e+00 1.151051257000000085e-02
1.534999999999999920e+00 1.148145757000000079e-02
1.537500000000000089e+00 1.148106227000000000e-02
1.540000000000000036e+00 1.146124213000000031e-02
1.542499999999999982e+00 1.145642170999999938e-02
1.544999999999999929e+00 1.145287268999999920e-02
1.547500000000000098e+00 1.143100038999999950e-02
1.550000000000000044e+00 1.142195564000000017e-02
1.552499999999999991e+00 1.142538511000000014e-02
1.554999999999999938e+00 1.140067990000000024e-02
1.557500000000000107e+00 1.137284216999999951e-02
1.560000000000000053e+00 1.139489292000000001e-02
1.562500000000000000e+00 1.138599218999999940e-02
1.564999999999999947e+00 1.135889265999999974e-02
1.567499999999999893e+00 1.135600674999999969e-02
1.570000000000000062e+00 1.135663808000000018e-02
1.572500000000000009e+00 1.129306820000000079e-02
1.574999999999999956e+00 1.131133752000000083e-02
1.577499999999999902e+00 1.128729759000000020e-02
1.580000000000000071e+00 1.127558518999999954e-02
1.582500000000000018e+00 1.126730456000000005e-02
1.584999999999999964e+00 1.122479984000000069e-02
1.587499999999999911e+00 1.123332548999999951e-02
1.590000000000000080e+00 1.123646805999999922e-02
1.592500000000000027e+00 1.119247131000000034e-02
1.594999999999999973e+00 1.121415056999999944e-02
1.597499999999999920e+00 1.117014136999999914e-02
1.600000000000000089e+00 1.118377721000000068e-02
1.602500000000000036e+00 1.120111742999999917e-02
1.604999999999999982e+00 1.116632226999999915e-02
1.607499999999999929e+00 1.115304441000000008e-02
1.610000000000000098e+00 1.115145661000000073e-02
1.612500000000000044e+00 1.112044790000000019e-02
1.614999999999999991e+00 1.109427485000000040e-02
1.617499999999999938e+00 1.108802488000000010e-02
1.620000000000000107e+00 1.106893823999999943e-02
1.622500000000000053e+00 1.106350732000000066e-02
1.625000000000000000e+00 1.106036078000000034e-02
1.627499999999999947e+00 1.105318660000000064e-02
1.629999999999999893e+00 1.104366403999999975e-02
1.632500000000000062e+00 1.102762262000000007e-02
1.635000000000000009e+00 1.101118687999999915e-02
1.637499999999999956e+00 1.100987900999999929e-02
1.639999999999999902e+00 1.099786141999999946e-02
1.642500000000000071e+00 1.099473337999999981e-02
1.645000000000000018e+00 1.096464045999999935e-02
1.647499999999999964e+00 1.095594356999999956e-02
1.649999999999999911e+00 1.095232204999999938e-02
1.652500000000000080e+00 1.093462092999999968e-02
1.655000000000000027e+00 1.090690126999999988e-02
1.657499999999999973e+00 1.093959195000000079e-02
1.659999999999999920e+00 1.090421849999999998e-02
1.662500000000000089e+00 1.089717821999999954e-02
1.665000000000000036e+00 1.088571361000000015e-02
1.667499999999999982e+00 1.088280378000000027e-02
1.669999999999999929e+00 1.084964436000000060e-02
1.672500000000000098e+00 1.084712204000000055e-02
1.675000000000000044e+00 1.084914940000000078e-02
1.677499999999999991e+00 1.082045138999999934e-02
1.679999999999999938e+00 1.082676213999999963e-02
1.682500000000000107e+00 1.080183336999999966e-02
1.685000000000000053e+00 1.079687512999999953e-02
1.687500000000000000e+00 1.076920989999999995e-02
1.689999999999999947e+00 1.073922476999999986e-02
1.692499999999999893e+00 1.077299324000000058e-02
1.695000000000000062e+00 1.072766772000000035e-02
1.697500000000000009e+00 1.071643262999999978e-02
1.699999999999999956e+00 1.070021145999999930e-02
1.702499999999999902e+00 1.073006022000000045e-02
1.705000000000000071e+00 1.074427841000000043e-02
1.707500000000000018e+00 1.068389389999999974e-02
1.709999999999999964e+00 1.069764133000000034e-02
1.712499999999999911e+00 1.064678684000000021e-02
1.715000000000000080e+00 1.067442679000000019e-02
1.717500000000000027e+00 1.065193560999999969e-02
1.719999999999999973e+00 1.064640853000000005e-02
1.722499999999999920e+00 1.060658740999999988e-02
1.725000000000000089e+00 1.060408497000000019e-02
1.727500000000000036e+00 1.062069491000000067e-02
1.729999999999999982e+00 1.057652937999999966e-02
1.732499999999999929e+00 1.055091290000000070e-02
1.735000000000000098e+00 1.056517388999999967e-02
1.737500000000000044e+00 1.055621904999999930e-02
1.739999999999999991e+00 1.054679065999999943e-02
1.742499999999999938e+00 1.052980824999999974e-02
1.745000000000000107e+00 1.050868882000000060e-02
1.747500000000000053e+00 1.050384411999999955e-02
1.750000000000000000e+00 1.050009726999999969e-02
1.752499999999999947e+00 1.047482037999999949e-02
1.754999999999999893e+00 1.050061690000000068e-02
1.757500000000000062e+00 1.045952189999999928e-02
1.760000000000000009e+00 1.047337136000000071e-02
1.762499999999999956e+00 1.048697707000000034e-02
1.764999999999999902e+00 1.046515871999999930e-02
1.767500000000000071e+00 1.043400652999999963e-02
1.770000000000000018e+00 1.040922776999999959e-02
1.772499999999999964e+00 1.042256216999999999e-02
1.774999999999999911e+00 1.038822741999999993e-02
1.777500000000000080e+00 1.037544961000000029e-02
1.780000000000000027e+00 1.035643552999999939e-02
1.782499999999999973e+00 1.034997745999999968e-02
1.784999999999999920e+00 1.034087944999999981e-02
1.787500000000000089e+00 1.033566294000000038e-02
1.790000000000000036e+00 1.032250587000000004e-02
1.792499999999999982e+00 1.031993016000000082e-02
1.794999999999999929e+00 1.032015493000000041e-02
1.797500000000000098e+00 1.030116388999999938e-02
1.800000000000000044e+00 1.030380543999999919e-02
1.802499999999999991e+00 1.024599116000000053e-02
1.804999999999999938e+00 1.028437373999999994e-02
1.807500000000000107e+00 1.024207193000000078e-02
1.810000000000000053e+00 1.024880964000000026e-02
1.812500000000000000e+00 1.024686562000000009e-02
1.814999999999999947e+00 1.022708202000000011e-02
1.817499999999999893e+00 1.021968017000000027e-02
1.820000000000000062e+00 1.018622716000000018e-02
1.822500000000000009e+00 1.019533658000000044e-02
1.824999999999999956e+00 1.017105232000000033e-02
1.827499999999999902e+00 1.017896937999999973e-02
1.830000000000000071e+00 1.015731186000000050e-02
1.832500000000000018e+00 1.014682213000000013e-02
1.834999999999999964e+00 1.013875654999999917e-02
1.837499999999999911e+00 1.013883726000000020e-02
1.840000000000000080e+00 1.009653871000000015e-02
1.842500000000000027e+00 1.009898707999999992e-02
1.844999999999999973e+00 1.009123666000000079e-02
1.847499999999999920e+00 1.008933912999999960e-02
1.850000000000000089e+00 1.007418445999999981e-02
1.852500000000000036e+00 1.004724159999999950e-02
1.854999999999999982e+00 1.003587121000000006e-02
1.857499999999999929e+00 1.005290541000000010e-02
1.860000000000000098e+00 1.004983150000000013e-02
1.862500000000000044e+00 9.992393282000000196e-03
1.864999999999999991e+00 9.997336752999999923e-03
1.867499999999999938e+00 9.984777884000000173e-03
1.870000000000000107e+00 9.969104972999999481e-03
1.872500000000000053e+00 9.973871780999999520e-03
1.875000000000000000e+00 9.960034346999999469e-03
1.877499999999999947e+00 9.909852292999999507e-03
1.879999999999999893e+00 9.948163212000000338e-03
1.882500000000000062e+00 9.923993758000000318e-03
1.885000000000000009e+00 9.916445720000000019e-03
1.887499999999999956e+00 9.932911109000000863e-03
1.889999999999999902e+00 9.891166445000000237e-03
1.892500000000000071e+00 9.884715303000000605e-03
1.895000000000000018e+00 9.854904908999999671e-03
1.897499999999999964e+00 9.882427213000000502e-03
1.899999999999999911e+00 9.873465519000000634e-03
1.902500000000000080e+00 9.842416877000000064e-03
1.905000000000000027e+00 9.823625533999999493e-03
1.907499999999999973e+00 9.815397287000000165e-03
1.909999999999999920e+00 9.798356738999999468e-03
1.912500000000000089e+00 9.803271109000000552e-03
1.915000000000000036e+00 9.797702235999999204e-03
1.917499999999999982e+00 9.792813002000000031e-03
1.919999999999999929e+00 9.769784794999999966e-03
1.922500000000000098e+00 9.751194712000000112e-03
1.925000000000000044e+00 9.752613040000000094e-03
1.927499999999999991e+00 9.736227861999999234e-03
1.929999999999999938e+00 9.735395210999999577e-03
1.932500000000000107e+00 9.741983076000000630e-03
1.935000000000000053e+00 9.703258875000000602e-03
1.937500000000000000e+00 9.700705380000000655e-03
1.939999999999999947e+00 9.680719944999999216e-03
1.942499999999999893e+00 9.668355164999999779e-03
1.945000000000000062e+00 9.678337250000000266e-03
1.947500000000000009e+00 9.651157276999999812e-03
1.949999999999999956e+00 9.646291197999999623e-03
1.952499999999999902e+00 9.656617771999999669e-03
1.955000000000000071e+00 9.623652979999999454e-03
1.957500000000000018e+00 9.621046451999999347e-03
1.959999999999999964e+00 9.599755457000000089e-03
1.962499999999999911e+00 9.583244494000000072e-03
1.965000000000000080e+00 9.591445259999999487e-03
1.967500000000000027e+00 9.549863650000000453e-03
1.969999999999999973e+00 9.566250687000000391e-03
1.972499999999999920e+00 9.543846216000000798e-03
1.975000000000000089e+00 9.552755015999999516e-03
1.977500000000000036e+00 9.540065404000000471e-03
1.979999999999999982e+00 9.530513944999999265e-03
1.982499999999999929e+00 9.521309965000000416e-03
1.985000000000000098e+00 9.482548094000000857e-03
1.987500000000000044e+00 9.494870633000000379e-03
1.989999999999999991e+00 9.468859495000000667e-03
1.992499999999999938e+00 9.522464475999999414e-03
1.995000000000000107e+00 9.460885424000000515e-03
1.997500000000000053e+00 9.443272913999999768e-03
2.000000000000000000e+00 9.441827713999999608e-03
2.002499999999999947e+00 9.428574343000000260e-03
2.004999999999999893e+00 9.436269532000000210e-03
2.007499999999999840e+00 9.401828552000000491e-03
2.009999999999999787e+00 9.390797119000000165e-03
2.012500000000000178e+00 9.365457045999999591e-03
2.015000000000000124e+00 9.377459883000000690e-03
2.017500000000000071e+00 9.381391201999999402e-03
2.020000000000000018e+00 9.367712724999999532e-03
2.022499999999999964e+00 9.346449693000000863e-03
2.024999999999999911e+00 9.356993722000000666e-03
2.027499999999999858e+00 9.335448167000000297e-03
2.029999999999999805e+00 9.300959734999999368e-03
2.032500000000000195e+00 9.290629431999999910e-03
2.035000000000000142e+00 9.289511017000000662e-03
2.037500000000000089e+00 9.308064688000000295e-03
2.040000000000000036e+00 9.281493522000000551e-03
2.042499999999999982e+00 9.277212341999999459e-03
2.044999999999999929e+00 9.261956725999999709e-03
2.047499999999999876e+00 9.263647867999999855e-03
2.049999999999999822e+00 9.227425414000000117e-03
2.052500000000000213e+00 9.220472434999999953e-03
2.055000000000000160e+00 9.225599766000000534e-03
2.057500000000000107e+00 9.214310107000000735e-03
2.060000000000000053e+00 9.215535602999999285e-03
2.062500000000000000e+00 9.187108264000000066e-03
2.064999999999999947e+00 9.189806433999999150e-03
2.067499999999999893e+00 9.185996913000000347e-03
2.069999999999999840e+00 9.138224333999999879e-03
2.072499999999999787e+00 9.134916535000000767e-03
2.075000000000000178e+00 9.132859551999999645e-03
2.077500000000000124e+00 9.121027573000000180e-03
2.080000000000000071e+00 9.135338931999999537e-03
2.082500000000000018e+00 9.091354228000000232e-03
2.084999999999999964e+00 9.105377779999999921e-03
2.087499999999999911e+00 9.111250773000000372e-03
2.089999999999999858e+00 9.071777561999999975e-03
2.092499999999999805e+00 9.058203101000000812e-03
2.095000000000000195e+00 9.050295711000000062e-03
2.097500000000000142e+00 9.021419435000000570e-03
2.100000000000000089e+00 9.041049766000000196e-03
2.102500000000000036e+00 9.028542356000000824e-03
2.104999999999999982e+00 9.009580878999999196e-03
2.107499999999999929e+00 9.015491973000000492e-03
2.109999999999999876e+00 8.981807285999999363e-03
2.112499999999999822e+00 9.015148355000000488e-03
2.115000000000000213e+00 8.990160145000000366e-03
2.117500000000000160e+00 8.969011421999999872e-03
2.120000000000000107e+00 8.960578943999999990e-03
2.122500000000000053e+00 8.970272576000000789e-03
2.125000000000000000e+00 8.950375865000000444e-03
2.127499999999999947e+00 8.957905365999999786e-03
2.129999999999999893e+00 8.921985453000000690e-03
2.132499999999999840e+00 8.905970782000000377e-03
2.134999999999999787e+00 8.909575661999999396e-03
2.137500000000000178e+00 8.907605702999999223e-03
2.140000000000000124e+00 8.896787281999999492e-03
2.142500000000000071e+00 8.876171215999999545e-03
2.145000000000000018e+00 8.861154148000000702e-03
2.147499999999999964e+00 8.834690701000000312e-03
2.149999999999999911e+00 8.838586900000000579e-03
2.152499999999999858e+00 8.816647098000000848e-03
2.154999999999999805e+00 8.833328730999999781e-03
2.157500000000000195e+00 8.799398136999999828e-03
2.160000000000000142e+00 8.804306381000000237e-03
2.162500000000000089e+00 8.795665213000000704e-03
2.165000000000000036e+00 8.789150242000000682e-03
2.167499999999999982e+00 8.779638201999999392e-03
2.169999999999999929e+00 8.756320660000000561e-03
2.172499999999999876e+00 8.774591963999999605e-03
2.174999999999999822e+00 8.739647442999999224e-03
2.177500000000000213e+00 8.730278622999999849e-03
2.180000000000000160e+00 8.719417529000000194e-03
2.182500000000000107e+00 8.736846669000000731e-03
2.185000000000000053e+00 8.709843420000000155e-03
2.187500000000000000e+00 8.695491048999999875e-03
2.189999999999999947e+00 8.712765941999999625e-03
2.192499999999999893e+00 8.674503994000000440e-03
2.194999999999999840e+00 8.653904671999999507e-03
2.197499999999999787e+00 8.640193274999999340e-03
2.200000000000000178e+00 8.625022560999999477e-03
2.202500000000000124e+00 8.656093923999999898e-03
2.205000000000000071e+00 8.604817998999999759e-03
2.207500000000000018e+00 8.614229882000000102e-03
2.209999999999999964e+00 8.623835409000000368e-03
2.212499999999999911e+00 8.596538231999999863e-03
2.214999999999999858e+00 8.613189061000000452e-03
2.217499999999999805e+00 8.609257598000000580e-03
2.220000000000000195e+00 8.566102423000000396e-03
2.222500000000000142e+00 8.566920405999999683e-03
2.225000000000000089e+00 8.558446059000000133e-03
2.227500000000000036e+00 8.548145836000000178e-03
2.229999999999999982e+00 8.538646805999999811e-03
2.232499999999999929e+00 8.525781479000000759e-03
2.234999999999999876e+00 8.514205981000000367e-03
2.237499999999999822e+00 8.522547760999999236e-03
2.240000000000000213e+00 8.519658638999999881e-03
2.242500000000000160e+00 8.506561593999999518e-03
2.245000000000000107e+00 8.474943501999999268e-03
2.247500000000000053e+00 8.455387344000000333e-03
2.250000000000000000e+00 8.443832624999999745e-03
2.252499999999999947e+00 8.451893538999999400e-03
2.254999999999999893e+00 8.437494296000000796e-03
2.257499999999999840e+00 8.466149267999999867e-03
2.259999999999999787e+00 8.414998279000000109e-03
2.262500000000000178e+00 8.412027178999999591e-03
2.265000000000000124e+00 8.395895469999999430e-03
2.267500000000000071e+00 8.383843392000000366e-03
2.270000000000000018e+00 8.377810107000000298e-03
2.272499999999999964e+00 8.355951494999999674e-03
2.274999999999999911e+00 8.364254635000000285e-03
2.277499999999999858e+00 8.342792817999999250e-03
2.279999999999999805e+00 8.354346283000000511e-03
2.282500000000000195e+00 8.344574247999999445e-03
2.285000000000000142e+00 8.343829021999999568e-03
2.287500000000000089e+00 8.315988470999999271e-03
2.290000000000000036e+00 8.320136913999999495e-03
2.292499999999999982e+00 8.278899513999999835e-03
2.294999999999999929e+00 8.305847293999999575e-03
2.297499999999999876e+00 8.278666667999999562e-03
2.299999999999999822e+00 8.285387965000000007e-03
2.302500000000000213e+00 8.268652571000000354e-03
2.305000000000000160e+00 8.267692106000000540e-03
2.307500000000000107e+00 8.275325624999999713e-03
2.310000000000000053e+00 8.228071975999999565e-03
2.312500000000000000e+00 8.241175668000000690e-03
2.314999999999999947e+00 8.186345810000000486e-03
2.317499999999999893e+00 8.211432100999999442e-03
2.319999999999999840e+00 8.192938049999999237e-03
2.322499999999999787e+00 8.169433438999999797e-03
2.325000000000000178e+00 8.175707125999999436e-03
2.327500000000000124e+00 8.192680718000000528e-03
2.330000000000000071e+00 8.146199457000000144e-03
2.332500000000000018e+00 8.162030133999999271e-03
2.334999999999999964e+00 8.136106408999999387e-03
2.337499999999999911e+00 8.108041527999999484e-03
2.339999999999999858e+00 8.101608668000000527e-03
2.342499999999999805e+00 8.105342461000000082e-03
2.345000000000000195e+00 8.095902663999999388e-03
2.347500000000000142e+00 8.084263129999999867e-03
2.350000000000000089e+00 8.099934542000000043e-03
2.352500000000000036e+00 8.077639172000000353e-03
2.354999999999999982e+00 8.041010946000000034e-03
2.357499999999999929e+00 8.037162965000000520e-03
2.359999999999999876e+00 8.049261527999999888e-03
2.362499999999999822e+00 8.024723686999999522e-03
2.365000000000000213e+00 8.041740884000000283e-03
2.367500000000000160e+00 8.022989132000000675e-03
2.370000000000000107e+00 7.996481340000000104e-03
2.372500000000000053e+00 8.006743636999999816e-03
2.375000000000000000e+00 8.008877641999999353e-03
2.377499999999999947e+00 7.993529047000000332e-03
2.379999999999999893e+00 7.995944927000000688e-03
2.382499999999999840e+00 7.955693523000000739e-03
2.384999999999999787e+00 7.987436477999999493e-03
2.387500000000000178e+00 7.944083022000000133e-03
2.390000000000000124e+00 7.937609788000000305e-03
2.392500000000000071e+00 7.934902490999999961e-03
2.395000000000000018e+00 7.921288420000000344e-03
2.397499999999999964e+00 7.907713000000000242e-03
2.399999999999999911e+00 7.917699437999999382e-03
2.402499999999999858e+00 7.865154548000000481e-03
2.404999999999999805e+00 7.889708049999999417e-03
2.407500000000000195e+00 7.882774267000000612e-03
2.410000000000000142e+00 7.849888027999999199e-03
2.412500000000000089e+00 7.842757464000000428e-03
2.415000000000000036e+00 7.856678508000000324e-03
2.417499999999999982e+00 7.842017570000000062e-03
2.419999999999999929e+00 7.818157750999999225e-03
2.422499999999999876e+00 7.820275979999999350e-03
2.424999999999999822e+00 7.795981429999999587e-03
2.427500000000000213e+00 7.809281345000000304e-03
2.430000000000000160e+00 7.799468847000000024e-03
2.432500000000000107e+00 7.791289318999999880e-03
2.435000000000000053e+00 7.771142854000000037e-03
2.437500000000000000e+00 7.778799716000000045e-03
2.439999999999999947e+00 7.778627102000000224e-03
2.442499999999999893e+00 7.743520507000000407e-03
2.444999999999999840e+00 7.736857326000000194e-03
2.447499999999999787e+00 7.744878317999999776e-03
2.450000000000000178e+00 7.733936664000000231e-03
2.452500000000000124e+00 7.726526043000000316e-03
2.455000000000000071e+00 7.696463813999999959e-03
2.457500000000000018e+00 7.669460999000000251e-03
2.459999999999999964e+00 7.682638777000000245e-03
2.462499999999999911e+00 7.670173362999999599e-03
2.464999999999999858e+00 7.651067103999999695e-03
2.467499999999999805e+00 7.644818012999999787e-03
2.470000000000000195e+00 7.657481292000000404e-03
2.472500000000000142e+00 7.654623842000000261e-03
2.475000000000000089e+00 7.642506951999999965e-03
2.477500000000000036e+00 7.626645494999999796e-03
2.479999999999999982e+00 7.623003484000000392e-03
2.482499999999999929e+00 7.605295683999999633e-03
2.484999999999999876e+00 7.588244804000000322e-03
2.487499999999999822e+00 7.589993120000000128e-03
2.490000000000000213e+00 7.571311709999999605e-03
2.492500000000000160e+00 7.567385630000000342e-03
2.495000000000000107e+00 7.549392834000000392e-03
2.497500000000000053e+00 7.531781111999999966e-03
2.500000000000000000e+00 7.552517134000000243e-03
2.502499999999999947e+00 7.529637544000000043e-03
2.504999999999999893e+00 7.525751685000000094e-03
2.507499999999999840e+00 7.503372886000000269e-03
2.509999999999999787e+00 7.489953478999999970e-03
2.512500000000000178e+00 7.490208471000000222e-03
2.515000000000000124e+00 7.472670150000000101e-03
2.517500000000000071e+00 7.463141389000000139e-03
2.520000000000000018e+00 7.475511320999999806e-03
2.522499999999999964e+00 7.465196529999999948e-03
2.524999999999999911e+00 7.454965459999999926e-03
2.527499999999999858e+00 7.426046294000000075e-03
2.529999999999999805e+00 7.444336923999999960e-03
2.532500000000000195e+00 7.433108285000000065e-03
2.535000000000000142e+00 7.416750070000000319e-03
2.537500000000000089e+00 7.375528329000000105e-03
2.540000000000000036e+00 7.409804392000000038e-03
2.542499999999999982e+00 7.387794191999999711e-03
2.544999999999999929e+00 7.388516634000000423e-03
2.547499999999999876e+00 7.383926877999999819e-03
2.549999999999999822e+00 7.359344181999999575e-03
2.552500000000000213e+00 7.338284022000000385e-03
2.555000000000000160e+00 7.342611736000000285e-03
2.557500000000000107e+00 7.335069993999999982e-03
2.560000000000000053e+00 7.326375964000000039e-03
2.562500000000000000e+00 7.306405919999999984e-03
2.564999999999999947e+00 7.312930744000000101e-03
2.567499999999999893e+00 7.274479979999999915e-03
2.569999999999999840e+00 7.301995139999999801e-03
2.572499999999999787e+00 7.282468678000000167e-03
2.575000000000000178e+00 7.270552347000000352e-03
2.577500000000000124e+00 7.270538693000000267e-03
2.580000000000000071e+00 7.251455353000000291e-03
2.582500000000000018e+00 7.235583597999999637e-03
2.584999999999999964e+00 7.229977579000000133e-03
2.587499999999999911e+00 7.228240127000000285e-03
2.589999999999999858e+00 7.222686346000000215e-03
2.592499999999999805e+00 7.210127872999999750e-03
2.595000000000000195e+00 7.182126563000000401e-03
2.597500000000000142e+00 7.200359600000000131e-03
2.600000000000000089e+00 7.199628310999999642e-03
2.602500000000000036e+00 7.186048896999999887e-03
2.604999999999999982e+00 7.157831790000000229e-03
2.607499999999999929e+00 7.157802591999999804e-03
2.609999999999999876e+00 7.163481612000000345e-03
2.612499999999999822e+00 7.156696288000000301e-03
2.615000000000000213e+00 7.135922696999999655e-03
2.617500000000000160e+00 7.144477241999999673e-03
2.620000000000000107e+00 7.133537292999999821e-03
2.622500000000000053e+00 7.105383451999999767e-03
2.625000000000000000e+00 7.106425966000000025e-03
2.627499999999999947e+00 7.077089588000000202e-03
2.629999999999999893e+00 7.077361001999999887e-03
2.632499999999999840e+00 7.082348005000000009e-03
2.634999999999999787e+00 7.065945019000000049e-03
2.637500000000000178e+00 7.081262449000000000e-03
2.640000000000000124e+00 7.039179326999999570e-03
2.642500000000000071e+00 7.036408525999999705e-03
2.645000000000000018e+00 7.033409689999999860e-03
2.647499999999999964e+00 7.024225165999999597e-03
2.649999999999999911e+00 7.003304545000000117e-03
2.652499999999999858e+00 6.986894159999999798e-03
2.654999999999999805e+00 6.997427589999999885e-03
2.657500000000000195e+00 6.989133990999999747e-03
2.660000000000000142e+00 6.974430149000000051e-03
2.662500000000000089e+00 6.975952730000000226e-03
2.665000000000000036e+00 6.971814976999999788e-03
2.667499999999999982e+00 6.959561539000000407e-03
2.669999999999999929e+00 6.969457293000000213e-03
2.672499999999999876e+00 6.918798698000000122e-03
2.674999999999999822e+00 6.925641861000000205e-03
2.677500000000000213e+00 6.931002107000000349e-03
2.680000000000000160e+00 6.918860179000000353e-03
2.682500000000000107e+00 6.907090654000000267e-03
2.685000000000000053e+00 6.906791974999999806e-03
2.687500000000000000e+00 6.886625886999999877e-03
2.689999999999999947e+00 6.866214342999999755e-03
2.692499999999999893e+00 6.843449508999999847e-03
2.694999999999999840e+00 6.857930895000000256e-03
2.697499999999999787e+00 6.851403499999999570e-03
2.700000000000000178e+00 6.844014447999999771e-03
2.702500000000000124e+00 6.834186259000000173e-03
2.705000000000000071e+00 6.826055164000000355e-03
2.707500000000000018e+00 6.830391760999999888e-03
2.709999999999999964e+00 6.788963050000000089e-03
2.712499999999999911e+00 6.796147944999999906e-03
2.714999999999999858e+00 6.792117391999999594e-03
2.717499999999999805e+00 6.780802814000000053e-03
2.720000000000000195e+00 6.767767816999999825e-03
2.722500000000000142e+00 6.747421219999999963e-03
2.725000000000000089e+00 6.751997065000000207e-03
2.727500000000000036e+00 6.760318129999999884e-03
2.729999999999999982e+00 6.755969942999999825e-03
2.732499999999999929e+00 6.745155658999999609e-03
2.734999999999999876e+00 6.719674283000000303e-03
2.737499999999999822e+00 6.719998528000000089e-03
2.740000000000000213e+00 6.696742686000000180e-03
2.742500000000000160e+00 6.688857971999999895e-03
2.745000000000000107e+00 6.684896562999999986e-03
2.747500000000000053e+00 6.696231125999999902e-03
2.750000000000000000e+00 6.671209786000000322e-03
2.752499999999999947e+00 6.672246098999999771e-03
2.754999999999999893e+00 6.650049110999999881e-03
2.757499999999999840e+00 6.639403153000000141e-03
2.759999999999999787e+00 6.631687709000000028e-03
2.762500000000000178e+00 6.620369142000000380e-03
2.765000000000000124e+00 6.630390170999999645e-03
2.767500000000000071e+00 6.606179151999999610e-03
2.770000000000000018e+00 6.605476195999999967e-03
2.772499999999999964e+00 6.600117994999999890e-03
2.774999999999999911e+00 6.595673116999999780e-03
2.777499999999999858e+00 6.569630697999999727e-03
2.779999999999999805e+00 6.576476107000000376e-03
2.782500000000000195e+00 6.582842016999999706e-03
2.785000000000000142e+00 6.553937792999999998e-03
2.787500000000000089e+00 6.542740457999999919e-03
2.790000000000000036e+00 6.527912908000000139e-03
2.792499999999999982e+00 6.539356476000000341e-03
2.794999999999999929e+00 6.513974575000000371e-03
2.797499999999999876e+00 6.501135929999999653e-03
2.799999999999999822e+00 6.512927697000000203e-03
2.802500000000000213e+00 6.501322127000000277e-03
2.805000000000000160e+00 6.490332009000000096e-03
2.807500000000000107e+00 6.469878699999999892e-03
2.810000000000000053e+00 6.457678074000000254e-03
2.812500000000000000e+00 6.475597789000000354e-03
2.814999999999999947e+00 6.456992400999999639e-03
2.817499999999999893e+00 6.441024943000000190e-03
2.819999999999999840e+00 6.450843082999999610e-03
2.822499999999999787e+00 6.426343113000000141e-03
2.825000000000000178e+00 6.425739560000000121e-03
2.827500000000000124e+00 6.422571038000000031e-03
2.830000000000000071e+00 6.424958401000000277e-03
2.832500000000000018e+00 6.402568925000000181e-03
2.834999999999999964e+00 6.386295416000000238e-03
2.837499999999999911e+00 6.379399275999999772e-03
2.839999999999999858e+00 6.372466842999999909e-03
2.842499999999999805e+00 6.356507984999999923e-03
2.845000000000000195e+00 6.357028602000000007e-03
2.847500000000000142e+00 6.340365952999999812e-03
2.850000000000000089e+00 6.340969547999999664e-03
2.852500000000000036e+00 6.322430240999999881e-03
2.854999999999999982e+00 6.331445374999999584e-03
2.857499999999999929e+00 6.319848484999999669e-03
2.859999999999999876e+00 6.287456129999999775e-03
2.862499999999999822e+00 6.295313121000000248e-03
2.865000000000000213e+00 6.305213976000000053e-03
2.867500000000000160e+00 6.277848015000000309e-03
2.870000000000000107e+00 6.260882708999999935e-03
2.872500000000000053e+00 6.267735081999999645e-03
2.875000000000000000e+00 6.249668435999999883e-03
2.877499999999999947e+00 6.265643167000000194e-03
2.879999999999999893e+00 6.247527739000000198e-03
2.882499999999999840e+00 6.238203484999999687e-03
2.884999999999999787e+00 6.240026093000000142e-03
2.887500000000000178e+00 6.216182693999999613e-03
2.890000000000000124e+00 6.212247839000000285e-03
2.892500000000000071e+00 6.185425484999999834e-03
2.895000000000000018e+00 6.179080158000000225e-03
2.897499999999999964e+00 6.186908558000000016e-03
2.899999999999999911e+00 6.178843318000000299e-03
2.902499999999999858e+00 6.155924477999999943e-03
2.904999999999999805e+00 6.133289582000000378e-03
2.907500000000000195e+00 6.151645132000000196e-03
2.910000000000000142e+00 6.136651007999999879e-03
2.912500000000000089e+00 6.133127430999999949e-03
2.915000000000000036e+00 6.143404723000000026e-03
2.917499999999999982e+00 6.106517843999999771e-03
2.919999999999999929e+00 6.105796265000000382e-03
2.922499999999999876e+00 6.089169620000000303e-03
2.924999999999999822e+00 6.073870462999999761e-03
2.927500000000000213e+00 6.094096359999999664e-03
2.930000000000000160e+00 6.076523087999999989e-03
2.932500000000000107e+00 6.065631018000000076e-03
2.935000000000000053e+00 6.062380364999999868e-03
2.937500000000000000e+00 6.052558563999999898e-03
2.939999999999999947e+00 6.045683389999999789e-03
2.942499999999999893e+00 6.046358673999999850e-03
2.944999999999999840e+00 6.026805405000000213e-03
2.947499999999999787e+00 6.019912239999999568e-03
2.950000000000000178e+00 6.014939722000000114e-03
2.952500000000000124e+00 6.014821376000000289e-03
2.955000000000000071e+00 5.982296282999999965e-03
2.957500000000000018e+00 5.985303836999999669e-03
2.959999999999999964e+00 5.977782237000000415e-03
2.962499999999999911e+00 5.955601454999999954e-03
2.964999999999999858e+00 5.977814484000000365e-03
2.967499999999999805e+00 5.969707153000000134e-03
2.970000000000000195e+00 5.947873016000000158e-03
2.972500000000000142e+00 5.933227232999999622e-03
2.975000000000000089e+00 5.934113292999999671e-03
2.977500000000000036e+00 5.913720346999999829e-03
2.979999999999999982e+00 5.918267898999999936e-03
2.982499999999999929e+00 5.926387647999999987e-03
2.984999999999999876e+00 5.903980770000000038e-03
2.987499999999999822e+00 5.887965216999999779e-03
2.990000000000000213e+00 5.874477149999999745e-03
2.992500000000000160e+00 5.890597164000000233e-03
2.995000000000000107e+00 5.856730828000000257e-03
2.997500000000000053e+00 5.845365685000000235e-03
3.000000000000000000e+00 5.850201305999999830e-03
3.002499999999999947e+00 5.833195557000000163e-03
3.004999999999999893e+00 5.826774318999999869e-03
3.007499999999999840e+00 5.821175926999999813e-03
3.009999999999999787e+00 5.827527495999999634e-03
3.012500000000000178e+00 5.804239594999999891e-03
3.015000000000000124e+00 5.793646448000000330e-03
3.017500000000000071e+00 5.789455407000000317e-03
3.020000000000000018e+00 5.791409493000000165e-03
3.022499999999999964e+00 5.782547336999999815e-03
3.024999999999999911e+00 5.771059930999999574e-03
3.027499999999999858e+00 5.770845131999999614e-03
3.029999999999999805e+00 5.746064522000000029e-03
3.032500000000000195e+00 5.739314050999999930e-03
3.035000000000000142e+00 5.711804277000000207e-03
3.037500000000000089e+00 5.732202526999999673e-03
3.040000000000000036e+00 5.713074264000000090e-03
3.042499999999999982e+00 5.715812984999999770e-03
3.044999999999999929e+00 5.683512951000000042e-03
3.047499999999999876e+00 5.697952828000000212e-03
3.049999999999999822e+00 5.667581892999999996e-03
3.052500000000000213e+00 5.683195503999999981e-03
3.055000000000000160e+00 5.667648719000000120e-03
3.057500000000000107e+00 5.665989223000000158e-03
3.060000000000000053e+00 5.654553730000000215e-03
3.062500000000000000e+00 5.645030857000000145e-03
3.064999999999999947e+00 5.617402575000000377e-03
3.067499999999999893e+00 5.623638509000000382e-03
3.069999999999999840e+00 5.631447506000000075e-03
3.072499999999999787e+00 5.627415038999999605e-03
3.075000000000000178e+00 5.617868669999999745e-03
3.077500000000000124e+00 5.606030496999999876e-03
3.080000000000000071e+00 5.575915251999999725e-03
3.082500000000000018e+00 5.582459165999999889e-03
3.084999999999999964e+00 5.579812269999999755e-03
3.087499999999999911e+00 5.562839592000000215e-03
3.089999999999999858e+00 5.552544732999999642e-03
3.092499999999999805e+00 5.552292783999999808e-03
3.095000000000000195e+00 5.528035397000000302e-03
3.097500000000000142e+00 5.520072065000000174e-03
3.100000000000000089e+00 5.535590112999999937e-03
3.102500000000000036e+00 5.518739414000000017e-03
3.104999999999999982e+00 5.520032656000000218e-03
3.107499999999999929e+00 5.503519194000000211e-03
3.109999999999999876e+00 5.483482779999999945e-03
3.112499999999999822e+00 5.483005422000000045e-03
3.115000000000000213e+00 5.478497009999999667e-03
3.117500000000000160e+00 5.462814225000000266e-03
3.120000000000000107e+00 5.467387817000000406e-03
3.122500000000000053e+00 5.452907310000000389e-03
3.125000000000000000e+00 5.430189432999999767e-03
3.127499999999999947e+00 5.436369291999999624e-03
3.129999999999999893e+00 5.427870104999999584e-03
3.132499999999999840e+00 5.416027765999999882e-03
3.134999999999999787e+00 5.404563163000000031e-03
3.137500000000000178e+00 5.398935974000000117e-03
3.140000000000000124e+00 5.406779042999999840e-03
3.142500000000000071e+00 5.389432736999999647e-03
3.145000000000000018e+00 5.394146964999999884e-03
3.147499999999999964e+00 5.372266916999999913e-03
3.149999999999999911e+00 5.369369013000000086e-03
3.152499999999999858e+00 5.348745747000000286e-03
3.154999999999999805e+00 5.366366269999999807e-03
3.157500000000000195e+00 5.334169258000000420e-03
3.160000000000000142e+00 5.326502187000000006e-03
3.162500000000000089e+00 5.307268532000000011e-03
3.165000000000000036e+00 5.311155461999999584e-03
3.167499999999999982e+00 5.317360995000000069e-03
3.169999999999999929e+00 5.300080977000000415e-03
3.172499999999999876e+00 5.291237063000000032e-03
3.174999999999999822e+00 5.310046516999999792e-03
3.177500000000000213e+00 5.286505240000000279e-03
3.180000000000000160e+00 5.269898446999999805e-03
3.182500000000000107e+00 5.267069995000000018e-03
3.185000000000000053e+00 5.263305700000000045e-03
3.187500000000000000e+00 5.234958435000000056e-03
3.189999999999999947e+00 5.261457518999999861e-03
3.192499999999999893e+00 5.226370779999999633e-03
3.194999999999999840e+00 5.214676649999999691e-03
3.197499999999999787e+00 5.221527874000000090e-03
3.200000000000000178e+00 5.212744487000000281e-03
3.202500000000000124e+00 5.203116923999999595e-03
3.205000000000000071e+00 5.208993458999999770e-03
3.207500000000000018e+00 5.171359835000000071e-03
3.209999999999999964e+00 5.157088592000000013e-03
3.212499999999999911e+00 5.177650843999999884e-03
3.214999999999999858e+00 5.156954723000000199e-03
3.217499999999999805e+00 5.165862468999999658e-03
3.220000000000000195e+00 5.154158152000000090e-03
3.222500000000000142e+00 5.126660126000000262e-03
3.225000000000000089e+00 5.136464204999999922e-03
3.227500000000000036e+00 5.145463624000000402e-03
3.229999999999999982e+00 5.128086090000000090e-03
3.232499999999999929e+00 5.107453978000000075e-03
3.234999999999999876e+00 5.117439690999999943e-03
3.237499999999999822e+00 5.089608114000000218e-03
3.240000000000000213e+00 5.079184936999999768e-03
3.242500000000000160e+00 5.072417717000000242e-03
3.245000000000000107e+00 5.076686310999999584e-03
3.247500000000000053e+00 5.068804922000000324e-03
3.250000000000000000e+00 5.043642099000000129e-03
3.252499999999999947e+00 5.044889218000000314e-03
3.254999999999999893e+00 5.035995873000000123e-03
3.257499999999999840e+00 5.028333676000000182e-03
3.259999999999999787e+00 5.018780625999999696e-03
3.262500000000000178e+00 5.017211292999999850e-03
3.265000000000000124e+00 4.995679420999999884e-03
3.267500000000000071e+00 4.993919910000000142e-03
3.270000000000000018e+00 5.009955198999999602e-03
3.272499999999999964e+00 4.984531702000000175e-03
3.274999999999999911e+00 4.966608689999999805e-03
3.277499999999999858e+00 4.952245234999999579e-03
3.279999999999999805e+00 4.963312349999999575e-03
3.282500000000000195e+00 4.936233180999999651e-03
3.285000000000000142e+00 4.956662429999999717e-03
3.287500000000000089e+00 4.932563461999999940e-03
3.290000000000000036e+00 4.932320288999999733e-03
3.292499999999999982e+00 4.919810688999999571e-03
3.294999999999999929e+00 4.924338232000000266e-03
3.297499999999999876e+00 4.905574440999999758e-03
3.299999999999999822e+00 4.895051160999999880e-03
3.302500000000000213e+00 4.893902686999999745e-03
3.305000000000000160e+00 4.909533096999999825e-03
3.307500000000000107e+00 4.864644246999999880e-03
3.310000000000000053e+00 4.859697591999999865e-03
3.312500000000000000e+00 4.869950692999999893e-03
3.314999999999999947e+00 4.865403522999999994e-03
3.317499999999999893e+00 4.841891965000000124e-03
3.319999999999999840e+00 4.838634869999999637e-03
3.322499999999999787e+00 4.823798956999999880e-03
3.325000000000000178e+00 4.818332720999999978e-03
3.327500000000000124e+00 4.815099562999999687e-03
3.330000000000000071e+00 4.801686696999999705e-03
3.332500000000000018e+00 4.791851324000000190e-03
3.334999999999999964e+00 4.795045698999999759e-03
3.337499999999999911e+00 4.781481827000000351e-03
3.339999999999999858e+00 4.767424979000000132e-03
3.342499999999999805e+00 4.775437660000000396e-03
3.345000000000000195e+00 4.742189624999999624e-03
3.347500000000000142e+00 4.759834305999999758e-03
3.350000000000000089e+00 4.749122011999999671e-03
3.352500000000000036e+00 4.746576712999999934e-03
3.354999999999999982e+00 4.712959220000000060e-03
3.357499999999999929e+00 4.699617938999999835e-03
3.359999999999999876e+00 4.704567633000000283e-03
3.362499999999999822e+00 4.697666974000000092e-03
3.365000000000000213e+00 4.690572482000000300e-03
3.367500000000000160e+00 4.705198459999999742e-03
3.370000000000000107e+00 4.673965660000000376e-03
3.372500000000000053e+00 4.682296168000000050e-03
3.375000000000000000e+00 4.669094932999999677e-03
3.377499999999999947e+00 4.653399976999999903e-03
3.379999999999999893e+00 4.654032158000000023e-03
3.382499999999999840e+00 4.646641247999999842e-03
3.384999999999999787e+00 4.634230044000000291e-03
3.387500000000000178e+00 4.609466454999999914e-03
3.390000000000000124e+00 4.604435009000000002e-03
3.392500000000000071e+00 4.616224664000000318e-03
3.395000000000000018e+00 4.617196726000000195e-03
3.397499999999999964e+00 4.607157203999999798e-03
3.399999999999999911e+00 4.593293984000000434e-03
3.402499999999999858e+00 4.599368948000000061e-03
3.404999999999999805e+00 4.578933262000000129e-03
3.407500000000000195e+00 4.556972379999999628e-03
3.410000000000000142e+00 4.558955340999999890e-03
3.412500000000000089e+00 4.555308432999999671e-03
3.415000000000000036e+00 4.540251393000000087e-03
3.417499999999999982e+00 4.530397755000000262e-03
3.419999999999999929e+00 4.522258757000000365e-03
3.422499999999999876e+00 4.515944386999999789e-03
3.424999999999999822e+00 4.528616356000000377e-03
3.427500000000000213e+00 4.492237924000000264e-03
3.430000000000000160e+00 4.520666948999999685e-03
3.432500000000000107e+00 4.483479961999999909e-03
3.435000000000000053e+00 4.490461892000000184e-03
3.437500000000000000e+00 4.471911397000000003e-03
3.439999999999999947e+00 4.474444446999999679e-03
3.442499999999999893e+00 4.448184003000000414e-03
3.444999999999999840e+00 4.472125341000000344e-03
3.447499999999999787e+00 4.448836587999999669e-03
3.450000000000000178e+00 4.431302558999999745e-03
3.452500000000000124e+00 4.403177658000000279e-03
3.455000000000000071e+00 4.420808035999999885e-03
3.457500000000000018e+00 4.425567961000000106e-03
3.459999999999999964e+00 4.410101252000000333e-03
3.462499999999999911e+00 4.397710820999999742e-03
3.464999999999999858e+00 4.392857963999999629e-03
3.467499999999999805e+00 4.371410091000000123e-03
3.470000000000000195e+00 4.374448520999999618e-03
3.472500000000000142e+00 4.370537017000000225e-03
3.475000000000000089e+00 4.363195117999999796e-03
3.477500000000000036e+00 4.368586778999999747e-03
3.479999999999999982e+00 4.352757579999999918e-03
3.482499999999999929e+00 4.343769170999999679e-03
3.484999999999999876e+00 4.334451758999999585e-03
3.487499999999999822e+00 4.327366051000000255e-03
3.490000000000000213e+00 4.316126640999999597e-03
3.492500000000000160e+00 4.299928512000000293e-03
3.495000000000000107e+00 4.310528351000000001e-03
3.497500000000000053e+00 4.302743062999999681e-03
3.500000000000000000e+00 4.284645176000000284e-03
3.502499999999999947e+00 4.281375102000000051e-03
3.504999999999999893e+00 4.287457805000000413e-03
3.507499999999999840e+00 4.263438811000000266e-03
3.509999999999999787e+00 4.238672288000000336e-03
3.512500000000000178e+00 4.238515824999999730e-03
3.515000000000000124e+00 4.232101862000000290e-03
3.517500000000000071e+00 4.226400404999999631e-03
3.520000000000000018e+00 4.240250461000000422e-03
3.522499999999999964e+00 4.214600411999999859e-03
3.524999999999999911e+00 4.206566358000000429e-03
3.527499999999999858e+00 4.188763041999999694e-03
3.529999999999999805e+00 4.212668650999999709e-03
3.532500000000000195e+00 4.184743702000000114e-03
3.535000000000000142e+00 4.171688982000000198e-03
3.537500000000000089e+00 4.188137821000000385e-03
3.540000000000000036e+00 4.164243752999999791e-03
3.542499999999999982e+00 4.158831473000000264e-03
3.544999999999999929e+00 4.135170058000000280e-03
3.547499999999999876e+00 4.158247765999999873e-03
3.549999999999999822e+00 4.129621982999999961e-03
3.552500000000000213e+00 4.125927391999999888e-03
3.555000000000000160e+00 4.124546833000000343e-03
3.557500000000000107e+00 4.130033965999999578e-03
3.560000000000000053e+00 4.112386126999999919e-03
3.562500000000000000e+00 4.106349869999999583e-03
3.564999999999999947e+00 4.079822234000000242e-03
3.567499999999999893e+00 4.087148223000000059e-03
3.569999999999999840e+00 4.080604772000000213e-03
3.572499999999999787e+00 4.069455748000000081e-03
3.575000000000000178e+00 4.050830448000000000e-03
3.577500000000000124e+00 4.053241380999999741e-03
3.580000000000000071e+00 4.045595429999999937e-03
3.582500000000000018e+00 4.037218914999999783e-03
3.584999999999999964e+00 4.019569574000000055e-03
3.587499999999999911e+00 4.025454288999999637e-03
3.589999999999999858e+00 4.009682019999999576e-03
3.592499999999999805e+00 4.013733725999999932e-03
3.595000000000000195e+00 4.002538029999999809e-03
3.597500000000000142e+00 3.995273391999999875e-03
3.600000000000000089e+00 3.983615610000000411e-03
3.602500000000000036e+00 3.981824402999999818e-03
3.604999999999999982e+00 3.969997632000000359e-03
3.607499999999999929e+00 3.953698961000000345e-03
3.609999999999999876e+00 3.943429810999999827e-03
3.612499999999999822e+00 3.941953837000000335e-03
3.615000000000000213e+00 3.955019484999999953e-03
3.617500000000000160e+00 3.918978447999999989e-03
3.620000000000000107e+00 3.919598619000000395e-03
3.622500000000000053e+00 3.914518538000000096e-03
3.625000000000000000e+00 3.916753515000000359e-03
3.627499999999999947e+00 3.906568574999999890e-03
3.629999999999999893e+00 3.903305103000000165e-03
3.632499999999999840e+00 3.895869002000000147e-03
3.634999999999999787e+00 3.878369730000000119e-03
3.637500000000000178e+00 3.867338795999999967e-03
3.640000000000000124e+00 3.882781349999999982e-03
3.642500000000000071e+00 3.863235361999999874e-03
3.645000000000000018e+00 3.848055714000000148e-03
3.647499999999999964e+00 3.849581817000000128e-03
3.649999999999999911e+00 3.826249796000000172e-03
3.652499999999999858e+00 3.834803342999999840e-03
3.654999999999999805e+00 3.823615021000000176e-03
3.657500000000000195e+00 3.806299771999999918e-03
3.660000000000000142e+00 3.800810509000000087e-03
3.662500000000000089e+00 3.806835598999999942e-03
3.665000000000000036e+00 3.802542898000000216e-03
3.667499999999999982e+00 3.781738025000000100e-03
3.669999999999999929e+00 3.769874173000000057e-03
3.672499999999999876e+00 3.775077755999999961e-03
3.674999999999999822e+00 3.777798567000000083e-03
3.677500000000000213e+00 3.767956117999999785e-03
3.680000000000000160e+00 3.746848865000000119e-03
3.682500000000000107e+00 3.753169693000000043e-03
3.685000000000000053e+00 3.746375272999999916e-03
3.687500000000000000e+00 3.746885755000000165e-03
3.689999999999999947e+00 3.715769899000000154e-03
3.692499999999999893e+00 3.714191295000000056e-03
3.694999999999999840e+00 3.694193599999999900e-03
3.697499999999999787e+00 3.691957686999999908e-03
3.700000000000000178e+00 3.720468091999999845e-03
3.702500000000000124e+00 3.687402415999999853e-03
3.705000000000000071e+00 3.673919751999999914e-03
3.707500000000000018e+00 3.668425706000000112e-03
3.709999999999999964e+00 3.666045910999999984e-03
3.712499999999999911e+00 3.652287841999999826e-03
3.714999999999999858e+00 3.642335696999999834e-03
3.717499999999999805e+00 3.646201080000000070e-03
3.720000000000000195e+00 3.639515309999999913e-03
3.722500000000000142e+00 3.632338054999999927e-03
3.725000000000000089e+00 3.616803491999999801e-03
3.727500000000000036e+00 3.610234317999999956e-03
3.729999999999999982e+00 3.593722836999999840e-03
3.732499999999999929e+00 3.576277566000000008e-03
3.734999999999999876e+00 3.572862398000000144e-03
3.737499999999999822e+00 3.577063689999999962e-03
3.740000000000000213e+00 3.571560481999999908e-03
3.742500000000000160e+00 3.562565917999999977e-03
3.745000000000000107e+00 3.545084790999999871e-03
3.747500000000000053e+00 3.554625669999999984e-03
3.750000000000000000e+00 3.541206201999999928e-03
3.752499999999999947e+00 3.542646110999999980e-03
3.754999999999999893e+00 3.538648550000000111e-03
3.757499999999999840e+00 3.520399097000000057e-03
3.759999999999999787e+00 3.514974017000000069e-03
3.762500000000000178e+00 3.495919246999999990e-03
3.765000000000000124e+00 3.507528524999999845e-03
3.767500000000000071e+00 3.493745514000000038e-03
3.770000000000000018e+00 3.487378399999999882e-03
3.772499999999999964e+00 3.476345249999999911e-03
3.774999999999999911e+00 3.484439517999999864e-03
3.777499999999999858e+00 3.456603504000000087e-03
3.779999999999999805e+00 3.459619305999999794e-03
3.782500000000000195e+00 3.432856220000000177e-03
3.785000000000000142e+00 3.425605606000000150e-03
3.787500000000000089e+00 3.424611622999999827e-03
3.790000000000000036e+00 3.416385984000000053e-03
3.792499999999999982e+00 3.432718919000000198e-03
3.794999999999999929e+00 3.395351715000000190e-03
3.797499999999999876e+00 3.422793319999999952e-03
3.799999999999999822e+00 3.396770328999999897e-03
3.802500000000000213e+00 3.395834407000000027e-03
3.805000000000000160e+00 3.375355805999999837e-03
3.807500000000000107e+00 3.368423591999999966e-03
3.810000000000000053e+00 3.368514859000000007e-03
3.812500000000000000e+00 3.371593808999999789e-03
3.814999999999999947e+00 3.347374196999999829e-03
3.817499999999999893e+00 3.345432370000000002e-03
3.819999999999999840e+00 3.348935127999999855e-03
3.822499999999999787e+00 3.332527783999999962e-03
3.825000000000000178e+00 3.323309064000000163e-03
3.827500000000000124e+00 3.322685374999999938e-03
3.830000000000000071e+00 3.306440150000000168e-03
3.832500000000000018e+00 3.300501329999999938e-03
3.834999999999999964e+00 3.296050501000000188e-03
3.837499999999999911e+00 3.274274569000000090e-03
3.839999999999999858e+00 3.275998068000000180e-03
3.842499999999999805e+00 3.276895601999999918e-03
3.845000000000000195e+00 3.281679014999999960e-03
3.847500000000000142e+00 3.256019394999999910e-03
3.850000000000000089e+00 3.245839931000000112e-03
3.852500000000000036e+00 3.251215672999999921e-03
3.854999999999999982e+00 3.236218724000000050e-03
3.857499999999999929e+00 3.232602729999999903e-03
3.859999999999999876e+00 3.225820874999999876e-03
3.862499999999999822e+00 3.232122479999999850e-03
3.865000000000000213e+00 3.200820062999999802e-03
3.867500000000000160e+00 3.206512071000000054e-03
3.870000000000000107e+00 3.203885710999999827e-03
3.872500000000000053e+00 3.189674356999999856e-03
3.875000000000000000e+00 3.173980839999999970e-03
3.877499999999999947e+00 3.161499063000000088e-03
3.879999999999999893e+00 3.150541265000000000e-03
3.882499999999999840e+00 3.137119291999999979e-03
3.884999999999999787e+00 3.135165603999999842e-03
3.887500000000000178e+00 3.143786009999999936e-03
3.890000000000000124e+00 3.132228371000000174e-03
3.892500000000000071e+00 3.127084952000000126e-03
3.895000000000000018e+00 3.113228904999999856e-03
3.897499999999999964e+00 3.108151526000000036e-03
3.899999999999999911e+00 3.109506628999999817e-03
3.902499999999999858e+00 3.093766492000000166e-03
3.904999999999999805e+00 3.102703186000000182e-03
3.907500000000000195e+00 3.076372525000000031e-03
3.910000000000000142e+00 3.069638452999999892e-03
3.912500000000000089e+00 3.057976559999999941e-03
3.915000000000000036e+00 3.066932214000000090e-03
3.917499999999999982e+00 3.040795979000000208e-03
3.919999999999999929e+00 3.042263548999999886e-03
3.922499999999999876e+00 3.035194904000000030e-03
3.924999999999999822e+00 3.018378745000000005e-03
3.927500000000000213e+00 3.030777587999999943e-03
3.930000000000000160e+00 3.018218713000000216e-03
3.932500000000000107e+00 3.004111710000000046e-03
3.935000000000000053e+00 3.005125448999999924e-03
3.937500000000000000e+00 2.984956841000000090e-03
3.939999999999999947e+00 2.990981364000000042e-03
3.942499999999999893e+00 2.988600237000000031e-03
3.944999999999999840e+00 2.958533490999999942e-03
3.947499999999999787e+00 2.967254630999999979e-03
3.950000000000000178e+00 2.967513992000000121e-03
3.952500000000000124e+00 2.943210034999999784e-03
3.955000000000000071e+00 2.954519457999999973e-03
3.957500000000000018e+00 2.932344821000000112e-03
3.959999999999999964e+00 2.918432245000000206e-03
3.962499999999999911e+00 2.920802241000000025e-03
3.964999999999999858e+00 2.923144904000000207e-03
3.967499999999999805e+00 2.903354776999999848e-03
3.970000000000000195e+00 2.906667846000000020e-03
3.972500000000000142e+00 2.880559086000000074e-03
3.975000000000000089e+00 2.882515627000000087e-03
3.977500000000000036e+00 2.902568656999999878e-03
3.979999999999999982e+00 2.876465665999999866e-03
3.982499999999999929e+00 2.857080499999999860e-03
3.984999999999999876e+00 2.852120628000000182e-03
3.987499999999999822e+00 2.845202398999999941e-03
3.990000000000000213e+00 2.859757443000000062e-03
3.992500000000000160e+00 2.856053993999999822e-03
3.995000000000000107e+00 2.834195991999999796e-03
3.997500000000000053e+00 2.804261983000000142e-03
4.000000000000000000e+00 2.819120832000000191e-03
4.002500000000000391e+00 2.808854018999999876e-03
4.004999999999999893e+00 2.794577795000000205e-03
4.007500000000000284e+00 2.780462042999999866e-03
4.009999999999999787e+00 2.794462164999999935e-03
4.012500000000000178e+00 2.780653901999999983e-03
4.014999999999999680e+00 2.769969375999999962e-03
4.017500000000000071e+00 2.758350949999999798e-03
4.019999999999999574e+00 2.739093277999999927e-03
4.022499999999999964e+00 2.745848461999999841e-03
4.025000000000000355e+00 2.744965851999999883e-03
4.027499999999999858e+00 2.713276957999999784e-03
4.030000000000000249e+00 2.739305024999999939e-03
4.032499999999999751e+00 2.721026915999999896e-03
4.035000000000000142e+00 2.707636650999999811e-03
4.037499999999999645e+00 2.707213972000000000e-03
4.040000000000000036e+00 2.702668890999999993e-03
4.042500000000000426e+00 2.694635423999999953e-03
4.044999999999999929e+00 2.695817675999999993e-03
4.047500000000000320e+00 2.679507258000000079e-03
4.049999999999999822e+00 2.673472139999999962e-03
4.052500000000000213e+00 2.661304895000000080e-03
4.054999999999999716e+00 2.653665943000000065e-03
4.057500000000000107e+00 2.636941110999999841e-03
4.059999999999999609e+00 2.644961191000000031e-03
4.062500000000000000e+00 2.644642428000000024e-03
4.065000000000000391e+00 2.636168198000000008e-03
4.067499999999999893e+00 2.628836493000000045e-03
4.070000000000000284e+00 2.633031956000000170e-03
4.072499999999999787e+00 2.604891021000000154e-03
4.075000000000000178e+00 2.582513701000000057e-03
4.077499999999999680e+00 2.582173674000000016e-03
4.080000000000000071e+00 2.597423052999999968e-03
4.082499999999999574e+00 2.575871271000000195e-03
4.084999999999999964e+00 2.575206378999999809e-03
4.087500000000000355e+00 2.574166207000000168e-03
4.089999999999999858e+00 2.559650698999999929e-03
4.092500000000000249e+00 2.552423812000000070e-03
4.094999999999999751e+00 2.545945148999999817e-03
4.097500000000000142e+00 2.543327846999999826e-03
4.099999999999999645e+00 2.520532703000000034e-03
4.102500000000000036e+00 2.520469404000000128e-03
4.105000000000000426e+00 2.508712536000000208e-03
4.107499999999999929e+00 2.504884752999999784e-03
4.110000000000000320e+00 2.501921319999999855e-03
4.112499999999999822e+00 2.490018312000000147e-03
4.115000000000000213e+00 2.486671041000000030e-03
4.117499999999999716e+00 2.489273488999999961e-03
4.120000000000000107e+00 2.465390240999999934e-03
4.122499999999999609e+00 2.454502845999999988e-03
4.125000000000000000e+00 2.462343334000000050e-03
4.127500000000000391e+00 2.443171409000000158e-03
4.129999999999999893e+00 2.448923195000000073e-03
4.132500000000000284e+00 2.446038692000000042e-03
4.134999999999999787e+00 2.413089383999999973e-03
4.137500000000000178e+00 2.414840427000000157e-03
4.139999999999999680e+00 2.424846716000000207e-03
4.142500000000000071e+00 2.417634606999999845e-03
4.144999999999999574e+00 2.401443576999999930e-03
4.147499999999999964e+00 2.385417986999999879e-03
4.150000000000000355e+00 2.378077814999999921e-03
4.152499999999999858e+00 2.377746329000000013e-03
4.155000000000000249e+00 2.381414871000000089e-03
4.157499999999999751e+00 2.368389825999999993e-03
4.160000000000000142e+00 2.358817421000000084e-03
4.162499999999999645e+00 2.359064528000000185e-03
4.165000000000000036e+00 2.336355077000000155e-03
4.167500000000000426e+00 2.318201460000000099e-03
4.169999999999999929e+00 2.323263203999999943e-03
4.172500000000000320e+00 2.318386369999999794e-03
4.174999999999999822e+00 2.323378559000000010e-03
4.177500000000000213e+00 2.309098856999999925e-03
4.179999999999999716e+00 2.301523625999999864e-03
4.182500000000000107e+00 2.293542734000000079e-03
4.184999999999999609e+00 2.275028398999999826e-03
4.187500000000000000e+00 2.293250342000000084e-03
4.190000000000000391e+00 2.266692993000000208e-03
4.192499999999999893e+00 2.265526062000000097e-03
4.195000000000000284e+00 2.254359303000000141e-03
4.197499999999999787e+00 2.252636324000000141e-03
4.200000000000000178e+00 2.241969613000000059e-03
4.202499999999999680e+00 2.232815771999999924e-03
4.205000000000000071e+00 2.224667223000000027e-03
4.207499999999999574e+00 2.210554977999999986e-03
4.209999999999999964e+00 2.213362774999999907e-03
4.212500000000000355e+00 2.198264297999999797e-03
4.214999999999999858e+00 2.201728580999999865e-03
4.217500000000000249e+00 2.207159713999999953e-03
4.219999999999999751e+00 2.183362321999999904e-03
4.222500000000000142e+00 2.186655931000000205e-03
4.224999999999999645e+00 2.187840572999999803e-03
4.227500000000000036e+00 2.168963977999999876e-03
4.230000000000000426e+00 2.160938530999999881e-03
4.232499999999999929e+00 2.152544866000000168e-03
4.235000000000000320e+00 2.157601858999999914e-03
4.237499999999999822e+00 2.132739174999999984e-03
4.240000000000000213e+00 2.134193043000000203e-03
4.242499999999999716e+00 2.129748116999999850e-03
4.245000000000000107e+00 2.116296787000000040e-03
4.247499999999999609e+00 2.119374420999999876e-03
4.250000000000000000e+00 2.091366572000000201e-03
4.252500000000000391e+00 2.078822542000000138e-03
4.254999999999999893e+00 2.075608890999999963e-03
4.257500000000000284e+00 2.066659537999999789e-03
4.259999999999999787e+00 2.073407912000000027e-03
4.262500000000000178e+00 2.069615576000000210e-03
4.264999999999999680e+00 2.053207863000000057e-03
4.267500000000000071e+00 2.061127719000000000e-03
4.269999999999999574e+00 2.042248543999999975e-03
4.272499999999999964e+00 2.037294052000000050e-03
4.275000000000000355e+00 2.023974986999999958e-03
4.277499999999999858e+00 2.028063948000000203e-03
4.280000000000000249e+00 2.029877709000000013e-03
4.282499999999999751e+00 2.003991758000000113e-03
4.285000000000000142e+00 1.978853027999999924e-03
4.287499999999999645e+00 1.987016241000000207e-03
4.290000000000000036e+00 1.989723168999999858e-03
4.292500000000000426e+00 1.991668235000000186e-03
4.294999999999999929e+00 1.980603886999999976e-03
4.297500000000000320e+00 1.978026681999999793e-03
4.299999999999999822e+00 1.962927896000000050e-03
4.302500000000000213e+00 1.961102573000000036e-03
4.304999999999999716e+00 1.928801577000000033e-03
4.307500000000000107e+00 1.941443639999999990e-03
4.309999999999999609e+00 1.919042987000000103e-03
4.312500000000000000e+00 1.926116633999999921e-03
4.315000000000000391e+00 1.935641845999999970e-03
4.317499999999999893e+00 1.915056131999999956e-03
4.320000000000000284e+00 1.897895442000000106e-03
4.322499999999999787e+00 1.898188075000000006e-03
4.325000000000000178e+00 1.904514720000000105e-03
4.327499999999999680e+00 1.885984668999999983e-03
4.330000000000000071e+00 1.870816462000000078e-03
4.332499999999999574e+00 1.860939913000000077e-03
4.334999999999999964e+00 1.862425481000000048e-03
4.337500000000000355e+00 1.844094380999999894e-03
4.339999999999999858e+00 1.852979376000000056e-03
4.342500000000000249e+00 1.837000107000000097e-03
4.344999999999999751e+00 1.838350449000000037e-03
4.347500000000000142e+00 1.824343183000000108e-03
4.349999999999999645e+00 1.825077216000000040e-03
4.352500000000000036e+00 1.804959370999999896e-03
4.355000000000000426e+00 1.804183857000000047e-03
4.357499999999999929e+00 1.809610188000000024e-03
4.360000000000000320e+00 1.779176385999999910e-03
4.362499999999999822e+00 1.794005535000000023e-03
4.365000000000000213e+00 1.784384904000000044e-03
4.367499999999999716e+00 1.774301041000000100e-03
4.370000000000000107e+00 1.763583499999999945e-03
4.372499999999999609e+00 1.754469727999999947e-03
4.375000000000000000e+00 1.744538512000000027e-03
4.377500000000000391e+00 1.742926720000000053e-03
4.379999999999999893e+00 1.726417533000000094e-03
4.382500000000000284e+00 1.733718714999999940e-03
4.384999999999999787e+00 1.731170936999999917e-03
4.387500000000000178e+00 1.717554710000000024e-03
4.389999999999999680e+00 1.715036290999999999e-03
4.392500000000000071e+00 1.684575636000000065e-03
4.394999999999999574e+00 1.717386920000000010e-03
4.397499999999999964e+00 1.682020857000000045e-03
4.400000000000000355e+00 1.685715423999999997e-03
4.402499999999999858e+00 1.664213494000000085e-03
4.405000000000000249e+00 1.663824459000000063e-03
4.407499999999999751e+00 1.647578283999999969e-03
4.410000000000000142e+00 1.674383899000000085e-03
4.412499999999999645e+00 1.635759390000000044e-03
4.415000000000000036e+00 1.634722100999999941e-03
4.417500000000000426e+00 1.623398333000000042e-03
4.419999999999999929e+00 1.614403546999999915e-03
4.422500000000000320e+00 1.623599927000000075e-03
4.424999999999999822e+00 1.607150609000000067e-03
4.427500000000000213e+00 1.596560189000000018e-03
4.429999999999999716e+00 1.589893438999999973e-03
4.432500000000000107e+00 1.585198407000000011e-03
4.434999999999999609e+00 1.581884802000000029e-03
4.437500000000000000e+00 1.573304894000000093e-03
4.440000000000000391e+00 1.581596866000000009e-03
4.442499999999999893e+00 1.538903693999999931e-03
4.445000000000000284e+00 1.532289871000000036e-03
4.447499999999999787e+00 1.533918749000000043e-03
4.450000000000000178e+00 1.535490731999999926e-03
4.452499999999999680e+00 1.538239350999999954e-03
4.455000000000000071e+00 1.513176027000000083e-03
4.457499999999999574e+00 1.523939446999999928e-03
4.459999999999999964e+00 1.500016471999999915e-03
4.462500000000000355e+00 1.491606414000000002e-03
4.464999999999999858e+00 1.511895297999999973e-03
4.467500000000000249e+00 1.492236395000000023e-03
4.469999999999999751e+00 1.473435092999999998e-03
4.472500000000000142e+00 1.478745467999999924e-03
4.474999999999999645e+00 1.451503901999999903e-03
4.477500000000000036e+00 1.468222874999999903e-03
4.480000000000000426e+00 1.456859826999999967e-03
4.482499999999999929e+00 1.442924165999999930e-03
4.485000000000000320e+00 1.440945280000000082e-03
4.487499999999999822e+00 1.432880100999999904e-03
4.490000000000000213e+00 1.411452389000000069e-03
4.492499999999999716e+00 1.414699357000000039e-03
4.495000000000000107e+00 1.407580349999999975e-03
4.497499999999999609e+00 1.397911094000000003e-03
4.500000000000000000e+00 1.388814966999999973e-03
4.502500000000000391e+00 1.390225666000000082e-03
4.504999999999999893e+00 1.386311548000000076e-03
4.507500000000000284e+00 1.360358109000000095e-03
4.509999999999999787e+00 1.370179191999999898e-03
4.512500000000000178e+00 1.367972247999999945e-03
4.514999999999999680e+00 1.356581701999999947e-03
4.517500000000000071e+00 1.342406845000000074e-03
4.519999999999999574e+00 1.354097945999999976e-03
4.522499999999999964e+00 1.331596198000000071e-03
4.525000000000000355e+00 1.314645111999999906e-03
4.527499999999999858e+00 1.331991749000000077e-03
4.530000000000000249e+00 1.302507072999999982e-03
4.532499999999999751e+00 1.308287207000000032e-03
4.535000000000000142e+00 1.302494665999999902e-03
4.537499999999999645e+00 1.307947126999999985e-03
4.540000000000000036e+00 1.281717702999999936e-03
4.542500000000000426e+00 1.276880290999999907e-03
4.544999999999999929e+00 1.271105445999999974e-03
4.547500000000000320e+00 1.260255920000000066e-03
4.549999999999999822e+00 1.256312850999999949e-03
4.552500000000000213e+00 1.252830551000000099e-03
4.554999999999999716e+00 1.244182509000000061e-03
4.557500000000000107e+00 1.232861723999999952e-03
4.559999999999999609e+00 1.226732210999999934e-03
4.562500000000000000e+00 1.211036841000000079e-03
4.565000000000000391e+00 1.209450732000000046e-03
4.567499999999999893e+00 1.207325695000000020e-03
4.570000000000000284e+00 1.194999840000000087e-03
4.572499999999999787e+00 1.198940905999999968e-03
4.575000000000000178e+00 1.180715037000000002e-03
4.577499999999999680e+00 1.175375481000000017e-03
4.580000000000000071e+00 1.178580456999999944e-03
4.582499999999999574e+00 1.171751293000000086e-03
4.584999999999999964e+00 1.157786541000000065e-03
4.587500000000000355e+00 1.148180076000000077e-03
4.589999999999999858e+00 1.152810829999999925e-03
4.592500000000000249e+00 1.134855562000000075e-03
4.594999999999999751e+00 1.119980325000000023e-03
4.597500000000000142e+00 1.138677601000000032e-03
4.599999999999999645e+00 1.124714677000000079e-03
4.602500000000000036e+00 1.104612829999999978e-03
4.605000000000000426e+00 1.099574482000000106e-03
4.607499999999999929e+00 1.076570983999999972e-03
4.610000000000000320e+00 1.103385363999999976e-03
4.612499999999999822e+00 1.070911540999999918e-03
4.615000000000000213e+00 1.077793012000000019e-03
4.617499999999999716e+00 1.071549693000000032e-03
4.620000000000000107e+00 1.057623267999999953e-03
4.622499999999999609e+00 1.042452512000000041e-03
4.625000000000000000e+00 1.033664413999999974e-03
4.627500000000000391e+00 1.040310750000000058e-03
4.629999999999999893e+00 1.019063751999999988e-03
4.632500000000000284e+00 1.020229862999999905e-03
4.634999999999999787e+00 1.015928941000000070e-03
4.637500000000000178e+00 1.018763716999999958e-03
4.639999999999999680e+00 1.002106001999999996e-03
4.642500000000000071e+00 9.993409522999999618e-04
4.644999999999999574e+00 9.887355854000000940e-04
4.647499999999999964e+00 9.698627412999999463e-04
4.650000000000000355e+00 9.892716266000000855e-04
4.652499999999999858e+00 9.738487321999999896e-04
4.655000000000000249e+00 9.549017947000000041e-04
4.657499999999999751e+00 9.676567639000000116e-04
4.660000000000000142e+00 9.430998217999999895e-04
4.662499999999999645e+00 9.441137339000000217e-04
4.665000000000000036e+00 9.411695733999999539e-04
4.667500000000000426e+00 9.225262817000000337e-04
4.669999999999999929e+00 9.306669933999999790e-04
4.672500000000000320e+00 9.190314964000000477e-04
4.674999999999999822e+00 9.145133925999999721e-04
4.677500000000000213e+00 8.971113023000000519e-04
4.679999999999999716e+00 8.927437411000000399e-04
4.682500000000000107e+00 8.977384621000000049e-04
4.684999999999999609e+00 8.829784840999999702e-04
4.687500000000000000e+00 8.876866418000000248e-04
4.690000000000000391e+00 8.718107308000000400e-04
4.692499999999999893e+00 8.600935284999999819e-04
4.695000000000000284e+00 8.439271893999999823e-04
4.697499999999999787e+00 8.442090420000000024e-04
4.700000000000000178e+00 8.425899118000000111e-04
4.702499999999999680e+00 8.332087924999999730e-04
4.705000000000000071e+00 8.254587667999999578e-04
4.707499999999999574e+00 8.305991952000000515e-04
4.709999999999999964e+00 8.118193475999999726e-04
4.712500000000000355e+00 8.057800488000000380e-04
4.714999999999999858e+00 7.994783010000000491e-04
4.717500000000000249e+00 7.957706665000000533e-04
4.719999999999999751e+00 7.775621132000000262e-04
4.722500000000000142e+00 7.592801657000000344e-04
4.724999999999999645e+00 7.659719188999999841e-04
4.727500000000000036e+00 7.592948690999999596e-04
4.730000000000000426e+00 7.641117893999999468e-04
4.732499999999999929e+00 7.450930081000000033e-04
4.735000000000000320e+00 7.434183063000000423e-04
4.737499999999999822e+00 7.334905995000000432e-04
4.740000000000000213e+00 7.229771303000000378e-04
4.742499999999999716e+00 7.073875223999999623e-04
4.745000000000000107e+00 7.113804883999999768e-04
4.747499999999999609e+00 6.991009559999999999e-04
4.750000000000000000e+00 7.004917321000000063e-04
4.752500000000000391e+00 6.769800361000000372e-04
4.754999999999999893e+00 6.830005993000000473e-04
4.757500000000000284e+00 6.682628719999999644e-04
4.759999999999999787e+00 6.641754028999999598e-04
4.762500000000000178e+00 6.596184859999999544e-04
4.764999999999999680e+00 6.538734178999999975e-04
4.767500000000000071e+00 6.426350434999999507e-04
4.769999999999999574e+00 6.311222572000000329e-04
4.772499999999999964e+00 6.309218807000000146e-04
4.775000000000000355e+00 6.276100305000000034e-04
4.777499999999999858e+00 6.237803627999999974e-04
4.780000000000000249e+00 6.071870726000000397e-04
4.782499999999999751e+00 6.135790352999999581e-04
4.785000000000000142e+00 6.056975105000000047e-04
4.787499999999999645e+00 5.977665632999999701e-04
4.790000000000000036e+00 5.715160849000000022e-04
4.792500000000000426e+00 5.870448290000000475e-04
4.794999999999999929e+00 5.640934059999999986e-04
4.797500000000000320e+00 5.645313048999999481e-04
4.799999999999999822e+00 5.553669582999999632e-04
4.802500000000000213e+00 5.397464916999999626e-04
4.804999999999999716e+00 5.451071462999999709e-04
4.807500000000000107e+00 5.417692294999999466e-04
4.809999999999999609e+00 5.336938223000000248e-04
4.812500000000000000e+00 5.128266469000000109e-04
4.815000000000000391e+00 5.209114196000000233e-04
4.817499999999999893e+00 5.005393487999999910e-04
4.820000000000000284e+00 4.994297800000000462e-04
4.822499999999999787e+00 5.047910991000000014e-04
4.825000000000000178e+00 4.860923568999999853e-04
4.827499999999999680e+00 4.730808690000000145e-04
4.830000000000000071e+00 4.704161405000000114e-04
4.832499999999999574e+00 4.795101101000000211e-04
4.834999999999999964e+00 4.578458163999999764e-04
4.837500000000000355e+00 4.632075836000000167e-04
4.839999999999999858e+00 4.430853255000000179e-04
4.842500000000000249e+00 4.405002612000000249e-04
4.844999999999999751e+00 4.361674469000000249e-04
4.847500000000000142e+00 4.238450618000000184e-04
4.849999999999999645e+00 4.071945368000000039e-04
4.852500000000000036e+00 4.150203684999999852e-04
4.855000000000000426e+00 4.053422307999999846e-04
4.857499999999999929e+00 3.992240912000000240e-04
4.860000000000000320e+00 3.840392829999999809e-04
4.862499999999999822e+00 3.730282144999999766e-04
4.865000000000000213e+00 3.808657167999999777e-04
4.867499999999999716e+00 3.762290319999999863e-04
4.870000000000000107e+00 3.674013419999999901e-04
4.872499999999999609e+00 3.395223094999999893e-04
4.875000000000000000e+00 3.639642414999999975e-04
4.877500000000000391e+00 3.579781694999999804e-04
4.879999999999999893e+00 3.487038756000000153e-04
4.882500000000000284e+00 3.249824959999999966e-04
4.884999999999999787e+00 3.326407376999999770e-04
4.887500000000000178e+00 3.157494121999999785e-04
4.889999999999999680e+00 2.987630928000000103e-04
4.892500000000000071e+00 2.902065095000000167e-04
4.894999999999999574e+00 2.952672076999999845e-04
4.897499999999999964e+00 2.746986810000000214e-04
4.900000000000000355e+00 2.693623919000000147e-04
4.902499999999999858e+00 2.806926086999999930e-04
4.905000000000000249e+00 2.661592448999999892e-04
4.907499999999999751e+00 2.546087517999999928e-04
4.910000000000000142e+00 2.495971053999999825e-04
4.912499999999999645e+00 2.353931366000000026e-04
4.915000000000000036e+00 2.438032193999999954e-04
4.917500000000000426e+00 2.309597489999999978e-04
4.919999999999999929e+00 2.110602647999999901e-04
4.922500000000000320e+00 2.097512192999999986e-04
4.924999999999999822e+00 2.098034386000000116e-04
4.927500000000000213e+00 2.151925305000000036e-04
4.929999999999999716e+00 1.933643130000000103e-04
4.932500000000000107e+00 1.881377660000000068e-04
4.934999999999999609e+00 1.846032306000000133e-04
4.937500000000000000e+00 1.821480336000000117e-04
4.940000000000000391e+00 1.699162958999999955e-04
4.942499999999999893e+00 1.561274819000000116e-04
4.945000000000000284e+00 1.409191874999999932e-04
4.947499999999999787e+00 1.570863734999999916e-04
4.950000000000000178e+00 1.316322851999999989e-04
4.952499999999999680e+00 1.332148251000000040e-04
4.955000000000000071e+00 1.182007747999999967e-04
4.957499999999999574e+00 1.197173540000000009e-04
4.959999999999999964e+00 1.275765376999999897e-04
4.962500000000000355e+00 9.778889140000000335e-05
4.964999999999999858e+00 1.016387026999999998e-04
4.967500000000000249e+00 9.091286870999999844e-05
4.969999999999999751e+00 7.253897166999999694e-05
4.972500000000000142e+00 6.450385241999999895e-05
4.974999999999999645e+00 7.375134905999999944e-05
4.977500000000000036e+00 4.876475751000000132e-05
4.980000000000000426e+00 5.322566699999999734e-05
4.982499999999999929e+00 4.618333090000000202e-05
4.985000000000000320e+00 3.845776648000000171e-05
4.987499999999999822e+00 3.833043227000000104e-05
4.990000000000000213e+00 2.821752872999999944e-05
4.992499999999999716e+00 1.485734630999999968e-05
4.995000000000000107e+00 6.964065227999999600e-06
4.997499999999999609e+00 2.048787988000000152e-05
5.000000000000000000e+00 0.000000000000000000e+00
5.002500000000000391e+00 -2.048787988000000152e-05
5.004999999999999893e+00 -6.964065227999999600e-06
5.007500000000000284e+00 -1.485734630999999968e-05
5.009999999999999787e+00 -2.821752872999999944e-05
5.012500000000000178e+00 -3.833043227000000104e-05
5.014999999999999680e+00 -3.845776648000000171e-05
5.017500000000000071e+00 -4.618333090000000202e-05
5.019999999999999574e+00 -5.322566699999999734e-05
5.022499999999999964e+00 -4.876475751000000132e-05
5.025000000000000355e+00 -7.375134905999999944e-05
5.027499999999999858e+00 -6.450385241999999895e-05
5.030000000000000249e+00 -7.253897166999999694e-05
5.032499999999999751e+00 -9.091286870999999844e-05
5.035000000000000142e+00 -1.016387026999999998e-04
5.037499999999999645e+00 -9.778889140000000335e-05
5.040000000000000036e+00 -1.275765376999999897e-04
5.042500000000000426e+00 -1.197173540000000009e-04
5.044999999999999929e+00 -1.182007747999999967e-04
5.047500000000000320e+00 -1.332148251000000040e-04
5.049999999999999822e+00 -1.316322851999999989e-04
5.052500000000000213e+00 -1.570863734999999916e-04
5.054999999999999716e+00 -1.409191874999999932e-04
5.057500000000000107e+00 -1.561274819000000116e-04
5.059999999999999609e+00 -1.699162958999999955e-04
5.062500000000000000e+00 -1.821480336000000117e-04
5.065000000000000391e+00 -1.846032306000000133e-04
5.067499999999999893e+00 -1.881377660000000068e-04
5.070000000000000284e+00 -1.933643130000000103e-04
5.072499999999999787e+00 -2.151925305000000036e-04
5.075000000000000178e+00 -2.098034386000000116e-04
5.077499999999999680e+00 -2.097512192999999986e-04
5.080000000000000071e+00 -2.110602647999999901e-04
5.082499999999999574e+00 -2.309597489999999978e-04
5.084999999999999964e+00 -2.438032193999999954e-04
5.087500000000000355e+00 -2.353931366000000026e-04
5.089999999999999858e+00 -2.495971053999999825e-04
5.092500000000000249e+00 -2.546087517999999928e-04
5.094999999999999751e+00 -2.661592448999999892e-04
5.097500000000000142e+00 -2.806926086999999930e-04
5.099999999999999645e+00 -2.693623919000000147e-04
5.102500000000000036e+00 -2.746986810000000214e-04
5.105000000000000426e+00 -2.952672076999999845e-04
5.107499999999999929e+00 -2.902065095000000167e-04
5.110000000000000320e+00 -2.987630928000000103e-04
5.112499999999999822e+00 -3.157494121999999785e-04
5.115000000000000213e+00 -3.326407376999999770e-04
5.117499999999999716e+00 -3.249824959999999966e-04
5.120000000000000107e+00 -3.487038756000000153e-04
5.122499999999999609e+00 -3.579781694999999804e-04
5.125000000000000000e+00 -3.639642414999999975e-04
5.127500000000000391e+00 -3.395223094999999893e-04
5.129999999999999893e+00 -3.674013419999999901e-04
5.132500000000000284e+00 -3.762290319999999863e-04
5.134999999999999787e+00 -3.808657167999999777e-04
5.137500000000000178e+00 -3.730282144999999766e-04
5.139999999999999680e+00 -3.840392829999999809e-04
5.142500000000000071e+00 -3.992240912000000240e-04
5.144999999999999574e+00 -4.053422307999999846e-04
5.147499999999999964e+00 -4.150203684999999852e-04
5.150000000000000355e+00 -4.071945368000000039e-04
5.152499999999999858e+00 -4.238450618000000184e-04
5.155000000000000249e+00 -4.361674469000000249e-04
5.157499999999999751e+00 -4.405002612000000249e-04
5.160000000000000142e+00 -4.430853255000000179e-04
5.162499999999999645e+00 -4.632075836000000167e-04
5.165000000000000036e+00 -4.578458163999999764e-04
5.167500000000000426e+00 -4.795101101000000211e-04
5.169999999999999929e+00 -4.704161405000000114e-04
5.172500000000000320e+00 -4.730808690000000145e-04
5.174999999999999822e+00 -4.860923568999999853e-04
5.177500000000000213e+00 -5.047910991000000014e-04
5.179999999999999716e+00 -4.994297800000000462e-04
5.182500000000000107e+00 -5.005393487999999910e-04
5.184999999999999609e+00 -5.209114196000000233e-04
5.187500000000000000e+00 -5.128266469000000109e-04
5.190000000000000391e+00 -5.336938223000000248e-04
5.192499999999999893e+00 -5.417692294999999466e-04
5.195000000000000284e+00 -5.451071462999999709e-04
5.197499999999999787e+00 -5.397464916999999626e-04
5.200000000000000178e+00 -5.553669582999999632e-04
5.202499999999999680e+00 -5.645313048999999481e-04
5.205000000000000071e+00 -5.640934059999999986e-04
5.207499999999999574e+00 -5.870448290000000475e-04
5.209999999999999964e+00 -5.715160849000000022e-04
5.212500000000000355e+00 -5.977665632999999701e-04
5.214999999999999858e+00 -6.056975105000000047e-04
5.217500000000000249e+00 -6.135790352999999581e-04
5.219999999999999751e+00 -6.071870726000000397e-04
5.222500000000000142e+00 -6.237803627999999974e-04
5.224999999999999645e+00 -6.276100305000000034e-04
5.227500000000000036e+00 -6.309218807000000146e-04
5.230000000000000426e+00 -6.311222572000000329e-04
5.232499999999999929e+00 -6.426350434999999507e-04
5.235000000000000320e+00 -6.538734178999999975e-04
5.237499999999999822e+00 -6.596184859999999544e-04
5.240000000000000213e+00 -6.641754028999999598e-04
5.242499999999999716e+00 -6.682628719999999644e-04
5.245000000000000107e+00 -6.830005993000000473e-04
5.247499999999999609e+00 -6.769800361000000372e-04
5.250000000000000000e+00 -7.004917321000000063e-04
5.252500000000000391e+00 -6.991009559999999999e-04
5.254999999999999893e+00 -7.113804883999999768e-04
5.257500000000000284e+00 -7.073875223999999623e-04
5.259999999999999787e+00 -7.229771303000000378e-04
5.262500000000000178e+00 -7.334905995000000432e-04
5.264999999999999680e+00 -7.434183063000000423e-04
5.267500000000000071e+00 -7.450930081000000033e-04
5.269999999999999574e+00 -7.641117893999999468e-04
5.272499999999999964e+00 -7.592948690999999596e-04
5.275000000000000355e+00 -7.659719188999999841e-04
5.277499999999999858e+00 -7.592801657000000344e-04
5.280000000000000249e+00 -7.775621132000000262e-04
5.282499999999999751e+00 -7.957706665000000533e-04
5.285000000000000142e+00 -7.994783010000000491e-04
5.287499999999999645e+00 -8.057800488000000380e-04
5.290000000000000036e+00 -8.118193475999999726e-04
5.292500000000000426e+00 -8.305991952000000515e-04
5.294999999999999929e+00 -8.254587667999999578e-04
5.297500000000000320e+00 -8.332087924999999730e-04
5.299999999999999822e+00 -8.425899118000000111e-04
5.302500000000000213e+00 -8.442090420000000024e-04
5.304999999999999716e+00 -8.439271893999999823e-04
5.307500000000000107e+00 -8.600935284999999819e-04
5.309999999999999609e+00 -8.718107308000000400e-04
5.312500000000000000e+00 -8.876866418000000248e-04
5.315000000000000391e+00 -8.829784840999999702e-04
5.317499999999999893e+00 -8.977384621000000049e-04
5.320000000000000284e+00 -8.927437411000000399e-04
5.322499999999999787e+00 -8.971113023000000519e-04
5.325000000000000178e+00 -9.145133925999999721e-04
5.327499999999999680e+00 -9.190314964000000477e-04
5.330000000000000071e+00 -9.306669933999999790e-04
5.332499999999999574e+00 -9.225262817000000337e-04
5.334999999999999964e+00 -9.411695733999999539e-04
5.337500000000000355e+00 -9.441137339000000217e-04
5.339999999999999858e+00 -9.430998217999999895e-04
5.342500000000000249e+00 -9.676567639000000116e-04
5.344999999999999751e+00 -9.549017947000000041e-04
5.347500000000000142e+00 -9.738487321999999896e-04
5.349999999999999645e+00 -9.892716266000000855e-04
5.352500000000000036e+00 -9.698627412999999463e-04
5.355000000000000426e+00 -9.887355854000000940e-04
5.357499999999999929e+00 -9.993409522999999618e-04
5.360000000000000320e+00 -1.002106001999999996e-03
5.362499999999999822e+00 -1.018763716999999958e-03
5.365000000000000213e+00 -1.015928941000000070e-03
5.367499999999999716e+00 -1.020229862999999905e-03
5.370000000000000107e+00 -1.019063751999999988e-03
5.372499999999999609e+00 -1.040310750000000058e-03
5.375000000000000000e+00 -1.033664413999999974e-03
5.377500000000000391e+00 -1.042452512000000041e-03
5.379999999999999893e+00 -1.057623267999999953e-03
5.382500000000000284e+00 -1.071549693000000032e-03
5.384999999999999787e+00 -1.077793012000000019e-03
5.387500000000000178e+00 -1.070911540999999918e-03
5.389999999999999680e+00 -1.103385363999999976e-03
5.392500000000000071e+00 -1.076570983999999972e-03
5.394999999999999574e+00 -1.099574482000000106e-03
5.397499999999999964e+00 -1.104612829999999978e-03
5.400000000000000355e+00 -1.124714677000000079e-03
5.402499999999999858e+00 -1.138677601000000032e-03
5.405000000000000249e+00 -1.119980325000000023e-03
5.407499999999999751e+00 -1.134855562000000075e-03
5.410000000000000142e+00 -1.152810829999999925e-03
5.412499999999999645e+00 -1.148180076000000077e-03
5.415000000000000036e+00 -1.157786541000000065e-03
5.417500000000000426e+00 -1.171751293000000086e-03
5.419999999999999929e+00 -1.178580456999999944e-03
5.422500000000000320e+00 -1.175375481000000017e-03
5.424999999999999822e+00 -1.180715037000000002e-03
5.427500000000000213e+00 -1.198940905999999968e-03
5.429999999999999716e+00 -1.194999840000000087e-03
5.432500000000000107e+00 -1.207325695000000020e-03
5.434999999999999609e+00 -1.209450732000000046e-03
5.437500000000000000e+00 -1.211036841000000079e-03
5.440000000000000391e+00 -1.226732210999999934e-03
5.442499999999999893e+00 -1.232861723999999952e-03
5.445000000000000284e+00 -1.244182509000000061e-03
5.447499999999999787e+00 -1.252830551000000099e-03
5.450000000000000178e+00 -1.256312850999999949e-03
5.452499999999999680e+00 -1.260255920000000066e-03
5.455000000000000071e+00 -1.271105445999999974e-03
5.457499999999999574e+00 -1.276880290999999907e-03
5.459999999999999964e+00 -1.281717702999999936e-03
5.462500000000000355e+00 -1.307947126999999985e-03
5.464999999999999858e+00 -1.302494665999999902e-03
5.467500000000000249e+00 -1.308287207000000032e-03
5.469999999999999751e+00 -1.302507072999999982e-03
5.472500000000000142e+00 -1.331991749000000077e-03
5.474999999999999645e+00 -1.314645111999999906e-03
5.477500000000000036e+00 -1.331596198000000071e-03
5.480000000000000426e+00 -1.354097945999999976e-03
5.482499999999999929e+00 -1.342406845000000074e-03
5.485000000000000320e+00 -1.356581701999999947e-03
5.487499999999999822e+00 -1.367972247999999945e-03
5.490000000000000213e+00 -1.370179191999999898e-03
5.492499999999999716e+00 -1.360358109000000095e-03
5.495000000000000107e+00 -1.386311548000000076e-03
5.497499999999999609e+00 -1.390225666000000082e-03
5.500000000000000000e+00 -1.388814966999999973e-03
5.502500000000000391e+00 -1.397911094000000003e-03
5.504999999999999893e+00 -1.407580349999999975e-03
5.507500000000000284e+00 -1.414699357000000039e-03
5.509999999999999787e+00 -1.411452389000000069e-03
5.512500000000000178e+00 -1.432880100999999904e-03
5.514999999999999680e+00 -1.440945280000000082e-03
5.517500000000000071e+00 -1.442924165999999930e-03
5.519999999999999574e+00 -1.456859826999999967e-03
5.522499999999999964e+00 -1.468222874999999903e-03
5.525000000000000355e+00 -1.451503901999999903e-03
5.527499999999999858e+00 -1.478745467999999924e-03
5.530000000000000249e+00 -1.473435092999999998e-03
5.532499999999999751e+00 -1.492236395000000023e-03
5.535000000000000142e+00 -1.511895297999999973e-03
5.537499999999999645e+00 -1.491606414000000002e-03
5.540000000000000036e+00 -1.500016471999999915e-03
5.542500000000000426e+00 -1.523939446999999928e-03
5.544999999999999929e+00 -1.513176027000000083e-03
5.547500000000000320e+00 -1.538239350999999954e-03
5.549999999999999822e+00 -1.535490731999999926e-03
5.552500000000000213e+00 -1.533918749000000043e-03
5.554999999999999716e+00 -1.532289871000000036e-03
5.557500000000000107e+00 -1.538903693999999931e-03
5.559999999999999609e+00 -1.581596866000000009e-03
5.562500000000000000e+00 -1.573304894000000093e-03
5.565000000000000391e+00 -1.581884802000000029e-03
5.567499999999999893e+00 -1.585198407000000011e-03
5.570000000000000284e+00 -1.589893438999999973e-03
5.572499999999999787e+00 -1.596560189000000018e-03
5.575000000000000178e+00 -1.607150609000000067e-03
5.577499999999999680e+00 -1.623599927000000075e-03
5.580000000000000071e+00 -1.614403546999999915e-03
5.582499999999999574e+00 -1.623398333000000042e-03
5.584999999999999964e+00 -1.634722100999999941e-03
5.587500000000000355e+00 -1.635759390000000044e-03
5.589999999999999858e+00 -1.674383899000000085e-03
5.592500000000000249e+00 -1.647578283999999969e-03
5.594999999999999751e+00 -1.663824459000000063e-03
5.597500000000000142e+00 -1.664213494000000085e-03
5.599999999999999645e+00 -1.685715423999999997e-03
5.602500000000000036e+00 -1.682020857000000045e-03
5.605000000000000426e+00 -1.717386920000000010e-03
5.607499999999999929e+00 -1.684575636000000065e-03
5.610000000000000320e+00 -1.715036290999999999e-03
5.612499999999999822e+00 -1.717554710000000024e-03
5.615000000000000213e+00 -1.731170936999999917e-03
5.617499999999999716e+00 -1.733718714999999940e-03
5.620000000000000107e+00 -1.726417533000000094e-03
5.622499999999999609e+00 -1.742926720000000053e-03
5.625000000000000000e+00 -1.744538512000000027e-03
5.627500000000000391e+00 -1.754469727999999947e-03
5.629999999999999893e+00 -1.763583499999999945e-03
5.632500000000000284e+00 -1.774301041000000100e-03
5.634999999999999787e+00 -1.784384904000000044e-03
5.637500000000000178e+00 -1.794005535000000023e-03
5.639999999999999680e+00 -1.779176385999999910e-03
5.642500000000000071e+00 -1.809610188000000024e-03
5.644999999999999574e+00 -1.804183857000000047e-03
5.647499999999999964e+00 -1.804959370999999896e-03
5.650000000000000355e+00 -1.825077216000000040e-03
5.652499999999999858e+00 -1.824343183000000108e-03
5.655000000000000249e+00 -1.838350449000000037e-03
5.657499999999999751e+00 -1.837000107000000097e-03
5.660000000000000142e+00 -1.852979376000000056e-03
5.662499999999999645e+00 -1.844094380999999894e-03
5.665000000000000036e+00 -1.862425481000000048e-03
5.667500000000000426e+00 -1.860939913000000077e-03
5.669999999999999929e+00 -1.870816462000000078e-03
5.672500000000000320e+00 -1.885984668999999983e-03
5.674999999999999822e+00 -1.904514720000000105e-03
5.677500000000000213e+00 -1.898188075000000006e-03
5.679999999999999716e+00 -1.897895442000000106e-03
5.682500000000000107e+00 -1.915056131999999956e-03
5.684999999999999609e+00 -1.935641845999999970e-03
5.687500000000000000e+00 -1.926116633999999921e-03
5.690000000000000391e+00 -1.919042987000000103e-03
5.692499999999999893e+00 -1.941443639999999990e-03
5.695000000000000284e+00 -1.928801577000000033e-03
5.697499999999999787e+00 -1.961102573000000036e-03
5.700000000000000178e+00 -1.962927896000000050e-03
5.702499999999999680e+00 -1.978026681999999793e-03
5.705000000000000071e+00 -1.980603886999999976e-03
5.707499999999999574e+00 -1.991668235000000186e-03
5.709999999999999964e+00 -1.989723168999999858e-03
5.712500000000000355e+00 -1.987016241000000207e-03
5.714999999999999858e+00 -1.978853027999999924e-03
5.717500000000000249e+00 -2.003991758000000113e-03
5.719999999999999751e+00 -2.029877709000000013e-03
5.722500000000000142e+00 -2.028063948000000203e-03
5.724999999999999645e+00 -2.023974986999999958e-03
5.727500000000000036e+00 -2.037294052000000050e-03
5.730000000000000426e+00 -2.042248543999999975e-03
5.732499999999999929e+00 -2.061127719000000000e-03
5.735000000000000320e+00 -2.053207863000000057e-03
5.737499999999999822e+00 -2.069615576000000210e-03
5.740000000000000213e+00 -2.073407912000000027e-03
5.742499999999999716e+00 -2.066659537999999789e-03
5.745000000000000107e+00 -2.075608890999999963e-03
5.747499999999999609e+00 -2.078822542000000138e-03
5.750000000000000000e+00 -2.091366572000000201e-03
5.752500000000000391e+00 -2.119374420999999876e-03
5.754999999999999893e+00 -2.116296787000000040e-03
5.757500000000000284e+00 -2.129748116999999850e-03
5.759999999999999787e+00 -2.134193043000000203e-03
5.762500000000000178e+00 -2.132739174999999984e-03
5.764999999999999680e+00 -2.157601858999999914e-03
5.767500000000000071e+00 -2.152544866000000168e-03
5.769999999999999574e+00 -2.160938530999999881e-03
5.772499999999999964e+00 -2.168963977999999876e-03
5.775000000000000355e+00 -2.187840572999999803e-03
5.777499999999999858e+00 -2.186655931000000205e-03
5.780000000000000249e+00 -2.183362321999999904e-03
5.782499999999999751e+00 -2.207159713999999953e-03
5.785000000000000142e+00 -2.201728580999999865e-03
5.787499999999999645e+00 -2.198264297999999797e-03
5.790000000000000036e+00 -2.213362774999999907e-03
5.792500000000000426e+00 -2.210554977999999986e-03
5.794999999999999929e+00 -2.224667223000000027e-03
5.797500000000000320e+00 -2.232815771999999924e-03
5.799999999999999822e+00 -2.241969613000000059e-03
5.802500000000000213e+00 -2.252636324000000141e-03
5.804999999999999716e+00 -2.254359303000000141e-03
5.807500000000000107e+00 -2.265526062000000097e-03
5.809999999999999609e+00 -2.266692993000000208e-03
5.812500000000000000e+00 -2.293250342000000084e-03
5.815000000000000391e+00 -2.275028398999999826e-03
5.817499999999999893e+00 -2.293542734000000079e-03
5.820000000000000284e+00 -2.301523625999999864e-03
5.822499999999999787e+00 -2.309098856999999925e-03
5.825000000000000178e+00 -2.323378559000000010e-03
5.827499999999999680e+00 -2.318386369999999794e-03
5.830000000000000071e+00 -2.323263203999999943e-03
5.832499999999999574e+00 -2.318201460000000099e-03
5.834999999999999964e+00 -2.336355077000000155e-03
5.837500000000000355e+00 -2.359064528000000185e-03
5.839999999999999858e+00 -2.358817421000000084e-03
5.842500000000000249e+00 -2.368389825999999993e-03
5.844999999999999751e+00 -2.381414871000000089e-03
5.847500000000000142e+00 -2.377746329000000013e-03
5.849999999999999645e+00 -2.378077814999999921e-03
5.852500000000000036e+00 -2.385417986999999879e-03
5.855000000000000426e+00 -2.401443576999999930e-03
5.857499999999999929e+00 -2.417634606999999845e-03
5.860000000000000320e+00 -2.424846716000000207e-03
5.862499999999999822e+00 -2.414840427000000157e-03
5.865000000000000213e+00 -2.413089383999999973e-03
5.867499999999999716e+00 -2.446038692000000042e-03
5.870000000000000107e+00 -2.448923195000000073e-03
5.872499999999999609e+00 -2.443171409000000158e-03
5.875000000000000000e+00 -2.462343334000000050e-03
5.877500000000000391e+00 -2.454502845999999988e-03
5.879999999999999893e+00 -2.465390240999999934e-03
5.882500000000000284e+00 -2.489273488999999961e-03
5.884999999999999787e+00 -2.486671041000000030e-03
5.887500000000000178e+00 -2.490018312000000147e-03
5.889999999999999680e+00 -2.501921319999999855e-03
5.892500000000000071e+00 -2.504884752999999784e-03
5.894999999999999574e+00 -2.508712536000000208e-03
5.897499999999999964e+00 -2.520469404000000128e-03
5.900000000000000355e+00 -2.520532703000000034e-03
5.902499999999999858e+00 -2.543327846999999826e-03
5.905000000000000249e+00 -2.545945148999999817e-03
5.907499999999999751e+00 -2.552423812000000070e-03
5.910000000000000142e+00 -2.559650698999999929e-03
5.912499999999999645e+00 -2.574166207000000168e-03
5.915000000000000036e+00 -2.575206378999999809e-03
5.917500000000000426e+00 -2.575871271000000195e-03
5.919999999999999929e+00 -2.597423052999999968e-03
5.922500000000000320e+00 -2.582173674000000016e-03
5.924999999999999822e+00 -2.582513701000000057e-03
5.927500000000000213e+00 -2.604891021000000154e-03
5.929999999999999716e+00 -2.633031956000000170e-03
5.932500000000000107e+00 -2.628836493000000045e-03
5.934999999999999609e+00 -2.636168198000000008e-03
5.937500000000000000e+00 -2.644642428000000024e-03
5.940000000000000391e+00 -2.644961191000000031e-03
5.942499999999999893e+00 -2.636941110999999841e-03
5.945000000000000284e+00 -2.653665943000000065e-03
5.947499999999999787e+00 -2.661304895000000080e-03
5.950000000000000178e+00 -2.673472139999999962e-03
5.952499999999999680e+00 -2.679507258000000079e-03
5.955000000000000071e+00 -2.695817675999999993e-03
5.957499999999999574e+00 -2.694635423999999953e-03
5.959999999999999964e+00 -2.702668890999999993e-03
5.962500000000000355e+00 -2.707213972000000000e-03
5.964999999999999858e+00 -2.707636650999999811e-03
5.967500000000000249e+00 -2.721026915999999896e-03
5.969999999999999751e+00 -2.739305024999999939e-03
5.972500000000000142e+00 -2.713276957999999784e-03
5.974999999999999645e+00 -2.744965851999999883e-03
5.977500000000000036e+00 -2.745848461999999841e-03
5.980000000000000426e+00 -2.739093277999999927e-03
5.982499999999999929e+00 -2.758350949999999798e-03
5.985000000000000320e+00 -2.769969375999999962e-03
5.987499999999999822e+00 -2.780653901999999983e-03
5.990000000000000213e+00 -2.794462164999999935e-03
5.992499999999999716e+00 -2.780462042999999866e-03
5.995000000000000107e+00 -2.794577795000000205e-03
5.997499999999999609e+00 -2.808854018999999876e-03
6.000000000000000000e+00 -2.819120832000000191e-03
6.002500000000000391e+00 -2.804261983000000142e-03
6.004999999999999893e+00 -2.834195991999999796e-03
6.007500000000000284e+00 -2.856053993999999822e-03
6.009999999999999787e+00 -2.859757443000000062e-03
6.012500000000000178e+00 -2.845202398999999941e-03
6.014999999999999680e+00 -2.852120628000000182e-03
6.017500000000000071e+00 -2.857080499999999860e-03
6.019999999999999574e+00 -2.876465665999999866e-03
6.022499999999999964e+00 -2.902568656999999878e-03
6.025000000000000355e+00 -2.882515627000000087e-03
6.027499999999999858e+00 -2.880559086000000074e-03
6.030000000000000249e+00 -2.906667846000000020e-03
6.032499999999999751e+00 -2.903354776999999848e-03
6.035000000000000142e+00 -2.923144904000000207e-03
6.037499999999999645e+00 -2.920802241000000025e-03
6.040000000000000036e+00 -2.918432245000000206e-03
6.042500000000000426e+00 -2.932344821000000112e-03
6.044999999999999929e+00 -2.954519457999999973e-03
6.047500000000000320e+00 -2.943210034999999784e-03
6.049999999999999822e+00 -2.967513992000000121e-03
6.052500000000000213e+00 -2.967254630999999979e-03
6.054999999999999716e+00 -2.958533490999999942e-03
6.057500000000000107e+00 -2.988600237000000031e-03
6.059999999999999609e+00 -2.990981364000000042e-03
6.062500000000000000e+00 -2.984956841000000090e-03
6.065000000000000391e+00 -3.005125448999999924e-03
6.067499999999999893e+00 -3.004111710000000046e-03
6.070000000000000284e+00 -3.018218713000000216e-03
6.072499999999999787e+00 -3.030777587999999943e-03
6.075000000000000178e+00 -3.018378745000000005e-03
6.077499999999999680e+00 -3.035194904000000030e-03
6.080000000000000071e+00 -3.042263548999999886e-03
6.082499999999999574e+00 -3.040795979000000208e-03
6.084999999999999964e+00 -3.066932214000000090e-03
6.087500000000000355e+00 -3.057976559999999941e-03
6.089999999999999858e+00 -3.069638452999999892e-03
6.092500000000000249e+00 -3.076372525000000031e-03
6.094999999999999751e+00 -3.102703186000000182e-03
6.097500000000000142e+00 -3.093766492000000166e-03
6.099999999999999645e+00 -3.109506628999999817e-03
6.102500000000000036e+00 -3.108151526000000036e-03
6.105000000000000426e+00 -3.113228904999999856e-03
6.107499999999999929e+00 -3.127084952000000126e-03
6.110000000000000320e+00 -3.132228371000000174e-03
6.112499999999999822e+00 -3.143786009999999936e-03
6.115000000000000213e+00 -3.135165603999999842e-03
6.117499999999999716e+00 -3.137119291999999979e-03
6.120000000000000107e+00 -3.150541265000000000e-03
6.122499999999999609e+00 -3.161499063000000088e-03
6.125000000000000000e+00 -3.173980839999999970e-03
6.127500000000000391e+00 -3.189674356999999856e-03
6.129999999999999893e+00 -3.203885710999999827e-03
6.132500000000000284e+00 -3.206512071000000054e-03
6.134999999999999787e+00 -3.200820062999999802e-03
6.137500000000000178e+00 -3.232122479999999850e-03
6.139999999999999680e+00 -3.225820874999999876e-03
6.142500000000000071e+00 -3.232602729999999903e-03
6.144999999999999574e+00 -3.236218724000000050e-03
6.147499999999999964e+00 -3.251215672999999921e-03
6.150000000000000355e+00 -3.245839931000000112e-03
6.152499999999999858e+00 -3.256019394999999910e-03
6.155000000000000249e+00 -3.281679014999999960e-03
6.157499999999999751e+00 -3.276895601999999918e-03
6.160000000000000142e+00 -3.275998068000000180e-03
6.162499999999999645e+00 -3.274274569000000090e-03
6.165000000000000036e+00 -3.296050501000000188e-03
6.167500000000000426e+00 -3.300501329999999938e-03
6.169999999999999929e+00 -3.306440150000000168e-03
6.172500000000000320e+00 -3.322685374999999938e-03
6.174999999999999822e+00 -3.323309064000000163e-03
6.177500000000000213e+00 -3.332527783999999962e-03
6.179999999999999716e+00 -3.348935127999999855e-03
6.182500000000000107e+00 -3.345432370000000002e-03
6.184999999999999609e+00 -3.347374196999999829e-03
6.187500000000000000e+00 -3.371593808999999789e-03
6.190000000000000391e+00 -3.368514859000000007e-03
6.192499999999999893e+00 -3.368423591999999966e-03
6.195000000000000284e+00 -3.375355805999999837e-03
6.197499999999999787e+00 -3.395834407000000027e-03
6.200000000000000178e+00 -3.396770328999999897e-03
6.202499999999999680e+00 -3.422793319999999952e-03
6.205000000000000071e+00 -3.395351715000000190e-03
6.207499999999999574e+00 -3.432718919000000198e-03
6.209999999999999964e+00 -3.416385984000000053e-03
6.212500000000000355e+00 -3.424611622999999827e-03
6.214999999999999858e+00 -3.425605606000000150e-03
6.217500000000000249e+00 -3.432856220000000177e-03
6.219999999999999751e+00 -3.459619305999999794e-03
6.222500000000000142e+00 -3.456603504000000087e-03
6.224999999999999645e+00 -3.484439517999999864e-03
6.227500000000000036e+00 -3.476345249999999911e-03
6.230000000000000426e+00 -3.487378399999999882e-03
6.232499999999999929e+00 -3.493745514000000038e-03
6.235000000000000320e+00 -3.507528524999999845e-03
6.237499999999999822e+00 -3.495919246999999990e-03
6.240000000000000213e+00 -3.514974017000000069e-03
6.242499999999999716e+00 -3.520399097000000057e-03
6.245000000000000107e+00 -3.538648550000000111e-03
6.247499999999999609e+00 -3.542646110999999980e-03
6.250000000000000000e+00 -3.541206201999999928e-03
6.252500000000000391e+00 -3.554625669999999984e-03
6.254999999999999893e+00 -3.545084790999999871e-03
6.257500000000000284e+00 -3.562565917999999977e-03
6.259999999999999787e+00 -3.571560481999999908e-03
6.262500000000000178e+00 -3.577063689999999962e-03
6.264999999999999680e+00 -3.572862398000000144e-03
6.267500000000000071e+00 -3.576277566000000008e-03
6.269999999999999574e+00 -3.593722836999999840e-03
6.272499999999999964e+00 -3.610234317999999956e-03
6.275000000000000355e+00 -3.616803491999999801e-03
6.277499999999999858e+00 -3.632338054999999927e-03
6.280000000000000249e+00 -3.639515309999999913e-03
6.282499999999999751e+00 -3.646201080000000070e-03
6.285000000000000142e+00 -3.642335696999999834e-03
6.287499999999999645e+00 -3.652287841999999826e-03
6.290000000000000036e+00 -3.666045910999999984e-03
6.292500000000000426e+00 -3.668425706000000112e-03
6.294999999999999929e+00 -3.673919751999999914e-03
6.297500000000000320e+00 -3.687402415999999853e-03
6.299999999999999822e+00 -3.720468091999999845e-03
6.302500000000000213e+00 -3.691957686999999908e-03
6.304999999999999716e+00 -3.694193599999999900e-03
6.307500000000000107e+00 -3.714191295000000056e-03
6.309999999999999609e+00 -3.715769899000000154e-03
6.312500000000000000e+00 -3.746885755000000165e-03
6.315000000000000391e+00 -3.746375272999999916e-03
6.317499999999999893e+00 -3.753169693000000043e-03
6.320000000000000284e+00 -3.746848865000000119e-03
6.322499999999999787e+00 -3.767956117999999785e-03
6.325000000000000178e+00 -3.777798567000000083e-03
6.327499999999999680e+00 -3.775077755999999961e-03
6.330000000000000071e+00 -3.769874173000000057e-03
6.332499999999999574e+00 -3.781738025000000100e-03
6.334999999999999964e+00 -3.802542898000000216e-03
6.337500000000000355e+00 -3.806835598999999942e-03
6.339999999999999858e+00 -3.800810509000000087e-03
6.342500000000000249e+00 -3.806299771999999918e-03
6.344999999999999751e+00 -3.823615021000000176e-03
6.347500000000000142e+00 -3.834803342999999840e-03
6.349999999999999645e+00 -3.826249796000000172e-03
6.352500000000000036e+00 -3.849581817000000128e-03
6.355000000000000426e+00 -3.848055714000000148e-03
6.357499999999999929e+00 -3.863235361999999874e-03
6.360000000000000320e+00 -3.882781349999999982e-03
6.362499999999999822e+00 -3.867338795999999967e-03
6.365000000000000213e+00 -3.878369730000000119e-03
6.367499999999999716e+00 -3.895869002000000147e-03
6.370000000000000107e+00 -3.903305103000000165e-03
6.372499999999999609e+00 -3.906568574999999890e-03
6.375000000000000000e+00 -3.916753515000000359e-03
6.377500000000000391e+00 -3.914518538000000096e-03
6.379999999999999893e+00 -3.919598619000000395e-03
6.382500000000000284e+00 -3.918978447999999989e-03
6.384999999999999787e+00 -3.955019484999999953e-03
6.387500000000000178e+00 -3.941953837000000335e-03
6.389999999999999680e+00 -3.943429810999999827e-03
6.392500000000000071e+00 -3.953698961000000345e-03
6.394999999999999574e+00 -3.969997632000000359e-03
6.397499999999999964e+00 -3.981824402999999818e-03
6.400000000000000355e+00 -3.983615610000000411e-03
6.402499999999999858e+00 -3.995273391999999875e-03
6.405000000000000249e+00 -4.002538029999999809e-03
6.407499999999999751e+00 -4.013733725999999932e-03
6.410000000000000142e+00 -4.009682019999999576e-03
6.412499999999999645e+00 -4.025454288999999637e-03
6.415000000000000036e+00 -4.019569574000000055e-03
6.417500000000000426e+00 -4.037218914999999783e-03
6.419999999999999929e+00 -4.045595429999999937e-03
6.422500000000000320e+00 -4.053241380999999741e-03
6.424999999999999822e+00 -4.050830448000000000e-03
6.427500000000000213e+00 -4.069455748000000081e-03
6.429999999999999716e+00 -4.080604772000000213e-03
6.432500000000000107e+00 -4.087148223000000059e-03
6.434999999999999609e+00 -4.079822234000000242e-03
6.437500000000000000e+00 -4.106349869999999583e-03
6.440000000000000391e+00 -4.112386126999999919e-03
6.442499999999999893e+00 -4.130033965999999578e-03
6.445000000000000284e+00 -4.124546833000000343e-03
6.447499999999999787e+00 -4.125927391999999888e-03
6.450000000000000178e+00 -4.129621982999999961e-03
6.452499999999999680e+00 -4.158247765999999873e-03
6.455000000000000071e+00 -4.135170058000000280e-03
6.457499999999999574e+00 -4.158831473000000264e-03
6.459999999999999964e+00 -4.164243752999999791e-03
6.462500000000000355e+00 -4.188137821000000385e-03
6.464999999999999858e+00 -4.171688982000000198e-03
6.467500000000000249e+00 -4.184743702000000114e-03
6.469999999999999751e+00 -4.212668650999999709e-03
6.472500000000000142e+00 -4.188763041999999694e-03
6.474999999999999645e+00 -4.206566358000000429e-03
6.477500000000000036e+00 -4.214600411999999859e-03
6.480000000000000426e+00 -4.240250461000000422e-03
6.482499999999999929e+00 -4.226400404999999631e-03
6.485000000000000320e+00 -4.232101862000000290e-03
6.487499999999999822e+00 -4.238515824999999730e-03
6.490000000000000213e+00 -4.238672288000000336e-03
6.492499999999999716e+00 -4.263438811000000266e-03
6.495000000000000107e+00 -4.287457805000000413e-03
6.497499999999999609e+00 -4.281375102000000051e-03
6.500000000000000000e+00 -4.284645176000000284e-03
6.502500000000000391e+00 -4.302743062999999681e-03
6.504999999999999893e+00 -4.310528351000000001e-03
6.507500000000000284e+00 -4.299928512000000293e-03
6.509999999999999787e+00 -4.316126640999999597e-03
6.512500000000000178e+00 -4.327366051000000255e-03
6.514999999999999680e+00 -4.334451758999999585e-03
6.517500000000000071e+00 -4.343769170999999679e-03
6.519999999999999574e+00 -4.352757579999999918e-03
6.522499999999999964e+00 -4.368586778999999747e-03
6.525000000000000355e+00 -4.363195117999999796e-03
6.527499999999999858e+00 -4.370537017000000225e-03
6.530000000000000249e+00 -4.374448520999999618e-03
6.532499999999999751e+00 -4.371410091000000123e-03
6.535000000000000142e+00 -4.392857963999999629e-03
6.537499999999999645e+00 -4.397710820999999742e-03
6.540000000000000036e+00 -4.410101252000000333e-03
6.542500000000000426e+00 -4.425567961000000106e-03
6.544999999999999929e+00 -4.420808035999999885e-03
6.547500000000000320e+00 -4.403177658000000279e-03
6.549999999999999822e+00 -4.431302558999999745e-03
6.552500000000000213e+00 -4.448836587999999669e-03
6.554999999999999716e+00 -4.472125341000000344e-03
6.557500000000000107e+00 -4.448184003000000414e-03
6.559999999999999609e+00 -4.474444446999999679e-03
6.562500000000000000e+00 -4.471911397000000003e-03
6.565000000000000391e+00 -4.490461892000000184e-03
6.567499999999999893e+00 -4.483479961999999909e-03
6.570000000000000284e+00 -4.520666948999999685e-03
6.572499999999999787e+00 -4.492237924000000264e-03
6.575000000000000178e+00 -4.528616356000000377e-03
6.577499999999999680e+00 -4.515944386999999789e-03
6.580000000000000071e+00 -4.522258757000000365e-03
6.582499999999999574e+00 -4.530397755000000262e-03
6.584999999999999964e+00 -4.540251393000000087e-03
6.587500000000000355e+00 -4.555308432999999671e-03
6.589999999999999858e+00 -4.558955340999999890e-03
6.592500000000000249e+00 -4.556972379999999628e-03
6.594999999999999751e+00 -4.578933262000000129e-03
6.597500000000000142e+00 -4.599368948000000061e-03
6.599999999999999645e+00 -4.593293984000000434e-03
6.602500000000000036e+00 -4.607157203999999798e-03
6.605000000000000426e+00 -4.617196726000000195e-03
6.607499999999999929e+00 -4.616224664000000318e-03
6.610000000000000320e+00 -4.604435009000000002e-03
6.612499999999999822e+00 -4.609466454999999914e-03
6.615000000000000213e+00 -4.634230044000000291e-03
6.617499999999999716e+00 -4.646641247999999842e-03
6.620000000000000107e+00 -4.654032158000000023e-03
6.622499999999999609e+00 -4.653399976999999903e-03
6.625000000000000000e+00 -4.669094932999999677e-03
6.627500000000000391e+00 -4.682296168000000050e-03
6.629999999999999893e+00 -4.673965660000000376e-03
6.632500000000000284e+00 -4.705198459999999742e-03
6.634999999999999787e+00 -4.690572482000000300e-03
6.637500000000000178e+00 -4.697666974000000092e-03
6.639999999999999680e+00 -4.704567633000000283e-03
6.642500000000000071e+00 -4.699617938999999835e-03
6.644999999999999574e+00 -4.712959220000000060e-03
6.647499999999999964e+00 -4.746576712999999934e-03
6.650000000000000355e+00 -4.749122011999999671e-03
6.652499999999999858e+00 -4.759834305999999758e-03
6.655000000000000249e+00 -4.742189624999999624e-03
6.657499999999999751e+00 -4.775437660000000396e-03
6.660000000000000142e+00 -4.767424979000000132e-03
6.662499999999999645e+00 -4.781481827000000351e-03
6.665000000000000036e+00 -4.795045698999999759e-03
6.667500000000000426e+00 -4.791851324000000190e-03
6.669999999999999929e+00 -4.801686696999999705e-03
6.672500000000000320e+00 -4.815099562999999687e-03
6.674999999999999822e+00 -4.818332720999999978e-03
6.677500000000000213e+00 -4.823798956999999880e-03
6.679999999999999716e+00 -4.838634869999999637e-03
6.682500000000000107e+00 -4.841891965000000124e-03
6.684999999999999609e+00 -4.865403522999999994e-03
6.687500000000000000e+00 -4.869950692999999893e-03
6.690000000000000391e+00 -4.859697591999999865e-03
6.692499999999999893e+00 -4.864644246999999880e-03
6.695000000000000284e+00 -4.909533096999999825e-03
6.697499999999999787e+00 -4.893902686999999745e-03
6.700000000000000178e+00 -4.895051160999999880e-03
6.702499999999999680e+00 -4.905574440999999758e-03
6.705000000000000071e+00 -4.924338232000000266e-03
6.707499999999999574e+00 -4.919810688999999571e-03
6.709999999999999964e+00 -4.932320288999999733e-03
6.712500000000000355e+00 -4.932563461999999940e-03
6.714999999999999858e+00 -4.956662429999999717e-03
6.717500000000000249e+00 -4.936233180999999651e-03
6.719999999999999751e+00 -4.963312349999999575e-03
6.722500000000000142e+00 -4.952245234999999579e-03
6.724999999999999645e+00 -4.966608689999999805e-03
6.727500000000000036e+00 -4.984531702000000175e-03
6.730000000000000426e+00 -5.009955198999999602e-03
6.732499999999999929e+00 -4.993919910000000142e-03
6.735000000000000320e+00 -4.995679420999999884e-03
6.737499999999999822e+00 -5.017211292999999850e-03
6.740000000000000213e+00 -5.018780625999999696e-03
6.742499999999999716e+00 -5.028333676000000182e-03
6.745000000000000107e+00 -5.035995873000000123e-03
6.747499999999999609e+00 -5.044889218000000314e-03
6.750000000000000000e+00 -5.043642099000000129e-03
6.752500000000000391e+00 -5.068804922000000324e-03
6.754999999999999893e+00 -5.076686310999999584e-03
6.757500000000000284e+00 -5.072417717000000242e-03
6.759999999999999787e+00 -5.079184936999999768e-03
6.762500000000000178e+00 -5.089608114000000218e-03
6.764999999999999680e+00 -5.117439690999999943e-03
6.767500000000000071e+00 -5.107453978000000075e-03
6.769999999999999574e+00 -5.128086090000000090e-03
6.772499999999999964e+00 -5.145463624000000402e-03
6.775000000000000355e+00 -5.136464204999999922e-03
6.777499999999999858e+00 -5.126660126000000262e-03
6.780000000000000249e+00 -5.154158152000000090e-03
6.782499999999999751e+00 -5.165862468999999658e-03
6.785000000000000142e+00 -5.156954723000000199e-03
6.787499999999999645e+00 -5.177650843999999884e-03
6.790000000000000036e+00 -5.157088592000000013e-03
6.792500000000000426e+00 -5.171359835000000071e-03
6.794999999999999929e+00 -5.208993458999999770e-03
6.797500000000000320e+00 -5.203116923999999595e-03
6.799999999999999822e+00 -5.212744487000000281e-03
6.802500000000000213e+00 -5.221527874000000090e-03
6.804999999999999716e+00 -5.214676649999999691e-03
6.807500000000000107e+00 -5.226370779999999633e-03
6.809999999999999609e+00 -5.261457518999999861e-03
6.812500000000000000e+00 -5.234958435000000056e-03
6.815000000000000391e+00 -5.263305700000000045e-03
6.817499999999999893e+00 -5.267069995000000018e-03
6.820000000000000284e+00 -5.269898446999999805e-03
6.822499999999999787e+00 -5.286505240000000279e-03
6.825000000000000178e+00 -5.310046516999999792e-03
6.827499999999999680e+00 -5.291237063000000032e-03
6.830000000000000071e+00 -5.300080977000000415e-03
6.832499999999999574e+00 -5.317360995000000069e-03
6.834999999999999964e+00 -5.311155461999999584e-03
6.837500000000000355e+00 -5.307268532000000011e-03
6.839999999999999858e+00 -5.326502187000000006e-03
6.842500000000000249e+00 -5.334169258000000420e-03
6.844999999999999751e+00 -5.366366269999999807e-03
6.847500000000000142e+00 -5.348745747000000286e-03
6.849999999999999645e+00 -5.369369013000000086e-03
6.852500000000000036e+00 -5.372266916999999913e-03
6.855000000000000426e+00 -5.394146964999999884e-03
6.857499999999999929e+00 -5.389432736999999647e-03
6.860000000000000320e+00 -5.406779042999999840e-03
6.862499999999999822e+00 -5.398935974000000117e-03
6.865000000000000213e+00 -5.404563163000000031e-03
6.867499999999999716e+00 -5.416027765999999882e-03
6.870000000000000107e+00 -5.427870104999999584e-03
6.872499999999999609e+00 -5.436369291999999624e-03
6.875000000000000000e+00 -5.430189432999999767e-03
6.877500000000000391e+00 -5.452907310000000389e-03
6.879999999999999893e+00 -5.467387817000000406e-03
6.882500000000000284e+00 -5.462814225000000266e-03
6.884999999999999787e+00 -5.478497009999999667e-03
6.887500000000000178e+00 -5.483005422000000045e-03
6.889999999999999680e+00 -5.483482779999999945e-03
6.892500000000000071e+00 -5.503519194000000211e-03
6.894999999999999574e+00 -5.520032656000000218e-03
6.897499999999999964e+00 -5.518739414000000017e-03
6.900000000000000355e+00 -5.535590112999999937e-03
6.902499999999999858e+00 -5.520072065000000174e-03
6.905000000000000249e+00 -5.528035397000000302e-03
6.907499999999999751e+00 -5.552292783999999808e-03
6.910000000000000142e+00 -5.552544732999999642e-03
6.912499999999999645e+00 -5.562839592000000215e-03
6.915000000000000036e+00 -5.579812269999999755e-03
6.917500000000000426e+00 -5.582459165999999889e-03
6.919999999999999929e+00 -5.575915251999999725e-03
6.922500000000000320e+00 -5.606030496999999876e-03
6.924999999999999822e+00 -5.617868669999999745e-03
6.927500000000000213e+00 -5.627415038999999605e-03
6.929999999999999716e+00 -5.631447506000000075e-03
6.932500000000000107e+00 -5.623638509000000382e-03
6.934999999999999609e+00 -5.617402575000000377e-03
6.937500000000000000e+00 -5.645030857000000145e-03
6.940000000000000391e+00 -5.654553730000000215e-03
6.942499999999999893e+00 -5.665989223000000158e-03
6.945000000000000284e+00 -5.667648719000000120e-03
6.947499999999999787e+00 -5.683195503999999981e-03
6.950000000000000178e+00 -5.667581892999999996e-03
6.952499999999999680e+00 -5.697952828000000212e-03
6.955000000000000071e+00 -5.683512951000000042e-03
6.957499999999999574e+00 -5.715812984999999770e-03
6.959999999999999964e+00 -5.713074264000000090e-03
6.962500000000000355e+00 -5.732202526999999673e-03
6.964999999999999858e+00 -5.711804277000000207e-03
6.967500000000000249e+00 -5.739314050999999930e-03
6.969999999999999751e+00 -5.746064522000000029e-03
6.972500000000000142e+00 -5.770845131999999614e-03
6.974999999999999645e+00 -5.771059930999999574e-03
6.977500000000000036e+00 -5.782547336999999815e-03
6.980000000000000426e+00 -5.791409493000000165e-03
6.982499999999999929e+00 -5.789455407000000317e-03
6.985000000000000320e+00 -5.793646448000000330e-03
6.987499999999999822e+00 -5.804239594999999891e-03
6.990000000000000213e+00 -5.827527495999999634e-03
6.992499999999999716e+00 -5.821175926999999813e-03
6.995000000000000107e+00 -5.826774318999999869e-03
6.997499999999999609e+00 -5.833195557000000163e-03
7.000000000000000000e+00 -5.850201305999999830e-03
7.002500000000000391e+00 -5.845365685000000235e-03
7.004999999999999893e+00 -5.856730828000000257e-03
7.007500000000000284e+00 -5.890597164000000233e-03
7.009999999999999787e+00 -5.874477149999999745e-03
7.012500000000000178e+00 -5.887965216999999779e-03
7.014999999999999680e+00 -5.903980770000000038e-03
7.017500000000000071e+00 -5.926387647999999987e-03
7.019999999999999574e+00 -5.918267898999999936e-03
7.022499999999999964e+00 -5.913720346999999829e-03
7.025000000000000355e+00 -5.934113292999999671e-03
7.027499999999999858e+00 -5.933227232999999622e-03
7.030000000000000249e+00 -5.947873016000000158e-03
7.032499999999999751e+00 -5.969707153000000134e-03
7.035000000000000142e+00 -5.977814484000000365e-03
7.037499999999999645e+00 -5.955601454999999954e-03
7.040000000000000036e+00 -5.977782237000000415e-03
7.042500000000000426e+00 -5.985303836999999669e-03
7.044999999999999929e+00 -5.982296282999999965e-03
7.047500000000000320e+00 -6.014821376000000289e-03
7.049999999999999822e+00 -6.014939722000000114e-03
7.052500000000000213e+00 -6.019912239999999568e-03
7.054999999999999716e+00 -6.026805405000000213e-03
7.057500000000000107e+00 -6.046358673999999850e-03
7.059999999999999609e+00 -6.045683389999999789e-03
7.062500000000000000e+00 -6.052558563999999898e-03
7.065000000000000391e+00 -6.062380364999999868e-03
7.067499999999999893e+00 -6.065631018000000076e-03
7.070000000000000284e+00 -6.076523087999999989e-03
7.072499999999999787e+00 -6.094096359999999664e-03
7.075000000000000178e+00 -6.073870462999999761e-03
7.077499999999999680e+00 -6.089169620000000303e-03
7.080000000000000071e+00 -6.105796265000000382e-03
7.082499999999999574e+00 -6.106517843999999771e-03
7.084999999999999964e+00 -6.143404723000000026e-03
7.087500000000000355e+00 -6.133127430999999949e-03
7.089999999999999858e+00 -6.136651007999999879e-03
7.092500000000000249e+00 -6.151645132000000196e-03
7.094999999999999751e+00 -6.133289582000000378e-03
7.097500000000000142e+00 -6.155924477999999943e-03
7.099999999999999645e+00 -6.178843318000000299e-03
7.102500000000000036e+00 -6.186908558000000016e-03
7.105000000000000426e+00 -6.179080158000000225e-03
7.107499999999999929e+00 -6.185425484999999834e-03
7.110000000000000320e+00 -6.212247839000000285e-03
7.112499999999999822e+00 -6.216182693999999613e-03
7.115000000000000213e+00 -6.240026093000000142e-03
7.117499999999999716e+00 -6.238203484999999687e-03
7.120000000000000107e+00 -6.247527739000000198e-03
7.122499999999999609e+00 -6.265643167000000194e-03
7.125000000000000000e+00 -6.249668435999999883e-03
7.127500000000000391e+00 -6.267735081999999645e-03
7.129999999999999893e+00 -6.260882708999999935e-03
7.132500000000000284e+00 -6.277848015000000309e-03
7.134999999999999787e+00 -6.305213976000000053e-03
7.137500000000000178e+00 -6.295313121000000248e-03
7.139999999999999680e+00 -6.287456129999999775e-03
7.142500000000000071e+00 -6.319848484999999669e-03
7.144999999999999574e+00 -6.331445374999999584e-03
7.147499999999999964e+00 -6.322430240999999881e-03
7.150000000000000355e+00 -6.340969547999999664e-03
7.152499999999999858e+00 -6.340365952999999812e-03
7.155000000000000249e+00 -6.357028602000000007e-03
7.157499999999999751e+00 -6.356507984999999923e-03
7.160000000000000142e+00 -6.372466842999999909e-03
7.162499999999999645e+00 -6.379399275999999772e-03
7.165000000000000036e+00 -6.386295416000000238e-03
7.167500000000000426e+00 -6.402568925000000181e-03
7.169999999999999929e+00 -6.424958401000000277e-03
7.172500000000000320e+00 -6.422571038000000031e-03
7.174999999999999822e+00 -6.425739560000000121e-03
7.177500000000000213e+00 -6.426343113000000141e-03
7.179999999999999716e+00 -6.450843082999999610e-03
7.182500000000000107e+00 -6.441024943000000190e-03
7.184999999999999609e+00 -6.456992400999999639e-03
7.187500000000000000e+00 -6.475597789000000354e-03
7.190000000000000391e+00 -6.457678074000000254e-03
7.192499999999999893e+00 -6.469878699999999892e-03
7.195000000000000284e+00 -6.490332009000000096e-03
7.197499999999999787e+00 -6.501322127000000277e-03
7.200000000000000178e+00 -6.512927697000000203e-03
7.202499999999999680e+00 -6.501135929999999653e-03
7.205000000000000071e+00 -6.513974575000000371e-03
7.207499999999999574e+00 -6.539356476000000341e-03
7.209999999999999964e+00 -6.527912908000000139e-03
7.212500000000000355e+00 -6.542740457999999919e-03
7.214999999999999858e+00 -6.553937792999999998e-03
7.217500000000000249e+00 -6.582842016999999706e-03
7.219999999999999751e+00 -6.576476107000000376e-03
7.222500000000000142e+00 -6.569630697999999727e-03
7.224999999999999645e+00 -6.595673116999999780e-03
7.227500000000000036e+00 -6.600117994999999890e-03
7.230000000000000426e+00 -6.605476195999999967e-03
7.232499999999999929e+00 -6.606179151999999610e-03
7.235000000000000320e+00 -6.630390170999999645e-03
7.237499999999999822e+00 -6.620369142000000380e-03
7.240000000000000213e+00 -6.631687709000000028e-03
7.242499999999999716e+00 -6.639403153000000141e-03
7.245000000000000107e+00 -6.650049110999999881e-03
7.247499999999999609e+00 -6.672246098999999771e-03
7.250000000000000000e+00 -6.671209786000000322e-03
7.252500000000000391e+00 -6.696231125999999902e-03
7.254999999999999893e+00 -6.684896562999999986e-03
7.257500000000000284e+00 -6.688857971999999895e-03
7.259999999999999787e+00 -6.696742686000000180e-03
7.262500000000000178e+00 -6.719998528000000089e-03
7.264999999999999680e+00 -6.719674283000000303e-03
7.267500000000000071e+00 -6.745155658999999609e-03
7.269999999999999574e+00 -6.755969942999999825e-03
7.272499999999999964e+00 -6.760318129999999884e-03
7.275000000000000355e+00 -6.751997065000000207e-03
7.277499999999999858e+00 -6.747421219999999963e-03
7.280000000000000249e+00 -6.767767816999999825e-03
7.282499999999999751e+00 -6.780802814000000053e-03
7.285000000000000142e+00 -6.792117391999999594e-03
7.287499999999999645e+00 -6.796147944999999906e-03
7.290000000000000036e+00 -6.788963050000000089e-03
7.292500000000000426e+00 -6.830391760999999888e-03
7.294999999999999929e+00 -6.826055164000000355e-03
7.297500000000000320e+00 -6.834186259000000173e-03
7.299999999999999822e+00 -6.844014447999999771e-03
7.302500000000000213e+00 -6.851403499999999570e-03
7.304999999999999716e+00 -6.857930895000000256e-03
7.307500000000000107e+00 -6.843449508999999847e-03
7.309999999999999609e+00 -6.866214342999999755e-03
7.312500000000000000e+00 -6.886625886999999877e-03
7.315000000000000391e+00 -6.906791974999999806e-03
7.317499999999999893e+00 -6.907090654000000267e-03
7.320000000000000284e+00 -6.918860179000000353e-03
7.322499999999999787e+00 -6.931002107000000349e-03
7.325000000000000178e+00 -6.925641861000000205e-03
7.327499999999999680e+00 -6.918798698000000122e-03
7.330000000000000071e+00 -6.969457293000000213e-03
7.332499999999999574e+00 -6.959561539000000407e-03
7.334999999999999964e+00 -6.971814976999999788e-03
7.337500000000000355e+00 -6.975952730000000226e-03
7.339999999999999858e+00 -6.974430149000000051e-03
7.342500000000000249e+00 -6.989133990999999747e-03
7.344999999999999751e+00 -6.997427589999999885e-03
7.347500000000000142e+00 -6.986894159999999798e-03
7.349999999999999645e+00 -7.003304545000000117e-03
7.352500000000000036e+00 -7.024225165999999597e-03
7.355000000000000426e+00 -7.033409689999999860e-03
7.357499999999999929e+00 -7.036408525999999705e-03
7.360000000000000320e+00 -7.039179326999999570e-03
7.362499999999999822e+00 -7.081262449000000000e-03
7.365000000000000213e+00 -7.065945019000000049e-03
7.367499999999999716e+00 -7.082348005000000009e-03
7.370000000000000107e+00 -7.077361001999999887e-03
7.372499999999999609e+00 -7.077089588000000202e-03
7.375000000000000000e+00 -7.106425966000000025e-03
7.377500000000000391e+00 -7.105383451999999767e-03
7.379999999999999893e+00 -7.133537292999999821e-03
7.382500000000000284e+00 -7.144477241999999673e-03
7.384999999999999787e+00 -7.135922696999999655e-03
7.387500000000000178e+00 -7.156696288000000301e-03
7.389999999999999680e+00 -7.163481612000000345e-03
7.392500000000000071e+00 -7.157802591999999804e-03
7.394999999999999574e+00 -7.157831790000000229e-03
7.397499999999999964e+00 -7.186048896999999887e-03
7.400000000000000355e+00 -7.199628310999999642e-03
7.402499999999999858e+00 -7.200359600000000131e-03
7.405000000000000249e+00 -7.182126563000000401e-03
7.407499999999999751e+00 -7.210127872999999750e-03
7.410000000000000142e+00 -7.222686346000000215e-03
7.412499999999999645e+00 -7.228240127000000285e-03
7.415000000000000036e+00 -7.229977579000000133e-03
7.417500000000000426e+00 -7.235583597999999637e-03
7.419999999999999929e+00 -7.251455353000000291e-03
7.422500000000000320e+00 -7.270538693000000267e-03
7.424999999999999822e+00 -7.270552347000000352e-03
7.427500000000000213e+00 -7.282468678000000167e-03
7.429999999999999716e+00 -7.301995139999999801e-03
7.432500000000000107e+00 -7.274479979999999915e-03
7.434999999999999609e+00 -7.312930744000000101e-03
7.437500000000000000e+00 -7.306405919999999984e-03
7.440000000000000391e+00 -7.326375964000000039e-03
7.442499999999999893e+00 -7.335069993999999982e-03
7.445000000000000284e+00 -7.342611736000000285e-03
7.447499999999999787e+00 -7.338284022000000385e-03
7.450000000000000178e+00 -7.359344181999999575e-03
7.452499999999999680e+00 -7.383926877999999819e-03
7.455000000000000071e+00 -7.388516634000000423e-03
7.457499999999999574e+00 -7.387794191999999711e-03
7.459999999999999964e+00 -7.409804392000000038e-03
7.462500000000000355e+00 -7.375528329000000105e-03
7.464999999999999858e+00 -7.416750070000000319e-03
7.467500000000000249e+00 -7.433108285000000065e-03
7.469999999999999751e+00 -7.444336923999999960e-03
7.472500000000000142e+00 -7.426046294000000075e-03
7.474999999999999645e+00 -7.454965459999999926e-03
7.477500000000000036e+00 -7.465196529999999948e-03
7.480000000000000426e+00 -7.475511320999999806e-03
7.482499999999999929e+00 -7.463141389000000139e-03
7.485000000000000320e+00 -7.472670150000000101e-03
7.487499999999999822e+00 -7.490208471000000222e-03
7.490000000000000213e+00 -7.489953478999999970e-03
7.492499999999999716e+00 -7.503372886000000269e-03
7.495000000000000107e+00 -7.525751685000000094e-03
7.497499999999999609e+00 -7.529637544000000043e-03
7.500000000000000000e+00 -7.552517134000000243e-03
7.502500000000000391e+00 -7.531781111999999966e-03
7.504999999999999893e+00 -7.549392834000000392e-03
7.507500000000000284e+00 -7.567385630000000342e-03
7.509999999999999787e+00 -7.571311709999999605e-03
7.512500000000000178e+00 -7.589993120000000128e-03
7.514999999999999680e+00 -7.588244804000000322e-03
7.517500000000000071e+00 -7.605295683999999633e-03
7.519999999999999574e+00 -7.623003484000000392e-03
7.522499999999999964e+00 -7.626645494999999796e-03
7.525000000000000355e+00 -7.642506951999999965e-03
7.527499999999999858e+00 -7.654623842000000261e-03
7.530000000000000249e+00 -7.657481292000000404e-03
7.532499999999999751e+00 -7.644818012999999787e-03
7.535000000000000142e+00 -7.651067103999999695e-03
7.537499999999999645e+00 -7.670173362999999599e-03
7.540000000000000036e+00 -7.682638777000000245e-03
7.542500000000000426e+00 -7.669460999000000251e-03
7.544999999999999929e+00 -7.696463813999999959e-03
7.547500000000000320e+00 -7.726526043000000316e-03
7.549999999999999822e+00 -7.733936664000000231e-03
7.552500000000000213e+00 -7.744878317999999776e-03
7.554999999999999716e+00 -7.736857326000000194e-03
7.557500000000000107e+00 -7.743520507000000407e-03
7.559999999999999609e+00 -7.778627102000000224e-03
7.562500000000000000e+00 -7.778799716000000045e-03
7.565000000000000391e+00 -7.771142854000000037e-03
7.567499999999999893e+00 -7.791289318999999880e-03
7.570000000000000284e+00 -7.799468847000000024e-03
7.572499999999999787e+00 -7.809281345000000304e-03
7.575000000000000178e+00 -7.795981429999999587e-03
7.577499999999999680e+00 -7.820275979999999350e-03
7.580000000000000071e+00 -7.818157750999999225e-03
7.582499999999999574e+00 -7.842017570000000062e-03
7.584999999999999964e+00 -7.856678508000000324e-03
7.587500000000000355e+00 -7.842757464000000428e-03
7.589999999999999858e+00 -7.849888027999999199e-03
7.592500000000000249e+00 -7.882774267000000612e-03
7.594999999999999751e+00 -7.889708049999999417e-03
7.597500000000000142e+00 -7.865154548000000481e-03
7.599999999999999645e+00 -7.917699437999999382e-03
7.602500000000000036e+00 -7.907713000000000242e-03
7.605000000000000426e+00 -7.921288420000000344e-03
7.607499999999999929e+00 -7.934902490999999961e-03
7.610000000000000320e+00 -7.937609788000000305e-03
7.612499999999999822e+00 -7.944083022000000133e-03
7.615000000000000213e+00 -7.987436477999999493e-03
7.617499999999999716e+00 -7.955693523000000739e-03
7.620000000000000107e+00 -7.995944927000000688e-03
7.622499999999999609e+00 -7.993529047000000332e-03
7.625000000000000000e+00 -8.008877641999999353e-03
7.627500000000000391e+00 -8.006743636999999816e-03
7.629999999999999893e+00 -7.996481340000000104e-03
7.632500000000000284e+00 -8.022989132000000675e-03
7.634999999999999787e+00 -8.041740884000000283e-03
7.637500000000000178e+00 -8.024723686999999522e-03
7.639999999999999680e+00 -8.049261527999999888e-03
7.642500000000000071e+00 -8.037162965000000520e-03
7.644999999999999574e+00 -8.041010946000000034e-03
7.647499999999999964e+00 -8.077639172000000353e-03
7.650000000000000355e+00 -8.099934542000000043e-03
7.652499999999999858e+00 -8.084263129999999867e-03
7.655000000000000249e+00 -8.095902663999999388e-03
7.657499999999999751e+00 -8.105342461000000082e-03
7.660000000000000142e+00 -8.101608668000000527e-03
7.662499999999999645e+00 -8.108041527999999484e-03
7.665000000000000036e+00 -8.136106408999999387e-03
7.667500000000000426e+00 -8.162030133999999271e-03
7.669999999999999929e+00 -8.146199457000000144e-03
7.672500000000000320e+00 -8.192680718000000528e-03
7.674999999999999822e+00 -8.175707125999999436e-03
7.677500000000000213e+00 -8.169433438999999797e-03
7.679999999999999716e+00 -8.192938049999999237e-03
7.682500000000000107e+00 -8.211432100999999442e-03
7.684999999999999609e+00 -8.186345810000000486e-03
7.687500000000000000e+00 -8.241175668000000690e-03
7.690000000000000391e+00 -8.228071975999999565e-03
7.692499999999999893e+00 -8.275325624999999713e-03
7.695000000000000284e+00 -8.267692106000000540e-03
7.697499999999999787e+00 -8.268652571000000354e-03
7.700000000000000178e+00 -8.285387965000000007e-03
7.702499999999999680e+00 -8.278666667999999562e-03
7.705000000000000071e+00 -8.305847293999999575e-03
7.707499999999999574e+00 -8.278899513999999835e-03
7.709999999999999964e+00 -8.320136913999999495e-03
7.712500000000000355e+00 -8.315988470999999271e-03
7.714999999999999858e+00 -8.343829021999999568e-03
7.717500000000000249e+00 -8.344574247999999445e-03
7.719999999999999751e+00 -8.354346283000000511e-03
7.722500000000000142e+00 -8.342792817999999250e-03
7.724999999999999645e+00 -8.364254635000000285e-03
7.727500000000000036e+00 -8.355951494999999674e-03
7.730000000000000426e+00 -8.377810107000000298e-03
7.732499999999999929e+00 -8.383843392000000366e-03
7.735000000000000320e+00 -8.395895469999999430e-03
7.737499999999999822e+00 -8.412027178999999591e-03
7.740000000000000213e+00 -8.414998279000000109e-03
7.742499999999999716e+00 -8.466149267999999867e-03
7.745000000000000107e+00 -8.437494296000000796e-03
7.747499999999999609e+00 -8.451893538999999400e-03
7.750000000000000000e+00 -8.443832624999999745e-03
7.752500000000000391e+00 -8.455387344000000333e-03
7.754999999999999893e+00 -8.474943501999999268e-03
7.757500000000000284e+00 -8.506561593999999518e-03
7.759999999999999787e+00 -8.519658638999999881e-03
7.762500000000000178e+00 -8.522547760999999236e-03
7.764999999999999680e+00 -8.514205981000000367e-03
7.767500000000000071e+00 -8.525781479000000759e-03
7.769999999999999574e+00 -8.538646805999999811e-03
7.772499999999999964e+00 -8.548145836000000178e-03
7.775000000000000355e+00 -8.558446059000000133e-03
7.777499999999999858e+00 -8.566920405999999683e-03
7.780000000000000249e+00 -8.566102423000000396e-03
7.782499999999999751e+00 -8.609257598000000580e-03
7.785000000000000142e+00 -8.613189061000000452e-03
7.787499999999999645e+00 -8.596538231999999863e-03
7.790000000000000036e+00 -8.623835409000000368e-03
7.792500000000000426e+00 -8.614229882000000102e-03
7.794999999999999929e+00 -8.604817998999999759e-03
7.797500000000000320e+00 -8.656093923999999898e-03
7.799999999999999822e+00 -8.625022560999999477e-03
7.802500000000000213e+00 -8.640193274999999340e-03
7.804999999999999716e+00 -8.653904671999999507e-03
7.807500000000000107e+00 -8.674503994000000440e-03
7.809999999999999609e+00 -8.712765941999999625e-03
7.812500000000000000e+00 -8.695491048999999875e-03
7.815000000000000391e+00 -8.709843420000000155e-03
7.817499999999999893e+00 -8.736846669000000731e-03
7.820000000000000284e+00 -8.719417529000000194e-03
7.822499999999999787e+00 -8.730278622999999849e-03
7.825000000000000178e+00 -8.739647442999999224e-03
7.827499999999999680e+00 -8.774591963999999605e-03
7.830000000000000071e+00 -8.756320660000000561e-03
7.832499999999999574e+00 -8.779638201999999392e-03
7.834999999999999964e+00 -8.789150242000000682e-03
7.837500000000000355e+00 -8.795665213000000704e-03
7.839999999999999858e+00 -8.804306381000000237e-03
7.842500000000000249e+00 -8.799398136999999828e-03
7.844999999999999751e+00 -8.833328730999999781e-03
7.847500000000000142e+00 -8.816647098000000848e-03
7.849999999999999645e+00 -8.838586900000000579e-03
7.852500000000000036e+00 -8.834690701000000312e-03
7.855000000000000426e+00 -8.861154148000000702e-03
7.857499999999999929e+00 -8.876171215999999545e-03
7.860000000000000320e+00 -8.896787281999999492e-03
7.862499999999999822e+00 -8.907605702999999223e-03
7.865000000000000213e+00 -8.909575661999999396e-03
7.867499999999999716e+00 -8.905970782000000377e-03
7.870000000000000107e+00 -8.921985453000000690e-03
7.872499999999999609e+00 -8.957905365999999786e-03
7.875000000000000000e+00 -8.950375865000000444e-03
7.877500000000000391e+00 -8.970272576000000789e-03
7.879999999999999893e+00 -8.960578943999999990e-03
7.882500000000000284e+00 -8.969011421999999872e-03
7.884999999999999787e+00 -8.990160145000000366e-03
7.887500000000000178e+00 -9.015148355000000488e-03
7.889999999999999680e+00 -8.981807285999999363e-03
7.892500000000000071e+00 -9.015491973000000492e-03
7.894999999999999574e+00 -9.009580878999999196e-03
7.897499999999999964e+00 -9.028542356000000824e-03
7.900000000000000355e+00 -9.041049766000000196e-03
7.902499999999999858e+00 -9.021419435000000570e-03
7.905000000000000249e+00 -9.050295711000000062e-03
7.907499999999999751e+00 -9.058203101000000812e-03
7.910000000000000142e+00 -9.071777561999999975e-03
7.912499999999999645e+00 -9.111250773000000372e-03
7.915000000000000036e+00 -9.105377779999999921e-03
7.917500000000000426e+00 -9.091354228000000232e-03
7.919999999999999929e+00 -9.135338931999999537e-03
7.922500000000000320e+00 -9.121027573000000180e-03
7.924999999999999822e+00 -9.132859551999999645e-03
7.927500000000000213e+00 -9.134916535000000767e-03
7.929999999999999716e+00 -9.138224333999999879e-03
7.932500000000000107e+00 -9.185996913000000347e-03
7.934999999999999609e+00 -9.189806433999999150e-03
7.937500000000000000e+00 -9.187108264000000066e-03
7.940000000000000391e+00 -9.215535602999999285e-03
7.942499999999999893e+00 -9.214310107000000735e-03
7.945000000000000284e+00 -9.225599766000000534e-03
7.947499999999999787e+00 -9.220472434999999953e-03
7.950000000000000178e+00 -9.227425414000000117e-03
7.952499999999999680e+00 -9.263647867999999855e-03
7.955000000000000071e+00 -9.261956725999999709e-03
7.957499999999999574e+00 -9.277212341999999459e-03
7.959999999999999964e+00 -9.281493522000000551e-03
7.962500000000000355e+00 -9.308064688000000295e-03
7.964999999999999858e+00 -9.289511017000000662e-03
7.967500000000000249e+00 -9.290629431999999910e-03
7.969999999999999751e+00 -9.300959734999999368e-03
7.972500000000000142e+00 -9.335448167000000297e-03
7.974999999999999645e+00 -9.356993722000000666e-03
7.977500000000000036e+00 -9.346449693000000863e-03
7.980000000000000426e+00 -9.367712724999999532e-03
7.982499999999999929e+00 -9.381391201999999402e-03
7.985000000000000320e+00 -9.377459883000000690e-03
7.987499999999999822e+00 -9.365457045999999591e-03
7.990000000000000213e+00 -9.390797119000000165e-03
7.992499999999999716e+00 -9.401828552000000491e-03
7.995000000000000107e+00 -9.436269532000000210e-03
7.997499999999999609e+00 -9.428574343000000260e-03
8.000000000000000000e+00 -9.441827713999999608e-03
8.002499999999999503e+00 -9.443272913999999768e-03
8.005000000000000782e+00 -9.460885424000000515e-03
8.007500000000000284e+00 -9.522464475999999414e-03
8.009999999999999787e+00 -9.468859495000000667e-03
8.012499999999999289e+00 -9.494870633000000379e-03
8.015000000000000568e+00 -9.482548094000000857e-03
8.017500000000000071e+00 -9.521309965000000416e-03
8.019999999999999574e+00 -9.530513944999999265e-03
8.022500000000000853e+00 -9.540065404000000471e-03
8.025000000000000355e+00 -9.552755015999999516e-03
8.027499999999999858e+00 -9.543846216000000798e-03
8.029999999999999361e+00 -9.566250687000000391e-03
8.032500000000000639e+00 -9.549863650000000453e-03
8.035000000000000142e+00 -9.591445259999999487e-03
8.037499999999999645e+00 -9.583244494000000072e-03
8.039999999999999147e+00 -9.599755457000000089e-03
8.042500000000000426e+00 -9.621046451999999347e-03
8.044999999999999929e+00 -9.623652979999999454e-03
8.047499999999999432e+00 -9.656617771999999669e-03
8.050000000000000711e+00 -9.646291197999999623e-03
8.052500000000000213e+00 -9.651157276999999812e-03
8.054999999999999716e+00 -9.678337250000000266e-03
8.057499999999999218e+00 -9.668355164999999779e-03
8.060000000000000497e+00 -9.680719944999999216e-03
8.062500000000000000e+00 -9.700705380000000655e-03
8.064999999999999503e+00 -9.703258875000000602e-03
8.067500000000000782e+00 -9.741983076000000630e-03
8.070000000000000284e+00 -9.735395210999999577e-03
8.072499999999999787e+00 -9.736227861999999234e-03
8.074999999999999289e+00 -9.752613040000000094e-03
8.077500000000000568e+00 -9.751194712000000112e-03
8.080000000000000071e+00 -9.769784794999999966e-03
8.082499999999999574e+00 -9.792813002000000031e-03
8.085000000000000853e+00 -9.797702235999999204e-03
8.087500000000000355e+00 -9.803271109000000552e-03
8.089999999999999858e+00 -9.798356738999999468e-03
8.092499999999999361e+00 -9.815397287000000165e-03
8.095000000000000639e+00 -9.823625533999999493e-03
8.097500000000000142e+00 -9.842416877000000064e-03
8.099999999999999645e+00 -9.873465519000000634e-03
8.102499999999999147e+00 -9.882427213000000502e-03
8.105000000000000426e+00 -9.854904908999999671e-03
8.107499999999999929e+00 -9.884715303000000605e-03
8.109999999999999432e+00 -9.891166445000000237e-03
8.112500000000000711e+00 -9.932911109000000863e-03
8.115000000000000213e+00 -9.916445720000000019e-03
8.117499999999999716e+00 -9.923993758000000318e-03
8.119999999999999218e+00 -9.948163212000000338e-03
8.122500000000000497e+00 -9.909852292999999507e-03
8.125000000000000000e+00 -9.960034346999999469e-03
8.127499999999999503e+00 -9.973871780999999520e-03
8.130000000000000782e+00 -9.969104972999999481e-03
8.132500000000000284e+00 -9.984777884000000173e-03
8.134999999999999787e+00 -9.997336752999999923e-03
8.137499999999999289e+00 -9.992393282000000196e-03
8.140000000000000568e+00 -1.004983150000000013e-02
8.142500000000000071e+00 -1.005290541000000010e-02
8.144999999999999574e+00 -1.003587121000000006e-02
8.147500000000000853e+00 -1.004724159999999950e-02
8.150000000000000355e+00 -1.007418445999999981e-02
8.152499999999999858e+00 -1.008933912999999960e-02
8.154999999999999361e+00 -1.009123666000000079e-02
8.157500000000000639e+00 -1.009898707999999992e-02
8.160000000000000142e+00 -1.009653871000000015e-02
8.162499999999999645e+00 -1.013883726000000020e-02
8.164999999999999147e+00 -1.013875654999999917e-02
8.167500000000000426e+00 -1.014682213000000013e-02
8.169999999999999929e+00 -1.015731186000000050e-02
8.172499999999999432e+00 -1.017896937999999973e-02
8.175000000000000711e+00 -1.017105232000000033e-02
8.177500000000000213e+00 -1.019533658000000044e-02
8.179999999999999716e+00 -1.018622716000000018e-02
8.182499999999999218e+00 -1.021968017000000027e-02
8.185000000000000497e+00 -1.022708202000000011e-02
8.187500000000000000e+00 -1.024686562000000009e-02
8.189999999999999503e+00 -1.024880964000000026e-02
8.192500000000000782e+00 -1.024207193000000078e-02
8.195000000000000284e+00 -1.028437373999999994e-02
8.197499999999999787e+00 -1.024599116000000053e-02
8.199999999999999289e+00 -1.030380543999999919e-02
8.202500000000000568e+00 -1.030116388999999938e-02
8.205000000000000071e+00 -1.032015493000000041e-02
8.207499999999999574e+00 -1.031993016000000082e-02
8.210000000000000853e+00 -1.032250587000000004e-02
8.212500000000000355e+00 -1.033566294000000038e-02
8.214999999999999858e+00 -1.034087944999999981e-02
8.217499999999999361e+00 -1.034997745999999968e-02
8.220000000000000639e+00 -1.035643552999999939e-02
8.222500000000000142e+00 -1.037544961000000029e-02
8.224999999999999645e+00 -1.038822741999999993e-02
8.227499999999999147e+00 -1.042256216999999999e-02
8.230000000000000426e+00 -1.040922776999999959e-02
8.232499999999999929e+00 -1.043400652999999963e-02
8.234999999999999432e+00 -1.046515871999999930e-02
8.237500000000000711e+00 -1.048697707000000034e-02
8.240000000000000213e+00 -1.047337136000000071e-02
8.242499999999999716e+00 -1.045952189999999928e-02
8.244999999999999218e+00 -1.050061690000000068e-02
8.247500000000000497e+00 -1.047482037999999949e-02
8.250000000000000000e+00 -1.050009726999999969e-02
8.252499999999999503e+00 -1.050384411999999955e-02
8.255000000000000782e+00 -1.050868882000000060e-02
8.257500000000000284e+00 -1.052980824999999974e-02
8.259999999999999787e+00 -1.054679065999999943e-02
8.262499999999999289e+00 -1.055621904999999930e-02
8.265000000000000568e+00 -1.056517388999999967e-02
8.267500000000000071e+00 -1.055091290000000070e-02
8.269999999999999574e+00 -1.057652937999999966e-02
8.272500000000000853e+00 -1.062069491000000067e-02
8.275000000000000355e+00 -1.060408497000000019e-02
8.277499999999999858e+00 -1.060658740999999988e-02
8.279999999999999361e+00 -1.064640853000000005e-02
8.282500000000000639e+00 -1.065193560999999969e-02
8.285000000000000142e+00 -1.067442679000000019e-02
8.287499999999999645e+00 -1.064678684000000021e-02
8.289999999999999147e+00 -1.069764133000000034e-02
8.292500000000000426e+00 -1.068389389999999974e-02
8.294999999999999929e+00 -1.074427841000000043e-02
8.297499999999999432e+00 -1.073006022000000045e-02
8.300000000000000711e+00 -1.070021145999999930e-02
8.302500000000000213e+00 -1.071643262999999978e-02
8.304999999999999716e+00 -1.072766772000000035e-02
8.307499999999999218e+00 -1.077299324000000058e-02
8.310000000000000497e+00 -1.073922476999999986e-02
8.312500000000000000e+00 -1.076920989999999995e-02
8.314999999999999503e+00 -1.079687512999999953e-02
8.317500000000000782e+00 -1.080183336999999966e-02
8.320000000000000284e+00 -1.082676213999999963e-02
8.322499999999999787e+00 -1.082045138999999934e-02
8.324999999999999289e+00 -1.084914940000000078e-02
8.327500000000000568e+00 -1.084712204000000055e-02
8.330000000000000071e+00 -1.084964436000000060e-02
8.332499999999999574e+00 -1.088280378000000027e-02
8.335000000000000853e+00 -1.088571361000000015e-02
8.337500000000000355e+00 -1.089717821999999954e-02
8.339999999999999858e+00 -1.090421849999999998e-02
8.342499999999999361e+00 -1.093959195000000079e-02
8.345000000000000639e+00 -1.090690126999999988e-02
8.347500000000000142e+00 -1.093462092999999968e-02
8.349999999999999645e+00 -1.095232204999999938e-02
8.352499999999999147e+00 -1.095594356999999956e-02
8.355000000000000426e+00 -1.096464045999999935e-02
8.357499999999999929e+00 -1.099473337999999981e-02
8.359999999999999432e+00 -1.099786141999999946e-02
8.362500000000000711e+00 -1.100987900999999929e-02
8.365000000000000213e+00 -1.101118687999999915e-02
8.367499999999999716e+00 -1.102762262000000007e-02
8.369999999999999218e+00 -1.104366403999999975e-02
8.372500000000000497e+00 -1.105318660000000064e-02
8.375000000000000000e+00 -1.106036078000000034e-02
8.377499999999999503e+00 -1.106350732000000066e-02
8.380000000000000782e+00 -1.106893823999999943e-02
8.382500000000000284e+00 -1.108802488000000010e-02
8.384999999999999787e+00 -1.109427485000000040e-02
8.387499999999999289e+00 -1.112044790000000019e-02
8.390000000000000568e+00 -1.115145661000000073e-02
8.392500000000000071e+00 -1.115304441000000008e-02
8.394999999999999574e+00 -1.116632226999999915e-02
8.397500000000000853e+00 -1.120111742999999917e-02
8.400000000000000355e+00 -1.118377721000000068e-02
8.402499999999999858e+00 -1.117014136999999914e-02
8.404999999999999361e+00 -1.121415056999999944e-02
8.407500000000000639e+00 -1.119247131000000034e-02
8.410000000000000142e+00 -1.123646805999999922e-02
8.412499999999999645e+00 -1.123332548999999951e-02
8.414999999999999147e+00 -1.122479984000000069e-02
8.417500000000000426e+00 -1.126730456000000005e-02
8.419999999999999929e+00 -1.127558518999999954e-02
8.422499999999999432e+00 -1.128729759000000020e-02
8.425000000000000711e+00 -1.131133752000000083e-02
8.427500000000000213e+00 -1.129306820000000079e-02
8.429999999999999716e+00 -1.135663808000000018e-02
8.432499999999999218e+00 -1.135600674999999969e-02
8.435000000000000497e+00 -1.135889265999999974e-02
8.437500000000000000e+00 -1.138599218999999940e-02
8.439999999999999503e+00 -1.139489292000000001e-02
8.442500000000000782e+00 -1.137284216999999951e-02
8.445000000000000284e+00 -1.140067990000000024e-02
8.447499999999999787e+00 -1.142538511000000014e-02
8.449999999999999289e+00 -1.142195564000000017e-02
8.452500000000000568e+00 -1.143100038999999950e-02
8.455000000000000071e+00 -1.145287268999999920e-02
8.457499999999999574e+00 -1.145642170999999938e-02
8.460000000000000853e+00 -1.146124213000000031e-02
8.462500000000000355e+00 -1.148106227000000000e-02
8.464999999999999858e+00 -1.148145757000000079e-02
8.467499999999999361e+00 -1.151051257000000085e-02
8.470000000000000639e+00 -1.154420230999999956e-02
8.472500000000000142e+00 -1.153282870999999994e-02
8.474999999999999645e+00 -1.152814542999999921e-02
8.477499999999999147e+00 -1.157516219999999915e-02
8.480000000000000426e+00 -1.156419044000000021e-02
8.482499999999999929e+00 -1.160410213999999926e-02
8.484999999999999432e+00 -1.157941969999999945e-02
8.487500000000000711e+00 -1.162135572999999956e-02
8.490000000000000213e+00 -1.164181463000000041e-02
8.492499999999999716e+00 -1.162871870999999946e-02
8.494999999999999218e+00 -1.164230376000000011e-02
8.497500000000000497e+00 -1.166145711000000050e-02
8.500000000000000000e+00 -1.166191897000000074e-02
8.502499999999999503e+00 -1.166980976000000017e-02
8.505000000000000782e+00 -1.167259141000000049e-02
8.507500000000000284e+00 -1.171844221999999991e-02
8.509999999999999787e+00 -1.169450156000000074e-02
8.512499999999999289e+00 -1.172881972999999939e-02
8.515000000000000568e+00 -1.174340087000000019e-02
8.517500000000000071e+00 -1.174241546000000073e-02
8.519999999999999574e+00 -1.175193654000000060e-02
8.522500000000000853e+00 -1.178346247000000048e-02
8.525000000000000355e+00 -1.179444733999999995e-02
8.527499999999999858e+00 -1.176213775999999933e-02
8.529999999999999361e+00 -1.181953510999999950e-02
8.532500000000000639e+00 -1.182914286000000086e-02
8.535000000000000142e+00 -1.184528655999999951e-02
8.537499999999999645e+00 -1.183916464000000016e-02
8.539999999999999147e+00 -1.185151343999999926e-02
8.542500000000000426e+00 -1.186267593000000023e-02
8.544999999999999929e+00 -1.188019019000000065e-02
8.547499999999999432e+00 -1.190884308999999933e-02
8.550000000000000711e+00 -1.190138414000000040e-02
8.552500000000000213e+00 -1.191322669000000056e-02
8.554999999999999716e+00 -1.195486945000000072e-02
8.557499999999999218e+00 -1.192496357999999965e-02
8.560000000000000497e+00 -1.195326338000000065e-02
8.562500000000000000e+00 -1.199847190000000001e-02
8.564999999999999503e+00 -1.197246677999999967e-02
8.567500000000000782e+00 -1.200166937000000066e-02
8.570000000000000284e+00 -1.198488099999999931e-02
8.572499999999999787e+00 -1.200991711000000059e-02
8.574999999999999289e+00 -1.203958414999999928e-02
8.577500000000000568e+00 -1.204982570000000079e-02
8.580000000000000071e+00 -1.207103265000000064e-02
8.582499999999999574e+00 -1.207361206000000069e-02
8.585000000000000853e+00 -1.207903498000000020e-02
8.587500000000000355e+00 -1.212007554999999966e-02
8.589999999999999858e+00 -1.211070048000000010e-02
8.592499999999999361e+00 -1.213157098000000080e-02
8.595000000000000639e+00 -1.213241131999999965e-02
8.597500000000000142e+00 -1.215547057999999923e-02
8.599999999999999645e+00 -1.215782944999999927e-02
8.602499999999999147e+00 -1.217415791000000039e-02
8.605000000000000426e+00 -1.218748675999999954e-02
8.607499999999999929e+00 -1.216696159000000069e-02
8.609999999999999432e+00 -1.220625227000000056e-02
8.612500000000000711e+00 -1.220155222999999914e-02
8.615000000000000213e+00 -1.224593835000000082e-02
8.617499999999999716e+00 -1.223006473000000024e-02
8.619999999999999218e+00 -1.225300363999999934e-02
8.622500000000000497e+00 -1.223967989999999971e-02
8.625000000000000000e+00 -1.227151647999999949e-02
8.627499999999999503e+00 -1.228832441000000074e-02
8.630000000000000782e+00 -1.230208892999999984e-02
8.632500000000000284e+00 -1.230031130000000007e-02
8.634999999999999787e+00 -1.232871276999999988e-02
8.637499999999999289e+00 -1.232823205999999949e-02
8.640000000000000568e+00 -1.238280177999999919e-02
8.642500000000000071e+00 -1.237924743000000036e-02
8.644999999999999574e+00 -1.241174402999999961e-02
8.647500000000000853e+00 -1.240877813000000086e-02
8.650000000000000355e+00 -1.238874249000000011e-02
8.652499999999999858e+00 -1.246198393000000001e-02
8.654999999999999361e+00 -1.246744563000000069e-02
8.657500000000000639e+00 -1.244430405999999954e-02
8.660000000000000142e+00 -1.244148611999999939e-02
8.662499999999999645e+00 -1.249179362000000029e-02
8.664999999999999147e+00 -1.250644390999999973e-02
8.667500000000000426e+00 -1.249950158999999991e-02
8.669999999999999929e+00 -1.249790658000000075e-02
8.672499999999999432e+00 -1.252036674000000030e-02
8.675000000000000711e+00 -1.254250475000000080e-02
8.677500000000000213e+00 -1.257776757999999953e-02
8.679999999999999716e+00 -1.256723717999999948e-02
8.682499999999999218e+00 -1.258997528999999949e-02
8.685000000000000497e+00 -1.259311777999999951e-02
8.687500000000000000e+00 -1.262348704000000078e-02
8.689999999999999503e+00 -1.265090473000000069e-02
8.692500000000000782e+00 -1.266550913999999958e-02
8.695000000000000284e+00 -1.267098457999999914e-02
8.697499999999999787e+00 -1.267766260000000034e-02
8.699999999999999289e+00 -1.266094444999999943e-02
8.702500000000000568e+00 -1.268095468999999934e-02
8.705000000000000071e+00 -1.268271057999999923e-02
8.707499999999999574e+00 -1.270430177000000070e-02
8.710000000000000853e+00 -1.270087997000000045e-02
8.712500000000000355e+00 -1.275430775999999988e-02
8.714999999999999858e+00 -1.276570011999999914e-02
8.717499999999999361e+00 -1.277125842999999976e-02
8.720000000000000639e+00 -1.277580092000000014e-02
8.722500000000000142e+00 -1.279933425999999971e-02
8.724999999999999645e+00 -1.279571652000000004e-02
8.727499999999999147e+00 -1.284794065000000041e-02
8.730000000000000426e+00 -1.284103504000000048e-02
8.732499999999999929e+00 -1.286777189000000085e-02
8.734999999999999432e+00 -1.287924592000000076e-02
8.737500000000000711e+00 -1.285560321999999929e-02
8.740000000000000213e+00 -1.287761316999999975e-02
8.742499999999999716e+00 -1.289348383000000001e-02
8.744999999999999218e+00 -1.291849305000000031e-02
8.747500000000000497e+00 -1.290488880000000005e-02
8.750000000000000000e+00 -1.292202073999999985e-02
8.752499999999999503e+00 -1.295994035000000086e-02
8.755000000000000782e+00 -1.293945393999999978e-02
8.757500000000000284e+00 -1.297950624999999990e-02
8.759999999999999787e+00 -1.300075780999999930e-02
8.762499999999999289e+00 -1.300244717999999959e-02
8.765000000000000568e+00 -1.300064631999999984e-02
8.767500000000000071e+00 -1.302738309999999962e-02
8.769999999999999574e+00 -1.305359942000000086e-02
8.772500000000000853e+00 -1.305915271000000072e-02
8.775000000000000355e+00 -1.309532463999999938e-02
8.777499999999999858e+00 -1.304669823000000062e-02
8.779999999999999361e+00 -1.310400402999999971e-02
8.782500000000000639e+00 -1.312324800000000055e-02
8.785000000000000142e+00 -1.315882414000000070e-02
8.787499999999999645e+00 -1.314913145999999956e-02
8.789999999999999147e+00 -1.316310455000000053e-02
8.792500000000000426e+00 -1.318586903000000012e-02
8.794999999999999929e+00 -1.318065514000000063e-02
8.797499999999999432e+00 -1.324322193000000009e-02
8.800000000000000711e+00 -1.322307818999999933e-02
8.802500000000000213e+00 -1.321904383000000079e-02
8.804999999999999716e+00 -1.324839880000000004e-02
8.807499999999999218e+00 -1.325975411000000076e-02
8.810000000000000497e+00 -1.325836277999999958e-02
8.812500000000000000e+00 -1.327579515000000022e-02
8.814999999999999503e+00 -1.329482430999999985e-02
8.817500000000000782e+00 -1.330975864000000057e-02
8.820000000000000284e+00 -1.331878077999999917e-02
8.822499999999999787e+00 -1.335140618000000071e-02
8.824999999999999289e+00 -1.335878327000000060e-02
8.827500000000000568e+00 -1.337004707999999917e-02
8.830000000000000071e+00 -1.334537432000000058e-02
8.832499999999999574e+00 -1.337948249000000048e-02
8.835000000000000853e+00 -1.340797516000000016e-02
8.837500000000000355e+00 -1.341398413000000067e-02
8.839999999999999858e+00 -1.344347763000000064e-02
8.842499999999999361e+00 -1.344821201000000015e-02
8.845000000000000639e+00 -1.342019153000000020e-02
8.847500000000000142e+00 -1.348800741000000074e-02
8.849999999999999645e+00 -1.348322276000000000e-02
8.852499999999999147e+00 -1.352189256000000013e-02
8.855000000000000426e+00 -1.348357210000000056e-02
8.857499999999999929e+00 -1.355495695000000049e-02
8.859999999999999432e+00 -1.354076136999999951e-02
8.862500000000000711e+00 -1.357442036000000053e-02
8.865000000000000213e+00 -1.360246784000000014e-02
8.867499999999999716e+00 -1.357547574000000055e-02
8.869999999999999218e+00 -1.362744324000000028e-02
8.872500000000000497e+00 -1.361665245999999982e-02
8.875000000000000000e+00 -1.364372800000000080e-02
8.877499999999999503e+00 -1.365317754000000029e-02
8.880000000000000782e+00 -1.364267624000000019e-02
8.882500000000000284e+00 -1.369819132999999974e-02
8.884999999999999787e+00 -1.370186248999999933e-02
8.887499999999999289e+00 -1.372425088999999938e-02
8.890000000000000568e+00 -1.373171454999999944e-02
8.892500000000000071e+00 -1.373201521999999931e-02
8.894999999999999574e+00 -1.374709833000000055e-02
8.897500000000000853e+00 -1.377374227000000007e-02
8.900000000000000355e+00 -1.375136117999999942e-02
8.902499999999999858e+00 -1.382218129999999989e-02
8.904999999999999361e+00 -1.381991192000000049e-02
8.907500000000000639e+00 -1.379914783999999957e-02
8.910000000000000142e+00 -1.387191007000000004e-02
8.912499999999999645e+00 -1.387501478000000010e-02
8.914999999999999147e+00 -1.384348609000000084e-02
8.917500000000000426e+00 -1.384180058000000074e-02
8.919999999999999929e+00 -1.386228603000000045e-02
8.922499999999999432e+00 -1.388737077999999993e-02
8.925000000000000711e+00 -1.394960779999999956e-02
8.927500000000000213e+00 -1.392866320999999914e-02
8.929999999999999716e+00 -1.396559342999999925e-02
8.932499999999999218e+00 -1.397768662999999967e-02
8.935000000000000497e+00 -1.395226486000000071e-02
8.937500000000000000e+00 -1.398307610999999923e-02
8.939999999999999503e+00 -1.400692408000000014e-02
8.942500000000000782e+00 -1.404765372000000082e-02
8.945000000000000284e+00 -1.403850845999999979e-02
8.947499999999999787e+00 -1.406235238999999949e-02
8.949999999999999289e+00 -1.410684346999999984e-02
8.952500000000000568e+00 -1.411910897000000047e-02
8.955000000000000071e+00 -1.409317606000000042e-02
8.957499999999999574e+00 -1.414783866000000022e-02
8.960000000000000853e+00 -1.416021215000000041e-02
8.962500000000000355e+00 -1.414389414999999914e-02
8.964999999999999858e+00 -1.415073801999999943e-02
8.967499999999999361e+00 -1.418268498000000051e-02
8.970000000000000639e+00 -1.417910946999999949e-02
8.972500000000000142e+00 -1.419938100999999959e-02
8.974999999999999645e+00 -1.420154107000000041e-02
8.977499999999999147e+00 -1.422030428999999929e-02
8.980000000000000426e+00 -1.425755897000000050e-02
8.982499999999999929e+00 -1.426091875999999960e-02
8.984999999999999432e+00 -1.424449160000000082e-02
8.987500000000000711e+00 -1.428600231000000040e-02
8.990000000000000213e+00 -1.431742339999999940e-02
8.992499999999999716e+00 -1.431384995000000056e-02
8.994999999999999218e+00 -1.431909903000000081e-02
8.997500000000000497e+00 -1.433563353999999998e-02
9.000000000000000000e+00 -1.436601359000000064e-02
9.002499999999999503e+00 -1.436756378999999931e-02
9.005000000000000782e+00 -1.437352555000000025e-02
9.007500000000000284e+00 -1.441470763999999974e-02
9.009999999999999787e+00 -1.445143536000000062e-02
9.012499999999999289e+00 -1.444199774000000033e-02
9.015000000000000568e+00 -1.444701473999999985e-02
9.017500000000000071e+00 -1.448512585999999977e-02
9.019999999999999574e+00 -1.447272185999999919e-02
9.022500000000000853e+00 -1.450358424000000070e-02
9.025000000000000355e+00 -1.450724876000000080e-02
9.027499999999999858e+00 -1.456296548000000045e-02
9.029999999999999361e+00 -1.456367673000000078e-02
9.032500000000000639e+00 -1.455076179000000004e-02
9.035000000000000142e+00 -1.459119839999999980e-02
9.037499999999999645e+00 -1.462227538000000077e-02
9.039999999999999147e+00 -1.463898672999999935e-02
9.042500000000000426e+00 -1.463603374999999929e-02
9.044999999999999929e+00 -1.462082611000000039e-02
9.047499999999999432e+00 -1.467392434000000002e-02
9.050000000000000711e+00 -1.466038415999999962e-02
9.052500000000000213e+00 -1.468922507000000079e-02
9.054999999999999716e+00 -1.467876065999999986e-02
9.057499999999999218e+00 -1.474518977999999918e-02
9.060000000000000497e+00 -1.474257982999999973e-02
9.062500000000000000e+00 -1.476905765000000037e-02
9.064999999999999503e+00 -1.474453943000000010e-02
9.067500000000000782e+00 -1.478008148999999938e-02
9.070000000000000284e+00 -1.481404178000000037e-02
9.072499999999999787e+00 -1.483887551999999929e-02
9.074999999999999289e+00 -1.483819410000000033e-02
9.077500000000000568e+00 -1.483750961000000063e-02
9.080000000000000071e+00 -1.488202048999999992e-02
9.082499999999999574e+00 -1.486702508999999950e-02
9.085000000000000853e+00 -1.490889266999999990e-02
9.087500000000000355e+00 -1.491772970000000004e-02
9.089999999999999858e+00 -1.494041777000000050e-02
9.092499999999999361e+00 -1.495549919999999977e-02
9.095000000000000639e+00 -1.496330176999999956e-02
9.097500000000000142e+00 -1.495533494999999949e-02
9.099999999999999645e+00 -1.501706323999999967e-02
9.102499999999999147e+00 -1.500149654999999999e-02
9.105000000000000426e+00 -1.503919744000000065e-02
9.107499999999999929e+00 -1.503420939000000081e-02
9.109999999999999432e+00 -1.504263938999999932e-02
9.112500000000000711e+00 -1.506758992999999991e-02
9.115000000000000213e+00 -1.513154455999999974e-02
9.117499999999999716e+00 -1.510113874999999967e-02
9.119999999999999218e+00 -1.517382075000000066e-02
9.122500000000000497e+00 -1.513968803999999994e-02
9.125000000000000000e+00 -1.514322878000000025e-02
9.127499999999999503e+00 -1.516926881000000074e-02
9.130000000000000782e+00 -1.523488253999999952e-02
9.132500000000000284e+00 -1.520620250000000000e-02
9.134999999999999787e+00 -1.519490475000000000e-02
9.137499999999999289e+00 -1.525961850999999966e-02
9.140000000000000568e+00 -1.525326333999999992e-02
9.142500000000000071e+00 -1.526184522000000043e-02
9.144999999999999574e+00 -1.528541366000000026e-02
9.147500000000000853e+00 -1.531621837999999972e-02
9.150000000000000355e+00 -1.532122040999999921e-02
9.152499999999999858e+00 -1.534484730999999963e-02
9.154999999999999361e+00 -1.538776547000000015e-02
9.157500000000000639e+00 -1.540266529000000086e-02
9.160000000000000142e+00 -1.539237016000000006e-02
9.162499999999999645e+00 -1.540545974999999942e-02
9.164999999999999147e+00 -1.541928195999999959e-02
9.167500000000000426e+00 -1.543004058000000019e-02
9.169999999999999929e+00 -1.546566528000000058e-02
9.172499999999999432e+00 -1.547245447000000079e-02
9.175000000000000711e+00 -1.545759935999999925e-02
9.177500000000000213e+00 -1.548829223000000067e-02
9.179999999999999716e+00 -1.553244596000000026e-02
9.182499999999999218e+00 -1.554238986000000024e-02
9.185000000000000497e+00 -1.557861372999999952e-02
9.187500000000000000e+00 -1.556458980999999957e-02
9.189999999999999503e+00 -1.559536905999999931e-02
9.192500000000000782e+00 -1.560537138999999913e-02
9.195000000000000284e+00 -1.564232569000000017e-02
9.197499999999999787e+00 -1.563980221999999864e-02
9.199999999999999289e+00 -1.566189355000000005e-02
9.202500000000000568e+00 -1.567725874999999908e-02
9.205000000000000071e+00 -1.570412360999999882e-02
9.207499999999999574e+00 -1.571156543999999849e-02
9.210000000000000853e+00 -1.570686564000000132e-02
9.212500000000000355e+00 -1.577647860000000110e-02
9.214999999999999858e+00 -1.572878377000000091e-02
9.217499999999999361e+00 -1.578214014000000123e-02
9.220000000000000639e+00 -1.579289488000000172e-02
9.222500000000000142e+00 -1.581429795000000027e-02
9.224999999999999645e+00 -1.583808688999999853e-02
9.227499999999999147e+00 -1.582835847000000143e-02
9.230000000000000426e+00 -1.585573490999999877e-02
9.232499999999999929e+00 -1.590281354000000133e-02
9.234999999999999432e+00 -1.588472180000000122e-02
9.237500000000000711e+00 -1.591285762000000173e-02
9.240000000000000213e+00 -1.594987625000000159e-02
9.242499999999999716e+00 -1.595870702000000071e-02
9.244999999999999218e+00 -1.597268276999999972e-02
9.247500000000000497e+00 -1.598358332999999867e-02
9.250000000000000000e+00 -1.599269186000000162e-02
9.252499999999999503e+00 -1.604302435000000068e-02
9.255000000000000782e+00 -1.603505444000000169e-02
9.257500000000000284e+00 -1.606890735999999889e-02
9.259999999999999787e+00 -1.609263219000000092e-02
9.262499999999999289e+00 -1.609131643999999958e-02
9.265000000000000568e+00 -1.608988076000000128e-02
9.267500000000000071e+00 -1.612506223000000072e-02
9.269999999999999574e+00 -1.614194163000000001e-02
9.272500000000000853e+00 -1.617104913000000019e-02
9.275000000000000355e+00 -1.620496347000000004e-02
9.277499999999999858e+00 -1.616786980999999901e-02
9.279999999999999361e+00 -1.619963749999999911e-02
9.282500000000000639e+00 -1.622854720999999945e-02
9.285000000000000142e+00 -1.624679166999999994e-02
9.287499999999999645e+00 -1.626539382000000145e-02
9.289999999999999147e+00 -1.628290304999999855e-02
9.292500000000000426e+00 -1.628890913000000107e-02
9.294999999999999929e+00 -1.630748335999999965e-02
9.297499999999999432e+00 -1.634669780000000058e-02
9.300000000000000711e+00 -1.636366423999999903e-02
9.302500000000000213e+00 -1.636139098000000125e-02
9.304999999999999716e+00 -1.638695893000000070e-02
9.307499999999999218e+00 -1.640164272000000159e-02
9.310000000000000497e+00 -1.643823511999999848e-02
9.312500000000000000e+00 -1.644544640000000085e-02
9.314999999999999503e+00 -1.646684303000000085e-02
9.317500000000000782e+00 -1.650027305000000000e-02
9.320000000000000284e+00 -1.648147934000000064e-02
9.322499999999999787e+00 -1.655474468000000046e-02
9.324999999999999289e+00 -1.656540509999999966e-02
9.327500000000000568e+00 -1.657207348000000122e-02
9.330000000000000071e+00 -1.662382115999999979e-02
9.332499999999999574e+00 -1.657142544999999981e-02
9.335000000000000853e+00 -1.663320579999999840e-02
9.337500000000000355e+00 -1.661053504999999986e-02
9.339999999999999858e+00 -1.662913218999999970e-02
9.342499999999999361e+00 -1.666687505999999916e-02
9.345000000000000639e+00 -1.669162378000000127e-02
9.347500000000000142e+00 -1.674306002999999959e-02
9.349999999999999645e+00 -1.669664901000000173e-02
9.352499999999999147e+00 -1.679888034999999988e-02
9.355000000000000426e+00 -1.676959860999999857e-02
9.357499999999999929e+00 -1.677658216999999841e-02
9.359999999999999432e+00 -1.679817395999999921e-02
9.362500000000000711e+00 -1.679064120999999854e-02
9.365000000000000213e+00 -1.680542662999999839e-02
9.367499999999999716e+00 -1.683857721000000043e-02
9.369999999999999218e+00 -1.690853503000000133e-02
9.372500000000000497e+00 -1.688049843999999897e-02
9.375000000000000000e+00 -1.691505584999999923e-02
9.377499999999999503e+00 -1.691255943000000150e-02
9.380000000000000782e+00 -1.695004777000000060e-02
9.382500000000000284e+00 -1.696709848000000145e-02
9.384999999999999787e+00 -1.698200128999999975e-02
9.387499999999999289e+00 -1.700828608000000061e-02
9.390000000000000568e+00 -1.702307742999999846e-02
9.392500000000000071e+00 -1.702446430000000011e-02
9.394999999999999574e+00 -1.702856268999999867e-02
9.397500000000000853e+00 -1.709452830999999909e-02
9.400000000000000355e+00 -1.708373314999999878e-02
9.402499999999999858e+00 -1.714235261000000149e-02
9.404999999999999361e+00 -1.712121461000000108e-02
9.407500000000000639e+00 -1.715033645999999856e-02
9.410000000000000142e+00 -1.716233198000000071e-02
9.412499999999999645e+00 -1.717847499999999861e-02
9.414999999999999147e+00 -1.717432056999999845e-02
9.417500000000000426e+00 -1.722129924999999881e-02
9.419999999999999929e+00 -1.725832792000000018e-02
9.422499999999999432e+00 -1.725821879999999905e-02
9.425000000000000711e+00 -1.731762338000000095e-02
9.427500000000000213e+00 -1.729271971000000130e-02
9.429999999999999716e+00 -1.736063502000000092e-02
9.432499999999999218e+00 -1.737108014999999908e-02
9.435000000000000497e+00 -1.738768783999999901e-02
9.437500000000000000e+00 -1.737606770000000092e-02
9.439999999999999503e+00 -1.741054878000000000e-02
9.442500000000000782e+00 -1.744136919000000008e-02
9.445000000000000284e+00 -1.744423223999999953e-02
9.447499999999999787e+00 -1.744177637999999933e-02
9.449999999999999289e+00 -1.748119948000000090e-02
9.452500000000000568e+00 -1.749696279000000076e-02
9.455000000000000071e+00 -1.753296127000000121e-02
9.457499999999999574e+00 -1.750703706999999845e-02
9.460000000000000853e+00 -1.755335976000000145e-02
9.462500000000000355e+00 -1.758105055999999861e-02
9.464999999999999858e+00 -1.759054564000000001e-02
9.467499999999999361e+00 -1.760317009999999918e-02
9.470000000000000639e+00 -1.761562145000000051e-02
9.472500000000000142e+00 -1.765942213000000136e-02
9.474999999999999645e+00 -1.768832374999999846e-02
9.477499999999999147e+00 -1.769899642000000162e-02
9.480000000000000426e+00 -1.770636878999999955e-02
9.482499999999999929e+00 -1.775313606000000072e-02
9.484999999999999432e+00 -1.775449973999999875e-02
9.487500000000000711e+00 -1.775912664000000099e-02
9.490000000000000213e+00 -1.780592479000000020e-02
9.492499999999999716e+00 -1.780689863000000164e-02
9.494999999999999218e+00 -1.784677320999999983e-02
9.497500000000000497e+00 -1.787256372999999898e-02
9.500000000000000000e+00 -1.787690018999999950e-02
9.502499999999999503e+00 -1.788904431000000114e-02
9.505000000000000782e+00 -1.793963297000000096e-02
9.507500000000000284e+00 -1.792631739999999904e-02
9.509999999999999787e+00 -1.796807457999999996e-02
9.512499999999999289e+00 -1.797268586000000043e-02
9.515000000000000568e+00 -1.800582111000000041e-02
9.517500000000000071e+00 -1.805581129999999854e-02
9.519999999999999574e+00 -1.802966555000000068e-02
9.522500000000000853e+00 -1.804210381000000141e-02
9.525000000000000355e+00 -1.811338217000000098e-02
9.527499999999999858e+00 -1.809836382000000118e-02
9.529999999999999361e+00 -1.811639867999999959e-02
9.532500000000000639e+00 -1.814378842999999839e-02
9.535000000000000142e+00 -1.817694471000000020e-02
9.537499999999999645e+00 -1.814262037999999841e-02
9.539999999999999147e+00 -1.821947202999999946e-02
9.542500000000000426e+00 -1.823179738000000119e-02
9.544999999999999929e+00 -1.827038980999999909e-02
9.547499999999999432e+00 -1.824770058999999889e-02
9.550000000000000711e+00 -1.828124982999999870e-02
9.552500000000000213e+00 -1.831758149999999918e-02
9.554999999999999716e+00 -1.835147310000000143e-02
9.557499999999999218e+00 -1.837082378000000002e-02
9.560000000000000497e+00 -1.836735420999999896e-02
9.562500000000000000e+00 -1.837640054000000064e-02
9.564999999999999503e+00 -1.843640988000000078e-02
9.567500000000000782e+00 -1.844360604000000112e-02
9.570000000000000284e+00 -1.844333773999999940e-02
9.572499999999999787e+00 -1.845420715999999961e-02
9.574999999999999289e+00 -1.850462241999999841e-02
9.577500000000000568e+00 -1.852907271000000036e-02
9.580000000000000071e+00 -1.857065100000000052e-02
9.582499999999999574e+00 -1.857245098999999941e-02
9.585000000000000853e+00 -1.856464433999999858e-02
9.587500000000000355e+00 -1.859175395000000133e-02
9.589999999999999858e+00 -1.864816317999999987e-02
9.592499999999999361e+00 -1.864050357000000130e-02
9.595000000000000639e+00 -1.869489512999999992e-02
9.597500000000000142e+00 -1.870235089000000031e-02
9.599999999999999645e+00 -1.871278839999999943e-02
9.602499999999999147e+00 -1.873198808999999854e-02
9.605000000000000426e+00 -1.875861214999999943e-02
9.607499999999999929e+00 -1.876769242999999990e-02
9.609999999999999432e+00 -1.879229807000000127e-02
9.612500000000000711e+00 -1.884506232000000142e-02
9.615000000000000213e+00 -1.881571808999999915e-02
9.617499999999999716e+00 -1.887967917000000009e-02
9.619999999999999218e+00 -1.885645625000000047e-02
9.622500000000000497e+00 -1.893412125999999890e-02
9.625000000000000000e+00 -1.893201958000000074e-02
9.627499999999999503e+00 -1.896099046000000038e-02
9.630000000000000782e+00 -1.895043497999999993e-02
9.632500000000000284e+00 -1.900040714999999894e-02
9.634999999999999787e+00 -1.904104519000000134e-02
9.637499999999999289e+00 -1.907055318999999888e-02
9.640000000000000568e+00 -1.902977428000000165e-02
9.642500000000000071e+00 -1.910525298999999830e-02
9.644999999999999574e+00 -1.911374960000000039e-02
9.647500000000000853e+00 -1.916062761000000142e-02
9.650000000000000355e+00 -1.919332160000000037e-02
9.652499999999999858e+00 -1.917059948000000152e-02
9.654999999999999361e+00 -1.916356514999999899e-02
9.657500000000000639e+00 -1.918964529999999877e-02
9.660000000000000142e+00 -1.926139542000000066e-02
9.662499999999999645e+00 -1.928261725999999912e-02
9.664999999999999147e+00 -1.931412613000000125e-02
9.667500000000000426e+00 -1.927158208999999942e-02
9.669999999999999929e+00 -1.933597937999999988e-02
9.672499999999999432e+00 -1.933947132999999999e-02
9.675000000000000711e+00 -1.940127514000000025e-02
9.677500000000000213e+00 -1.939200647000000055e-02
9.679999999999999716e+00 -1.942259807999999893e-02
9.682499999999999218e+00 -1.941165405000000108e-02
9.685000000000000497e+00 -1.945186506000000023e-02
9.687500000000000000e+00 -1.949495252000000081e-02
9.689999999999999503e+00 -1.950069287999999998e-02
9.692500000000000782e+00 -1.954996188000000107e-02
9.695000000000000284e+00 -1.952958802999999952e-02
9.697499999999999787e+00 -1.958113187000000074e-02
9.699999999999999289e+00 -1.959619156000000015e-02
9.702500000000000568e+00 -1.961207138999999933e-02
9.705000000000000071e+00 -1.965485881999999920e-02
9.707499999999999574e+00 -1.968373366999999832e-02
9.710000000000000853e+00 -1.968437215000000060e-02
9.712500000000000355e+00 -1.971393252000000137e-02
9.714999999999999858e+00 -1.976160613000000135e-02
9.717499999999999361e+00 -1.976842745000000068e-02
9.720000000000000639e+00 -1.982065976000000132e-02
9.722500000000000142e+00 -1.977928068000000053e-02
9.724999999999999645e+00 -1.985365743999999849e-02
9.727499999999999147e+00 -1.983557013000000063e-02
9.730000000000000426e+00 -1.992871010000000012e-02
9.732499999999999929e+00 -1.991698948999999844e-02
9.734999999999999432e+00 -1.994039459000000042e-02
9.737500000000000711e+00 -1.993986007999999990e-02
9.740000000000000213e+00 -1.995800589000000166e-02
9.742499999999999716e+00 -2.002180913999999923e-02
9.744999999999999218e+00 -2.005553518000000035e-02
9.747500000000000497e+00 -2.003879473000000008e-02
9.750000000000000000e+00 -2.011621619000000111e-02
9.752499999999999503e+00 -2.008841998999999837e-02
9.755000000000000782e+00 -2.009738559999999993e-02
9.757500000000000284e+00 -2.012892573000000032e-02
9.759999999999999787e+00 -2.015262937000000115e-02
9.762499999999999289e+00 -2.019965408000000059e-02
9.765000000000000568e+00 -2.024596333999999914e-02
9.767500000000000071e+00 -2.025316959000000167e-02
9.769999999999999574e+00 -2.023205055999999918e-02
9.772500000000000853e+00 -2.027552412999999998e-02
9.775000000000000355e+00 -2.033022950000000148e-02
9.777499999999999858e+00 -2.034497208999999987e-02
9.779999999999999361e+00 -2.040134475000000142e-02
9.782500000000000639e+00 -2.040095702999999983e-02
9.785000000000000142e+00 -2.044692056999999896e-02
9.787499999999999645e+00 -2.042585888000000155e-02
9.789999999999999147e+00 -2.046286564000000113e-02
9.792500000000000426e+00 -2.050123010000000010e-02
9.794999999999999929e+00 -2.050021798999999978e-02
9.797499999999999432e+00 -2.054288247999999997e-02
9.800000000000000711e+00 -2.055734072999999829e-02
9.802500000000000213e+00 -2.057466135999999959e-02
9.804999999999999716e+00 -2.057901925000000035e-02
9.807499999999999218e+00 -2.065129872999999991e-02
9.810000000000000497e+00 -2.065668710000000130e-02
9.812500000000000000e+00 -2.068998349000000098e-02
9.814999999999999503e+00 -2.070826908000000105e-02
9.817500000000000782e+00 -2.074121458000000029e-02
9.820000000000000284e+00 -2.076476518999999937e-02
9.822499999999999787e+00 -2.076257892000000008e-02
9.824999999999999289e+00 -2.083053593000000134e-02
9.827500000000000568e+00 -2.086773377000000068e-02
9.830000000000000071e+00 -2.084943537999999971e-02
9.832499999999999574e+00 -2.085798575999999946e-02
9.835000000000000853e+00 -2.090849469000000127e-02
9.837500000000000355e+00 -2.090371682999999856e-02
9.839999999999999858e+00 -2.090433218999999954e-02
9.842499999999999361e+00 -2.096838310000000150e-02
9.845000000000000639e+00 -2.099676803999999883e-02
9.847500000000000142e+00 -2.107000900000000065e-02
9.849999999999999645e+00 -2.105206328999999904e-02
9.852499999999999147e+00 -2.107623864999999888e-02
9.855000000000000426e+00 -2.111772631999999858e-02
9.857499999999999929e+00 -2.117244626000000171e-02
9.859999999999999432e+00 -2.115461739000000160e-02
9.862500000000000711e+00 -2.119345578999999938e-02
9.865000000000000213e+00 -2.117866544999999837e-02
9.867499999999999716e+00 -2.122980463000000151e-02
9.869999999999999218e+00 -2.125293167999999996e-02
9.872500000000000497e+00 -2.127050545999999848e-02
9.875000000000000000e+00 -2.131344200999999924e-02
9.877499999999999503e+00 -2.130861297000000154e-02
9.880000000000000782e+00 -2.134639636999999951e-02
9.882500000000000284e+00 -2.138914857999999961e-02
9.884999999999999787e+00 -2.139958386999999893e-02
9.887499999999999289e+00 -2.145334955000000043e-02
9.890000000000000568e+00 -2.145601726999999889e-02
9.892500000000000071e+00 -2.149422825000000051e-02
9.894999999999999574e+00 -2.152171484000000093e-02
9.897500000000000853e+00 -2.156919084999999944e-02
9.900000000000000355e+00 -2.157350456000000152e-02
9.902499999999999858e+00 -2.160304794000000167e-02
9.904999999999999361e+00 -2.161040167000000123e-02
9.907500000000000639e+00 -2.164726063999999894e-02
9.910000000000000142e+00 -2.173198226000000108e-02
9.912499999999999645e+00 -2.168781625999999935e-02
9.914999999999999147e+00 -2.171830961000000004e-02
9.917500000000000426e+00 -2.173988498999999963e-02
9.919999999999999929e+00 -2.176073090000000057e-02
9.922499999999999432e+00 -2.178258342999999861e-02
9.925000000000000711e+00 -2.182801456999999834e-02
9.927500000000000213e+00 -2.190628115999999903e-02
9.929999999999999716e+00 -2.189269002000000103e-02
9.932499999999999218e+00 -2.187490970000000035e-02
9.935000000000000497e+00 -2.197561774000000162e-02
9.937500000000000000e+00 -2.196526178999999926e-02
9.939999999999999503e+00 -2.198587641000000065e-02
9.942500000000000782e+00 -2.200651148000000099e-02
9.945000000000000284e+00 -2.206624235000000100e-02
9.947499999999999787e+00 -2.206566176000000074e-02
9.949999999999999289e+00 -2.212262953000000004e-02
9.952500000000000568e+00 -2.215742726999999843e-02
9.955000000000000071e+00 -2.216643558000000111e-02
9.957499999999999574e+00 -2.217680287999999889e-02
9.960000000000000853e+00 -2.220437382000000140e-02
9.962500000000000355e+00 -2.222786346000000038e-02
9.964999999999999858e+00 -2.229971764000000106e-02
9.967499999999999361e+00 -2.232290479000000050e-02
9.970000000000000639e+00 -2.228842454000000070e-02
9.972500000000000142e+00 -2.233877231999999852e-02
9.974999999999999645e+00 -2.238772627999999904e-02
9.977499999999999147e+00 -2.242733704999999925e-02
9.980000000000000426e+00 -2.247913853999999878e-02
9.982499999999999929e+00 -2.243861678000000012e-02
9.984999999999999432e+00 -2.247334030999999926e-02
9.987500000000000711e+00 -2.250071404999999872e-02
9.990000000000000213e+00 -2.257227465999999891e-02
9.992499999999999716e+00 -2.256238110000000074e-02
9.994999999999999218e+00 -2.264594785000000055e-02
9.997500000000000497e+00 -2.262457580000000121e-02
1.000000000000000000e+01 -2.249826493000000108e-02
