0.000000000000000000e+00 -5.000570194000000246e-01
2.500000000000000139e-02 -4.930322914999999973e-01
5.000000000000000278e-02 -4.860189851000000227e-01
7.499999999999999722e-02 -4.790171001999999900e-01
1.000000000000000056e-01 -4.722493512000000004e-01
1.250000000000000000e-01 -4.658212232000000230e-01
1.499999999999999944e-01 -4.591731868999999744e-01
1.749999999999999889e-01 -4.526863476999999913e-01
2.000000000000000111e-01 -4.466789324000000061e-01
2.250000000000000056e-01 -4.402809122999999936e-01
2.500000000000000000e-01 -4.342974647999999771e-01
2.750000000000000222e-01 -4.283388459999999953e-01
2.999999999999999889e-01 -4.227986221000000211e-01
3.250000000000000111e-01 -4.171243615999999932e-01
3.499999999999999778e-01 -4.113045303999999791e-01
3.750000000000000000e-01 -4.060128694999999843e-01
4.000000000000000222e-01 -4.007839007999999814e-01
4.249999999999999889e-01 -3.954067788999999777e-01
4.500000000000000111e-01 -3.903526350000000034e-01
4.749999999999999778e-01 -3.854893656000000224e-01
5.000000000000000000e-01 -3.806910418000000185e-01
5.250000000000000222e-01 -3.755260683000000155e-01
5.500000000000000444e-01 -3.708635258999999906e-01
5.749999999999999556e-01 -3.662145379000000256e-01
5.999999999999999778e-01 -3.616921227000000072e-01
6.250000000000000000e-01 -3.572066590999999902e-01
6.500000000000000222e-01 -3.525771808000000007e-01
6.750000000000000444e-01 -3.482497619000000100e-01
6.999999999999999556e-01 -3.441668513000000207e-01
7.249999999999999778e-01 -3.399867625999999921e-01
7.500000000000000000e-01 -3.357032496999999838e-01
7.750000000000000222e-01 -3.316070184000000087e-01
8.000000000000000444e-01 -3.280190402000000005e-01
8.249999999999999556e-01 -3.239681993999999898e-01
8.499999999999999778e-01 -3.199523081999999796e-01
8.750000000000000000e-01 -3.161611827999999957e-01
9.000000000000000222e-01 -3.124871382000000142e-01
9.250000000000000444e-01 -3.090521373999999821e-01
9.499999999999999556e-01 -3.054597554999999853e-01
9.749999999999999778e-01 -3.019225007999999932e-01
1.000000000000000000e+00 -2.983040765000000150e-01
1.024999999999999911e+00 -2.949454375000000184e-01
1.050000000000000044e+00 -2.915028425999999784e-01
1.074999999999999956e+00 -2.881804091999999873e-01
1.100000000000000089e+00 -2.855823231999999878e-01
1.125000000000000000e+00 -2.820848885000000195e-01
1.149999999999999911e+00 -2.789134952999999806e-01
1.175000000000000044e+00 -2.758180485999999765e-01
1.199999999999999956e+00 -2.732724613999999996e-01
1.225000000000000089e+00 -2.696771342000000016e-01
1.250000000000000000e+00 -2.668960224999999964e-01
1.274999999999999911e+00 -2.639620451999999950e-01
1.300000000000000044e+00 -2.610411156999999926e-01
1.324999999999999956e+00 -2.583111720999999861e-01
1.350000000000000089e+00 -2.556918398999999953e-01
1.375000000000000000e+00 -2.527483300000000210e-01
1.399999999999999911e+00 -2.504348339999999951e-01
1.425000000000000044e+00 -2.475529284000000108e-01
1.449999999999999956e+00 -2.448832062999999892e-01
1.475000000000000089e+00 -2.420925358000000083e-01
1.500000000000000000e+00 -2.398882186999999888e-01
1.524999999999999911e+00 -2.374360885000000032e-01
1.550000000000000044e+00 -2.350864595000000112e-01
1.574999999999999956e+00 -2.324315908000000042e-01
1.600000000000000089e+00 -2.302855098999999905e-01
1.625000000000000000e+00 -2.278385401999999949e-01
1.649999999999999911e+00 -2.256477655000000138e-01
1.675000000000000044e+00 -2.233348024000000043e-01
1.699999999999999956e+00 -2.209849999999999870e-01
1.725000000000000089e+00 -2.188705639999999897e-01
1.750000000000000000e+00 -2.165646391000000115e-01
1.774999999999999911e+00 -2.146073524000000066e-01
1.800000000000000044e+00 -2.121996455999999864e-01
1.824999999999999956e+00 -2.100482680999999907e-01
1.850000000000000089e+00 -2.082427397999999930e-01
1.875000000000000000e+00 -2.062091917999999968e-01
1.899999999999999911e+00 -2.043608409000000070e-01
1.925000000000000044e+00 -2.022325537999999923e-01
1.949999999999999956e+00 -2.004861672000000095e-01
1.975000000000000089e+00 -1.981473921000000138e-01
2.000000000000000000e+00 -1.963943689000000048e-01
2.024999999999999911e+00 -1.947020014999999993e-01
2.049999999999999822e+00 -1.924214840000000037e-01
2.075000000000000178e+00 -1.910706658000000113e-01
2.100000000000000089e+00 -1.890599776999999926e-01
2.125000000000000000e+00 -1.872759112000000059e-01
2.149999999999999911e+00 -1.858128739999999890e-01
2.174999999999999822e+00 -1.838412778000000081e-01
2.200000000000000178e+00 -1.821437448000000070e-01
2.225000000000000089e+00 -1.804627658000000079e-01
2.250000000000000000e+00 -1.789362328000000113e-01
2.274999999999999911e+00 -1.772498037000000137e-01
2.299999999999999822e+00 -1.757023926999999874e-01
2.325000000000000178e+00 -1.740436502000000107e-01
2.350000000000000089e+00 -1.725777645999999887e-01
2.375000000000000000e+00 -1.708477194999999949e-01
2.399999999999999911e+00 -1.694617247000000104e-01
2.424999999999999822e+00 -1.679307064999999988e-01
2.450000000000000178e+00 -1.661632088999999979e-01
2.475000000000000089e+00 -1.647087774999999865e-01
2.500000000000000000e+00 -1.633926574000000020e-01
2.524999999999999911e+00 -1.617093698000000024e-01
2.549999999999999822e+00 -1.605265567999999976e-01
2.575000000000000178e+00 -1.590217019999999870e-01
2.600000000000000089e+00 -1.576597620000000088e-01
2.625000000000000000e+00 -1.562867226999999914e-01
2.649999999999999911e+00 -1.550756604999999899e-01
2.674999999999999822e+00 -1.536443208000000116e-01
2.700000000000000178e+00 -1.522731992999999950e-01
2.725000000000000089e+00 -1.508882537000000024e-01
2.750000000000000000e+00 -1.496815952999999977e-01
2.774999999999999911e+00 -1.482565874000000006e-01
2.799999999999999822e+00 -1.471027501999999931e-01
2.825000000000000178e+00 -1.458125581999999976e-01
2.850000000000000089e+00 -1.444365280999999890e-01
2.875000000000000000e+00 -1.433696100000000084e-01
2.899999999999999911e+00 -1.421168976999999944e-01
2.924999999999999822e+00 -1.408814879999999992e-01
2.950000000000000178e+00 -1.397731741000000083e-01
2.975000000000000089e+00 -1.386085847000000093e-01
3.000000000000000000e+00 -1.374419195000000093e-01
3.024999999999999911e+00 -1.364086952999999935e-01
3.049999999999999822e+00 -1.351008837000000073e-01
3.075000000000000178e+00 -1.342074467999999909e-01
3.100000000000000089e+00 -1.328469446999999970e-01
3.125000000000000000e+00 -1.318742049999999943e-01
3.149999999999999911e+00 -1.308233357999999957e-01
3.174999999999999822e+00 -1.296759910999999987e-01
3.200000000000000178e+00 -1.285360618999999982e-01
3.225000000000000089e+00 -1.275863036000000061e-01
3.250000000000000000e+00 -1.265319595999999935e-01
3.274999999999999911e+00 -1.253840240999999911e-01
3.299999999999999822e+00 -1.244115774000000008e-01
3.325000000000000178e+00 -1.235809008999999986e-01
3.350000000000000089e+00 -1.224555325000000056e-01
3.375000000000000000e+00 -1.215080406000000057e-01
3.399999999999999911e+00 -1.206124494000000019e-01
3.424999999999999822e+00 -1.195123993000000023e-01
3.450000000000000178e+00 -1.185892233000000046e-01
3.475000000000000089e+00 -1.175191599000000031e-01
3.500000000000000000e+00 -1.167395611999999944e-01
3.524999999999999911e+00 -1.157687347000000005e-01
3.549999999999999822e+00 -1.148653045999999955e-01
3.575000000000000178e+00 -1.140455437000000016e-01
3.600000000000000089e+00 -1.130429899000000016e-01
3.625000000000000000e+00 -1.120391399999999954e-01
3.649999999999999911e+00 -1.112958854999999969e-01
3.674999999999999822e+00 -1.103503871999999969e-01
3.700000000000000178e+00 -1.095631876999999949e-01
3.725000000000000089e+00 -1.087787402999999958e-01
3.750000000000000000e+00 -1.079800967999999944e-01
3.774999999999999911e+00 -1.070772697000000051e-01
3.799999999999999822e+00 -1.062510603000000053e-01
3.825000000000000178e+00 -1.054480252999999979e-01
3.850000000000000089e+00 -1.045861881000000049e-01
3.875000000000000000e+00 -1.038641352999999934e-01
3.899999999999999911e+00 -1.030043570999999991e-01
3.924999999999999822e+00 -1.022480795999999997e-01
3.950000000000000178e+00 -1.015247675000000016e-01
3.975000000000000089e+00 -1.006841901999999955e-01
4.000000000000000000e+00 -9.980570464999999336e-02
4.025000000000000355e+00 -9.923793009999999637e-02
4.049999999999999822e+00 -9.832475702000000040e-02
4.075000000000000178e+00 -9.760394846000000624e-02
4.099999999999999645e+00 -9.681352730999999434e-02
4.125000000000000000e+00 -9.617771094999999493e-02
4.150000000000000355e+00 -9.547897909999999988e-02
4.174999999999999822e+00 -9.458608364999999962e-02
4.200000000000000178e+00 -9.396234083000000459e-02
4.224999999999999645e+00 -9.327877974999999877e-02
4.250000000000000000e+00 -9.269663712999999527e-02
4.275000000000000355e+00 -9.188859010000000049e-02
4.299999999999999822e+00 -9.125219146999999364e-02
4.325000000000000178e+00 -9.055973006999999686e-02
4.349999999999999645e+00 -8.997237596000000337e-02
4.375000000000000000e+00 -8.943886153999999755e-02
4.400000000000000355e+00 -8.860288961999999990e-02
4.424999999999999822e+00 -8.800800467000000071e-02
4.450000000000000178e+00 -8.734820749999999689e-02
4.474999999999999645e+00 -8.663444702000000497e-02
4.500000000000000000e+00 -8.594782341999999964e-02
4.525000000000000355e+00 -8.543521416999999563e-02
4.549999999999999822e+00 -8.478976267000000455e-02
4.575000000000000178e+00 -8.424547234000000218e-02
4.599999999999999645e+00 -8.368573681999999514e-02
4.625000000000000000e+00 -8.293645462000000246e-02
4.650000000000000355e+00 -8.237838257000000552e-02
4.674999999999999822e+00 -8.182841405999999318e-02
4.700000000000000178e+00 -8.133622656000000228e-02
4.724999999999999645e+00 -8.064084166000000387e-02
4.750000000000000000e+00 -7.990300907000000286e-02
4.775000000000000355e+00 -7.958411432999999702e-02
4.799999999999999822e+00 -7.885808636999999677e-02
4.825000000000000178e+00 -7.832204008000000217e-02
4.849999999999999645e+00 -7.780775536999999520e-02
4.875000000000000000e+00 -7.716792618999999964e-02
4.900000000000000355e+00 -7.653778478999999357e-02
4.924999999999999822e+00 -7.617317235999999936e-02
4.950000000000000178e+00 -7.550802712000000139e-02
4.974999999999999645e+00 -7.503595511999999745e-02
5.000000000000000000e+00 -7.447172694999999731e-02
5.025000000000000355e+00 -7.392331569000000491e-02
5.049999999999999822e+00 -7.349144032000000382e-02
5.075000000000000178e+00 -7.296592145999999945e-02
5.099999999999999645e+00 -7.233220288000000164e-02
5.125000000000000000e+00 -7.193397746000000648e-02
5.150000000000000355e+00 -7.143037484000000492e-02
5.174999999999999822e+00 -7.091233405999999850e-02
5.200000000000000178e+00 -7.041268581000000026e-02
5.224999999999999645e+00 -6.982769387999999966e-02
5.250000000000000000e+00 -6.944254860000000085e-02
5.275000000000000355e+00 -6.895714702999999890e-02
5.299999999999999822e+00 -6.850002718000000601e-02
5.325000000000000178e+00 -6.818697106000000396e-02
5.349999999999999645e+00 -6.753119960999999505e-02
5.375000000000000000e+00 -6.699871931999999697e-02
5.400000000000000355e+00 -6.674120919999999846e-02
5.424999999999999822e+00 -6.620050740999999794e-02
5.450000000000000178e+00 -6.576520263000000532e-02
5.474999999999999645e+00 -6.517864363000000494e-02
5.500000000000000000e+00 -6.493414004000000461e-02
5.525000000000000355e+00 -6.427356040999999964e-02
5.549999999999999822e+00 -6.391845464999999782e-02
5.575000000000000178e+00 -6.342762004999999426e-02
5.599999999999999645e+00 -6.303268551000000552e-02
5.625000000000000000e+00 -6.266149885999999780e-02
5.650000000000000355e+00 -6.222317691999999789e-02
5.674999999999999822e+00 -6.185248801999999879e-02
5.700000000000000178e+00 -6.132455372000000099e-02
5.724999999999999645e+00 -6.095286045000000014e-02
5.750000000000000000e+00 -6.058520033999999915e-02
5.775000000000000355e+00 -6.017133310000000179e-02
5.799999999999999822e+00 -5.971204400999999967e-02
5.825000000000000178e+00 -5.935616511999999845e-02
5.849999999999999645e+00 -5.884635575000000257e-02
5.875000000000000000e+00 -5.852361611999999658e-02
5.900000000000000355e+00 -5.802297933000000185e-02
5.924999999999999822e+00 -5.780091866999999967e-02
5.950000000000000178e+00 -5.733672864000000091e-02
5.974999999999999645e+00 -5.701081179999999832e-02
6.000000000000000000e+00 -5.652236825000000325e-02
6.025000000000000355e+00 -5.616535626000000031e-02
6.049999999999999822e+00 -5.580625378000000220e-02
6.075000000000000178e+00 -5.537916270999999890e-02
6.099999999999999645e+00 -5.496388306000000307e-02
6.125000000000000000e+00 -5.476127580000000189e-02
6.150000000000000355e+00 -5.428030620999999695e-02
6.174999999999999822e+00 -5.397986954000000281e-02
6.200000000000000178e+00 -5.361577530000000147e-02
6.224999999999999645e+00 -5.322240514999999894e-02
6.250000000000000000e+00 -5.292119586999999986e-02
6.275000000000000355e+00 -5.263357136999999991e-02
6.299999999999999822e+00 -5.222131104000000273e-02
6.325000000000000178e+00 -5.190014540000000010e-02
6.349999999999999645e+00 -5.148903761000000329e-02
6.375000000000000000e+00 -5.117367512999999868e-02
6.400000000000000355e+00 -5.088266865999999805e-02
6.424999999999999822e+00 -5.048513303999999785e-02
6.450000000000000178e+00 -5.014055644999999839e-02
6.474999999999999645e+00 -4.979626834999999890e-02
6.500000000000000000e+00 -4.951376416000000114e-02
6.525000000000000355e+00 -4.907853775999999890e-02
6.549999999999999822e+00 -4.884166538000000307e-02
6.575000000000000178e+00 -4.861960176999999966e-02
6.599999999999999645e+00 -4.828202971000000038e-02
6.625000000000000000e+00 -4.798988191999999792e-02
6.650000000000000355e+00 -4.760639298000000214e-02
6.674999999999999822e+00 -4.733286091999999723e-02
6.700000000000000178e+00 -4.712846552000000272e-02
6.724999999999999645e+00 -4.665535146000000105e-02
6.750000000000000000e+00 -4.638735813000000041e-02
6.775000000000000355e+00 -4.611045914999999801e-02
6.799999999999999822e+00 -4.576700077000000338e-02
6.825000000000000178e+00 -4.548824085000000017e-02
6.849999999999999645e+00 -4.530069342999999693e-02
6.875000000000000000e+00 -4.492491559000000301e-02
6.900000000000000355e+00 -4.464455509999999683e-02
6.924999999999999822e+00 -4.434969074999999677e-02
6.950000000000000178e+00 -4.401204733999999896e-02
6.974999999999999645e+00 -4.388941274000000142e-02
7.000000000000000000e+00 -4.346564983000000132e-02
7.025000000000000355e+00 -4.323328349000000320e-02
7.049999999999999822e+00 -4.295650605000000261e-02
7.075000000000000178e+00 -4.266419605999999948e-02
7.099999999999999645e+00 -4.240220567999999912e-02
7.125000000000000000e+00 -4.215227802999999690e-02
7.150000000000000355e+00 -4.189245979000000286e-02
7.174999999999999822e+00 -4.158938266000000022e-02
7.200000000000000178e+00 -4.134866723999999771e-02
7.224999999999999645e+00 -4.103398089000000193e-02
7.250000000000000000e+00 -4.075469134999999687e-02
7.275000000000000355e+00 -4.051936605999999913e-02
7.299999999999999822e+00 -4.029661486000000320e-02
7.325000000000000178e+00 -4.002959891999999936e-02
7.349999999999999645e+00 -3.984661574000000067e-02
7.375000000000000000e+00 -3.956357377999999980e-02
7.400000000000000355e+00 -3.938729386999999943e-02
7.424999999999999822e+00 -3.905941764000000344e-02
7.450000000000000178e+00 -3.881507856000000062e-02
7.474999999999999645e+00 -3.853888825000000018e-02
7.500000000000000000e+00 -3.834972408000000138e-02
7.525000000000000355e+00 -3.808471264999999800e-02
7.549999999999999822e+00 -3.780080202999999694e-02
7.575000000000000178e+00 -3.752840090000000156e-02
7.599999999999999645e+00 -3.731386234999999746e-02
7.625000000000000000e+00 -3.712686484000000259e-02
7.650000000000000355e+00 -3.685324132000000058e-02
7.674999999999999822e+00 -3.671445250000000132e-02
7.700000000000000178e+00 -3.642629692999999752e-02
7.724999999999999645e+00 -3.619405335999999890e-02
7.750000000000000000e+00 -3.590072893000000043e-02
7.775000000000000355e+00 -3.573572205000000168e-02
7.799999999999999822e+00 -3.553585823000000171e-02
7.825000000000000178e+00 -3.540159374000000081e-02
7.849999999999999645e+00 -3.508357471000000255e-02
7.875000000000000000e+00 -3.492580289999999699e-02
7.900000000000000355e+00 -3.462857285999999812e-02
7.924999999999999822e+00 -3.446370531000000209e-02
7.950000000000000178e+00 -3.423788150999999835e-02
7.974999999999999645e+00 -3.402181367999999873e-02
8.000000000000000000e+00 -3.379279979000000128e-02
8.025000000000000355e+00 -3.355325773000000095e-02
8.050000000000000711e+00 -3.347063869999999941e-02
8.074999999999999289e+00 -3.310903210999999874e-02
8.099999999999999645e+00 -3.299079553999999942e-02
8.125000000000000000e+00 -3.274607180999999922e-02
8.150000000000000355e+00 -3.263677490999999931e-02
8.175000000000000711e+00 -3.235798715999999714e-02
8.199999999999999289e+00 -3.205379670999999875e-02
8.224999999999999645e+00 -3.204675256000000250e-02
8.250000000000000000e+00 -3.176326251000000100e-02
8.275000000000000355e+00 -3.153201669999999845e-02
8.300000000000000711e+00 -3.136270521000000117e-02
8.324999999999999289e+00 -3.115193420999999921e-02
8.349999999999999645e+00 -3.100028520000000162e-02
8.375000000000000000e+00 -3.082322302999999930e-02
8.400000000000000355e+00 -3.060046623999999882e-02
8.425000000000000711e+00 -3.039660606000000112e-02
8.449999999999999289e+00 -3.027016813000000042e-02
8.474999999999999645e+00 -3.012044243999999898e-02
8.500000000000000000e+00 -2.991376295999999962e-02
8.525000000000000355e+00 -2.976442536999999999e-02
8.550000000000000711e+00 -2.954364061999999874e-02
8.574999999999999289e+00 -2.928793474000000036e-02
8.599999999999999645e+00 -2.909975227999999844e-02
8.625000000000000000e+00 -2.897982089000000067e-02
8.650000000000000355e+00 -2.879572239000000033e-02
8.675000000000000711e+00 -2.866840022000000099e-02
8.699999999999999289e+00 -2.843506567999999970e-02
8.724999999999999645e+00 -2.825667843000000123e-02
8.750000000000000000e+00 -2.811975314999999934e-02
8.775000000000000355e+00 -2.786816290000000002e-02
8.800000000000000711e+00 -2.778100728999999963e-02
8.824999999999999289e+00 -2.758659990000000145e-02
8.849999999999999645e+00 -2.736037849000000008e-02
8.875000000000000000e+00 -2.725889260999999827e-02
8.900000000000000355e+00 -2.706917870000000170e-02
8.925000000000000711e+00 -2.693328860000000075e-02
8.949999999999999289e+00 -2.674311320000000158e-02
8.974999999999999645e+00 -2.666475524000000083e-02
9.000000000000000000e+00 -2.644964389999999999e-02
9.025000000000000355e+00 -2.633954247999999859e-02
9.050000000000000711e+00 -2.613821397000000088e-02
9.074999999999999289e+00 -2.594853726999999874e-02
9.099999999999999645e+00 -2.581882887000000112e-02
9.125000000000000000e+00 -2.567697026000000105e-02
9.150000000000000355e+00 -2.553612928000000004e-02
9.175000000000000711e+00 -2.533318098000000157e-02
9.199999999999999289e+00 -2.523232716999999903e-02
9.224999999999999645e+00 -2.507285333999999949e-02
9.250000000000000000e+00 -2.489172564000000087e-02
9.275000000000000355e+00 -2.482651623000000154e-02
9.300000000000000711e+00 -2.458970698000000066e-02
9.324999999999999289e+00 -2.446893191999999911e-02
9.349999999999999645e+00 -2.425880788000000024e-02
9.375000000000000000e+00 -2.410855194000000035e-02
9.400000000000000355e+00 -2.399994543999999994e-02
9.425000000000000711e+00 -2.383788893999999950e-02
9.449999999999999289e+00 -2.371001115000000159e-02
9.474999999999999645e+00 -2.368428045999999842e-02
9.500000000000000000e+00 -2.345290562999999967e-02
9.525000000000000355e+00 -2.328529560999999942e-02
9.550000000000000711e+00 -2.322046487999999964e-02
9.574999999999999289e+00 -2.298904045999999868e-02
9.599999999999999645e+00 -2.287976886000000001e-02
9.625000000000000000e+00 -2.277387869999999981e-02
9.650000000000000355e+00 -2.261057865000000097e-02
9.675000000000000711e+00 -2.249795367999999837e-02
9.699999999999999289e+00 -2.235688190000000020e-02
9.724999999999999645e+00 -2.223199597999999874e-02
9.750000000000000000e+00 -2.207481713000000040e-02
9.775000000000000355e+00 -2.195002806000000140e-02
9.800000000000000711e+00 -2.181810848000000080e-02
9.824999999999999289e+00 -2.170225636000000166e-02
9.849999999999999645e+00 -2.156949177000000092e-02
9.875000000000000000e+00 -2.145832463999999828e-02
9.900000000000000355e+00 -2.133435549999999903e-02
9.925000000000000711e+00 -2.120316243999999933e-02
9.949999999999999289e+00 -2.107647920000000133e-02
9.974999999999999645e+00 -2.097753502000000020e-02
1.000000000000000000e+01 -2.081846459999999940e-02
1.002500000000000036e+01 -2.068007441999999974e-02
1.005000000000000071e+01 -2.057305740000000063e-02
1.007499999999999929e+01 -2.041058743999999911e-02
1.009999999999999964e+01 -2.034874998000000060e-02
1.012500000000000000e+01 -2.016837260999999881e-02
1.015000000000000036e+01 -2.011254208000000029e-02
1.017500000000000071e+01 -1.995830818999999937e-02
1.019999999999999929e+01 -1.984344449000000066e-02
1.022499999999999964e+01 -1.979481245000000098e-02
1.025000000000000000e+01 -1.965830735000000107e-02
1.027500000000000036e+01 -1.949795304999999909e-02
1.030000000000000071e+01 -1.941779445000000118e-02
1.032499999999999929e+01 -1.926123298000000095e-02
1.034999999999999964e+01 -1.913298223000000145e-02
1.037500000000000000e+01 -1.905394134999999906e-02
1.040000000000000036e+01 -1.894084722000000109e-02
1.042500000000000071e+01 -1.884035740000000042e-02
1.044999999999999929e+01 -1.872881532000000154e-02
1.047499999999999964e+01 -1.860668479999999861e-02
1.050000000000000000e+01 -1.851626710000000078e-02
1.052500000000000036e+01 -1.840148034999999904e-02
1.055000000000000071e+01 -1.826957092999999949e-02
1.057499999999999929e+01 -1.820112947000000064e-02
1.059999999999999964e+01 -1.806772170000000080e-02
1.062500000000000000e+01 -1.800560593000000154e-02
1.065000000000000036e+01 -1.788278144999999944e-02
1.067500000000000071e+01 -1.771998328000000053e-02
1.069999999999999929e+01 -1.764847254999999879e-02
1.072499999999999964e+01 -1.758632419999999960e-02
1.075000000000000000e+01 -1.749517717000000083e-02
1.077500000000000036e+01 -1.735326442000000025e-02
1.080000000000000071e+01 -1.730190072999999995e-02
1.082499999999999929e+01 -1.716737165999999981e-02
1.084999999999999964e+01 -1.706525919000000113e-02
1.087500000000000000e+01 -1.699576979000000029e-02
1.090000000000000036e+01 -1.685819611999999842e-02
1.092500000000000071e+01 -1.677261816999999974e-02
1.094999999999999929e+01 -1.668365700000000104e-02
1.097499999999999964e+01 -1.656508405999999878e-02
1.100000000000000000e+01 -1.644097401999999875e-02
1.102500000000000036e+01 -1.638455629999999857e-02
1.105000000000000071e+01 -1.628379112999999920e-02
1.107499999999999929e+01 -1.618030767000000134e-02
1.109999999999999964e+01 -1.611932711999999879e-02
1.112500000000000000e+01 -1.601176611999999971e-02
1.115000000000000036e+01 -1.591542325000000133e-02
1.117500000000000071e+01 -1.582319249999999955e-02
1.119999999999999929e+01 -1.572563994000000104e-02
1.122499999999999964e+01 -1.563749675000000033e-02
1.125000000000000000e+01 -1.551061087999999928e-02
1.127500000000000036e+01 -1.547125344000000076e-02
1.130000000000000071e+01 -1.537085164000000052e-02
1.132499999999999929e+01 -1.532107190999999931e-02
1.134999999999999964e+01 -1.519914531999999943e-02
1.137500000000000000e+01 -1.511730566000000012e-02
1.140000000000000036e+01 -1.497678552000000080e-02
1.142500000000000071e+01 -1.493434039999999921e-02
1.144999999999999929e+01 -1.481954608000000083e-02
1.147499999999999964e+01 -1.475327040000000076e-02
1.150000000000000000e+01 -1.466044585000000032e-02
1.152500000000000036e+01 -1.455279762999999935e-02
1.155000000000000071e+01 -1.450964019000000084e-02
1.157499999999999929e+01 -1.442559097999999984e-02
1.159999999999999964e+01 -1.436735165000000043e-02
1.162500000000000000e+01 -1.425731270000000009e-02
1.165000000000000036e+01 -1.415160476999999944e-02
1.167500000000000071e+01 -1.405413854999999941e-02
1.169999999999999929e+01 -1.397483662000000015e-02
1.172499999999999964e+01 -1.393314229000000050e-02
1.175000000000000000e+01 -1.385361847999999965e-02
1.177500000000000036e+01 -1.376008641999999955e-02
1.180000000000000071e+01 -1.366997900000000050e-02
1.182499999999999929e+01 -1.361200207000000037e-02
1.184999999999999964e+01 -1.353368169000000037e-02
1.187500000000000000e+01 -1.347140223999999942e-02
1.190000000000000036e+01 -1.341532565000000052e-02
1.192500000000000071e+01 -1.334662009999999961e-02
1.194999999999999929e+01 -1.323392965999999928e-02
1.197499999999999964e+01 -1.313506061999999974e-02
1.200000000000000000e+01 -1.306864739000000025e-02
1.202500000000000036e+01 -1.296720323000000001e-02
1.205000000000000071e+01 -1.292778546999999965e-02
1.207499999999999929e+01 -1.288558235999999989e-02
1.209999999999999964e+01 -1.279898653999999962e-02
1.212500000000000000e+01 -1.267498274000000008e-02
1.215000000000000036e+01 -1.268092720999999985e-02
1.217500000000000071e+01 -1.256728805000000004e-02
1.219999999999999929e+01 -1.253102294000000075e-02
1.222499999999999964e+01 -1.240549147000000012e-02
1.225000000000000000e+01 -1.233679499000000027e-02
1.227500000000000036e+01 -1.228279709999999941e-02
1.230000000000000071e+01 -1.219470651999999926e-02
1.232499999999999929e+01 -1.213649992000000004e-02
1.234999999999999964e+01 -1.206791320000000049e-02
1.237500000000000000e+01 -1.202246591000000024e-02
1.240000000000000036e+01 -1.194866512000000019e-02
1.242500000000000071e+01 -1.186461802999999940e-02
1.244999999999999929e+01 -1.181523236000000046e-02
1.247499999999999964e+01 -1.174805387999999957e-02
1.250000000000000000e+01 -1.168126916999999952e-02
1.252500000000000036e+01 -1.162340543000000073e-02
1.255000000000000071e+01 -1.154898721000000017e-02
1.257499999999999929e+01 -1.147453900000000061e-02
1.259999999999999964e+01 -1.137598712000000012e-02
1.262500000000000000e+01 -1.137088716999999985e-02
1.265000000000000036e+01 -1.128291784999999915e-02
1.267500000000000071e+01 -1.123011301999999982e-02
1.269999999999999929e+01 -1.115585927999999949e-02
1.272499999999999964e+01 -1.108238089000000010e-02
1.275000000000000000e+01 -1.102569232999999968e-02
1.277500000000000036e+01 -1.097377983999999959e-02
1.280000000000000071e+01 -1.089765583999999926e-02
1.282499999999999929e+01 -1.084979756000000080e-02
1.284999999999999964e+01 -1.077239273999999920e-02
1.287500000000000000e+01 -1.073471085000000068e-02
1.290000000000000036e+01 -1.065912926000000052e-02
1.292500000000000071e+01 -1.061130404999999916e-02
1.294999999999999929e+01 -1.052766550000000002e-02
1.297499999999999964e+01 -1.047697929000000056e-02
1.300000000000000000e+01 -1.042992719000000040e-02
1.302500000000000036e+01 -1.035444880999999984e-02
1.305000000000000071e+01 -1.028092167000000008e-02
1.307499999999999929e+01 -1.022899918999999914e-02
1.309999999999999964e+01 -1.018535194000000019e-02
1.312500000000000000e+01 -1.012096439000000070e-02
1.315000000000000036e+01 -1.007445138999999920e-02
1.317500000000000071e+01 -1.002314615999999950e-02
1.319999999999999929e+01 -9.961382867000000835e-03
1.322499999999999964e+01 -9.917523011999999222e-03
1.325000000000000000e+01 -9.849717137999999469e-03
1.327500000000000036e+01 -9.775944115000000795e-03
1.330000000000000071e+01 -9.712798607000000528e-03
1.332499999999999929e+01 -9.671625907999999508e-03
1.334999999999999964e+01 -9.640484705000000598e-03
1.337500000000000000e+01 -9.570282204000000320e-03
1.340000000000000036e+01 -9.517524160999999219e-03
1.342500000000000071e+01 -9.445441117000000567e-03
1.344999999999999929e+01 -9.438204044000000209e-03
1.347499999999999964e+01 -9.369114355999999880e-03
1.350000000000000000e+01 -9.320799783999999741e-03
1.352500000000000036e+01 -9.251186792000000089e-03
1.355000000000000071e+01 -9.213795413000000836e-03
1.357499999999999929e+01 -9.154531437999999591e-03
1.359999999999999964e+01 -9.094136504999999343e-03
1.362500000000000000e+01 -9.054130946999999763e-03
1.365000000000000036e+01 -8.998829264999999231e-03
1.367500000000000071e+01 -8.930461686000000510e-03
1.369999999999999929e+01 -8.929501253999999263e-03
1.372499999999999964e+01 -8.857533334000000300e-03
1.375000000000000000e+01 -8.791050960999999969e-03
1.377500000000000036e+01 -8.759422989999999729e-03
1.380000000000000071e+01 -8.698791087000000075e-03
1.382499999999999929e+01 -8.675330162000000414e-03
1.384999999999999964e+01 -8.604430987000000544e-03
1.387500000000000000e+01 -8.545031196999999454e-03
1.390000000000000036e+01 -8.537521447000000555e-03
1.392500000000000071e+01 -8.473641021000000856e-03
1.394999999999999929e+01 -8.403993223999999332e-03
1.397499999999999964e+01 -8.357862953999999414e-03
1.400000000000000000e+01 -8.332532697999999946e-03
1.402500000000000036e+01 -8.296883052999999911e-03
1.405000000000000071e+01 -8.247802724999999530e-03
1.407499999999999929e+01 -8.184534368999999213e-03
1.409999999999999964e+01 -8.148839365999999140e-03
1.412500000000000000e+01 -8.111758268999999522e-03
1.415000000000000036e+01 -8.075129093000000396e-03
1.417500000000000071e+01 -8.009780035999999187e-03
1.419999999999999929e+01 -7.963941792999999422e-03
1.422499999999999964e+01 -7.912435596000000002e-03
1.425000000000000000e+01 -7.861512621000000742e-03
1.427500000000000036e+01 -7.853917151999999582e-03
1.430000000000000071e+01 -7.802041733999999680e-03
1.432499999999999929e+01 -7.752389368999999981e-03
1.434999999999999964e+01 -7.692752576999999613e-03
1.437500000000000000e+01 -7.664320145000000362e-03
1.440000000000000036e+01 -7.624117976000000137e-03
1.442500000000000071e+01 -7.571948139000000098e-03
1.444999999999999929e+01 -7.526763266000000355e-03
1.447499999999999964e+01 -7.483200320000000204e-03
1.450000000000000000e+01 -7.432357591000000353e-03
1.452500000000000036e+01 -7.423343736999999873e-03
1.455000000000000071e+01 -7.369761976999999846e-03
1.457499999999999929e+01 -7.298901739999999645e-03
1.459999999999999964e+01 -7.280594009000000005e-03
1.462500000000000000e+01 -7.249844559000000015e-03
1.465000000000000036e+01 -7.213378212000000345e-03
1.467500000000000071e+01 -7.148227870000000046e-03
1.469999999999999929e+01 -7.135553638000000261e-03
1.472499999999999964e+01 -7.086115593999999830e-03
1.475000000000000000e+01 -7.041488016000000197e-03
1.477500000000000036e+01 -7.010670339999999605e-03
1.480000000000000071e+01 -6.951946815000000293e-03
1.482499999999999929e+01 -6.951226018999999944e-03
1.484999999999999964e+01 -6.903795592000000134e-03
1.487500000000000000e+01 -6.866519613000000334e-03
1.490000000000000036e+01 -6.832361230999999847e-03
1.492500000000000071e+01 -6.786364042000000291e-03
1.494999999999999929e+01 -6.735437922999999716e-03
1.497499999999999964e+01 -6.719600949000000163e-03
1.500000000000000000e+01 -6.686812767000000282e-03
1.502500000000000036e+01 -6.633472892999999967e-03
1.505000000000000071e+01 -6.614670639999999623e-03
1.507499999999999929e+01 -6.542437756000000354e-03
1.509999999999999964e+01 -6.510209620999999995e-03
1.512500000000000000e+01 -6.496808698000000430e-03
1.515000000000000036e+01 -6.463105856000000288e-03
1.517500000000000071e+01 -6.415827352999999705e-03
1.519999999999999929e+01 -6.375256590999999959e-03
1.522499999999999964e+01 -6.329003469000000007e-03
1.525000000000000000e+01 -6.316121735000000161e-03
1.527500000000000036e+01 -6.281090726999999721e-03
1.530000000000000071e+01 -6.246790012999999843e-03
1.532499999999999929e+01 -6.210837755000000321e-03
1.534999999999999964e+01 -6.181015195999999857e-03
1.537500000000000000e+01 -6.147139696000000070e-03
1.540000000000000036e+01 -6.087878558000000065e-03
1.542500000000000071e+01 -6.074368517999999793e-03
1.544999999999999929e+01 -6.050647812999999930e-03
1.547499999999999964e+01 -6.011323223999999812e-03
1.550000000000000000e+01 -5.980989816000000132e-03
1.552500000000000036e+01 -5.945334994999999963e-03
1.555000000000000071e+01 -5.907955791999999762e-03
1.557499999999999929e+01 -5.872753807000000333e-03
1.559999999999999964e+01 -5.819928194999999908e-03
1.562500000000000000e+01 -5.809633506000000391e-03
1.565000000000000036e+01 -5.776673526000000031e-03
1.567500000000000071e+01 -5.769016398000000219e-03
1.569999999999999929e+01 -5.719809594000000406e-03
1.572499999999999964e+01 -5.685461642000000197e-03
1.575000000000000000e+01 -5.661480297000000099e-03
1.577500000000000036e+01 -5.636628624999999969e-03
1.580000000000000071e+01 -5.593133773999999642e-03
1.582499999999999929e+01 -5.569582578000000297e-03
1.584999999999999964e+01 -5.523754391000000250e-03
1.587500000000000000e+01 -5.515403953999999977e-03
1.590000000000000036e+01 -5.475995594000000223e-03
1.592500000000000071e+01 -5.450190219000000148e-03
1.594999999999999929e+01 -5.413937274999999945e-03
1.597499999999999964e+01 -5.385498283000000018e-03
1.600000000000000000e+01 -5.358003402999999762e-03
1.602499999999999858e+01 -5.318019999000000129e-03
1.605000000000000071e+01 -5.280287861000000291e-03
1.607499999999999929e+01 -5.264338093999999975e-03
1.610000000000000142e+01 -5.237707440999999839e-03
1.612500000000000000e+01 -5.209930768000000170e-03
1.614999999999999858e+01 -5.173904007000000409e-03
1.617500000000000071e+01 -5.149043003999999833e-03
1.619999999999999929e+01 -5.110417209000000377e-03
1.622500000000000142e+01 -5.108249625999999703e-03
1.625000000000000000e+01 -5.074074635999999659e-03
1.627499999999999858e+01 -5.034991857999999987e-03
1.630000000000000071e+01 -5.002730747999999984e-03
1.632499999999999929e+01 -5.015528866000000009e-03
1.635000000000000142e+01 -4.957128526000000382e-03
1.637500000000000000e+01 -4.935748103999999803e-03
1.639999999999999858e+01 -4.907132160999999604e-03
1.642500000000000071e+01 -4.881320657999999729e-03
1.644999999999999929e+01 -4.848917143999999756e-03
1.647500000000000142e+01 -4.823385185000000040e-03
1.650000000000000000e+01 -4.802044475999999937e-03
1.652499999999999858e+01 -4.777412025999999874e-03
1.655000000000000071e+01 -4.742076948000000132e-03
1.657499999999999929e+01 -4.722205933000000327e-03
1.660000000000000142e+01 -4.690029632000000150e-03
1.662500000000000000e+01 -4.660578932999999598e-03
1.664999999999999858e+01 -4.631614444000000004e-03
1.667500000000000071e+01 -4.612935561000000226e-03
1.669999999999999929e+01 -4.599790361999999723e-03
1.672500000000000142e+01 -4.574819073999999638e-03
1.675000000000000000e+01 -4.538843027000000196e-03
1.677499999999999858e+01 -4.530850890999999804e-03
1.680000000000000071e+01 -4.499304596999999760e-03
1.682499999999999929e+01 -4.488464686000000030e-03
1.685000000000000142e+01 -4.458771121999999774e-03
1.687500000000000000e+01 -4.414732700000000010e-03
1.689999999999999858e+01 -4.396534486999999908e-03
1.692500000000000071e+01 -4.369422738000000063e-03
1.694999999999999929e+01 -4.369823709000000313e-03
1.697500000000000142e+01 -4.326667430000000203e-03
1.700000000000000000e+01 -4.307552162000000302e-03
1.702499999999999858e+01 -4.278803115999999830e-03
1.705000000000000071e+01 -4.253442516999999742e-03
1.707499999999999929e+01 -4.240721591000000054e-03
1.710000000000000142e+01 -4.204407678999999738e-03
1.712500000000000000e+01 -4.190257666999999686e-03
1.714999999999999858e+01 -4.156406292000000210e-03
1.717500000000000071e+01 -4.135671171999999798e-03
1.719999999999999929e+01 -4.108158534000000243e-03
1.722500000000000142e+01 -4.089975860000000067e-03
1.725000000000000000e+01 -4.069235144000000332e-03
1.727499999999999858e+01 -4.060189926999999838e-03
1.730000000000000071e+01 -4.035569402999999826e-03
1.732499999999999929e+01 -4.011162605000000159e-03
1.735000000000000142e+01 -3.984775022000000208e-03
1.737500000000000000e+01 -3.962184829000000262e-03
1.739999999999999858e+01 -3.943227649999999675e-03
1.742500000000000071e+01 -3.918093261999999917e-03
1.744999999999999929e+01 -3.917575002999999952e-03
1.747500000000000142e+01 -3.880414828000000160e-03
1.750000000000000000e+01 -3.858024387000000017e-03
1.752499999999999858e+01 -3.840603659000000128e-03
1.755000000000000071e+01 -3.824223977999999854e-03
1.757499999999999929e+01 -3.810148278999999933e-03
1.760000000000000142e+01 -3.777330106000000194e-03
1.762500000000000000e+01 -3.763972212999999994e-03
1.764999999999999858e+01 -3.749461537999999958e-03
1.767500000000000071e+01 -3.717593875999999908e-03
1.769999999999999929e+01 -3.694261131999999805e-03
1.772500000000000142e+01 -3.672770143999999973e-03
1.775000000000000000e+01 -3.663573423999999870e-03
1.777499999999999858e+01 -3.653297459000000129e-03
1.780000000000000071e+01 -3.613109516999999868e-03
1.782499999999999929e+01 -3.599710528999999944e-03
1.785000000000000142e+01 -3.573090473999999961e-03
1.787500000000000000e+01 -3.546589796000000020e-03
1.789999999999999858e+01 -3.550167288000000056e-03
1.792500000000000071e+01 -3.525786811000000166e-03
1.794999999999999929e+01 -3.528402684999999792e-03
1.797500000000000142e+01 -3.485410816000000193e-03
1.800000000000000000e+01 -3.457151169000000079e-03
1.802499999999999858e+01 -3.445106371000000115e-03
1.805000000000000071e+01 -3.428062911000000212e-03
1.807499999999999929e+01 -3.419574791000000186e-03
1.810000000000000142e+01 -3.403456832000000161e-03
1.812500000000000000e+01 -3.376346307000000196e-03
1.814999999999999858e+01 -3.350911340000000196e-03
1.817500000000000071e+01 -3.348823609000000073e-03
1.819999999999999929e+01 -3.317322103000000175e-03
1.822500000000000142e+01 -3.300719121000000086e-03
1.825000000000000000e+01 -3.279191922000000096e-03
1.827499999999999858e+01 -3.266104077999999831e-03
1.830000000000000071e+01 -3.243261443999999848e-03
1.832499999999999929e+01 -3.221316850000000183e-03
1.835000000000000142e+01 -3.221684035000000126e-03
1.837500000000000000e+01 -3.183209078999999896e-03
1.839999999999999858e+01 -3.184693427000000188e-03
1.842500000000000071e+01 -3.154359329999999791e-03
1.844999999999999929e+01 -3.147964047999999865e-03
1.847500000000000142e+01 -3.126619977000000185e-03
1.850000000000000000e+01 -3.110266103000000008e-03
1.852499999999999858e+01 -3.084588526000000153e-03
1.855000000000000071e+01 -3.078010881999999893e-03
1.857499999999999929e+01 -3.064102880999999921e-03
1.860000000000000142e+01 -3.035307702999999902e-03
1.862500000000000000e+01 -3.029243507000000182e-03
1.864999999999999858e+01 -3.000946106000000006e-03
1.867500000000000071e+01 -3.007318033000000012e-03
1.869999999999999929e+01 -2.986413673000000175e-03
1.872500000000000142e+01 -2.958646342000000040e-03
1.875000000000000000e+01 -2.945180751999999964e-03
1.877499999999999858e+01 -2.937180250000000041e-03
1.880000000000000071e+01 -2.915966991999999810e-03
1.882499999999999929e+01 -2.910860024999999823e-03
1.885000000000000142e+01 -2.897552387000000042e-03
1.887500000000000000e+01 -2.868078412000000122e-03
1.889999999999999858e+01 -2.856604585999999828e-03
1.892500000000000071e+01 -2.849181485999999902e-03
1.894999999999999929e+01 -2.818409039999999859e-03
1.897500000000000142e+01 -2.811021286000000077e-03
1.900000000000000000e+01 -2.794620552999999789e-03
1.902499999999999858e+01 -2.789233816000000112e-03
1.905000000000000071e+01 -2.764786056000000190e-03
1.907499999999999929e+01 -2.749531202999999993e-03
1.910000000000000142e+01 -2.727859834000000150e-03
1.912500000000000000e+01 -2.724459197999999898e-03
1.914999999999999858e+01 -2.713406620999999925e-03
1.917500000000000071e+01 -2.693904009999999963e-03
1.919999999999999929e+01 -2.670813187999999862e-03
1.922500000000000142e+01 -2.663600553999999863e-03
1.925000000000000000e+01 -2.652915615000000192e-03
1.927499999999999858e+01 -2.633696688999999889e-03
1.930000000000000071e+01 -2.621710171999999932e-03
1.932499999999999929e+01 -2.604947036000000108e-03
1.935000000000000142e+01 -2.601663324000000159e-03
1.937500000000000000e+01 -2.587962191000000179e-03
1.939999999999999858e+01 -2.565483380000000129e-03
1.942500000000000071e+01 -2.545870583999999825e-03
1.944999999999999929e+01 -2.542051891999999938e-03
1.947500000000000142e+01 -2.527706804000000047e-03
1.950000000000000000e+01 -2.503402905999999907e-03
1.952499999999999858e+01 -2.504485270000000093e-03
1.955000000000000071e+01 -2.480495219000000088e-03
1.957499999999999929e+01 -2.478474453999999962e-03
1.960000000000000142e+01 -2.465734709000000011e-03
1.962500000000000000e+01 -2.447988240999999805e-03
1.964999999999999858e+01 -2.425506040999999852e-03
1.967500000000000071e+01 -2.418357376000000118e-03
1.969999999999999929e+01 -2.399416973000000151e-03
1.972500000000000142e+01 -2.395284402999999819e-03
1.975000000000000000e+01 -2.374604571000000098e-03
1.977499999999999858e+01 -2.366059825999999953e-03
1.980000000000000071e+01 -2.347543701999999909e-03
1.982499999999999929e+01 -2.340901355000000149e-03
1.985000000000000142e+01 -2.326493213999999803e-03
1.987500000000000000e+01 -2.310707639999999997e-03
1.989999999999999858e+01 -2.313351459999999846e-03
1.992500000000000071e+01 -2.301786375999999908e-03
1.994999999999999929e+01 -2.285285057999999949e-03
1.997500000000000142e+01 -2.281560970000000212e-03
2.000000000000000000e+01 -2.256403356000000020e-03
2.002499999999999858e+01 -2.246809831999999930e-03
2.005000000000000071e+01 -2.231368861000000096e-03
2.007499999999999929e+01 -2.223994471999999820e-03
2.010000000000000142e+01 -2.208601710999999902e-03
2.012500000000000000e+01 -2.198672468999999900e-03
2.014999999999999858e+01 -2.184498685999999856e-03
2.017500000000000071e+01 -2.179330624999999827e-03
2.019999999999999929e+01 -2.160646191000000112e-03
2.022500000000000142e+01 -2.155413691999999957e-03
2.025000000000000000e+01 -2.146222448000000092e-03
2.027499999999999858e+01 -2.122129618000000075e-03
2.030000000000000071e+01 -2.118963382999999954e-03
2.032499999999999929e+01 -2.108459463999999908e-03
2.035000000000000142e+01 -2.096914075000000204e-03
2.037500000000000000e+01 -2.081632172000000107e-03
2.039999999999999858e+01 -2.079859359000000175e-03
2.042500000000000071e+01 -2.056935926999999952e-03
2.044999999999999929e+01 -2.042303411000000180e-03
2.047500000000000142e+01 -2.049625545999999784e-03
2.050000000000000000e+01 -2.028373343999999908e-03
2.052499999999999858e+01 -2.025694578000000051e-03
2.055000000000000071e+01 -2.013368993000000124e-03
2.057499999999999929e+01 -2.003850555000000113e-03
2.060000000000000142e+01 -1.985148147999999790e-03
2.062500000000000000e+01 -1.966504728000000122e-03
2.064999999999999858e+01 -1.964421623000000162e-03
2.067500000000000071e+01 -1.957990111000000154e-03
2.069999999999999929e+01 -1.941417599999999957e-03
2.072500000000000142e+01 -1.939715178999999994e-03
2.075000000000000000e+01 -1.927941725999999991e-03
2.077499999999999858e+01 -1.915133270000000075e-03
2.080000000000000071e+01 -1.907060135000000030e-03
2.082499999999999929e+01 -1.896321016000000010e-03
2.085000000000000142e+01 -1.881845503999999983e-03
2.087500000000000000e+01 -1.872131534000000003e-03
2.089999999999999858e+01 -1.866411602000000091e-03
2.092500000000000071e+01 -1.857729291999999938e-03
2.094999999999999929e+01 -1.847807352000000033e-03
2.097500000000000142e+01 -1.831194563000000100e-03
2.100000000000000000e+01 -1.826748380999999996e-03
2.102499999999999858e+01 -1.817232940999999932e-03
2.105000000000000071e+01 -1.801502256000000026e-03
2.107499999999999929e+01 -1.788497099000000042e-03
2.110000000000000142e+01 -1.782951585999999894e-03
2.112500000000000000e+01 -1.773011227000000078e-03
2.114999999999999858e+01 -1.770102486999999966e-03
2.117500000000000071e+01 -1.763796652999999976e-03
2.119999999999999929e+01 -1.745895303000000003e-03
2.122500000000000142e+01 -1.745153914999999969e-03
2.125000000000000000e+01 -1.731678121999999896e-03
2.127499999999999858e+01 -1.722468387999999970e-03
2.130000000000000071e+01 -1.709420615000000051e-03
2.132499999999999929e+01 -1.704635341000000073e-03
2.135000000000000142e+01 -1.697130628999999908e-03
2.137500000000000000e+01 -1.680872307999999992e-03
2.139999999999999858e+01 -1.679577695000000065e-03
2.142500000000000071e+01 -1.667743309000000026e-03
2.144999999999999929e+01 -1.657708103999999943e-03
2.147500000000000142e+01 -1.644421433000000082e-03
2.150000000000000000e+01 -1.641919766999999902e-03
2.152499999999999858e+01 -1.634525423999999994e-03
2.155000000000000071e+01 -1.624021697000000049e-03
2.157499999999999929e+01 -1.616810326999999986e-03
2.160000000000000142e+01 -1.609325196000000076e-03
2.162500000000000000e+01 -1.599103540999999946e-03
2.164999999999999858e+01 -1.584464335000000017e-03
2.167500000000000071e+01 -1.583488957999999941e-03
2.169999999999999929e+01 -1.577036930999999942e-03
2.172500000000000142e+01 -1.570042202000000069e-03
2.175000000000000000e+01 -1.551534309000000096e-03
2.177499999999999858e+01 -1.544811666000000042e-03
2.180000000000000071e+01 -1.543156112999999937e-03
2.182499999999999929e+01 -1.534625527000000027e-03
2.185000000000000142e+01 -1.525210391000000106e-03
2.187500000000000000e+01 -1.513535242999999994e-03
2.189999999999999858e+01 -1.506772637000000029e-03
2.192500000000000071e+01 -1.497514089999999994e-03
2.194999999999999929e+01 -1.497176917000000041e-03
2.197500000000000142e+01 -1.478252458999999895e-03
2.200000000000000000e+01 -1.474799097999999987e-03
2.202499999999999858e+01 -1.473377073000000032e-03
2.205000000000000071e+01 -1.464826537000000041e-03
2.207499999999999929e+01 -1.455089468999999983e-03
2.210000000000000142e+01 -1.447643064999999934e-03
2.212500000000000000e+01 -1.439838403000000050e-03
2.214999999999999858e+01 -1.427940727000000069e-03
2.217500000000000071e+01 -1.427475380000000097e-03
2.219999999999999929e+01 -1.414672429000000085e-03
2.222500000000000142e+01 -1.409745282999999962e-03
2.225000000000000000e+01 -1.405847763999999982e-03
2.227499999999999858e+01 -1.389560949000000082e-03
2.230000000000000071e+01 -1.383653101999999906e-03
2.232499999999999929e+01 -1.383633813999999998e-03
2.235000000000000142e+01 -1.368458165999999901e-03
2.237500000000000000e+01 -1.366701142999999976e-03
2.239999999999999858e+01 -1.353555679000000098e-03
2.242500000000000071e+01 -1.347496453000000035e-03
2.244999999999999929e+01 -1.341459849000000001e-03
2.247500000000000142e+01 -1.335622404999999967e-03
2.250000000000000000e+01 -1.330207319999999940e-03
2.252499999999999858e+01 -1.316863572000000031e-03
2.255000000000000071e+01 -1.316088371000000016e-03
2.257499999999999929e+01 -1.308445140999999964e-03
2.260000000000000142e+01 -1.300620059999999922e-03
2.262500000000000000e+01 -1.298761404999999956e-03
2.264999999999999858e+01 -1.289345588999999933e-03
2.267500000000000071e+01 -1.282202879000000038e-03
2.269999999999999929e+01 -1.274468681000000053e-03
2.272500000000000142e+01 -1.268931872000000037e-03
2.275000000000000000e+01 -1.261226141999999923e-03
2.277499999999999858e+01 -1.255698882999999912e-03
2.280000000000000071e+01 -1.248964496999999943e-03
2.282499999999999929e+01 -1.237571549999999998e-03
2.285000000000000142e+01 -1.237476996000000081e-03
2.287500000000000000e+01 -1.224795225000000062e-03
2.289999999999999858e+01 -1.224482274000000034e-03
2.292500000000000071e+01 -1.212455851999999935e-03
2.294999999999999929e+01 -1.210300589999999902e-03
2.297500000000000142e+01 -1.202530879000000006e-03
2.300000000000000000e+01 -1.197658280000000065e-03
2.302499999999999858e+01 -1.187005182000000015e-03
2.305000000000000071e+01 -1.182514714999999923e-03
2.307499999999999929e+01 -1.179480430999999907e-03
2.310000000000000142e+01 -1.167419946999999954e-03
2.312500000000000000e+01 -1.159413412000000069e-03
2.314999999999999858e+01 -1.156653972999999907e-03
2.317500000000000071e+01 -1.156801821000000025e-03
2.319999999999999929e+01 -1.150636255000000085e-03
2.322500000000000142e+01 -1.140427187999999963e-03
2.325000000000000000e+01 -1.142469596999999906e-03
2.327499999999999858e+01 -1.131470552000000051e-03
2.330000000000000071e+01 -1.123026624999999947e-03
2.332499999999999929e+01 -1.118079255999999966e-03
2.335000000000000142e+01 -1.113761603999999976e-03
2.337500000000000000e+01 -1.100323491000000046e-03
2.339999999999999858e+01 -1.102483889999999935e-03
2.342500000000000071e+01 -1.091885934000000075e-03
2.344999999999999929e+01 -1.091784542999999939e-03
2.347500000000000142e+01 -1.085004901999999955e-03
2.350000000000000000e+01 -1.080996320000000106e-03
2.352499999999999858e+01 -1.070872271000000058e-03
2.355000000000000071e+01 -1.065611976999999945e-03
2.357499999999999929e+01 -1.060767634000000072e-03
2.360000000000000142e+01 -1.053108016000000018e-03
2.362500000000000000e+01 -1.046152030999999939e-03
2.364999999999999858e+01 -1.041229572999999948e-03
2.367500000000000071e+01 -1.039929849000000061e-03
2.369999999999999929e+01 -1.032459598000000107e-03
2.372500000000000142e+01 -1.026216773000000098e-03
2.375000000000000000e+01 -1.020967965000000059e-03
2.377499999999999858e+01 -1.018111813999999929e-03
2.380000000000000071e+01 -1.008596021999999971e-03
2.382499999999999929e+01 -1.007682661999999936e-03
2.385000000000000142e+01 -1.001088203000000077e-03
2.387500000000000000e+01 -9.985474657999999365e-04
2.389999999999999858e+01 -9.910093048000000703e-04
2.392500000000000071e+01 -9.872529028000000002e-04
2.394999999999999929e+01 -9.795702149999999282e-04
2.397500000000000142e+01 -9.765070742000000331e-04
2.400000000000000000e+01 -9.706208554999999974e-04
2.402499999999999858e+01 -9.668358975999999513e-04
2.405000000000000071e+01 -9.540269517000000195e-04
2.407499999999999929e+01 -9.578079419000000254e-04
2.410000000000000142e+01 -9.484061234000000160e-04
2.412500000000000000e+01 -9.447550095999999705e-04
2.414999999999999858e+01 -9.413834150000000315e-04
2.417500000000000071e+01 -9.369624077000000134e-04
2.419999999999999929e+01 -9.344876280999999752e-04
2.422500000000000142e+01 -9.280504423000000445e-04
2.425000000000000000e+01 -9.178262574000000274e-04
2.427499999999999858e+01 -9.134869041999999504e-04
2.430000000000000071e+01 -9.112319056000000228e-04
2.432499999999999929e+01 -9.057022540000000520e-04
2.435000000000000142e+01 -8.945376865000000122e-04
2.437500000000000000e+01 -8.955814517999999757e-04
2.439999999999999858e+01 -8.918109752000000050e-04
2.442500000000000071e+01 -8.832334102000000305e-04
2.444999999999999929e+01 -8.777354755999999597e-04
2.447500000000000142e+01 -8.778184131999999763e-04
2.450000000000000000e+01 -8.712641623999999810e-04
2.452499999999999858e+01 -8.672412063000000185e-04
2.455000000000000071e+01 -8.623684680000000486e-04
2.457499999999999929e+01 -8.559915089000000050e-04
2.460000000000000142e+01 -8.555353160999999490e-04
2.462500000000000000e+01 -8.468504272999999739e-04
2.464999999999999858e+01 -8.461030622999999706e-04
2.467500000000000071e+01 -8.411688846999999932e-04
2.469999999999999929e+01 -8.417089663000000164e-04
2.472500000000000142e+01 -8.336451022000000276e-04
2.475000000000000000e+01 -8.267027437000000348e-04
2.477499999999999858e+01 -8.227655563000000304e-04
2.480000000000000071e+01 -8.212544948000000122e-04
2.482499999999999929e+01 -8.149641950000000327e-04
2.485000000000000142e+01 -8.122705235999999737e-04
2.487500000000000000e+01 -8.033914529000000344e-04
2.489999999999999858e+01 -8.064438420000000001e-04
2.492500000000000071e+01 -7.974507039000000314e-04
2.494999999999999929e+01 -7.929988717999999744e-04
2.497500000000000142e+01 -7.897684876000000270e-04
2.500000000000000000e+01 -7.872835527999999528e-04
2.502499999999999858e+01 -7.807925836000000194e-04
2.505000000000000071e+01 -7.816712686000000477e-04
2.507499999999999929e+01 -7.750309659999999462e-04
2.510000000000000142e+01 -7.701868904000000026e-04
2.512500000000000000e+01 -7.656717120999999467e-04
2.514999999999999858e+01 -7.607919705000000532e-04
2.517500000000000071e+01 -7.583559693000000183e-04
2.519999999999999929e+01 -7.544361399000000436e-04
2.522500000000000142e+01 -7.518437392999999941e-04
2.525000000000000000e+01 -7.517413545999999686e-04
2.527499999999999858e+01 -7.420600317000000537e-04
2.530000000000000071e+01 -7.346900504000000113e-04
2.532499999999999929e+01 -7.371627484000000405e-04
2.535000000000000142e+01 -7.310325476000000162e-04
2.537500000000000000e+01 -7.273926625000000541e-04
2.539999999999999858e+01 -7.238609339999999524e-04
2.542500000000000071e+01 -7.176343229000000127e-04
2.544999999999999929e+01 -7.151216799000000013e-04
2.547500000000000142e+01 -7.105436936000000293e-04
2.550000000000000000e+01 -7.086194068000000032e-04
2.552499999999999858e+01 -7.033133705000000442e-04
2.555000000000000071e+01 -7.009374290000000216e-04
2.557499999999999929e+01 -6.953846988000000244e-04
2.560000000000000142e+01 -6.924905923999999640e-04
2.562500000000000000e+01 -6.913327010000000321e-04
2.564999999999999858e+01 -6.860468269000000218e-04
2.567500000000000071e+01 -6.806010169000000333e-04
2.569999999999999929e+01 -6.842661124000000037e-04
2.572500000000000142e+01 -6.799935840999999682e-04
2.575000000000000000e+01 -6.754844498000000478e-04
2.577499999999999858e+01 -6.642307831000000221e-04
2.580000000000000071e+01 -6.685353247000000096e-04
2.582499999999999929e+01 -6.614342564999999745e-04
2.585000000000000142e+01 -6.580009461000000488e-04
2.587500000000000000e+01 -6.523333288999999579e-04
2.589999999999999858e+01 -6.546252162999999799e-04
2.592500000000000071e+01 -6.467442489999999673e-04
2.594999999999999929e+01 -6.430040126000000078e-04
2.597500000000000142e+01 -6.418593140999999652e-04
2.600000000000000000e+01 -6.384369073000000340e-04
2.602499999999999858e+01 -6.355994940000000157e-04
2.605000000000000071e+01 -6.326235937999999653e-04
2.607499999999999929e+01 -6.268070450999999651e-04
2.610000000000000142e+01 -6.242135788999999668e-04
2.612500000000000000e+01 -6.238537961999999788e-04
2.614999999999999858e+01 -6.205740384000000155e-04
2.617500000000000071e+01 -6.190449560999999705e-04
2.619999999999999929e+01 -6.108112293000000524e-04
2.622500000000000142e+01 -6.123761720000000510e-04
2.625000000000000000e+01 -6.059962122000000064e-04
2.627499999999999858e+01 -6.022219801999999494e-04
2.630000000000000071e+01 -6.029309150000000325e-04
2.632499999999999929e+01 -5.934255766000000234e-04
2.635000000000000142e+01 -5.953655614999999682e-04
2.637500000000000000e+01 -5.908253275000000014e-04
2.639999999999999858e+01 -5.879195377999999611e-04
2.642500000000000071e+01 -5.852724722999999617e-04
2.644999999999999929e+01 -5.814390982999999768e-04
2.647500000000000142e+01 -5.817064048000000287e-04
2.650000000000000000e+01 -5.790717615999999837e-04
2.652499999999999858e+01 -5.741244133999999629e-04
2.655000000000000071e+01 -5.703954178999999947e-04
2.657499999999999929e+01 -5.679065750000000540e-04
2.660000000000000142e+01 -5.656320193000000151e-04
2.662500000000000000e+01 -5.608534507000000448e-04
2.664999999999999858e+01 -5.559743726999999717e-04
2.667500000000000071e+01 -5.543824492999999479e-04
2.669999999999999929e+01 -5.526181735999999897e-04
2.672500000000000142e+01 -5.485410301000000124e-04
2.675000000000000000e+01 -5.463728505000000095e-04
2.677499999999999858e+01 -5.449513828000000391e-04
2.680000000000000071e+01 -5.421610230000000049e-04
2.682499999999999929e+01 -5.370737109999999771e-04
2.685000000000000142e+01 -5.354917003999999604e-04
2.687500000000000000e+01 -5.292942132000000039e-04
2.689999999999999858e+01 -5.328020280999999463e-04
2.692500000000000071e+01 -5.246294487999999655e-04
2.694999999999999929e+01 -5.239076888999999763e-04
2.697500000000000142e+01 -5.219035582999999746e-04
2.700000000000000000e+01 -5.175336050000000016e-04
2.702499999999999858e+01 -5.155960759000000450e-04
2.705000000000000071e+01 -5.139936959999999531e-04
2.707499999999999929e+01 -5.124603352999999601e-04
2.710000000000000142e+01 -5.086374164000000272e-04
2.712500000000000000e+01 -5.047228498999999698e-04
2.714999999999999858e+01 -5.046434046000000282e-04
2.717500000000000071e+01 -4.989671857999999601e-04
2.719999999999999929e+01 -4.983914769000000059e-04
2.722500000000000142e+01 -4.931133122999999813e-04
2.725000000000000000e+01 -4.923170821999999901e-04
2.727499999999999858e+01 -4.902438104000000517e-04
2.730000000000000071e+01 -4.887859193999999699e-04
2.732499999999999929e+01 -4.846809908999999937e-04
2.735000000000000142e+01 -4.811650347999999909e-04
2.737500000000000000e+01 -4.826811020000000216e-04
2.739999999999999858e+01 -4.754195208999999829e-04
2.742500000000000071e+01 -4.739842896999999855e-04
2.744999999999999929e+01 -4.718011745999999766e-04
2.747500000000000142e+01 -4.675875525999999868e-04
2.750000000000000000e+01 -4.677574024999999781e-04
2.752499999999999858e+01 -4.648585614999999928e-04
2.755000000000000071e+01 -4.616494490000000060e-04
2.757499999999999929e+01 -4.602818561000000201e-04
2.760000000000000142e+01 -4.578317109999999928e-04
2.762500000000000000e+01 -4.522893524000000018e-04
2.764999999999999858e+01 -4.537763427000000242e-04
2.767500000000000071e+01 -4.533665654999999859e-04
2.769999999999999929e+01 -4.490363777000000076e-04
2.772500000000000142e+01 -4.454701460000000152e-04
2.775000000000000000e+01 -4.435891914000000000e-04
2.777499999999999858e+01 -4.426850137000000181e-04
2.780000000000000071e+01 -4.370102498000000128e-04
2.782499999999999929e+01 -4.390243963000000217e-04
2.785000000000000142e+01 -4.342465503999999935e-04
2.787500000000000000e+01 -4.322423623000000046e-04
2.789999999999999858e+01 -4.304426613000000130e-04
2.792500000000000071e+01 -4.274342875999999954e-04
2.794999999999999929e+01 -4.262054270000000043e-04
2.797500000000000142e+01 -4.254738854999999824e-04
2.800000000000000000e+01 -4.260095623999999768e-04
2.802499999999999858e+01 -4.209628480000000123e-04
2.805000000000000071e+01 -4.168448104999999959e-04
2.807499999999999929e+01 -4.128675477000000207e-04
2.810000000000000142e+01 -4.111317046999999779e-04
2.812500000000000000e+01 -4.101932214999999765e-04
2.814999999999999858e+01 -4.099869563999999824e-04
2.817500000000000071e+01 -4.062976515999999934e-04
2.819999999999999929e+01 -4.030436942000000119e-04
2.822500000000000142e+01 -4.022860094999999793e-04
2.825000000000000000e+01 -3.997570885999999915e-04
2.827499999999999858e+01 -3.956145087999999861e-04
2.830000000000000071e+01 -3.970105221999999795e-04
2.832499999999999929e+01 -3.925143034000000051e-04
2.835000000000000142e+01 -3.919930500999999805e-04
2.837500000000000000e+01 -3.899981571999999947e-04
2.839999999999999858e+01 -3.875786169999999959e-04
2.842500000000000071e+01 -3.864273812000000108e-04
2.844999999999999929e+01 -3.828719195000000264e-04
2.847500000000000142e+01 -3.857067682000000141e-04
2.850000000000000000e+01 -3.813443754000000259e-04
2.852499999999999858e+01 -3.758132249000000055e-04
2.855000000000000071e+01 -3.747614159000000255e-04
2.857499999999999929e+01 -3.743362298999999859e-04
2.860000000000000142e+01 -3.713250451999999791e-04
2.862500000000000000e+01 -3.683687374999999745e-04
2.864999999999999858e+01 -3.700090585999999890e-04
2.867500000000000071e+01 -3.663906655999999958e-04
2.869999999999999929e+01 -3.645498234999999983e-04
2.872500000000000142e+01 -3.641207288000000079e-04
2.875000000000000000e+01 -3.606567609000000145e-04
2.877499999999999858e+01 -3.589908363000000120e-04
2.880000000000000071e+01 -3.581353210000000039e-04
2.882499999999999929e+01 -3.572886867999999945e-04
2.885000000000000142e+01 -3.538234826999999967e-04
2.887500000000000000e+01 -3.499109816000000022e-04
2.889999999999999858e+01 -3.494716539000000265e-04
2.892500000000000071e+01 -3.485116245000000230e-04
2.894999999999999929e+01 -3.465746475000000071e-04
2.897500000000000142e+01 -3.433409047000000034e-04
2.900000000000000000e+01 -3.434803469999999801e-04
2.902499999999999858e+01 -3.417142308999999815e-04
2.905000000000000071e+01 -3.405150373000000045e-04
2.907499999999999929e+01 -3.387883226999999914e-04
2.910000000000000142e+01 -3.373088114000000084e-04
2.912500000000000000e+01 -3.348476214000000199e-04
2.914999999999999858e+01 -3.324289269000000138e-04
2.917500000000000071e+01 -3.316233051000000258e-04
2.919999999999999929e+01 -3.301160477000000186e-04
2.922500000000000142e+01 -3.272778859999999875e-04
2.925000000000000000e+01 -3.253881709999999899e-04
2.927499999999999858e+01 -3.221571273999999994e-04
2.930000000000000071e+01 -3.242367452999999830e-04
2.932499999999999929e+01 -3.228446219000000042e-04
2.935000000000000142e+01 -3.184668687000000056e-04
2.937500000000000000e+01 -3.174081258000000091e-04
2.939999999999999858e+01 -3.169708838999999822e-04
2.942500000000000071e+01 -3.130220490999999845e-04
2.944999999999999929e+01 -3.113964522000000181e-04
2.947500000000000142e+01 -3.100861305000000194e-04
2.950000000000000000e+01 -3.068857890000000052e-04
2.952499999999999858e+01 -3.093798701999999831e-04
2.955000000000000071e+01 -3.062171282999999770e-04
2.957499999999999929e+01 -3.035155688999999950e-04
2.960000000000000142e+01 -3.020325557999999750e-04
2.962500000000000000e+01 -3.025507609000000256e-04
2.964999999999999858e+01 -2.973409848999999851e-04
2.967500000000000071e+01 -2.964435862000000207e-04
2.969999999999999929e+01 -2.961017556999999759e-04
2.972500000000000142e+01 -2.971848855999999965e-04
2.975000000000000000e+01 -2.940504843000000244e-04
2.977499999999999858e+01 -2.922246026000000093e-04
2.980000000000000071e+01 -2.892467739000000211e-04
2.982499999999999929e+01 -2.894347685999999775e-04
2.985000000000000142e+01 -2.875897488000000199e-04
2.987500000000000000e+01 -2.855891263999999971e-04
2.989999999999999858e+01 -2.847620038000000099e-04
2.992500000000000071e+01 -2.834401700000000086e-04
2.994999999999999929e+01 -2.832423918000000055e-04
2.997500000000000142e+01 -2.790866633999999772e-04
3.000000000000000000e+01 -2.807725065000000238e-04
3.002499999999999858e+01 -2.765672568999999947e-04
3.005000000000000071e+01 -2.773065960000000081e-04
3.007499999999999929e+01 -2.750675713000000247e-04
3.010000000000000142e+01 -2.726042161000000034e-04
3.012500000000000000e+01 -2.717269979000000121e-04
3.014999999999999858e+01 -2.701762209000000163e-04
3.017500000000000071e+01 -2.697271163999999779e-04
3.019999999999999929e+01 -2.666081705000000160e-04
3.022500000000000142e+01 -2.678341155000000238e-04
3.025000000000000000e+01 -2.655405345999999923e-04
3.027499999999999858e+01 -2.637135159999999989e-04
3.030000000000000071e+01 -2.633752432000000063e-04
3.032499999999999929e+01 -2.611101183999999810e-04
3.035000000000000142e+01 -2.606552370999999971e-04
3.037500000000000000e+01 -2.572578200000000237e-04
3.039999999999999858e+01 -2.556383609000000240e-04
3.042500000000000071e+01 -2.556840270000000008e-04
3.044999999999999929e+01 -2.544518444999999802e-04
3.047500000000000142e+01 -2.519224996000000061e-04
3.050000000000000000e+01 -2.512462616999999948e-04
3.052499999999999858e+01 -2.496206190000000054e-04
3.055000000000000071e+01 -2.498305844999999803e-04
3.057499999999999929e+01 -2.478701699999999951e-04
3.060000000000000142e+01 -2.467316771000000169e-04
3.062500000000000000e+01 -2.448226598000000174e-04
3.064999999999999858e+01 -2.446431288000000255e-04
3.067500000000000071e+01 -2.428963637000000077e-04
3.069999999999999929e+01 -2.414391579999999957e-04
3.072500000000000142e+01 -2.417129909000000120e-04
3.075000000000000000e+01 -2.382991827999999938e-04
3.077499999999999858e+01 -2.372986685000000025e-04
3.080000000000000071e+01 -2.355973701000000048e-04
3.082499999999999929e+01 -2.350371426000000112e-04
3.085000000000000142e+01 -2.345776268000000059e-04
3.087500000000000000e+01 -2.329157076999999903e-04
3.089999999999999858e+01 -2.306306754999999902e-04
3.092500000000000071e+01 -2.309271321000000128e-04
3.094999999999999929e+01 -2.292197601999999975e-04
3.097500000000000142e+01 -2.279729616999999953e-04
3.100000000000000000e+01 -2.278541287000000022e-04
3.102499999999999858e+01 -2.261176492999999869e-04
3.105000000000000071e+01 -2.246124139000000046e-04
3.107499999999999929e+01 -2.233272265999999926e-04
3.110000000000000142e+01 -2.214997861999999879e-04
3.112500000000000000e+01 -2.208604137000000074e-04
3.114999999999999858e+01 -2.194991204000000084e-04
3.117500000000000071e+01 -2.190773397000000120e-04
3.119999999999999929e+01 -2.181688488999999930e-04
3.122500000000000142e+01 -2.173462951000000077e-04
3.125000000000000000e+01 -2.157431926000000059e-04
3.127499999999999858e+01 -2.134310355000000039e-04
3.130000000000000071e+01 -2.142963828000000006e-04
3.132499999999999929e+01 -2.124379642000000061e-04
3.135000000000000142e+01 -2.123127930999999901e-04
3.137500000000000000e+01 -2.102894496000000033e-04
3.139999999999999858e+01 -2.098013685000000108e-04
3.142500000000000071e+01 -2.089019935999999902e-04
3.144999999999999929e+01 -2.070122185999999885e-04
3.147500000000000142e+01 -2.056165724000000024e-04
3.150000000000000000e+01 -2.049292698000000114e-04
3.152499999999999858e+01 -2.033696142000000068e-04
3.155000000000000071e+01 -2.021051200999999901e-04
3.157499999999999929e+01 -2.029519516999999914e-04
3.160000000000000142e+01 -2.010485275000000100e-04
3.162500000000000000e+01 -1.987425483000000096e-04
3.164999999999999858e+01 -1.999716356000000002e-04
3.167500000000000071e+01 -1.989121529999999941e-04
3.169999999999999929e+01 -1.971408565999999976e-04
3.172500000000000142e+01 -1.953510102999999958e-04
3.175000000000000000e+01 -1.943596491000000007e-04
3.177499999999999858e+01 -1.932222728999999893e-04
3.180000000000000071e+01 -1.927156540000000029e-04
3.182499999999999929e+01 -1.922818928000000107e-04
3.185000000000000142e+01 -1.904416953999999958e-04
3.187500000000000000e+01 -1.893678761999999976e-04
3.189999999999999858e+01 -1.889761268000000123e-04
3.192500000000000071e+01 -1.874029838999999992e-04
3.194999999999999929e+01 -1.863930877999999932e-04
3.197500000000000142e+01 -1.841913311999999873e-04
3.200000000000000000e+01 -1.851552065000000135e-04
3.202499999999999858e+01 -1.848110233000000075e-04
3.204999999999999716e+01 -1.832434335000000098e-04
3.207500000000000284e+01 -1.822108610000000074e-04
3.210000000000000142e+01 -1.814812915999999983e-04
3.212500000000000000e+01 -1.799297020999999965e-04
3.214999999999999858e+01 -1.787941428000000110e-04
3.217499999999999716e+01 -1.788349606999999964e-04
3.220000000000000284e+01 -1.789354228000000009e-04
3.222500000000000142e+01 -1.766335223000000038e-04
3.225000000000000000e+01 -1.774522775999999883e-04
3.227499999999999858e+01 -1.756474936000000057e-04
3.229999999999999716e+01 -1.748526964000000027e-04
3.232500000000000284e+01 -1.734006621000000025e-04
3.235000000000000142e+01 -1.727570169000000079e-04
3.237500000000000000e+01 -1.707825063999999962e-04
3.239999999999999858e+01 -1.699776242999999907e-04
3.242499999999999716e+01 -1.700546812999999995e-04
3.245000000000000284e+01 -1.700999506000000006e-04
3.247500000000000142e+01 -1.682860525000000015e-04
3.250000000000000000e+01 -1.679962937000000118e-04
3.252499999999999858e+01 -1.649527009999999930e-04
3.254999999999999716e+01 -1.654213715999999985e-04
3.257500000000000284e+01 -1.674731183999999965e-04
3.260000000000000142e+01 -1.630916269999999892e-04
3.262500000000000000e+01 -1.633908824999999899e-04
3.264999999999999858e+01 -1.617975322000000081e-04
3.267499999999999716e+01 -1.610564105999999886e-04
3.270000000000000284e+01 -1.618545588999999966e-04
3.272500000000000142e+01 -1.588027649999999944e-04
3.275000000000000000e+01 -1.580986288999999920e-04
3.277499999999999858e+01 -1.585910920000000118e-04
3.279999999999999716e+01 -1.572291121000000133e-04
3.282500000000000284e+01 -1.557382453000000038e-04
3.285000000000000142e+01 -1.560143464999999986e-04
3.287500000000000000e+01 -1.544363201000000104e-04
3.289999999999999858e+01 -1.538485221000000010e-04
3.292499999999999716e+01 -1.530342907999999915e-04
3.295000000000000284e+01 -1.534212582000000027e-04
3.297500000000000142e+01 -1.521080196999999876e-04
3.300000000000000000e+01 -1.496729951000000131e-04
3.302499999999999858e+01 -1.496319398000000060e-04
3.304999999999999716e+01 -1.491133898000000107e-04
3.307500000000000284e+01 -1.477869111000000080e-04
3.310000000000000142e+01 -1.485141240000000006e-04
3.312500000000000000e+01 -1.475253906000000112e-04
3.314999999999999858e+01 -1.458847173999999888e-04
3.317499999999999716e+01 -1.451914432000000013e-04
3.320000000000000284e+01 -1.449954460000000102e-04
3.322500000000000142e+01 -1.437174376999999896e-04
3.325000000000000000e+01 -1.430468230999999951e-04
3.327499999999999858e+01 -1.431949508999999878e-04
3.329999999999999716e+01 -1.410976973999999941e-04
3.332500000000000284e+01 -1.417088905000000120e-04
3.335000000000000142e+01 -1.413508343999999878e-04
3.337500000000000000e+01 -1.393674131000000038e-04
3.339999999999999858e+01 -1.392649577000000061e-04
3.342499999999999716e+01 -1.387365060999999969e-04
3.345000000000000284e+01 -1.382989540000000061e-04
3.347500000000000142e+01 -1.363788743000000068e-04
3.350000000000000000e+01 -1.358492241000000111e-04
3.352499999999999858e+01 -1.354659460999999975e-04
3.354999999999999716e+01 -1.352145391000000028e-04
3.357500000000000284e+01 -1.341261193000000101e-04
3.360000000000000142e+01 -1.328424656000000014e-04
3.362500000000000000e+01 -1.320895663000000051e-04
3.364999999999999858e+01 -1.321742171999999954e-04
3.367499999999999716e+01 -1.309172809999999956e-04
3.370000000000000284e+01 -1.318211560000000107e-04
3.372500000000000142e+01 -1.299788604999999985e-04
3.375000000000000000e+01 -1.294798893999999896e-04
3.377499999999999858e+01 -1.288844267999999995e-04
3.379999999999999716e+01 -1.279334968000000062e-04
3.382500000000000284e+01 -1.275172565000000108e-04
3.385000000000000142e+01 -1.267137143000000128e-04
3.387500000000000000e+01 -1.268180102000000017e-04
3.389999999999999858e+01 -1.253301179000000057e-04
3.392499999999999716e+01 -1.246305657000000046e-04
3.395000000000000284e+01 -1.240136782000000046e-04
3.397500000000000142e+01 -1.229924343000000063e-04
3.400000000000000000e+01 -1.224295519000000014e-04
3.402499999999999858e+01 -1.221255102000000055e-04
3.404999999999999716e+01 -1.212640040999999989e-04
3.407500000000000284e+01 -1.217272966999999995e-04
3.410000000000000142e+01 -1.201524870999999946e-04
3.412500000000000000e+01 -1.199712617000000023e-04
3.414999999999999858e+01 -1.198090521999999964e-04
3.417499999999999716e+01 -1.189121981999999940e-04
3.420000000000000284e+01 -1.183085289999999932e-04
3.422500000000000142e+01 -1.172113474999999936e-04
3.425000000000000000e+01 -1.166373720000000059e-04
3.427499999999999858e+01 -1.162705311999999989e-04
3.429999999999999716e+01 -1.161782586000000001e-04
3.432500000000000284e+01 -1.146819963000000013e-04
3.435000000000000142e+01 -1.141124768999999942e-04
3.437500000000000000e+01 -1.132694761000000030e-04
3.439999999999999858e+01 -1.139656994999999941e-04
3.442499999999999716e+01 -1.123183522000000039e-04
3.445000000000000284e+01 -1.124585971999999959e-04
3.447500000000000142e+01 -1.106331791000000040e-04
3.450000000000000000e+01 -1.113236466000000013e-04
3.452499999999999858e+01 -1.107042038000000041e-04
3.454999999999999716e+01 -1.093547532000000068e-04
3.457500000000000284e+01 -1.093299515000000025e-04
3.460000000000000142e+01 -1.091510489000000015e-04
3.462500000000000000e+01 -1.080539621000000002e-04
3.464999999999999858e+01 -1.077720039999999950e-04
3.467499999999999716e+01 -1.069714149999999981e-04
3.470000000000000284e+01 -1.064673662999999983e-04
3.472500000000000142e+01 -1.065428015000000067e-04
3.475000000000000000e+01 -1.062844049000000039e-04
3.477499999999999858e+01 -1.052397255000000011e-04
3.479999999999999716e+01 -1.044414825999999999e-04
3.482500000000000284e+01 -1.040639392999999997e-04
3.485000000000000142e+01 -1.034372062999999975e-04
3.487500000000000000e+01 -1.026821244000000028e-04
3.489999999999999858e+01 -1.021332439999999935e-04
3.492499999999999716e+01 -1.022758223999999940e-04
3.495000000000000284e+01 -1.011727383999999982e-04
3.497500000000000142e+01 -1.015191787000000031e-04
3.500000000000000000e+01 -1.002111505000000016e-04
3.502499999999999858e+01 -1.000781477000000031e-04
3.504999999999999716e+01 -9.899172132000000151e-05
3.507500000000000284e+01 -9.875161454000000059e-05
3.510000000000000142e+01 -9.866041475999999327e-05
3.512500000000000000e+01 -9.769905872000000046e-05
3.514999999999999858e+01 -9.765255419999999814e-05
3.517499999999999716e+01 -9.756472051000000042e-05
3.520000000000000284e+01 -9.622930863000000480e-05
3.522500000000000142e+01 -9.561064105000000371e-05
3.525000000000000000e+01 -9.572946315000000514e-05
3.527499999999999858e+01 -9.453366147000000111e-05
3.529999999999999716e+01 -9.434741753000000476e-05
3.532500000000000284e+01 -9.461047361000000390e-05
3.535000000000000142e+01 -9.353958971000000239e-05
3.537500000000000000e+01 -9.270433198999999708e-05
3.539999999999999858e+01 -9.226732313000000072e-05
3.542499999999999716e+01 -9.191313905000000179e-05
3.545000000000000284e+01 -9.209068799000000652e-05
3.547500000000000142e+01 -9.034229996000000477e-05
3.550000000000000000e+01 -9.086627867999999574e-05
3.552499999999999858e+01 -9.029213138000000062e-05
3.554999999999999716e+01 -8.971567454000000524e-05
3.557500000000000284e+01 -8.961078173000000481e-05
3.560000000000000142e+01 -8.790733489999999516e-05
3.562500000000000000e+01 -8.885571998000000552e-05
3.564999999999999858e+01 -8.852262224999999762e-05
3.567499999999999716e+01 -8.777285730000000512e-05
3.570000000000000284e+01 -8.731447520999999689e-05
3.572500000000000142e+01 -8.641798943999999386e-05
3.575000000000000000e+01 -8.582594361000000485e-05
3.577499999999999858e+01 -8.576996756000000049e-05
3.579999999999999716e+01 -8.527393294000000154e-05
3.582500000000000284e+01 -8.444856360000000501e-05
3.585000000000000142e+01 -8.496360272000000053e-05
3.587500000000000000e+01 -8.375708732999999340e-05
3.589999999999999858e+01 -8.328068654999999925e-05
3.592499999999999716e+01 -8.395101998999999452e-05
3.595000000000000284e+01 -8.263739114000000230e-05
3.597500000000000142e+01 -8.255968229999999383e-05
3.600000000000000000e+01 -8.162936992000000079e-05
3.602499999999999858e+01 -8.125729561000000461e-05
3.604999999999999716e+01 -8.086283654999999325e-05
3.607500000000000284e+01 -8.087135078999999917e-05
3.610000000000000142e+01 -8.042280521999999499e-05
3.612500000000000000e+01 -7.994182375000000087e-05
3.614999999999999858e+01 -8.070291424999999331e-05
3.617499999999999716e+01 -7.913482383000000533e-05
3.620000000000000284e+01 -7.869613887999999562e-05
3.622500000000000142e+01 -7.811862734000000249e-05
3.625000000000000000e+01 -7.818769602000000566e-05
3.627499999999999858e+01 -7.786294603000000491e-05
3.629999999999999716e+01 -7.668911634999999837e-05
3.632500000000000284e+01 -7.692604493000000274e-05
3.635000000000000142e+01 -7.648702068000000440e-05
3.637500000000000000e+01 -7.613151171999999877e-05
3.639999999999999858e+01 -7.540225551999999592e-05
3.642499999999999716e+01 -7.525080405000000134e-05
3.645000000000000284e+01 -7.440075110000000523e-05
3.647500000000000142e+01 -7.483756209999999748e-05
3.650000000000000000e+01 -7.400078597000000363e-05
3.652499999999999858e+01 -7.390375070999999634e-05
3.654999999999999716e+01 -7.308776676000000236e-05
3.657500000000000284e+01 -7.301356791000000583e-05
3.660000000000000142e+01 -7.210265449999999547e-05
3.662500000000000000e+01 -7.182380757000000101e-05
3.664999999999999858e+01 -7.151566621000000380e-05
3.667499999999999716e+01 -7.147475913000000448e-05
3.670000000000000284e+01 -7.133636633999999800e-05
3.672500000000000142e+01 -7.061800258999999908e-05
3.675000000000000000e+01 -7.055230249000000585e-05
3.677499999999999858e+01 -6.982726440000000274e-05
3.679999999999999716e+01 -6.903180255000000471e-05
3.682500000000000284e+01 -6.964317489999999756e-05
3.685000000000000142e+01 -6.897670781999999808e-05
3.687500000000000000e+01 -6.793589850999999687e-05
3.689999999999999858e+01 -6.867638414999999554e-05
3.692499999999999716e+01 -6.768161961000000411e-05
3.695000000000000284e+01 -6.751979692000000346e-05
3.697500000000000142e+01 -6.722293385000000204e-05
3.700000000000000000e+01 -6.652675543000000091e-05
3.702499999999999858e+01 -6.623404979999999661e-05
3.704999999999999716e+01 -6.690153673000000570e-05
3.707500000000000284e+01 -6.557301162999999971e-05
3.710000000000000142e+01 -6.552873413999999884e-05
3.712500000000000000e+01 -6.520056028999999598e-05
3.714999999999999858e+01 -6.467739682000000004e-05
3.717499999999999716e+01 -6.438751545000000306e-05
3.720000000000000284e+01 -6.390361514000000116e-05
3.722500000000000142e+01 -6.378015916000000143e-05
3.725000000000000000e+01 -6.354072777999999328e-05
3.727499999999999858e+01 -6.303094281000000420e-05
3.729999999999999716e+01 -6.335439807999999754e-05
3.732500000000000284e+01 -6.251893551999999541e-05
3.735000000000000142e+01 -6.274727119999999863e-05
3.737500000000000000e+01 -6.214611678000000149e-05
3.739999999999999858e+01 -6.129034890000000077e-05
3.742499999999999716e+01 -6.113151515999999393e-05
3.745000000000000284e+01 -6.106250519000000064e-05
3.747500000000000142e+01 -6.084960886000000135e-05
3.750000000000000000e+01 -6.036231472999999874e-05
3.752499999999999858e+01 -6.048800968000000045e-05
3.754999999999999716e+01 -5.991382932000000272e-05
3.757500000000000284e+01 -5.972957190999999980e-05
3.760000000000000142e+01 -5.898540220999999790e-05
3.762500000000000000e+01 -5.896836553000000121e-05
3.764999999999999858e+01 -5.943309628000000282e-05
3.767499999999999716e+01 -5.809927828999999935e-05
3.770000000000000284e+01 -5.851563998999999885e-05
3.772500000000000142e+01 -5.818705817999999928e-05
3.775000000000000000e+01 -5.798033868999999987e-05
3.777499999999999858e+01 -5.777334253000000037e-05
3.779999999999999716e+01 -5.697095031999999820e-05
3.782500000000000284e+01 -5.695933506000000338e-05
3.785000000000000142e+01 -5.642720789000000122e-05
3.787500000000000000e+01 -5.588599129000000029e-05
3.789999999999999858e+01 -5.644937448000000261e-05
3.792499999999999716e+01 -5.541889775000000113e-05
3.795000000000000284e+01 -5.540958240000000277e-05
3.797500000000000142e+01 -5.473993352000000215e-05
3.800000000000000000e+01 -5.507967292999999784e-05
3.802499999999999858e+01 -5.451680553000000075e-05
3.804999999999999716e+01 -5.429700566000000101e-05
3.807500000000000284e+01 -5.399268770999999774e-05
3.810000000000000142e+01 -5.362952705000000178e-05
3.812500000000000000e+01 -5.343572576000000265e-05
3.814999999999999858e+01 -5.294963158000000016e-05
3.817499999999999716e+01 -5.317238763000000295e-05
3.820000000000000284e+01 -5.251499663000000273e-05
3.822500000000000142e+01 -5.205929018999999743e-05
3.825000000000000000e+01 -5.143012609999999678e-05
3.827499999999999858e+01 -5.196775894999999942e-05
3.829999999999999716e+01 -5.153136417999999768e-05
3.832500000000000284e+01 -5.193127323999999727e-05
3.835000000000000142e+01 -5.093589914000000289e-05
3.837500000000000000e+01 -5.089935739000000159e-05
3.839999999999999858e+01 -5.039588555999999903e-05
3.842499999999999716e+01 -5.071288020999999857e-05
3.845000000000000284e+01 -4.975223740000000213e-05
3.847500000000000142e+01 -4.986747108999999896e-05
3.850000000000000000e+01 -4.946143295999999806e-05
3.852499999999999858e+01 -4.956944770999999975e-05
3.854999999999999716e+01 -4.917224224000000068e-05
3.857500000000000284e+01 -4.888026400000000177e-05
3.860000000000000142e+01 -4.854865956999999954e-05
3.862500000000000000e+01 -4.794951395000000144e-05
3.864999999999999858e+01 -4.807331713999999669e-05
3.867499999999999716e+01 -4.801608751000000159e-05
3.870000000000000284e+01 -4.737772705000000177e-05
3.872500000000000142e+01 -4.752057883999999898e-05
3.875000000000000000e+01 -4.722694451000000168e-05
3.877499999999999858e+01 -4.663585086000000021e-05
3.879999999999999716e+01 -4.656731940000000228e-05
3.882500000000000284e+01 -4.608982839000000029e-05
3.885000000000000142e+01 -4.599556169000000198e-05
3.887500000000000000e+01 -4.600210204999999916e-05
3.889999999999999858e+01 -4.554452562999999822e-05
3.892499999999999716e+01 -4.590213297999999945e-05
3.895000000000000284e+01 -4.505897325999999836e-05
3.897500000000000142e+01 -4.466844630999999789e-05
3.900000000000000000e+01 -4.479979913999999907e-05
3.902499999999999858e+01 -4.479915330000000257e-05
3.904999999999999716e+01 -4.422960730000000151e-05
3.907500000000000284e+01 -4.423067190000000171e-05
3.910000000000000142e+01 -4.393535940999999690e-05
3.912500000000000000e+01 -4.401027560000000239e-05
3.914999999999999858e+01 -4.353084099000000239e-05
3.917499999999999716e+01 -4.315184347999999841e-05
3.920000000000000284e+01 -4.351601896999999721e-05
3.922500000000000142e+01 -4.285174495000000237e-05
3.925000000000000000e+01 -4.259126339999999848e-05
3.927499999999999858e+01 -4.232267547999999714e-05
3.929999999999999716e+01 -4.207033742000000338e-05
3.932500000000000284e+01 -4.216475443000000336e-05
3.935000000000000142e+01 -4.163651719000000011e-05
3.937500000000000000e+01 -4.167535399000000184e-05
3.939999999999999858e+01 -4.120368956000000014e-05
3.942499999999999716e+01 -4.076490072000000088e-05
3.945000000000000284e+01 -4.115409767999999961e-05
3.947500000000000142e+01 -4.057376117999999789e-05
3.950000000000000000e+01 -4.082184503000000199e-05
3.952499999999999858e+01 -4.062993938999999867e-05
3.954999999999999716e+01 -4.051491928999999758e-05
3.957500000000000284e+01 -3.995071295000000335e-05
3.960000000000000142e+01 -3.968988673000000002e-05
3.962500000000000000e+01 -3.957036926000000052e-05
3.964999999999999858e+01 -3.959626428000000240e-05
3.967499999999999716e+01 -3.942589073999999791e-05
3.970000000000000284e+01 -3.914601274999999743e-05
3.972500000000000142e+01 -3.865245655999999963e-05
3.975000000000000000e+01 -3.863257288000000164e-05
3.977499999999999858e+01 -3.854447616000000162e-05
3.979999999999999716e+01 -3.851933758000000019e-05
3.982500000000000284e+01 -3.794984103000000210e-05
3.985000000000000142e+01 -3.800229313999999877e-05
3.987500000000000000e+01 -3.819409638000000333e-05
3.989999999999999858e+01 -3.755417472999999996e-05
3.992499999999999716e+01 -3.740407534999999877e-05
3.995000000000000284e+01 -3.706753792999999890e-05
3.997500000000000142e+01 -3.687858382999999873e-05
4.000000000000000000e+01 -3.682438077000000135e-05
4.002499999999999858e+01 -3.669624045999999754e-05
4.004999999999999716e+01 -3.636737526000000060e-05
4.007500000000000284e+01 -3.631348708000000026e-05
4.010000000000000142e+01 -3.613100092000000096e-05
4.012500000000000000e+01 -3.602923769000000324e-05
4.014999999999999858e+01 -3.611145885000000190e-05
4.017499999999999716e+01 -3.576429191000000214e-05
4.020000000000000284e+01 -3.524632693000000005e-05
4.022500000000000142e+01 -3.488257422000000217e-05
4.025000000000000000e+01 -3.534445073999999723e-05
4.027499999999999858e+01 -3.481501663000000080e-05
4.029999999999999716e+01 -3.472370757000000025e-05
4.032500000000000284e+01 -3.456748388999999875e-05
4.035000000000000142e+01 -3.440659748000000039e-05
4.037500000000000000e+01 -3.429482151000000102e-05
4.039999999999999858e+01 -3.387936816000000265e-05
4.042499999999999716e+01 -3.361477043000000265e-05
4.045000000000000284e+01 -3.376882616999999915e-05
4.047500000000000142e+01 -3.345095878000000039e-05
4.050000000000000000e+01 -3.344539481999999941e-05
4.052499999999999858e+01 -3.312902730000000283e-05
4.054999999999999716e+01 -3.303817255999999861e-05
4.057500000000000284e+01 -3.303711016999999689e-05
4.060000000000000142e+01 -3.276711629000000220e-05
4.062500000000000000e+01 -3.251846009000000285e-05
4.064999999999999858e+01 -3.242614140999999951e-05
4.067499999999999716e+01 -3.210811070999999682e-05
4.070000000000000284e+01 -3.202506033999999739e-05
4.072500000000000142e+01 -3.189055100999999833e-05
4.075000000000000000e+01 -3.175267915999999818e-05
4.077499999999999858e+01 -3.175206072999999841e-05
4.079999999999999716e+01 -3.159943925000000008e-05
4.082500000000000284e+01 -3.138743260000000090e-05
4.085000000000000142e+01 -3.109437596000000001e-05
4.087500000000000000e+01 -3.101104452999999960e-05
4.089999999999999858e+01 -3.084159237999999781e-05
4.092499999999999716e+01 -3.049131313000000060e-05
4.095000000000000284e+01 -3.039565098000000069e-05
4.097500000000000142e+01 -3.064611073999999911e-05
4.100000000000000000e+01 -3.030197800999999853e-05
4.102499999999999858e+01 -3.074716574000000080e-05
4.104999999999999716e+01 -3.017801691999999928e-05
4.107500000000000284e+01 -2.979183159999999937e-05
4.110000000000000142e+01 -2.977613614000000048e-05
4.112500000000000000e+01 -2.975239109000000045e-05
4.114999999999999858e+01 -2.943599186000000128e-05
4.117499999999999716e+01 -2.905403437999999977e-05
4.120000000000000284e+01 -2.893968911000000145e-05
4.122500000000000142e+01 -2.924007213999999910e-05
4.125000000000000000e+01 -2.885766015000000120e-05
4.127499999999999858e+01 -2.877213969999999979e-05
4.129999999999999716e+01 -2.862482630000000005e-05
4.132500000000000284e+01 -2.874792490999999959e-05
4.135000000000000142e+01 -2.831839730999999956e-05
4.137500000000000000e+01 -2.836239486000000011e-05
4.139999999999999858e+01 -2.782856676000000038e-05
4.142499999999999716e+01 -2.782732476999999938e-05
4.145000000000000284e+01 -2.770968146999999991e-05
4.147500000000000142e+01 -2.764718832999999999e-05
4.150000000000000000e+01 -2.770126344999999956e-05
4.152499999999999858e+01 -2.758475550999999864e-05
4.154999999999999716e+01 -2.726666040000000137e-05
4.157500000000000284e+01 -2.726947273000000121e-05
4.160000000000000142e+01 -2.722282043000000026e-05
4.162500000000000000e+01 -2.703833757999999949e-05
4.164999999999999858e+01 -2.676958563000000007e-05
4.167499999999999716e+01 -2.651746770999999892e-05
4.170000000000000284e+01 -2.646304104999999850e-05
4.172500000000000142e+01 -2.666966289000000049e-05
4.175000000000000000e+01 -2.645302293999999960e-05
4.177499999999999858e+01 -2.626424368000000094e-05
4.179999999999999716e+01 -2.598801954999999832e-05
4.182500000000000284e+01 -2.580708394999999938e-05
4.185000000000000142e+01 -2.571317560000000100e-05
4.187500000000000000e+01 -2.569276489999999834e-05
4.189999999999999858e+01 -2.566563648000000058e-05
4.192499999999999716e+01 -2.543459400999999878e-05
4.195000000000000284e+01 -2.524294313000000056e-05
4.197500000000000142e+01 -2.522940229999999967e-05
4.200000000000000000e+01 -2.499114913000000045e-05
4.202499999999999858e+01 -2.469150535999999979e-05
4.204999999999999716e+01 -2.472649027999999897e-05
4.207500000000000284e+01 -2.463236109999999976e-05
4.210000000000000142e+01 -2.445506390999999875e-05
4.212500000000000000e+01 -2.466198790000000094e-05
4.214999999999999858e+01 -2.434152003000000151e-05
4.217499999999999716e+01 -2.429304282999999990e-05
4.220000000000000284e+01 -2.425588411000000031e-05
4.222500000000000142e+01 -2.409753566999999841e-05
4.225000000000000000e+01 -2.371566717000000077e-05
4.227499999999999858e+01 -2.369608244000000153e-05
4.229999999999999716e+01 -2.371235380000000115e-05
4.232500000000000284e+01 -2.342814006999999839e-05
4.235000000000000142e+01 -2.333058036999999875e-05
4.237500000000000000e+01 -2.354196686000000141e-05
4.239999999999999858e+01 -2.362824593999999871e-05
4.242499999999999716e+01 -2.327822701000000052e-05
4.245000000000000284e+01 -2.335003626999999885e-05
4.247500000000000142e+01 -2.297237172999999852e-05
4.250000000000000000e+01 -2.289059502999999982e-05
4.252499999999999858e+01 -2.256297914000000078e-05
4.254999999999999716e+01 -2.300999677000000070e-05
4.257500000000000284e+01 -2.259211288000000106e-05
4.260000000000000142e+01 -2.253056425000000130e-05
4.262500000000000000e+01 -2.216845198999999844e-05
4.264999999999999858e+01 -2.206448455999999845e-05
4.267499999999999716e+01 -2.199475622000000074e-05
4.270000000000000284e+01 -2.194840822999999936e-05
4.272500000000000142e+01 -2.186216074999999980e-05
4.275000000000000000e+01 -2.203765345000000111e-05
4.277499999999999858e+01 -2.151603656000000082e-05
4.279999999999999716e+01 -2.164062393000000100e-05
4.282500000000000284e+01 -2.143259280999999954e-05
4.285000000000000142e+01 -2.142866969000000029e-05
4.287500000000000000e+01 -2.127728000999999883e-05
4.289999999999999858e+01 -2.112121745999999886e-05
4.292499999999999716e+01 -2.129918585999999840e-05
4.295000000000000284e+01 -2.108125510999999923e-05
4.297500000000000142e+01 -2.106050223000000088e-05
4.300000000000000000e+01 -2.087619973999999961e-05
4.302499999999999858e+01 -2.085768522000000039e-05
4.304999999999999716e+01 -2.068673332000000109e-05
4.307500000000000284e+01 -2.067593750999999875e-05
4.310000000000000142e+01 -2.059096713000000071e-05
4.312500000000000000e+01 -2.047539030000000132e-05
4.314999999999999858e+01 -2.039462529999999939e-05
4.317499999999999716e+01 -2.022890571999999998e-05
4.320000000000000284e+01 -2.013068575999999940e-05
4.322500000000000142e+01 -2.006951314000000137e-05
4.325000000000000000e+01 -1.971180510999999831e-05
4.327499999999999858e+01 -1.995270488999999846e-05
4.329999999999999716e+01 -1.988330318000000165e-05
4.332500000000000284e+01 -1.990101091999999951e-05
4.335000000000000142e+01 -1.955860961999999998e-05
4.337500000000000000e+01 -1.955706918000000162e-05
4.339999999999999858e+01 -1.947482520000000023e-05
4.342499999999999716e+01 -1.939669910999999882e-05
4.345000000000000284e+01 -1.923241388999999922e-05
4.347500000000000142e+01 -1.941451554000000026e-05
4.350000000000000000e+01 -1.909487882000000144e-05
4.352499999999999858e+01 -1.894066349999999992e-05
4.354999999999999716e+01 -1.883626578999999848e-05
4.357500000000000284e+01 -1.877006367999999877e-05
4.360000000000000142e+01 -1.878797647999999975e-05
4.362500000000000000e+01 -1.880971211000000146e-05
4.364999999999999858e+01 -1.868945086999999940e-05
4.367499999999999716e+01 -1.847192922000000066e-05
4.370000000000000284e+01 -1.846123855999999965e-05
4.372500000000000142e+01 -1.848288895999999944e-05
4.375000000000000000e+01 -1.841901277000000054e-05
4.377499999999999858e+01 -1.808721414000000113e-05
4.379999999999999716e+01 -1.820912943000000010e-05
4.382500000000000284e+01 -1.810889552999999920e-05
4.385000000000000142e+01 -1.799290843999999941e-05
4.387500000000000000e+01 -1.796570564999999889e-05
4.389999999999999858e+01 -1.786309299999999930e-05
4.392499999999999716e+01 -1.774348549000000097e-05
4.395000000000000284e+01 -1.768280792999999925e-05
4.397500000000000142e+01 -1.763472657000000036e-05
4.400000000000000000e+01 -1.764252443000000081e-05
4.402499999999999858e+01 -1.756283099999999875e-05
4.404999999999999716e+01 -1.734887115000000062e-05
4.407500000000000284e+01 -1.729541808000000167e-05
4.410000000000000142e+01 -1.717378607999999843e-05
4.412500000000000000e+01 -1.716241832000000060e-05
4.414999999999999858e+01 -1.704180214999999958e-05
4.417499999999999716e+01 -1.703215917000000092e-05
4.420000000000000284e+01 -1.693607324000000070e-05
4.422500000000000142e+01 -1.687919853000000134e-05
4.425000000000000000e+01 -1.671765082999999977e-05
4.427499999999999858e+01 -1.673231212999999962e-05
4.429999999999999716e+01 -1.673073815000000029e-05
4.432500000000000284e+01 -1.667276800999999964e-05
4.435000000000000142e+01 -1.634650554000000115e-05
4.437500000000000000e+01 -1.654535098999999863e-05
4.439999999999999858e+01 -1.645919238000000147e-05
4.442499999999999716e+01 -1.622015847000000133e-05
4.445000000000000284e+01 -1.623024263999999972e-05
4.447500000000000142e+01 -1.609491804999999904e-05
4.450000000000000000e+01 -1.614245160999999877e-05
4.452499999999999858e+01 -1.600687680000000140e-05
4.454999999999999716e+01 -1.583194715999999911e-05
4.457500000000000284e+01 -1.595365523999999881e-05
4.460000000000000142e+01 -1.578516056000000016e-05
4.462500000000000000e+01 -1.581846601000000125e-05
4.464999999999999858e+01 -1.589247320000000007e-05
4.467499999999999716e+01 -1.566972433999999986e-05
4.470000000000000284e+01 -1.573823404000000017e-05
4.472500000000000142e+01 -1.574440169999999852e-05
4.475000000000000000e+01 -1.541835381999999855e-05
4.477499999999999858e+01 -1.535407885000000108e-05
4.479999999999999716e+01 -1.538724702999999869e-05
4.482500000000000284e+01 -1.551888520000000029e-05
4.485000000000000142e+01 -1.527628828000000044e-05
4.487500000000000000e+01 -1.528182463000000142e-05
4.489999999999999858e+01 -1.513411382999999921e-05
4.492499999999999716e+01 -1.510234332999999965e-05
4.495000000000000284e+01 -1.499615462000000065e-05
4.497500000000000142e+01 -1.498940804000000037e-05
4.500000000000000000e+01 -1.495775766000000032e-05
4.502499999999999858e+01 -1.483564657999999987e-05
4.504999999999999716e+01 -1.478965693000000029e-05
4.507500000000000284e+01 -1.477898036999999918e-05
4.510000000000000142e+01 -1.466323059000000070e-05
4.512500000000000000e+01 -1.455360302000000024e-05
4.514999999999999858e+01 -1.467344395000000038e-05
4.517499999999999716e+01 -1.454557964999999978e-05
4.520000000000000284e+01 -1.451034293999999929e-05
4.522500000000000142e+01 -1.457034770999999971e-05
4.525000000000000000e+01 -1.430558459999999992e-05
4.527499999999999858e+01 -1.436774886999999929e-05
4.529999999999999716e+01 -1.431286032999999967e-05
4.532500000000000284e+01 -1.418751471000000032e-05
4.535000000000000142e+01 -1.403496851000000063e-05
4.537500000000000000e+01 -1.416449130999999968e-05
4.539999999999999858e+01 -1.414834966000000070e-05
4.542499999999999716e+01 -1.393301430000000004e-05
4.545000000000000284e+01 -1.394246556000000035e-05
4.547500000000000142e+01 -1.377601903999999951e-05
4.550000000000000000e+01 -1.388682106000000034e-05
4.552499999999999858e+01 -1.371303070000000065e-05
4.554999999999999716e+01 -1.379534265000000021e-05
4.557500000000000284e+01 -1.375038082000000082e-05
4.560000000000000142e+01 -1.377280638999999934e-05
4.562500000000000000e+01 -1.360095779999999927e-05
4.564999999999999858e+01 -1.348971747000000068e-05
4.567499999999999716e+01 -1.368446275000000063e-05
4.570000000000000284e+01 -1.362403233000000052e-05
4.572500000000000142e+01 -1.338582730000000016e-05
4.575000000000000000e+01 -1.333760007999999944e-05
4.577499999999999858e+01 -1.336926597000000006e-05
4.579999999999999716e+01 -1.323248846000000001e-05
4.582500000000000284e+01 -1.324220398999999947e-05
4.585000000000000142e+01 -1.312239331000000043e-05
4.587500000000000000e+01 -1.318637617999999922e-05
4.589999999999999858e+01 -1.305648952000000037e-05
4.592499999999999716e+01 -1.294244379000000062e-05
4.595000000000000284e+01 -1.281064096999999997e-05
4.597500000000000142e+01 -1.306746672999999920e-05
4.600000000000000000e+01 -1.294277311999999989e-05
4.602499999999999858e+01 -1.287415607999999941e-05
4.604999999999999716e+01 -1.270785952999999943e-05
4.607500000000000284e+01 -1.269827780999999980e-05
4.610000000000000142e+01 -1.279502562999999948e-05
4.612500000000000000e+01 -1.257462588999999953e-05
4.614999999999999858e+01 -1.270334133000000063e-05
4.617499999999999716e+01 -1.261416835999999986e-05
4.620000000000000284e+01 -1.260518400000000044e-05
4.622500000000000142e+01 -1.247581634999999943e-05
4.625000000000000000e+01 -1.254682302000000080e-05
4.627499999999999858e+01 -1.250231990000000033e-05
4.629999999999999716e+01 -1.239143386000000007e-05
4.632500000000000284e+01 -1.234517094999999985e-05
4.635000000000000142e+01 -1.240447030000000067e-05
4.637500000000000000e+01 -1.229210060999999990e-05
4.639999999999999858e+01 -1.223885138000000007e-05
4.642499999999999716e+01 -1.219599449999999974e-05
4.645000000000000284e+01 -1.221018762000000083e-05
4.647500000000000142e+01 -1.221597059000000069e-05
4.650000000000000000e+01 -1.212200766999999939e-05
4.652499999999999858e+01 -1.209637312000000067e-05
4.654999999999999716e+01 -1.199538146000000047e-05
4.657500000000000284e+01 -1.206747921999999966e-05
4.660000000000000142e+01 -1.188278208000000019e-05
4.662500000000000000e+01 -1.199405239999999935e-05
4.664999999999999858e+01 -1.187113219999999964e-05
4.667499999999999716e+01 -1.196572411000000006e-05
4.670000000000000284e+01 -1.177095055000000002e-05
4.672500000000000142e+01 -1.183978181000000042e-05
4.675000000000000000e+01 -1.178985263999999970e-05
4.677499999999999858e+01 -1.177133454000000063e-05
4.679999999999999716e+01 -1.167685576000000041e-05
4.682500000000000284e+01 -1.162146455000000082e-05
4.685000000000000142e+01 -1.163270343000000040e-05
4.687500000000000000e+01 -1.157764947000000000e-05
4.689999999999999858e+01 -1.157364758000000068e-05
4.692499999999999716e+01 -1.158408038999999999e-05
4.695000000000000284e+01 -1.145629801999999992e-05
4.697500000000000142e+01 -1.141283956000000059e-05
4.700000000000000000e+01 -1.144740555000000073e-05
4.702499999999999858e+01 -1.140871741000000082e-05
4.704999999999999716e+01 -1.136522099000000017e-05
4.707500000000000284e+01 -1.136472055999999984e-05
4.710000000000000142e+01 -1.131803545000000037e-05
4.712500000000000000e+01 -1.131828726999999947e-05
4.714999999999999858e+01 -1.119942520999999963e-05
4.717499999999999716e+01 -1.121936184000000017e-05
4.720000000000000284e+01 -1.122041952999999966e-05
4.722500000000000142e+01 -1.116434031999999971e-05
4.725000000000000000e+01 -1.106225890000000036e-05
4.727499999999999858e+01 -1.116505805999999995e-05
4.729999999999999716e+01 -1.110931078999999921e-05
4.732500000000000284e+01 -1.099115354999999933e-05
4.735000000000000142e+01 -1.102482645999999973e-05
4.737500000000000000e+01 -1.100800959999999956e-05
4.739999999999999858e+01 -1.097387021999999921e-05
4.742499999999999716e+01 -1.088401872999999944e-05
4.745000000000000284e+01 -1.089153586999999971e-05
4.747500000000000142e+01 -1.089856831999999957e-05
4.750000000000000000e+01 -1.084354411000000058e-05
4.752499999999999858e+01 -1.092036967999999979e-05
4.754999999999999716e+01 -1.075867414000000065e-05
4.757500000000000284e+01 -1.080076576999999928e-05
4.760000000000000142e+01 -1.081073230000000038e-05
4.762500000000000000e+01 -1.066043228999999964e-05
4.764999999999999858e+01 -1.062631249999999941e-05
4.767499999999999716e+01 -1.061381598000000071e-05
4.770000000000000284e+01 -1.069504599999999925e-05
4.772500000000000142e+01 -1.059355728000000056e-05
4.775000000000000000e+01 -1.057134843000000046e-05
4.777499999999999858e+01 -1.062634830999999950e-05
4.779999999999999716e+01 -1.056352862000000065e-05
4.782500000000000284e+01 -1.060529234000000051e-05
4.785000000000000142e+01 -1.058297195999999923e-05
4.787500000000000000e+01 -1.057239124000000019e-05
4.789999999999999858e+01 -1.049539823999999989e-05
4.792499999999999716e+01 -1.042378616000000066e-05
4.795000000000000284e+01 -1.049509462999999990e-05
4.797500000000000142e+01 -1.037395091999999996e-05
4.800000000000000000e+01 -1.044446383000000084e-05
4.802499999999999858e+01 -1.032815755000000003e-05
4.804999999999999716e+01 -1.042227770999999997e-05
4.807500000000000284e+01 -1.029450778999999996e-05
4.810000000000000142e+01 -1.034027694999999952e-05
4.812500000000000000e+01 -1.025735252000000081e-05
4.814999999999999858e+01 -1.028857435999999937e-05
4.817499999999999716e+01 -1.030914108999999988e-05
4.820000000000000284e+01 -1.017157669000000009e-05
4.822500000000000142e+01 -1.020195421000000045e-05
4.825000000000000000e+01 -1.019386820999999959e-05
4.827499999999999858e+01 -1.018974299999999932e-05
4.829999999999999716e+01 -1.023750066999999992e-05
4.832500000000000284e+01 -1.015472867999999937e-05
4.835000000000000142e+01 -1.014763943999999997e-05
4.837500000000000000e+01 -1.022583213999999969e-05
4.839999999999999858e+01 -1.011188777000000001e-05
4.842499999999999716e+01 -1.021516422999999925e-05
4.845000000000000284e+01 -1.007928395000000065e-05
4.847500000000000142e+01 -1.002408533999999921e-05
4.850000000000000000e+01 -1.007993564999999935e-05
4.852499999999999858e+01 -1.012541302999999970e-05
4.854999999999999716e+01 -9.959420932999999481e-06
4.857500000000000284e+01 -1.015736728000000025e-05
4.860000000000000142e+01 -9.929522723000000763e-06
4.862500000000000000e+01 -9.934114864000000023e-06
4.864999999999999858e+01 -9.891726935000000497e-06
4.867499999999999716e+01 -1.000110867999999999e-05
4.870000000000000284e+01 -9.889026774000000451e-06
4.872500000000000142e+01 -9.930926575999999916e-06
4.875000000000000000e+01 -9.848964752999999576e-06
4.877499999999999858e+01 -9.864444003999999906e-06
4.879999999999999716e+01 -9.930703577000000223e-06
4.882500000000000284e+01 -9.887603646999999356e-06
4.885000000000000142e+01 -9.886523598999999863e-06
4.887500000000000000e+01 -9.827519042999999233e-06
4.889999999999999858e+01 -9.879735285000000450e-06
4.892499999999999716e+01 -9.820641075999999971e-06
4.895000000000000284e+01 -9.759363755999999498e-06
4.897500000000000142e+01 -9.913269980000000392e-06
4.900000000000000000e+01 -9.729740075999999466e-06
4.902499999999999858e+01 -9.802482586999999365e-06
4.904999999999999716e+01 -9.902298542999999522e-06
4.907500000000000284e+01 -9.742138956000000570e-06
4.910000000000000142e+01 -9.698489263000000099e-06
4.912500000000000000e+01 -9.857810349000000041e-06
4.914999999999999858e+01 -9.800671660000000144e-06
4.917499999999999716e+01 -9.776074269000000031e-06
4.920000000000000284e+01 -9.735340971999999749e-06
4.922500000000000142e+01 -9.637279042999999509e-06
4.925000000000000000e+01 -9.715099707000000268e-06
4.927499999999999858e+01 -9.760349156000000398e-06
4.929999999999999716e+01 -9.639964773000000040e-06
4.932500000000000284e+01 -9.716558674999999556e-06
4.935000000000000142e+01 -9.698729692000000551e-06
4.937500000000000000e+01 -9.669721231000000396e-06
4.939999999999999858e+01 -9.728997249000000019e-06
4.942499999999999716e+01 -9.710106265999999227e-06
4.945000000000000284e+01 -9.692321763000000636e-06
4.947500000000000142e+01 -9.699057179999999277e-06
4.950000000000000000e+01 -9.683313530999999321e-06
4.952499999999999858e+01 -9.706340241999999793e-06
4.954999999999999716e+01 -9.593516078000000649e-06
4.957500000000000284e+01 -9.644857649999999239e-06
4.960000000000000142e+01 -9.693606884000000653e-06
4.962500000000000000e+01 -9.587401731999999820e-06
4.964999999999999858e+01 -9.641844097000000778e-06
4.967499999999999716e+01 -9.607508204000000455e-06
4.970000000000000284e+01 -9.572607179999999836e-06
4.972500000000000142e+01 -9.588714993000000693e-06
4.975000000000000000e+01 -9.667025338999999637e-06
4.977499999999999858e+01 -9.689026470999999890e-06
4.979999999999999716e+01 -9.654545418000000701e-06
4.982500000000000284e+01 -9.833596952000000130e-06
4.985000000000000142e+01 -9.637366481999999585e-06
4.987500000000000000e+01 -9.591636937999999731e-06
4.989999999999999858e+01 -9.648736050000000588e-06
4.992499999999999716e+01 -9.644146368000000189e-06
4.995000000000000284e+01 -9.626283941000000568e-06
4.997500000000000142e+01 -9.624595896000000503e-06
5.000000000000000000e+01 -9.572442013000000710e-06
5.002499999999999858e+01 -9.647791054000000140e-06
5.004999999999999716e+01 -9.630200610999999498e-06
5.007500000000000284e+01 -9.663611249999999202e-06
5.010000000000000142e+01 -9.614494720000000348e-06
5.012500000000000000e+01 -9.715975647999999565e-06
5.014999999999999858e+01 -9.603482097000000213e-06
5.017499999999999716e+01 -9.586138114999999882e-06
5.020000000000000284e+01 -9.613404647000000594e-06
5.022500000000000142e+01 -9.670070692000000797e-06
5.025000000000000000e+01 -9.612314983000000101e-06
5.027499999999999858e+01 -9.622875305000000326e-06
5.029999999999999716e+01 -9.684499448000000735e-06
5.032500000000000284e+01 -9.640123426000000312e-06
5.035000000000000142e+01 -9.653486297000000570e-06
5.037500000000000000e+01 -9.607294397999999698e-06
5.039999999999999858e+01 -9.603769406999999942e-06
5.042499999999999716e+01 -9.661300270000000492e-06
5.045000000000000284e+01 -9.645528537999999356e-06
5.047500000000000142e+01 -9.692840791999999503e-06
5.050000000000000000e+01 -9.670781143999999165e-06
5.052499999999999858e+01 -9.715979917999999172e-06
5.054999999999999716e+01 -9.689674744000000451e-06
5.057500000000000284e+01 -9.676580517000000185e-06
5.060000000000000142e+01 -9.657688167000000681e-06
5.062500000000000000e+01 -9.732586059999999618e-06
5.064999999999999858e+01 -9.669458853999999526e-06
5.067499999999999716e+01 -9.766965787999999817e-06
5.070000000000000284e+01 -9.729066947999999695e-06
5.072500000000000142e+01 -9.724777674000000587e-06
5.075000000000000000e+01 -9.699300581999999396e-06
5.077499999999999858e+01 -9.708216250999999412e-06
5.079999999999999716e+01 -9.749116588999999475e-06
5.082500000000000284e+01 -9.656139805000000048e-06
5.085000000000000142e+01 -9.733025711999999913e-06
5.087500000000000000e+01 -9.700378679999999227e-06
5.089999999999999858e+01 -9.727222506999999392e-06
5.092499999999999716e+01 -9.815025655000000467e-06
5.095000000000000284e+01 -9.809690585999999806e-06
5.097500000000000142e+01 -9.746030655000000292e-06
5.100000000000000000e+01 -9.797251563000000785e-06
5.102499999999999858e+01 -9.844143248000000509e-06
5.104999999999999716e+01 -9.781387402999999368e-06
5.107500000000000284e+01 -9.879229018000000232e-06
5.110000000000000142e+01 -9.872239589999999939e-06
5.112500000000000000e+01 -9.871720639999999347e-06
5.114999999999999858e+01 -9.844970198000000286e-06
5.117499999999999716e+01 -9.838697616999999643e-06
5.120000000000000284e+01 -9.906761710999999448e-06
5.122500000000000142e+01 -9.907412851999999824e-06
5.125000000000000000e+01 -9.877620520000000837e-06
5.127499999999999858e+01 -9.908490368999999347e-06
5.129999999999999716e+01 -9.934053035999999782e-06
5.132500000000000284e+01 -9.933581338999999393e-06
5.135000000000000142e+01 -9.973643694000000845e-06
5.137500000000000000e+01 -1.004976193000000050e-05
5.139999999999999858e+01 -1.003554737999999938e-05
5.142499999999999716e+01 -1.004530387999999987e-05
5.145000000000000284e+01 -9.978862311999999951e-06
5.147500000000000142e+01 -1.002699800000000025e-05
5.150000000000000000e+01 -1.007611164000000069e-05
5.152499999999999858e+01 -1.021280214999999941e-05
5.154999999999999716e+01 -1.001888945000000039e-05
5.157500000000000284e+01 -1.007447402999999988e-05
5.160000000000000142e+01 -1.007984031000000036e-05
5.162500000000000000e+01 -1.017829672000000041e-05
5.164999999999999858e+01 -1.007669507999999953e-05
5.167499999999999716e+01 -1.016927735000000041e-05
5.170000000000000284e+01 -1.013297708999999991e-05
5.172500000000000142e+01 -1.018180139000000067e-05
5.175000000000000000e+01 -1.034443030000000066e-05
5.177499999999999858e+01 -1.016527758999999928e-05
5.179999999999999716e+01 -1.031695961000000030e-05
5.182500000000000284e+01 -1.023945189999999955e-05
5.185000000000000142e+01 -1.028797432000000045e-05
5.187500000000000000e+01 -1.036981671000000007e-05
5.189999999999999858e+01 -1.039003178000000013e-05
5.192499999999999716e+01 -1.029731412999999987e-05
5.195000000000000284e+01 -1.035885266000000069e-05
5.197500000000000142e+01 -1.034334604999999969e-05
5.200000000000000000e+01 -1.039118890999999951e-05
5.202499999999999858e+01 -1.039382434999999994e-05
5.204999999999999716e+01 -1.046603211999999988e-05
5.207500000000000284e+01 -1.044784418000000075e-05
5.210000000000000142e+01 -1.051897929999999945e-05
5.212500000000000000e+01 -1.050465979000000045e-05
5.214999999999999858e+01 -1.058888913000000055e-05
5.217499999999999716e+01 -1.053686680000000055e-05
5.220000000000000284e+01 -1.062941916999999927e-05
5.222500000000000142e+01 -1.065558505999999969e-05
5.225000000000000000e+01 -1.062137438000000031e-05
5.227499999999999858e+01 -1.065041715999999927e-05
5.229999999999999716e+01 -1.069674383000000040e-05
5.232500000000000284e+01 -1.074687704999999994e-05
5.235000000000000142e+01 -1.072687317000000046e-05
5.237500000000000000e+01 -1.067238027000000030e-05
5.239999999999999858e+01 -1.073652395999999928e-05
5.242499999999999716e+01 -1.080798532000000065e-05
5.245000000000000284e+01 -1.074064159000000044e-05
5.247500000000000142e+01 -1.086567325000000016e-05
5.250000000000000000e+01 -1.080420524000000020e-05
5.252499999999999858e+01 -1.086697122999999950e-05
5.254999999999999716e+01 -1.095463588000000067e-05
5.257500000000000284e+01 -1.103708279000000021e-05
5.260000000000000142e+01 -1.095113055000000013e-05
5.262500000000000000e+01 -1.110261435999999980e-05
5.264999999999999858e+01 -1.097513108999999924e-05
5.267499999999999716e+01 -1.110844752999999964e-05
5.270000000000000284e+01 -1.107585944000000037e-05
5.272500000000000142e+01 -1.103003791999999976e-05
5.275000000000000000e+01 -1.114511206999999934e-05
5.277499999999999858e+01 -1.116983614000000042e-05
5.279999999999999716e+01 -1.122661710999999982e-05
5.282500000000000284e+01 -1.126463465000000065e-05
5.285000000000000142e+01 -1.132731163000000000e-05
5.287500000000000000e+01 -1.124814263000000062e-05
5.289999999999999858e+01 -1.137358455000000075e-05
5.292499999999999716e+01 -1.127182976000000061e-05
5.295000000000000284e+01 -1.137700924999999997e-05
5.297500000000000142e+01 -1.136151007000000072e-05
5.300000000000000000e+01 -1.145133570000000028e-05
5.302499999999999858e+01 -1.152700217000000080e-05
5.304999999999999716e+01 -1.157842823000000009e-05
5.307500000000000284e+01 -1.166451843000000002e-05
5.310000000000000142e+01 -1.160283503000000034e-05
5.312500000000000000e+01 -1.161691532999999918e-05
5.314999999999999858e+01 -1.171094055999999972e-05
5.317499999999999716e+01 -1.171755800999999935e-05
5.320000000000000284e+01 -1.159790758000000034e-05
5.322500000000000142e+01 -1.167269831999999990e-05
5.325000000000000000e+01 -1.176144877000000026e-05
5.327499999999999858e+01 -1.182353590999999957e-05
5.329999999999999716e+01 -1.183706790999999956e-05
5.332500000000000284e+01 -1.181383080000000021e-05
5.335000000000000142e+01 -1.187827927000000067e-05
5.337500000000000000e+01 -1.198005863999999976e-05
5.339999999999999858e+01 -1.203155299999999990e-05
5.342499999999999716e+01 -1.199593930999999944e-05
5.345000000000000284e+01 -1.199284660000000024e-05
5.347500000000000142e+01 -1.251076174999999924e-05
5.350000000000000000e+01 -1.210650482999999999e-05
5.352499999999999858e+01 -1.226169544000000025e-05
5.354999999999999716e+01 -1.216019409999999941e-05
5.357500000000000284e+01 -1.217601629000000041e-05
5.360000000000000142e+01 -1.232144136999999940e-05
5.362500000000000000e+01 -1.226559717000000046e-05
5.364999999999999858e+01 -1.224396356000000080e-05
5.367499999999999716e+01 -1.243349738000000071e-05
5.370000000000000284e+01 -1.234317304999999927e-05
5.372500000000000142e+01 -1.236778557999999934e-05
5.375000000000000000e+01 -1.241461014999999945e-05
5.377499999999999858e+01 -1.256061321999999974e-05
5.379999999999999716e+01 -1.253832578999999962e-05
5.382500000000000284e+01 -1.252163919000000060e-05
5.385000000000000142e+01 -1.262219158999999939e-05
5.387500000000000000e+01 -1.267787485000000024e-05
5.389999999999999858e+01 -1.266676934999999957e-05
5.392499999999999716e+01 -1.275251824000000040e-05
5.395000000000000284e+01 -1.290398030000000057e-05
5.397500000000000142e+01 -1.290016362000000034e-05
5.400000000000000000e+01 -1.295436642000000059e-05
5.402499999999999858e+01 -1.295487619999999947e-05
5.404999999999999716e+01 -1.296283350000000061e-05
5.407500000000000284e+01 -1.297006652999999921e-05
5.410000000000000142e+01 -1.307376465000000039e-05
5.412500000000000000e+01 -1.318027323000000034e-05
5.414999999999999858e+01 -1.319530644999999915e-05
5.417499999999999716e+01 -1.329532911000000035e-05
5.420000000000000284e+01 -1.330528101000000068e-05
5.422500000000000142e+01 -1.335700822000000078e-05
5.425000000000000000e+01 -1.332434849999999981e-05
5.427499999999999858e+01 -1.341501840999999996e-05
5.429999999999999716e+01 -1.344692768000000041e-05
5.432500000000000284e+01 -1.344760052000000083e-05
5.435000000000000142e+01 -1.340437303000000057e-05
5.437500000000000000e+01 -1.353283463000000074e-05
5.439999999999999858e+01 -1.366896248000000018e-05
5.442499999999999716e+01 -1.358732826999999976e-05
5.445000000000000284e+01 -1.388403598999999987e-05
5.447500000000000142e+01 -1.384642674000000012e-05
5.450000000000000000e+01 -1.385441574000000063e-05
5.452499999999999858e+01 -1.404906854000000053e-05
5.454999999999999716e+01 -1.391461876000000002e-05
5.457500000000000284e+01 -1.392741478999999949e-05
5.460000000000000142e+01 -1.398389418000000055e-05
5.462500000000000000e+01 -1.421944054999999968e-05
5.464999999999999858e+01 -1.410912057000000002e-05
5.467499999999999716e+01 -1.419277886000000069e-05
5.470000000000000284e+01 -1.426517048999999970e-05
5.472500000000000142e+01 -1.422569507999999996e-05
5.475000000000000000e+01 -1.440950530999999984e-05
5.477499999999999858e+01 -1.449709383000000036e-05
5.479999999999999716e+01 -1.449147867000000000e-05
5.482500000000000284e+01 -1.464838984000000064e-05
5.485000000000000142e+01 -1.439689517999999921e-05
5.487500000000000000e+01 -1.458601024000000049e-05
5.489999999999999858e+01 -1.481642557999999933e-05
5.492499999999999716e+01 -1.462484606000000078e-05
5.495000000000000284e+01 -1.484477011999999976e-05
5.497500000000000142e+01 -1.486637004999999923e-05
5.500000000000000000e+01 -1.490617030000000079e-05
5.502499999999999858e+01 -1.491917345999999926e-05
5.504999999999999716e+01 -1.508741401000000038e-05
5.507500000000000284e+01 -1.502566207000000067e-05
5.510000000000000142e+01 -1.519398297999999938e-05
5.512500000000000000e+01 -1.534403400000000048e-05
5.514999999999999858e+01 -1.523404085999999974e-05
5.517499999999999716e+01 -1.542662142999999899e-05
5.520000000000000284e+01 -1.528505780999999877e-05
5.522500000000000142e+01 -1.540079842000000062e-05
5.525000000000000000e+01 -1.542711930000000020e-05
5.527499999999999858e+01 -1.559488300999999869e-05
5.529999999999999716e+01 -1.555082310000000147e-05
5.532500000000000284e+01 -1.571428025000000061e-05
5.535000000000000142e+01 -1.589814316000000101e-05
5.537500000000000000e+01 -1.561925500000000162e-05
5.539999999999999858e+01 -1.591406758000000037e-05
5.542499999999999716e+01 -1.588972628000000098e-05
5.545000000000000284e+01 -1.603270576000000039e-05
5.547500000000000142e+01 -1.613001758999999937e-05
5.550000000000000000e+01 -1.616838196000000070e-05
5.552499999999999858e+01 -1.615351053999999843e-05
5.554999999999999716e+01 -1.625756355000000097e-05
5.557500000000000284e+01 -1.638767044999999914e-05
5.560000000000000142e+01 -1.637213334999999955e-05
5.562500000000000000e+01 -1.640802103999999952e-05
5.564999999999999858e+01 -1.652348100999999979e-05
5.567499999999999716e+01 -1.644251131999999841e-05
5.570000000000000284e+01 -1.658367825000000065e-05
5.572500000000000142e+01 -1.674968012999999962e-05
5.575000000000000000e+01 -1.686601823999999921e-05
5.577499999999999858e+01 -1.686782487999999845e-05
5.579999999999999716e+01 -1.698577108999999833e-05
5.582500000000000284e+01 -1.699742538999999923e-05
5.585000000000000142e+01 -1.725869875999999935e-05
5.587500000000000000e+01 -1.716105985000000058e-05
5.589999999999999858e+01 -1.726415761000000168e-05
5.592499999999999716e+01 -1.727828944999999902e-05
5.595000000000000284e+01 -1.728828894999999923e-05
5.597500000000000142e+01 -1.743199430000000021e-05
5.600000000000000000e+01 -1.742215130000000146e-05
5.602499999999999858e+01 -1.769554600999999921e-05
5.604999999999999716e+01 -1.790885077000000053e-05
5.607500000000000284e+01 -1.766906934999999909e-05
5.610000000000000142e+01 -1.777317384999999931e-05
5.612500000000000000e+01 -1.789541299000000054e-05
5.614999999999999858e+01 -1.819469539999999988e-05
5.617499999999999716e+01 -1.816901618999999883e-05
5.620000000000000284e+01 -1.814628626999999976e-05
5.622500000000000142e+01 -1.820074619999999911e-05
5.625000000000000000e+01 -1.835892887999999941e-05
5.627499999999999858e+01 -1.850678291999999860e-05
5.629999999999999716e+01 -1.839783928000000046e-05
5.632500000000000284e+01 -1.852645989999999852e-05
5.635000000000000142e+01 -1.868054493999999924e-05
5.637500000000000000e+01 -1.849096543999999965e-05
5.639999999999999858e+01 -1.912263746999999858e-05
5.642499999999999716e+01 -1.902922243999999994e-05
5.645000000000000284e+01 -1.889710524999999838e-05
5.647500000000000142e+01 -1.892822810000000102e-05
5.650000000000000000e+01 -1.914822713999999882e-05
5.652499999999999858e+01 -1.918746946999999925e-05
5.654999999999999716e+01 -1.959984823999999875e-05
5.657500000000000284e+01 -1.940569340000000017e-05
5.660000000000000142e+01 -1.941020879000000086e-05
5.662500000000000000e+01 -1.951980225000000019e-05
5.664999999999999858e+01 -1.953241627999999846e-05
5.667499999999999716e+01 -1.974562453999999912e-05
5.670000000000000284e+01 -1.984730018999999890e-05
5.672500000000000142e+01 -1.995655592999999881e-05
5.675000000000000000e+01 -2.003846066000000052e-05
5.677499999999999858e+01 -1.998253257000000158e-05
5.679999999999999716e+01 -2.018822604000000139e-05
5.682500000000000284e+01 -2.011716239000000043e-05
5.685000000000000142e+01 -2.036638180999999939e-05
5.687500000000000000e+01 -2.053876097000000112e-05
5.689999999999999858e+01 -2.041965533000000157e-05
5.692499999999999716e+01 -2.075125293000000168e-05
5.695000000000000284e+01 -2.060967555999999881e-05
5.697500000000000142e+01 -2.074008276999999897e-05
5.700000000000000000e+01 -2.094083340000000120e-05
5.702499999999999858e+01 -2.110140071999999848e-05
5.704999999999999716e+01 -2.102452947999999941e-05
5.707500000000000284e+01 -2.123579016000000076e-05
5.710000000000000142e+01 -2.135411564999999920e-05
5.712500000000000000e+01 -2.139774105000000144e-05
5.714999999999999858e+01 -2.158543567999999903e-05
5.717499999999999716e+01 -2.163602890999999839e-05
5.720000000000000284e+01 -2.159537164999999939e-05
5.722500000000000142e+01 -2.182672501000000048e-05
5.725000000000000000e+01 -2.185098321000000123e-05
5.727499999999999858e+01 -2.194344015000000085e-05
5.729999999999999716e+01 -2.211165218999999914e-05
5.732500000000000284e+01 -2.230118199999999996e-05
5.735000000000000142e+01 -2.255427552000000119e-05
5.737500000000000000e+01 -2.235774310000000032e-05
5.739999999999999858e+01 -2.265350475000000053e-05
5.742499999999999716e+01 -2.250095426999999972e-05
5.745000000000000284e+01 -2.266332106000000008e-05
5.747500000000000142e+01 -2.267996870999999990e-05
5.750000000000000000e+01 -2.269364934000000055e-05
5.752499999999999858e+01 -2.294806682000000091e-05
5.754999999999999716e+01 -2.311318452000000150e-05
5.757500000000000284e+01 -2.319138168999999901e-05
5.760000000000000142e+01 -2.341880326000000053e-05
5.762500000000000000e+01 -2.340042129999999937e-05
5.764999999999999858e+01 -2.335295803999999927e-05
5.767499999999999716e+01 -2.359085015999999851e-05
5.770000000000000284e+01 -2.374955040000000008e-05
5.772500000000000142e+01 -2.414325405999999952e-05
5.775000000000000000e+01 -2.378994846000000073e-05
5.777499999999999858e+01 -2.403514985999999882e-05
5.779999999999999716e+01 -2.428882804999999933e-05
5.782500000000000284e+01 -2.405746267999999893e-05
5.785000000000000142e+01 -2.442467103000000027e-05
5.787500000000000000e+01 -2.469269619000000071e-05
5.789999999999999858e+01 -2.482937793000000086e-05
5.792499999999999716e+01 -2.473826156000000028e-05
5.795000000000000284e+01 -2.478799327000000003e-05
5.797500000000000142e+01 -2.498246017000000109e-05
5.800000000000000000e+01 -2.502621213000000164e-05
5.802499999999999858e+01 -2.533177260000000000e-05
5.804999999999999716e+01 -2.565455404999999995e-05
5.807500000000000284e+01 -2.599984253000000041e-05
5.810000000000000142e+01 -2.539840110000000166e-05
5.812500000000000000e+01 -2.550477499999999841e-05
5.814999999999999858e+01 -2.592627688999999839e-05
5.817499999999999716e+01 -2.590637800999999948e-05
5.820000000000000284e+01 -2.593740254999999935e-05
5.822500000000000142e+01 -2.607809532000000106e-05
5.825000000000000000e+01 -2.629497936000000117e-05
5.827499999999999858e+01 -2.657012106000000137e-05
5.829999999999999716e+01 -2.666799093999999920e-05
5.832500000000000284e+01 -2.658268846000000138e-05
5.835000000000000142e+01 -2.674776655999999892e-05
5.837500000000000000e+01 -2.692586844000000070e-05
5.839999999999999858e+01 -2.703852262000000156e-05
5.842499999999999716e+01 -2.763632948999999919e-05
5.845000000000000284e+01 -2.760470312999999945e-05
5.847500000000000142e+01 -2.748128150000000002e-05
5.850000000000000000e+01 -2.775562826000000115e-05
5.852499999999999858e+01 -2.759974023000000151e-05
5.854999999999999716e+01 -2.773822588000000137e-05
5.857500000000000284e+01 -2.797895723999999917e-05
5.860000000000000142e+01 -2.812662967000000046e-05
5.862500000000000000e+01 -2.836195092000000121e-05
5.864999999999999858e+01 -2.816982731000000108e-05
5.867499999999999716e+01 -2.826547928999999988e-05
5.870000000000000284e+01 -2.869816579999999955e-05
5.872500000000000142e+01 -2.880586063000000117e-05
5.875000000000000000e+01 -2.889310575000000029e-05
5.877499999999999858e+01 -2.903933060999999981e-05
5.879999999999999716e+01 -2.906151843000000134e-05
5.882500000000000284e+01 -2.949518427999999983e-05
5.885000000000000142e+01 -2.945875889999999948e-05
5.887500000000000000e+01 -2.974181202999999938e-05
5.889999999999999858e+01 -2.978720506000000101e-05
5.892499999999999716e+01 -2.993847658999999889e-05
5.895000000000000284e+01 -2.989405900999999997e-05
5.897500000000000142e+01 -2.990108182000000129e-05
5.900000000000000000e+01 -3.028033433999999921e-05
5.902499999999999858e+01 -3.035808822999999979e-05
5.904999999999999716e+01 -3.026738059999999918e-05
5.907500000000000284e+01 -3.058748075000000048e-05
5.910000000000000142e+01 -3.100753176999999900e-05
5.912500000000000000e+01 -3.090604321999999903e-05
5.914999999999999858e+01 -3.120826304999999858e-05
5.917499999999999716e+01 -3.143915703000000066e-05
5.920000000000000284e+01 -3.157143168999999682e-05
5.922500000000000142e+01 -3.159232397000000193e-05
5.925000000000000000e+01 -3.176155226000000186e-05
5.927499999999999858e+01 -3.189973969000000031e-05
5.929999999999999716e+01 -3.205185123000000257e-05
5.932500000000000284e+01 -3.234811592999999779e-05
5.935000000000000142e+01 -3.253430491000000314e-05
5.937500000000000000e+01 -3.260880381000000284e-05
5.939999999999999858e+01 -3.301521434999999749e-05
5.942499999999999716e+01 -3.290290891000000257e-05
5.945000000000000284e+01 -3.326079609999999908e-05
5.947500000000000142e+01 -3.311855236999999727e-05
5.950000000000000000e+01 -3.341737239999999942e-05
5.952499999999999858e+01 -3.337449160000000210e-05
5.954999999999999716e+01 -3.363227556999999826e-05
5.957500000000000284e+01 -3.386471953000000070e-05
5.960000000000000142e+01 -3.392131676999999705e-05
5.962500000000000000e+01 -3.459660604999999895e-05
5.964999999999999858e+01 -3.450390538999999700e-05
5.967499999999999716e+01 -3.467611767000000324e-05
5.970000000000000284e+01 -3.473574611000000077e-05
5.972500000000000142e+01 -3.469491815999999859e-05
5.975000000000000000e+01 -3.516671366999999721e-05
5.977499999999999858e+01 -3.519626444999999750e-05
5.979999999999999716e+01 -3.543204746999999936e-05
5.982500000000000284e+01 -3.567765985000000215e-05
5.985000000000000142e+01 -3.584828901000000005e-05
5.987500000000000000e+01 -3.576423325000000153e-05
5.989999999999999858e+01 -3.616394818000000271e-05
5.992499999999999716e+01 -3.624433995000000155e-05
5.995000000000000284e+01 -3.630161416999999683e-05
5.997500000000000142e+01 -3.661856724999999741e-05
6.000000000000000000e+01 -3.669286718999999875e-05
6.002499999999999858e+01 -3.690420347999999803e-05
6.004999999999999716e+01 -3.728465468000000143e-05
6.007500000000000284e+01 -3.751806572999999743e-05
6.010000000000000142e+01 -3.772504912999999723e-05
6.012500000000000000e+01 -3.753039799999999683e-05
6.014999999999999858e+01 -3.798468829000000124e-05
6.017499999999999716e+01 -3.801642476999999979e-05
6.020000000000000284e+01 -3.844353323000000179e-05
6.022500000000000142e+01 -3.847326659999999971e-05
6.025000000000000000e+01 -3.847336129000000163e-05
6.027499999999999858e+01 -3.886770831999999688e-05
6.029999999999999716e+01 -3.891750120000000063e-05
6.032500000000000284e+01 -3.922958553000000111e-05
6.035000000000000142e+01 -3.938422373999999823e-05
6.037500000000000000e+01 -3.954747488999999720e-05
6.039999999999999858e+01 -3.970644640999999858e-05
6.042499999999999716e+01 -4.016162751000000022e-05
6.045000000000000284e+01 -4.030410524000000214e-05
6.047500000000000142e+01 -4.048640872999999843e-05
6.050000000000000000e+01 -4.066017853000000146e-05
6.052499999999999858e+01 -4.069246015000000180e-05
6.054999999999999716e+01 -4.099151483999999925e-05
6.057500000000000284e+01 -4.113357490000000205e-05
6.060000000000000142e+01 -4.162706046999999906e-05
6.062500000000000000e+01 -4.156454266000000176e-05
6.064999999999999858e+01 -4.162028723000000245e-05
6.067499999999999716e+01 -4.155007644999999703e-05
6.070000000000000284e+01 -4.244878834999999697e-05
6.072500000000000142e+01 -4.248468481999999872e-05
6.075000000000000000e+01 -4.283138978999999748e-05
6.077499999999999858e+01 -4.281642483000000022e-05
6.079999999999999716e+01 -4.300244236999999862e-05
6.082500000000000284e+01 -4.316075843999999935e-05
6.085000000000000142e+01 -4.347095196000000042e-05
6.087500000000000000e+01 -4.369251751999999971e-05
6.089999999999999858e+01 -4.431363537000000143e-05
6.092499999999999716e+01 -4.436121665999999706e-05
6.095000000000000284e+01 -4.439516612000000306e-05
6.097500000000000142e+01 -4.479132251000000062e-05
6.100000000000000000e+01 -4.487069812999999947e-05
6.102499999999999858e+01 -4.599159213000000114e-05
6.104999999999999716e+01 -4.534070385000000132e-05
6.107500000000000284e+01 -4.541109502999999875e-05
6.110000000000000142e+01 -4.612894146000000236e-05
6.112500000000000000e+01 -4.565488604999999974e-05
6.114999999999999858e+01 -4.650786695000000301e-05
6.117499999999999716e+01 -4.638762113999999784e-05
6.120000000000000284e+01 -4.665745300000000324e-05
6.122500000000000142e+01 -4.692116429000000048e-05
6.125000000000000000e+01 -4.675718395000000061e-05
6.127499999999999858e+01 -4.787621112000000218e-05
6.129999999999999716e+01 -4.760036824999999726e-05
6.132500000000000284e+01 -4.753212119999999913e-05
6.135000000000000142e+01 -4.827743968000000125e-05
6.137500000000000000e+01 -4.821325292000000083e-05
6.139999999999999858e+01 -4.821169187000000161e-05
6.142499999999999716e+01 -4.879647271999999704e-05
6.145000000000000284e+01 -4.917141420000000309e-05
6.147500000000000142e+01 -4.937942431999999698e-05
6.150000000000000000e+01 -4.924842909000000211e-05
6.152499999999999858e+01 -4.982487356999999755e-05
6.154999999999999716e+01 -4.977382074999999947e-05
6.157500000000000284e+01 -5.074423843000000099e-05
6.160000000000000142e+01 -5.013528250000000308e-05
6.162500000000000000e+01 -5.151109331999999746e-05
6.164999999999999858e+01 -5.125204172000000300e-05
6.167499999999999716e+01 -5.103998214000000092e-05
6.170000000000000284e+01 -5.153384821999999863e-05
6.172500000000000142e+01 -5.206730548000000077e-05
6.175000000000000000e+01 -5.186562618999999806e-05
6.177499999999999858e+01 -5.282281210999999942e-05
6.179999999999999716e+01 -5.298122968000000115e-05
6.182500000000000284e+01 -5.321234662000000055e-05
6.185000000000000142e+01 -5.288102912000000133e-05
6.187500000000000000e+01 -5.349750931000000332e-05
6.189999999999999858e+01 -5.374684700999999681e-05
6.192499999999999716e+01 -5.414887219000000273e-05
6.195000000000000284e+01 -5.424341392999999925e-05
6.197500000000000142e+01 -5.460983010999999695e-05
6.200000000000000000e+01 -5.482544485999999741e-05
6.202499999999999858e+01 -5.532358885000000255e-05
6.204999999999999716e+01 -5.538343851999999728e-05
6.207500000000000284e+01 -5.542317009999999771e-05
6.210000000000000142e+01 -5.559741600999999755e-05
6.212500000000000000e+01 -5.669192336000000184e-05
6.214999999999999858e+01 -5.641859452999999997e-05
6.217499999999999716e+01 -5.688381766000000087e-05
6.220000000000000284e+01 -5.672343979000000282e-05
6.222500000000000142e+01 -5.764386394999999782e-05
6.225000000000000000e+01 -5.728025634999999799e-05
6.227499999999999858e+01 -5.778542573999999966e-05
6.229999999999999716e+01 -5.833347493999999908e-05
6.232500000000000284e+01 -5.851708036000000161e-05
6.235000000000000142e+01 -5.830359200000000006e-05
6.237500000000000000e+01 -5.908346903999999887e-05
6.239999999999999858e+01 -5.916882474999999772e-05
6.242499999999999716e+01 -5.993540865000000285e-05
6.245000000000000284e+01 -5.955964173000000101e-05
6.247500000000000142e+01 -6.026446978999999693e-05
6.250000000000000000e+01 -6.046906721000000294e-05
6.252499999999999858e+01 -6.093442862999999960e-05
6.254999999999999716e+01 -6.126646459999999812e-05
6.257500000000000284e+01 -6.083971502000000029e-05
6.260000000000000142e+01 -6.178506020000000629e-05
6.262500000000000000e+01 -6.222918367000000240e-05
6.264999999999999858e+01 -6.229967023000000659e-05
6.267499999999999716e+01 -6.248585007999999936e-05
6.270000000000000284e+01 -6.362169888999999684e-05
6.272500000000000142e+01 -6.356009710000000499e-05
6.275000000000000000e+01 -6.326053146000000548e-05
6.277499999999999858e+01 -6.371364239000000421e-05
6.279999999999999716e+01 -6.434732341999999528e-05
6.282500000000000284e+01 -6.441914609999999867e-05
6.285000000000000142e+01 -6.496773264999999766e-05
6.287500000000000000e+01 -6.487363207000000479e-05
6.289999999999999858e+01 -6.530758975000000501e-05
6.292499999999999716e+01 -6.569508925999999931e-05
6.295000000000000284e+01 -6.616867436999999464e-05
6.297500000000000142e+01 -6.665191181000000413e-05
6.300000000000000000e+01 -6.641137079999999654e-05
6.302499999999999858e+01 -6.726332503999999789e-05
6.304999999999999716e+01 -6.749675929999999656e-05
6.307500000000000284e+01 -6.755582708000000037e-05
6.310000000000000142e+01 -6.801764572999999790e-05
6.312500000000000000e+01 -6.859652626000000634e-05
6.314999999999999858e+01 -6.881676026000000095e-05
6.317499999999999716e+01 -6.873718745999999962e-05
6.320000000000000284e+01 -6.955648531000000086e-05
6.322500000000000142e+01 -7.044699851999999709e-05
6.325000000000000000e+01 -6.979102545000000039e-05
6.327499999999999858e+01 -7.085811912000000170e-05
6.329999999999999716e+01 -7.105873421999999362e-05
6.332500000000000284e+01 -7.144336112000000574e-05
6.335000000000000142e+01 -7.177550081999999661e-05
6.337500000000000000e+01 -7.270178143999999612e-05
6.339999999999999858e+01 -7.252537888999999627e-05
6.342499999999999716e+01 -7.295984407000000150e-05
6.345000000000000284e+01 -7.348245465000000629e-05
6.347500000000000142e+01 -7.374802626999999572e-05
6.350000000000000000e+01 -7.358275359000000088e-05
6.352499999999999858e+01 -7.423928483999999415e-05
6.354999999999999716e+01 -7.575316656999999884e-05
6.357500000000000284e+01 -7.495588551000000532e-05
6.360000000000000142e+01 -7.526536461999999684e-05
6.362500000000000000e+01 -7.573222410999999338e-05
6.364999999999999858e+01 -7.629157743000000626e-05
6.367499999999999716e+01 -7.649070267000000669e-05
6.370000000000000284e+01 -7.702989214000000159e-05
6.372500000000000142e+01 -7.703601096999999963e-05
6.375000000000000000e+01 -7.777463316000000665e-05
6.377499999999999858e+01 -7.827893445000000221e-05
6.379999999999999716e+01 -7.902770133000000270e-05
6.382500000000000284e+01 -7.892320723999999850e-05
6.385000000000000142e+01 -8.003935353000000378e-05
6.387500000000000000e+01 -7.979281804999999780e-05
6.389999999999999858e+01 -8.069201223000000485e-05
6.392499999999999716e+01 -8.024438364000000283e-05
6.395000000000000284e+01 -8.095551665999999329e-05
6.397500000000000142e+01 -8.155349692000000430e-05
6.400000000000000000e+01 -8.174089078000000119e-05
6.402500000000000568e+01 -8.209273054999999676e-05
6.404999999999999716e+01 -8.313620162000000409e-05
6.407500000000000284e+01 -8.344680174000000542e-05
6.409999999999999432e+01 -8.340220741999999768e-05
6.412500000000000000e+01 -8.415933909999999732e-05
6.415000000000000568e+01 -8.416473539999999955e-05
6.417499999999999716e+01 -8.462861662000000461e-05
6.420000000000000284e+01 -8.493433232000000639e-05
6.422499999999999432e+01 -8.623558193000000014e-05
6.425000000000000000e+01 -8.626566832999999987e-05
6.427500000000000568e+01 -8.662596873999999327e-05
6.429999999999999716e+01 -8.685644014999999412e-05
6.432500000000000284e+01 -8.718440752000000183e-05
6.434999999999999432e+01 -8.750096336999999697e-05
6.437500000000000000e+01 -8.869955097999999993e-05
6.440000000000000568e+01 -8.885114005000000576e-05
6.442499999999999716e+01 -8.967998572000000182e-05
6.445000000000000284e+01 -8.956494668000000107e-05
6.447499999999999432e+01 -9.035467496999999954e-05
6.450000000000000000e+01 -9.065556271999999677e-05
6.452500000000000568e+01 -9.062017522000000473e-05
6.454999999999999716e+01 -9.155731386000000587e-05
6.457500000000000284e+01 -9.220870316000000244e-05
6.459999999999999432e+01 -9.229032784000000577e-05
6.462500000000000000e+01 -9.317498428999999600e-05
6.465000000000000568e+01 -9.368157467999999814e-05
6.467499999999999716e+01 -9.378350141999999628e-05
6.470000000000000284e+01 -9.511604164000000321e-05
6.472499999999999432e+01 -9.462442640999999552e-05
6.475000000000000000e+01 -9.540490140999999757e-05
6.477500000000000568e+01 -9.585269297000000271e-05
6.479999999999999716e+01 -9.656005082999999617e-05
6.482500000000000284e+01 -9.666509620000000283e-05
6.484999999999999432e+01 -9.653308413999999956e-05
6.487500000000000000e+01 -9.819047728999999653e-05
6.490000000000000568e+01 -9.869925625999999383e-05
6.492499999999999716e+01 -9.821610659999999572e-05
6.495000000000000284e+01 -9.939340865000000351e-05
6.497499999999999432e+01 -9.984808246000000662e-05
6.500000000000000000e+01 -1.007035512999999966e-04
6.502500000000000568e+01 -1.003357316000000034e-04
6.504999999999999716e+01 -1.010635244000000044e-04
6.507500000000000284e+01 -1.021488667000000020e-04
6.509999999999999432e+01 -1.022601288999999946e-04
6.512500000000000000e+01 -1.025231749999999995e-04
6.515000000000000568e+01 -1.036403015000000053e-04
6.517499999999999716e+01 -1.035576711000000052e-04
6.520000000000000284e+01 -1.044110703999999982e-04
6.522499999999999432e+01 -1.046597566999999979e-04
6.525000000000000000e+01 -1.056399491999999952e-04
6.527500000000000568e+01 -1.056683365999999940e-04
6.529999999999999716e+01 -1.065110906000000065e-04
6.532500000000000284e+01 -1.070641420999999968e-04
6.534999999999999432e+01 -1.070938240000000001e-04
6.537500000000000000e+01 -1.077389725999999994e-04
6.540000000000000568e+01 -1.090547541000000040e-04
6.542499999999999716e+01 -1.090268447999999976e-04
6.545000000000000284e+01 -1.097919246000000036e-04
6.547499999999999432e+01 -1.101548877999999952e-04
6.550000000000000000e+01 -1.109700222000000065e-04
6.552500000000000568e+01 -1.130953892000000012e-04
6.554999999999999716e+01 -1.121444070000000024e-04
6.557500000000000284e+01 -1.126042693000000054e-04
6.559999999999999432e+01 -1.134375840999999940e-04
6.562500000000000000e+01 -1.134496156000000029e-04
6.565000000000000568e+01 -1.144046069999999981e-04
6.567499999999999716e+01 -1.153605017000000052e-04
6.570000000000000284e+01 -1.155727791000000067e-04
6.572499999999999432e+01 -1.156695271000000066e-04
6.575000000000000000e+01 -1.172936612000000014e-04
6.577500000000000568e+01 -1.170305856000000060e-04
6.579999999999999716e+01 -1.183836749999999944e-04
6.582500000000000284e+01 -1.181699301999999935e-04
6.584999999999999432e+01 -1.191176049999999998e-04
6.587500000000000000e+01 -1.200359947000000056e-04
6.590000000000000568e+01 -1.203303157000000046e-04
6.592499999999999716e+01 -1.205954123000000018e-04
6.595000000000000284e+01 -1.219702624999999941e-04
6.597499999999999432e+01 -1.221428722999999973e-04
6.600000000000000000e+01 -1.220091967000000010e-04
6.602500000000000568e+01 -1.234237559999999884e-04
6.604999999999999716e+01 -1.247537835000000030e-04
6.607500000000000284e+01 -1.243053531999999920e-04
6.609999999999999432e+01 -1.255096086000000069e-04
6.612500000000000000e+01 -1.257558512999999939e-04
6.615000000000000568e+01 -1.264468864000000054e-04
6.617499999999999716e+01 -1.278774718999999883e-04
6.620000000000000284e+01 -1.284505490000000070e-04
6.622499999999999432e+01 -1.288548145999999996e-04
6.625000000000000000e+01 -1.294259809999999985e-04
6.627500000000000568e+01 -1.305407946999999867e-04
6.629999999999999716e+01 -1.301890866999999997e-04
6.632500000000000284e+01 -1.317782331000000068e-04
6.634999999999999432e+01 -1.320242111000000107e-04
6.637500000000000000e+01 -1.335931029000000101e-04
6.640000000000000568e+01 -1.332052425999999943e-04
6.642499999999999716e+01 -1.334685788999999889e-04
6.645000000000000284e+01 -1.339994789999999992e-04
6.647499999999999432e+01 -1.354895227999999906e-04
6.650000000000000000e+01 -1.364390168000000026e-04
6.652500000000000568e+01 -1.366021954999999957e-04
6.654999999999999716e+01 -1.390399472000000019e-04
6.657500000000000284e+01 -1.382219572999999894e-04
6.659999999999999432e+01 -1.388434097999999902e-04
6.662500000000000000e+01 -1.407245297999999895e-04
6.665000000000000568e+01 -1.409627013999999938e-04
6.667499999999999716e+01 -1.416395017000000021e-04
6.670000000000000284e+01 -1.415715895000000063e-04
6.672499999999999432e+01 -1.422567947000000080e-04
6.675000000000000000e+01 -1.429312253999999926e-04
6.677500000000000568e+01 -1.437351405000000131e-04
6.679999999999999716e+01 -1.445671975000000105e-04
6.682500000000000284e+01 -1.439208183999999950e-04
6.684999999999999432e+01 -1.464635914999999915e-04
6.687500000000000000e+01 -1.469883630000000092e-04
6.690000000000000568e+01 -1.473556138000000043e-04
6.692499999999999716e+01 -1.485081475000000020e-04
6.695000000000000284e+01 -1.486232237000000012e-04
6.697499999999999432e+01 -1.501381816000000029e-04
6.700000000000000000e+01 -1.506837930000000099e-04
6.702500000000000568e+01 -1.513317915000000002e-04
6.704999999999999716e+01 -1.526409849999999966e-04
6.707500000000000284e+01 -1.529995554999999928e-04
6.709999999999999432e+01 -1.534595217000000089e-04
6.712500000000000000e+01 -1.540199430000000033e-04
6.715000000000000568e+01 -1.553744164999999961e-04
6.717499999999999716e+01 -1.556347471000000095e-04
6.720000000000000284e+01 -1.570319705999999977e-04
6.722499999999999432e+01 -1.577372408000000004e-04
6.725000000000000000e+01 -1.583981219999999973e-04
6.727500000000000568e+01 -1.592038263000000080e-04
6.729999999999999716e+01 -1.598521246000000093e-04
6.732500000000000284e+01 -1.610800224999999874e-04
6.734999999999999432e+01 -1.615947396999999942e-04
6.737500000000000000e+01 -1.622726629000000097e-04
6.740000000000000568e+01 -1.629498351999999952e-04
6.742499999999999716e+01 -1.635644661000000078e-04
6.745000000000000284e+01 -1.665354922000000131e-04
6.747499999999999432e+01 -1.669429438999999924e-04
6.750000000000000000e+01 -1.671514350999999874e-04
6.752500000000000568e+01 -1.676184996000000082e-04
6.754999999999999716e+01 -1.681903959999999905e-04
6.757500000000000284e+01 -1.701784809999999984e-04
6.759999999999999432e+01 -1.704596778999999986e-04
6.762500000000000000e+01 -1.715263166999999895e-04
6.765000000000000568e+01 -1.726404320999999869e-04
6.767499999999999716e+01 -1.730092357000000006e-04
6.770000000000000284e+01 -1.736811871000000095e-04
6.772499999999999432e+01 -1.743498176999999899e-04
6.775000000000000000e+01 -1.757806625000000100e-04
6.777500000000000568e+01 -1.771413254000000126e-04
6.779999999999999716e+01 -1.771107886999999934e-04
6.782500000000000284e+01 -1.789860975000000004e-04
6.784999999999999432e+01 -1.787581259000000050e-04
6.787500000000000000e+01 -1.803286322000000042e-04
6.790000000000000568e+01 -1.813682775000000048e-04
6.792499999999999716e+01 -1.825805411999999932e-04
6.795000000000000284e+01 -1.820018404999999969e-04
6.797499999999999432e+01 -1.838887988999999992e-04
6.800000000000000000e+01 -1.851528454999999880e-04
6.802500000000000568e+01 -1.848350708000000059e-04
6.804999999999999716e+01 -1.868769498000000067e-04
6.807500000000000284e+01 -1.886398852999999966e-04
6.809999999999999432e+01 -1.891534389999999905e-04
6.812500000000000000e+01 -1.904681021999999886e-04
6.815000000000000568e+01 -1.911284477000000010e-04
6.817499999999999716e+01 -1.923447323999999956e-04
6.820000000000000284e+01 -1.919135419999999930e-04
6.822499999999999432e+01 -1.939071717000000010e-04
6.825000000000000000e+01 -1.941265295000000029e-04
6.827500000000000568e+01 -1.959840104999999979e-04
6.829999999999999716e+01 -1.973451875999999896e-04
6.832500000000000284e+01 -1.964804884999999887e-04
6.834999999999999432e+01 -1.988850851000000084e-04
6.837500000000000000e+01 -2.000257750999999949e-04
6.840000000000000568e+01 -2.007979818000000052e-04
6.842499999999999716e+01 -2.021588185000000072e-04
6.845000000000000284e+01 -2.031256219999999990e-04
6.847499999999999432e+01 -2.047961340999999936e-04
6.850000000000000000e+01 -2.060181113000000104e-04
6.852500000000000568e+01 -2.064872180000000134e-04
6.854999999999999716e+01 -2.088944822000000044e-04
6.857500000000000284e+01 -2.074801186000000048e-04
6.859999999999999432e+01 -2.096655650000000116e-04
6.862500000000000000e+01 -2.100480906000000013e-04
6.865000000000000568e+01 -2.115832797000000013e-04
6.867499999999999716e+01 -2.127503398000000080e-04
6.870000000000000284e+01 -2.131285896999999955e-04
6.872499999999999432e+01 -2.147777673999999983e-04
6.875000000000000000e+01 -2.154891511999999993e-04
6.877500000000000568e+01 -2.163854296000000059e-04
6.879999999999999716e+01 -2.180148756999999982e-04
6.882500000000000284e+01 -2.191550484000000026e-04
6.884999999999999432e+01 -2.189212535000000035e-04
6.887500000000000000e+01 -2.217051833000000080e-04
6.890000000000000568e+01 -2.235710470999999980e-04
6.892499999999999716e+01 -2.242518680999999975e-04
6.895000000000000284e+01 -2.245597459999999898e-04
6.897499999999999432e+01 -2.256749041000000058e-04
6.900000000000000000e+01 -2.272656497000000034e-04
6.902500000000000568e+01 -2.273931975999999981e-04
6.904999999999999716e+01 -2.292209464000000119e-04
6.907500000000000284e+01 -2.287878772999999972e-04
6.909999999999999432e+01 -2.329005358000000127e-04
6.912500000000000000e+01 -2.319060167999999883e-04
6.915000000000000568e+01 -2.346628114999999937e-04
6.917499999999999716e+01 -2.354752340000000046e-04
6.920000000000000284e+01 -2.362945112000000125e-04
6.922499999999999432e+01 -2.386841732999999950e-04
6.925000000000000000e+01 -2.394663480999999975e-04
6.927500000000000568e+01 -2.409402252000000127e-04
6.929999999999999716e+01 -2.411668690999999899e-04
6.932500000000000284e+01 -2.419982306000000017e-04
6.934999999999999432e+01 -2.439292597999999964e-04
6.937500000000000000e+01 -2.452361162999999798e-04
6.940000000000000568e+01 -2.468423306000000050e-04
6.942499999999999716e+01 -2.483859126999999971e-04
6.945000000000000284e+01 -2.489630492000000257e-04
6.947499999999999432e+01 -2.514311567999999984e-04
6.950000000000000000e+01 -2.525665086000000270e-04
6.952500000000000568e+01 -2.537387798999999841e-04
6.954999999999999716e+01 -2.537214192999999863e-04
6.957500000000000284e+01 -2.548899063000000052e-04
6.959999999999999432e+01 -2.559212005999999813e-04
6.962500000000000000e+01 -2.590924661000000052e-04
6.965000000000000568e+01 -2.590544631000000152e-04
6.967499999999999716e+01 -2.617590536999999848e-04
6.970000000000000284e+01 -2.607029338000000241e-04
6.972499999999999432e+01 -2.630604924000000248e-04
6.975000000000000000e+01 -2.645781453000000186e-04
6.977500000000000568e+01 -2.684876896000000209e-04
6.979999999999999716e+01 -2.686902360000000098e-04
6.982500000000000284e+01 -2.668279191000000176e-04
6.984999999999999432e+01 -2.706120267000000027e-04
6.987500000000000000e+01 -2.725695828000000037e-04
6.990000000000000568e+01 -2.722780666000000215e-04
6.992499999999999716e+01 -2.757203003999999830e-04
6.995000000000000284e+01 -2.750094060999999776e-04
6.997499999999999432e+01 -2.782027190000000176e-04
7.000000000000000000e+01 -2.778004906999999779e-04
7.002500000000000568e+01 -2.805504406000000226e-04
7.004999999999999716e+01 -2.814789128000000189e-04
7.007500000000000284e+01 -2.835463005999999957e-04
7.009999999999999432e+01 -2.854144487999999867e-04
7.012500000000000000e+01 -2.851489536000000047e-04
7.015000000000000568e+01 -2.878118071999999968e-04
7.017499999999999716e+01 -2.900678109999999844e-04
7.020000000000000284e+01 -2.899613337999999946e-04
7.022499999999999432e+01 -2.918109523000000189e-04
7.025000000000000000e+01 -2.951421785999999974e-04
7.027500000000000568e+01 -2.950798975999999814e-04
7.029999999999999716e+01 -2.964586992000000222e-04
7.032500000000000284e+01 -2.975014064000000070e-04
7.034999999999999432e+01 -2.993737576000000088e-04
7.037500000000000000e+01 -3.014970886999999988e-04
7.040000000000000568e+01 -3.038931991999999863e-04
7.042499999999999716e+01 -3.041065837999999927e-04
7.045000000000000284e+01 -3.065384734999999764e-04
7.047499999999999432e+01 -3.076021196999999935e-04
7.050000000000000000e+01 -3.092096886000000053e-04
7.052500000000000568e+01 -3.106893181000000147e-04
7.054999999999999716e+01 -3.131501460999999860e-04
7.057500000000000284e+01 -3.137870552000000032e-04
7.059999999999999432e+01 -3.161580175000000157e-04
7.062500000000000000e+01 -3.179977356000000051e-04
7.065000000000000568e+01 -3.189436825999999872e-04
7.067499999999999716e+01 -3.193974407999999811e-04
7.070000000000000284e+01 -3.223121450000000169e-04
7.072499999999999432e+01 -3.233975575999999802e-04
7.075000000000000000e+01 -3.247358382000000094e-04
7.077500000000000568e+01 -3.266734839999999983e-04
7.079999999999999716e+01 -3.275804023000000124e-04
7.082500000000000284e+01 -3.300449442000000190e-04
7.084999999999999432e+01 -3.313708792000000149e-04
7.087500000000000000e+01 -3.333197315000000025e-04
7.090000000000000568e+01 -3.356816502999999930e-04
7.092499999999999716e+01 -3.375672842000000022e-04
7.095000000000000284e+01 -3.387592692999999975e-04
7.097499999999999432e+01 -3.410826609999999997e-04
7.100000000000000000e+01 -3.451410907999999866e-04
7.102500000000000568e+01 -3.453517311000000190e-04
7.104999999999999716e+01 -3.482157601999999810e-04
7.107500000000000284e+01 -3.482183523999999881e-04
7.109999999999999432e+01 -3.498023860999999765e-04
7.112500000000000000e+01 -3.506027763999999976e-04
7.115000000000000568e+01 -3.526867102999999741e-04
7.117499999999999716e+01 -3.573072362999999796e-04
7.120000000000000284e+01 -3.576857381999999901e-04
7.122499999999999432e+01 -3.590288975999999751e-04
7.125000000000000000e+01 -3.607729459999999954e-04
7.127500000000000568e+01 -3.641357811000000243e-04
7.129999999999999716e+01 -3.655535923000000228e-04
7.132500000000000284e+01 -3.639315639000000003e-04
7.134999999999999432e+01 -3.690732822000000030e-04
7.137500000000000000e+01 -3.719766441999999753e-04
7.140000000000000568e+01 -3.716432548999999848e-04
7.142499999999999716e+01 -3.745194989999999814e-04
7.145000000000000284e+01 -3.750868182000000007e-04
7.147499999999999432e+01 -3.779005607999999950e-04
7.150000000000000000e+01 -3.776200078000000186e-04
7.152500000000000568e+01 -3.810475230999999744e-04
7.154999999999999716e+01 -3.826839592999999864e-04
7.157500000000000284e+01 -3.872571740999999966e-04
7.159999999999999432e+01 -3.871659415999999807e-04
7.162500000000000000e+01 -3.902075201000000139e-04
7.165000000000000568e+01 -3.922285385999999940e-04
7.167499999999999716e+01 -3.941392256999999783e-04
7.170000000000000284e+01 -3.957142151000000128e-04
7.172499999999999432e+01 -3.963115476000000068e-04
7.175000000000000000e+01 -3.994594384999999945e-04
7.177500000000000568e+01 -4.007197512999999787e-04
7.179999999999999716e+01 -4.035698765000000194e-04
7.182500000000000284e+01 -4.078279101999999893e-04
7.184999999999999432e+01 -4.076864526999999768e-04
7.187500000000000000e+01 -4.126291290999999735e-04
7.190000000000000568e+01 -4.141912086999999958e-04
7.192499999999999716e+01 -4.175846788999999976e-04
7.195000000000000284e+01 -4.168050052999999863e-04
7.197499999999999432e+01 -4.193279298000000062e-04
7.200000000000000000e+01 -4.208477492000000167e-04
7.202500000000000568e+01 -4.221605566999999922e-04
7.204999999999999716e+01 -4.251124354000000217e-04
7.207500000000000284e+01 -4.267133004000000195e-04
7.209999999999999432e+01 -4.323153596999999935e-04
7.212500000000000000e+01 -4.348292018999999945e-04
7.215000000000000568e+01 -4.328950171999999775e-04
7.217499999999999716e+01 -4.354456235999999963e-04
7.220000000000000284e+01 -4.387255140999999823e-04
7.222499999999999432e+01 -4.428513410000000121e-04
7.225000000000000000e+01 -4.446829826000000185e-04
7.227500000000000568e+01 -4.445465183999999922e-04
7.229999999999999716e+01 -4.485767345999999798e-04
7.232500000000000284e+01 -4.504715568999999959e-04
7.234999999999999432e+01 -4.525085383000000184e-04
7.237500000000000000e+01 -4.560165572000000130e-04
7.240000000000000568e+01 -4.584382225999999875e-04
7.242499999999999716e+01 -4.606453001000000041e-04
7.245000000000000284e+01 -4.641999624000000169e-04
7.247499999999999432e+01 -4.662093578999999821e-04
7.250000000000000000e+01 -4.689187485000000165e-04
7.252500000000000568e+01 -4.741243587000000168e-04
7.254999999999999716e+01 -4.741780938999999844e-04
7.257500000000000284e+01 -4.730021736000000255e-04
7.259999999999999432e+01 -4.726486575999999987e-04
7.262500000000000000e+01 -4.775308449999999746e-04
7.265000000000000568e+01 -4.824532964000000134e-04
7.267499999999999716e+01 -4.832919644999999998e-04
7.270000000000000284e+01 -4.868856099999999999e-04
7.272499999999999432e+01 -4.894064817000000475e-04
7.275000000000000000e+01 -4.927410863999999923e-04
7.277500000000000568e+01 -4.950113625000000231e-04
7.279999999999999716e+01 -4.965701629999999967e-04
7.282500000000000284e+01 -5.006715657000000317e-04
7.284999999999999432e+01 -5.007989268000000247e-04
7.287500000000000000e+01 -5.043125503000000457e-04
7.290000000000000568e+01 -5.072718483000000170e-04
7.292499999999999716e+01 -5.099527650000000188e-04
7.295000000000000284e+01 -5.115945482000000240e-04
7.297499999999999432e+01 -5.180028853999999990e-04
7.300000000000000000e+01 -5.182883264999999916e-04
7.302500000000000568e+01 -5.214496196999999751e-04
7.304999999999999716e+01 -5.241390591000000309e-04
7.307500000000000284e+01 -5.288763779999999630e-04
7.309999999999999432e+01 -5.326184981000000500e-04
7.312500000000000000e+01 -5.334278465000000333e-04
7.315000000000000568e+01 -5.349078329999999715e-04
7.317499999999999716e+01 -5.361504271000000011e-04
7.320000000000000284e+01 -5.397837130000000296e-04
7.322499999999999432e+01 -5.440531172999999712e-04
7.325000000000000000e+01 -5.494779267999999562e-04
7.327500000000000568e+01 -5.490853494999999506e-04
7.329999999999999716e+01 -5.537893840000000442e-04
7.332500000000000284e+01 -5.553837159999999631e-04
7.334999999999999432e+01 -5.553059935000000114e-04
7.337500000000000000e+01 -5.626019795000000191e-04
7.340000000000000568e+01 -5.652456658999999899e-04
7.342499999999999716e+01 -5.637583129999999745e-04
7.345000000000000284e+01 -5.714392497000000178e-04
7.347499999999999432e+01 -5.722890763999999558e-04
7.350000000000000000e+01 -5.769026649999999586e-04
7.352500000000000568e+01 -5.776836022999999728e-04
7.354999999999999716e+01 -5.811089054999999531e-04
7.357500000000000284e+01 -5.844900090999999515e-04
7.359999999999999432e+01 -5.846044968999999491e-04
7.362500000000000000e+01 -5.899162710000000094e-04
7.365000000000000568e+01 -5.933011991999999910e-04
7.367499999999999716e+01 -5.947164050000000243e-04
7.370000000000000284e+01 -5.998112265999999476e-04
7.372499999999999432e+01 -6.046792968000000521e-04
7.375000000000000000e+01 -6.044010754000000074e-04
7.377500000000000568e+01 -6.072825617999999710e-04
7.379999999999999716e+01 -6.134093881000000350e-04
7.382500000000000284e+01 -6.169990452000000125e-04
7.384999999999999432e+01 -6.202623021999999469e-04
7.387500000000000000e+01 -6.239172787999999964e-04
7.390000000000000568e+01 -6.262282457000000000e-04
7.392499999999999716e+01 -6.251986900000000482e-04
7.395000000000000284e+01 -6.310482905999999486e-04
7.397499999999999432e+01 -6.311244312999999976e-04
7.400000000000000000e+01 -6.389415016999999784e-04
7.402500000000000568e+01 -6.436534780000000401e-04
7.404999999999999716e+01 -6.447574267000000204e-04
7.407500000000000284e+01 -6.512478163999999925e-04
7.409999999999999432e+01 -6.518861289000000073e-04
7.412500000000000000e+01 -6.544434257999999635e-04
7.415000000000000568e+01 -6.586078108000000203e-04
7.417499999999999716e+01 -6.635619076000000499e-04
7.420000000000000284e+01 -6.638600179999999858e-04
7.422499999999999432e+01 -6.703981407000000458e-04
7.425000000000000000e+01 -6.724180121999999470e-04
7.427500000000000568e+01 -6.744360359000000325e-04
7.429999999999999716e+01 -6.791284515000000190e-04
7.432500000000000284e+01 -6.813576393000000389e-04
7.434999999999999432e+01 -6.862474852000000416e-04
7.437500000000000000e+01 -6.913975118000000118e-04
7.440000000000000568e+01 -6.919309544000000001e-04
7.442499999999999716e+01 -6.969584293999999498e-04
7.445000000000000284e+01 -7.000858347000000126e-04
7.447499999999999432e+01 -7.046140652000000212e-04
7.450000000000000000e+01 -7.048529998999999904e-04
7.452500000000000568e+01 -7.112081137999999797e-04
7.454999999999999716e+01 -7.168998882999999718e-04
7.457500000000000284e+01 -7.172035362999999849e-04
7.459999999999999432e+01 -7.220096083000000168e-04
7.462500000000000000e+01 -7.274313701999999496e-04
7.465000000000000568e+01 -7.306963772000000471e-04
7.467499999999999716e+01 -7.381442422999999822e-04
7.470000000000000284e+01 -7.362329290000000498e-04
7.472499999999999432e+01 -7.449059663999999794e-04
7.475000000000000000e+01 -7.434124345000000427e-04
7.477500000000000568e+01 -7.536064797999999501e-04
7.479999999999999716e+01 -7.516949770000000159e-04
7.482500000000000284e+01 -7.587182567000000377e-04
7.484999999999999432e+01 -7.630168912000000149e-04
7.487500000000000000e+01 -7.649104415000000179e-04
7.490000000000000568e+01 -7.712812635999999724e-04
7.492499999999999716e+01 -7.743142744000000230e-04
7.495000000000000284e+01 -7.787425337000000117e-04
7.497499999999999432e+01 -7.805156385999999918e-04
7.500000000000000000e+01 -7.858781187999999479e-04
7.502500000000000568e+01 -7.931907283999999709e-04
7.504999999999999716e+01 -7.954610686000000491e-04
7.507500000000000284e+01 -7.964598832999999958e-04
7.509999999999999432e+01 -8.064651855000000424e-04
7.512500000000000000e+01 -8.091144648999999993e-04
7.515000000000000568e+01 -8.103213331999999493e-04
7.517499999999999716e+01 -8.185694526000000153e-04
7.520000000000000284e+01 -8.208167361000000013e-04
7.522499999999999432e+01 -8.233478643000000487e-04
7.525000000000000000e+01 -8.285025196000000199e-04
7.527500000000000568e+01 -8.336568356999999804e-04
7.529999999999999716e+01 -8.428579466999999931e-04
7.532500000000000284e+01 -8.417621605000000316e-04
7.534999999999999432e+01 -8.466015743999999975e-04
7.537500000000000000e+01 -8.542484238000000278e-04
7.540000000000000568e+01 -8.516616109000000505e-04
7.542499999999999716e+01 -8.575593765000000474e-04
7.545000000000000284e+01 -8.666324193999999648e-04
7.547499999999999432e+01 -8.676416635000000011e-04
7.550000000000000000e+01 -8.712169560000000441e-04
7.552500000000000568e+01 -8.776869240999999981e-04
7.554999999999999716e+01 -8.808811788000000045e-04
7.557500000000000284e+01 -8.899630490000000381e-04
7.559999999999999432e+01 -8.923609451000000248e-04
7.562500000000000000e+01 -8.965466177999999783e-04
7.565000000000000568e+01 -9.001963540999999985e-04
7.567499999999999716e+01 -9.038234010000000202e-04
7.570000000000000284e+01 -9.107821343999999812e-04
7.572499999999999432e+01 -9.137094304999999767e-04
7.575000000000000000e+01 -9.231495851999999567e-04
7.577500000000000568e+01 -9.231982346999999603e-04
7.579999999999999716e+01 -9.312499499000000082e-04
7.582500000000000284e+01 -9.312528579999999672e-04
7.584999999999999432e+01 -9.374966117000000168e-04
7.587500000000000000e+01 -9.435483490999999924e-04
7.590000000000000568e+01 -9.512539618999999672e-04
7.592499999999999716e+01 -9.542241056000000344e-04
7.595000000000000284e+01 -9.598644154000000395e-04
7.597499999999999432e+01 -9.626171818999999753e-04
7.600000000000000000e+01 -9.693973328999999813e-04
7.602500000000000568e+01 -9.741598248000000494e-04
7.604999999999999716e+01 -9.790231477000001063e-04
7.607500000000000284e+01 -9.823280729000000329e-04
7.609999999999999432e+01 -9.872832426999998950e-04
7.612500000000000000e+01 -9.969585667999999925e-04
7.615000000000000568e+01 -1.000622790999999932e-03
7.617499999999999716e+01 -1.003762710000000039e-03
7.620000000000000284e+01 -1.010183304000000087e-03
7.622499999999999432e+01 -1.021498440999999997e-03
7.625000000000000000e+01 -1.021966993999999952e-03
7.627500000000000568e+01 -1.029663417999999954e-03
7.629999999999999716e+01 -1.037727592000000027e-03
7.632500000000000284e+01 -1.035119498000000105e-03
7.634999999999999432e+01 -1.044770232999999923e-03
7.637500000000000000e+01 -1.047767846000000102e-03
7.640000000000000568e+01 -1.059211590000000034e-03
7.642499999999999716e+01 -1.063287985999999963e-03
7.645000000000000284e+01 -1.065529745000000014e-03
7.647499999999999432e+01 -1.069507669000000069e-03
7.650000000000000000e+01 -1.073274742999999996e-03
7.652500000000000568e+01 -1.077677562999999894e-03
7.654999999999999716e+01 -1.087711806999999914e-03
7.657500000000000284e+01 -1.095484028999999969e-03
7.659999999999999432e+01 -1.103035090999999893e-03
7.662500000000000000e+01 -1.104750041000000099e-03
7.665000000000000568e+01 -1.106899084000000045e-03
7.667499999999999716e+01 -1.118193039000000026e-03
7.670000000000000284e+01 -1.125552520000000023e-03
7.672499999999999432e+01 -1.130273075999999911e-03
7.675000000000000000e+01 -1.135542978000000014e-03
7.677500000000000568e+01 -1.138010156000000090e-03
7.679999999999999716e+01 -1.150885925999999915e-03
7.682500000000000284e+01 -1.159320486999999931e-03
7.684999999999999432e+01 -1.161845490000000102e-03
7.687500000000000000e+01 -1.163061787000000064e-03
7.690000000000000568e+01 -1.170231033999999956e-03
7.692499999999999716e+01 -1.177789944999999960e-03
7.695000000000000284e+01 -1.191901384999999964e-03
7.697499999999999432e+01 -1.191723760000000000e-03
7.700000000000000000e+01 -1.196932514000000058e-03
7.702500000000000568e+01 -1.204227376000000004e-03
7.704999999999999716e+01 -1.204818393000000026e-03
7.707500000000000284e+01 -1.218135913000000002e-03
7.709999999999999432e+01 -1.220250391999999932e-03
7.712500000000000000e+01 -1.229042550000000039e-03
7.715000000000000568e+01 -1.236608610000000099e-03
7.717499999999999716e+01 -1.240627944999999916e-03
7.720000000000000284e+01 -1.256092753999999909e-03
7.722499999999999432e+01 -1.255971673999999949e-03
7.725000000000000000e+01 -1.257984225999999933e-03
7.727500000000000568e+01 -1.272225379000000095e-03
7.729999999999999716e+01 -1.274346597999999981e-03
7.732500000000000284e+01 -1.277287687000000071e-03
7.734999999999999432e+01 -1.288195440999999981e-03
7.737500000000000000e+01 -1.297044128999999936e-03
7.740000000000000568e+01 -1.301133746999999941e-03
7.742499999999999716e+01 -1.311310126999999919e-03
7.745000000000000284e+01 -1.318900478000000062e-03
7.747499999999999432e+01 -1.321939022999999965e-03
7.750000000000000000e+01 -1.329506422000000096e-03
7.752500000000000568e+01 -1.332968049999999930e-03
7.754999999999999716e+01 -1.340272547999999970e-03
7.757500000000000284e+01 -1.353118129000000077e-03
7.759999999999999432e+01 -1.352473563000000005e-03
7.762500000000000000e+01 -1.363662090999999930e-03
7.765000000000000568e+01 -1.367740968999999916e-03
7.767499999999999716e+01 -1.372261316000000092e-03
7.770000000000000284e+01 -1.386497177999999929e-03
7.772499999999999432e+01 -1.388623119000000029e-03
7.775000000000000000e+01 -1.403862554000000033e-03
7.777500000000000568e+01 -1.406707076000000009e-03
7.779999999999999716e+01 -1.418810893000000068e-03
7.782500000000000284e+01 -1.424748460000000100e-03
7.784999999999999432e+01 -1.429869016999999994e-03
7.787500000000000000e+01 -1.440609732999999920e-03
7.790000000000000568e+01 -1.447079359000000070e-03
7.792499999999999716e+01 -1.460334429999999998e-03
7.795000000000000284e+01 -1.456921108999999909e-03
7.797499999999999432e+01 -1.464172310999999971e-03
7.800000000000000000e+01 -1.475816610999999964e-03
7.802500000000000568e+01 -1.489079602999999899e-03
7.804999999999999716e+01 -1.485246120999999912e-03
7.807500000000000284e+01 -1.502110149999999911e-03
7.809999999999999432e+01 -1.509060500999999952e-03
7.812500000000000000e+01 -1.512591691000000037e-03
7.815000000000000568e+01 -1.528850547999999979e-03
7.817499999999999716e+01 -1.529311952000000094e-03
7.820000000000000284e+01 -1.549037485000000084e-03
7.822499999999999432e+01 -1.546988077999999914e-03
7.825000000000000000e+01 -1.555761105999999916e-03
7.827500000000000568e+01 -1.567278452000000002e-03
7.829999999999999716e+01 -1.571454674000000032e-03
7.832500000000000284e+01 -1.583171752000000002e-03
7.834999999999999432e+01 -1.593260202000000049e-03
7.837500000000000000e+01 -1.600695799999999908e-03
7.840000000000000568e+01 -1.612002859000000003e-03
7.842499999999999716e+01 -1.598354510000000095e-03
7.845000000000000284e+01 -1.619320247999999924e-03
7.847499999999999432e+01 -1.633303390999999967e-03
7.850000000000000000e+01 -1.645629879999999969e-03
7.852500000000000568e+01 -1.656114050999999993e-03
7.854999999999999716e+01 -1.659590275000000052e-03
7.857500000000000284e+01 -1.668888307999999952e-03
7.859999999999999432e+01 -1.674431989000000048e-03
7.862500000000000000e+01 -1.686325392999999968e-03
7.865000000000000568e+01 -1.693594253999999941e-03
7.867499999999999716e+01 -1.701180120000000007e-03
7.870000000000000284e+01 -1.709823363999999919e-03
7.872499999999999432e+01 -1.718447449000000057e-03
7.875000000000000000e+01 -1.730139774000000056e-03
7.877500000000000568e+01 -1.739007502000000042e-03
7.879999999999999716e+01 -1.750585537000000054e-03
7.882500000000000284e+01 -1.762895622999999896e-03
7.884999999999999432e+01 -1.762525479000000067e-03
7.887500000000000000e+01 -1.775145341000000047e-03
7.890000000000000568e+01 -1.787477827999999934e-03
7.892499999999999716e+01 -1.797297977999999996e-03
7.895000000000000284e+01 -1.811800031000000005e-03
7.897499999999999432e+01 -1.818521996999999946e-03
7.900000000000000000e+01 -1.829643376999999949e-03
7.902500000000000568e+01 -1.835850924999999972e-03
7.904999999999999716e+01 -1.834822905999999908e-03
7.907500000000000284e+01 -1.846230023000000045e-03
7.909999999999999432e+01 -1.864275016000000026e-03
7.912500000000000000e+01 -1.872827722000000019e-03
7.915000000000000568e+01 -1.886033850999999919e-03
7.917499999999999716e+01 -1.888146027999999940e-03
7.920000000000000284e+01 -1.904374819000000107e-03
7.922499999999999432e+01 -1.918635300000000017e-03
7.925000000000000000e+01 -1.919325978999999929e-03
7.927500000000000568e+01 -1.933909449000000089e-03
7.929999999999999716e+01 -1.940854988000000059e-03
7.932500000000000284e+01 -1.959333991000000112e-03
7.934999999999999432e+01 -1.968036625999999931e-03
7.937500000000000000e+01 -1.972260375999999784e-03
7.940000000000000568e+01 -1.989002934999999864e-03
7.942499999999999716e+01 -2.001294910000000083e-03
7.945000000000000284e+01 -2.002108821000000028e-03
7.947499999999999432e+01 -2.024162505000000074e-03
7.950000000000000000e+01 -2.034094341000000118e-03
7.952500000000000568e+01 -2.038600790000000100e-03
7.954999999999999716e+01 -2.066512113999999928e-03
7.957500000000000284e+01 -2.061940671999999870e-03
7.959999999999999432e+01 -2.076180484000000187e-03
7.962500000000000000e+01 -2.087276856999999933e-03
7.965000000000000568e+01 -2.093004220999999856e-03
7.967499999999999716e+01 -2.104922678999999845e-03
7.970000000000000284e+01 -2.122399549000000048e-03
7.972499999999999432e+01 -2.115093913999999999e-03
7.975000000000000000e+01 -2.147034749999999961e-03
7.977500000000000568e+01 -2.152935548999999893e-03
7.979999999999999716e+01 -2.168600388999999875e-03
7.982500000000000284e+01 -2.176638701000000072e-03
7.984999999999999432e+01 -2.190630161000000058e-03
7.987500000000000000e+01 -2.198555247999999917e-03
7.990000000000000568e+01 -2.207692886000000177e-03
7.992499999999999716e+01 -2.226546724999999959e-03
7.995000000000000284e+01 -2.234047051000000086e-03
7.997499999999999432e+01 -2.246962470000000208e-03
8.000000000000000000e+01 -2.260200984999999937e-03
8.002500000000000568e+01 -2.269045146000000200e-03
8.004999999999999716e+01 -2.276305067999999897e-03
8.007500000000000284e+01 -2.292100707999999813e-03
8.009999999999999432e+01 -2.315377209000000006e-03
8.012500000000000000e+01 -2.315940159000000071e-03
8.015000000000000568e+01 -2.330868456000000175e-03
8.017499999999999716e+01 -2.351488452000000031e-03
8.020000000000000284e+01 -2.353389732000000113e-03
8.022499999999999432e+01 -2.375902982000000028e-03
8.025000000000000000e+01 -2.383572114000000013e-03
8.027500000000000568e+01 -2.390273164999999825e-03
8.029999999999999716e+01 -2.416705609000000064e-03
8.032500000000000284e+01 -2.422853979999999973e-03
8.034999999999999432e+01 -2.438424030000000114e-03
8.037500000000000000e+01 -2.452777505999999882e-03
8.040000000000000568e+01 -2.449647356999999984e-03
8.042499999999999716e+01 -2.473588622000000205e-03
8.045000000000000284e+01 -2.481851652000000193e-03
8.047499999999999432e+01 -2.495078292000000100e-03
8.050000000000000000e+01 -2.514098396999999915e-03
8.052500000000000568e+01 -2.523866062999999792e-03
8.054999999999999716e+01 -2.531797264999999936e-03
8.057500000000000284e+01 -2.550708172999999798e-03
8.059999999999999432e+01 -2.557940665999999807e-03
8.062500000000000000e+01 -2.590322014999999877e-03
8.065000000000000568e+01 -2.590652305999999790e-03
8.067499999999999716e+01 -2.599753121000000170e-03
8.070000000000000284e+01 -2.609087767999999918e-03
8.072499999999999432e+01 -2.640389201999999991e-03
8.075000000000000000e+01 -2.648368119999999857e-03
8.077500000000000568e+01 -2.664642639000000101e-03
8.079999999999999716e+01 -2.680801803999999840e-03
8.082500000000000284e+01 -2.687341061999999961e-03
8.084999999999999432e+01 -2.706233440000000139e-03
8.087500000000000000e+01 -2.721269363999999965e-03
8.090000000000000568e+01 -2.736341647999999786e-03
8.092499999999999716e+01 -2.752783402000000094e-03
8.095000000000000284e+01 -2.764082651000000172e-03
8.097499999999999432e+01 -2.783850604999999791e-03
8.100000000000000000e+01 -2.794346115000000044e-03
8.102500000000000568e+01 -2.815781167000000040e-03
8.104999999999999716e+01 -2.822542860999999962e-03
8.107500000000000284e+01 -2.837032983000000157e-03
8.109999999999999432e+01 -2.859033289000000120e-03
8.112500000000000000e+01 -2.874631539999999898e-03
8.115000000000000568e+01 -2.882304740000000108e-03
8.117499999999999716e+01 -2.900152389000000205e-03
8.120000000000000284e+01 -2.924143935999999871e-03
8.122499999999999432e+01 -2.929664647999999805e-03
8.125000000000000000e+01 -2.946215833999999995e-03
8.127500000000000568e+01 -2.959444058000000079e-03
8.129999999999999716e+01 -2.977852514000000131e-03
8.132500000000000284e+01 -3.003012909000000053e-03
8.134999999999999432e+01 -3.010852091000000130e-03
8.137500000000000000e+01 -3.048111197000000130e-03
8.140000000000000568e+01 -3.043839389000000187e-03
8.142499999999999716e+01 -3.069234440000000088e-03
8.145000000000000284e+01 -3.075712578999999832e-03
8.147499999999999432e+01 -3.085862911999999805e-03
8.150000000000000000e+01 -3.112520879000000087e-03
8.152500000000000568e+01 -3.125319282999999837e-03
8.154999999999999716e+01 -3.148350099999999881e-03
8.157500000000000284e+01 -3.163060363999999937e-03
8.159999999999999432e+01 -3.178991168000000131e-03
8.162500000000000000e+01 -3.197814874000000189e-03
8.165000000000000568e+01 -3.211225459000000178e-03
8.167499999999999716e+01 -3.235418201999999948e-03
8.170000000000000284e+01 -3.254992565999999862e-03
8.172499999999999432e+01 -3.272693347000000044e-03
8.175000000000000000e+01 -3.287006339999999811e-03
8.177500000000000568e+01 -3.303723025000000063e-03
8.179999999999999716e+01 -3.318286443000000117e-03
8.182500000000000284e+01 -3.340452163000000047e-03
8.184999999999999432e+01 -3.346918259000000208e-03
8.187500000000000000e+01 -3.374654020999999851e-03
8.190000000000000568e+01 -3.381964873999999868e-03
8.192499999999999716e+01 -3.408041724999999814e-03
8.195000000000000284e+01 -3.431554502000000017e-03
8.197499999999999432e+01 -3.455875923999999957e-03
8.200000000000000000e+01 -3.474414413999999968e-03
8.202500000000000568e+01 -3.488675369999999932e-03
8.204999999999999716e+01 -3.503893155999999922e-03
8.207500000000000284e+01 -3.511445947999999873e-03
8.209999999999999432e+01 -3.540767823999999963e-03
8.212500000000000000e+01 -3.556277573999999924e-03
8.215000000000000568e+01 -3.571928096999999868e-03
8.217499999999999716e+01 -3.601287824000000068e-03
8.220000000000000284e+01 -3.621930070999999918e-03
8.222499999999999432e+01 -3.638312695000000142e-03
8.225000000000000000e+01 -3.656943365000000015e-03
8.227500000000000568e+01 -3.680581649000000052e-03
8.229999999999999716e+01 -3.701421687000000169e-03
8.232500000000000284e+01 -3.723375480999999935e-03
8.234999999999999432e+01 -3.731893165999999786e-03
8.237500000000000000e+01 -3.754200910999999901e-03
8.240000000000000568e+01 -3.776020135000000052e-03
8.242499999999999716e+01 -3.815160452000000094e-03
8.245000000000000284e+01 -3.827512919000000159e-03
8.247499999999999432e+01 -3.843435292000000215e-03
8.250000000000000000e+01 -3.859318003000000025e-03
8.252500000000000568e+01 -3.888016686000000076e-03
8.254999999999999716e+01 -3.900631295000000012e-03
8.257500000000000284e+01 -3.937462123999999584e-03
8.259999999999999432e+01 -3.956430805000000182e-03
8.262500000000000000e+01 -3.959793363000000364e-03
8.265000000000000568e+01 -3.997082245000000214e-03
8.267499999999999716e+01 -4.012768184999999585e-03
8.270000000000000284e+01 -4.021062740000000239e-03
8.272499999999999432e+01 -4.049654366999999588e-03
8.275000000000000000e+01 -4.079204444999999860e-03
8.277500000000000568e+01 -4.099169486000000390e-03
8.279999999999999716e+01 -4.120975954000000337e-03
8.282500000000000284e+01 -4.140944960000000202e-03
8.284999999999999432e+01 -4.183170891999999849e-03
8.287500000000000000e+01 -4.183323222000000056e-03
8.290000000000000568e+01 -4.199286862000000016e-03
8.292499999999999716e+01 -4.252332218000000157e-03
8.295000000000000284e+01 -4.243866560000000149e-03
8.297499999999999432e+01 -4.284441134000000276e-03
8.300000000000000000e+01 -4.300347841999999608e-03
8.302500000000000568e+01 -4.333249451000000321e-03
8.304999999999999716e+01 -4.358459077999999980e-03
8.307500000000000284e+01 -4.373754885999999592e-03
8.309999999999999432e+01 -4.406592507000000117e-03
8.312500000000000000e+01 -4.428248134000000412e-03
8.315000000000000568e+01 -4.447098457000000366e-03
8.317499999999999716e+01 -4.473997403999999643e-03
8.320000000000000284e+01 -4.486213921000000403e-03
8.322499999999999432e+01 -4.518588773999999975e-03
8.325000000000000000e+01 -4.536321864000000294e-03
8.327500000000000568e+01 -4.582669862999999739e-03
8.329999999999999716e+01 -4.598064477000000060e-03
8.332500000000000284e+01 -4.625206140999999632e-03
8.334999999999999432e+01 -4.649047982999999877e-03
8.337500000000000000e+01 -4.665583658999999592e-03
8.340000000000000568e+01 -4.692924161999999580e-03
8.342499999999999716e+01 -4.718472005999999573e-03
8.345000000000000284e+01 -4.730175736999999749e-03
8.347499999999999432e+01 -4.770039010000000183e-03
8.350000000000000000e+01 -4.794279620999999936e-03
8.352500000000000568e+01 -4.814933391000000146e-03
8.354999999999999716e+01 -4.862081372999999679e-03
8.357500000000000284e+01 -4.875996094999999683e-03
8.359999999999999432e+01 -4.900197323999999806e-03
8.362500000000000000e+01 -4.927099659999999853e-03
8.365000000000000568e+01 -4.964642733999999683e-03
8.367499999999999716e+01 -4.982871713000000015e-03
8.370000000000000284e+01 -5.012372553999999703e-03
8.372499999999999432e+01 -5.044031858000000076e-03
8.375000000000000000e+01 -5.063294513000000420e-03
8.377500000000000568e+01 -5.098623380000000260e-03
8.379999999999999716e+01 -5.119321133000000364e-03
8.382500000000000284e+01 -5.154817982999999881e-03
8.384999999999999432e+01 -5.180313768000000159e-03
8.387500000000000000e+01 -5.226256066999999603e-03
8.390000000000000568e+01 -5.225906001000000210e-03
8.392499999999999716e+01 -5.270585222999999916e-03
8.395000000000000284e+01 -5.297455682999999832e-03
8.397499999999999432e+01 -5.327004506999999910e-03
8.400000000000000000e+01 -5.347404539000000061e-03
8.402500000000000568e+01 -5.393395716000000222e-03
8.404999999999999716e+01 -5.431000142000000364e-03
8.407500000000000284e+01 -5.450955341000000322e-03
8.409999999999999432e+01 -5.474593936999999980e-03
8.412500000000000000e+01 -5.505601704999999943e-03
8.415000000000000568e+01 -5.527675319000000149e-03
8.417499999999999716e+01 -5.565388289000000252e-03
8.420000000000000284e+01 -5.598583013000000240e-03
8.422499999999999432e+01 -5.633934133999999629e-03
8.425000000000000000e+01 -5.653369866999999674e-03
8.427500000000000568e+01 -5.692025283999999595e-03
8.429999999999999716e+01 -5.728462779999999623e-03
8.432500000000000284e+01 -5.743444133999999791e-03
8.434999999999999432e+01 -5.785606111999999981e-03
8.437500000000000000e+01 -5.822790280000000179e-03
8.440000000000000568e+01 -5.861959838999999603e-03
8.442499999999999716e+01 -5.869732901999999766e-03
8.445000000000000284e+01 -5.920374606999999692e-03
8.447499999999999432e+01 -5.931142080999999601e-03
8.450000000000000000e+01 -5.979725747999999584e-03
8.452500000000000568e+01 -6.002613389999999702e-03
8.454999999999999716e+01 -6.058392467999999982e-03
8.457500000000000284e+01 -6.077273046999999602e-03
8.459999999999999432e+01 -6.111290095000000179e-03
8.462500000000000000e+01 -6.142261698000000235e-03
8.465000000000000568e+01 -6.147566620000000266e-03
8.467499999999999716e+01 -6.190994560999999938e-03
8.470000000000000284e+01 -6.241845335000000168e-03
8.472499999999999432e+01 -6.269604574000000111e-03
8.475000000000000000e+01 -6.325008766000000428e-03
8.477500000000000568e+01 -6.345415884000000020e-03
8.479999999999999716e+01 -6.371240174000000409e-03
8.482500000000000284e+01 -6.419012699999999787e-03
8.484999999999999432e+01 -6.459367356999999588e-03
8.487500000000000000e+01 -6.495650648999999957e-03
8.490000000000000568e+01 -6.521168394000000090e-03
8.492499999999999716e+01 -6.548393787000000334e-03
8.495000000000000284e+01 -6.596090778000000127e-03
8.497499999999999432e+01 -6.633560525000000221e-03
8.500000000000000000e+01 -6.672143529000000226e-03
8.502500000000000568e+01 -6.716573816999999759e-03
8.504999999999999716e+01 -6.743327068000000077e-03
8.507500000000000284e+01 -6.788174412000000206e-03
8.509999999999999432e+01 -6.808791389999999978e-03
8.512500000000000000e+01 -6.859890811999999789e-03
8.515000000000000568e+01 -6.882177130999999649e-03
8.517499999999999716e+01 -6.914703353000000233e-03
8.520000000000000284e+01 -6.962650939000000067e-03
8.522499999999999432e+01 -7.010352410000000173e-03
8.525000000000000000e+01 -7.056240568999999976e-03
8.527500000000000568e+01 -7.088188090999999677e-03
8.529999999999999716e+01 -7.125181706000000177e-03
8.532500000000000284e+01 -7.159076951999999994e-03
8.534999999999999432e+01 -7.189425240000000064e-03
8.537500000000000000e+01 -7.244075202000000054e-03
8.540000000000000568e+01 -7.278540879000000401e-03
8.542499999999999716e+01 -7.347784058000000201e-03
8.545000000000000284e+01 -7.373989232000000005e-03
8.547499999999999432e+01 -7.413386424000000148e-03
8.550000000000000000e+01 -7.449325046000000380e-03
8.552500000000000568e+01 -7.467569793000000157e-03
8.554999999999999716e+01 -7.541649257999999932e-03
8.557500000000000284e+01 -7.572371379000000270e-03
8.559999999999999432e+01 -7.627401647000000250e-03
8.562500000000000000e+01 -7.660863153000000217e-03
8.565000000000000568e+01 -7.684493647000000156e-03
8.567499999999999716e+01 -7.737345807000000318e-03
8.570000000000000284e+01 -7.774789078999999950e-03
8.572499999999999432e+01 -7.832316794000000054e-03
8.575000000000000000e+01 -7.883302868000000019e-03
8.577500000000000568e+01 -7.892706973999999778e-03
8.579999999999999716e+01 -7.959513381000000304e-03
8.582500000000000284e+01 -8.027431681999999680e-03
8.584999999999999432e+01 -8.054541816000000340e-03
8.587500000000000000e+01 -8.113891225999999776e-03
8.590000000000000568e+01 -8.122222781999999600e-03
8.592499999999999716e+01 -8.183157187000000485e-03
8.595000000000000284e+01 -8.247509300000000626e-03
8.597499999999999432e+01 -8.289644073999999363e-03
8.600000000000000000e+01 -8.322493822999999999e-03
8.602500000000000568e+01 -8.370035172999999371e-03
8.604999999999999716e+01 -8.413226103000000233e-03
8.607500000000000284e+01 -8.464613072999999446e-03
8.609999999999999432e+01 -8.512343328000000764e-03
8.612500000000000000e+01 -8.555273057999999292e-03
8.615000000000000568e+01 -8.620914598999999262e-03
8.617499999999999716e+01 -8.675992438999999973e-03
8.620000000000000284e+01 -8.704880401999999170e-03
8.622499999999999432e+01 -8.747208059000000438e-03
8.625000000000000000e+01 -8.817813387000000488e-03
8.627500000000000568e+01 -8.869057507999999340e-03
8.629999999999999716e+01 -8.905428804000000212e-03
8.632500000000000284e+01 -8.960808055000000008e-03
8.634999999999999432e+01 -8.974488145999999500e-03
8.637500000000000000e+01 -9.085836785999999374e-03
8.640000000000000568e+01 -9.104778975000000010e-03
8.642499999999999716e+01 -9.165324444000000695e-03
8.645000000000000284e+01 -9.212835530999999994e-03
8.647499999999999432e+01 -9.249413886999999224e-03
8.650000000000000000e+01 -9.320572929999999812e-03
8.652500000000000568e+01 -9.366326547000000322e-03
8.654999999999999716e+01 -9.417230512000000081e-03
8.657500000000000284e+01 -9.451316040999999807e-03
8.659999999999999432e+01 -9.513364966000000325e-03
8.662500000000000000e+01 -9.577821878999999775e-03
8.665000000000000568e+01 -9.630556328999999305e-03
8.667499999999999716e+01 -9.692752724999999930e-03
8.670000000000000284e+01 -9.760386306000000747e-03
8.672499999999999432e+01 -9.820985935000000125e-03
8.675000000000000000e+01 -9.836072883999999461e-03
8.677500000000000568e+01 -9.888349242999999733e-03
8.679999999999999716e+01 -9.952080853999999491e-03
8.682500000000000284e+01 -1.002584347999999938e-02
8.684999999999999432e+01 -1.011085259999999937e-02
8.687500000000000000e+01 -1.012991555000000016e-02
8.690000000000000568e+01 -1.017943137000000033e-02
8.692499999999999716e+01 -1.024605752999999987e-02
8.695000000000000284e+01 -1.030849206000000046e-02
8.697499999999999432e+01 -1.036860887999999960e-02
8.700000000000000000e+01 -1.042497356999999916e-02
8.702500000000000568e+01 -1.049121564000000083e-02
8.704999999999999716e+01 -1.053276063000000047e-02
8.707500000000000284e+01 -1.056520132999999931e-02
8.709999999999999432e+01 -1.068073337999999976e-02
8.712500000000000000e+01 -1.069372872000000016e-02
8.715000000000000568e+01 -1.079853350000000052e-02
8.717499999999999716e+01 -1.085760623999999959e-02
8.720000000000000284e+01 -1.090938504000000045e-02
8.722499999999999432e+01 -1.094343956000000048e-02
8.725000000000000000e+01 -1.103172481000000080e-02
8.727500000000000568e+01 -1.109256355000000013e-02
8.729999999999999716e+01 -1.115123451000000002e-02
8.732500000000000284e+01 -1.120940058999999982e-02
8.734999999999999432e+01 -1.126501859000000015e-02
8.737500000000000000e+01 -1.134691470999999938e-02
8.740000000000000568e+01 -1.142788322999999974e-02
8.742499999999999716e+01 -1.147349272999999975e-02
8.745000000000000284e+01 -1.154451366000000014e-02
8.747499999999999432e+01 -1.159502632000000005e-02
8.750000000000000000e+01 -1.168270652999999978e-02
8.752500000000000568e+01 -1.170432346999999984e-02
8.754999999999999716e+01 -1.179849315999999954e-02
8.757500000000000284e+01 -1.185449562999999970e-02
8.759999999999999432e+01 -1.193255239999999918e-02
8.762500000000000000e+01 -1.203347001999999916e-02
8.765000000000000568e+01 -1.207114140000000065e-02
8.767499999999999716e+01 -1.211788899000000065e-02
8.770000000000000284e+01 -1.222570127000000006e-02
8.772499999999999432e+01 -1.229904193000000076e-02
8.775000000000000000e+01 -1.237641838999999945e-02
8.777500000000000568e+01 -1.242555241000000039e-02
8.779999999999999716e+01 -1.245467368000000019e-02
8.782500000000000284e+01 -1.254801694000000009e-02
8.784999999999999432e+01 -1.261735280999999945e-02
8.787500000000000000e+01 -1.269932237000000012e-02
8.790000000000000568e+01 -1.280015928999999990e-02
8.792499999999999716e+01 -1.287308023999999933e-02
8.795000000000000284e+01 -1.296853798000000002e-02
8.797499999999999432e+01 -1.300069688999999987e-02
8.800000000000000000e+01 -1.306483441999999918e-02
8.802500000000000568e+01 -1.315161446000000060e-02
8.804999999999999716e+01 -1.322955437000000040e-02
8.807500000000000284e+01 -1.328671390999999931e-02
8.809999999999999432e+01 -1.334951967000000059e-02
8.812500000000000000e+01 -1.346565272999999952e-02
8.815000000000000568e+01 -1.355330417999999967e-02
8.817499999999999716e+01 -1.363555173999999974e-02
8.820000000000000284e+01 -1.374898522999999997e-02
8.822499999999999432e+01 -1.378693788999999989e-02
8.825000000000000000e+01 -1.385711209000000006e-02
8.827500000000000568e+01 -1.394469259999999919e-02
8.829999999999999716e+01 -1.400360647999999986e-02
8.832500000000000284e+01 -1.408572165000000070e-02
8.834999999999999432e+01 -1.417089250000000064e-02
8.837500000000000000e+01 -1.427294070999999935e-02
8.840000000000000568e+01 -1.434821300000000029e-02
8.842499999999999716e+01 -1.443176887999999929e-02
8.845000000000000284e+01 -1.448465082999999924e-02
8.847499999999999432e+01 -1.457928493000000027e-02
8.850000000000000000e+01 -1.464795577999999932e-02
8.852500000000000568e+01 -1.473101710000000036e-02
8.854999999999999716e+01 -1.483130371999999940e-02
8.857500000000000284e+01 -1.489756119000000024e-02
8.859999999999999432e+01 -1.505378488000000056e-02
8.862500000000000000e+01 -1.510170241999999989e-02
8.865000000000000568e+01 -1.519254205000000052e-02
8.867499999999999716e+01 -1.527733583999999964e-02
8.870000000000000284e+01 -1.537952494000000003e-02
8.872499999999999432e+01 -1.543997203000000047e-02
8.875000000000000000e+01 -1.552492939999999995e-02
8.877500000000000568e+01 -1.561199058999999945e-02
8.879999999999999716e+01 -1.573206566999999986e-02
8.882500000000000284e+01 -1.580283194999999863e-02
8.884999999999999432e+01 -1.585973116999999863e-02
8.887500000000000000e+01 -1.599550272999999967e-02
8.890000000000000568e+01 -1.608388424999999955e-02
8.892499999999999716e+01 -1.618979145000000106e-02
8.895000000000000284e+01 -1.625721320999999955e-02
8.897499999999999432e+01 -1.637885671000000043e-02
8.900000000000000000e+01 -1.642180844000000126e-02
8.902500000000000568e+01 -1.660684832999999999e-02
8.904999999999999716e+01 -1.667811225999999911e-02
8.907500000000000284e+01 -1.675094526000000042e-02
8.909999999999999432e+01 -1.685891460000000022e-02
8.912500000000000000e+01 -1.692264857000000053e-02
8.915000000000000568e+01 -1.708358244999999900e-02
8.917499999999999716e+01 -1.713839485999999954e-02
8.920000000000000284e+01 -1.729111519999999846e-02
8.922499999999999432e+01 -1.737130836000000053e-02
8.925000000000000000e+01 -1.746451611999999889e-02
8.927500000000000568e+01 -1.755649922000000057e-02
8.929999999999999716e+01 -1.769031863000000010e-02
8.932500000000000284e+01 -1.778440104000000160e-02
8.934999999999999432e+01 -1.783438324000000130e-02
8.937500000000000000e+01 -1.797827895999999995e-02
8.940000000000000568e+01 -1.805264336999999955e-02
8.942499999999999716e+01 -1.817421659000000023e-02
8.945000000000000284e+01 -1.830367315000000147e-02
8.947499999999999432e+01 -1.839393573000000157e-02
8.950000000000000000e+01 -1.853034590999999912e-02
8.952500000000000568e+01 -1.859139216999999844e-02
8.954999999999999716e+01 -1.871912216000000059e-02
8.957500000000000284e+01 -1.881703443000000073e-02
8.959999999999999432e+01 -1.895778676000000121e-02
8.962500000000000000e+01 -1.907568668999999953e-02
8.965000000000000568e+01 -1.918777349000000063e-02
8.967499999999999716e+01 -1.924579015000000073e-02
8.970000000000000284e+01 -1.939394556000000047e-02
8.972499999999999432e+01 -1.950765598000000003e-02
8.975000000000000000e+01 -1.960649856999999857e-02
8.977500000000000568e+01 -1.976583395999999965e-02
8.979999999999999716e+01 -1.984703058999999839e-02
8.982500000000000284e+01 -1.992540421000000075e-02
8.984999999999999432e+01 -2.007653037000000154e-02
8.987500000000000000e+01 -2.018957202999999839e-02
8.990000000000000568e+01 -2.033983396999999860e-02
8.992499999999999716e+01 -2.045180402999999952e-02
8.995000000000000284e+01 -2.057772886999999912e-02
8.997499999999999432e+01 -2.070257665999999941e-02
9.000000000000000000e+01 -2.080097665000000054e-02
9.002500000000000568e+01 -2.092997715000000092e-02
9.004999999999999716e+01 -2.105630967999999950e-02
9.007500000000000284e+01 -2.121194251000000155e-02
9.009999999999999432e+01 -2.132905748000000004e-02
9.012500000000000000e+01 -2.145608871000000140e-02
9.015000000000000568e+01 -2.160348416999999938e-02
9.017499999999999716e+01 -2.165612864000000110e-02
9.020000000000000284e+01 -2.182369984999999943e-02
9.022499999999999432e+01 -2.198385891000000092e-02
9.025000000000000000e+01 -2.211246118999999830e-02
9.027500000000000568e+01 -2.220102322000000114e-02
9.029999999999999716e+01 -2.234376927999999832e-02
9.032500000000000284e+01 -2.248606280999999874e-02
9.034999999999999432e+01 -2.258697894999999942e-02
9.037500000000000000e+01 -2.274515720999999852e-02
9.040000000000000568e+01 -2.289932918000000053e-02
9.042499999999999716e+01 -2.304751337999999886e-02
9.045000000000000284e+01 -2.315381015999999972e-02
9.047499999999999432e+01 -2.332617409999999947e-02
9.050000000000000000e+01 -2.346508112999999909e-02
9.052500000000000568e+01 -2.364021163999999869e-02
9.054999999999999716e+01 -2.371354172999999912e-02
9.057500000000000284e+01 -2.391040527000000068e-02
9.059999999999999432e+01 -2.403331421000000009e-02
9.062500000000000000e+01 -2.417532787999999988e-02
9.065000000000000568e+01 -2.434046122999999895e-02
9.067499999999999716e+01 -2.446594569000000094e-02
9.070000000000000284e+01 -2.457264694000000152e-02
9.072499999999999432e+01 -2.472424780999999891e-02
9.075000000000000000e+01 -2.484019247999999860e-02
9.077500000000000568e+01 -2.508592294000000153e-02
9.079999999999999716e+01 -2.520809644999999835e-02
9.082500000000000284e+01 -2.535615231000000122e-02
9.084999999999999432e+01 -2.545800625999999900e-02
9.087500000000000000e+01 -2.569335739000000104e-02
9.090000000000000568e+01 -2.579323110000000113e-02
9.092499999999999716e+01 -2.601697216999999951e-02
9.095000000000000284e+01 -2.607148235999999855e-02
9.097499999999999432e+01 -2.630716468999999905e-02
9.100000000000000000e+01 -2.642641628000000006e-02
9.102500000000000568e+01 -2.661506954999999855e-02
9.104999999999999716e+01 -2.674636433999999854e-02
9.107500000000000284e+01 -2.694748401999999890e-02
9.109999999999999432e+01 -2.708402773000000152e-02
9.112500000000000000e+01 -2.725894813999999930e-02
9.115000000000000568e+01 -2.737799756999999973e-02
9.117499999999999716e+01 -2.756407624999999972e-02
9.120000000000000284e+01 -2.776649687000000075e-02
9.122499999999999432e+01 -2.791182634999999843e-02
9.125000000000000000e+01 -2.802532917999999915e-02
9.127500000000000568e+01 -2.825706290999999842e-02
9.129999999999999716e+01 -2.843660526000000091e-02
9.132500000000000284e+01 -2.861891412999999912e-02
9.134999999999999432e+01 -2.883764408999999959e-02
9.137500000000000000e+01 -2.898415396999999907e-02
9.140000000000000568e+01 -2.910705526000000043e-02
9.142499999999999716e+01 -2.936303574000000138e-02
9.145000000000000284e+01 -2.954948003999999934e-02
9.147499999999999432e+01 -2.970330799000000035e-02
9.150000000000000000e+01 -2.991294385999999916e-02
9.152500000000000568e+01 -3.007215703999999851e-02
9.154999999999999716e+01 -3.020299603999999916e-02
9.157500000000000284e+01 -3.045492308000000148e-02
9.159999999999999432e+01 -3.063278142000000134e-02
9.162500000000000000e+01 -3.070513952000000074e-02
9.165000000000000568e+01 -3.091505724999999913e-02
9.167499999999999716e+01 -3.118512956000000017e-02
9.170000000000000284e+01 -3.137596777999999975e-02
9.172499999999999432e+01 -3.164713078999999846e-02
9.175000000000000000e+01 -3.176640659999999811e-02
9.177500000000000568e+01 -3.190774384000000241e-02
9.179999999999999716e+01 -3.216116933999999677e-02
9.182500000000000284e+01 -3.239284650999999654e-02
9.184999999999999432e+01 -3.253752172999999775e-02
9.187500000000000000e+01 -3.285186759000000012e-02
9.190000000000000568e+01 -3.302227447000000149e-02
9.192499999999999716e+01 -3.316782061000000253e-02
9.195000000000000284e+01 -3.334525323000000346e-02
9.197499999999999432e+01 -3.363535553000000095e-02
9.200000000000000000e+01 -3.384855074999999769e-02
9.202500000000000568e+01 -3.398897918999999740e-02
9.204999999999999716e+01 -3.418413792999999701e-02
9.207500000000000284e+01 -3.438011492999999696e-02
9.209999999999999432e+01 -3.470031762999999797e-02
9.212500000000000000e+01 -3.484340048000000162e-02
9.215000000000000568e+01 -3.506965624999999753e-02
9.217499999999999716e+01 -3.530843144999999683e-02
9.220000000000000284e+01 -3.548785315999999912e-02
9.222499999999999432e+01 -3.576861611999999913e-02
9.225000000000000000e+01 -3.595599731000000132e-02
9.227500000000000568e+01 -3.613428130000000127e-02
9.229999999999999716e+01 -3.645148454000000232e-02
9.232500000000000284e+01 -3.667280666000000133e-02
9.234999999999999432e+01 -3.681397732999999728e-02
9.237500000000000000e+01 -3.704416408999999799e-02
9.240000000000000568e+01 -3.728723030000000160e-02
9.242499999999999716e+01 -3.760496378000000028e-02
9.245000000000000284e+01 -3.779763131999999692e-02
9.247499999999999432e+01 -3.804837578999999831e-02
9.250000000000000000e+01 -3.823267631999999888e-02
9.252500000000000568e+01 -3.855108497999999717e-02
9.254999999999999716e+01 -3.878788066000000284e-02
9.257500000000000284e+01 -3.899627392999999859e-02
9.259999999999999432e+01 -3.924470742999999762e-02
9.262500000000000000e+01 -3.959627674999999930e-02
9.265000000000000568e+01 -3.979911399000000266e-02
9.267499999999999716e+01 -4.002917866999999852e-02
9.270000000000000284e+01 -4.026884751999999790e-02
9.272499999999999432e+01 -4.048034285000000343e-02
9.275000000000000000e+01 -4.076762292000000315e-02
9.277500000000000568e+01 -4.103341776000000302e-02
9.279999999999999716e+01 -4.136569316000000135e-02
9.282500000000000284e+01 -4.164092211999999987e-02
9.284999999999999432e+01 -4.188443558999999788e-02
9.287500000000000000e+01 -4.202303662000000245e-02
9.290000000000000568e+01 -4.236221124999999671e-02
9.292499999999999716e+01 -4.267061110999999934e-02
9.295000000000000284e+01 -4.293403768000000204e-02
9.297499999999999432e+01 -4.326000487000000033e-02
9.300000000000000000e+01 -4.356260356999999694e-02
9.302500000000000568e+01 -4.376752902000000112e-02
9.304999999999999716e+01 -4.409715120999999766e-02
9.307500000000000284e+01 -4.438157562000000222e-02
9.309999999999999432e+01 -4.459560290000000315e-02
9.312500000000000000e+01 -4.489868318000000275e-02
9.315000000000000568e+01 -4.519559465999999776e-02
9.317499999999999716e+01 -4.551033470000000192e-02
9.320000000000000284e+01 -4.572925902000000292e-02
9.322499999999999432e+01 -4.605841646000000122e-02
9.325000000000000000e+01 -4.644462654999999968e-02
9.327500000000000568e+01 -4.676949543000000209e-02
9.329999999999999716e+01 -4.704658032000000323e-02
9.332500000000000284e+01 -4.734940169000000088e-02
9.334999999999999432e+01 -4.766285829999999946e-02
9.337500000000000000e+01 -4.800489176000000136e-02
9.340000000000000568e+01 -4.825956839000000026e-02
9.342499999999999716e+01 -4.860022073999999831e-02
9.345000000000000284e+01 -4.888760453999999728e-02
9.347499999999999432e+01 -4.916932912000000072e-02
9.350000000000000000e+01 -4.941094019000000226e-02
9.352500000000000568e+01 -4.991908560999999689e-02
9.354999999999999716e+01 -5.014931309000000142e-02
9.357500000000000284e+01 -5.059165552000000066e-02
9.359999999999999432e+01 -5.088671468000000031e-02
9.362500000000000000e+01 -5.126702883999999932e-02
9.365000000000000568e+01 -5.148648876999999818e-02
9.367499999999999716e+01 -5.188038376000000257e-02
9.370000000000000284e+01 -5.228602537999999661e-02
9.372499999999999432e+01 -5.256469675000000064e-02
9.375000000000000000e+01 -5.288571405999999836e-02
9.377500000000000568e+01 -5.325649576000000135e-02
9.379999999999999716e+01 -5.354630199000000312e-02
9.382500000000000284e+01 -5.402406659999999666e-02
9.384999999999999432e+01 -5.426339491999999931e-02
9.387500000000000000e+01 -5.467920577999999671e-02
9.390000000000000568e+01 -5.508936578000000334e-02
9.392499999999999716e+01 -5.533785069000000251e-02
9.395000000000000284e+01 -5.581174269999999993e-02
9.397499999999999432e+01 -5.617102774999999798e-02
9.400000000000000000e+01 -5.655069107999999983e-02
9.402500000000000568e+01 -5.691333358999999675e-02
9.404999999999999716e+01 -5.735026599000000308e-02
9.407500000000000284e+01 -5.771947435000000098e-02
9.409999999999999432e+01 -5.816626819000000198e-02
9.412500000000000000e+01 -5.850401529999999656e-02
9.415000000000000568e+01 -5.886227798000000233e-02
9.417499999999999716e+01 -5.941004789999999869e-02
9.420000000000000284e+01 -5.962280161999999883e-02
9.422499999999999432e+01 -6.004545918999999732e-02
9.425000000000000000e+01 -6.057855698999999733e-02
9.427500000000000568e+01 -6.087053369999999991e-02
9.429999999999999716e+01 -6.145376145999999901e-02
9.432500000000000284e+01 -6.180756182000000237e-02
9.434999999999999432e+01 -6.215853719000000166e-02
9.437500000000000000e+01 -6.258238670999999309e-02
9.440000000000000568e+01 -6.315305350000000040e-02
9.442499999999999716e+01 -6.342369326999999779e-02
9.445000000000000284e+01 -6.389955176000000625e-02
9.447499999999999432e+01 -6.433326017000000341e-02
9.450000000000000000e+01 -6.478834994000000347e-02
9.452500000000000568e+01 -6.533972848999999861e-02
9.454999999999999716e+01 -6.567224201000000650e-02
9.457500000000000284e+01 -6.613786351000000563e-02
9.459999999999999432e+01 -6.663263704999999870e-02
9.462500000000000000e+01 -6.707941626999999740e-02
9.465000000000000568e+01 -6.752277023000000100e-02
9.467499999999999716e+01 -6.799303259000000210e-02
9.470000000000000284e+01 -6.849882424000000580e-02
9.472499999999999432e+01 -6.900259760999999381e-02
9.475000000000000000e+01 -6.942938799999999466e-02
9.477500000000000568e+01 -6.994173665000000262e-02
9.479999999999999716e+01 -7.038904163999999686e-02
9.482500000000000284e+01 -7.096445297999999513e-02
9.484999999999999432e+01 -7.132719737999999865e-02
9.487500000000000000e+01 -7.196098964000000042e-02
9.490000000000000568e+01 -7.238750022999999867e-02
9.492499999999999716e+01 -7.292171650999999810e-02
9.495000000000000284e+01 -7.350625925999999810e-02
9.497499999999999432e+01 -7.398035664999999539e-02
9.500000000000000000e+01 -7.452097868000000236e-02
9.502500000000000568e+01 -7.500690576000000609e-02
9.504999999999999716e+01 -7.556399828000000263e-02
9.507500000000000284e+01 -7.618373298000000182e-02
9.509999999999999432e+01 -7.664090481999999427e-02
9.512500000000000000e+01 -7.722077394000000095e-02
9.515000000000000568e+01 -7.772363507000000504e-02
9.517499999999999716e+01 -7.834857623999999521e-02
9.520000000000000284e+01 -7.897160026999999749e-02
9.522499999999999432e+01 -7.951473665000000079e-02
9.525000000000000000e+01 -8.011986413999999668e-02
9.527500000000000568e+01 -8.055386706999999313e-02
9.529999999999999716e+01 -8.116656405000000074e-02
9.532500000000000284e+01 -8.176851636000000145e-02
9.534999999999999432e+01 -8.235605397999999633e-02
9.537500000000000000e+01 -8.301500129000000117e-02
9.540000000000000568e+01 -8.352194351000000183e-02
9.542499999999999716e+01 -8.403220713999999536e-02
9.545000000000000284e+01 -8.488188693999999812e-02
9.547499999999999432e+01 -8.549426476999999469e-02
9.550000000000000000e+01 -8.614179035999999789e-02
9.552500000000000568e+01 -8.669436082999999738e-02
9.554999999999999716e+01 -8.728950152999999379e-02
9.557500000000000284e+01 -8.796316738999999940e-02
9.559999999999999432e+01 -8.858980798000000434e-02
9.562500000000000000e+01 -8.935225491999999881e-02
9.565000000000000568e+01 -8.982694874999999635e-02
9.567499999999999716e+01 -9.054114603000000538e-02
9.570000000000000284e+01 -9.136044678999999391e-02
9.572499999999999432e+01 -9.207052498999999945e-02
9.575000000000000000e+01 -9.271427689000000250e-02
9.577500000000000568e+01 -9.332375442000000187e-02
9.579999999999999716e+01 -9.407592162000000258e-02
9.582500000000000284e+01 -9.470652965999999673e-02
9.584999999999999432e+01 -9.549266060000000111e-02
9.587500000000000000e+01 -9.621105401000000501e-02
9.590000000000000568e+01 -9.695850037000000587e-02
9.592499999999999716e+01 -9.762333859999999808e-02
9.595000000000000284e+01 -9.822003092000000657e-02
9.597499999999999432e+01 -9.922803889999999571e-02
9.600000000000000000e+01 -9.998423347000000294e-02
9.602500000000000568e+01 -1.006331260000000033e-01
9.604999999999999716e+01 -1.012762056999999966e-01
9.607500000000000284e+01 -1.022094728000000063e-01
9.609999999999999432e+01 -1.030158399999999974e-01
9.612500000000000000e+01 -1.037539459999999997e-01
9.615000000000000568e+01 -1.044333077000000054e-01
9.617499999999999716e+01 -1.054320425999999977e-01
9.620000000000000284e+01 -1.062974765000000016e-01
9.622499999999999432e+01 -1.071333336000000053e-01
9.625000000000000000e+01 -1.078279099000000046e-01
9.627500000000000568e+01 -1.088003201000000003e-01
9.629999999999999716e+01 -1.095864349999999959e-01
9.632500000000000284e+01 -1.104293256999999973e-01
9.634999999999999432e+01 -1.111477914000000011e-01
9.637500000000000000e+01 -1.121895484000000054e-01
9.640000000000000568e+01 -1.131083813999999993e-01
9.642499999999999716e+01 -1.140269423999999976e-01
9.645000000000000284e+01 -1.148985448000000020e-01
9.647499999999999432e+01 -1.158077309999999971e-01
9.650000000000000000e+01 -1.166642095999999990e-01
9.652500000000000568e+01 -1.176595289000000044e-01
9.654999999999999716e+01 -1.185827598000000066e-01
9.657500000000000284e+01 -1.194224064000000002e-01
9.659999999999999432e+01 -1.205839417000000025e-01
9.662500000000000000e+01 -1.214313276999999941e-01
9.665000000000000568e+01 -1.225774656999999990e-01
9.667499999999999716e+01 -1.234881314000000063e-01
9.670000000000000284e+01 -1.245345615999999961e-01
9.672499999999999432e+01 -1.254710736999999909e-01
9.675000000000000000e+01 -1.266323497000000076e-01
9.677500000000000568e+01 -1.275046447000000027e-01
9.679999999999999716e+01 -1.285633884000000060e-01
9.682500000000000284e+01 -1.296751600000000115e-01
9.684999999999999432e+01 -1.308279031000000037e-01
9.687500000000000000e+01 -1.318117837999999986e-01
9.690000000000000568e+01 -1.328637363000000071e-01
9.692499999999999716e+01 -1.338044002999999871e-01
9.695000000000000284e+01 -1.351478607000000109e-01
9.697499999999999432e+01 -1.361768435000000055e-01
9.700000000000000000e+01 -1.374981977999999994e-01
9.702500000000000568e+01 -1.384679876000000087e-01
9.704999999999999716e+01 -1.398189069999999923e-01
9.707500000000000284e+01 -1.408627262999999907e-01
9.709999999999999432e+01 -1.419920883000000134e-01
9.712500000000000000e+01 -1.434101385000000062e-01
9.715000000000000568e+01 -1.445753862999999972e-01
9.717499999999999716e+01 -1.458012059999999888e-01
9.720000000000000284e+01 -1.470251026999999933e-01
9.722499999999999432e+01 -1.483786142999999891e-01
9.725000000000000000e+01 -1.498068411000000044e-01
9.727500000000000568e+01 -1.510048371999999917e-01
9.729999999999999716e+01 -1.523008016999999881e-01
9.732500000000000284e+01 -1.536007725999999907e-01
9.734999999999999432e+01 -1.548381903999999920e-01
9.737500000000000000e+01 -1.564079607999999955e-01
9.740000000000000568e+01 -1.575636226999999889e-01
9.742499999999999716e+01 -1.593511273000000061e-01
9.745000000000000284e+01 -1.605138101999999956e-01
9.747499999999999432e+01 -1.616350361999999985e-01
9.750000000000000000e+01 -1.636079652000000106e-01
9.752500000000000568e+01 -1.648191397000000058e-01
9.754999999999999716e+01 -1.663026022000000104e-01
9.757500000000000284e+01 -1.679588941999999863e-01
9.759999999999999432e+01 -1.693667286999999966e-01
9.762500000000000000e+01 -1.708751051000000076e-01
9.765000000000000568e+01 -1.724179748000000123e-01
9.767499999999999716e+01 -1.738655937999999956e-01
9.770000000000000284e+01 -1.754499650000000133e-01
9.772499999999999432e+01 -1.770251528000000019e-01
9.775000000000000000e+01 -1.787937047000000002e-01
9.777500000000000568e+01 -1.804330541999999982e-01
9.779999999999999716e+01 -1.821727334999999892e-01
9.782500000000000284e+01 -1.837500729000000055e-01
9.784999999999999432e+01 -1.855319037000000004e-01
9.787500000000000000e+01 -1.871065274000000000e-01
9.790000000000000568e+01 -1.889861971000000029e-01
9.792499999999999716e+01 -1.906966484000000017e-01
9.795000000000000284e+01 -1.927278279000000094e-01
9.797499999999999432e+01 -1.945918920999999968e-01
9.800000000000000000e+01 -1.963530115999999881e-01
9.802500000000000568e+01 -1.983125061000000078e-01
9.804999999999999716e+01 -2.002360873000000041e-01
9.807500000000000284e+01 -2.022710533000000033e-01
9.809999999999999432e+01 -2.041853966000000131e-01
9.812500000000000000e+01 -2.062884098999999971e-01
9.815000000000000568e+01 -2.082647588000000050e-01
9.817499999999999716e+01 -2.102558220999999894e-01
9.820000000000000284e+01 -2.123188826999999890e-01
9.822499999999999432e+01 -2.144316381999999965e-01
9.825000000000000000e+01 -2.163192243000000015e-01
9.827500000000000568e+01 -2.190344894000000042e-01
9.829999999999999716e+01 -2.208796717000000021e-01
9.832500000000000284e+01 -2.230799073999999993e-01
9.834999999999999432e+01 -2.254654861000000010e-01
9.837500000000000000e+01 -2.278582980999999952e-01
9.840000000000000568e+01 -2.301744638000000065e-01
9.842499999999999716e+01 -2.324349029999999983e-01
9.845000000000000284e+01 -2.349275291000000043e-01
9.847499999999999432e+01 -2.372034772999999930e-01
9.850000000000000000e+01 -2.397796215000000120e-01
9.852500000000000568e+01 -2.422404696999999885e-01
9.854999999999999716e+01 -2.448157901000000136e-01
9.857500000000000284e+01 -2.472688993999999918e-01
9.859999999999999432e+01 -2.501295008000000153e-01
9.862500000000000000e+01 -2.528380876999999916e-01
9.865000000000000568e+01 -2.553725968000000179e-01
9.867499999999999716e+01 -2.580308582999999989e-01
9.870000000000000284e+01 -2.611230335999999985e-01
9.872499999999999432e+01 -2.637396721999999971e-01
9.875000000000000000e+01 -2.667206408999999723e-01
9.877500000000000568e+01 -2.695087493000000167e-01
9.879999999999999716e+01 -2.728517366000000055e-01
9.882500000000000284e+01 -2.758329342999999989e-01
9.884999999999999432e+01 -2.789082093999999956e-01
9.887500000000000000e+01 -2.817654775999999806e-01
9.890000000000000568e+01 -2.849737400999999837e-01
9.892499999999999716e+01 -2.885846604999999787e-01
9.895000000000000284e+01 -2.915873379999999737e-01
9.897499999999999432e+01 -2.949989972000000016e-01
9.900000000000000000e+01 -2.983360838999999931e-01
9.902500000000000568e+01 -3.016698465000000051e-01
9.904999999999999716e+01 -3.053197409000000251e-01
9.907500000000000284e+01 -3.089338844999999778e-01
9.909999999999999432e+01 -3.125954613999999965e-01
9.912500000000000000e+01 -3.156949088000000070e-01
9.915000000000000568e+01 -3.201291044999999835e-01
9.917499999999999716e+01 -3.237789933999999925e-01
9.920000000000000284e+01 -3.274086821000000147e-01
9.922499999999999432e+01 -3.318050225999999991e-01
9.925000000000000000e+01 -3.355309851000000121e-01
9.927500000000000568e+01 -3.399696153999999804e-01
9.929999999999999716e+01 -3.442039849999999901e-01
9.932500000000000284e+01 -3.480248772999999796e-01
9.934999999999999432e+01 -3.525628276000000172e-01
9.937500000000000000e+01 -3.569655852999999990e-01
9.940000000000000568e+01 -3.617112711000000091e-01
9.942499999999999716e+01 -3.660293592000000151e-01
9.945000000000000284e+01 -3.707700454999999784e-01
9.947499999999999432e+01 -3.753453869999999748e-01
9.950000000000000000e+01 -3.804202186000000263e-01
9.952500000000000568e+01 -3.852063991999999937e-01
9.954999999999999716e+01 -3.906074750999999901e-01
9.957500000000000284e+01 -3.952316142999999782e-01
9.959999999999999432e+01 -4.007179189999999780e-01
9.962500000000000000e+01 -4.058683542000000033e-01
9.965000000000000568e+01 -4.116323006000000007e-01
9.967499999999999716e+01 -4.167994465000000037e-01
9.970000000000000284e+01 -4.223629704999999901e-01
9.972499999999999432e+01 -4.285613650999999802e-01
9.975000000000000000e+01 -4.339992485999999983e-01
9.977500000000000568e+01 -4.401080777999999971e-01
9.979999999999999716e+01 -4.464620852000000251e-01
9.982500000000000284e+01 -4.526216200000000023e-01
9.984999999999999432e+01 -4.590573573000000240e-01
9.987500000000000000e+01 -4.657048075999999925e-01
9.990000000000000568e+01 -4.724231174999999894e-01
9.992499999999999716e+01 -4.786571828000000250e-01
9.995000000000000284e+01 -4.859092362999999914e-01
9.997499999999999432e+01 -4.930045022000000277e-01
1.000000000000000000e+02 -4.999429805999999754e-01
