0.000000000000000000e+00 -5.000119443999999636e-01
2.500000000000000052e-03 -4.993909773999999913e-01
5.000000000000000104e-03 -4.988110967000000118e-01
7.499999999999999722e-03 -4.982723023000000251e-01
1.000000000000000021e-02 -4.982546447999999795e-01
1.250000000000000069e-02 -4.970630624999999858e-01
1.499999999999999944e-02 -4.959007310999999918e-01
1.750000000000000167e-02 -4.960326285000000168e-01
2.000000000000000042e-02 -4.944202482000000232e-01
2.249999999999999917e-02 -4.940393540999999944e-01
2.500000000000000139e-02 -4.933119418999999950e-01
2.750000000000000014e-02 -4.926908454000000215e-01
2.999999999999999889e-02 -4.921087867000000227e-01
3.250000000000000111e-02 -4.922432105999999807e-01
3.500000000000000333e-02 -4.914289985999999999e-01
3.749999999999999861e-02 -4.902459040000000101e-01
4.000000000000000083e-02 -4.895707962999999996e-01
4.250000000000000305e-02 -4.890391834000000215e-01
4.499999999999999833e-02 -4.882681429999999878e-01
4.750000000000000056e-02 -4.875139243000000122e-01
5.000000000000000278e-02 -4.872091190999999766e-01
5.249999999999999806e-02 -4.860624939000000033e-01
5.500000000000000028e-02 -4.854401038999999751e-01
5.750000000000000250e-02 -4.855758392999999784e-01
5.999999999999999778e-02 -4.845561232999999746e-01
6.250000000000000000e-02 -4.835618252000000172e-01
6.500000000000000222e-02 -4.829124766999999818e-01
6.750000000000000444e-02 -4.824247837000000261e-01
7.000000000000000666e-02 -4.823237866999999790e-01
7.249999999999999500e-02 -4.807007873999999958e-01
7.499999999999999722e-02 -4.805805985000000113e-01
7.749999999999999944e-02 -4.803392908999999933e-01
8.000000000000000167e-02 -4.793811734000000269e-01
8.250000000000000389e-02 -4.782864204999999758e-01
8.500000000000000611e-02 -4.782611775000000232e-01
8.749999999999999445e-02 -4.771295948000000009e-01
8.999999999999999667e-02 -4.770122506000000207e-01
9.249999999999999889e-02 -4.756448314999999760e-01
9.500000000000000111e-02 -4.753300004000000079e-01
9.750000000000000333e-02 -4.752518512999999722e-01
1.000000000000000056e-01 -4.747421052999999946e-01
1.024999999999999939e-01 -4.736471274999999870e-01
1.049999999999999961e-01 -4.734192006999999869e-01
1.074999999999999983e-01 -4.722172352999999823e-01
1.100000000000000006e-01 -4.717290749999999977e-01
1.125000000000000028e-01 -4.717278223999999964e-01
1.150000000000000050e-01 -4.706417468999999909e-01
1.174999999999999933e-01 -4.698722544999999751e-01
1.199999999999999956e-01 -4.695939183000000239e-01
1.224999999999999978e-01 -4.691296786999999968e-01
1.250000000000000000e-01 -4.686350683000000128e-01
1.275000000000000022e-01 -4.680052138999999944e-01
1.300000000000000044e-01 -4.676069922000000156e-01
1.325000000000000067e-01 -4.661582126000000104e-01
1.350000000000000089e-01 -4.659425698999999921e-01
1.375000000000000111e-01 -4.654623835999999737e-01
1.400000000000000133e-01 -4.649095844000000199e-01
1.424999999999999878e-01 -4.641924143000000225e-01
1.449999999999999900e-01 -4.634633551999999823e-01
1.474999999999999922e-01 -4.629357253999999977e-01
1.499999999999999944e-01 -4.625326671000000167e-01
1.524999999999999967e-01 -4.614560598999999930e-01
1.549999999999999989e-01 -4.613084054000000100e-01
1.575000000000000011e-01 -4.608656412000000091e-01
1.600000000000000033e-01 -4.599497603000000101e-01
1.625000000000000056e-01 -4.594664075000000070e-01
1.650000000000000078e-01 -4.588362532999999965e-01
1.675000000000000100e-01 -4.581446645999999734e-01
1.700000000000000122e-01 -4.576761563999999782e-01
1.724999999999999867e-01 -4.572418074999999860e-01
1.749999999999999889e-01 -4.565502283000000272e-01
1.774999999999999911e-01 -4.561717884000000001e-01
1.799999999999999933e-01 -4.552203772000000259e-01
1.824999999999999956e-01 -4.550875381000000219e-01
1.849999999999999978e-01 -4.541878985000000202e-01
1.875000000000000000e-01 -4.535084474000000143e-01
1.900000000000000022e-01 -4.535595459000000274e-01
1.925000000000000044e-01 -4.526067784999999732e-01
1.950000000000000067e-01 -4.519113810000000009e-01
1.975000000000000089e-01 -4.515032297000000083e-01
2.000000000000000111e-01 -4.507394120000000060e-01
2.025000000000000133e-01 -4.503135518999999976e-01
2.049999999999999878e-01 -4.495154476000000066e-01
2.074999999999999900e-01 -4.492981513000000038e-01
2.099999999999999922e-01 -4.481949608999999946e-01
2.124999999999999944e-01 -4.474086883999999764e-01
2.149999999999999967e-01 -4.477972890999999955e-01
2.174999999999999989e-01 -4.470002157999999892e-01
2.200000000000000011e-01 -4.457478797000000159e-01
2.225000000000000033e-01 -4.462163239999999975e-01
2.250000000000000056e-01 -4.458162654999999752e-01
2.275000000000000078e-01 -4.446230541999999786e-01
2.300000000000000100e-01 -4.442108900999999777e-01
2.325000000000000122e-01 -4.434452468000000258e-01
2.349999999999999867e-01 -4.435459021000000002e-01
2.374999999999999889e-01 -4.424854518999999931e-01
2.399999999999999911e-01 -4.421322507000000068e-01
2.424999999999999933e-01 -4.414817027999999866e-01
2.449999999999999956e-01 -4.413190520999999977e-01
2.474999999999999978e-01 -4.402722508999999951e-01
2.500000000000000000e-01 -4.399376434999999752e-01
2.525000000000000022e-01 -4.392900664000000122e-01
2.550000000000000044e-01 -4.386748903000000088e-01
2.575000000000000067e-01 -4.381906607000000120e-01
2.600000000000000089e-01 -4.378320097000000244e-01
2.625000000000000111e-01 -4.366806444999999925e-01
2.650000000000000133e-01 -4.366414334000000008e-01
2.675000000000000155e-01 -4.363510925999999901e-01
2.700000000000000178e-01 -4.356005196000000135e-01
2.725000000000000200e-01 -4.347902744000000097e-01
2.750000000000000222e-01 -4.341242472999999880e-01
2.775000000000000244e-01 -4.341278934999999728e-01
2.800000000000000266e-01 -4.336518321999999759e-01
2.824999999999999734e-01 -4.328564758999999817e-01
2.849999999999999756e-01 -4.324792593999999823e-01
2.874999999999999778e-01 -4.320043726000000195e-01
2.899999999999999800e-01 -4.319102194000000172e-01
2.924999999999999822e-01 -4.307649941000000204e-01
2.949999999999999845e-01 -4.300923273999999741e-01
2.974999999999999867e-01 -4.296765787999999864e-01
2.999999999999999889e-01 -4.294182403999999842e-01
3.024999999999999911e-01 -4.287609757999999993e-01
3.049999999999999933e-01 -4.281005715999999794e-01
3.074999999999999956e-01 -4.279281428999999748e-01
3.099999999999999978e-01 -4.277298541999999815e-01
3.125000000000000000e-01 -4.266201456000000003e-01
3.150000000000000022e-01 -4.266665432999999785e-01
3.175000000000000044e-01 -4.257076206000000029e-01
3.200000000000000067e-01 -4.250516564999999858e-01
3.225000000000000089e-01 -4.248711062000000149e-01
3.250000000000000111e-01 -4.239111118000000178e-01
3.275000000000000133e-01 -4.233434969000000048e-01
3.300000000000000155e-01 -4.232841198999999777e-01
3.325000000000000178e-01 -4.225707421000000075e-01
3.350000000000000200e-01 -4.223469744000000192e-01
3.375000000000000222e-01 -4.219535911999999778e-01
3.400000000000000244e-01 -4.210629656000000054e-01
3.425000000000000266e-01 -4.207515680000000202e-01
3.449999999999999734e-01 -4.203498265000000234e-01
3.474999999999999756e-01 -4.195655576999999803e-01
3.499999999999999778e-01 -4.194795666999999728e-01
3.524999999999999800e-01 -4.190621874000000080e-01
3.549999999999999822e-01 -4.186286733999999843e-01
3.574999999999999845e-01 -4.177393913999999930e-01
3.599999999999999867e-01 -4.177144133999999842e-01
3.624999999999999889e-01 -4.160908888000000028e-01
3.649999999999999911e-01 -4.156017457000000248e-01
3.674999999999999933e-01 -4.161376493999999759e-01
3.699999999999999956e-01 -4.155435211999999878e-01
3.724999999999999978e-01 -4.154409197999999748e-01
3.750000000000000000e-01 -4.142105644999999892e-01
3.775000000000000022e-01 -4.141239178000000187e-01
3.800000000000000044e-01 -4.136569368999999941e-01
3.825000000000000067e-01 -4.131489563999999892e-01
3.850000000000000089e-01 -4.121797514000000162e-01
3.875000000000000111e-01 -4.120544087999999938e-01
3.900000000000000133e-01 -4.113149698999999937e-01
3.925000000000000155e-01 -4.107689763999999855e-01
3.950000000000000178e-01 -4.103758504000000196e-01
3.975000000000000200e-01 -4.095551068000000128e-01
4.000000000000000222e-01 -4.098295375000000074e-01
4.025000000000000244e-01 -4.091902615999999937e-01
4.050000000000000266e-01 -4.081009058000000245e-01
4.074999999999999734e-01 -4.088798493999999950e-01
4.099999999999999756e-01 -4.077635015000000140e-01
4.124999999999999778e-01 -4.068081956999999860e-01
4.149999999999999800e-01 -4.064839272999999920e-01
4.174999999999999822e-01 -4.061505261000000200e-01
4.199999999999999845e-01 -4.052063898000000108e-01
4.224999999999999867e-01 -4.054915802999999874e-01
4.249999999999999889e-01 -4.050642689999999768e-01
4.274999999999999911e-01 -4.043871320999999908e-01
4.299999999999999933e-01 -4.038410773000000176e-01
4.324999999999999956e-01 -4.036054002000000196e-01
4.349999999999999978e-01 -4.030309611999999819e-01
4.375000000000000000e-01 -4.021223032999999836e-01
4.400000000000000022e-01 -4.024038896000000087e-01
4.425000000000000044e-01 -4.014828905999999753e-01
4.450000000000000067e-01 -4.009129704000000127e-01
4.475000000000000089e-01 -4.005062466000000043e-01
4.500000000000000111e-01 -4.006530515999999764e-01
4.525000000000000133e-01 -3.999765341000000030e-01
4.550000000000000155e-01 -3.998995531999999797e-01
4.575000000000000178e-01 -3.989524103000000044e-01
4.600000000000000200e-01 -3.986249517000000075e-01
4.625000000000000222e-01 -3.983399447000000038e-01
4.650000000000000244e-01 -3.982018487999999801e-01
4.675000000000000266e-01 -3.972933987000000222e-01
4.699999999999999734e-01 -3.970556023999999851e-01
4.724999999999999756e-01 -3.962117510000000009e-01
4.749999999999999778e-01 -3.955350582000000115e-01
4.774999999999999800e-01 -3.950457620000000225e-01
4.799999999999999822e-01 -3.949452598000000036e-01
4.824999999999999845e-01 -3.943171614000000047e-01
4.849999999999999867e-01 -3.943779290000000159e-01
4.874999999999999889e-01 -3.938803070999999933e-01
4.899999999999999911e-01 -3.931735430000000142e-01
4.924999999999999933e-01 -3.929081038000000192e-01
4.949999999999999956e-01 -3.921338796000000126e-01
4.974999999999999978e-01 -3.915221877000000239e-01
5.000000000000000000e-01 -3.916624195999999780e-01
5.024999999999999467e-01 -3.907565356000000101e-01
5.050000000000000044e-01 -3.908653100000000213e-01
5.074999999999999512e-01 -3.905098991000000019e-01
5.100000000000000089e-01 -3.900331227000000123e-01
5.124999999999999556e-01 -3.890420828999999747e-01
5.150000000000000133e-01 -3.886699093000000049e-01
5.174999999999999600e-01 -3.884468938999999787e-01
5.200000000000000178e-01 -3.877136715999999761e-01
5.224999999999999645e-01 -3.869339909000000244e-01
5.250000000000000222e-01 -3.869899112999999891e-01
5.274999999999999689e-01 -3.870699145000000008e-01
5.300000000000000266e-01 -3.860077304000000264e-01
5.324999999999999734e-01 -3.858253406000000107e-01
5.350000000000000311e-01 -3.854206157000000244e-01
5.374999999999999778e-01 -3.855236517999999779e-01
5.400000000000000355e-01 -3.851462512000000116e-01
5.424999999999999822e-01 -3.840452395000000241e-01
5.450000000000000400e-01 -3.834320277000000110e-01
5.474999999999999867e-01 -3.832404255999999898e-01
5.500000000000000444e-01 -3.829763860000000020e-01
5.524999999999999911e-01 -3.827139077000000222e-01
5.550000000000000488e-01 -3.820156808999999876e-01
5.574999999999999956e-01 -3.818815986999999912e-01
5.600000000000000533e-01 -3.811664415000000083e-01
5.625000000000000000e-01 -3.807873843999999841e-01
5.649999999999999467e-01 -3.806855519999999826e-01
5.675000000000000044e-01 -3.798567984999999814e-01
5.699999999999999512e-01 -3.794172934999999747e-01
5.725000000000000089e-01 -3.792955787000000245e-01
5.749999999999999556e-01 -3.793416886000000043e-01
5.775000000000000133e-01 -3.787728784000000126e-01
5.799999999999999600e-01 -3.781432625999999741e-01
5.825000000000000178e-01 -3.770684536000000198e-01
5.849999999999999645e-01 -3.774898861000000050e-01
5.875000000000000222e-01 -3.767794910999999747e-01
5.899999999999999689e-01 -3.760783072000000171e-01
5.925000000000000266e-01 -3.760222376999999838e-01
5.949999999999999734e-01 -3.754692500999999849e-01
5.975000000000000311e-01 -3.750496643999999824e-01
5.999999999999999778e-01 -3.747920208000000142e-01
6.025000000000000355e-01 -3.744467229999999813e-01
6.049999999999999822e-01 -3.739252619999999805e-01
6.075000000000000400e-01 -3.738831575000000074e-01
6.099999999999999867e-01 -3.733534640000000238e-01
6.125000000000000444e-01 -3.730678783999999970e-01
6.149999999999999911e-01 -3.721526144999999786e-01
6.175000000000000488e-01 -3.721326923000000120e-01
6.199999999999999956e-01 -3.714070081999999995e-01
6.225000000000000533e-01 -3.716014002999999954e-01
6.250000000000000000e-01 -3.705777338999999837e-01
6.274999999999999467e-01 -3.703495749999999864e-01
6.300000000000000044e-01 -3.698736530000000244e-01
6.324999999999999512e-01 -3.698458094000000029e-01
6.350000000000000089e-01 -3.687777953999999969e-01
6.374999999999999556e-01 -3.688914705999999932e-01
6.400000000000000133e-01 -3.686395895999999839e-01
6.424999999999999600e-01 -3.676324874999999937e-01
6.450000000000000178e-01 -3.675908270000000089e-01
6.474999999999999645e-01 -3.672606554000000245e-01
6.500000000000000222e-01 -3.669461200999999950e-01
6.524999999999999689e-01 -3.668637717000000076e-01
6.550000000000000266e-01 -3.656784202000000206e-01
6.574999999999999734e-01 -3.661438913000000239e-01
6.600000000000000311e-01 -3.651631362000000158e-01
6.624999999999999778e-01 -3.651121890999999842e-01
6.650000000000000355e-01 -3.649238751000000169e-01
6.674999999999999822e-01 -3.640966856999999779e-01
6.700000000000000400e-01 -3.640045500999999906e-01
6.724999999999999867e-01 -3.636345072000000123e-01
6.750000000000000444e-01 -3.629957838999999797e-01
6.774999999999999911e-01 -3.627906895999999937e-01
6.800000000000000488e-01 -3.625239498000000227e-01
6.824999999999999956e-01 -3.615540421999999809e-01
6.850000000000000533e-01 -3.617640803000000127e-01
6.875000000000000000e-01 -3.611127278999999857e-01
6.899999999999999467e-01 -3.610538735000000110e-01
6.925000000000000044e-01 -3.601309187999999772e-01
6.949999999999999512e-01 -3.600188912999999769e-01
6.975000000000000089e-01 -3.596358696999999993e-01
6.999999999999999556e-01 -3.594903522999999823e-01
7.025000000000000133e-01 -3.587745582999999905e-01
7.049999999999999600e-01 -3.588509527000000032e-01
7.075000000000000178e-01 -3.586144356000000033e-01
7.099999999999999645e-01 -3.578588050000000020e-01
7.125000000000000222e-01 -3.575178806000000042e-01
7.149999999999999689e-01 -3.574098933000000033e-01
7.175000000000000266e-01 -3.573246615999999820e-01
7.199999999999999734e-01 -3.563096367999999958e-01
7.225000000000000311e-01 -3.561395858999999997e-01
7.249999999999999778e-01 -3.552089896000000246e-01
7.275000000000000355e-01 -3.555875994000000095e-01
7.299999999999999822e-01 -3.551284485999999796e-01
7.325000000000000400e-01 -3.548296224999999970e-01
7.349999999999999867e-01 -3.544291128000000013e-01
7.375000000000000444e-01 -3.538726701000000086e-01
7.399999999999999911e-01 -3.540967740000000030e-01
7.425000000000000488e-01 -3.531245572999999749e-01
7.449999999999999956e-01 -3.528623697000000115e-01
7.475000000000000533e-01 -3.525792520000000096e-01
7.500000000000000000e-01 -3.528706375999999811e-01
7.524999999999999467e-01 -3.522799765999999888e-01
7.550000000000000044e-01 -3.514297251999999872e-01
7.574999999999999512e-01 -3.512264346000000259e-01
7.600000000000000089e-01 -3.504697961000000084e-01
7.624999999999999556e-01 -3.505401974999999837e-01
7.650000000000000133e-01 -3.500102823999999835e-01
7.674999999999999600e-01 -3.496736626999999986e-01
7.700000000000000178e-01 -3.495597857000000142e-01
7.724999999999999645e-01 -3.490809418999999969e-01
7.750000000000000222e-01 -3.486731987999999727e-01
7.774999999999999689e-01 -3.483019155000000033e-01
7.800000000000000266e-01 -3.475043241999999921e-01
7.824999999999999734e-01 -3.477532304000000019e-01
7.850000000000000311e-01 -3.474538366000000100e-01
7.874999999999999778e-01 -3.467208260999999903e-01
7.900000000000000355e-01 -3.468595065000000255e-01
7.924999999999999822e-01 -3.461659905999999731e-01
7.950000000000000400e-01 -3.456577063999999866e-01
7.974999999999999867e-01 -3.454878096999999815e-01
8.000000000000000444e-01 -3.447824239000000235e-01
8.024999999999999911e-01 -3.445078659999999959e-01
8.050000000000000488e-01 -3.443081169000000163e-01
8.074999999999999956e-01 -3.438566201000000100e-01
8.100000000000000533e-01 -3.443151171000000121e-01
8.125000000000000000e-01 -3.431122757000000245e-01
8.149999999999999467e-01 -3.431942840000000161e-01
8.175000000000000044e-01 -3.429209751000000250e-01
8.199999999999999512e-01 -3.423673858999999875e-01
8.225000000000000089e-01 -3.422928939000000059e-01
8.249999999999999556e-01 -3.417592056000000045e-01
8.275000000000000133e-01 -3.413162798000000109e-01
8.299999999999999600e-01 -3.409243974999999760e-01
8.325000000000000178e-01 -3.411141753999999970e-01
8.349999999999999645e-01 -3.401165709999999787e-01
8.375000000000000222e-01 -3.405205142000000129e-01
8.399999999999999689e-01 -3.399143137999999786e-01
8.425000000000000266e-01 -3.392507214000000104e-01
8.449999999999999734e-01 -3.392333739999999764e-01
8.475000000000000311e-01 -3.385088875999999747e-01
8.499999999999999778e-01 -3.387536515999999831e-01
8.525000000000000355e-01 -3.376975079000000268e-01
8.549999999999999822e-01 -3.378209488999999732e-01
8.575000000000000400e-01 -3.376781822000000099e-01
8.599999999999999867e-01 -3.373917945000000085e-01
8.625000000000000444e-01 -3.371786609999999906e-01
8.649999999999999911e-01 -3.369019986999999827e-01
8.675000000000000488e-01 -3.360094632999999775e-01
8.699999999999999956e-01 -3.359163074000000027e-01
8.725000000000000533e-01 -3.356881224000000108e-01
8.750000000000000000e-01 -3.351916091000000097e-01
8.774999999999999467e-01 -3.348288945999999822e-01
8.800000000000000044e-01 -3.346008106000000204e-01
8.824999999999999512e-01 -3.346752031999999932e-01
8.850000000000000089e-01 -3.339705043000000262e-01
8.874999999999999556e-01 -3.339629751000000035e-01
8.900000000000000133e-01 -3.333897423000000138e-01
8.924999999999999600e-01 -3.332256067000000099e-01
8.950000000000000178e-01 -3.328938012000000057e-01
8.974999999999999645e-01 -3.331180930000000040e-01
9.000000000000000222e-01 -3.319499737000000117e-01
9.024999999999999689e-01 -3.320319554999999756e-01
9.050000000000000266e-01 -3.317942286000000185e-01
9.074999999999999734e-01 -3.317366286000000275e-01
9.100000000000000311e-01 -3.308565938999999956e-01
9.124999999999999778e-01 -3.306032076000000042e-01
9.150000000000000355e-01 -3.303324384999999919e-01
9.174999999999999822e-01 -3.302638822000000252e-01
9.200000000000000400e-01 -3.298248596000000199e-01
9.224999999999999867e-01 -3.293314694999999737e-01
9.250000000000000444e-01 -3.290615243000000190e-01
9.274999999999999911e-01 -3.290233195000000221e-01
9.300000000000000488e-01 -3.286464789999999914e-01
9.324999999999999956e-01 -3.282447762999999852e-01
9.350000000000000533e-01 -3.278096448999999746e-01
9.375000000000000000e-01 -3.271226114999999934e-01
9.399999999999999467e-01 -3.268873711999999987e-01
9.425000000000000044e-01 -3.271140914999999816e-01
9.449999999999999512e-01 -3.266695652000000116e-01
9.475000000000000089e-01 -3.264519504000000238e-01
9.499999999999999556e-01 -3.258259188000000028e-01
9.525000000000000133e-01 -3.256495635000000166e-01
9.549999999999999600e-01 -3.254956379000000233e-01
9.575000000000000178e-01 -3.252394777000000015e-01
9.599999999999999645e-01 -3.252042796999999874e-01
9.625000000000000222e-01 -3.244776411999999999e-01
9.649999999999999689e-01 -3.240838226000000155e-01
9.675000000000000266e-01 -3.237431432999999803e-01
9.699999999999999734e-01 -3.241079050999999822e-01
9.725000000000000311e-01 -3.231641151999999906e-01
9.749999999999999778e-01 -3.227811583999999900e-01
9.775000000000000355e-01 -3.225509692999999900e-01
9.799999999999999822e-01 -3.223513789999999934e-01
9.825000000000000400e-01 -3.225481425999999763e-01
9.849999999999999867e-01 -3.214197369999999832e-01
9.875000000000000444e-01 -3.216815583000000034e-01
9.899999999999999911e-01 -3.212886068999999956e-01
9.925000000000000488e-01 -3.209517360999999958e-01
9.949999999999999956e-01 -3.209087393000000232e-01
9.975000000000000533e-01 -3.203942209999999791e-01
1.000000000000000000e+00 -3.202550133000000021e-01
1.002499999999999947e+00 -3.196684115999999798e-01
1.004999999999999893e+00 -3.197035617000000274e-01
1.007500000000000062e+00 -3.188430772999999996e-01
1.010000000000000009e+00 -3.193604441999999821e-01
1.012499999999999956e+00 -3.183115865000000211e-01
1.014999999999999902e+00 -3.184074176999999728e-01
1.017500000000000071e+00 -3.182469130000000201e-01
1.020000000000000018e+00 -3.180780185000000038e-01
1.022499999999999964e+00 -3.171717627999999789e-01
1.024999999999999911e+00 -3.168946679999999905e-01
1.027500000000000080e+00 -3.169397360999999802e-01
1.030000000000000027e+00 -3.161002636999999948e-01
1.032499999999999973e+00 -3.163033096000000266e-01
1.034999999999999920e+00 -3.163772283999999879e-01
1.037500000000000089e+00 -3.159251612000000264e-01
1.040000000000000036e+00 -3.162567450000000058e-01
1.042499999999999982e+00 -3.148987075999999941e-01
1.044999999999999929e+00 -3.152870950000000172e-01
1.047500000000000098e+00 -3.141076461000000264e-01
1.050000000000000044e+00 -3.144691539000000202e-01
1.052499999999999991e+00 -3.143341554999999898e-01
1.054999999999999938e+00 -3.134562881999999884e-01
1.057500000000000107e+00 -3.135928606999999757e-01
1.060000000000000053e+00 -3.129832406999999983e-01
1.062500000000000000e+00 -3.130996564999999898e-01
1.064999999999999947e+00 -3.127072803000000012e-01
1.067499999999999893e+00 -3.124530690999999805e-01
1.070000000000000062e+00 -3.123462301000000108e-01
1.072500000000000009e+00 -3.120592560000000071e-01
1.074999999999999956e+00 -3.117448205000000194e-01
1.077499999999999902e+00 -3.115392129999999815e-01
1.080000000000000071e+00 -3.109795844000000087e-01
1.082500000000000018e+00 -3.110583778000000077e-01
1.084999999999999964e+00 -3.106125113000000049e-01
1.087499999999999911e+00 -3.099889745000000141e-01
1.090000000000000080e+00 -3.099956828000000053e-01
1.092500000000000027e+00 -3.095755587999999836e-01
1.094999999999999973e+00 -3.093877682999999768e-01
1.097499999999999920e+00 -3.086964549999999807e-01
1.100000000000000089e+00 -3.087114814999999957e-01
1.102500000000000036e+00 -3.088483133000000103e-01
1.104999999999999982e+00 -3.081229871999999759e-01
1.107499999999999929e+00 -3.084403003000000254e-01
1.110000000000000098e+00 -3.078718490999999835e-01
1.112500000000000044e+00 -3.072283271999999843e-01
1.114999999999999991e+00 -3.072871766999999976e-01
1.117499999999999938e+00 -3.070991698000000159e-01
1.120000000000000107e+00 -3.065283434000000140e-01
1.122500000000000053e+00 -3.062864305999999925e-01
1.125000000000000000e+00 -3.067753993999999818e-01
1.127499999999999947e+00 -3.057297849999999761e-01
1.129999999999999893e+00 -3.058730924999999989e-01
1.132500000000000062e+00 -3.051888259000000159e-01
1.135000000000000009e+00 -3.056001674000000112e-01
1.137499999999999956e+00 -3.044618288000000006e-01
1.139999999999999902e+00 -3.048237290999999960e-01
1.142500000000000071e+00 -3.041566206999999911e-01
1.145000000000000018e+00 -3.039800532999999971e-01
1.147499999999999964e+00 -3.040338501000000027e-01
1.149999999999999911e+00 -3.039706308999999829e-01
1.152500000000000080e+00 -3.036177004999999762e-01
1.155000000000000027e+00 -3.033582067000000215e-01
1.157499999999999973e+00 -3.027995894000000132e-01
1.159999999999999920e+00 -3.023660722000000023e-01
1.162500000000000089e+00 -3.025619656999999907e-01
1.165000000000000036e+00 -3.018862612000000056e-01
1.167499999999999982e+00 -3.014393979000000168e-01
1.169999999999999929e+00 -3.013012420999999774e-01
1.172500000000000098e+00 -3.016933793000000086e-01
1.175000000000000044e+00 -3.013910235999999743e-01
1.177499999999999991e+00 -3.008354493000000018e-01
1.179999999999999938e+00 -3.005573615000000087e-01
1.182500000000000107e+00 -3.004724652999999912e-01
1.185000000000000053e+00 -2.998127139000000274e-01
1.187500000000000000e+00 -2.995516953999999843e-01
1.189999999999999947e+00 -2.990618347999999815e-01
1.192499999999999893e+00 -2.987289866000000238e-01
1.195000000000000062e+00 -2.985281510000000194e-01
1.197500000000000009e+00 -2.986409658999999994e-01
1.199999999999999956e+00 -2.987447386000000038e-01
1.202499999999999902e+00 -2.987563681000000027e-01
1.205000000000000071e+00 -2.984163132000000052e-01
1.207500000000000018e+00 -2.979591616999999748e-01
1.209999999999999964e+00 -2.976910067999999909e-01
1.212499999999999911e+00 -2.973981111999999816e-01
1.215000000000000080e+00 -2.974429906000000123e-01
1.217500000000000027e+00 -2.965748793999999910e-01
1.219999999999999973e+00 -2.958243769000000190e-01
1.222499999999999920e+00 -2.960275079999999948e-01
1.225000000000000089e+00 -2.960537106000000196e-01
1.227500000000000036e+00 -2.957157791000000202e-01
1.229999999999999982e+00 -2.953885061000000034e-01
1.232499999999999929e+00 -2.952534388999999981e-01
1.235000000000000098e+00 -2.950710308999999754e-01
1.237500000000000044e+00 -2.947964726999999785e-01
1.239999999999999991e+00 -2.944975130999999968e-01
1.242499999999999938e+00 -2.940188751999999739e-01
1.245000000000000107e+00 -2.937215762000000008e-01
1.247500000000000053e+00 -2.936213180000000200e-01
1.250000000000000000e+00 -2.933730183000000102e-01
1.252499999999999947e+00 -2.932307518999999751e-01
1.254999999999999893e+00 -2.933608927999999949e-01
1.257500000000000062e+00 -2.928992340000000083e-01
1.260000000000000009e+00 -2.926919042000000193e-01
1.262499999999999956e+00 -2.922934120999999830e-01
1.264999999999999902e+00 -2.923179610000000150e-01
1.267500000000000071e+00 -2.919693721000000131e-01
1.270000000000000018e+00 -2.915416807999999804e-01
1.272499999999999964e+00 -2.914634691999999916e-01
1.274999999999999911e+00 -2.913920805999999919e-01
1.277500000000000080e+00 -2.911726646999999724e-01
1.280000000000000027e+00 -2.912167084000000239e-01
1.282499999999999973e+00 -2.899381636000000206e-01
1.284999999999999920e+00 -2.900027058999999907e-01
1.287500000000000089e+00 -2.901968026000000256e-01
1.290000000000000036e+00 -2.901899284000000190e-01
1.292499999999999982e+00 -2.897349602000000024e-01
1.294999999999999929e+00 -2.893186120999999833e-01
1.297500000000000098e+00 -2.892429863000000045e-01
1.300000000000000044e+00 -2.886782037000000245e-01
1.302499999999999991e+00 -2.884428654999999786e-01
1.304999999999999938e+00 -2.882306687000000256e-01
1.307500000000000107e+00 -2.883190487000000246e-01
1.310000000000000053e+00 -2.876759205000000152e-01
1.312500000000000000e+00 -2.875015429000000178e-01
1.314999999999999947e+00 -2.873526686999999802e-01
1.317499999999999893e+00 -2.869720426999999852e-01
1.320000000000000062e+00 -2.872086517999999922e-01
1.322500000000000009e+00 -2.870395320999999944e-01
1.324999999999999956e+00 -2.864888038000000248e-01
1.327499999999999902e+00 -2.862595648999999853e-01
1.330000000000000071e+00 -2.861032412999999774e-01
1.332500000000000018e+00 -2.859975544000000203e-01
1.334999999999999964e+00 -2.855279054000000039e-01
1.337499999999999911e+00 -2.853111524999999982e-01
1.340000000000000080e+00 -2.849543234999999952e-01
1.342500000000000027e+00 -2.849056361000000259e-01
1.344999999999999973e+00 -2.849397186000000026e-01
1.347499999999999920e+00 -2.844727683000000118e-01
1.350000000000000089e+00 -2.843546861999999842e-01
1.352500000000000036e+00 -2.840690397000000256e-01
1.354999999999999982e+00 -2.835538007000000249e-01
1.357499999999999929e+00 -2.834467066999999951e-01
1.360000000000000098e+00 -2.836989846999999898e-01
1.362500000000000044e+00 -2.831874064000000080e-01
1.364999999999999991e+00 -2.826722152000000210e-01
1.367499999999999938e+00 -2.832637863999999950e-01
1.370000000000000107e+00 -2.824521324000000000e-01
1.372500000000000053e+00 -2.822995528000000198e-01
1.375000000000000000e+00 -2.815185007000000073e-01
1.377499999999999947e+00 -2.818195641999999834e-01
1.379999999999999893e+00 -2.818309595999999861e-01
1.382500000000000062e+00 -2.812848036999999746e-01
1.385000000000000009e+00 -2.814781035000000209e-01
1.387499999999999956e+00 -2.810427925000000271e-01
1.389999999999999902e+00 -2.805970851999999849e-01
1.392500000000000071e+00 -2.802783152000000166e-01
1.395000000000000018e+00 -2.806098652999999832e-01
1.397499999999999964e+00 -2.800866052000000050e-01
1.399999999999999911e+00 -2.798819469000000115e-01
1.402500000000000080e+00 -2.794666706999999750e-01
1.405000000000000027e+00 -2.793539975000000064e-01
1.407499999999999973e+00 -2.794438186000000046e-01
1.409999999999999920e+00 -2.789255925999999941e-01
1.412500000000000089e+00 -2.785869771000000217e-01
1.415000000000000036e+00 -2.786481852000000092e-01
1.417499999999999982e+00 -2.784639510999999956e-01
1.419999999999999929e+00 -2.779785084999999989e-01
1.422500000000000098e+00 -2.777797450999999751e-01
1.425000000000000044e+00 -2.777112261999999943e-01
1.427499999999999991e+00 -2.777215050999999879e-01
1.429999999999999938e+00 -2.771272624000000184e-01
1.432500000000000107e+00 -2.767039101000000056e-01
1.435000000000000053e+00 -2.771523511999999800e-01
1.437500000000000000e+00 -2.765838118000000234e-01
1.439999999999999947e+00 -2.765115497999999783e-01
1.442499999999999893e+00 -2.763611388000000169e-01
1.445000000000000062e+00 -2.763763909999999990e-01
1.447500000000000009e+00 -2.760009272000000236e-01
1.449999999999999956e+00 -2.752530047000000257e-01
1.452499999999999902e+00 -2.754951435999999920e-01
1.455000000000000071e+00 -2.752555584999999971e-01
1.457500000000000018e+00 -2.746098542000000031e-01
1.459999999999999964e+00 -2.749777318000000137e-01
1.462499999999999911e+00 -2.744314131000000212e-01
1.465000000000000080e+00 -2.741952126000000156e-01
1.467500000000000027e+00 -2.737926491000000073e-01
1.469999999999999973e+00 -2.738711829000000098e-01
1.472499999999999920e+00 -2.737581789999999904e-01
1.475000000000000089e+00 -2.737837491999999817e-01
1.477500000000000036e+00 -2.736858721000000050e-01
1.479999999999999982e+00 -2.732784106000000213e-01
1.482499999999999929e+00 -2.726829055000000168e-01
1.485000000000000098e+00 -2.724968354999999787e-01
1.487500000000000044e+00 -2.726735043999999886e-01
1.489999999999999991e+00 -2.719023358000000057e-01
1.492499999999999938e+00 -2.719581564999999923e-01
1.495000000000000107e+00 -2.717579782999999805e-01
1.497500000000000053e+00 -2.720332352000000009e-01
1.500000000000000000e+00 -2.717661584000000130e-01
1.502499999999999947e+00 -2.714806912000000128e-01
1.504999999999999893e+00 -2.710893745999999882e-01
1.507500000000000062e+00 -2.714408856000000148e-01
1.510000000000000009e+00 -2.708604935999999741e-01
1.512499999999999956e+00 -2.705069708999999767e-01
1.514999999999999902e+00 -2.701480030999999782e-01
1.517500000000000071e+00 -2.700264065999999907e-01
1.520000000000000018e+00 -2.703039027999999955e-01
1.522499999999999964e+00 -2.694485265000000074e-01
1.524999999999999911e+00 -2.696074620999999727e-01
1.527500000000000080e+00 -2.694005631999999983e-01
1.530000000000000027e+00 -2.688887138000000121e-01
1.532499999999999973e+00 -2.688419804000000135e-01
1.534999999999999920e+00 -2.687193170000000131e-01
1.537500000000000089e+00 -2.682697294999999982e-01
1.540000000000000036e+00 -2.686688811999999871e-01
1.542499999999999982e+00 -2.682092347999999737e-01
1.544999999999999929e+00 -2.680301016000000147e-01
1.547500000000000098e+00 -2.674269879999999766e-01
1.550000000000000044e+00 -2.676242683999999761e-01
1.552499999999999991e+00 -2.673748886999999796e-01
1.554999999999999938e+00 -2.672398375000000215e-01
1.557500000000000107e+00 -2.666349299999999922e-01
1.560000000000000053e+00 -2.667096270000000047e-01
1.562500000000000000e+00 -2.668550051999999950e-01
1.564999999999999947e+00 -2.667406887000000060e-01
1.567499999999999893e+00 -2.661930129000000256e-01
1.570000000000000062e+00 -2.662201468000000015e-01
1.572500000000000009e+00 -2.655549106000000270e-01
1.574999999999999956e+00 -2.658749959999999746e-01
1.577499999999999902e+00 -2.652827311000000021e-01
1.580000000000000071e+00 -2.655097207000000070e-01
1.582500000000000018e+00 -2.649243143000000189e-01
1.584999999999999964e+00 -2.650776134000000228e-01
1.587499999999999911e+00 -2.647457304999999983e-01
1.590000000000000080e+00 -2.647858234000000088e-01
1.592500000000000027e+00 -2.642922851999999767e-01
1.594999999999999973e+00 -2.642726291999999977e-01
1.597499999999999920e+00 -2.639786407999999973e-01
1.600000000000000089e+00 -2.634319707000000177e-01
1.602500000000000036e+00 -2.634175322000000263e-01
1.604999999999999982e+00 -2.631635869000000238e-01
1.607499999999999929e+00 -2.630138579999999893e-01
1.610000000000000098e+00 -2.627801040000000143e-01
1.612500000000000044e+00 -2.630486454000000029e-01
1.614999999999999991e+00 -2.627858144999999923e-01
1.617499999999999938e+00 -2.627444728000000174e-01
1.620000000000000107e+00 -2.621770837999999881e-01
1.622500000000000053e+00 -2.623135310999999970e-01
1.625000000000000000e+00 -2.624315488999999779e-01
1.627499999999999947e+00 -2.624666381999999909e-01
1.629999999999999893e+00 -2.619785340999999934e-01
1.632500000000000062e+00 -2.614824679000000152e-01
1.635000000000000009e+00 -2.608432615999999871e-01
1.637499999999999956e+00 -2.610380641000000224e-01
1.639999999999999902e+00 -2.610577108000000091e-01
1.642500000000000071e+00 -2.606476323999999956e-01
1.645000000000000018e+00 -2.603657574000000086e-01
1.647499999999999964e+00 -2.602542508999999837e-01
1.649999999999999911e+00 -2.598538356999999799e-01
1.652500000000000080e+00 -2.597673931999999741e-01
1.655000000000000027e+00 -2.594322841000000213e-01
1.657499999999999973e+00 -2.597741818000000036e-01
1.659999999999999920e+00 -2.592775368999999941e-01
1.662500000000000089e+00 -2.593113878000000150e-01
1.665000000000000036e+00 -2.588608004999999879e-01
1.667499999999999982e+00 -2.591359590999999796e-01
1.669999999999999929e+00 -2.587624921000000189e-01
1.672500000000000098e+00 -2.582176079999999874e-01
1.675000000000000044e+00 -2.581572571999999899e-01
1.677499999999999991e+00 -2.579792298999999955e-01
1.679999999999999938e+00 -2.577359550000000166e-01
1.682500000000000107e+00 -2.578097466000000004e-01
1.685000000000000053e+00 -2.576480065999999791e-01
1.687500000000000000e+00 -2.574963230999999797e-01
1.689999999999999947e+00 -2.571524209000000116e-01
1.692499999999999893e+00 -2.571571904000000131e-01
1.695000000000000062e+00 -2.572792475999999828e-01
1.697500000000000009e+00 -2.566816993000000102e-01
1.699999999999999956e+00 -2.566203012000000117e-01
1.702499999999999902e+00 -2.562507225000000277e-01
1.705000000000000071e+00 -2.560323349999999998e-01
1.707500000000000018e+00 -2.560806225000000214e-01
1.709999999999999964e+00 -2.561482342999999995e-01
1.712499999999999911e+00 -2.556237520999999902e-01
1.715000000000000080e+00 -2.554658886000000240e-01
1.717500000000000027e+00 -2.551734890999999839e-01
1.719999999999999973e+00 -2.550312686000000273e-01
1.722499999999999920e+00 -2.548570897999999918e-01
1.725000000000000089e+00 -2.544861092999999852e-01
1.727500000000000036e+00 -2.549482762999999985e-01
1.729999999999999982e+00 -2.543293884999999754e-01
1.732499999999999929e+00 -2.543045602999999821e-01
1.735000000000000098e+00 -2.543120356999999943e-01
1.737500000000000044e+00 -2.538546644999999935e-01
1.739999999999999991e+00 -2.541376806999999793e-01
1.742499999999999938e+00 -2.535755339999999913e-01
1.745000000000000107e+00 -2.533672220000000030e-01
1.747500000000000053e+00 -2.536326097000000113e-01
1.750000000000000000e+00 -2.526543548999999889e-01
1.752499999999999947e+00 -2.526633601000000118e-01
1.754999999999999893e+00 -2.525390089999999810e-01
1.757500000000000062e+00 -2.524155023999999914e-01
1.760000000000000009e+00 -2.520896121999999795e-01
1.762499999999999956e+00 -2.522726277999999822e-01
1.764999999999999902e+00 -2.522097125000000162e-01
1.767500000000000071e+00 -2.520124657000000212e-01
1.770000000000000018e+00 -2.516984662000000261e-01
1.772499999999999964e+00 -2.516479868000000009e-01
1.774999999999999911e+00 -2.513956506999999729e-01
1.777500000000000080e+00 -2.512495994999999760e-01
1.780000000000000027e+00 -2.512644198999999801e-01
1.782499999999999973e+00 -2.505457254999999828e-01
1.784999999999999920e+00 -2.505697687999999812e-01
1.787500000000000089e+00 -2.507189745000000247e-01
1.790000000000000036e+00 -2.499880768999999947e-01
1.792499999999999982e+00 -2.503374013999999925e-01
1.794999999999999929e+00 -2.501237608999999917e-01
1.797500000000000098e+00 -2.498773314000000134e-01
1.800000000000000044e+00 -2.493985618000000015e-01
1.802499999999999991e+00 -2.496391028000000123e-01
1.804999999999999938e+00 -2.493762894000000063e-01
1.807500000000000107e+00 -2.493931856999999919e-01
1.810000000000000053e+00 -2.489672629000000137e-01
1.812500000000000000e+00 -2.488036945000000055e-01
1.814999999999999947e+00 -2.489585998000000133e-01
1.817499999999999893e+00 -2.483764004000000025e-01
1.820000000000000062e+00 -2.483530378999999899e-01
1.822500000000000009e+00 -2.480317012000000099e-01
1.824999999999999956e+00 -2.481954172999999986e-01
1.827499999999999902e+00 -2.479887282999999887e-01
1.830000000000000071e+00 -2.475109105999999948e-01
1.832500000000000018e+00 -2.476483533999999931e-01
1.834999999999999964e+00 -2.476254997000000013e-01
1.837499999999999911e+00 -2.467759046000000123e-01
1.840000000000000080e+00 -2.470845463999999936e-01
1.842500000000000027e+00 -2.472701153999999901e-01
1.844999999999999973e+00 -2.473180853999999984e-01
1.847499999999999920e+00 -2.466636258999999887e-01
1.850000000000000089e+00 -2.465995668000000030e-01
1.852500000000000036e+00 -2.461837672999999949e-01
1.854999999999999982e+00 -2.457315032000000066e-01
1.857499999999999929e+00 -2.460458600000000051e-01
1.860000000000000098e+00 -2.456924792999999885e-01
1.862500000000000044e+00 -2.457446610000000031e-01
1.864999999999999991e+00 -2.461117747999999883e-01
1.867499999999999938e+00 -2.457799187999999968e-01
1.870000000000000107e+00 -2.450896448999999866e-01
1.872500000000000053e+00 -2.451671098000000049e-01
1.875000000000000000e+00 -2.445328931000000094e-01
1.877499999999999947e+00 -2.447906122999999878e-01
1.879999999999999893e+00 -2.447184750999999991e-01
1.882500000000000062e+00 -2.441446798999999945e-01
1.885000000000000009e+00 -2.441897201000000073e-01
1.887499999999999956e+00 -2.443155944000000024e-01
1.889999999999999902e+00 -2.444075797999999966e-01
1.892500000000000071e+00 -2.434222557000000065e-01
1.895000000000000018e+00 -2.435883292999999894e-01
1.897499999999999964e+00 -2.433661253000000135e-01
1.899999999999999911e+00 -2.435488496999999863e-01
1.902500000000000080e+00 -2.433938910000000011e-01
1.905000000000000027e+00 -2.429950120999999907e-01
1.907499999999999973e+00 -2.425878569999999901e-01
1.909999999999999920e+00 -2.429962968000000112e-01
1.912500000000000089e+00 -2.426892486999999987e-01
1.915000000000000036e+00 -2.427205584000000083e-01
1.917499999999999982e+00 -2.421335200999999993e-01
1.919999999999999929e+00 -2.428000084999999975e-01
1.922500000000000098e+00 -2.424893401999999865e-01
1.925000000000000044e+00 -2.421810627000000049e-01
1.927499999999999991e+00 -2.418693078999999968e-01
1.929999999999999938e+00 -2.417864969999999891e-01
1.932500000000000107e+00 -2.415752026000000108e-01
1.935000000000000053e+00 -2.416719256000000038e-01
1.937500000000000000e+00 -2.411742692000000132e-01
1.939999999999999947e+00 -2.407756632999999979e-01
1.942499999999999893e+00 -2.404595277000000086e-01
1.945000000000000062e+00 -2.407879024000000034e-01
1.947500000000000009e+00 -2.404453410999999874e-01
1.949999999999999956e+00 -2.401009772999999903e-01
1.952499999999999902e+00 -2.401369399000000127e-01
1.955000000000000071e+00 -2.400251901000000077e-01
1.957500000000000018e+00 -2.397825165999999952e-01
1.959999999999999964e+00 -2.400856336999999951e-01
1.962499999999999911e+00 -2.402537084999999961e-01
1.965000000000000080e+00 -2.393749994999999908e-01
1.967500000000000027e+00 -2.391729924999999868e-01
1.969999999999999973e+00 -2.392482546999999959e-01
1.972499999999999920e+00 -2.392219584999999982e-01
1.975000000000000089e+00 -2.387886572000000041e-01
1.977500000000000036e+00 -2.383466525999999863e-01
1.979999999999999982e+00 -2.387764596999999989e-01
1.982499999999999929e+00 -2.390330935999999962e-01
1.985000000000000098e+00 -2.388821022000000016e-01
1.987500000000000044e+00 -2.380096677000000105e-01
1.989999999999999991e+00 -2.380067302999999967e-01
1.992499999999999938e+00 -2.377347418000000101e-01
1.995000000000000107e+00 -2.375870838999999957e-01
1.997500000000000053e+00 -2.376265288999999947e-01
2.000000000000000000e+00 -2.373521576000000022e-01
2.002499999999999947e+00 -2.371994884999999997e-01
2.004999999999999893e+00 -2.370250644000000129e-01
2.007499999999999840e+00 -2.370644990000000119e-01
2.009999999999999787e+00 -2.372357197999999945e-01
2.012500000000000178e+00 -2.368328815999999892e-01
2.015000000000000124e+00 -2.365592857000000104e-01
2.017500000000000071e+00 -2.362958084000000014e-01
2.020000000000000018e+00 -2.364034902000000105e-01
2.022499999999999964e+00 -2.363494460999999991e-01
2.024999999999999911e+00 -2.361113112000000069e-01
2.027499999999999858e+00 -2.355359069000000083e-01
2.029999999999999805e+00 -2.358941937000000044e-01
2.032500000000000195e+00 -2.355952148999999884e-01
2.035000000000000142e+00 -2.359840995999999969e-01
2.037500000000000089e+00 -2.350377991000000000e-01
2.040000000000000036e+00 -2.352123402000000085e-01
2.042499999999999982e+00 -2.350480896999999902e-01
2.044999999999999929e+00 -2.350660112999999884e-01
2.047499999999999876e+00 -2.350024916000000019e-01
2.049999999999999822e+00 -2.344714511999999862e-01
2.052500000000000213e+00 -2.346061731999999900e-01
2.055000000000000160e+00 -2.343787586999999950e-01
2.057500000000000107e+00 -2.347051353999999868e-01
2.060000000000000053e+00 -2.337712610999999885e-01
2.062500000000000000e+00 -2.342815902000000006e-01
2.064999999999999947e+00 -2.339772334000000120e-01
2.067499999999999893e+00 -2.338352405000000134e-01
2.069999999999999840e+00 -2.334599253999999902e-01
2.072499999999999787e+00 -2.333317051999999892e-01
2.075000000000000178e+00 -2.333400048000000004e-01
2.077500000000000124e+00 -2.329627287999999907e-01
2.080000000000000071e+00 -2.334191683000000073e-01
2.082500000000000018e+00 -2.327632906999999862e-01
2.084999999999999964e+00 -2.327722807000000005e-01
2.087499999999999911e+00 -2.326742803999999887e-01
2.089999999999999858e+00 -2.328207214999999941e-01
2.092499999999999805e+00 -2.322712902000000079e-01
2.095000000000000195e+00 -2.323172816000000085e-01
2.097500000000000142e+00 -2.317547950000000134e-01
2.100000000000000089e+00 -2.317462114999999934e-01
2.102500000000000036e+00 -2.320356964999999994e-01
2.104999999999999982e+00 -2.316750719000000014e-01
2.107499999999999929e+00 -2.316939516000000032e-01
2.109999999999999876e+00 -2.312094691000000091e-01
2.112499999999999822e+00 -2.312757075999999912e-01
2.115000000000000213e+00 -2.309012658000000051e-01
2.117500000000000160e+00 -2.308675226000000136e-01
2.120000000000000107e+00 -2.313525301000000090e-01
2.122500000000000053e+00 -2.307566081999999907e-01
2.125000000000000000e+00 -2.307067949999999923e-01
2.127499999999999947e+00 -2.303240091000000045e-01
2.129999999999999893e+00 -2.304114663000000063e-01
2.132499999999999840e+00 -2.299524464999999906e-01
2.134999999999999787e+00 -2.300919325000000126e-01
2.137500000000000178e+00 -2.301141814999999868e-01
2.140000000000000124e+00 -2.295442903000000090e-01
2.142500000000000071e+00 -2.295962075000000102e-01
2.145000000000000018e+00 -2.294899273999999878e-01
2.147499999999999964e+00 -2.292966746000000000e-01
2.149999999999999911e+00 -2.293794077000000098e-01
2.152499999999999858e+00 -2.293050661999999906e-01
2.154999999999999805e+00 -2.295626813999999960e-01
2.157500000000000195e+00 -2.288483621999999884e-01
2.160000000000000142e+00 -2.289147605999999890e-01
2.162500000000000089e+00 -2.288143491999999890e-01
2.165000000000000036e+00 -2.288653643999999932e-01
2.167499999999999982e+00 -2.285337017000000082e-01
2.169999999999999929e+00 -2.282359935000000117e-01
2.172499999999999876e+00 -2.279490335999999895e-01
2.174999999999999822e+00 -2.277706438000000055e-01
2.177500000000000213e+00 -2.277209916999999861e-01
2.180000000000000160e+00 -2.277518829999999883e-01
2.182500000000000107e+00 -2.276102436999999923e-01
2.185000000000000053e+00 -2.274571163000000118e-01
2.187500000000000000e+00 -2.272944413000000108e-01
2.189999999999999947e+00 -2.273782805000000018e-01
2.192499999999999893e+00 -2.273916260000000134e-01
2.194999999999999840e+00 -2.274769668999999939e-01
2.197499999999999787e+00 -2.272474693000000046e-01
2.200000000000000178e+00 -2.266012722999999895e-01
2.202500000000000124e+00 -2.270155366999999924e-01
2.205000000000000071e+00 -2.264677438000000098e-01
2.207500000000000018e+00 -2.267085192999999943e-01
2.209999999999999964e+00 -2.262688079000000074e-01
2.212499999999999911e+00 -2.265358742999999953e-01
2.214999999999999858e+00 -2.263303973000000135e-01
2.217499999999999805e+00 -2.263790900000000050e-01
2.220000000000000195e+00 -2.259634895000000032e-01
2.222500000000000142e+00 -2.257010278000000092e-01
2.225000000000000089e+00 -2.256449255000000098e-01
2.227500000000000036e+00 -2.254119193999999937e-01
2.229999999999999982e+00 -2.256419503000000049e-01
2.232499999999999929e+00 -2.252669063999999943e-01
2.234999999999999876e+00 -2.251544369000000045e-01
2.237499999999999822e+00 -2.249472831999999867e-01
2.240000000000000213e+00 -2.249643075999999964e-01
2.242500000000000160e+00 -2.249356678999999970e-01
2.245000000000000107e+00 -2.248934780999999883e-01
2.247500000000000053e+00 -2.245268407000000077e-01
2.250000000000000000e+00 -2.247116697000000052e-01
2.252499999999999947e+00 -2.243354153000000073e-01
2.254999999999999893e+00 -2.239557779999999942e-01
2.257499999999999840e+00 -2.236678696999999938e-01
2.259999999999999787e+00 -2.238991406999999989e-01
2.262500000000000178e+00 -2.242708680000000121e-01
2.265000000000000124e+00 -2.235214926000000102e-01
2.267500000000000071e+00 -2.231421331000000008e-01
2.270000000000000018e+00 -2.230382986999999984e-01
2.272499999999999964e+00 -2.232622231999999984e-01
2.274999999999999911e+00 -2.233828321000000117e-01
2.277499999999999858e+00 -2.228131060999999913e-01
2.279999999999999805e+00 -2.226033231000000001e-01
2.282500000000000195e+00 -2.230386411999999985e-01
2.285000000000000142e+00 -2.225054181999999992e-01
2.287500000000000089e+00 -2.226926968000000062e-01
2.290000000000000036e+00 -2.223229190000000077e-01
2.292499999999999982e+00 -2.221157008000000099e-01
2.294999999999999929e+00 -2.222796425000000131e-01
2.297499999999999876e+00 -2.223588274999999947e-01
2.299999999999999822e+00 -2.219878906999999957e-01
2.302500000000000213e+00 -2.220762032999999969e-01
2.305000000000000160e+00 -2.218464793000000101e-01
2.307500000000000107e+00 -2.220338850999999947e-01
2.310000000000000053e+00 -2.214596191000000047e-01
2.312500000000000000e+00 -2.212401669000000071e-01
2.314999999999999947e+00 -2.213595271999999892e-01
2.317499999999999893e+00 -2.214149112000000086e-01
2.319999999999999840e+00 -2.215155079999999999e-01
2.322499999999999787e+00 -2.210515939000000096e-01
2.325000000000000178e+00 -2.209430853000000083e-01
2.327500000000000124e+00 -2.209913813000000116e-01
2.330000000000000071e+00 -2.210787331000000078e-01
2.332500000000000018e+00 -2.202773265999999897e-01
2.334999999999999964e+00 -2.203665260999999875e-01
2.337499999999999911e+00 -2.199736438000000072e-01
2.339999999999999858e+00 -2.202826321999999948e-01
2.342499999999999805e+00 -2.199019512000000010e-01
2.345000000000000195e+00 -2.199407717000000095e-01
2.347500000000000142e+00 -2.198779975000000053e-01
2.350000000000000089e+00 -2.195061550999999889e-01
2.352500000000000036e+00 -2.197599389999999875e-01
2.354999999999999982e+00 -2.196992070999999880e-01
2.357499999999999929e+00 -2.194303176000000077e-01
2.359999999999999876e+00 -2.189198514000000040e-01
2.362499999999999822e+00 -2.190083817000000044e-01
2.365000000000000213e+00 -2.186610586999999939e-01
2.367500000000000160e+00 -2.189503556000000073e-01
2.370000000000000107e+00 -2.187835398000000098e-01
2.372500000000000053e+00 -2.191175231999999973e-01
2.375000000000000000e+00 -2.186795004000000042e-01
2.377499999999999947e+00 -2.184336997000000113e-01
2.379999999999999893e+00 -2.185869215000000032e-01
2.382499999999999840e+00 -2.181664073000000037e-01
2.384999999999999787e+00 -2.184780523000000030e-01
2.387500000000000178e+00 -2.178125568000000012e-01
2.390000000000000124e+00 -2.178599092999999876e-01
2.392500000000000071e+00 -2.179830076000000005e-01
2.395000000000000018e+00 -2.179809877999999979e-01
2.397499999999999964e+00 -2.176840560999999952e-01
2.399999999999999911e+00 -2.177937486000000034e-01
2.402499999999999858e+00 -2.176784971000000068e-01
2.404999999999999805e+00 -2.173274829000000075e-01
2.407500000000000195e+00 -2.173169138000000111e-01
2.410000000000000142e+00 -2.168322243999999954e-01
2.412500000000000089e+00 -2.172873010999999965e-01
2.415000000000000036e+00 -2.171777464999999907e-01
2.417499999999999982e+00 -2.170553084999999882e-01
2.419999999999999929e+00 -2.165456506000000003e-01
2.422499999999999876e+00 -2.163146096999999934e-01
2.424999999999999822e+00 -2.162416823999999960e-01
2.427500000000000213e+00 -2.165057347999999882e-01
2.430000000000000160e+00 -2.164449243000000078e-01
2.432500000000000107e+00 -2.160978409000000044e-01
2.435000000000000053e+00 -2.157719462000000088e-01
2.437500000000000000e+00 -2.161803992000000119e-01
2.439999999999999947e+00 -2.160385468999999892e-01
2.442499999999999893e+00 -2.155449891000000007e-01
2.444999999999999840e+00 -2.156675157000000065e-01
2.447499999999999787e+00 -2.155633831000000056e-01
2.450000000000000178e+00 -2.157376423000000043e-01
2.452500000000000124e+00 -2.154438965999999900e-01
2.455000000000000071e+00 -2.149726943999999973e-01
2.457500000000000018e+00 -2.151917737000000053e-01
2.459999999999999964e+00 -2.150453786000000034e-01
2.462499999999999911e+00 -2.152340511999999983e-01
2.464999999999999858e+00 -2.148702111999999942e-01
2.467499999999999805e+00 -2.148516470999999872e-01
2.470000000000000195e+00 -2.144227602000000066e-01
2.472500000000000142e+00 -2.149480192999999872e-01
2.475000000000000089e+00 -2.143976032999999892e-01
2.477500000000000036e+00 -2.145851688000000035e-01
2.479999999999999982e+00 -2.143198011999999930e-01
2.482499999999999929e+00 -2.138383586000000003e-01
2.484999999999999876e+00 -2.137561007000000068e-01
2.487499999999999822e+00 -2.137784224000000011e-01
2.490000000000000213e+00 -2.139469509999999963e-01
2.492500000000000160e+00 -2.135970178999999913e-01
2.495000000000000107e+00 -2.135589683999999933e-01
2.497500000000000053e+00 -2.134388892999999898e-01
2.500000000000000000e+00 -2.136089589999999871e-01
2.502499999999999947e+00 -2.132198140999999880e-01
2.504999999999999893e+00 -2.132045035000000033e-01
2.507499999999999840e+00 -2.133342894999999961e-01
2.509999999999999787e+00 -2.130635111999999998e-01
2.512500000000000178e+00 -2.129732327999999952e-01
2.515000000000000124e+00 -2.127864480999999974e-01
2.517500000000000071e+00 -2.125889794999999971e-01
2.520000000000000018e+00 -2.123093333999999943e-01
2.522499999999999964e+00 -2.128038641999999980e-01
2.524999999999999911e+00 -2.123481261999999870e-01
2.527499999999999858e+00 -2.122340329000000081e-01
2.529999999999999805e+00 -2.122376625000000072e-01
2.532500000000000195e+00 -2.119641311999999889e-01
2.535000000000000142e+00 -2.121286018000000106e-01
2.537500000000000089e+00 -2.119704809999999884e-01
2.540000000000000036e+00 -2.117293053000000036e-01
2.542499999999999982e+00 -2.115061307999999973e-01
2.544999999999999929e+00 -2.114301697000000035e-01
2.547499999999999876e+00 -2.117590102999999946e-01
2.549999999999999822e+00 -2.119148147999999898e-01
2.552500000000000213e+00 -2.110595594000000130e-01
2.555000000000000160e+00 -2.109232604999999872e-01
2.557500000000000107e+00 -2.111751578999999934e-01
2.560000000000000053e+00 -2.109766483000000137e-01
2.562500000000000000e+00 -2.108513656000000069e-01
2.564999999999999947e+00 -2.105088166000000094e-01
2.567499999999999893e+00 -2.104505178999999948e-01
2.569999999999999840e+00 -2.102619336999999866e-01
2.572499999999999787e+00 -2.101631975999999902e-01
2.575000000000000178e+00 -2.108817853999999936e-01
2.577500000000000124e+00 -2.101767757999999930e-01
2.580000000000000071e+00 -2.101521573000000032e-01
2.582500000000000018e+00 -2.103833355999999988e-01
2.584999999999999964e+00 -2.100742305999999948e-01
2.587499999999999911e+00 -2.095898033999999965e-01
2.589999999999999858e+00 -2.096405073000000008e-01
2.592499999999999805e+00 -2.101277850999999919e-01
2.595000000000000195e+00 -2.095384554999999982e-01
2.597500000000000142e+00 -2.097885245999999981e-01
2.600000000000000089e+00 -2.097453726000000074e-01
2.602500000000000036e+00 -2.092377509999999996e-01
2.604999999999999982e+00 -2.091647269999999947e-01
2.607499999999999929e+00 -2.091091055000000032e-01
2.609999999999999876e+00 -2.089085659000000095e-01
2.612499999999999822e+00 -2.091540386000000085e-01
2.615000000000000213e+00 -2.088908482000000066e-01
2.617500000000000160e+00 -2.087267862999999946e-01
2.620000000000000107e+00 -2.087677809000000051e-01
2.622500000000000053e+00 -2.087254175999999906e-01
2.625000000000000000e+00 -2.080838938000000027e-01
2.627499999999999947e+00 -2.086525583000000128e-01
2.629999999999999893e+00 -2.085714546000000114e-01
2.632499999999999840e+00 -2.082767342999999882e-01
2.634999999999999787e+00 -2.082237540000000109e-01
2.637500000000000178e+00 -2.078408533999999974e-01
2.640000000000000124e+00 -2.077363718999999942e-01
2.642500000000000071e+00 -2.078600626999999867e-01
2.645000000000000018e+00 -2.077180789999999999e-01
2.647499999999999964e+00 -2.073283560999999997e-01
2.649999999999999911e+00 -2.079456846999999942e-01
2.652499999999999858e+00 -2.076637355000000018e-01
2.654999999999999805e+00 -2.074261320999999936e-01
2.657500000000000195e+00 -2.075761470999999969e-01
2.660000000000000142e+00 -2.073153833999999973e-01
2.662500000000000089e+00 -2.075133003000000087e-01
2.665000000000000036e+00 -2.068230225000000089e-01
2.667499999999999982e+00 -2.068181675999999913e-01
2.669999999999999929e+00 -2.067801244999999954e-01
2.672499999999999876e+00 -2.066362572000000064e-01
2.674999999999999822e+00 -2.068258258000000016e-01
2.677500000000000213e+00 -2.063643343000000074e-01
2.680000000000000160e+00 -2.068058822000000130e-01
2.682500000000000107e+00 -2.061958184000000083e-01
2.685000000000000053e+00 -2.062387692000000050e-01
2.687500000000000000e+00 -2.062192254999999919e-01
2.689999999999999947e+00 -2.063944548999999962e-01
2.692499999999999893e+00 -2.060511355999999905e-01
2.694999999999999840e+00 -2.058564300000000069e-01
2.697499999999999787e+00 -2.057672435000000022e-01
2.700000000000000178e+00 -2.055117774000000119e-01
2.702500000000000124e+00 -2.057947686000000109e-01
2.705000000000000071e+00 -2.054280245000000005e-01
2.707500000000000018e+00 -2.055633494000000117e-01
2.709999999999999964e+00 -2.050751549000000007e-01
2.712499999999999911e+00 -2.052492788999999984e-01
2.714999999999999858e+00 -2.048211789999999921e-01
2.717499999999999805e+00 -2.054209630999999925e-01
2.720000000000000195e+00 -2.053098148999999983e-01
2.722500000000000142e+00 -2.051106202999999906e-01
2.725000000000000089e+00 -2.052009381000000077e-01
2.727500000000000036e+00 -2.046810624000000023e-01
2.729999999999999982e+00 -2.043376625999999974e-01
2.732499999999999929e+00 -2.047572042999999953e-01
2.734999999999999876e+00 -2.047677394999999900e-01
2.737499999999999822e+00 -2.043504121999999978e-01
2.740000000000000213e+00 -2.041034612000000026e-01
2.742500000000000160e+00 -2.040487202000000055e-01
2.745000000000000107e+00 -2.044928558999999924e-01
2.747500000000000053e+00 -2.039491206000000056e-01
2.750000000000000000e+00 -2.043139654999999999e-01
2.752499999999999947e+00 -2.038032674999999960e-01
2.754999999999999893e+00 -2.038047082999999982e-01
2.757499999999999840e+00 -2.039137786999999924e-01
2.759999999999999787e+00 -2.036873741999999932e-01
2.762500000000000178e+00 -2.039187158999999916e-01
2.765000000000000124e+00 -2.036546506999999950e-01
2.767500000000000071e+00 -2.038374218000000015e-01
2.770000000000000018e+00 -2.032363436000000079e-01
2.772499999999999964e+00 -2.032963707000000064e-01
2.774999999999999911e+00 -2.029226258000000060e-01
2.777499999999999858e+00 -2.034063671000000129e-01
2.779999999999999805e+00 -2.026438761999999894e-01
2.782500000000000195e+00 -2.030628140999999887e-01
2.785000000000000142e+00 -2.029430418000000014e-01
2.787500000000000089e+00 -2.026179364000000038e-01
2.790000000000000036e+00 -2.024167413000000082e-01
2.792499999999999982e+00 -2.026810904999999940e-01
2.794999999999999929e+00 -2.027937921000000088e-01
2.797499999999999876e+00 -2.022730328000000022e-01
2.799999999999999822e+00 -2.027215438999999952e-01
2.802500000000000213e+00 -2.019341359000000058e-01
2.805000000000000160e+00 -2.020045768000000019e-01
2.807500000000000107e+00 -2.020787672999999895e-01
2.810000000000000053e+00 -2.021672630000000137e-01
2.812500000000000000e+00 -2.017676637999999967e-01
2.814999999999999947e+00 -2.020153728000000093e-01
2.817499999999999893e+00 -2.016198134999999947e-01
2.819999999999999840e+00 -2.014534742999999906e-01
2.822499999999999787e+00 -2.014079740999999979e-01
2.825000000000000178e+00 -2.015386181000000110e-01
2.827500000000000124e+00 -2.011275083000000075e-01
2.830000000000000071e+00 -2.011424337999999923e-01
2.832500000000000018e+00 -2.013726101999999962e-01
2.834999999999999964e+00 -2.009304396999999909e-01
2.837499999999999911e+00 -2.012316006000000046e-01
2.839999999999999858e+00 -2.013268129999999934e-01
2.842499999999999805e+00 -2.011415397000000105e-01
2.845000000000000195e+00 -2.010221849999999921e-01
2.847500000000000142e+00 -2.009681856999999960e-01
2.850000000000000089e+00 -2.006130473000000136e-01
2.852500000000000036e+00 -2.006578424000000083e-01
2.854999999999999982e+00 -2.006929222000000124e-01
2.857499999999999929e+00 -2.001949103000000008e-01
2.859999999999999876e+00 -2.002674107000000092e-01
2.862499999999999822e+00 -2.006683190000000117e-01
2.865000000000000213e+00 -2.001448172999999997e-01
2.867500000000000160e+00 -2.004572250999999972e-01
2.870000000000000107e+00 -2.004084620999999899e-01
2.872500000000000053e+00 -2.000379032000000057e-01
2.875000000000000000e+00 -2.002337938000000039e-01
2.877499999999999947e+00 -1.996225789999999944e-01
2.879999999999999893e+00 -1.998856928999999949e-01
2.882499999999999840e+00 -1.995739548999999891e-01
2.884999999999999787e+00 -1.995374762000000080e-01
2.887500000000000178e+00 -1.998362513999999979e-01
2.890000000000000124e+00 -1.998989421000000044e-01
2.892500000000000071e+00 -1.994299975999999919e-01
2.895000000000000018e+00 -1.993589333000000130e-01
2.897499999999999964e+00 -1.991663720000000082e-01
2.899999999999999911e+00 -1.987323678000000038e-01
2.902499999999999858e+00 -1.988846700000000134e-01
2.904999999999999805e+00 -1.989372705000000130e-01
2.907500000000000195e+00 -1.988366682000000107e-01
2.910000000000000142e+00 -1.990457533999999973e-01
2.912500000000000089e+00 -1.992884759000000117e-01
2.915000000000000036e+00 -1.988171421999999910e-01
2.917499999999999982e+00 -1.984643098999999966e-01
2.919999999999999929e+00 -1.988589657000000011e-01
2.922499999999999876e+00 -1.985762214000000025e-01
2.924999999999999822e+00 -1.982802855999999947e-01
2.927500000000000213e+00 -1.981532796999999901e-01
2.930000000000000160e+00 -1.984458900000000137e-01
2.932500000000000107e+00 -1.982396480999999988e-01
2.935000000000000053e+00 -1.983232839000000081e-01
2.937500000000000000e+00 -1.979720621999999930e-01
2.939999999999999947e+00 -1.980466992999999898e-01
2.942499999999999893e+00 -1.982104989000000039e-01
2.944999999999999840e+00 -1.979284802999999870e-01
2.947499999999999787e+00 -1.977563281999999978e-01
2.950000000000000178e+00 -1.976259747000000122e-01
2.952500000000000124e+00 -1.973896608000000052e-01
2.955000000000000071e+00 -1.976048338999999987e-01
2.957500000000000018e+00 -1.973829686999999944e-01
2.959999999999999964e+00 -1.975110650999999939e-01
2.962499999999999911e+00 -1.972891022000000105e-01
2.964999999999999858e+00 -1.972817370999999931e-01
2.967499999999999805e+00 -1.971444652999999880e-01
2.970000000000000195e+00 -1.971127246000000111e-01
2.972500000000000142e+00 -1.971208577999999934e-01
2.975000000000000089e+00 -1.971246815000000097e-01
2.977500000000000036e+00 -1.972377812999999980e-01
2.979999999999999982e+00 -1.970511279999999921e-01
2.982499999999999929e+00 -1.966364688999999999e-01
2.984999999999999876e+00 -1.966416665999999869e-01
2.987499999999999822e+00 -1.964692510999999919e-01
2.990000000000000213e+00 -1.967398552999999883e-01
2.992500000000000160e+00 -1.960362344999999895e-01
2.995000000000000107e+00 -1.962780674000000058e-01
2.997500000000000053e+00 -1.960005855999999991e-01
3.000000000000000000e+00 -1.961031548000000124e-01
3.002499999999999947e+00 -1.962663081999999892e-01
3.004999999999999893e+00 -1.963702190000000125e-01
3.007499999999999840e+00 -1.958964871999999968e-01
3.009999999999999787e+00 -1.958995064000000064e-01
3.012500000000000178e+00 -1.958527257999999882e-01
3.015000000000000124e+00 -1.955725302000000110e-01
3.017500000000000071e+00 -1.955754443000000120e-01
3.020000000000000018e+00 -1.954416050999999988e-01
3.022499999999999964e+00 -1.953055333000000005e-01
3.024999999999999911e+00 -1.957950931999999922e-01
3.027499999999999858e+00 -1.952790671000000089e-01
3.029999999999999805e+00 -1.958497613999999887e-01
3.032500000000000195e+00 -1.953268559000000126e-01
3.035000000000000142e+00 -1.950790967000000098e-01
3.037500000000000089e+00 -1.949315128000000119e-01
3.040000000000000036e+00 -1.949805236000000108e-01
3.042499999999999982e+00 -1.951286194999999890e-01
3.044999999999999929e+00 -1.946089582999999956e-01
3.047499999999999876e+00 -1.950252513000000076e-01
3.049999999999999822e+00 -1.944861360000000039e-01
3.052500000000000213e+00 -1.943426612999999969e-01
3.055000000000000160e+00 -1.946528896999999980e-01
3.057500000000000107e+00 -1.946357011000000026e-01
3.060000000000000053e+00 -1.946969440999999912e-01
3.062500000000000000e+00 -1.945248858999999997e-01
3.064999999999999947e+00 -1.942618228000000113e-01
3.067499999999999893e+00 -1.940550081000000093e-01
3.069999999999999840e+00 -1.944949307999999932e-01
3.072499999999999787e+00 -1.941178078999999945e-01
3.075000000000000178e+00 -1.939441546000000016e-01
3.077500000000000124e+00 -1.938640660000000016e-01
3.080000000000000071e+00 -1.943862795999999893e-01
3.082500000000000018e+00 -1.935785067999999942e-01
3.084999999999999964e+00 -1.934072266000000095e-01
3.087499999999999911e+00 -1.941541824999999943e-01
3.089999999999999858e+00 -1.936777189999999982e-01
3.092499999999999805e+00 -1.936615358999999870e-01
3.095000000000000195e+00 -1.929969689999999904e-01
3.097500000000000142e+00 -1.935428703000000028e-01
3.100000000000000089e+00 -1.935159737999999907e-01
3.102500000000000036e+00 -1.933411248999999943e-01
3.104999999999999982e+00 -1.931397736000000087e-01
3.107499999999999929e+00 -1.933293621999999934e-01
3.109999999999999876e+00 -1.928681009999999862e-01
3.112499999999999822e+00 -1.929512723000000041e-01
3.115000000000000213e+00 -1.934667126999999875e-01
3.117500000000000160e+00 -1.930770329000000007e-01
3.120000000000000107e+00 -1.929563857999999910e-01
3.122500000000000053e+00 -1.927626169999999972e-01
3.125000000000000000e+00 -1.926985140999999957e-01
3.127499999999999947e+00 -1.927111162000000044e-01
3.129999999999999893e+00 -1.923034077999999925e-01
3.132499999999999840e+00 -1.927821579000000007e-01
3.134999999999999787e+00 -1.921464951000000088e-01
3.137500000000000178e+00 -1.922137854000000035e-01
3.140000000000000124e+00 -1.922269840999999979e-01
3.142500000000000071e+00 -1.925643304999999916e-01
3.145000000000000018e+00 -1.919816903000000075e-01
3.147499999999999964e+00 -1.918722833000000016e-01
3.149999999999999911e+00 -1.924577732999999957e-01
3.152499999999999858e+00 -1.919892323999999872e-01
3.154999999999999805e+00 -1.920583361000000044e-01
3.157500000000000195e+00 -1.919756281999999981e-01
3.160000000000000142e+00 -1.916639296000000048e-01
3.162500000000000089e+00 -1.920605975999999937e-01
3.165000000000000036e+00 -1.918521860999999884e-01
3.167499999999999982e+00 -1.915460163000000104e-01
3.169999999999999929e+00 -1.920668131999999917e-01
3.172499999999999876e+00 -1.915049236999999960e-01
3.174999999999999822e+00 -1.912439563999999981e-01
3.177500000000000213e+00 -1.914575534999999884e-01
3.180000000000000160e+00 -1.914243536000000134e-01
3.182500000000000107e+00 -1.913820730000000137e-01
3.185000000000000053e+00 -1.913663877000000013e-01
3.187500000000000000e+00 -1.913098038000000112e-01
3.189999999999999947e+00 -1.905319446000000028e-01
3.192499999999999893e+00 -1.911481868999999889e-01
3.194999999999999840e+00 -1.908818104999999987e-01
3.197499999999999787e+00 -1.910600120000000013e-01
3.200000000000000178e+00 -1.908811635999999867e-01
3.202500000000000124e+00 -1.909693621000000119e-01
3.205000000000000071e+00 -1.910184258000000024e-01
3.207500000000000018e+00 -1.905763467000000100e-01
3.209999999999999964e+00 -1.906219013000000073e-01
3.212499999999999911e+00 -1.903780684999999973e-01
3.214999999999999858e+00 -1.906176534000000033e-01
3.217499999999999805e+00 -1.903657914999999923e-01
3.220000000000000195e+00 -1.900751071000000014e-01
3.222500000000000142e+00 -1.907363951999999918e-01
3.225000000000000089e+00 -1.900877884999999934e-01
3.227500000000000036e+00 -1.903646348999999960e-01
3.229999999999999982e+00 -1.899483056999999864e-01
3.232499999999999929e+00 -1.899401964000000109e-01
3.234999999999999876e+00 -1.899568906000000112e-01
3.237499999999999822e+00 -1.897238512999999960e-01
3.240000000000000213e+00 -1.896227863000000124e-01
3.242500000000000160e+00 -1.901106952999999933e-01
3.245000000000000107e+00 -1.895775875000000055e-01
3.247500000000000053e+00 -1.897369788000000113e-01
3.250000000000000000e+00 -1.898292319000000061e-01
3.252499999999999947e+00 -1.895408933999999934e-01
3.254999999999999893e+00 -1.897773868000000030e-01
3.257499999999999840e+00 -1.897539625999999924e-01
3.259999999999999787e+00 -1.892679361000000060e-01
3.262500000000000178e+00 -1.892962468999999925e-01
3.265000000000000124e+00 -1.892327953000000063e-01
3.267500000000000071e+00 -1.892643629999999910e-01
3.270000000000000018e+00 -1.892181716000000125e-01
3.272499999999999964e+00 -1.889062343000000033e-01
3.274999999999999911e+00 -1.885617809000000034e-01
3.277499999999999858e+00 -1.888060393999999864e-01
3.279999999999999805e+00 -1.887886058999999894e-01
3.282500000000000195e+00 -1.889232036999999864e-01
3.285000000000000142e+00 -1.886927273000000016e-01
3.287500000000000089e+00 -1.888181550999999958e-01
3.290000000000000036e+00 -1.889844601000000013e-01
3.292499999999999982e+00 -1.886307638999999980e-01
3.294999999999999929e+00 -1.882314599999999893e-01
3.297499999999999876e+00 -1.885098919000000040e-01
3.299999999999999822e+00 -1.880291360999999939e-01
3.302500000000000213e+00 -1.885863970999999972e-01
3.305000000000000160e+00 -1.882058952000000007e-01
3.307500000000000107e+00 -1.885077428999999971e-01
3.310000000000000053e+00 -1.881200929999999882e-01
3.312500000000000000e+00 -1.881971731000000037e-01
3.314999999999999947e+00 -1.881336010999999919e-01
3.317499999999999893e+00 -1.885474206999999958e-01
3.319999999999999840e+00 -1.876855295000000035e-01
3.322499999999999787e+00 -1.880759381000000063e-01
3.325000000000000178e+00 -1.879513103000000074e-01
3.327500000000000124e+00 -1.877670456999999959e-01
3.330000000000000071e+00 -1.878890669000000124e-01
3.332500000000000018e+00 -1.877906505999999975e-01
3.334999999999999964e+00 -1.880453388999999975e-01
3.337499999999999911e+00 -1.873626348000000108e-01
3.339999999999999858e+00 -1.874614879000000012e-01
3.342499999999999805e+00 -1.874732178000000082e-01
3.345000000000000195e+00 -1.873618041000000012e-01
3.347500000000000142e+00 -1.876524561000000035e-01
3.350000000000000089e+00 -1.875475119999999996e-01
3.352500000000000036e+00 -1.870823044999999907e-01
3.354999999999999982e+00 -1.874386559000000008e-01
3.357499999999999929e+00 -1.872325226000000065e-01
3.359999999999999876e+00 -1.867670109000000023e-01
3.362499999999999822e+00 -1.871599164999999954e-01
3.365000000000000213e+00 -1.868585975000000010e-01
3.367500000000000160e+00 -1.870680378000000033e-01
3.370000000000000107e+00 -1.866769879999999882e-01
3.372500000000000053e+00 -1.867134283999999922e-01
3.375000000000000000e+00 -1.871253153999999919e-01
3.377499999999999947e+00 -1.869746459999999944e-01
3.379999999999999893e+00 -1.864011063999999884e-01
3.382499999999999840e+00 -1.866583633999999992e-01
3.384999999999999787e+00 -1.867581751999999873e-01
3.387500000000000178e+00 -1.865494067000000034e-01
3.390000000000000124e+00 -1.862992454999999881e-01
3.392500000000000071e+00 -1.864671760999999928e-01
3.395000000000000018e+00 -1.864089076000000067e-01
3.397499999999999964e+00 -1.861604051000000093e-01
3.399999999999999911e+00 -1.861043176999999937e-01
3.402499999999999858e+00 -1.862305825999999997e-01
3.404999999999999805e+00 -1.860442080999999970e-01
3.407500000000000195e+00 -1.857892516000000105e-01
3.410000000000000142e+00 -1.856085382999999867e-01
3.412500000000000089e+00 -1.860240796000000030e-01
3.415000000000000036e+00 -1.857122435999999932e-01
3.417499999999999982e+00 -1.858280203000000075e-01
3.419999999999999929e+00 -1.855636106000000118e-01
3.422499999999999876e+00 -1.856913782999999873e-01
3.424999999999999822e+00 -1.857463877999999957e-01
3.427500000000000213e+00 -1.854278144000000017e-01
3.430000000000000160e+00 -1.859263556999999900e-01
3.432500000000000107e+00 -1.855699822000000110e-01
3.435000000000000053e+00 -1.856308852000000120e-01
3.437500000000000000e+00 -1.855413834000000095e-01
3.439999999999999947e+00 -1.854866119999999952e-01
3.442499999999999893e+00 -1.855708051000000136e-01
3.444999999999999840e+00 -1.854874995000000137e-01
3.447499999999999787e+00 -1.854661836000000008e-01
3.450000000000000178e+00 -1.855065652000000009e-01
3.452500000000000124e+00 -1.852284526000000098e-01
3.455000000000000071e+00 -1.846821063000000096e-01
3.457500000000000018e+00 -1.850866898999999899e-01
3.459999999999999964e+00 -1.854788481000000100e-01
3.462499999999999911e+00 -1.847332958000000025e-01
3.464999999999999858e+00 -1.851594830000000136e-01
3.467499999999999805e+00 -1.849699590999999976e-01
3.470000000000000195e+00 -1.844516492000000119e-01
3.472500000000000142e+00 -1.847661881999999867e-01
3.475000000000000089e+00 -1.849290657999999865e-01
3.477500000000000036e+00 -1.845193122999999880e-01
3.479999999999999982e+00 -1.845846818999999916e-01
3.482499999999999929e+00 -1.844248904000000133e-01
3.484999999999999876e+00 -1.843773539999999933e-01
3.487499999999999822e+00 -1.846276032999999983e-01
3.490000000000000213e+00 -1.843909682000000050e-01
3.492500000000000160e+00 -1.843320525000000099e-01
3.495000000000000107e+00 -1.846236098000000048e-01
3.497500000000000053e+00 -1.844201534999999892e-01
3.500000000000000000e+00 -1.842732783000000096e-01
3.502499999999999947e+00 -1.840970657000000066e-01
3.504999999999999893e+00 -1.837512060000000003e-01
3.507499999999999840e+00 -1.842723571999999865e-01
3.509999999999999787e+00 -1.843066193000000019e-01
3.512500000000000178e+00 -1.835083936999999943e-01
3.515000000000000124e+00 -1.837204402000000014e-01
3.517500000000000071e+00 -1.841309751000000106e-01
3.520000000000000018e+00 -1.838257245999999900e-01
3.522499999999999964e+00 -1.835801373000000014e-01
3.524999999999999911e+00 -1.836241292999999941e-01
3.527499999999999858e+00 -1.838928281999999970e-01
3.529999999999999805e+00 -1.836480558999999957e-01
3.532500000000000195e+00 -1.837507368999999890e-01
3.535000000000000142e+00 -1.830623429000000080e-01
3.537500000000000089e+00 -1.837066297000000126e-01
3.540000000000000036e+00 -1.833254726999999917e-01
3.542499999999999982e+00 -1.834768683000000122e-01
3.544999999999999929e+00 -1.831553445000000113e-01
3.547499999999999876e+00 -1.830377156000000116e-01
3.549999999999999822e+00 -1.830434062000000084e-01
3.552500000000000213e+00 -1.829837609999999948e-01
3.555000000000000160e+00 -1.834945175000000095e-01
3.557500000000000107e+00 -1.834036561999999870e-01
3.560000000000000053e+00 -1.831041576000000115e-01
3.562500000000000000e+00 -1.831888356999999967e-01
3.564999999999999947e+00 -1.833216209999999902e-01
3.567499999999999893e+00 -1.829563582000000022e-01
3.569999999999999840e+00 -1.831540358000000035e-01
3.572499999999999787e+00 -1.828342488999999960e-01
3.575000000000000178e+00 -1.831315654000000015e-01
3.577500000000000124e+00 -1.826804334999999890e-01
3.580000000000000071e+00 -1.826508911999999984e-01
3.582500000000000018e+00 -1.823603615000000122e-01
3.584999999999999964e+00 -1.825437473000000033e-01
3.587499999999999911e+00 -1.822695024000000052e-01
3.589999999999999858e+00 -1.821702017999999867e-01
3.592499999999999805e+00 -1.820638777999999958e-01
3.595000000000000195e+00 -1.824417738000000122e-01
3.597500000000000142e+00 -1.823926020999999953e-01
3.600000000000000089e+00 -1.823557212999999955e-01
3.602500000000000036e+00 -1.822126635999999911e-01
3.604999999999999982e+00 -1.826823177000000131e-01
3.607499999999999929e+00 -1.822616129000000085e-01
3.609999999999999876e+00 -1.823703976000000115e-01
3.612499999999999822e+00 -1.821228414999999934e-01
3.615000000000000213e+00 -1.822407897999999971e-01
3.617500000000000160e+00 -1.822197791000000067e-01
3.620000000000000107e+00 -1.819928511999999998e-01
3.622500000000000053e+00 -1.814931778999999967e-01
3.625000000000000000e+00 -1.818134277000000021e-01
3.627499999999999947e+00 -1.816863662000000046e-01
3.629999999999999893e+00 -1.818178692999999901e-01
3.632499999999999840e+00 -1.816082870999999876e-01
3.634999999999999787e+00 -1.819554449000000129e-01
3.637500000000000178e+00 -1.817143592999999890e-01
3.640000000000000124e+00 -1.817030199999999929e-01
3.642500000000000071e+00 -1.819016337999999899e-01
3.645000000000000018e+00 -1.813288765999999941e-01
3.647499999999999964e+00 -1.815618827000000102e-01
3.649999999999999911e+00 -1.814020138000000115e-01
3.652499999999999858e+00 -1.817522225000000047e-01
3.654999999999999805e+00 -1.812164722999999866e-01
3.657500000000000195e+00 -1.812596419999999986e-01
3.660000000000000142e+00 -1.807692028000000006e-01
3.662500000000000089e+00 -1.814443617000000009e-01
3.665000000000000036e+00 -1.807172760999999905e-01
3.667499999999999982e+00 -1.816434771000000059e-01
3.669999999999999929e+00 -1.813184952000000127e-01
3.672499999999999876e+00 -1.808106711999999949e-01
3.674999999999999822e+00 -1.810427719999999907e-01
3.677500000000000213e+00 -1.807232068999999886e-01
3.680000000000000160e+00 -1.806546696999999924e-01
3.682500000000000107e+00 -1.809145785000000062e-01
3.685000000000000053e+00 -1.807316617999999986e-01
3.687500000000000000e+00 -1.808438215000000016e-01
3.689999999999999947e+00 -1.810718974999999953e-01
3.692499999999999893e+00 -1.807979846999999973e-01
3.694999999999999840e+00 -1.805833293999999922e-01
3.697499999999999787e+00 -1.807997053000000021e-01
3.700000000000000178e+00 -1.807504692000000135e-01
3.702500000000000124e+00 -1.806913806999999872e-01
3.705000000000000071e+00 -1.807222537000000018e-01
3.707500000000000018e+00 -1.805623667000000043e-01
3.709999999999999964e+00 -1.803180732000000119e-01
3.712499999999999911e+00 -1.807592529000000003e-01
3.714999999999999858e+00 -1.805274541999999927e-01
3.717499999999999805e+00 -1.804313015000000020e-01
3.720000000000000195e+00 -1.804741004000000038e-01
3.722500000000000142e+00 -1.804072133999999883e-01
3.725000000000000089e+00 -1.802090744000000022e-01
3.727500000000000036e+00 -1.804261588000000138e-01
3.729999999999999982e+00 -1.799720475999999902e-01
3.732499999999999929e+00 -1.799444111000000068e-01
3.734999999999999876e+00 -1.798272348000000131e-01
3.737499999999999822e+00 -1.797121949999999913e-01
3.740000000000000213e+00 -1.797292746999999968e-01
3.742500000000000160e+00 -1.802352543000000085e-01
3.745000000000000107e+00 -1.798284490000000013e-01
3.747500000000000053e+00 -1.798745327999999866e-01
3.750000000000000000e+00 -1.801057168000000097e-01
3.752499999999999947e+00 -1.798070615000000039e-01
3.754999999999999893e+00 -1.797970218000000120e-01
3.757499999999999840e+00 -1.793256662999999917e-01
3.759999999999999787e+00 -1.794590987000000137e-01
3.762500000000000178e+00 -1.794772246999999932e-01
3.765000000000000124e+00 -1.798019570999999928e-01
3.767500000000000071e+00 -1.798727887999999886e-01
3.770000000000000018e+00 -1.797135011000000060e-01
3.772499999999999964e+00 -1.792526265999999924e-01
3.774999999999999911e+00 -1.792218278000000109e-01
3.777499999999999858e+00 -1.791363598999999862e-01
3.779999999999999805e+00 -1.796847199000000117e-01
3.782500000000000195e+00 -1.792978283999999978e-01
3.785000000000000142e+00 -1.790915277000000028e-01
3.787500000000000089e+00 -1.790221787000000064e-01
3.790000000000000036e+00 -1.794788287999999898e-01
3.792499999999999982e+00 -1.789206939999999912e-01
3.794999999999999929e+00 -1.792357454000000072e-01
3.797499999999999876e+00 -1.790347605000000009e-01
3.799999999999999822e+00 -1.791627299999999923e-01
3.802500000000000213e+00 -1.786803562000000012e-01
3.805000000000000160e+00 -1.785216380999999908e-01
3.807500000000000107e+00 -1.790311923000000027e-01
3.810000000000000053e+00 -1.788278376999999919e-01
3.812500000000000000e+00 -1.789016508000000061e-01
3.814999999999999947e+00 -1.786474734999999869e-01
3.817499999999999893e+00 -1.784789276000000036e-01
3.819999999999999840e+00 -1.783410343999999870e-01
3.822499999999999787e+00 -1.786145908000000004e-01
3.825000000000000178e+00 -1.786554966999999994e-01
3.827500000000000124e+00 -1.783099991000000051e-01
3.830000000000000071e+00 -1.786672712000000052e-01
3.832500000000000018e+00 -1.782765182000000115e-01
3.834999999999999964e+00 -1.779497717000000090e-01
3.837499999999999911e+00 -1.783818323999999955e-01
3.839999999999999858e+00 -1.783774538000000021e-01
3.842499999999999805e+00 -1.782823698999999873e-01
3.845000000000000195e+00 -1.782491334999999899e-01
3.847500000000000142e+00 -1.783015474000000100e-01
3.850000000000000089e+00 -1.782475644000000026e-01
3.852500000000000036e+00 -1.783305025999999960e-01
3.854999999999999982e+00 -1.781690183000000094e-01
3.857499999999999929e+00 -1.784689392000000097e-01
3.859999999999999876e+00 -1.782949292000000074e-01
3.862499999999999822e+00 -1.778515954000000066e-01
3.865000000000000213e+00 -1.782778553000000099e-01
3.867500000000000160e+00 -1.783799131999999898e-01
3.870000000000000107e+00 -1.780917348999999927e-01
3.872500000000000053e+00 -1.775536259000000117e-01
3.875000000000000000e+00 -1.781482900999999952e-01
3.877499999999999947e+00 -1.777555597999999903e-01
3.879999999999999893e+00 -1.783137267999999886e-01
3.882499999999999840e+00 -1.776590168000000136e-01
3.884999999999999787e+00 -1.777947015000000131e-01
3.887500000000000178e+00 -1.778548886000000107e-01
3.890000000000000124e+00 -1.774267375999999952e-01
3.892500000000000071e+00 -1.775793697999999976e-01
3.895000000000000018e+00 -1.772968840999999962e-01
3.897499999999999964e+00 -1.780017204999999880e-01
3.899999999999999911e+00 -1.775066526000000089e-01
3.902499999999999858e+00 -1.773398364999999866e-01
3.904999999999999805e+00 -1.772401278000000080e-01
3.907500000000000195e+00 -1.774885665000000001e-01
3.910000000000000142e+00 -1.777761401999999880e-01
3.912500000000000089e+00 -1.775826997000000129e-01
3.915000000000000036e+00 -1.772857951000000043e-01
3.917499999999999982e+00 -1.775175911000000106e-01
3.919999999999999929e+00 -1.771703125999999906e-01
3.922499999999999876e+00 -1.772055067999999955e-01
3.924999999999999822e+00 -1.774082517999999997e-01
3.927500000000000213e+00 -1.773276152999999911e-01
3.930000000000000160e+00 -1.770999900999999932e-01
3.932500000000000107e+00 -1.768200062999999989e-01
3.935000000000000053e+00 -1.771822628999999982e-01
3.937500000000000000e+00 -1.772026505000000030e-01
3.939999999999999947e+00 -1.765806161000000041e-01
3.942499999999999893e+00 -1.769131429999999949e-01
3.944999999999999840e+00 -1.767188776999999988e-01
3.947499999999999787e+00 -1.771521789000000124e-01
3.950000000000000178e+00 -1.769862121000000121e-01
3.952500000000000124e+00 -1.769291748000000053e-01
3.955000000000000071e+00 -1.767907616999999931e-01
3.957500000000000018e+00 -1.771554265999999989e-01
3.959999999999999964e+00 -1.770897092000000006e-01
3.962499999999999911e+00 -1.765131856000000110e-01
3.964999999999999858e+00 -1.765393178999999924e-01
3.967499999999999805e+00 -1.765689055999999924e-01
3.970000000000000195e+00 -1.765220721999999909e-01
3.972500000000000142e+00 -1.763156170999999883e-01
3.975000000000000089e+00 -1.762863980999999913e-01
3.977500000000000036e+00 -1.767683489999999913e-01
3.979999999999999982e+00 -1.764128145999999953e-01
3.982499999999999929e+00 -1.763099908000000104e-01
3.984999999999999876e+00 -1.764772286000000079e-01
3.987499999999999822e+00 -1.767747008999999980e-01
3.990000000000000213e+00 -1.763196395000000138e-01
3.992500000000000160e+00 -1.763913279999999861e-01
3.995000000000000107e+00 -1.761340227000000036e-01
3.997500000000000053e+00 -1.761950151999999992e-01
4.000000000000000000e+00 -1.762503760999999947e-01
4.002500000000000391e+00 -1.759053067999999942e-01
4.004999999999999893e+00 -1.758720483000000001e-01
4.007500000000000284e+00 -1.764298890000000064e-01
4.009999999999999787e+00 -1.762310131000000002e-01
4.012500000000000178e+00 -1.762516434999999992e-01
4.014999999999999680e+00 -1.760575946999999863e-01
4.017500000000000071e+00 -1.758365440000000113e-01
4.019999999999999574e+00 -1.759519779000000006e-01
4.022499999999999964e+00 -1.760344640000000016e-01
4.025000000000000355e+00 -1.758673427999999928e-01
4.027499999999999858e+00 -1.762659849999999861e-01
4.030000000000000249e+00 -1.759871272000000098e-01
4.032499999999999751e+00 -1.755691420000000114e-01
4.035000000000000142e+00 -1.759024480999999973e-01
4.037499999999999645e+00 -1.760494438999999911e-01
4.040000000000000036e+00 -1.761681997000000000e-01
4.042500000000000426e+00 -1.756724765999999882e-01
4.044999999999999929e+00 -1.756648335000000061e-01
4.047500000000000320e+00 -1.762520780000000065e-01
4.049999999999999822e+00 -1.757201646000000061e-01
4.052500000000000213e+00 -1.758436423999999998e-01
4.054999999999999716e+00 -1.758338248999999909e-01
4.057500000000000107e+00 -1.753025652000000101e-01
4.059999999999999609e+00 -1.757573329000000073e-01
4.062500000000000000e+00 -1.756590798000000064e-01
4.065000000000000391e+00 -1.754874272999999985e-01
4.067499999999999893e+00 -1.756360560999999931e-01
4.070000000000000284e+00 -1.753362206000000090e-01
4.072499999999999787e+00 -1.754076035000000089e-01
4.075000000000000178e+00 -1.758234667999999945e-01
4.077499999999999680e+00 -1.751459411999999882e-01
4.080000000000000071e+00 -1.755842250000000104e-01
4.082499999999999574e+00 -1.749261648999999863e-01
4.084999999999999964e+00 -1.753547729000000110e-01
4.087500000000000355e+00 -1.750398496999999998e-01
4.089999999999999858e+00 -1.752629390000000065e-01
4.092500000000000249e+00 -1.748113468999999975e-01
4.094999999999999751e+00 -1.752176937000000101e-01
4.097500000000000142e+00 -1.752834225999999884e-01
4.099999999999999645e+00 -1.750647831000000099e-01
4.102500000000000036e+00 -1.751797003999999991e-01
4.105000000000000426e+00 -1.750907603999999895e-01
4.107499999999999929e+00 -1.747640259000000085e-01
4.110000000000000320e+00 -1.751707077000000112e-01
4.112499999999999822e+00 -1.745784629000000088e-01
4.115000000000000213e+00 -1.752414580999999971e-01
4.117499999999999716e+00 -1.750966438999999875e-01
4.120000000000000107e+00 -1.749397627000000011e-01
4.122499999999999609e+00 -1.751239435999999983e-01
4.125000000000000000e+00 -1.748719454999999867e-01
4.127500000000000391e+00 -1.749801810000000124e-01
4.129999999999999893e+00 -1.745878641999999981e-01
4.132500000000000284e+00 -1.745220838000000052e-01
4.134999999999999787e+00 -1.748336017000000076e-01
4.137500000000000178e+00 -1.748039143000000017e-01
4.139999999999999680e+00 -1.745433459999999881e-01
4.142500000000000071e+00 -1.745612491999999905e-01
4.144999999999999574e+00 -1.742538705999999993e-01
4.147499999999999964e+00 -1.745795548999999891e-01
4.150000000000000355e+00 -1.746356104000000020e-01
4.152499999999999858e+00 -1.750998253999999921e-01
4.155000000000000249e+00 -1.744167793999999994e-01
4.157499999999999751e+00 -1.746064408000000123e-01
4.160000000000000142e+00 -1.744607840000000076e-01
4.162499999999999645e+00 -1.744319843999999897e-01
4.165000000000000036e+00 -1.742793391000000136e-01
4.167500000000000426e+00 -1.744762371999999950e-01
4.169999999999999929e+00 -1.745281716000000038e-01
4.172500000000000320e+00 -1.745973342000000095e-01
4.174999999999999822e+00 -1.740539138999999957e-01
4.177500000000000213e+00 -1.745216655999999866e-01
4.179999999999999716e+00 -1.744171744000000135e-01
4.182500000000000107e+00 -1.741900902000000084e-01
4.184999999999999609e+00 -1.740156914000000055e-01
4.187500000000000000e+00 -1.744597643999999947e-01
4.190000000000000391e+00 -1.741705263999999975e-01
4.192499999999999893e+00 -1.738565460000000007e-01
4.195000000000000284e+00 -1.742082645999999957e-01
4.197499999999999787e+00 -1.742165394999999894e-01
4.200000000000000178e+00 -1.740894450999999898e-01
4.202499999999999680e+00 -1.739942802999999982e-01
4.205000000000000071e+00 -1.742311055000000108e-01
4.207499999999999574e+00 -1.739547317000000037e-01
4.209999999999999964e+00 -1.740011327000000052e-01
4.212500000000000355e+00 -1.737811831999999945e-01
4.214999999999999858e+00 -1.741820916000000052e-01
4.217500000000000249e+00 -1.738005588000000046e-01
4.219999999999999751e+00 -1.739661234999999861e-01
4.222500000000000142e+00 -1.735915529000000013e-01
4.224999999999999645e+00 -1.739181626999999897e-01
4.227500000000000036e+00 -1.737911755000000058e-01
4.230000000000000426e+00 -1.739985585000000112e-01
4.232499999999999929e+00 -1.733919478000000014e-01
4.235000000000000320e+00 -1.738743618999999963e-01
4.237499999999999822e+00 -1.736008099999999943e-01
4.240000000000000213e+00 -1.735822050999999977e-01
4.242499999999999716e+00 -1.738631418999999900e-01
4.245000000000000107e+00 -1.734896687999999965e-01
4.247499999999999609e+00 -1.736587062000000126e-01
4.250000000000000000e+00 -1.736069684999999863e-01
4.252500000000000391e+00 -1.735961621000000066e-01
4.254999999999999893e+00 -1.732089343999999864e-01
4.257500000000000284e+00 -1.734657836999999869e-01
4.259999999999999787e+00 -1.733006796000000072e-01
4.262500000000000178e+00 -1.735743848000000089e-01
4.264999999999999680e+00 -1.734135451000000105e-01
4.267500000000000071e+00 -1.736554975999999861e-01
4.269999999999999574e+00 -1.735367959999999932e-01
4.272499999999999964e+00 -1.734853142999999986e-01
4.275000000000000355e+00 -1.733517069000000133e-01
4.277499999999999858e+00 -1.730628603999999904e-01
4.280000000000000249e+00 -1.733490874999999987e-01
4.282499999999999751e+00 -1.734868744999999990e-01
4.285000000000000142e+00 -1.732648619999999917e-01
4.287499999999999645e+00 -1.729815356000000137e-01
4.290000000000000036e+00 -1.733803452999999883e-01
4.292500000000000426e+00 -1.729415498000000107e-01
4.294999999999999929e+00 -1.733088279999999981e-01
4.297500000000000320e+00 -1.728197912999999974e-01
4.299999999999999822e+00 -1.731100812999999961e-01
4.302500000000000213e+00 -1.729209244999999895e-01
4.304999999999999716e+00 -1.731123099999999915e-01
4.307500000000000107e+00 -1.734354392999999939e-01
4.309999999999999609e+00 -1.730860932999999935e-01
4.312500000000000000e+00 -1.727990322999999884e-01
4.315000000000000391e+00 -1.731390052000000013e-01
4.317499999999999893e+00 -1.731856893000000008e-01
4.320000000000000284e+00 -1.729183945999999972e-01
4.322499999999999787e+00 -1.731890722999999965e-01
4.325000000000000178e+00 -1.727647164999999985e-01
4.327499999999999680e+00 -1.730256985999999997e-01
4.330000000000000071e+00 -1.729472317000000092e-01
4.332499999999999574e+00 -1.728241356999999923e-01
4.334999999999999964e+00 -1.733519181000000020e-01
4.337500000000000355e+00 -1.727401071000000121e-01
4.339999999999999858e+00 -1.732035118999999956e-01
4.342500000000000249e+00 -1.727916730999999873e-01
4.344999999999999751e+00 -1.728449826000000022e-01
4.347500000000000142e+00 -1.726893073000000112e-01
4.349999999999999645e+00 -1.726205935000000025e-01
4.352500000000000036e+00 -1.727506014000000090e-01
4.355000000000000426e+00 -1.728795039000000089e-01
4.357499999999999929e+00 -1.729461050999999971e-01
4.360000000000000320e+00 -1.723509039999999992e-01
4.362499999999999822e+00 -1.726656836000000084e-01
4.365000000000000213e+00 -1.729162569000000094e-01
4.367499999999999716e+00 -1.726230363000000045e-01
4.370000000000000107e+00 -1.727855521999999977e-01
4.372499999999999609e+00 -1.724655952999999964e-01
4.375000000000000000e+00 -1.724567076000000088e-01
4.377500000000000391e+00 -1.728768220000000133e-01
4.379999999999999893e+00 -1.723979938999999906e-01
4.382500000000000284e+00 -1.725665966000000107e-01
4.384999999999999787e+00 -1.724234705999999895e-01
4.387500000000000178e+00 -1.724276815999999934e-01
4.389999999999999680e+00 -1.725332927999999877e-01
4.392500000000000071e+00 -1.723818259999999880e-01
4.394999999999999574e+00 -1.727341817999999973e-01
4.397499999999999964e+00 -1.726027988000000124e-01
4.400000000000000355e+00 -1.719256117999999889e-01
4.402499999999999858e+00 -1.719035356999999986e-01
4.405000000000000249e+00 -1.725084708000000078e-01
4.407499999999999751e+00 -1.726372482000000097e-01
4.410000000000000142e+00 -1.725668552000000078e-01
4.412499999999999645e+00 -1.724891178999999886e-01
4.415000000000000036e+00 -1.727159272999999884e-01
4.417500000000000426e+00 -1.725410696999999938e-01
4.419999999999999929e+00 -1.722479943999999930e-01
4.422500000000000320e+00 -1.721251213999999974e-01
4.424999999999999822e+00 -1.723279682999999951e-01
4.427500000000000213e+00 -1.720883200999999973e-01
4.429999999999999716e+00 -1.724552320999999944e-01
4.432500000000000107e+00 -1.720386351000000036e-01
4.434999999999999609e+00 -1.719272132999999925e-01
4.437500000000000000e+00 -1.720832771999999955e-01
4.440000000000000391e+00 -1.722230771000000105e-01
4.442499999999999893e+00 -1.719446208000000031e-01
4.445000000000000284e+00 -1.722140071000000106e-01
4.447499999999999787e+00 -1.723580969999999879e-01
4.450000000000000178e+00 -1.721270860000000125e-01
4.452499999999999680e+00 -1.719933931000000027e-01
4.455000000000000071e+00 -1.721050389000000069e-01
4.457499999999999574e+00 -1.720650461000000075e-01
4.459999999999999964e+00 -1.718263537999999979e-01
4.462500000000000355e+00 -1.720087694000000111e-01
4.464999999999999858e+00 -1.720874696999999953e-01
4.467500000000000249e+00 -1.717209071999999948e-01
4.469999999999999751e+00 -1.719042553000000029e-01
4.472500000000000142e+00 -1.718594062000000089e-01
4.474999999999999645e+00 -1.718792248999999883e-01
4.477500000000000036e+00 -1.718049728000000109e-01
4.480000000000000426e+00 -1.716040571999999931e-01
4.482499999999999929e+00 -1.718401679000000071e-01
4.485000000000000320e+00 -1.719351224000000011e-01
4.487499999999999822e+00 -1.716694857000000130e-01
4.490000000000000213e+00 -1.712665318999999908e-01
4.492499999999999716e+00 -1.717404127999999919e-01
4.495000000000000107e+00 -1.718180967000000059e-01
4.497499999999999609e+00 -1.717763134999999997e-01
4.500000000000000000e+00 -1.719370372000000036e-01
4.502500000000000391e+00 -1.718035978000000130e-01
4.504999999999999893e+00 -1.716599893999999904e-01
4.507500000000000284e+00 -1.715820845000000094e-01
4.509999999999999787e+00 -1.713872187000000102e-01
4.512500000000000178e+00 -1.718628712999999975e-01
4.514999999999999680e+00 -1.719178631000000124e-01
4.517500000000000071e+00 -1.716183739000000097e-01
4.519999999999999574e+00 -1.720412235999999873e-01
4.522499999999999964e+00 -1.714798688999999987e-01
4.525000000000000355e+00 -1.713889875999999868e-01
4.527499999999999858e+00 -1.718132148000000026e-01
4.530000000000000249e+00 -1.714721311000000081e-01
4.532499999999999751e+00 -1.716071126000000002e-01
4.535000000000000142e+00 -1.714902393000000136e-01
4.537499999999999645e+00 -1.716447037000000120e-01
4.540000000000000036e+00 -1.713923609999999931e-01
4.542500000000000426e+00 -1.712161997999999963e-01
4.544999999999999929e+00 -1.712950910000000104e-01
4.547500000000000320e+00 -1.715773455000000058e-01
4.549999999999999822e+00 -1.714466638000000098e-01
4.552500000000000213e+00 -1.713089174999999909e-01
4.554999999999999716e+00 -1.713454707000000021e-01
4.557500000000000107e+00 -1.713888051999999940e-01
4.559999999999999609e+00 -1.714221163000000103e-01
4.562500000000000000e+00 -1.715968620999999972e-01
4.565000000000000391e+00 -1.712940101000000048e-01
4.567499999999999893e+00 -1.714162378000000098e-01
4.570000000000000284e+00 -1.716524872000000090e-01
4.572499999999999787e+00 -1.715893199000000091e-01
4.575000000000000178e+00 -1.718214419000000104e-01
4.577499999999999680e+00 -1.711639097000000054e-01
4.580000000000000071e+00 -1.714613755000000128e-01
4.582499999999999574e+00 -1.714716249000000081e-01
4.584999999999999964e+00 -1.710400420000000032e-01
4.587500000000000355e+00 -1.716618752000000081e-01
4.589999999999999858e+00 -1.710354216999999954e-01
4.592500000000000249e+00 -1.711935512999999964e-01
4.594999999999999751e+00 -1.710317151999999896e-01
4.597500000000000142e+00 -1.715745210999999881e-01
4.599999999999999645e+00 -1.710117069000000045e-01
4.602500000000000036e+00 -1.714177195000000098e-01
4.605000000000000426e+00 -1.708576485999999950e-01
4.607499999999999929e+00 -1.713936234000000003e-01
4.610000000000000320e+00 -1.713220407000000112e-01
4.612499999999999822e+00 -1.710225499999999954e-01
4.615000000000000213e+00 -1.711836322999999993e-01
4.617499999999999716e+00 -1.711658031000000135e-01
4.620000000000000107e+00 -1.710070260000000064e-01
4.622499999999999609e+00 -1.712906376999999980e-01
4.625000000000000000e+00 -1.710161692999999927e-01
4.627500000000000391e+00 -1.713098634999999925e-01
4.629999999999999893e+00 -1.710954426999999889e-01
4.632500000000000284e+00 -1.713384209000000102e-01
4.634999999999999787e+00 -1.710231554999999959e-01
4.637500000000000178e+00 -1.710891639000000075e-01
4.639999999999999680e+00 -1.709596949999999949e-01
4.642500000000000071e+00 -1.709562538000000131e-01
4.644999999999999574e+00 -1.708945736999999965e-01
4.647499999999999964e+00 -1.708414927000000139e-01
4.650000000000000355e+00 -1.713014464000000014e-01
4.652499999999999858e+00 -1.707569364000000034e-01
4.655000000000000249e+00 -1.713220464999999915e-01
4.657499999999999751e+00 -1.706739912000000137e-01
4.660000000000000142e+00 -1.710932802000000030e-01
4.662499999999999645e+00 -1.711296126000000084e-01
4.665000000000000036e+00 -1.712535514000000092e-01
4.667500000000000426e+00 -1.704442207000000098e-01
4.669999999999999929e+00 -1.711495896999999933e-01
4.672500000000000320e+00 -1.707640160999999990e-01
4.674999999999999822e+00 -1.709221412999999967e-01
4.677500000000000213e+00 -1.711592734999999865e-01
4.679999999999999716e+00 -1.707053239000000111e-01
4.682500000000000107e+00 -1.709833627000000023e-01
4.684999999999999609e+00 -1.707007684999999886e-01
4.687500000000000000e+00 -1.707901591000000052e-01
4.690000000000000391e+00 -1.707549513999999935e-01
4.692499999999999893e+00 -1.708367600000000042e-01
4.695000000000000284e+00 -1.705599781999999898e-01
4.697499999999999787e+00 -1.707011720000000121e-01
4.700000000000000178e+00 -1.708759199999999867e-01
4.702499999999999680e+00 -1.704564188999999896e-01
4.705000000000000071e+00 -1.708938948000000013e-01
4.707499999999999574e+00 -1.710145841000000055e-01
4.709999999999999964e+00 -1.706236711000000128e-01
4.712500000000000355e+00 -1.707544102000000119e-01
4.714999999999999858e+00 -1.706486962000000052e-01
4.717500000000000249e+00 -1.705553502999999915e-01
4.719999999999999751e+00 -1.706550075000000111e-01
4.722500000000000142e+00 -1.708429332999999994e-01
4.724999999999999645e+00 -1.709081258000000048e-01
4.727500000000000036e+00 -1.708464784000000014e-01
4.730000000000000426e+00 -1.706521310000000125e-01
4.732499999999999929e+00 -1.707365976000000118e-01
4.735000000000000320e+00 -1.705921096000000137e-01
4.737499999999999822e+00 -1.707452912999999906e-01
4.740000000000000213e+00 -1.707686256000000014e-01
4.742499999999999716e+00 -1.704926813000000041e-01
4.745000000000000107e+00 -1.707452902999999911e-01
4.747499999999999609e+00 -1.702730568999999972e-01
4.750000000000000000e+00 -1.705095831000000006e-01
4.752500000000000391e+00 -1.710797739000000095e-01
4.754999999999999893e+00 -1.706746801000000036e-01
4.757500000000000284e+00 -1.707261949999999973e-01
4.759999999999999787e+00 -1.707545661000000048e-01
4.762500000000000178e+00 -1.706498465999999881e-01
4.764999999999999680e+00 -1.706208788999999948e-01
4.767500000000000071e+00 -1.707544400999999878e-01
4.769999999999999574e+00 -1.708095360999999923e-01
4.772499999999999964e+00 -1.706272222999999921e-01
4.775000000000000355e+00 -1.704205518999999946e-01
4.777499999999999858e+00 -1.706449412000000110e-01
4.780000000000000249e+00 -1.702242619000000068e-01
4.782499999999999751e+00 -1.705443577000000099e-01
4.785000000000000142e+00 -1.708262352999999900e-01
4.787499999999999645e+00 -1.704762290999999874e-01
4.790000000000000036e+00 -1.703029057999999873e-01
4.792500000000000426e+00 -1.706939872999999885e-01
4.794999999999999929e+00 -1.706570847999999974e-01
4.797500000000000320e+00 -1.701266391000000044e-01
4.799999999999999822e+00 -1.704955451000000066e-01
4.802500000000000213e+00 -1.704342742000000133e-01
4.804999999999999716e+00 -1.703563630000000106e-01
4.807500000000000107e+00 -1.704645770000000060e-01
4.809999999999999609e+00 -1.704217993000000098e-01
4.812500000000000000e+00 -1.700433923999999930e-01
4.815000000000000391e+00 -1.706711411000000067e-01
4.817499999999999893e+00 -1.705792073999999880e-01
4.820000000000000284e+00 -1.701224923000000111e-01
4.822499999999999787e+00 -1.703174889999999886e-01
4.825000000000000178e+00 -1.702920695000000040e-01
4.827499999999999680e+00 -1.703383863000000054e-01
4.830000000000000071e+00 -1.701400469000000082e-01
4.832499999999999574e+00 -1.706060326999999932e-01
4.834999999999999964e+00 -1.702627908000000079e-01
4.837500000000000355e+00 -1.705052905999999979e-01
4.839999999999999858e+00 -1.703377386000000104e-01
4.842500000000000249e+00 -1.702658338999999965e-01
4.844999999999999751e+00 -1.705325618999999904e-01
4.847500000000000142e+00 -1.704132470999999982e-01
4.849999999999999645e+00 -1.703256901000000101e-01
4.852500000000000036e+00 -1.702501785999999961e-01
4.855000000000000426e+00 -1.703770367000000119e-01
4.857499999999999929e+00 -1.706975212999999880e-01
4.860000000000000320e+00 -1.701101314000000031e-01
4.862499999999999822e+00 -1.704567576999999889e-01
4.865000000000000213e+00 -1.704263937000000118e-01
4.867499999999999716e+00 -1.706210710000000130e-01
4.870000000000000107e+00 -1.707623436000000050e-01
4.872499999999999609e+00 -1.701151875999999952e-01
4.875000000000000000e+00 -1.703898852000000075e-01
4.877500000000000391e+00 -1.700121830000000112e-01
4.879999999999999893e+00 -1.705158499999999966e-01
4.882500000000000284e+00 -1.702893615000000138e-01
4.884999999999999787e+00 -1.702263992999999975e-01
4.887500000000000178e+00 -1.701177447999999981e-01
4.889999999999999680e+00 -1.701751937000000048e-01
4.892500000000000071e+00 -1.704946692000000041e-01
4.894999999999999574e+00 -1.705164949999999902e-01
4.897499999999999964e+00 -1.704067149000000059e-01
4.900000000000000355e+00 -1.704928061000000050e-01
4.902499999999999858e+00 -1.706323153000000037e-01
4.905000000000000249e+00 -1.703999283000000031e-01
4.907499999999999751e+00 -1.698007491000000091e-01
4.910000000000000142e+00 -1.706281101999999883e-01
4.912499999999999645e+00 -1.705039127999999904e-01
4.915000000000000036e+00 -1.702084651999999920e-01
4.917500000000000426e+00 -1.703669864000000034e-01
4.919999999999999929e+00 -1.701729808999999927e-01
4.922500000000000320e+00 -1.702248141999999909e-01
4.924999999999999822e+00 -1.709103264000000066e-01
4.927500000000000213e+00 -1.700713705999999936e-01
4.929999999999999716e+00 -1.702992859999999942e-01
4.932500000000000107e+00 -1.704388520000000018e-01
4.934999999999999609e+00 -1.702964704999999912e-01
4.937500000000000000e+00 -1.704590418999999968e-01
4.940000000000000391e+00 -1.705585742999999876e-01
4.942499999999999893e+00 -1.698892770000000052e-01
4.945000000000000284e+00 -1.701926549999999982e-01
4.947499999999999787e+00 -1.702671939000000023e-01
4.950000000000000178e+00 -1.705000141999999941e-01
4.952499999999999680e+00 -1.703419247999999886e-01
4.955000000000000071e+00 -1.704661215999999924e-01
4.957499999999999574e+00 -1.698711430000000022e-01
4.959999999999999964e+00 -1.700689810999999885e-01
4.962500000000000355e+00 -1.701821371999999999e-01
4.964999999999999858e+00 -1.703313871999999896e-01
4.967500000000000249e+00 -1.702678059000000133e-01
4.969999999999999751e+00 -1.700133791000000005e-01
4.972500000000000142e+00 -1.701547778999999982e-01
4.974999999999999645e+00 -1.704559834000000107e-01
4.977500000000000036e+00 -1.702999191000000023e-01
4.980000000000000426e+00 -1.705204697999999908e-01
4.982499999999999929e+00 -1.703439831999999932e-01
4.985000000000000320e+00 -1.706352794000000062e-01
4.987499999999999822e+00 -1.705258721000000033e-01
4.990000000000000213e+00 -1.707090977000000065e-01
4.992499999999999716e+00 -1.702459158000000083e-01
4.995000000000000107e+00 -1.707561029000000119e-01
4.997499999999999609e+00 -1.703664216000000120e-01
5.000000000000000000e+00 -1.707379088000000045e-01
5.002500000000000391e+00 -1.705721873999999916e-01
5.004999999999999893e+00 -1.700450655999999894e-01
5.007500000000000284e+00 -1.700095427999999964e-01
5.009999999999999787e+00 -1.703874945999999946e-01
5.012500000000000178e+00 -1.704047076000000105e-01
5.014999999999999680e+00 -1.702299295999999962e-01
5.017500000000000071e+00 -1.705195670000000108e-01
5.019999999999999574e+00 -1.702760516000000057e-01
5.022499999999999964e+00 -1.703126228999999880e-01
5.025000000000000355e+00 -1.701300497000000078e-01
5.027499999999999858e+00 -1.699864396999999916e-01
5.030000000000000249e+00 -1.700446803000000007e-01
5.032499999999999751e+00 -1.702773761999999969e-01
5.035000000000000142e+00 -1.704203568999999863e-01
5.037499999999999645e+00 -1.704734239000000040e-01
5.040000000000000036e+00 -1.702815041000000085e-01
5.042500000000000426e+00 -1.701104505999999905e-01
5.044999999999999929e+00 -1.703319775999999897e-01
5.047500000000000320e+00 -1.701743551999999882e-01
5.049999999999999822e+00 -1.703677447999999983e-01
5.052500000000000213e+00 -1.700427226000000014e-01
5.054999999999999716e+00 -1.698561047000000102e-01
5.057500000000000107e+00 -1.700470715000000077e-01
5.059999999999999609e+00 -1.705300267000000036e-01
5.062500000000000000e+00 -1.702723479999999900e-01
5.065000000000000391e+00 -1.703401330000000047e-01
5.067499999999999893e+00 -1.701494755999999886e-01
5.070000000000000284e+00 -1.701396837999999967e-01
5.072499999999999787e+00 -1.703792597000000075e-01
5.075000000000000178e+00 -1.705022595000000030e-01
5.077499999999999680e+00 -1.702958874000000122e-01
5.080000000000000071e+00 -1.702287547000000123e-01
5.082499999999999574e+00 -1.707573112999999920e-01
5.084999999999999964e+00 -1.703683022999999963e-01
5.087500000000000355e+00 -1.700531349000000136e-01
5.089999999999999858e+00 -1.706847452999999959e-01
5.092500000000000249e+00 -1.704100537999999887e-01
5.094999999999999751e+00 -1.702616684999999908e-01
5.097500000000000142e+00 -1.704243780999999958e-01
5.099999999999999645e+00 -1.702768310999999979e-01
5.102500000000000036e+00 -1.704568878000000121e-01
5.105000000000000426e+00 -1.703155899000000084e-01
5.107499999999999929e+00 -1.703262765000000123e-01
5.110000000000000320e+00 -1.703436933999999958e-01
5.112499999999999822e+00 -1.704214558000000102e-01
5.115000000000000213e+00 -1.705814850000000049e-01
5.117499999999999716e+00 -1.702170684000000045e-01
5.120000000000000107e+00 -1.710072283999999887e-01
5.122499999999999609e+00 -1.702145186000000032e-01
5.125000000000000000e+00 -1.703441844999999955e-01
5.127500000000000391e+00 -1.701055915999999946e-01
5.129999999999999893e+00 -1.706671489999999902e-01
5.132500000000000284e+00 -1.702097653999999904e-01
5.134999999999999787e+00 -1.702917761999999946e-01
5.137500000000000178e+00 -1.705187632999999869e-01
5.139999999999999680e+00 -1.706319258000000005e-01
5.142500000000000071e+00 -1.705787024000000041e-01
5.144999999999999574e+00 -1.702641179999999921e-01
5.147499999999999964e+00 -1.702162051999999981e-01
5.150000000000000355e+00 -1.703240589999999999e-01
5.152499999999999858e+00 -1.704124861000000102e-01
5.155000000000000249e+00 -1.704470600000000113e-01
5.157499999999999751e+00 -1.704128353000000096e-01
5.160000000000000142e+00 -1.704936492999999942e-01
5.162499999999999645e+00 -1.706424592999999934e-01
5.165000000000000036e+00 -1.703211173999999994e-01
5.167500000000000426e+00 -1.704552521999999903e-01
5.169999999999999929e+00 -1.708925390000000100e-01
5.172500000000000320e+00 -1.706514503000000071e-01
5.174999999999999822e+00 -1.705325544999999887e-01
5.177500000000000213e+00 -1.702651004999999884e-01
5.179999999999999716e+00 -1.705223211000000128e-01
5.182500000000000107e+00 -1.705403504000000126e-01
5.184999999999999609e+00 -1.705777763999999919e-01
5.187500000000000000e+00 -1.703884300999999879e-01
5.190000000000000391e+00 -1.701874777000000061e-01
5.192499999999999893e+00 -1.703993286000000107e-01
5.195000000000000284e+00 -1.702738220999999996e-01
5.197499999999999787e+00 -1.706252454999999946e-01
5.200000000000000178e+00 -1.704355650999999916e-01
5.202499999999999680e+00 -1.707547835000000069e-01
5.205000000000000071e+00 -1.708156831000000042e-01
5.207499999999999574e+00 -1.705082075999999891e-01
5.209999999999999964e+00 -1.707533583999999993e-01
5.212500000000000355e+00 -1.708256407000000032e-01
5.214999999999999858e+00 -1.706036877000000063e-01
5.217500000000000249e+00 -1.704889722000000052e-01
5.219999999999999751e+00 -1.710199839000000055e-01
5.222500000000000142e+00 -1.703110228999999975e-01
5.224999999999999645e+00 -1.706279283999999896e-01
5.227500000000000036e+00 -1.705817806000000103e-01
5.230000000000000426e+00 -1.705971263000000127e-01
5.232499999999999929e+00 -1.706590594999999877e-01
5.235000000000000320e+00 -1.705815397000000067e-01
5.237499999999999822e+00 -1.708785683000000055e-01
5.240000000000000213e+00 -1.706224097000000051e-01
5.242499999999999716e+00 -1.706745993000000072e-01
5.245000000000000107e+00 -1.705652169000000107e-01
5.247499999999999609e+00 -1.706722287000000116e-01
5.250000000000000000e+00 -1.704669929000000028e-01
5.252500000000000391e+00 -1.707800602000000001e-01
5.254999999999999893e+00 -1.703118832000000138e-01
5.257500000000000284e+00 -1.704484842000000000e-01
5.259999999999999787e+00 -1.708893911000000099e-01
5.262500000000000178e+00 -1.712306101999999941e-01
5.264999999999999680e+00 -1.713876337999999944e-01
5.267500000000000071e+00 -1.707769597999999889e-01
5.269999999999999574e+00 -1.705937939999999930e-01
5.272499999999999964e+00 -1.705982635000000136e-01
5.275000000000000355e+00 -1.708203662999999983e-01
5.277499999999999858e+00 -1.707198266999999936e-01
5.280000000000000249e+00 -1.708579895000000015e-01
5.282499999999999751e+00 -1.707804561000000054e-01
5.285000000000000142e+00 -1.704873281000000018e-01
5.287499999999999645e+00 -1.711253788000000053e-01
5.290000000000000036e+00 -1.706695162000000099e-01
5.292500000000000426e+00 -1.709262920000000074e-01
5.294999999999999929e+00 -1.709485362000000008e-01
5.297500000000000320e+00 -1.709500230000000065e-01
5.299999999999999822e+00 -1.710098804999999889e-01
5.302500000000000213e+00 -1.711074445000000110e-01
5.304999999999999716e+00 -1.711446080000000036e-01
5.307500000000000107e+00 -1.707871192000000038e-01
5.309999999999999609e+00 -1.710236431999999918e-01
5.312500000000000000e+00 -1.708802863999999977e-01
5.315000000000000391e+00 -1.708118358000000059e-01
5.317499999999999893e+00 -1.703083076999999945e-01
5.320000000000000284e+00 -1.707178853000000107e-01
5.322499999999999787e+00 -1.712280267999999883e-01
5.325000000000000178e+00 -1.707571546999999967e-01
5.327499999999999680e+00 -1.706249575999999879e-01
5.330000000000000071e+00 -1.708732829999999869e-01
5.332499999999999574e+00 -1.706617669999999920e-01
5.334999999999999964e+00 -1.711055291999999950e-01
5.337500000000000355e+00 -1.709951430999999966e-01
5.339999999999999858e+00 -1.708319808000000051e-01
5.342500000000000249e+00 -1.711925149999999896e-01
5.344999999999999751e+00 -1.712275121000000067e-01
5.347500000000000142e+00 -1.709043536000000030e-01
5.349999999999999645e+00 -1.707866855999999878e-01
5.352500000000000036e+00 -1.711773933999999886e-01
5.355000000000000426e+00 -1.707544169999999917e-01
5.357499999999999929e+00 -1.711921676000000003e-01
5.360000000000000320e+00 -1.710909401000000052e-01
5.362499999999999822e+00 -1.710519544000000114e-01
5.365000000000000213e+00 -1.706838478999999908e-01
5.367499999999999716e+00 -1.708866230999999958e-01
5.370000000000000107e+00 -1.711327790999999932e-01
5.372499999999999609e+00 -1.710746311000000131e-01
5.375000000000000000e+00 -1.712805762999999870e-01
5.377500000000000391e+00 -1.710371589999999942e-01
5.379999999999999893e+00 -1.710468465999999965e-01
5.382500000000000284e+00 -1.711511867000000131e-01
5.384999999999999787e+00 -1.709312987000000117e-01
5.387500000000000178e+00 -1.713082760000000093e-01
5.389999999999999680e+00 -1.708600239999999992e-01
5.392500000000000071e+00 -1.711685688000000038e-01
5.394999999999999574e+00 -1.712438477999999875e-01
5.397499999999999964e+00 -1.705646322999999909e-01
5.400000000000000355e+00 -1.713694504000000118e-01
5.402499999999999858e+00 -1.710606829000000106e-01
5.405000000000000249e+00 -1.711822453000000077e-01
5.407499999999999751e+00 -1.708254321000000076e-01
5.410000000000000142e+00 -1.718144228000000051e-01
5.412499999999999645e+00 -1.710941924999999919e-01
5.415000000000000036e+00 -1.712126127999999969e-01
5.417500000000000426e+00 -1.718096038999999964e-01
5.419999999999999929e+00 -1.712219309999999939e-01
5.422500000000000320e+00 -1.711110230000000010e-01
5.424999999999999822e+00 -1.715744439000000121e-01
5.427500000000000213e+00 -1.713651069999999887e-01
5.429999999999999716e+00 -1.715606158000000103e-01
5.432500000000000107e+00 -1.712176680999999978e-01
5.434999999999999609e+00 -1.715523600999999954e-01
5.437500000000000000e+00 -1.709980601999999961e-01
5.440000000000000391e+00 -1.714570662000000079e-01
5.442499999999999893e+00 -1.714520140999999942e-01
5.445000000000000284e+00 -1.715042595999999864e-01
5.447499999999999787e+00 -1.714135635000000046e-01
5.450000000000000178e+00 -1.712801482999999902e-01
5.452499999999999680e+00 -1.712171651000000128e-01
5.455000000000000071e+00 -1.715443285999999901e-01
5.457499999999999574e+00 -1.712677294999999933e-01
5.459999999999999964e+00 -1.717022669000000112e-01
5.462500000000000355e+00 -1.712281227999999933e-01
5.464999999999999858e+00 -1.714733724999999986e-01
5.467500000000000249e+00 -1.714952828999999901e-01
5.469999999999999751e+00 -1.720548440999999928e-01
5.472500000000000142e+00 -1.715893068999999882e-01
5.474999999999999645e+00 -1.715491717000000027e-01
5.477500000000000036e+00 -1.714910931999999999e-01
5.480000000000000426e+00 -1.717354244000000030e-01
5.482499999999999929e+00 -1.713461512999999992e-01
5.485000000000000320e+00 -1.721228493999999998e-01
5.487499999999999822e+00 -1.718009192000000129e-01
5.490000000000000213e+00 -1.715596450000000106e-01
5.492499999999999716e+00 -1.717775843000000080e-01
5.495000000000000107e+00 -1.718127200000000021e-01
5.497499999999999609e+00 -1.714485715999999882e-01
5.500000000000000000e+00 -1.720209306000000105e-01
5.502500000000000391e+00 -1.720802713000000039e-01
5.504999999999999893e+00 -1.718107473000000107e-01
5.507500000000000284e+00 -1.720191551999999957e-01
5.509999999999999787e+00 -1.714994885999999996e-01
5.512500000000000178e+00 -1.712707566999999986e-01
5.514999999999999680e+00 -1.717977552999999935e-01
5.517500000000000071e+00 -1.719399986000000047e-01
5.519999999999999574e+00 -1.718108845999999912e-01
5.522499999999999964e+00 -1.715608225999999958e-01
5.525000000000000355e+00 -1.722802327000000078e-01
5.527499999999999858e+00 -1.715816495999999969e-01
5.530000000000000249e+00 -1.718224882000000120e-01
5.532499999999999751e+00 -1.718895270999999947e-01
5.535000000000000142e+00 -1.722971631000000114e-01
5.537499999999999645e+00 -1.720702061000000116e-01
5.540000000000000036e+00 -1.717781077999999961e-01
5.542500000000000426e+00 -1.718746019999999874e-01
5.544999999999999929e+00 -1.721970053000000112e-01
5.547500000000000320e+00 -1.721502360999999925e-01
5.549999999999999822e+00 -1.720108271000000133e-01
5.552500000000000213e+00 -1.720402044000000075e-01
5.554999999999999716e+00 -1.724461303000000001e-01
5.557500000000000107e+00 -1.717720849999999910e-01
5.559999999999999609e+00 -1.720756572999999900e-01
5.562500000000000000e+00 -1.716457476000000093e-01
5.565000000000000391e+00 -1.723727084999999992e-01
5.567499999999999893e+00 -1.719184294999999973e-01
5.570000000000000284e+00 -1.719650520000000071e-01
5.572499999999999787e+00 -1.723094246000000107e-01
5.575000000000000178e+00 -1.721335582000000086e-01
5.577499999999999680e+00 -1.724288857999999869e-01
5.580000000000000071e+00 -1.724445927000000101e-01
5.582499999999999574e+00 -1.724742867000000068e-01
5.584999999999999964e+00 -1.721393502999999936e-01
5.587500000000000355e+00 -1.723879165999999963e-01
5.589999999999999858e+00 -1.723017792000000048e-01
5.592500000000000249e+00 -1.723114883000000097e-01
5.594999999999999751e+00 -1.724091019000000002e-01
5.597500000000000142e+00 -1.728027325000000003e-01
5.599999999999999645e+00 -1.721009290000000136e-01
5.602500000000000036e+00 -1.727982188999999946e-01
5.605000000000000426e+00 -1.724125605999999866e-01
5.607499999999999929e+00 -1.721607047000000001e-01
5.610000000000000320e+00 -1.726878149999999945e-01
5.612499999999999822e+00 -1.725859946999999950e-01
5.615000000000000213e+00 -1.722106089999999867e-01
5.617499999999999716e+00 -1.726941180000000076e-01
5.620000000000000107e+00 -1.725977707999999944e-01
5.622499999999999609e+00 -1.726582492000000024e-01
5.625000000000000000e+00 -1.727504723000000131e-01
5.627500000000000391e+00 -1.726554242999999988e-01
5.629999999999999893e+00 -1.726936195999999868e-01
5.632500000000000284e+00 -1.726157462000000031e-01
5.634999999999999787e+00 -1.726195537000000113e-01
5.637500000000000178e+00 -1.726152340999999868e-01
5.639999999999999680e+00 -1.724314282999999948e-01
5.642500000000000071e+00 -1.727612893000000094e-01
5.644999999999999574e+00 -1.724862023000000022e-01
5.647499999999999964e+00 -1.722426390000000029e-01
5.650000000000000355e+00 -1.730529282999999918e-01
5.652499999999999858e+00 -1.731490893000000031e-01
5.655000000000000249e+00 -1.730719289000000050e-01
5.657499999999999751e+00 -1.729974657999999998e-01
5.660000000000000142e+00 -1.729976424999999929e-01
5.662499999999999645e+00 -1.727894499000000028e-01
5.665000000000000036e+00 -1.731036696999999902e-01
5.667500000000000426e+00 -1.730039808999999928e-01
5.669999999999999929e+00 -1.728762329999999903e-01
5.672500000000000320e+00 -1.731178778999999945e-01
5.674999999999999822e+00 -1.725335336999999913e-01
5.677500000000000213e+00 -1.730772138999999987e-01
5.679999999999999716e+00 -1.725490789000000136e-01
5.682500000000000107e+00 -1.731452689000000100e-01
5.684999999999999609e+00 -1.730298086000000013e-01
5.687500000000000000e+00 -1.728051881000000067e-01
5.690000000000000391e+00 -1.730084209999999956e-01
5.692499999999999893e+00 -1.727503424000000065e-01
5.695000000000000284e+00 -1.732452473999999965e-01
5.697499999999999787e+00 -1.729617848999999985e-01
5.700000000000000178e+00 -1.729148829000000109e-01
5.702499999999999680e+00 -1.732650517999999862e-01
5.705000000000000071e+00 -1.731978037000000137e-01
5.707499999999999574e+00 -1.731552661999999909e-01
5.709999999999999964e+00 -1.731441229000000026e-01
5.712500000000000355e+00 -1.735004142999999888e-01
5.714999999999999858e+00 -1.733901653000000098e-01
5.717500000000000249e+00 -1.732011997000000025e-01
5.719999999999999751e+00 -1.736456020999999905e-01
5.722500000000000142e+00 -1.732551142000000044e-01
5.724999999999999645e+00 -1.732054942000000042e-01
5.727500000000000036e+00 -1.730406872999999957e-01
5.730000000000000426e+00 -1.735155057999999972e-01
5.732499999999999929e+00 -1.734870876999999867e-01
5.735000000000000320e+00 -1.733190923000000050e-01
5.737499999999999822e+00 -1.732205296000000061e-01
5.740000000000000213e+00 -1.733087798000000068e-01
5.742499999999999716e+00 -1.733094293999999924e-01
5.745000000000000107e+00 -1.736001687000000016e-01
5.747499999999999609e+00 -1.739213316000000065e-01
5.750000000000000000e+00 -1.738670415999999941e-01
5.752500000000000391e+00 -1.736668073000000034e-01
5.754999999999999893e+00 -1.735446673999999911e-01
5.757500000000000284e+00 -1.735921585000000100e-01
5.759999999999999787e+00 -1.741654424999999895e-01
5.762500000000000178e+00 -1.736226857000000012e-01
5.764999999999999680e+00 -1.737153483999999970e-01
5.767500000000000071e+00 -1.739338690999999992e-01
5.769999999999999574e+00 -1.738564122000000045e-01
5.772499999999999964e+00 -1.738286723999999950e-01
5.775000000000000355e+00 -1.739718815999999890e-01
5.777499999999999858e+00 -1.740669066999999959e-01
5.780000000000000249e+00 -1.737957622999999896e-01
5.782499999999999751e+00 -1.740515130999999993e-01
5.785000000000000142e+00 -1.740968068000000035e-01
5.787499999999999645e+00 -1.739660040000000074e-01
5.790000000000000036e+00 -1.739307670999999944e-01
5.792500000000000426e+00 -1.734849353000000038e-01
5.794999999999999929e+00 -1.746557176999999905e-01
5.797500000000000320e+00 -1.739462680999999955e-01
5.799999999999999822e+00 -1.743659096000000075e-01
5.802500000000000213e+00 -1.739016234000000105e-01
5.804999999999999716e+00 -1.741649865999999880e-01
5.807500000000000107e+00 -1.743954742999999918e-01
5.809999999999999609e+00 -1.742453549000000101e-01
5.812500000000000000e+00 -1.740913057000000042e-01
5.815000000000000391e+00 -1.741191870999999891e-01
5.817499999999999893e+00 -1.740284749999999880e-01
5.820000000000000284e+00 -1.742599432999999975e-01
5.822499999999999787e+00 -1.741438667000000107e-01
5.825000000000000178e+00 -1.743832724000000112e-01
5.827499999999999680e+00 -1.744695784999999999e-01
5.830000000000000071e+00 -1.744290091000000043e-01
5.832499999999999574e+00 -1.742927629000000089e-01
5.834999999999999964e+00 -1.744104626000000102e-01
5.837500000000000355e+00 -1.742161271999999872e-01
5.839999999999999858e+00 -1.744721240000000062e-01
5.842500000000000249e+00 -1.744682800000000034e-01
5.844999999999999751e+00 -1.743795146000000074e-01
5.847500000000000142e+00 -1.742470480999999960e-01
5.849999999999999645e+00 -1.746954293000000102e-01
5.852500000000000036e+00 -1.746867881999999983e-01
5.855000000000000426e+00 -1.746655239000000082e-01
5.857499999999999929e+00 -1.745039852999999974e-01
5.860000000000000320e+00 -1.743502292000000120e-01
5.862499999999999822e+00 -1.748410686000000103e-01
5.865000000000000213e+00 -1.748413316999999911e-01
5.867499999999999716e+00 -1.749453273999999892e-01
5.870000000000000107e+00 -1.751898819999999912e-01
5.872499999999999609e+00 -1.750301287999999900e-01
5.875000000000000000e+00 -1.748706250000000018e-01
5.877500000000000391e+00 -1.747376190999999912e-01
5.879999999999999893e+00 -1.748672790999999949e-01
5.882500000000000284e+00 -1.747238571999999990e-01
5.884999999999999787e+00 -1.747946700999999936e-01
5.887500000000000178e+00 -1.751151428000000121e-01
5.889999999999999680e+00 -1.750009134999999938e-01
5.892500000000000071e+00 -1.749569089999999938e-01
5.894999999999999574e+00 -1.748645402000000015e-01
5.897499999999999964e+00 -1.755501425999999865e-01
5.900000000000000355e+00 -1.751505006999999892e-01
5.902499999999999858e+00 -1.747097445999999943e-01
5.905000000000000249e+00 -1.754539582999999903e-01
5.907499999999999751e+00 -1.751259045000000125e-01
5.910000000000000142e+00 -1.751430871999999916e-01
5.912499999999999645e+00 -1.752883011999999963e-01
5.915000000000000036e+00 -1.752023565999999977e-01
5.917500000000000426e+00 -1.752907011000000015e-01
5.919999999999999929e+00 -1.756547394000000095e-01
5.922500000000000320e+00 -1.755849408000000056e-01
5.924999999999999822e+00 -1.753506995999999929e-01
5.927500000000000213e+00 -1.755159854999999991e-01
5.929999999999999716e+00 -1.753949773000000045e-01
5.932500000000000107e+00 -1.759043966999999931e-01
5.934999999999999609e+00 -1.754134484000000049e-01
5.937500000000000000e+00 -1.755746494000000046e-01
5.940000000000000391e+00 -1.753594180999999974e-01
5.942499999999999893e+00 -1.758611334000000082e-01
5.945000000000000284e+00 -1.753443701000000077e-01
5.947499999999999787e+00 -1.756073496999999983e-01
5.950000000000000178e+00 -1.761012965000000041e-01
5.952499999999999680e+00 -1.760607697999999888e-01
5.955000000000000071e+00 -1.756787219000000011e-01
5.957499999999999574e+00 -1.755853576999999999e-01
5.959999999999999964e+00 -1.756275342999999989e-01
5.962500000000000355e+00 -1.756847212000000047e-01
5.964999999999999858e+00 -1.757003387999999944e-01
5.967500000000000249e+00 -1.762586147999999908e-01
5.969999999999999751e+00 -1.761663666999999933e-01
5.972500000000000142e+00 -1.758123527999999880e-01
5.974999999999999645e+00 -1.757259861999999895e-01
5.977500000000000036e+00 -1.762462382999999966e-01
5.980000000000000426e+00 -1.759170341000000082e-01
5.982499999999999929e+00 -1.761967784000000037e-01
5.985000000000000320e+00 -1.762373680000000054e-01
5.987499999999999822e+00 -1.759923761999999947e-01
5.990000000000000213e+00 -1.761250008999999950e-01
5.992499999999999716e+00 -1.760006789999999932e-01
5.995000000000000107e+00 -1.762665833000000015e-01
5.997499999999999609e+00 -1.762864768999999887e-01
6.000000000000000000e+00 -1.763516012000000133e-01
6.002500000000000391e+00 -1.760159877999999956e-01
6.004999999999999893e+00 -1.764183873000000069e-01
6.007500000000000284e+00 -1.764746527999999925e-01
6.009999999999999787e+00 -1.759615784999999932e-01
6.012500000000000178e+00 -1.762758613000000030e-01
6.014999999999999680e+00 -1.766201427999999907e-01
6.017500000000000071e+00 -1.761169015999999865e-01
6.019999999999999574e+00 -1.766708492000000075e-01
6.022499999999999964e+00 -1.765753502000000086e-01
6.025000000000000355e+00 -1.765255927000000113e-01
6.027499999999999858e+00 -1.765363716999999999e-01
6.030000000000000249e+00 -1.766433629999999977e-01
6.032499999999999751e+00 -1.767643177999999871e-01
6.035000000000000142e+00 -1.766488462999999953e-01
6.037499999999999645e+00 -1.765372082999999981e-01
6.040000000000000036e+00 -1.767452432999999934e-01
6.042500000000000426e+00 -1.764912918000000053e-01
6.044999999999999929e+00 -1.769052245999999939e-01
6.047500000000000320e+00 -1.768968988000000075e-01
6.049999999999999822e+00 -1.769406111999999864e-01
6.052500000000000213e+00 -1.768131445999999996e-01
6.054999999999999716e+00 -1.769303624999999935e-01
6.057500000000000107e+00 -1.770317875000000096e-01
6.059999999999999609e+00 -1.770713781999999903e-01
6.062500000000000000e+00 -1.768818936000000064e-01
6.065000000000000391e+00 -1.775507990000000091e-01
6.067499999999999893e+00 -1.772068595000000080e-01
6.070000000000000284e+00 -1.766523503000000106e-01
6.072499999999999787e+00 -1.771925266999999915e-01
6.075000000000000178e+00 -1.768833006999999957e-01
6.077499999999999680e+00 -1.773270761999999889e-01
6.080000000000000071e+00 -1.772937629000000126e-01
6.082499999999999574e+00 -1.772304489000000038e-01
6.084999999999999964e+00 -1.774872888000000037e-01
6.087500000000000355e+00 -1.771863757999999900e-01
6.089999999999999858e+00 -1.776267509999999994e-01
6.092500000000000249e+00 -1.775350859000000003e-01
6.094999999999999751e+00 -1.773021711999999972e-01
6.097500000000000142e+00 -1.778615785000000060e-01
6.099999999999999645e+00 -1.776438388000000090e-01
6.102500000000000036e+00 -1.774351106000000011e-01
6.105000000000000426e+00 -1.778486373000000009e-01
6.107499999999999929e+00 -1.778460896000000069e-01
6.110000000000000320e+00 -1.779616911000000135e-01
6.112499999999999822e+00 -1.778433185000000138e-01
6.115000000000000213e+00 -1.775974253000000003e-01
6.117499999999999716e+00 -1.776621958000000057e-01
6.120000000000000107e+00 -1.781841104000000120e-01
6.122499999999999609e+00 -1.779230069999999941e-01
6.125000000000000000e+00 -1.780031797999999943e-01
6.127500000000000391e+00 -1.781933287999999949e-01
6.129999999999999893e+00 -1.781837973000000019e-01
6.132500000000000284e+00 -1.781955708000000083e-01
6.134999999999999787e+00 -1.779765342999999889e-01
6.137500000000000178e+00 -1.779762494999999889e-01
6.139999999999999680e+00 -1.780125036000000105e-01
6.142500000000000071e+00 -1.780577458000000002e-01
6.144999999999999574e+00 -1.781286598000000054e-01
6.147499999999999964e+00 -1.780586268999999888e-01
6.150000000000000355e+00 -1.780841150999999956e-01
6.152499999999999858e+00 -1.785905101999999967e-01
6.155000000000000249e+00 -1.783474106999999864e-01
6.157499999999999751e+00 -1.783578771000000063e-01
6.160000000000000142e+00 -1.783221812000000128e-01
6.162499999999999645e+00 -1.784141874999999877e-01
6.165000000000000036e+00 -1.785108794999999970e-01
6.167500000000000426e+00 -1.784812956000000062e-01
6.169999999999999929e+00 -1.786400536999999955e-01
6.172500000000000320e+00 -1.783324739999999908e-01
6.174999999999999822e+00 -1.783561696000000030e-01
6.177500000000000213e+00 -1.787205866000000087e-01
6.179999999999999716e+00 -1.783666865000000101e-01
6.182500000000000107e+00 -1.788815316000000044e-01
6.184999999999999609e+00 -1.788204781999999937e-01
6.187500000000000000e+00 -1.789691875999999959e-01
6.190000000000000391e+00 -1.787750391000000050e-01
6.192499999999999893e+00 -1.788555748000000001e-01
6.195000000000000284e+00 -1.791367148000000131e-01
6.197499999999999787e+00 -1.787025029000000043e-01
6.200000000000000178e+00 -1.787112666000000016e-01
6.202499999999999680e+00 -1.790213447000000013e-01
6.205000000000000071e+00 -1.790491315000000139e-01
6.207499999999999574e+00 -1.788143540999999892e-01
6.209999999999999964e+00 -1.794887004999999869e-01
6.212500000000000355e+00 -1.792326394000000045e-01
6.214999999999999858e+00 -1.792158145999999952e-01
6.217500000000000249e+00 -1.792735494000000096e-01
6.219999999999999751e+00 -1.795939015999999944e-01
6.222500000000000142e+00 -1.790132184000000071e-01
6.224999999999999645e+00 -1.790108715000000017e-01
6.227500000000000036e+00 -1.796751089999999995e-01
6.230000000000000426e+00 -1.796230430000000100e-01
6.232499999999999929e+00 -1.796070361000000060e-01
6.235000000000000320e+00 -1.795136534000000006e-01
6.237499999999999822e+00 -1.794775163000000007e-01
6.240000000000000213e+00 -1.796781252000000106e-01
6.242499999999999716e+00 -1.793911837999999925e-01
6.245000000000000107e+00 -1.798148752000000017e-01
6.247499999999999609e+00 -1.799643733000000079e-01
6.250000000000000000e+00 -1.800932128999999937e-01
6.252500000000000391e+00 -1.800192774999999912e-01
6.254999999999999893e+00 -1.798212898000000060e-01
6.257500000000000284e+00 -1.799941790000000041e-01
6.259999999999999787e+00 -1.797417119999999979e-01
6.262500000000000178e+00 -1.801367872999999897e-01
6.264999999999999680e+00 -1.800931802000000082e-01
6.267500000000000071e+00 -1.799580051000000125e-01
6.269999999999999574e+00 -1.802732202000000006e-01
6.272499999999999964e+00 -1.797536281000000069e-01
6.275000000000000355e+00 -1.800651906999999885e-01
6.277499999999999858e+00 -1.802826305999999934e-01
6.280000000000000249e+00 -1.802922003000000106e-01
6.282499999999999751e+00 -1.805571960000000031e-01
6.285000000000000142e+00 -1.802881303999999962e-01
6.287499999999999645e+00 -1.805900467000000065e-01
6.290000000000000036e+00 -1.802549200000000129e-01
6.292500000000000426e+00 -1.803005884999999975e-01
6.294999999999999929e+00 -1.806365763999999985e-01
6.297500000000000320e+00 -1.804638061000000127e-01
6.299999999999999822e+00 -1.805593950000000114e-01
6.302500000000000213e+00 -1.807542732000000096e-01
6.304999999999999716e+00 -1.808581528000000049e-01
6.307500000000000107e+00 -1.810836630999999863e-01
6.309999999999999609e+00 -1.807401777000000043e-01
6.312500000000000000e+00 -1.809906977999999889e-01
6.315000000000000391e+00 -1.811149445999999941e-01
6.317499999999999893e+00 -1.807548955000000124e-01
6.320000000000000284e+00 -1.807428672999999986e-01
6.322499999999999787e+00 -1.813148626999999957e-01
6.325000000000000178e+00 -1.808387378999999906e-01
6.327499999999999680e+00 -1.810650957000000116e-01
6.330000000000000071e+00 -1.811873790999999900e-01
6.332499999999999574e+00 -1.805623457999999959e-01
6.334999999999999964e+00 -1.810557540999999937e-01
6.337500000000000355e+00 -1.810773163999999935e-01
6.339999999999999858e+00 -1.812873127999999889e-01
6.342500000000000249e+00 -1.815495588999999910e-01
6.344999999999999751e+00 -1.812355660999999951e-01
6.347500000000000142e+00 -1.813730765999999883e-01
6.349999999999999645e+00 -1.815757453000000077e-01
6.352500000000000036e+00 -1.817124445999999949e-01
6.355000000000000426e+00 -1.813864350000000125e-01
6.357499999999999929e+00 -1.815642741000000060e-01
6.360000000000000320e+00 -1.815930745000000068e-01
6.362499999999999822e+00 -1.814388050999999891e-01
6.365000000000000213e+00 -1.815830468000000086e-01
6.367499999999999716e+00 -1.817210914000000066e-01
6.370000000000000107e+00 -1.817108487999999911e-01
6.372499999999999609e+00 -1.815371071999999919e-01
6.375000000000000000e+00 -1.819192790999999976e-01
6.377500000000000391e+00 -1.821968905999999944e-01
6.379999999999999893e+00 -1.820326632000000000e-01
6.382500000000000284e+00 -1.818328854000000050e-01
6.384999999999999787e+00 -1.821236727999999971e-01
6.387500000000000178e+00 -1.816566739000000097e-01
6.389999999999999680e+00 -1.819306273000000085e-01
6.392500000000000071e+00 -1.821367234000000057e-01
6.394999999999999574e+00 -1.819451774999999993e-01
6.397499999999999964e+00 -1.820865208999999929e-01
6.400000000000000355e+00 -1.823429297999999976e-01
6.402499999999999858e+00 -1.825309351000000135e-01
6.405000000000000249e+00 -1.823942548999999969e-01
6.407499999999999751e+00 -1.824112538000000061e-01
6.410000000000000142e+00 -1.823812901000000097e-01
6.412499999999999645e+00 -1.827919587000000068e-01
6.415000000000000036e+00 -1.827640469000000045e-01
6.417500000000000426e+00 -1.827376277999999965e-01
6.419999999999999929e+00 -1.828260352999999949e-01
6.422500000000000320e+00 -1.823330495999999912e-01
6.424999999999999822e+00 -1.828884004000000119e-01
6.427500000000000213e+00 -1.829325501999999881e-01
6.429999999999999716e+00 -1.823839589000000039e-01
6.432500000000000107e+00 -1.828832629000000098e-01
6.434999999999999609e+00 -1.829764326999999968e-01
6.437500000000000000e+00 -1.829863811999999923e-01
6.440000000000000391e+00 -1.831049066000000058e-01
6.442499999999999893e+00 -1.832000615999999915e-01
6.445000000000000284e+00 -1.831133379999999866e-01
6.447499999999999787e+00 -1.831223127999999922e-01
6.450000000000000178e+00 -1.833632823000000134e-01
6.452499999999999680e+00 -1.833261441000000047e-01
6.455000000000000071e+00 -1.829597367999999946e-01
6.457499999999999574e+00 -1.831153574000000117e-01
6.459999999999999964e+00 -1.832018558999999880e-01
6.462500000000000355e+00 -1.835317123999999911e-01
6.464999999999999858e+00 -1.834616779999999892e-01
6.467500000000000249e+00 -1.834879570000000071e-01
6.469999999999999751e+00 -1.833100931999999961e-01
6.472500000000000142e+00 -1.834597119999999970e-01
6.474999999999999645e+00 -1.842259041000000042e-01
6.477500000000000036e+00 -1.836165137000000114e-01
6.480000000000000426e+00 -1.834368514999999977e-01
6.482499999999999929e+00 -1.838976421000000083e-01
6.485000000000000320e+00 -1.838741552000000001e-01
6.487499999999999822e+00 -1.842350977999999972e-01
6.490000000000000213e+00 -1.843311860999999885e-01
6.492499999999999716e+00 -1.841296142000000136e-01
6.495000000000000107e+00 -1.839601248999999938e-01
6.497499999999999609e+00 -1.842817961000000060e-01
6.500000000000000000e+00 -1.843620653999999970e-01
6.502500000000000391e+00 -1.844063638000000005e-01
6.504999999999999893e+00 -1.842630580000000073e-01
6.507500000000000284e+00 -1.843642229000000132e-01
6.509999999999999787e+00 -1.845753596999999968e-01
6.512500000000000178e+00 -1.842197003999999916e-01
6.514999999999999680e+00 -1.846252593000000108e-01
6.517500000000000071e+00 -1.847436128999999927e-01
6.519999999999999574e+00 -1.846177019999999946e-01
6.522499999999999964e+00 -1.847521923000000066e-01
6.525000000000000355e+00 -1.849035951999999927e-01
6.527499999999999858e+00 -1.843219690000000022e-01
6.530000000000000249e+00 -1.845969858000000019e-01
6.532499999999999751e+00 -1.852548797000000136e-01
6.535000000000000142e+00 -1.847655310999999911e-01
6.537499999999999645e+00 -1.849418292999999991e-01
6.540000000000000036e+00 -1.850408853000000131e-01
6.542500000000000426e+00 -1.851237058000000102e-01
6.544999999999999929e+00 -1.849290318000000044e-01
6.547500000000000320e+00 -1.855512397000000091e-01
6.549999999999999822e+00 -1.855279420000000012e-01
6.552500000000000213e+00 -1.852877890000000083e-01
6.554999999999999716e+00 -1.858356536999999920e-01
6.557500000000000107e+00 -1.852791001000000104e-01
6.559999999999999609e+00 -1.855873671999999919e-01
6.562500000000000000e+00 -1.852457399999999921e-01
6.565000000000000391e+00 -1.856750534000000119e-01
6.567499999999999893e+00 -1.852906219999999882e-01
6.570000000000000284e+00 -1.859889611999999970e-01
6.572499999999999787e+00 -1.856356741999999893e-01
6.575000000000000178e+00 -1.857804865000000083e-01
6.577499999999999680e+00 -1.856347099000000000e-01
6.580000000000000071e+00 -1.859368060999999905e-01
6.582499999999999574e+00 -1.860312453999999893e-01
6.584999999999999964e+00 -1.859488088000000039e-01
6.587500000000000355e+00 -1.860173301999999973e-01
6.589999999999999858e+00 -1.861752302999999942e-01
6.592500000000000249e+00 -1.860691288000000110e-01
6.594999999999999751e+00 -1.864574440000000000e-01
6.597500000000000142e+00 -1.859790708000000070e-01
6.599999999999999645e+00 -1.863499626000000020e-01
6.602500000000000036e+00 -1.862120519000000085e-01
6.605000000000000426e+00 -1.863689001999999928e-01
6.607499999999999929e+00 -1.866373598999999939e-01
6.610000000000000320e+00 -1.860718735000000124e-01
6.612499999999999822e+00 -1.865316905999999941e-01
6.615000000000000213e+00 -1.861355888000000014e-01
6.617499999999999716e+00 -1.867376464000000125e-01
6.620000000000000107e+00 -1.862141961999999873e-01
6.622499999999999609e+00 -1.868681607999999883e-01
6.625000000000000000e+00 -1.866160354999999993e-01
6.627500000000000391e+00 -1.869793319999999981e-01
6.629999999999999893e+00 -1.870744493000000008e-01
6.632500000000000284e+00 -1.867776184999999922e-01
6.634999999999999787e+00 -1.873826869999999922e-01
6.637500000000000178e+00 -1.873288284000000081e-01
6.639999999999999680e+00 -1.871362699000000129e-01
6.642500000000000071e+00 -1.869772430999999957e-01
6.644999999999999574e+00 -1.872880110000000042e-01
6.647499999999999964e+00 -1.871021975999999920e-01
6.650000000000000355e+00 -1.872536040999999984e-01
6.652499999999999858e+00 -1.873343027999999910e-01
6.655000000000000249e+00 -1.872481662999999907e-01
6.657499999999999751e+00 -1.875236047999999933e-01
6.660000000000000142e+00 -1.877913712000000013e-01
6.662499999999999645e+00 -1.873795065999999954e-01
6.665000000000000036e+00 -1.875947286000000103e-01
6.667500000000000426e+00 -1.875925572000000097e-01
6.669999999999999929e+00 -1.879809386000000082e-01
6.672500000000000320e+00 -1.874328630000000051e-01
6.674999999999999822e+00 -1.879788893999999877e-01
6.677500000000000213e+00 -1.879832079000000045e-01
6.679999999999999716e+00 -1.881068844999999878e-01
6.682500000000000107e+00 -1.879280895000000062e-01
6.684999999999999609e+00 -1.885546848000000109e-01
6.687500000000000000e+00 -1.884566954999999933e-01
6.690000000000000391e+00 -1.882992867000000126e-01
6.692499999999999893e+00 -1.881208513000000027e-01
6.695000000000000284e+00 -1.886942072999999997e-01
6.697499999999999787e+00 -1.883608129000000075e-01
6.700000000000000178e+00 -1.884012458000000056e-01
6.702499999999999680e+00 -1.882011898000000016e-01
6.705000000000000071e+00 -1.882933824999999950e-01
6.707499999999999574e+00 -1.884050375000000110e-01
6.709999999999999964e+00 -1.884898751999999900e-01
6.712500000000000355e+00 -1.888851880999999899e-01
6.714999999999999858e+00 -1.886925564999999971e-01
6.717500000000000249e+00 -1.889117586000000071e-01
6.719999999999999751e+00 -1.891994378999999893e-01
6.722500000000000142e+00 -1.889480795000000046e-01
6.724999999999999645e+00 -1.888311078000000087e-01
6.727500000000000036e+00 -1.893498375000000067e-01
6.730000000000000426e+00 -1.894650874999999901e-01
6.732499999999999929e+00 -1.892350678999999980e-01
6.735000000000000320e+00 -1.891017265999999919e-01
6.737499999999999822e+00 -1.894250070999999869e-01
6.740000000000000213e+00 -1.894469866999999863e-01
6.742499999999999716e+00 -1.896243411000000101e-01
6.745000000000000107e+00 -1.898210372999999951e-01
6.747499999999999609e+00 -1.898594624999999925e-01
6.750000000000000000e+00 -1.898227153000000000e-01
6.752500000000000391e+00 -1.897550034000000108e-01
6.754999999999999893e+00 -1.899860305000000138e-01
6.757500000000000284e+00 -1.900276424000000020e-01
6.759999999999999787e+00 -1.897230018999999934e-01
6.762500000000000178e+00 -1.904076392999999867e-01
6.764999999999999680e+00 -1.896457453000000015e-01
6.767500000000000071e+00 -1.898573987000000129e-01
6.769999999999999574e+00 -1.902766636000000067e-01
6.772499999999999964e+00 -1.900544123000000030e-01
6.775000000000000355e+00 -1.903270086000000139e-01
6.777499999999999858e+00 -1.903345355000000128e-01
6.780000000000000249e+00 -1.901267842999999902e-01
6.782499999999999751e+00 -1.903534749000000137e-01
6.785000000000000142e+00 -1.907269151000000051e-01
6.787499999999999645e+00 -1.899387677000000108e-01
6.790000000000000036e+00 -1.907221903000000107e-01
6.792500000000000426e+00 -1.907584905999999969e-01
6.794999999999999929e+00 -1.906543726999999910e-01
6.797500000000000320e+00 -1.909961819999999866e-01
6.799999999999999822e+00 -1.905957060000000036e-01
6.802500000000000213e+00 -1.908313325000000060e-01
6.804999999999999716e+00 -1.908787596000000031e-01
6.807500000000000107e+00 -1.910966144000000033e-01
6.809999999999999609e+00 -1.911578768999999955e-01
6.812500000000000000e+00 -1.907184509000000028e-01
6.815000000000000391e+00 -1.912305632999999894e-01
6.817499999999999893e+00 -1.910628117000000015e-01
6.820000000000000284e+00 -1.915093498000000061e-01
6.822499999999999787e+00 -1.912350861000000068e-01
6.825000000000000178e+00 -1.914840690000000067e-01
6.827499999999999680e+00 -1.920741376000000000e-01
6.830000000000000071e+00 -1.920082587999999979e-01
6.832499999999999574e+00 -1.915427966999999898e-01
6.834999999999999964e+00 -1.917949777999999883e-01
6.837500000000000355e+00 -1.916340423000000015e-01
6.839999999999999858e+00 -1.917722832000000044e-01
6.842500000000000249e+00 -1.920083529999999927e-01
6.844999999999999751e+00 -1.917769233999999934e-01
6.847500000000000142e+00 -1.917835958000000118e-01
6.849999999999999645e+00 -1.923760167999999937e-01
6.852500000000000036e+00 -1.919533590999999983e-01
6.855000000000000426e+00 -1.924662007000000064e-01
6.857499999999999929e+00 -1.923265484999999997e-01
6.860000000000000320e+00 -1.925077013000000004e-01
6.862499999999999822e+00 -1.920099021999999989e-01
6.865000000000000213e+00 -1.925777374000000042e-01
6.867499999999999716e+00 -1.924454522000000056e-01
6.870000000000000107e+00 -1.926933426999999921e-01
6.872499999999999609e+00 -1.929684244000000048e-01
6.875000000000000000e+00 -1.928599819000000049e-01
6.877500000000000391e+00 -1.929566379000000054e-01
6.879999999999999893e+00 -1.928586243000000033e-01
6.882500000000000284e+00 -1.927710863000000052e-01
6.884999999999999787e+00 -1.931212276000000005e-01
6.887500000000000178e+00 -1.926338448999999897e-01
6.889999999999999680e+00 -1.930937473000000071e-01
6.892500000000000071e+00 -1.930263784000000038e-01
6.894999999999999574e+00 -1.931589672000000035e-01
6.897499999999999964e+00 -1.930959945000000066e-01
6.900000000000000355e+00 -1.933714140999999997e-01
6.902499999999999858e+00 -1.932678791999999923e-01
6.905000000000000249e+00 -1.937858865000000042e-01
6.907499999999999751e+00 -1.936797457999999972e-01
6.910000000000000142e+00 -1.935441649000000097e-01
6.912499999999999645e+00 -1.938725209000000116e-01
6.915000000000000036e+00 -1.936159689999999989e-01
6.917500000000000426e+00 -1.939578222999999990e-01
6.919999999999999929e+00 -1.940229870999999884e-01
6.922500000000000320e+00 -1.940707631999999960e-01
6.924999999999999822e+00 -1.939941709999999930e-01
6.927500000000000213e+00 -1.941779935000000068e-01
6.929999999999999716e+00 -1.941986153999999964e-01
6.932500000000000107e+00 -1.941947418999999952e-01
6.934999999999999609e+00 -1.947678431000000043e-01
6.937500000000000000e+00 -1.939872682000000070e-01
6.940000000000000391e+00 -1.946204646999999954e-01
6.942499999999999893e+00 -1.950187909999999969e-01
6.945000000000000284e+00 -1.940918541999999969e-01
6.947499999999999787e+00 -1.948335462999999934e-01
6.950000000000000178e+00 -1.949676794999999907e-01
6.952499999999999680e+00 -1.951054700000000031e-01
6.955000000000000071e+00 -1.947528782000000069e-01
6.957499999999999574e+00 -1.948143816000000028e-01
6.959999999999999964e+00 -1.953881189999999990e-01
6.962500000000000355e+00 -1.949025887999999984e-01
6.964999999999999858e+00 -1.951196451999999970e-01
6.967500000000000249e+00 -1.955096144000000036e-01
6.969999999999999751e+00 -1.953068005999999968e-01
6.972500000000000142e+00 -1.952223740000000041e-01
6.974999999999999645e+00 -1.955785422999999912e-01
6.977500000000000036e+00 -1.957529946000000076e-01
6.980000000000000426e+00 -1.955869460000000115e-01
6.982499999999999929e+00 -1.954478598999999928e-01
6.985000000000000320e+00 -1.957147679000000029e-01
6.987499999999999822e+00 -1.961046369999999983e-01
6.990000000000000213e+00 -1.961703046000000117e-01
6.992499999999999716e+00 -1.957542462999999899e-01
6.995000000000000107e+00 -1.958538794999999944e-01
6.997499999999999609e+00 -1.962211306999999960e-01
7.000000000000000000e+00 -1.965321670999999881e-01
7.002500000000000391e+00 -1.964362211000000025e-01
7.004999999999999893e+00 -1.962448756999999877e-01
7.007500000000000284e+00 -1.961756846999999915e-01
7.009999999999999787e+00 -1.963201484000000052e-01
7.012500000000000178e+00 -1.963022791000000045e-01
7.014999999999999680e+00 -1.970228016999999998e-01
7.017500000000000071e+00 -1.964391349000000064e-01
7.019999999999999574e+00 -1.970066857999999976e-01
7.022499999999999964e+00 -1.970469048999999861e-01
7.025000000000000355e+00 -1.967398535000000059e-01
7.027499999999999858e+00 -1.969628182000000005e-01
7.030000000000000249e+00 -1.966701516999999899e-01
7.032499999999999751e+00 -1.973758151999999988e-01
7.035000000000000142e+00 -1.970068406000000105e-01
7.037499999999999645e+00 -1.976257727000000075e-01
7.040000000000000036e+00 -1.972322442999999981e-01
7.042500000000000426e+00 -1.978268656999999930e-01
7.044999999999999929e+00 -1.978008337000000116e-01
7.047500000000000320e+00 -1.978116883000000104e-01
7.049999999999999822e+00 -1.975731297999999969e-01
7.052500000000000213e+00 -1.982708089000000118e-01
7.054999999999999716e+00 -1.974704817999999862e-01
7.057500000000000107e+00 -1.980257566999999996e-01
7.059999999999999609e+00 -1.977694392000000079e-01
7.062500000000000000e+00 -1.978117416999999878e-01
7.065000000000000391e+00 -1.980860889999999930e-01
7.067499999999999893e+00 -1.984867577999999966e-01
7.070000000000000284e+00 -1.985481937999999946e-01
7.072499999999999787e+00 -1.983199928999999917e-01
7.075000000000000178e+00 -1.981003848000000012e-01
7.077499999999999680e+00 -1.989022887999999933e-01
7.080000000000000071e+00 -1.983596301999999978e-01
7.082499999999999574e+00 -1.985551822000000133e-01
7.084999999999999964e+00 -1.988427738000000111e-01
7.087500000000000355e+00 -1.984550831000000126e-01
7.089999999999999858e+00 -1.988590474999999969e-01
7.092500000000000249e+00 -1.987329726000000019e-01
7.094999999999999751e+00 -1.997573638000000040e-01
7.097500000000000142e+00 -1.991974619999999918e-01
7.099999999999999645e+00 -1.994185038000000076e-01
7.102500000000000036e+00 -1.991012064999999887e-01
7.105000000000000426e+00 -1.994249530999999964e-01
7.107499999999999929e+00 -1.989980238000000068e-01
7.110000000000000320e+00 -1.996237134000000135e-01
7.112499999999999822e+00 -1.994126341000000135e-01
7.115000000000000213e+00 -1.996587006999999969e-01
7.117499999999999716e+00 -1.997652769000000106e-01
7.120000000000000107e+00 -1.999080007000000048e-01
7.122499999999999609e+00 -1.999312470999999869e-01
7.125000000000000000e+00 -1.996627938999999963e-01
7.127500000000000391e+00 -2.000289182999999971e-01
7.129999999999999893e+00 -2.001685166000000127e-01
7.132500000000000284e+00 -2.004956193999999914e-01
7.134999999999999787e+00 -2.005684251000000029e-01
7.137500000000000178e+00 -2.006880782999999890e-01
7.139999999999999680e+00 -2.007360682000000063e-01
7.142500000000000071e+00 -2.006439322000000136e-01
7.144999999999999574e+00 -2.007219490999999911e-01
7.147499999999999964e+00 -2.006259237999999945e-01
7.150000000000000355e+00 -2.006244111000000108e-01
7.152499999999999858e+00 -2.010996139000000016e-01
7.155000000000000249e+00 -2.008356779999999897e-01
7.157499999999999751e+00 -2.011456245999999892e-01
7.160000000000000142e+00 -2.010596973000000065e-01
7.162499999999999645e+00 -2.011377876000000064e-01
7.165000000000000036e+00 -2.010713128000000127e-01
7.167500000000000426e+00 -2.012730182999999951e-01
7.169999999999999929e+00 -2.014763690999999968e-01
7.172500000000000320e+00 -2.012340303000000052e-01
7.174999999999999822e+00 -2.019592259000000112e-01
7.177500000000000213e+00 -2.018991129000000107e-01
7.179999999999999716e+00 -2.020024233000000113e-01
7.182500000000000107e+00 -2.017352423000000061e-01
7.184999999999999609e+00 -2.015698770000000084e-01
7.187500000000000000e+00 -2.023379827000000020e-01
7.190000000000000391e+00 -2.021452451999999900e-01
7.192499999999999893e+00 -2.020758568999999893e-01
7.195000000000000284e+00 -2.024406467000000043e-01
7.197499999999999787e+00 -2.024821397999999883e-01
7.200000000000000178e+00 -2.021067498999999934e-01
7.202499999999999680e+00 -2.026443904000000129e-01
7.205000000000000071e+00 -2.024836721000000117e-01
7.207499999999999574e+00 -2.027980867999999992e-01
7.209999999999999964e+00 -2.027093266999999976e-01
7.212500000000000355e+00 -2.024984354999999903e-01
7.214999999999999858e+00 -2.027089472999999975e-01
7.217500000000000249e+00 -2.032995481000000049e-01
7.219999999999999751e+00 -2.031168708999999961e-01
7.222500000000000142e+00 -2.030051737000000134e-01
7.224999999999999645e+00 -2.031372320000000009e-01
7.227500000000000036e+00 -2.035170541000000111e-01
7.230000000000000426e+00 -2.031337836000000063e-01
7.232499999999999929e+00 -2.034389184000000017e-01
7.235000000000000320e+00 -2.035200940999999930e-01
7.237499999999999822e+00 -2.038220330000000136e-01
7.240000000000000213e+00 -2.036609856999999912e-01
7.242499999999999716e+00 -2.037597167999999903e-01
7.245000000000000107e+00 -2.038349208000000135e-01
7.247499999999999609e+00 -2.042342248000000027e-01
7.250000000000000000e+00 -2.040212982000000064e-01
7.252500000000000391e+00 -2.040591120999999952e-01
7.254999999999999893e+00 -2.043181239000000093e-01
7.257500000000000284e+00 -2.046061624999999939e-01
7.259999999999999787e+00 -2.046267112000000055e-01
7.262500000000000178e+00 -2.044229066999999900e-01
7.264999999999999680e+00 -2.044087980000000027e-01
7.267500000000000071e+00 -2.044803004000000091e-01
7.269999999999999574e+00 -2.042170154999999876e-01
7.272499999999999964e+00 -2.047967943000000013e-01
7.275000000000000355e+00 -2.047874919999999876e-01
7.277499999999999858e+00 -2.047337424000000017e-01
7.280000000000000249e+00 -2.054420581999999995e-01
7.282499999999999751e+00 -2.054333000000000131e-01
7.285000000000000142e+00 -2.052084029000000032e-01
7.287499999999999645e+00 -2.051456865999999879e-01
7.290000000000000036e+00 -2.057690567000000081e-01
7.292500000000000426e+00 -2.056361828000000114e-01
7.294999999999999929e+00 -2.059169839999999974e-01
7.297500000000000320e+00 -2.058643427999999886e-01
7.299999999999999822e+00 -2.058949136000000069e-01
7.302500000000000213e+00 -2.063068495000000002e-01
7.304999999999999716e+00 -2.059908856999999871e-01
7.307500000000000107e+00 -2.061156614000000109e-01
7.309999999999999609e+00 -2.061250521000000113e-01
7.312500000000000000e+00 -2.059641151999999920e-01
7.315000000000000391e+00 -2.060259734999999870e-01
7.317499999999999893e+00 -2.062677014000000031e-01
7.320000000000000284e+00 -2.068365185999999911e-01
7.322499999999999787e+00 -2.063421045000000120e-01
7.325000000000000178e+00 -2.069515939000000082e-01
7.327499999999999680e+00 -2.064129057999999906e-01
7.330000000000000071e+00 -2.067731439000000115e-01
7.332499999999999574e+00 -2.071078014000000134e-01
7.334999999999999964e+00 -2.072809047999999987e-01
7.337500000000000355e+00 -2.070635147000000065e-01
7.339999999999999858e+00 -2.073721420999999898e-01
7.342500000000000249e+00 -2.073265136999999925e-01
7.344999999999999751e+00 -2.071442649999999941e-01
7.347500000000000142e+00 -2.073136200000000040e-01
7.349999999999999645e+00 -2.076507099000000078e-01
7.352500000000000036e+00 -2.074124528999999884e-01
7.355000000000000426e+00 -2.078083840999999932e-01
7.357499999999999929e+00 -2.081198035999999862e-01
7.360000000000000320e+00 -2.078177536999999964e-01
7.362499999999999822e+00 -2.079326581000000007e-01
7.365000000000000213e+00 -2.079096059999999968e-01
7.367499999999999716e+00 -2.083010979000000096e-01
7.370000000000000107e+00 -2.084492265000000011e-01
7.372499999999999609e+00 -2.084678177000000021e-01
7.375000000000000000e+00 -2.087225236999999956e-01
7.377500000000000391e+00 -2.086476834000000058e-01
7.379999999999999893e+00 -2.085299006999999927e-01
7.382500000000000284e+00 -2.087249328999999931e-01
7.384999999999999787e+00 -2.087454356000000011e-01
7.387500000000000178e+00 -2.090414372000000132e-01
7.389999999999999680e+00 -2.093550167999999878e-01
7.392500000000000071e+00 -2.090120044000000066e-01
7.394999999999999574e+00 -2.091739324000000122e-01
7.397499999999999964e+00 -2.092582461999999976e-01
7.400000000000000355e+00 -2.092632205000000134e-01
7.402499999999999858e+00 -2.095053991999999976e-01
7.405000000000000249e+00 -2.098312858999999975e-01
7.407499999999999751e+00 -2.096932461000000081e-01
7.410000000000000142e+00 -2.102621105999999962e-01
7.412499999999999645e+00 -2.099701149000000044e-01
7.415000000000000036e+00 -2.100938558999999872e-01
7.417500000000000426e+00 -2.097827704999999932e-01
7.419999999999999929e+00 -2.103212164000000106e-01
7.422500000000000320e+00 -2.105542294999999953e-01
7.424999999999999822e+00 -2.106216391000000077e-01
7.427500000000000213e+00 -2.103695573000000096e-01
7.429999999999999716e+00 -2.106513385999999877e-01
7.432500000000000107e+00 -2.105782152000000018e-01
7.434999999999999609e+00 -2.101535791999999958e-01
7.437500000000000000e+00 -2.106879278000000077e-01
7.440000000000000391e+00 -2.108192684999999900e-01
7.442499999999999893e+00 -2.108811723000000027e-01
7.445000000000000284e+00 -2.111233292999999955e-01
7.447499999999999787e+00 -2.111266891999999951e-01
7.450000000000000178e+00 -2.113366549000000039e-01
7.452499999999999680e+00 -2.116755042000000031e-01
7.455000000000000071e+00 -2.114488988999999874e-01
7.457499999999999574e+00 -2.116713924999999996e-01
7.459999999999999964e+00 -2.116803013000000122e-01
7.462500000000000355e+00 -2.116032757000000097e-01
7.464999999999999858e+00 -2.124915689000000107e-01
7.467500000000000249e+00 -2.122215906000000096e-01
7.469999999999999751e+00 -2.115961218000000088e-01
7.472500000000000142e+00 -2.120817671000000126e-01
7.474999999999999645e+00 -2.125929477999999873e-01
7.477500000000000036e+00 -2.120954475000000061e-01
7.480000000000000426e+00 -2.127446590000000026e-01
7.482499999999999929e+00 -2.125689497999999900e-01
7.485000000000000320e+00 -2.126055289000000070e-01
7.487499999999999822e+00 -2.127622899999999928e-01
7.490000000000000213e+00 -2.130799036000000091e-01
7.492499999999999716e+00 -2.128457217999999984e-01
7.495000000000000107e+00 -2.136500008999999978e-01
7.497499999999999609e+00 -2.132339601000000084e-01
7.500000000000000000e+00 -2.129543650000000066e-01
7.502500000000000391e+00 -2.134380747000000078e-01
7.504999999999999893e+00 -2.137111547999999972e-01
7.507500000000000284e+00 -2.138201200000000024e-01
7.509999999999999787e+00 -2.136625611999999896e-01
7.512500000000000178e+00 -2.138954010999999933e-01
7.514999999999999680e+00 -2.141594307999999947e-01
7.517500000000000071e+00 -2.140923117999999903e-01
7.519999999999999574e+00 -2.142177926999999926e-01
7.522499999999999964e+00 -2.140219599000000028e-01
7.525000000000000355e+00 -2.142180266000000000e-01
7.527499999999999858e+00 -2.147043828000000099e-01
7.530000000000000249e+00 -2.143653564999999928e-01
7.532499999999999751e+00 -2.144092361999999918e-01
7.535000000000000142e+00 -2.150773547000000008e-01
7.537499999999999645e+00 -2.147958275999999889e-01
7.540000000000000036e+00 -2.149991910000000062e-01
7.542500000000000426e+00 -2.149936862000000060e-01
7.544999999999999929e+00 -2.150038515999999900e-01
7.547500000000000320e+00 -2.154940949999999966e-01
7.549999999999999822e+00 -2.152840763999999962e-01
7.552500000000000213e+00 -2.154259571999999900e-01
7.554999999999999716e+00 -2.156549849999999935e-01
7.557500000000000107e+00 -2.154017719999999914e-01
7.559999999999999609e+00 -2.159808709999999909e-01
7.562500000000000000e+00 -2.159677486999999896e-01
7.565000000000000391e+00 -2.160792062999999930e-01
7.567499999999999893e+00 -2.160824818000000036e-01
7.570000000000000284e+00 -2.160912352000000092e-01
7.572499999999999787e+00 -2.160432478000000045e-01
7.575000000000000178e+00 -2.163716985999999953e-01
7.577499999999999680e+00 -2.165220029999999907e-01
7.580000000000000071e+00 -2.167236365999999914e-01
7.582499999999999574e+00 -2.169866470000000047e-01
7.584999999999999964e+00 -2.172771994000000095e-01
7.587500000000000355e+00 -2.170378132999999932e-01
7.589999999999999858e+00 -2.175055740000000071e-01
7.592500000000000249e+00 -2.169608047999999900e-01
7.594999999999999751e+00 -2.172365954999999904e-01
7.597500000000000142e+00 -2.174848584000000085e-01
7.599999999999999645e+00 -2.174796260999999897e-01
7.602500000000000036e+00 -2.177540491000000134e-01
7.605000000000000426e+00 -2.172007575000000079e-01
7.607499999999999929e+00 -2.178870810999999907e-01
7.610000000000000320e+00 -2.180459301999999877e-01
7.612499999999999822e+00 -2.181637621999999999e-01
7.615000000000000213e+00 -2.185312379000000083e-01
7.617499999999999716e+00 -2.185168389999999905e-01
7.620000000000000107e+00 -2.183724880000000035e-01
7.622499999999999609e+00 -2.184220497000000094e-01
7.625000000000000000e+00 -2.190435108000000075e-01
7.627500000000000391e+00 -2.187822010999999900e-01
7.629999999999999893e+00 -2.192325565999999892e-01
7.632500000000000284e+00 -2.191296618999999946e-01
7.634999999999999787e+00 -2.185411425999999879e-01
7.637500000000000178e+00 -2.192450451000000078e-01
7.639999999999999680e+00 -2.192932669999999862e-01
7.642500000000000071e+00 -2.196897247000000053e-01
7.644999999999999574e+00 -2.196926956999999958e-01
7.647499999999999964e+00 -2.195353805999999963e-01
7.650000000000000355e+00 -2.197684497999999875e-01
7.652499999999999858e+00 -2.199633225000000025e-01
7.655000000000000249e+00 -2.199826376000000028e-01
7.657499999999999751e+00 -2.203374150999999892e-01
7.660000000000000142e+00 -2.200942489999999918e-01
7.662499999999999645e+00 -2.207255206000000025e-01
7.665000000000000036e+00 -2.202904434999999883e-01
7.667500000000000426e+00 -2.205064334000000070e-01
7.669999999999999929e+00 -2.206592584000000024e-01
7.672500000000000320e+00 -2.211646278000000132e-01
7.674999999999999822e+00 -2.207178059999999886e-01
7.677500000000000213e+00 -2.209329835000000131e-01
7.679999999999999716e+00 -2.210885559999999916e-01
7.682500000000000107e+00 -2.209953188999999873e-01
7.684999999999999609e+00 -2.215812845000000031e-01
7.687500000000000000e+00 -2.211922279999999907e-01
7.690000000000000391e+00 -2.217505216000000001e-01
7.692499999999999893e+00 -2.213661107000000072e-01
7.695000000000000284e+00 -2.219185087999999972e-01
7.697499999999999787e+00 -2.219419593999999996e-01
7.700000000000000178e+00 -2.222026514999999869e-01
7.702499999999999680e+00 -2.224559613000000047e-01
7.705000000000000071e+00 -2.221766199999999913e-01
7.707499999999999574e+00 -2.221614251000000040e-01
7.709999999999999964e+00 -2.229101663999999983e-01
7.712500000000000355e+00 -2.227274059999999889e-01
7.714999999999999858e+00 -2.226589770999999884e-01
7.717500000000000249e+00 -2.227353813999999876e-01
7.719999999999999751e+00 -2.227258911999999980e-01
7.722500000000000142e+00 -2.227830158000000116e-01
7.724999999999999645e+00 -2.234121825000000006e-01
7.727500000000000036e+00 -2.232216505999999878e-01
7.730000000000000426e+00 -2.234749486000000007e-01
7.732499999999999929e+00 -2.233801442999999998e-01
7.735000000000000320e+00 -2.237690488000000089e-01
7.737499999999999822e+00 -2.238511031000000040e-01
7.740000000000000213e+00 -2.239188253999999934e-01
7.742499999999999716e+00 -2.241454153999999921e-01
7.745000000000000107e+00 -2.240084370000000047e-01
7.747499999999999609e+00 -2.241034352999999868e-01
7.750000000000000000e+00 -2.245419304999999865e-01
7.752500000000000391e+00 -2.237400949999999999e-01
7.754999999999999893e+00 -2.244330823000000030e-01
7.757500000000000284e+00 -2.243271605999999918e-01
7.759999999999999787e+00 -2.245861470999999943e-01
7.762500000000000178e+00 -2.251093714999999884e-01
7.764999999999999680e+00 -2.254285476000000010e-01
7.767500000000000071e+00 -2.254830573000000116e-01
7.769999999999999574e+00 -2.255650530999999959e-01
7.772499999999999964e+00 -2.252732380999999950e-01
7.775000000000000355e+00 -2.255294783000000025e-01
7.777499999999999858e+00 -2.258006271000000120e-01
7.780000000000000249e+00 -2.258309125000000084e-01
7.782499999999999751e+00 -2.262515949999999998e-01
7.785000000000000142e+00 -2.263214159999999975e-01
7.787499999999999645e+00 -2.263496010000000114e-01
7.790000000000000036e+00 -2.265883227999999916e-01
7.792500000000000426e+00 -2.265443262000000069e-01
7.794999999999999929e+00 -2.268625491000000050e-01
7.797500000000000320e+00 -2.267084840999999962e-01
7.799999999999999822e+00 -2.269884047999999876e-01
7.802500000000000213e+00 -2.267069741999999943e-01
7.804999999999999716e+00 -2.268032645999999986e-01
7.807500000000000107e+00 -2.273676917000000131e-01
7.809999999999999609e+00 -2.276850992999999990e-01
7.812500000000000000e+00 -2.274608976999999976e-01
7.815000000000000391e+00 -2.276983077999999994e-01
7.817499999999999893e+00 -2.274568737000000063e-01
7.820000000000000284e+00 -2.279242733000000076e-01
7.822499999999999787e+00 -2.276882038999999969e-01
7.825000000000000178e+00 -2.279830268999999965e-01
7.827499999999999680e+00 -2.282389874999999901e-01
7.830000000000000071e+00 -2.279430635999999954e-01
7.832499999999999574e+00 -2.284355838000000083e-01
7.834999999999999964e+00 -2.286584624000000121e-01
7.837500000000000355e+00 -2.288684246000000089e-01
7.839999999999999858e+00 -2.291269065000000049e-01
7.842500000000000249e+00 -2.287920330000000058e-01
7.844999999999999751e+00 -2.291584902000000090e-01
7.847500000000000142e+00 -2.292615621000000103e-01
7.849999999999999645e+00 -2.294465038000000068e-01
7.852500000000000036e+00 -2.296839933000000000e-01
7.855000000000000426e+00 -2.297364057000000070e-01
7.857499999999999929e+00 -2.300530899000000074e-01
7.860000000000000320e+00 -2.294581931000000130e-01
7.862499999999999822e+00 -2.297264182000000043e-01
7.865000000000000213e+00 -2.298103204999999982e-01
7.867499999999999716e+00 -2.303473165999999905e-01
7.870000000000000107e+00 -2.307736977000000023e-01
7.872499999999999609e+00 -2.303268431999999921e-01
7.875000000000000000e+00 -2.303978177999999877e-01
7.877500000000000391e+00 -2.312898717000000104e-01
7.879999999999999893e+00 -2.308659181000000116e-01
7.882500000000000284e+00 -2.306229666999999872e-01
7.884999999999999787e+00 -2.313829607000000010e-01
7.887500000000000178e+00 -2.311695344999999957e-01
7.889999999999999680e+00 -2.317230164000000092e-01
7.892500000000000071e+00 -2.318543744999999878e-01
7.894999999999999574e+00 -2.317876181999999896e-01
7.897499999999999964e+00 -2.320757230999999920e-01
7.900000000000000355e+00 -2.318319678000000106e-01
7.902499999999999858e+00 -2.322200101999999933e-01
7.905000000000000249e+00 -2.320674212999999930e-01
7.907499999999999751e+00 -2.321203277999999981e-01
7.910000000000000142e+00 -2.328013164000000135e-01
7.912499999999999645e+00 -2.329440151999999931e-01
7.915000000000000036e+00 -2.326106894999999952e-01
7.917500000000000426e+00 -2.327399770999999951e-01
7.919999999999999929e+00 -2.330406856999999998e-01
7.922500000000000320e+00 -2.328727466000000135e-01
7.924999999999999822e+00 -2.331342013000000102e-01
7.927500000000000213e+00 -2.334967632999999931e-01
7.929999999999999716e+00 -2.338214274000000037e-01
7.932500000000000107e+00 -2.339034121999999938e-01
7.934999999999999609e+00 -2.339138741000000021e-01
7.937500000000000000e+00 -2.344169946000000115e-01
7.940000000000000391e+00 -2.339449459999999870e-01
7.942499999999999893e+00 -2.340979934999999901e-01
7.945000000000000284e+00 -2.341876176999999892e-01
7.947499999999999787e+00 -2.345714928000000032e-01
7.950000000000000178e+00 -2.349397317999999957e-01
7.952499999999999680e+00 -2.348785520999999987e-01
7.955000000000000071e+00 -2.350684526000000052e-01
7.957499999999999574e+00 -2.351105490000000020e-01
7.959999999999999964e+00 -2.352405918000000096e-01
7.962500000000000355e+00 -2.356799549999999965e-01
7.964999999999999858e+00 -2.355622115000000072e-01
7.967500000000000249e+00 -2.355415089000000017e-01
7.969999999999999751e+00 -2.358569282999999905e-01
7.972500000000000142e+00 -2.361199746000000044e-01
7.974999999999999645e+00 -2.360609864000000058e-01
7.977500000000000036e+00 -2.363165047999999935e-01
7.980000000000000426e+00 -2.362793307000000120e-01
7.982499999999999929e+00 -2.369229921999999877e-01
7.985000000000000320e+00 -2.365525873999999862e-01
7.987499999999999822e+00 -2.367366770000000065e-01
7.990000000000000213e+00 -2.371182887000000128e-01
7.992499999999999716e+00 -2.369835355000000088e-01
7.995000000000000107e+00 -2.374137245000000063e-01
7.997499999999999609e+00 -2.373206693999999894e-01
8.000000000000000000e+00 -2.374896043999999984e-01
8.002499999999999503e+00 -2.373354464000000108e-01
8.005000000000000782e+00 -2.379667121000000052e-01
8.007500000000000284e+00 -2.377178463000000075e-01
8.009999999999999787e+00 -2.380732893999999988e-01
8.012499999999999289e+00 -2.380246515999999979e-01
8.015000000000000568e+00 -2.381849292000000062e-01
8.017500000000000071e+00 -2.383825840000000085e-01
8.019999999999999574e+00 -2.386027614000000019e-01
8.022500000000000853e+00 -2.388192221000000059e-01
8.025000000000000355e+00 -2.385588322999999955e-01
8.027499999999999858e+00 -2.392842907000000130e-01
8.029999999999999361e+00 -2.391497860000000031e-01
8.032500000000000639e+00 -2.392890022999999977e-01
8.035000000000000142e+00 -2.395393594999999931e-01
8.037499999999999645e+00 -2.394858049999999960e-01
8.039999999999999147e+00 -2.396445295000000086e-01
8.042500000000000426e+00 -2.399470626999999912e-01
8.044999999999999929e+00 -2.401529779000000087e-01
8.047499999999999432e+00 -2.401101439999999976e-01
8.050000000000000711e+00 -2.405159694000000015e-01
8.052500000000000213e+00 -2.405000231999999960e-01
8.054999999999999716e+00 -2.409532204000000011e-01
8.057499999999999218e+00 -2.407280809000000021e-01
8.060000000000000497e+00 -2.405973731000000115e-01
8.062500000000000000e+00 -2.411824223000000045e-01
8.064999999999999503e+00 -2.411152551999999893e-01
8.067500000000000782e+00 -2.414766651999999958e-01
8.070000000000000284e+00 -2.416663799999999862e-01
8.072499999999999787e+00 -2.417581591000000085e-01
8.074999999999999289e+00 -2.416032301000000104e-01
8.077500000000000568e+00 -2.421523835999999930e-01
8.080000000000000071e+00 -2.418967663000000101e-01
8.082499999999999574e+00 -2.423268584999999919e-01
8.085000000000000853e+00 -2.428106195999999994e-01
8.087500000000000355e+00 -2.423532972999999924e-01
8.089999999999999858e+00 -2.431320016999999889e-01
8.092499999999999361e+00 -2.428134935000000050e-01
8.095000000000000639e+00 -2.430686734999999987e-01
8.097500000000000142e+00 -2.433879898999999902e-01
8.099999999999999645e+00 -2.435355298999999918e-01
8.102499999999999147e+00 -2.435807705999999961e-01
8.105000000000000426e+00 -2.437814839999999927e-01
8.107499999999999929e+00 -2.440962848000000074e-01
8.109999999999999432e+00 -2.439909161000000104e-01
8.112500000000000711e+00 -2.437954328999999976e-01
8.115000000000000213e+00 -2.444990781999999974e-01
8.117499999999999716e+00 -2.445694150000000122e-01
8.119999999999999218e+00 -2.451163651999999915e-01
8.122500000000000497e+00 -2.447600326999999909e-01
8.125000000000000000e+00 -2.450089366000000046e-01
8.127499999999999503e+00 -2.450945076000000111e-01
8.130000000000000782e+00 -2.450589106000000128e-01
8.132500000000000284e+00 -2.450323644000000078e-01
8.134999999999999787e+00 -2.456353642999999920e-01
8.137499999999999289e+00 -2.457418416999999911e-01
8.140000000000000568e+00 -2.457280189999999920e-01
8.142500000000000071e+00 -2.459072656999999884e-01
8.144999999999999574e+00 -2.459249145000000081e-01
8.147500000000000853e+00 -2.464449053999999972e-01
8.150000000000000355e+00 -2.465684428000000095e-01
8.152499999999999858e+00 -2.469399355999999934e-01
8.154999999999999361e+00 -2.471967069999999878e-01
8.157500000000000639e+00 -2.470469634999999942e-01
8.160000000000000142e+00 -2.468644017000000135e-01
8.162499999999999645e+00 -2.474576068999999878e-01
8.164999999999999147e+00 -2.469551372999999883e-01
8.167500000000000426e+00 -2.475767620000000058e-01
8.169999999999999929e+00 -2.480207147999999862e-01
8.172499999999999432e+00 -2.480004323999999982e-01
8.175000000000000711e+00 -2.478642689999999982e-01
8.177500000000000213e+00 -2.482346682000000082e-01
8.179999999999999716e+00 -2.485668488999999981e-01
8.182499999999999218e+00 -2.486430119999999966e-01
8.185000000000000497e+00 -2.481234719000000033e-01
8.187500000000000000e+00 -2.489517034000000018e-01
8.189999999999999503e+00 -2.487542892999999866e-01
8.192500000000000782e+00 -2.491402524999999923e-01
8.195000000000000284e+00 -2.495798322999999985e-01
8.197499999999999787e+00 -2.490728691000000106e-01
8.199999999999999289e+00 -2.496911263000000103e-01
8.202500000000000568e+00 -2.505175957999999925e-01
8.205000000000000071e+00 -2.498796954999999986e-01
8.207499999999999574e+00 -2.506806580000000007e-01
8.210000000000000853e+00 -2.506391741999999812e-01
8.212500000000000355e+00 -2.503961815999999896e-01
8.214999999999999858e+00 -2.502449997000000259e-01
8.217499999999999361e+00 -2.505047539999999962e-01
8.220000000000000639e+00 -2.510415076999999995e-01
8.222500000000000142e+00 -2.512395151999999854e-01
8.224999999999999645e+00 -2.514412503999999826e-01
8.227499999999999147e+00 -2.516151683000000250e-01
8.230000000000000426e+00 -2.515938521000000150e-01
8.232499999999999929e+00 -2.520493439000000002e-01
8.234999999999999432e+00 -2.518866671000000168e-01
8.237500000000000711e+00 -2.522180908000000166e-01
8.240000000000000213e+00 -2.524795730000000127e-01
8.242499999999999716e+00 -2.524918106999999856e-01
8.244999999999999218e+00 -2.525913216999999822e-01
8.247500000000000497e+00 -2.527247881999999946e-01
8.250000000000000000e+00 -2.529184009000000066e-01
8.252499999999999503e+00 -2.534794848999999961e-01
8.255000000000000782e+00 -2.533948890000000120e-01
8.257500000000000284e+00 -2.534253584000000226e-01
8.259999999999999787e+00 -2.535978856000000170e-01
8.262499999999999289e+00 -2.537046192999999894e-01
8.265000000000000568e+00 -2.540436664999999872e-01
8.267500000000000071e+00 -2.538202634999999763e-01
8.269999999999999574e+00 -2.542485360000000250e-01
8.272500000000000853e+00 -2.544110211000000232e-01
8.275000000000000355e+00 -2.549908920000000245e-01
8.277499999999999858e+00 -2.550309948999999743e-01
8.279999999999999361e+00 -2.552114033999999809e-01
8.282500000000000639e+00 -2.552485895000000116e-01
8.285000000000000142e+00 -2.551733628999999781e-01
8.287499999999999645e+00 -2.559964458000000276e-01
8.289999999999999147e+00 -2.560732607000000272e-01
8.292500000000000426e+00 -2.557346683999999759e-01
8.294999999999999929e+00 -2.560453562000000183e-01
8.297499999999999432e+00 -2.561273404000000142e-01
8.300000000000000711e+00 -2.559012700000000140e-01
8.302500000000000213e+00 -2.563608882999999783e-01
8.304999999999999716e+00 -2.568468662000000236e-01
8.307499999999999218e+00 -2.569117953999999759e-01
8.310000000000000497e+00 -2.569825512000000201e-01
8.312500000000000000e+00 -2.572829461999999734e-01
8.314999999999999503e+00 -2.572263495000000066e-01
8.317500000000000782e+00 -2.575652051999999803e-01
8.320000000000000284e+00 -2.579422666000000253e-01
8.322499999999999787e+00 -2.585347528999999978e-01
8.324999999999999289e+00 -2.579601063999999999e-01
8.327500000000000568e+00 -2.581460901000000030e-01
8.330000000000000071e+00 -2.584386137999999944e-01
8.332499999999999574e+00 -2.589333636000000216e-01
8.335000000000000853e+00 -2.588945933999999838e-01
8.337500000000000355e+00 -2.591861294999999732e-01
8.339999999999999858e+00 -2.592191857000000210e-01
8.342499999999999361e+00 -2.592406936000000162e-01
8.345000000000000639e+00 -2.592077211000000103e-01
8.347500000000000142e+00 -2.597566562999999995e-01
8.349999999999999645e+00 -2.603014471000000274e-01
8.352499999999999147e+00 -2.603361193000000018e-01
8.355000000000000426e+00 -2.605629448999999820e-01
8.357499999999999929e+00 -2.605015787000000138e-01
8.359999999999999432e+00 -2.604835232000000111e-01
8.362500000000000711e+00 -2.609000264999999930e-01
8.365000000000000213e+00 -2.613828516999999740e-01
8.367499999999999716e+00 -2.610829765000000080e-01
8.369999999999999218e+00 -2.615879414999999764e-01
8.372500000000000497e+00 -2.617700177999999767e-01
8.375000000000000000e+00 -2.618170583000000162e-01
8.377499999999999503e+00 -2.620891281000000128e-01
8.380000000000000782e+00 -2.623970833000000002e-01
8.382500000000000284e+00 -2.623593750000000058e-01
8.384999999999999787e+00 -2.632172163000000009e-01
8.387499999999999289e+00 -2.631574192999999728e-01
8.390000000000000568e+00 -2.628107744000000023e-01
8.392500000000000071e+00 -2.627864226000000136e-01
8.394999999999999574e+00 -2.632060152999999847e-01
8.397500000000000853e+00 -2.635481324000000236e-01
8.400000000000000355e+00 -2.632078656999999877e-01
8.402499999999999858e+00 -2.636630617999999870e-01
8.404999999999999361e+00 -2.640727313999999826e-01
8.407500000000000639e+00 -2.642158702999999886e-01
8.410000000000000142e+00 -2.643452568999999919e-01
8.412499999999999645e+00 -2.644972890999999771e-01
8.414999999999999147e+00 -2.646691683999999878e-01
8.417500000000000426e+00 -2.650357757999999841e-01
8.419999999999999929e+00 -2.645880796999999784e-01
8.422499999999999432e+00 -2.657947071000000272e-01
8.425000000000000711e+00 -2.659339483000000004e-01
8.427500000000000213e+00 -2.654337616999999927e-01
8.429999999999999716e+00 -2.659943268000000138e-01
8.432499999999999218e+00 -2.664367884000000131e-01
8.435000000000000497e+00 -2.663952683999999960e-01
8.437500000000000000e+00 -2.668727069999999868e-01
8.439999999999999503e+00 -2.667352036999999787e-01
8.442500000000000782e+00 -2.668330664999999935e-01
8.445000000000000284e+00 -2.667552818999999742e-01
8.447499999999999787e+00 -2.673626667999999817e-01
8.449999999999999289e+00 -2.671891760999999810e-01
8.452500000000000568e+00 -2.677937966999999753e-01
8.455000000000000071e+00 -2.676518962000000168e-01
8.457499999999999574e+00 -2.675380196000000099e-01
8.460000000000000853e+00 -2.684315440000000219e-01
8.462500000000000355e+00 -2.687188265000000076e-01
8.464999999999999858e+00 -2.685476023999999740e-01
8.467499999999999361e+00 -2.689046399999999726e-01
8.470000000000000639e+00 -2.687045431999999789e-01
8.472500000000000142e+00 -2.691265334999999870e-01
8.474999999999999645e+00 -2.696692428999999946e-01
8.477499999999999147e+00 -2.695761072000000258e-01
8.480000000000000426e+00 -2.701379354999999816e-01
8.482499999999999929e+00 -2.702893630000000047e-01
8.484999999999999432e+00 -2.705707727000000173e-01
8.487500000000000711e+00 -2.707880730000000180e-01
8.490000000000000213e+00 -2.708873159999999891e-01
8.492499999999999716e+00 -2.704484193000000203e-01
8.494999999999999218e+00 -2.707035018999999765e-01
8.497500000000000497e+00 -2.716580431000000240e-01
8.500000000000000000e+00 -2.711590879999999926e-01
8.502499999999999503e+00 -2.717044900000000207e-01
8.505000000000000782e+00 -2.719902062999999814e-01
8.507500000000000284e+00 -2.720429950000000097e-01
8.509999999999999787e+00 -2.723181648999999926e-01
8.512499999999999289e+00 -2.719362674999999951e-01
8.515000000000000568e+00 -2.727469331999999858e-01
8.517500000000000071e+00 -2.728969801999999722e-01
8.519999999999999574e+00 -2.731740216999999915e-01
8.522500000000000853e+00 -2.728875488999999988e-01
8.525000000000000355e+00 -2.738307795000000100e-01
8.527499999999999858e+00 -2.739229757000000154e-01
8.529999999999999361e+00 -2.737062608999999980e-01
8.532500000000000639e+00 -2.742847066999999917e-01
8.535000000000000142e+00 -2.740617839999999750e-01
8.537499999999999645e+00 -2.749731270999999921e-01
8.539999999999999147e+00 -2.748101275000000010e-01
8.542500000000000426e+00 -2.750675502000000106e-01
8.544999999999999929e+00 -2.750774406000000005e-01
8.547499999999999432e+00 -2.755935253999999834e-01
8.550000000000000711e+00 -2.753520904999999797e-01
8.552500000000000213e+00 -2.758891997999999846e-01
8.554999999999999716e+00 -2.762504541999999952e-01
8.557499999999999218e+00 -2.761620012000000068e-01
8.560000000000000497e+00 -2.765952877000000254e-01
8.562500000000000000e+00 -2.765452192999999781e-01
8.564999999999999503e+00 -2.767186472000000008e-01
8.567500000000000782e+00 -2.770804068000000120e-01
8.570000000000000284e+00 -2.771606178000000087e-01
8.572499999999999787e+00 -2.772135393999999864e-01
8.574999999999999289e+00 -2.777656494999999892e-01
8.577500000000000568e+00 -2.779565795999999755e-01
8.580000000000000071e+00 -2.780578783000000054e-01
8.582499999999999574e+00 -2.781040545999999836e-01
8.585000000000000853e+00 -2.786833703000000106e-01
8.587500000000000355e+00 -2.787378274000000267e-01
8.589999999999999858e+00 -2.791813328000000149e-01
8.592499999999999361e+00 -2.793752118000000229e-01
8.595000000000000639e+00 -2.794467004999999782e-01
8.597500000000000142e+00 -2.795753382999999759e-01
8.599999999999999645e+00 -2.799985730999999811e-01
8.602499999999999147e+00 -2.796842084000000228e-01
8.605000000000000426e+00 -2.800340134000000036e-01
8.607499999999999929e+00 -2.802145793999999968e-01
8.609999999999999432e+00 -2.810574249000000191e-01
8.612500000000000711e+00 -2.812588822000000044e-01
8.615000000000000213e+00 -2.812146862000000080e-01
8.617499999999999716e+00 -2.812790508999999939e-01
8.619999999999999218e+00 -2.822088441999999753e-01
8.622500000000000497e+00 -2.816152974999999725e-01
8.625000000000000000e+00 -2.822355997000000061e-01
8.627499999999999503e+00 -2.823851853000000078e-01
8.630000000000000782e+00 -2.822080582000000004e-01
8.632500000000000284e+00 -2.825597012000000130e-01
8.634999999999999787e+00 -2.831354181999999886e-01
8.637499999999999289e+00 -2.831056169000000233e-01
8.640000000000000568e+00 -2.834906182999999968e-01
8.642500000000000071e+00 -2.833205353000000093e-01
8.644999999999999574e+00 -2.840328507000000058e-01
8.647500000000000853e+00 -2.837271494999999977e-01
8.650000000000000355e+00 -2.840316532000000116e-01
8.652499999999999858e+00 -2.842199398999999960e-01
8.654999999999999361e+00 -2.844053467000000057e-01
8.657500000000000639e+00 -2.845790916000000004e-01
8.660000000000000142e+00 -2.850893344000000051e-01
8.662499999999999645e+00 -2.850410999999999917e-01
8.664999999999999147e+00 -2.854782758000000142e-01
8.667500000000000426e+00 -2.859785236999999869e-01
8.669999999999999929e+00 -2.864840310999999806e-01
8.672499999999999432e+00 -2.863852164999999839e-01
8.675000000000000711e+00 -2.864332117000000233e-01
8.677500000000000213e+00 -2.866313585999999969e-01
8.679999999999999716e+00 -2.869700711000000015e-01
8.682499999999999218e+00 -2.873554951000000246e-01
8.685000000000000497e+00 -2.872148747000000113e-01
8.687500000000000000e+00 -2.876645493000000164e-01
8.689999999999999503e+00 -2.878326279999999793e-01
8.692500000000000782e+00 -2.879444966999999966e-01
8.695000000000000284e+00 -2.881351873999999924e-01
8.697499999999999787e+00 -2.889105274000000056e-01
8.699999999999999289e+00 -2.889348078000000264e-01
8.702500000000000568e+00 -2.889470283000000195e-01
8.705000000000000071e+00 -2.894263162999999861e-01
8.707499999999999574e+00 -2.895366723999999725e-01
8.710000000000000853e+00 -2.897815134000000237e-01
8.712500000000000355e+00 -2.897313313000000057e-01
8.714999999999999858e+00 -2.901336386999999739e-01
8.717499999999999361e+00 -2.902120656000000132e-01
8.720000000000000639e+00 -2.905718735000000219e-01
8.722500000000000142e+00 -2.909835727000000261e-01
8.724999999999999645e+00 -2.911466261000000277e-01
8.727499999999999147e+00 -2.912440056000000221e-01
8.730000000000000426e+00 -2.911220709999999823e-01
8.732499999999999929e+00 -2.920177825999999977e-01
8.734999999999999432e+00 -2.923266822999999737e-01
8.737500000000000711e+00 -2.923469928999999912e-01
8.740000000000000213e+00 -2.927930797000000140e-01
8.742499999999999716e+00 -2.926096535000000110e-01
8.744999999999999218e+00 -2.928889075000000175e-01
8.747500000000000497e+00 -2.935209988999999964e-01
8.750000000000000000e+00 -2.933457502999999855e-01
8.752499999999999503e+00 -2.936821397000000111e-01
8.755000000000000782e+00 -2.938899088999999964e-01
8.757500000000000284e+00 -2.943137954000000223e-01
8.759999999999999787e+00 -2.947416573000000151e-01
8.762499999999999289e+00 -2.945919470999999734e-01
8.765000000000000568e+00 -2.948862781000000099e-01
8.767500000000000071e+00 -2.956379934000000209e-01
8.769999999999999574e+00 -2.952956930000000257e-01
8.772500000000000853e+00 -2.957071036000000208e-01
8.775000000000000355e+00 -2.959598681999999759e-01
8.777499999999999858e+00 -2.962742138000000192e-01
8.779999999999999361e+00 -2.966491797999999958e-01
8.782500000000000639e+00 -2.965167975999999928e-01
8.785000000000000142e+00 -2.968648723999999794e-01
8.787499999999999645e+00 -2.973830064999999911e-01
8.789999999999999147e+00 -2.974787485000000009e-01
8.792500000000000426e+00 -2.973286450000000025e-01
8.794999999999999929e+00 -2.981889165000000119e-01
8.797499999999999432e+00 -2.980214595999999827e-01
8.800000000000000711e+00 -2.986592432999999880e-01
8.802500000000000213e+00 -2.987871114999999800e-01
8.804999999999999716e+00 -2.991809006999999743e-01
8.807499999999999218e+00 -2.992959365999999788e-01
8.810000000000000497e+00 -2.990865777000000225e-01
8.812500000000000000e+00 -3.001559535000000167e-01
8.814999999999999503e+00 -2.999051781000000028e-01
8.817500000000000782e+00 -3.000872283000000085e-01
8.820000000000000284e+00 -3.007737836000000109e-01
8.822499999999999787e+00 -3.004696694999999806e-01
8.824999999999999289e+00 -3.009591999999999823e-01
8.827500000000000568e+00 -3.018625969000000020e-01
8.830000000000000071e+00 -3.017597740999999889e-01
8.832499999999999574e+00 -3.020143473999999939e-01
8.835000000000000853e+00 -3.021233871999999820e-01
8.837500000000000355e+00 -3.023704390999999991e-01
8.839999999999999858e+00 -3.026587835999999809e-01
8.842499999999999361e+00 -3.028425526999999895e-01
8.845000000000000639e+00 -3.029490264999999960e-01
8.847500000000000142e+00 -3.031391489999999966e-01
8.849999999999999645e+00 -3.036432741999999796e-01
8.852499999999999147e+00 -3.034186271000000046e-01
8.855000000000000426e+00 -3.041734865999999871e-01
8.857499999999999929e+00 -3.044670624999999964e-01
8.859999999999999432e+00 -3.043980983999999834e-01
8.862500000000000711e+00 -3.047390846999999958e-01
8.865000000000000213e+00 -3.051555174000000203e-01
8.867499999999999716e+00 -3.056736655999999774e-01
8.869999999999999218e+00 -3.052578986000000216e-01
8.872500000000000497e+00 -3.064778336999999797e-01
8.875000000000000000e+00 -3.062630808999999843e-01
8.877499999999999503e+00 -3.066722144999999844e-01
8.880000000000000782e+00 -3.067096637999999764e-01
8.882500000000000284e+00 -3.070892391999999749e-01
8.884999999999999787e+00 -3.075834705000000113e-01
8.887499999999999289e+00 -3.076424546000000038e-01
8.890000000000000568e+00 -3.075352302000000093e-01
8.892500000000000071e+00 -3.079305583999999985e-01
8.894999999999999574e+00 -3.084565233000000073e-01
8.897500000000000853e+00 -3.082514028000000184e-01
8.900000000000000355e+00 -3.090898994999999871e-01
8.902499999999999858e+00 -3.092164613000000228e-01
8.904999999999999361e+00 -3.092315373999999784e-01
8.907500000000000639e+00 -3.096095742000000151e-01
8.910000000000000142e+00 -3.096493089999999837e-01
8.912499999999999645e+00 -3.100668850000000143e-01
8.914999999999999147e+00 -3.100518916000000180e-01
8.917500000000000426e+00 -3.109351932000000152e-01
8.919999999999999929e+00 -3.110238386999999993e-01
8.922499999999999432e+00 -3.115550234000000196e-01
8.925000000000000711e+00 -3.117899422000000031e-01
8.927500000000000213e+00 -3.117885887999999883e-01
8.929999999999999716e+00 -3.125724730000000173e-01
8.932499999999999218e+00 -3.126034867999999967e-01
8.935000000000000497e+00 -3.126244132000000064e-01
8.937500000000000000e+00 -3.128442124999999963e-01
8.939999999999999503e+00 -3.137061709999999781e-01
8.942500000000000782e+00 -3.133624428999999822e-01
8.945000000000000284e+00 -3.137304912000000168e-01
8.947499999999999787e+00 -3.142995948999999789e-01
8.949999999999999289e+00 -3.143290944000000087e-01
8.952500000000000568e+00 -3.147135694000000039e-01
8.955000000000000071e+00 -3.150185444999999973e-01
8.957499999999999574e+00 -3.148709290999999744e-01
8.960000000000000853e+00 -3.153143330000000022e-01
8.962500000000000355e+00 -3.159386761999999904e-01
8.964999999999999858e+00 -3.160444702999999911e-01
8.967499999999999361e+00 -3.161428940000000076e-01
8.970000000000000639e+00 -3.169109668000000268e-01
8.972500000000000142e+00 -3.167196521000000264e-01
8.974999999999999645e+00 -3.176412008999999759e-01
8.977499999999999147e+00 -3.175846085999999846e-01
8.980000000000000426e+00 -3.178464878000000216e-01
8.982499999999999929e+00 -3.177966435999999839e-01
8.984999999999999432e+00 -3.183388627000000026e-01
8.987500000000000711e+00 -3.183672162000000250e-01
8.990000000000000213e+00 -3.186624301000000048e-01
8.992499999999999716e+00 -3.192512215000000153e-01
8.994999999999999218e+00 -3.193896316000000013e-01
8.997500000000000497e+00 -3.193707235000000089e-01
9.000000000000000000e+00 -3.204301133999999940e-01
9.002499999999999503e+00 -3.201173032999999890e-01
9.005000000000000782e+00 -3.209971622000000191e-01
9.007500000000000284e+00 -3.211980446000000100e-01
9.009999999999999787e+00 -3.212367483999999940e-01
9.012499999999999289e+00 -3.213686533999999817e-01
9.015000000000000568e+00 -3.219725838999999978e-01
9.017500000000000071e+00 -3.222850045999999802e-01
9.019999999999999574e+00 -3.219302698000000018e-01
9.022500000000000853e+00 -3.227768859999999851e-01
9.025000000000000355e+00 -3.230493931000000263e-01
9.027499999999999858e+00 -3.235976975000000033e-01
9.029999999999999361e+00 -3.235603683000000119e-01
9.032500000000000639e+00 -3.239174839000000250e-01
9.035000000000000142e+00 -3.241547452999999912e-01
9.037499999999999645e+00 -3.245584080999999732e-01
9.039999999999999147e+00 -3.251659387999999984e-01
9.042500000000000426e+00 -3.249625018000000254e-01
9.044999999999999929e+00 -3.251736586000000262e-01
9.047499999999999432e+00 -3.258802753999999746e-01
9.050000000000000711e+00 -3.254068171000000231e-01
9.052500000000000213e+00 -3.264231872000000201e-01
9.054999999999999716e+00 -3.268892829999999750e-01
9.057499999999999218e+00 -3.269792859000000274e-01
9.060000000000000497e+00 -3.272847510999999932e-01
9.062500000000000000e+00 -3.270446630000000132e-01
9.064999999999999503e+00 -3.279218722000000197e-01
9.067500000000000782e+00 -3.280395195999999958e-01
9.070000000000000284e+00 -3.281949652000000217e-01
9.072499999999999787e+00 -3.287493011000000021e-01
9.074999999999999289e+00 -3.289585080999999911e-01
9.077500000000000568e+00 -3.297909250000000125e-01
9.080000000000000071e+00 -3.295806433999999840e-01
9.082499999999999574e+00 -3.302585603000000036e-01
9.085000000000000853e+00 -3.303651913999999801e-01
9.087500000000000355e+00 -3.306299355999999801e-01
9.089999999999999858e+00 -3.309812301000000234e-01
9.092499999999999361e+00 -3.310595051999999927e-01
9.095000000000000639e+00 -3.313833024999999766e-01
9.097500000000000142e+00 -3.318161279999999880e-01
9.099999999999999645e+00 -3.320836959999999838e-01
9.102499999999999147e+00 -3.325364010999999897e-01
9.105000000000000426e+00 -3.325420009999999760e-01
9.107499999999999929e+00 -3.329525295999999912e-01
9.109999999999999432e+00 -3.331208010999999747e-01
9.112500000000000711e+00 -3.336059238999999899e-01
9.115000000000000213e+00 -3.342993521000000023e-01
9.117499999999999716e+00 -3.346251539000000275e-01
9.119999999999999218e+00 -3.345864407999999957e-01
9.122500000000000497e+00 -3.350414002000000058e-01
9.125000000000000000e+00 -3.351883284000000129e-01
9.127499999999999503e+00 -3.361998654999999725e-01
9.130000000000000782e+00 -3.359083958999999897e-01
9.132500000000000284e+00 -3.364993224000000227e-01
9.134999999999999787e+00 -3.366979140999999953e-01
9.137499999999999289e+00 -3.374464415999999800e-01
9.140000000000000568e+00 -3.372571963000000062e-01
9.142500000000000071e+00 -3.376046354000000194e-01
9.144999999999999574e+00 -3.377821728000000023e-01
9.147500000000000853e+00 -3.382698913000000140e-01
9.150000000000000355e+00 -3.384845478999999879e-01
9.152499999999999858e+00 -3.392124852000000246e-01
9.154999999999999361e+00 -3.390994931999999906e-01
9.157500000000000639e+00 -3.397984662999999905e-01
9.160000000000000142e+00 -3.398935015999999809e-01
9.162499999999999645e+00 -3.400050184999999781e-01
9.164999999999999147e+00 -3.401962996999999822e-01
9.167500000000000426e+00 -3.408244467000000055e-01
9.169999999999999929e+00 -3.413458768000000032e-01
9.172499999999999432e+00 -3.417263260999999774e-01
9.175000000000000711e+00 -3.419600736999999779e-01
9.177500000000000213e+00 -3.422445999000000016e-01
9.179999999999999716e+00 -3.428235011999999915e-01
9.182499999999999218e+00 -3.424457610000000152e-01
9.185000000000000497e+00 -3.435713618999999830e-01
9.187500000000000000e+00 -3.436416815000000180e-01
9.189999999999999503e+00 -3.443519342999999955e-01
9.192500000000000782e+00 -3.444547056999999746e-01
9.195000000000000284e+00 -3.444213856000000185e-01
9.197499999999999787e+00 -3.449837333999999922e-01
9.199999999999999289e+00 -3.454892092999999886e-01
9.202500000000000568e+00 -3.459742914999999752e-01
9.205000000000000071e+00 -3.464176230000000078e-01
9.207499999999999574e+00 -3.461714936999999992e-01
9.210000000000000853e+00 -3.470496811000000070e-01
9.212500000000000355e+00 -3.469234109000000066e-01
9.214999999999999858e+00 -3.472501008000000167e-01
9.217499999999999361e+00 -3.476324402000000036e-01
9.220000000000000639e+00 -3.479500249999999961e-01
9.222500000000000142e+00 -3.481629835000000228e-01
9.224999999999999645e+00 -3.489882208000000263e-01
9.227499999999999147e+00 -3.490337823999999922e-01
9.230000000000000426e+00 -3.493624365999999926e-01
9.232499999999999929e+00 -3.498085886000000255e-01
9.234999999999999432e+00 -3.501543488000000148e-01
9.237500000000000711e+00 -3.503453753999999920e-01
9.240000000000000213e+00 -3.509633287999999740e-01
9.242499999999999716e+00 -3.509307208999999927e-01
9.244999999999999218e+00 -3.512832892000000151e-01
9.247500000000000497e+00 -3.518988874000000266e-01
9.250000000000000000e+00 -3.518210451000000072e-01
9.252499999999999503e+00 -3.524349662999999855e-01
9.255000000000000782e+00 -3.529069506999999994e-01
9.257500000000000284e+00 -3.530551084999999922e-01
9.259999999999999787e+00 -3.536132111999999994e-01
9.262499999999999289e+00 -3.538801960999999885e-01
9.265000000000000568e+00 -3.544229694000000097e-01
9.267500000000000071e+00 -3.545505141999999998e-01
9.269999999999999574e+00 -3.547834102999999906e-01
9.272500000000000853e+00 -3.555468795000000237e-01
9.275000000000000355e+00 -3.557379705000000003e-01
9.277499999999999858e+00 -3.560914278999999794e-01
9.279999999999999361e+00 -3.563822346000000141e-01
9.282500000000000639e+00 -3.569323483999999880e-01
9.285000000000000142e+00 -3.572556390000000137e-01
9.287499999999999645e+00 -3.577634214000000035e-01
9.289999999999999147e+00 -3.578961950999999808e-01
9.292500000000000426e+00 -3.576790239000000038e-01
9.294999999999999929e+00 -3.588537571000000037e-01
9.297499999999999432e+00 -3.585938396000000195e-01
9.300000000000000711e+00 -3.595379242000000253e-01
9.302500000000000213e+00 -3.595076298000000059e-01
9.304999999999999716e+00 -3.601659146999999783e-01
9.307499999999999218e+00 -3.605606230000000245e-01
9.310000000000000497e+00 -3.604355920999999796e-01
9.312500000000000000e+00 -3.609693918999999918e-01
9.314999999999999503e+00 -3.612154645000000275e-01
9.317500000000000782e+00 -3.618592856999999774e-01
9.320000000000000284e+00 -3.622560781999999979e-01
9.322499999999999787e+00 -3.622256699999999996e-01
9.324999999999999289e+00 -3.632474192999999851e-01
9.327500000000000568e+00 -3.634138235000000106e-01
9.330000000000000071e+00 -3.637275420000000148e-01
9.332499999999999574e+00 -3.644940338000000057e-01
9.335000000000000853e+00 -3.643723238000000086e-01
9.337500000000000355e+00 -3.649173361999999976e-01
9.339999999999999858e+00 -3.654449122000000272e-01
9.342499999999999361e+00 -3.660662803999999992e-01
9.345000000000000639e+00 -3.659857215000000275e-01
9.347500000000000142e+00 -3.668045591999999910e-01
9.349999999999999645e+00 -3.671964301999999791e-01
9.352499999999999147e+00 -3.670289060999999964e-01
9.355000000000000426e+00 -3.676915248000000025e-01
9.357499999999999929e+00 -3.680189905999999844e-01
9.359999999999999432e+00 -3.686207989999999990e-01
9.362500000000000711e+00 -3.687976565000000151e-01
9.365000000000000213e+00 -3.693976520000000208e-01
9.367499999999999716e+00 -3.697479368000000099e-01
9.369999999999999218e+00 -3.698335385000000031e-01
9.372500000000000497e+00 -3.704622596000000101e-01
9.375000000000000000e+00 -3.709770191000000272e-01
9.377499999999999503e+00 -3.716927022000000025e-01
9.380000000000000782e+00 -3.717666814999999736e-01
9.382500000000000284e+00 -3.717737309999999962e-01
9.384999999999999787e+00 -3.726045528999999967e-01
9.387499999999999289e+00 -3.723395896999999732e-01
9.390000000000000568e+00 -3.734319966999999907e-01
9.392500000000000071e+00 -3.736773753000000031e-01
9.394999999999999574e+00 -3.738749800999999762e-01
9.397500000000000853e+00 -3.745757046000000035e-01
9.400000000000000355e+00 -3.747211924000000138e-01
9.402499999999999858e+00 -3.752714105000000133e-01
9.404999999999999361e+00 -3.757989903999999770e-01
9.407500000000000639e+00 -3.756417805000000221e-01
9.410000000000000142e+00 -3.762406239000000152e-01
9.412499999999999645e+00 -3.771266965999999776e-01
9.414999999999999147e+00 -3.775116327999999966e-01
9.417500000000000426e+00 -3.776745960999999818e-01
9.419999999999999929e+00 -3.784497902000000247e-01
9.422499999999999432e+00 -3.782718264000000108e-01
9.425000000000000711e+00 -3.790604396000000209e-01
9.427500000000000213e+00 -3.793309452999999998e-01
9.429999999999999716e+00 -3.793789898000000105e-01
9.432499999999999218e+00 -3.801145719999999839e-01
9.435000000000000497e+00 -3.806379174000000254e-01
9.437500000000000000e+00 -3.811661277000000236e-01
9.439999999999999503e+00 -3.815855598999999820e-01
9.442500000000000782e+00 -3.819409498999999930e-01
9.445000000000000284e+00 -3.821912833000000176e-01
9.447499999999999787e+00 -3.822629109999999830e-01
9.449999999999999289e+00 -3.829053010999999840e-01
9.452500000000000568e+00 -3.833506260000000276e-01
9.455000000000000071e+00 -3.838404085000000077e-01
9.457499999999999574e+00 -3.839211696000000007e-01
9.460000000000000853e+00 -3.848238170000000125e-01
9.462500000000000355e+00 -3.850060990999999988e-01
9.464999999999999858e+00 -3.851185655000000096e-01
9.467499999999999361e+00 -3.862325591999999919e-01
9.470000000000000639e+00 -3.860388895999999903e-01
9.472500000000000142e+00 -3.866062162000000191e-01
9.474999999999999645e+00 -3.869228551000000182e-01
9.477499999999999147e+00 -3.873923008999999862e-01
9.480000000000000426e+00 -3.877190561000000146e-01
9.482499999999999929e+00 -3.877839629000000010e-01
9.484999999999999432e+00 -3.890927674999999919e-01
9.487500000000000711e+00 -3.892621572000000141e-01
9.490000000000000213e+00 -3.896140316999999742e-01
9.492499999999999716e+00 -3.902560039999999897e-01
9.494999999999999218e+00 -3.902134836000000218e-01
9.497500000000000497e+00 -3.909615711000000160e-01
9.500000000000000000e+00 -3.911268135000000035e-01
9.502499999999999503e+00 -3.913113228000000277e-01
9.505000000000000782e+00 -3.923632910000000029e-01
9.507500000000000284e+00 -3.926282902000000075e-01
9.509999999999999787e+00 -3.927954576000000086e-01
9.512499999999999289e+00 -3.937348227999999950e-01
9.515000000000000568e+00 -3.940954454000000218e-01
9.517500000000000071e+00 -3.942962308999999888e-01
9.519999999999999574e+00 -3.951410249999999791e-01
9.522500000000000853e+00 -3.956985077999999878e-01
9.525000000000000355e+00 -3.958843878000000149e-01
9.527499999999999858e+00 -3.962542184000000245e-01
9.529999999999999361e+00 -3.967127678999999851e-01
9.532500000000000639e+00 -3.972347448999999919e-01
9.535000000000000142e+00 -3.975980719000000163e-01
9.537499999999999645e+00 -3.981538121000000041e-01
9.539999999999999147e+00 -3.985625222999999995e-01
9.542500000000000426e+00 -3.987304356999999966e-01
9.544999999999999929e+00 -3.991160605999999889e-01
9.547499999999999432e+00 -3.996624315000000260e-01
9.550000000000000711e+00 -4.006797053000000219e-01
9.552500000000000213e+00 -4.008221690000000059e-01
9.554999999999999716e+00 -4.010883608999999961e-01
9.557499999999999218e+00 -4.016261744999999883e-01
9.560000000000000497e+00 -4.019698809999999733e-01
9.562500000000000000e+00 -4.027562628999999950e-01
9.564999999999999503e+00 -4.026965071999999979e-01
9.567500000000000782e+00 -4.034559323999999947e-01
9.570000000000000284e+00 -4.040188163000000277e-01
9.572499999999999787e+00 -4.044803291999999884e-01
9.574999999999999289e+00 -4.049446586000000070e-01
9.577500000000000568e+00 -4.054621997999999783e-01
9.580000000000000071e+00 -4.054838466999999835e-01
9.582499999999999574e+00 -4.063435159000000074e-01
9.585000000000000853e+00 -4.062766768000000139e-01
9.587500000000000355e+00 -4.074170712999999888e-01
9.589999999999999858e+00 -4.074754536999999899e-01
9.592499999999999361e+00 -4.085127546999999804e-01
9.595000000000000639e+00 -4.088391156000000248e-01
9.597500000000000142e+00 -4.087973401000000173e-01
9.599999999999999645e+00 -4.094026203000000197e-01
9.602499999999999147e+00 -4.097984511000000163e-01
9.605000000000000426e+00 -4.102869930999999970e-01
9.607499999999999929e+00 -4.106980692000000155e-01
9.609999999999999432e+00 -4.117761106000000226e-01
9.612500000000000711e+00 -4.117444593999999847e-01
9.615000000000000213e+00 -4.126173691000000199e-01
9.617499999999999716e+00 -4.131282909999999808e-01
9.619999999999999218e+00 -4.129778347999999988e-01
9.622500000000000497e+00 -4.134953437000000176e-01
9.625000000000000000e+00 -4.144014684999999809e-01
9.627499999999999503e+00 -4.148830673000000191e-01
9.630000000000000782e+00 -4.151340152999999922e-01
9.632500000000000284e+00 -4.156554259999999945e-01
9.634999999999999787e+00 -4.160233897999999764e-01
9.637499999999999289e+00 -4.167242137000000124e-01
9.640000000000000568e+00 -4.169117220999999929e-01
9.642500000000000071e+00 -4.179953988999999814e-01
9.644999999999999574e+00 -4.181558034000000257e-01
9.647500000000000853e+00 -4.188999357000000034e-01
9.650000000000000355e+00 -4.191928113000000233e-01
9.652499999999999858e+00 -4.198592803999999790e-01
9.654999999999999361e+00 -4.194111051000000145e-01
9.657500000000000639e+00 -4.206172731000000220e-01
9.660000000000000142e+00 -4.218621576000000095e-01
9.662499999999999645e+00 -4.221534599999999804e-01
9.664999999999999147e+00 -4.219069015999999950e-01
9.667500000000000426e+00 -4.226914350000000042e-01
9.669999999999999929e+00 -4.235676871999999871e-01
9.672499999999999432e+00 -4.234490975999999907e-01
9.675000000000000711e+00 -4.240668369000000215e-01
9.677500000000000213e+00 -4.251216451000000007e-01
9.679999999999999716e+00 -4.252061073999999774e-01
9.682499999999999218e+00 -4.257678541000000094e-01
9.685000000000000497e+00 -4.264469523000000151e-01
9.687500000000000000e+00 -4.267935009000000113e-01
9.689999999999999503e+00 -4.271688509000000078e-01
9.692500000000000782e+00 -4.274592609999999793e-01
9.695000000000000284e+00 -4.286003903999999753e-01
9.697499999999999787e+00 -4.285636857999999827e-01
9.699999999999999289e+00 -4.291750834999999986e-01
9.702500000000000568e+00 -4.298921533000000239e-01
9.705000000000000071e+00 -4.303416358000000108e-01
9.707499999999999574e+00 -4.309450636000000112e-01
9.710000000000000853e+00 -4.318058358999999902e-01
9.712500000000000355e+00 -4.317565173999999839e-01
9.714999999999999858e+00 -4.325001359999999795e-01
9.717499999999999361e+00 -4.324963432000000219e-01
9.720000000000000639e+00 -4.335973126000000066e-01
9.722500000000000142e+00 -4.342762587999999813e-01
9.724999999999999645e+00 -4.346491787999999801e-01
9.727499999999999147e+00 -4.350565928999999832e-01
9.730000000000000426e+00 -4.352041596999999817e-01
9.732499999999999929e+00 -4.363913993999999907e-01
9.734999999999999432e+00 -4.358550159999999840e-01
9.737500000000000711e+00 -4.373999049000000250e-01
9.740000000000000213e+00 -4.376247506000000009e-01
9.742499999999999716e+00 -4.379288128000000113e-01
9.744999999999999218e+00 -4.390747029000000023e-01
9.747500000000000497e+00 -4.389482784000000026e-01
9.750000000000000000e+00 -4.398500692999999795e-01
9.752499999999999503e+00 -4.405509260000000094e-01
9.755000000000000782e+00 -4.408204940000000072e-01
9.757500000000000284e+00 -4.412384590000000273e-01
9.759999999999999787e+00 -4.417425997000000160e-01
9.762499999999999289e+00 -4.425949060000000101e-01
9.765000000000000568e+00 -4.427023151000000212e-01
9.767500000000000071e+00 -4.432259362000000036e-01
9.769999999999999574e+00 -4.441752661000000213e-01
9.772500000000000853e+00 -4.449974687000000095e-01
9.775000000000000355e+00 -4.451391010999999898e-01
9.777499999999999858e+00 -4.453430673000000062e-01
9.779999999999999361e+00 -4.460021902999999899e-01
9.782500000000000639e+00 -4.465280564999999924e-01
9.785000000000000142e+00 -4.470873041000000270e-01
9.787499999999999645e+00 -4.479724431000000062e-01
9.789999999999999147e+00 -4.483679591999999992e-01
9.792500000000000426e+00 -4.486765272000000082e-01
9.794999999999999929e+00 -4.501028167000000191e-01
9.797499999999999432e+00 -4.504535293999999968e-01
9.800000000000000711e+00 -4.513273798999999920e-01
9.802500000000000213e+00 -4.510889250999999822e-01
9.804999999999999716e+00 -4.518195891999999825e-01
9.807499999999999218e+00 -4.524886027999999727e-01
9.810000000000000497e+00 -4.529411617999999917e-01
9.812500000000000000e+00 -4.539802856999999858e-01
9.814999999999999503e+00 -4.543176950000000214e-01
9.817500000000000782e+00 -4.551011976000000070e-01
9.820000000000000284e+00 -4.551823213999999784e-01
9.822499999999999787e+00 -4.564863278999999885e-01
9.824999999999999289e+00 -4.564901196999999744e-01
9.827500000000000568e+00 -4.568391945999999981e-01
9.830000000000000071e+00 -4.573925627000000049e-01
9.832499999999999574e+00 -4.582996771000000247e-01
9.835000000000000853e+00 -4.590531556999999929e-01
9.837500000000000355e+00 -4.596202367000000177e-01
9.839999999999999858e+00 -4.600388668000000014e-01
9.842499999999999361e+00 -4.608477106000000156e-01
9.845000000000000639e+00 -4.611580027000000137e-01
9.847500000000000142e+00 -4.615648185999999820e-01
9.849999999999999645e+00 -4.618737690999999979e-01
9.852499999999999147e+00 -4.629123620000000217e-01
9.855000000000000426e+00 -4.634160152999999838e-01
9.857499999999999929e+00 -4.641685252000000150e-01
9.859999999999999432e+00 -4.646182891000000259e-01
9.862500000000000711e+00 -4.654747103999999913e-01
9.865000000000000213e+00 -4.658091813999999942e-01
9.867499999999999716e+00 -4.666839207999999850e-01
9.869999999999999218e+00 -4.674225603000000118e-01
9.872500000000000497e+00 -4.679246149999999882e-01
9.875000000000000000e+00 -4.687451599999999940e-01
9.877499999999999503e+00 -4.688370051999999899e-01
9.880000000000000782e+00 -4.693841495000000141e-01
9.882500000000000284e+00 -4.704126999000000087e-01
9.884999999999999787e+00 -4.703496580000000038e-01
9.887499999999999289e+00 -4.710024353999999747e-01
9.890000000000000568e+00 -4.718247414999999778e-01
9.892500000000000071e+00 -4.722009731999999849e-01
9.894999999999999574e+00 -4.728269171000000215e-01
9.897500000000000853e+00 -4.735452430000000046e-01
9.900000000000000355e+00 -4.742791889999999899e-01
9.902499999999999858e+00 -4.749532423999999753e-01
9.904999999999999361e+00 -4.754812829999999768e-01
9.907500000000000639e+00 -4.765701753000000096e-01
9.910000000000000142e+00 -4.770730239000000039e-01
9.912499999999999645e+00 -4.776545749000000174e-01
9.914999999999999147e+00 -4.774176454999999875e-01
9.917500000000000426e+00 -4.787101987999999864e-01
9.919999999999999929e+00 -4.795225886000000215e-01
9.922499999999999432e+00 -4.795770173000000192e-01
9.925000000000000711e+00 -4.806976921000000180e-01
9.927500000000000213e+00 -4.809402996000000097e-01
9.929999999999999716e+00 -4.817356872999999928e-01
9.932499999999999218e+00 -4.826276768000000161e-01
9.935000000000000497e+00 -4.832427657000000210e-01
9.937500000000000000e+00 -4.839309138999999815e-01
9.939999999999999503e+00 -4.843222584999999913e-01
9.942500000000000782e+00 -4.852326203999999810e-01
9.945000000000000284e+00 -4.855198008000000121e-01
9.947499999999999787e+00 -4.859201087000000197e-01
9.949999999999999289e+00 -4.873123273000000144e-01
9.952500000000000568e+00 -4.868833627999999969e-01
9.955000000000000071e+00 -4.879121382000000118e-01
9.957499999999999574e+00 -4.888930390999999820e-01
9.960000000000000853e+00 -4.901563133999999877e-01
9.962500000000000355e+00 -4.900847658999999967e-01
9.964999999999999858e+00 -4.909149215999999982e-01
9.967499999999999361e+00 -4.913307888999999817e-01
9.970000000000000639e+00 -4.919785687000000074e-01
9.972500000000000142e+00 -4.928773944000000018e-01
9.974999999999999645e+00 -4.934004822999999984e-01
9.977499999999999147e+00 -4.935073247999999801e-01
9.980000000000000426e+00 -4.943097171999999984e-01
9.982499999999999929e+00 -4.956328266000000204e-01
9.984999999999999432e+00 -4.956987936000000206e-01
9.987500000000000711e+00 -4.972410033999999923e-01
9.990000000000000213e+00 -4.970257869999999967e-01
9.992499999999999716e+00 -4.981954002999999798e-01
9.994999999999999218e+00 -4.987293882000000123e-01
9.997500000000000497e+00 -4.993269399999999969e-01
1.000000000000000000e+01 -4.999880555999999809e-01
