0.000000000000000000e+00 -5.000044652999999784e-01
2.500000000000000052e-03 -4.997010686999999729e-01
5.000000000000000104e-03 -4.990115699000000071e-01
7.499999999999999722e-03 -4.979359689000000255e-01
1.000000000000000021e-02 -4.969639436000000132e-01
1.250000000000000069e-02 -4.969236436000000201e-01
1.499999999999999944e-02 -4.962366530000000275e-01
1.750000000000000167e-02 -4.955168678999999909e-01
2.000000000000000042e-02 -4.945763083999999976e-01
2.249999999999999917e-02 -4.945136403000000014e-01
2.500000000000000139e-02 -4.937260857999999919e-01
2.750000000000000014e-02 -4.928752590000000100e-01
2.999999999999999889e-02 -4.922846066000000076e-01
3.250000000000000111e-02 -4.911379362000000137e-01
3.500000000000000333e-02 -4.913565643000000205e-01
3.749999999999999861e-02 -4.902794587000000037e-01
4.000000000000000083e-02 -4.897880726000000129e-01
4.250000000000000305e-02 -4.893543609000000072e-01
4.499999999999999833e-02 -4.885535133999999724e-01
4.750000000000000056e-02 -4.879023147000000060e-01
5.000000000000000278e-02 -4.867992674000000131e-01
5.249999999999999806e-02 -4.865561151999999723e-01
5.500000000000000028e-02 -4.860787321000000216e-01
5.750000000000000250e-02 -4.850625972000000008e-01
5.999999999999999778e-02 -4.843922571000000010e-01
6.250000000000000000e-02 -4.833790031999999903e-01
6.500000000000000222e-02 -4.832698617000000252e-01
6.750000000000000444e-02 -4.826806230999999836e-01
7.000000000000000666e-02 -4.818306198000000262e-01
7.249999999999999500e-02 -4.811266402000000109e-01
7.499999999999999722e-02 -4.809704399999999991e-01
7.749999999999999944e-02 -4.800273856000000228e-01
8.000000000000000167e-02 -4.795419910000000008e-01
8.250000000000000389e-02 -4.787581888999999924e-01
8.500000000000000611e-02 -4.785227027000000244e-01
8.749999999999999445e-02 -4.772067320000000223e-01
8.999999999999999667e-02 -4.769976820999999867e-01
9.249999999999999889e-02 -4.761191773999999821e-01
9.500000000000000111e-02 -4.755359142999999733e-01
9.750000000000000333e-02 -4.754844343999999889e-01
1.000000000000000056e-01 -4.747438056000000128e-01
1.024999999999999939e-01 -4.735507487000000237e-01
1.049999999999999961e-01 -4.733069917000000126e-01
1.074999999999999983e-01 -4.725742577000000000e-01
1.100000000000000006e-01 -4.716456086999999964e-01
1.125000000000000028e-01 -4.713068544999999832e-01
1.150000000000000050e-01 -4.703105093000000125e-01
1.174999999999999933e-01 -4.699832145000000239e-01
1.199999999999999956e-01 -4.691580300000000037e-01
1.224999999999999978e-01 -4.690443845000000223e-01
1.250000000000000000e-01 -4.685541430999999868e-01
1.275000000000000022e-01 -4.671390179000000087e-01
1.300000000000000044e-01 -4.672497467000000237e-01
1.325000000000000067e-01 -4.666865681999999849e-01
1.350000000000000089e-01 -4.656604790000000160e-01
1.375000000000000111e-01 -4.652880672999999967e-01
1.400000000000000133e-01 -4.647675217000000192e-01
1.424999999999999878e-01 -4.644108673999999826e-01
1.449999999999999900e-01 -4.632549577999999779e-01
1.474999999999999922e-01 -4.624741461999999914e-01
1.499999999999999944e-01 -4.621453141999999903e-01
1.524999999999999967e-01 -4.610662786999999985e-01
1.549999999999999989e-01 -4.619099128999999970e-01
1.575000000000000011e-01 -4.601598838000000025e-01
1.600000000000000033e-01 -4.599982831000000161e-01
1.625000000000000056e-01 -4.589393721000000204e-01
1.650000000000000078e-01 -4.587719824000000002e-01
1.675000000000000100e-01 -4.577603521999999980e-01
1.700000000000000122e-01 -4.574919391000000224e-01
1.724999999999999867e-01 -4.571645364999999961e-01
1.749999999999999889e-01 -4.564622261999999875e-01
1.774999999999999911e-01 -4.558785819000000239e-01
1.799999999999999933e-01 -4.552446116000000154e-01
1.824999999999999956e-01 -4.547572810000000132e-01
1.849999999999999978e-01 -4.543717729000000261e-01
1.875000000000000000e-01 -4.533437915999999901e-01
1.900000000000000022e-01 -4.527631681000000019e-01
1.925000000000000044e-01 -4.527102739000000153e-01
1.950000000000000067e-01 -4.524489584999999980e-01
1.975000000000000089e-01 -4.516897557999999813e-01
2.000000000000000111e-01 -4.506597244000000169e-01
2.025000000000000133e-01 -4.503181192999999860e-01
2.049999999999999878e-01 -4.496601981000000192e-01
2.074999999999999900e-01 -4.493817405000000154e-01
2.099999999999999922e-01 -4.487408257000000122e-01
2.124999999999999944e-01 -4.483261561999999922e-01
2.149999999999999967e-01 -4.471789473000000181e-01
2.174999999999999989e-01 -4.470151332000000255e-01
2.200000000000000011e-01 -4.465101623000000131e-01
2.225000000000000033e-01 -4.456806810000000230e-01
2.250000000000000056e-01 -4.449432098000000169e-01
2.275000000000000078e-01 -4.445192741999999808e-01
2.300000000000000100e-01 -4.435491840999999935e-01
2.325000000000000122e-01 -4.434516001000000096e-01
2.349999999999999867e-01 -4.428222385999999733e-01
2.374999999999999889e-01 -4.419566167000000267e-01
2.399999999999999911e-01 -4.423791851000000164e-01
2.424999999999999933e-01 -4.419466585999999864e-01
2.449999999999999956e-01 -4.412685961999999740e-01
2.474999999999999978e-01 -4.408244577000000053e-01
2.500000000000000000e-01 -4.396123203999999784e-01
2.525000000000000022e-01 -4.389554310000000070e-01
2.550000000000000044e-01 -4.389826996999999786e-01
2.575000000000000067e-01 -4.381782593999999920e-01
2.600000000000000089e-01 -4.378890872000000267e-01
2.625000000000000111e-01 -4.370445566999999754e-01
2.650000000000000133e-01 -4.365658774999999769e-01
2.675000000000000155e-01 -4.360799027000000216e-01
2.700000000000000178e-01 -4.353621577999999825e-01
2.725000000000000200e-01 -4.348061543999999778e-01
2.750000000000000222e-01 -4.339980542999999913e-01
2.775000000000000244e-01 -4.336685309000000155e-01
2.800000000000000266e-01 -4.330737610000000015e-01
2.824999999999999734e-01 -4.328332832999999824e-01
2.849999999999999756e-01 -4.322052420999999978e-01
2.874999999999999778e-01 -4.321307857000000197e-01
2.899999999999999800e-01 -4.306535718000000235e-01
2.924999999999999822e-01 -4.307003200000000254e-01
2.949999999999999845e-01 -4.300914511000000218e-01
2.974999999999999867e-01 -4.291044735999999804e-01
2.999999999999999889e-01 -4.294800295000000268e-01
3.024999999999999911e-01 -4.291182324999999742e-01
3.049999999999999933e-01 -4.281660313000000273e-01
3.074999999999999956e-01 -4.277907785999999768e-01
3.099999999999999978e-01 -4.274808419000000193e-01
3.125000000000000000e-01 -4.268496265000000234e-01
3.150000000000000022e-01 -4.263172264999999794e-01
3.175000000000000044e-01 -4.257951857000000229e-01
3.200000000000000067e-01 -4.249839006000000197e-01
3.225000000000000089e-01 -4.244865324000000051e-01
3.250000000000000111e-01 -4.241575529000000122e-01
3.275000000000000133e-01 -4.235615050000000048e-01
3.300000000000000155e-01 -4.229852947000000141e-01
3.325000000000000178e-01 -4.226416568999999956e-01
3.350000000000000200e-01 -4.217430394000000193e-01
3.375000000000000222e-01 -4.217947725000000259e-01
3.400000000000000244e-01 -4.210342373000000027e-01
3.425000000000000266e-01 -4.207518009999999808e-01
3.449999999999999734e-01 -4.198574870999999820e-01
3.474999999999999756e-01 -4.197254859999999810e-01
3.499999999999999778e-01 -4.191670509000000044e-01
3.524999999999999800e-01 -4.186636089999999921e-01
3.549999999999999822e-01 -4.179416110999999989e-01
3.574999999999999845e-01 -4.175232380000000187e-01
3.599999999999999867e-01 -4.168002914999999753e-01
3.624999999999999889e-01 -4.165940056999999919e-01
3.649999999999999911e-01 -4.159400059999999733e-01
3.674999999999999933e-01 -4.160732414000000157e-01
3.699999999999999956e-01 -4.150755809000000185e-01
3.724999999999999978e-01 -4.144759807999999768e-01
3.750000000000000000e-01 -4.142961322000000002e-01
3.775000000000000022e-01 -4.135508104000000240e-01
3.800000000000000044e-01 -4.130860513999999872e-01
3.825000000000000067e-01 -4.130250638999999890e-01
3.850000000000000089e-01 -4.120741058999999873e-01
3.875000000000000111e-01 -4.121706232999999830e-01
3.900000000000000133e-01 -4.116636750000000067e-01
3.925000000000000155e-01 -4.107956126000000263e-01
3.950000000000000178e-01 -4.104847287999999761e-01
3.975000000000000200e-01 -4.097483894000000237e-01
4.000000000000000222e-01 -4.096164521999999808e-01
4.025000000000000244e-01 -4.089653864000000194e-01
4.050000000000000266e-01 -4.087831043999999858e-01
4.074999999999999734e-01 -4.082339526000000052e-01
4.099999999999999756e-01 -4.076988481000000109e-01
4.124999999999999778e-01 -4.069702806000000117e-01
4.149999999999999800e-01 -4.066949971000000108e-01
4.174999999999999822e-01 -4.058478978999999764e-01
4.199999999999999845e-01 -4.057278208999999802e-01
4.224999999999999867e-01 -4.054708557999999741e-01
4.249999999999999889e-01 -4.052194316000000129e-01
4.274999999999999911e-01 -4.042318862000000013e-01
4.299999999999999933e-01 -4.036027083000000015e-01
4.324999999999999956e-01 -4.033563149000000125e-01
4.349999999999999978e-01 -4.029368715000000156e-01
4.375000000000000000e-01 -4.026002697000000130e-01
4.400000000000000022e-01 -4.022244407000000188e-01
4.425000000000000044e-01 -4.014315861000000152e-01
4.450000000000000067e-01 -4.010462068999999796e-01
4.475000000000000089e-01 -4.008164117999999942e-01
4.500000000000000111e-01 -4.001777202999999838e-01
4.525000000000000133e-01 -4.000989220000000235e-01
4.550000000000000155e-01 -3.992686254999999740e-01
4.575000000000000178e-01 -3.994066931999999959e-01
4.600000000000000200e-01 -3.980347860999999821e-01
4.625000000000000222e-01 -3.979607772000000043e-01
4.650000000000000244e-01 -3.975439753000000187e-01
4.675000000000000266e-01 -3.977239141000000200e-01
4.699999999999999734e-01 -3.973174831999999879e-01
4.724999999999999756e-01 -3.959572096000000263e-01
4.749999999999999778e-01 -3.958391770999999948e-01
4.774999999999999800e-01 -3.952396599999999927e-01
4.799999999999999822e-01 -3.950592553999999756e-01
4.824999999999999845e-01 -3.946736431000000267e-01
4.849999999999999867e-01 -3.943050363999999752e-01
4.874999999999999889e-01 -3.935019721999999942e-01
4.899999999999999911e-01 -3.928241465000000265e-01
4.924999999999999933e-01 -3.931888271000000268e-01
4.949999999999999956e-01 -3.922136222000000005e-01
4.974999999999999978e-01 -3.918367057000000098e-01
5.000000000000000000e-01 -3.913738384000000070e-01
5.024999999999999467e-01 -3.910293720999999945e-01
5.050000000000000044e-01 -3.901874406999999989e-01
5.074999999999999512e-01 -3.904092049999999814e-01
5.100000000000000089e-01 -3.903886924000000147e-01
5.124999999999999556e-01 -3.894017636000000060e-01
5.150000000000000133e-01 -3.890961146999999953e-01
5.174999999999999600e-01 -3.882539651999999952e-01
5.200000000000000178e-01 -3.875925773000000185e-01
5.224999999999999645e-01 -3.881468039000000037e-01
5.250000000000000222e-01 -3.871969377000000212e-01
5.274999999999999689e-01 -3.870593222000000000e-01
5.300000000000000266e-01 -3.860264381999999883e-01
5.324999999999999734e-01 -3.859508589000000267e-01
5.350000000000000311e-01 -3.852857675999999953e-01
5.374999999999999778e-01 -3.848299740000000191e-01
5.400000000000000355e-01 -3.844085385000000077e-01
5.424999999999999822e-01 -3.836534569000000228e-01
5.450000000000000400e-01 -3.834732826999999733e-01
5.474999999999999867e-01 -3.834101976000000023e-01
5.500000000000000444e-01 -3.827048352999999903e-01
5.524999999999999911e-01 -3.822000945999999844e-01
5.550000000000000488e-01 -3.820066984000000110e-01
5.574999999999999956e-01 -3.817632411999999920e-01
5.600000000000000533e-01 -3.811268555999999808e-01
5.625000000000000000e-01 -3.811468560999999866e-01
5.649999999999999467e-01 -3.803392259000000220e-01
5.675000000000000044e-01 -3.796379447000000074e-01
5.699999999999999512e-01 -3.794782313000000240e-01
5.725000000000000089e-01 -3.790377154999999831e-01
5.749999999999999556e-01 -3.785973583000000198e-01
5.775000000000000133e-01 -3.782950963999999749e-01
5.799999999999999600e-01 -3.779567147999999821e-01
5.825000000000000178e-01 -3.773020544999999837e-01
5.849999999999999645e-01 -3.774741388999999780e-01
5.875000000000000222e-01 -3.767355030999999799e-01
5.899999999999999689e-01 -3.758257642000000232e-01
5.925000000000000266e-01 -3.761082056999999756e-01
5.949999999999999734e-01 -3.752664101000000030e-01
5.975000000000000311e-01 -3.752935338000000232e-01
5.999999999999999778e-01 -3.744868446999999878e-01
6.025000000000000355e-01 -3.744139282999999763e-01
6.049999999999999822e-01 -3.741568579999999811e-01
6.075000000000000400e-01 -3.731777776999999907e-01
6.099999999999999867e-01 -3.730090173999999759e-01
6.125000000000000444e-01 -3.730847304000000086e-01
6.149999999999999911e-01 -3.724628307999999777e-01
6.175000000000000488e-01 -3.721609221000000134e-01
6.199999999999999956e-01 -3.715304598999999985e-01
6.225000000000000533e-01 -3.712071096999999820e-01
6.250000000000000000e-01 -3.710056469999999940e-01
6.274999999999999467e-01 -3.703554197000000214e-01
6.300000000000000044e-01 -3.699771098999999897e-01
6.324999999999999512e-01 -3.694159129999999847e-01
6.350000000000000089e-01 -3.689873459999999938e-01
6.374999999999999556e-01 -3.687215515999999749e-01
6.400000000000000133e-01 -3.687077076999999981e-01
6.424999999999999600e-01 -3.686913935999999725e-01
6.450000000000000178e-01 -3.673936076000000051e-01
6.474999999999999645e-01 -3.669178825000000144e-01
6.500000000000000222e-01 -3.668992996000000062e-01
6.524999999999999689e-01 -3.669487745000000189e-01
6.550000000000000266e-01 -3.665549618999999759e-01
6.574999999999999734e-01 -3.658504065000000027e-01
6.600000000000000311e-01 -3.652028578000000025e-01
6.624999999999999778e-01 -3.648787785000000006e-01
6.650000000000000355e-01 -3.641808536999999735e-01
6.674999999999999822e-01 -3.643621330999999852e-01
6.700000000000000400e-01 -3.640325514000000151e-01
6.724999999999999867e-01 -3.635971319999999896e-01
6.750000000000000444e-01 -3.627250059000000082e-01
6.774999999999999911e-01 -3.625537454000000159e-01
6.800000000000000488e-01 -3.626233830999999741e-01
6.824999999999999956e-01 -3.619792508999999936e-01
6.850000000000000533e-01 -3.614531890000000081e-01
6.875000000000000000e-01 -3.612416352000000219e-01
6.899999999999999467e-01 -3.609303166000000229e-01
6.925000000000000044e-01 -3.602822622999999891e-01
6.949999999999999512e-01 -3.602352670000000257e-01
6.975000000000000089e-01 -3.599218694999999912e-01
6.999999999999999556e-01 -3.597918536999999972e-01
7.025000000000000133e-01 -3.592917428999999885e-01
7.049999999999999600e-01 -3.587807499999999816e-01
7.075000000000000178e-01 -3.585685296000000188e-01
7.099999999999999645e-01 -3.574169047999999904e-01
7.125000000000000222e-01 -3.578772353999999933e-01
7.149999999999999689e-01 -3.571823351999999785e-01
7.175000000000000266e-01 -3.569129684999999830e-01
7.199999999999999734e-01 -3.563510268000000258e-01
7.225000000000000311e-01 -3.562033830999999928e-01
7.249999999999999778e-01 -3.561033183000000268e-01
7.275000000000000355e-01 -3.552985470999999729e-01
7.299999999999999822e-01 -3.547840199999999777e-01
7.325000000000000400e-01 -3.547547368000000256e-01
7.349999999999999867e-01 -3.542407933999999758e-01
7.375000000000000444e-01 -3.541762088000000031e-01
7.399999999999999911e-01 -3.538344970000000256e-01
7.425000000000000488e-01 -3.534866662000000215e-01
7.449999999999999956e-01 -3.529285015999999997e-01
7.475000000000000533e-01 -3.527122998000000176e-01
7.500000000000000000e-01 -3.524167810000000123e-01
7.524999999999999467e-01 -3.518494917000000166e-01
7.550000000000000044e-01 -3.513388206999999985e-01
7.574999999999999512e-01 -3.512186200999999897e-01
7.600000000000000089e-01 -3.505658688000000134e-01
7.624999999999999556e-01 -3.498797020000000146e-01
7.650000000000000133e-01 -3.499175028000000021e-01
7.674999999999999600e-01 -3.496086233999999848e-01
7.700000000000000178e-01 -3.491565067999999883e-01
7.724999999999999645e-01 -3.490249543999999760e-01
7.750000000000000222e-01 -3.483693633000000123e-01
7.774999999999999689e-01 -3.483452670000000140e-01
7.800000000000000266e-01 -3.482515968000000073e-01
7.824999999999999734e-01 -3.477387022000000272e-01
7.850000000000000311e-01 -3.471233846999999817e-01
7.874999999999999778e-01 -3.465769590000000178e-01
7.900000000000000355e-01 -3.463629623000000213e-01
7.924999999999999822e-01 -3.460129106000000010e-01
7.950000000000000400e-01 -3.459839087000000091e-01
7.974999999999999867e-01 -3.453736070000000269e-01
8.000000000000000444e-01 -3.449199157999999765e-01
8.024999999999999911e-01 -3.448578871999999906e-01
8.050000000000000488e-01 -3.445867878000000162e-01
8.074999999999999956e-01 -3.443012507000000055e-01
8.100000000000000533e-01 -3.437857736000000108e-01
8.125000000000000000e-01 -3.432076164999999790e-01
8.149999999999999467e-01 -3.428531108000000271e-01
8.175000000000000044e-01 -3.430515926000000104e-01
8.199999999999999512e-01 -3.422743312000000038e-01
8.225000000000000089e-01 -3.424926549999999792e-01
8.249999999999999556e-01 -3.415058763000000108e-01
8.275000000000000133e-01 -3.415546729999999753e-01
8.299999999999999600e-01 -3.412028102999999923e-01
8.325000000000000178e-01 -3.410399161000000068e-01
8.349999999999999645e-01 -3.405926429000000200e-01
8.375000000000000222e-01 -3.401819510999999907e-01
8.399999999999999689e-01 -3.398888042000000054e-01
8.425000000000000266e-01 -3.398060090999999727e-01
8.449999999999999734e-01 -3.395288249999999786e-01
8.475000000000000311e-01 -3.389400603000000123e-01
8.499999999999999778e-01 -3.385904510000000145e-01
8.525000000000000355e-01 -3.378316413999999934e-01
8.549999999999999822e-01 -3.378569386999999979e-01
8.575000000000000400e-01 -3.374606142000000086e-01
8.599999999999999867e-01 -3.370011929000000239e-01
8.625000000000000444e-01 -3.367145934999999923e-01
8.649999999999999911e-01 -3.361790752000000104e-01
8.675000000000000488e-01 -3.362743641000000006e-01
8.699999999999999956e-01 -3.360029615999999830e-01
8.725000000000000533e-01 -3.355233224999999986e-01
8.750000000000000000e-01 -3.347863812999999911e-01
8.774999999999999467e-01 -3.345663254999999836e-01
8.800000000000000044e-01 -3.349875918999999924e-01
8.824999999999999512e-01 -3.344602187999999865e-01
8.850000000000000089e-01 -3.340408691999999791e-01
8.874999999999999556e-01 -3.337733661000000240e-01
8.900000000000000133e-01 -3.330691390000000141e-01
8.924999999999999600e-01 -3.331373382000000216e-01
8.950000000000000178e-01 -3.331481141000000035e-01
8.974999999999999645e-01 -3.324140972999999888e-01
9.000000000000000222e-01 -3.319097887999999941e-01
9.024999999999999689e-01 -3.315089097999999734e-01
9.050000000000000266e-01 -3.318552161000000167e-01
9.074999999999999734e-01 -3.310766216000000095e-01
9.100000000000000311e-01 -3.309741379000000205e-01
9.124999999999999778e-01 -3.308732931000000210e-01
9.150000000000000355e-01 -3.303777542999999928e-01
9.174999999999999822e-01 -3.297865521000000189e-01
9.200000000000000400e-01 -3.298496006000000147e-01
9.224999999999999867e-01 -3.296698014000000176e-01
9.250000000000000444e-01 -3.295196923000000000e-01
9.274999999999999911e-01 -3.283455578999999736e-01
9.300000000000000488e-01 -3.284960691000000099e-01
9.324999999999999956e-01 -3.279330974999999926e-01
9.350000000000000533e-01 -3.278545509999999941e-01
9.375000000000000000e-01 -3.275256007999999830e-01
9.399999999999999467e-01 -3.270140354000000138e-01
9.425000000000000044e-01 -3.268968534000000203e-01
9.449999999999999512e-01 -3.265766261999999975e-01
9.475000000000000089e-01 -3.260380357000000062e-01
9.499999999999999556e-01 -3.260294823000000064e-01
9.525000000000000133e-01 -3.258905051000000053e-01
9.549999999999999600e-01 -3.256167772999999932e-01
9.575000000000000178e-01 -3.250893476999999754e-01
9.599999999999999645e-01 -3.248395025999999963e-01
9.625000000000000222e-01 -3.240003020000000178e-01
9.649999999999999689e-01 -3.241948054000000079e-01
9.675000000000000266e-01 -3.235917334999999784e-01
9.699999999999999734e-01 -3.231732399000000200e-01
9.725000000000000311e-01 -3.230548290999999961e-01
9.749999999999999778e-01 -3.231025062999999808e-01
9.775000000000000355e-01 -3.225910475000000055e-01
9.799999999999999822e-01 -3.221828091999999755e-01
9.825000000000000400e-01 -3.222803650000000131e-01
9.849999999999999867e-01 -3.216143645999999801e-01
9.875000000000000444e-01 -3.214634661999999921e-01
9.899999999999999911e-01 -3.212612474000000051e-01
9.925000000000000488e-01 -3.205932099000000091e-01
9.949999999999999956e-01 -3.206698778000000027e-01
9.975000000000000533e-01 -3.200338071000000117e-01
1.000000000000000000e+00 -3.205479890999999859e-01
1.002499999999999947e+00 -3.195991624999999781e-01
1.004999999999999893e+00 -3.190454095999999962e-01
1.007500000000000062e+00 -3.188351875000000057e-01
1.010000000000000009e+00 -3.192253384000000027e-01
1.012499999999999956e+00 -3.185304748000000186e-01
1.014999999999999902e+00 -3.180555231000000149e-01
1.017500000000000071e+00 -3.178873638999999973e-01
1.020000000000000018e+00 -3.176567898000000056e-01
1.022499999999999964e+00 -3.174980545000000154e-01
1.024999999999999911e+00 -3.167414458000000210e-01
1.027500000000000080e+00 -3.170468300000000017e-01
1.030000000000000027e+00 -3.167140586000000146e-01
1.032499999999999973e+00 -3.160654495999999924e-01
1.034999999999999920e+00 -3.157539641000000064e-01
1.037500000000000089e+00 -3.160467134000000122e-01
1.040000000000000036e+00 -3.157586870999999906e-01
1.042499999999999982e+00 -3.149815059000000139e-01
1.044999999999999929e+00 -3.150961278000000143e-01
1.047500000000000098e+00 -3.141572329999999802e-01
1.050000000000000044e+00 -3.144534500999999760e-01
1.052499999999999991e+00 -3.140235511999999729e-01
1.054999999999999938e+00 -3.138434453000000235e-01
1.057500000000000107e+00 -3.134903770999999950e-01
1.060000000000000053e+00 -3.130062941000000265e-01
1.062500000000000000e+00 -3.130766461999999750e-01
1.064999999999999947e+00 -3.122481905999999752e-01
1.067499999999999893e+00 -3.124905574999999880e-01
1.070000000000000062e+00 -3.119665902000000046e-01
1.072500000000000009e+00 -3.118319908000000140e-01
1.074999999999999956e+00 -3.113019162999999812e-01
1.077499999999999902e+00 -3.117007873000000040e-01
1.080000000000000071e+00 -3.109385355000000017e-01
1.082500000000000018e+00 -3.106178627999999775e-01
1.084999999999999964e+00 -3.106472532999999814e-01
1.087499999999999911e+00 -3.101997657000000186e-01
1.090000000000000080e+00 -3.099417422999999894e-01
1.092500000000000027e+00 -3.096030871000000073e-01
1.094999999999999973e+00 -3.097144249000000071e-01
1.097499999999999920e+00 -3.086766020000000221e-01
1.100000000000000089e+00 -3.088739947999999957e-01
1.102500000000000036e+00 -3.087303500999999950e-01
1.104999999999999982e+00 -3.084620658000000182e-01
1.107499999999999929e+00 -3.080246142999999992e-01
1.110000000000000098e+00 -3.079766514999999760e-01
1.112500000000000044e+00 -3.072247072000000023e-01
1.114999999999999991e+00 -3.073522322000000195e-01
1.117499999999999938e+00 -3.071315987000000081e-01
1.120000000000000107e+00 -3.064444754000000271e-01
1.122500000000000053e+00 -3.066113571999999898e-01
1.125000000000000000e+00 -3.059763547000000083e-01
1.127499999999999947e+00 -3.062714807999999955e-01
1.129999999999999893e+00 -3.054433906999999837e-01
1.132500000000000062e+00 -3.054686763000000194e-01
1.135000000000000009e+00 -3.047534291999999811e-01
1.137499999999999956e+00 -3.048579218999999951e-01
1.139999999999999902e+00 -3.048182139999999762e-01
1.142500000000000071e+00 -3.043397075000000007e-01
1.145000000000000018e+00 -3.042679354999999752e-01
1.147499999999999964e+00 -3.038160735000000057e-01
1.149999999999999911e+00 -3.032756508000000184e-01
1.152500000000000080e+00 -3.036370029000000081e-01
1.155000000000000027e+00 -3.032698940999999926e-01
1.157499999999999973e+00 -3.027083025000000260e-01
1.159999999999999920e+00 -3.022050045999999934e-01
1.162500000000000089e+00 -3.021201490000000045e-01
1.165000000000000036e+00 -3.018272320000000009e-01
1.167499999999999982e+00 -3.020191884999999798e-01
1.169999999999999929e+00 -3.014714446000000270e-01
1.172500000000000098e+00 -3.009796820000000261e-01
1.175000000000000044e+00 -3.008889825000000129e-01
1.177499999999999991e+00 -3.005737057000000267e-01
1.179999999999999938e+00 -3.006874742999999794e-01
1.182500000000000107e+00 -3.001530258999999812e-01
1.185000000000000053e+00 -2.999880549000000229e-01
1.187500000000000000e+00 -2.994215647999999841e-01
1.189999999999999947e+00 -2.996649024999999966e-01
1.192499999999999893e+00 -2.990139471000000104e-01
1.195000000000000062e+00 -2.990937955999999898e-01
1.197500000000000009e+00 -2.987727110999999769e-01
1.199999999999999956e+00 -2.980316462000000000e-01
1.202499999999999902e+00 -2.976006151999999738e-01
1.205000000000000071e+00 -2.981180618000000004e-01
1.207500000000000018e+00 -2.978999332999999750e-01
1.209999999999999964e+00 -2.977112901000000256e-01
1.212499999999999911e+00 -2.972275134999999846e-01
1.215000000000000080e+00 -2.969802008999999909e-01
1.217500000000000027e+00 -2.963904928000000161e-01
1.219999999999999973e+00 -2.966665513000000254e-01
1.222499999999999920e+00 -2.958837139000000116e-01
1.225000000000000089e+00 -2.959719224999999843e-01
1.227500000000000036e+00 -2.961133523000000212e-01
1.229999999999999982e+00 -2.953690226999999835e-01
1.232499999999999929e+00 -2.949129615000000149e-01
1.235000000000000098e+00 -2.950912096000000151e-01
1.237500000000000044e+00 -2.944822288000000232e-01
1.239999999999999991e+00 -2.940751580000000032e-01
1.242499999999999938e+00 -2.941325497000000233e-01
1.245000000000000107e+00 -2.937589621999999734e-01
1.247500000000000053e+00 -2.937366938000000038e-01
1.250000000000000000e+00 -2.935700705000000021e-01
1.252499999999999947e+00 -2.929857472999999879e-01
1.254999999999999893e+00 -2.928066448000000155e-01
1.257500000000000062e+00 -2.929520957999999786e-01
1.260000000000000009e+00 -2.927145682000000249e-01
1.262499999999999956e+00 -2.925514912000000134e-01
1.264999999999999902e+00 -2.922660060000000226e-01
1.267500000000000071e+00 -2.916850891000000168e-01
1.270000000000000018e+00 -2.914190488999999773e-01
1.272499999999999964e+00 -2.916163164000000196e-01
1.274999999999999911e+00 -2.905846751999999755e-01
1.277500000000000080e+00 -2.905041176000000003e-01
1.280000000000000027e+00 -2.903124892000000234e-01
1.282499999999999973e+00 -2.908244892999999887e-01
1.284999999999999920e+00 -2.901304920000000176e-01
1.287500000000000089e+00 -2.899907904999999841e-01
1.290000000000000036e+00 -2.897033742999999828e-01
1.292499999999999982e+00 -2.894968849999999816e-01
1.294999999999999929e+00 -2.896906378999999920e-01
1.297500000000000098e+00 -2.890581903000000175e-01
1.300000000000000044e+00 -2.882586494000000110e-01
1.302499999999999991e+00 -2.887261309999999970e-01
1.304999999999999938e+00 -2.882166353999999764e-01
1.307500000000000107e+00 -2.880148138999999996e-01
1.310000000000000053e+00 -2.876997955999999745e-01
1.312500000000000000e+00 -2.874861954999999858e-01
1.314999999999999947e+00 -2.869055540000000071e-01
1.317499999999999893e+00 -2.870912746000000015e-01
1.320000000000000062e+00 -2.874456161000000232e-01
1.322500000000000009e+00 -2.868632387000000228e-01
1.324999999999999956e+00 -2.866941883999999940e-01
1.327499999999999902e+00 -2.863970250999999800e-01
1.330000000000000071e+00 -2.862019084999999907e-01
1.332500000000000018e+00 -2.855841112999999987e-01
1.334999999999999964e+00 -2.859624150000000253e-01
1.337499999999999911e+00 -2.851054168000000111e-01
1.340000000000000080e+00 -2.854024926000000018e-01
1.342500000000000027e+00 -2.842223685999999971e-01
1.344999999999999973e+00 -2.846968550999999792e-01
1.347499999999999920e+00 -2.845340311999999816e-01
1.350000000000000089e+00 -2.842050622000000248e-01
1.352500000000000036e+00 -2.837705923000000130e-01
1.354999999999999982e+00 -2.839093912000000275e-01
1.357499999999999929e+00 -2.830857702999999836e-01
1.360000000000000098e+00 -2.833269226999999835e-01
1.362500000000000044e+00 -2.827982417000000082e-01
1.364999999999999991e+00 -2.830075877000000073e-01
1.367499999999999938e+00 -2.824505471000000045e-01
1.370000000000000107e+00 -2.820835426000000146e-01
1.372500000000000053e+00 -2.819406123000000042e-01
1.375000000000000000e+00 -2.822015543999999987e-01
1.377499999999999947e+00 -2.815608884999999950e-01
1.379999999999999893e+00 -2.813378425999999988e-01
1.382500000000000062e+00 -2.812722599999999962e-01
1.385000000000000009e+00 -2.805999942999999885e-01
1.387499999999999956e+00 -2.805519128999999778e-01
1.389999999999999902e+00 -2.809107156000000272e-01
1.392500000000000071e+00 -2.807473132000000149e-01
1.395000000000000018e+00 -2.799644257000000191e-01
1.397499999999999964e+00 -2.798483109000000080e-01
1.399999999999999911e+00 -2.793137831999999987e-01
1.402500000000000080e+00 -2.794751891000000210e-01
1.405000000000000027e+00 -2.793711722000000175e-01
1.407499999999999973e+00 -2.789110773999999848e-01
1.409999999999999920e+00 -2.789334365000000204e-01
1.412500000000000089e+00 -2.786308690000000032e-01
1.415000000000000036e+00 -2.785083313999999755e-01
1.417499999999999982e+00 -2.781632788000000245e-01
1.419999999999999929e+00 -2.781601573999999966e-01
1.422500000000000098e+00 -2.777565611000000212e-01
1.425000000000000044e+00 -2.778453544000000219e-01
1.427499999999999991e+00 -2.773471066000000040e-01
1.429999999999999938e+00 -2.773431351999999794e-01
1.432500000000000107e+00 -2.770387700999999980e-01
1.435000000000000053e+00 -2.768992361000000013e-01
1.437500000000000000e+00 -2.764410975000000104e-01
1.439999999999999947e+00 -2.764088625000000188e-01
1.442499999999999893e+00 -2.761323565000000091e-01
1.445000000000000062e+00 -2.757978844000000263e-01
1.447500000000000009e+00 -2.757399942000000048e-01
1.449999999999999956e+00 -2.755762170000000122e-01
1.452499999999999902e+00 -2.755043590999999847e-01
1.455000000000000071e+00 -2.754682042000000108e-01
1.457500000000000018e+00 -2.746693568999999946e-01
1.459999999999999964e+00 -2.748519557999999918e-01
1.462499999999999911e+00 -2.745860519000000166e-01
1.465000000000000080e+00 -2.741652212999999838e-01
1.467500000000000027e+00 -2.739782378999999768e-01
1.469999999999999973e+00 -2.738592939000000226e-01
1.472499999999999920e+00 -2.735486520000000032e-01
1.475000000000000089e+00 -2.732569068999999851e-01
1.477500000000000036e+00 -2.735466964000000112e-01
1.479999999999999982e+00 -2.726803591999999998e-01
1.482499999999999929e+00 -2.724874062000000041e-01
1.485000000000000098e+00 -2.728896801999999844e-01
1.487500000000000044e+00 -2.723547096999999750e-01
1.489999999999999991e+00 -2.721124154999999822e-01
1.492499999999999938e+00 -2.720450039999999792e-01
1.495000000000000107e+00 -2.717820866999999807e-01
1.497500000000000053e+00 -2.717391664000000095e-01
1.500000000000000000e+00 -2.717858296999999812e-01
1.502499999999999947e+00 -2.714308716000000121e-01
1.504999999999999893e+00 -2.708982796000000137e-01
1.507500000000000062e+00 -2.708003066999999930e-01
1.510000000000000009e+00 -2.705024407000000131e-01
1.512499999999999956e+00 -2.704091658000000176e-01
1.514999999999999902e+00 -2.700821105000000277e-01
1.517500000000000071e+00 -2.697264068999999931e-01
1.520000000000000018e+00 -2.699312984000000193e-01
1.522499999999999964e+00 -2.700037780000000276e-01
1.524999999999999911e+00 -2.695013834000000164e-01
1.527500000000000080e+00 -2.688700942000000205e-01
1.530000000000000027e+00 -2.689483274000000201e-01
1.532499999999999973e+00 -2.691911866000000209e-01
1.534999999999999920e+00 -2.686149026999999911e-01
1.537500000000000089e+00 -2.687354342000000118e-01
1.540000000000000036e+00 -2.681563791000000085e-01
1.542499999999999982e+00 -2.681563627999999921e-01
1.544999999999999929e+00 -2.678031304999999862e-01
1.547500000000000098e+00 -2.675946546999999898e-01
1.550000000000000044e+00 -2.675117603000000122e-01
1.552499999999999991e+00 -2.672859471999999847e-01
1.554999999999999938e+00 -2.670436621999999760e-01
1.557500000000000107e+00 -2.669101526000000058e-01
1.560000000000000053e+00 -2.669631861000000272e-01
1.562500000000000000e+00 -2.665776706999999912e-01
1.564999999999999947e+00 -2.663642686000000093e-01
1.567499999999999893e+00 -2.660539612999999748e-01
1.570000000000000062e+00 -2.655886406999999894e-01
1.572500000000000009e+00 -2.653203811000000023e-01
1.574999999999999956e+00 -2.657324463999999886e-01
1.577499999999999902e+00 -2.651144579999999973e-01
1.580000000000000071e+00 -2.649040736000000118e-01
1.582500000000000018e+00 -2.648060105000000219e-01
1.584999999999999964e+00 -2.647662061000000122e-01
1.587499999999999911e+00 -2.646539605000000073e-01
1.590000000000000080e+00 -2.641478164000000128e-01
1.592500000000000027e+00 -2.640039852000000131e-01
1.594999999999999973e+00 -2.639505082999999974e-01
1.597499999999999920e+00 -2.639881005999999974e-01
1.600000000000000089e+00 -2.633617167000000259e-01
1.602500000000000036e+00 -2.634226675999999934e-01
1.604999999999999982e+00 -2.629590052999999927e-01
1.607499999999999929e+00 -2.628274871999999873e-01
1.610000000000000098e+00 -2.629575863999999985e-01
1.612500000000000044e+00 -2.622452484000000195e-01
1.614999999999999991e+00 -2.626417925999999792e-01
1.617499999999999938e+00 -2.623908737999999796e-01
1.620000000000000107e+00 -2.620179878000000184e-01
1.622500000000000053e+00 -2.620637852000000101e-01
1.625000000000000000e+00 -2.617910972999999974e-01
1.627499999999999947e+00 -2.617370692000000054e-01
1.629999999999999893e+00 -2.612284702000000070e-01
1.632500000000000062e+00 -2.615010792999999945e-01
1.635000000000000009e+00 -2.609953993999999944e-01
1.637499999999999956e+00 -2.612170343999999922e-01
1.639999999999999902e+00 -2.604875673000000003e-01
1.642500000000000071e+00 -2.601708792999999909e-01
1.645000000000000018e+00 -2.604596070999999902e-01
1.647499999999999964e+00 -2.604796828000000009e-01
1.649999999999999911e+00 -2.602732804999999816e-01
1.652500000000000080e+00 -2.598315252999999769e-01
1.655000000000000027e+00 -2.593993820000000117e-01
1.657499999999999973e+00 -2.595052360999999808e-01
1.659999999999999920e+00 -2.592785145000000013e-01
1.662500000000000089e+00 -2.587551122000000259e-01
1.665000000000000036e+00 -2.592454023999999912e-01
1.667499999999999982e+00 -2.584107280999999867e-01
1.669999999999999929e+00 -2.589143984000000231e-01
1.672500000000000098e+00 -2.586286050000000114e-01
1.675000000000000044e+00 -2.582508092999999949e-01
1.677499999999999991e+00 -2.578937251999999791e-01
1.679999999999999938e+00 -2.580967627999999903e-01
1.682500000000000107e+00 -2.575393564999999829e-01
1.685000000000000053e+00 -2.575063588000000014e-01
1.687500000000000000e+00 -2.570213386999999905e-01
1.689999999999999947e+00 -2.570700619999999881e-01
1.692499999999999893e+00 -2.570061556000000080e-01
1.695000000000000062e+00 -2.563400236000000221e-01
1.697500000000000009e+00 -2.566450800999999782e-01
1.699999999999999956e+00 -2.563623556999999886e-01
1.702499999999999902e+00 -2.565948447999999993e-01
1.705000000000000071e+00 -2.559751458000000257e-01
1.707500000000000018e+00 -2.557576194000000247e-01
1.709999999999999964e+00 -2.561375631999999736e-01
1.712499999999999911e+00 -2.552456381000000052e-01
1.715000000000000080e+00 -2.552225904000000045e-01
1.717500000000000027e+00 -2.548828504000000272e-01
1.719999999999999973e+00 -2.549716765999999746e-01
1.722499999999999920e+00 -2.548596274000000106e-01
1.725000000000000089e+00 -2.545972685999999818e-01
1.727500000000000036e+00 -2.544289974000000232e-01
1.729999999999999982e+00 -2.542375848999999799e-01
1.732499999999999929e+00 -2.538125970999999814e-01
1.735000000000000098e+00 -2.541352308000000004e-01
1.737500000000000044e+00 -2.534426881999999881e-01
1.739999999999999991e+00 -2.539024143999999983e-01
1.742499999999999938e+00 -2.539506092000000104e-01
1.745000000000000107e+00 -2.528679099000000208e-01
1.747500000000000053e+00 -2.529053997999999859e-01
1.750000000000000000e+00 -2.531234117999999755e-01
1.752499999999999947e+00 -2.528957434999999920e-01
1.754999999999999893e+00 -2.527630484000000233e-01
1.757500000000000062e+00 -2.521920716000000118e-01
1.760000000000000009e+00 -2.525481229000000050e-01
1.762499999999999956e+00 -2.516967124000000222e-01
1.764999999999999902e+00 -2.519329891000000043e-01
1.767500000000000071e+00 -2.516381094999999846e-01
1.770000000000000018e+00 -2.513153475000000081e-01
1.772499999999999964e+00 -2.514381022000000132e-01
1.774999999999999911e+00 -2.513685408999999926e-01
1.777500000000000080e+00 -2.506213130000000122e-01
1.780000000000000027e+00 -2.507067364000000187e-01
1.782499999999999973e+00 -2.507181338999999731e-01
1.784999999999999920e+00 -2.504828586999999773e-01
1.787500000000000089e+00 -2.503397971999999916e-01
1.790000000000000036e+00 -2.501116251000000124e-01
1.792499999999999982e+00 -2.497448774000000093e-01
1.794999999999999929e+00 -2.499517424999999904e-01
1.797500000000000098e+00 -2.494398418000000062e-01
1.800000000000000044e+00 -2.496582179000000068e-01
1.802499999999999991e+00 -2.494317936999999874e-01
1.804999999999999938e+00 -2.493339994000000059e-01
1.807500000000000107e+00 -2.490306855999999958e-01
1.810000000000000053e+00 -2.489381130999999969e-01
1.812500000000000000e+00 -2.487287770999999925e-01
1.814999999999999947e+00 -2.489267445999999995e-01
1.817499999999999893e+00 -2.482842671000000112e-01
1.820000000000000062e+00 -2.484731665999999894e-01
1.822500000000000009e+00 -2.477971998999999870e-01
1.824999999999999956e+00 -2.483335962999999869e-01
1.827499999999999902e+00 -2.477156365000000027e-01
1.830000000000000071e+00 -2.476805951000000117e-01
1.832500000000000018e+00 -2.477437673000000007e-01
1.834999999999999964e+00 -2.473895841000000040e-01
1.837499999999999911e+00 -2.471117805999999972e-01
1.840000000000000080e+00 -2.469167634999999972e-01
1.842500000000000027e+00 -2.470345387000000004e-01
1.844999999999999973e+00 -2.470298961999999876e-01
1.847499999999999920e+00 -2.465860347000000119e-01
1.850000000000000089e+00 -2.462416557999999867e-01
1.852500000000000036e+00 -2.464887037999999864e-01
1.854999999999999982e+00 -2.462870595999999968e-01
1.857499999999999929e+00 -2.459583488000000040e-01
1.860000000000000098e+00 -2.456174081999999981e-01
1.862500000000000044e+00 -2.454543922999999905e-01
1.864999999999999991e+00 -2.457230206000000083e-01
1.867499999999999938e+00 -2.454699841000000105e-01
1.870000000000000107e+00 -2.452488456999999955e-01
1.872500000000000053e+00 -2.449425296999999946e-01
1.875000000000000000e+00 -2.448693651000000138e-01
1.877499999999999947e+00 -2.445885053000000087e-01
1.879999999999999893e+00 -2.445661122999999992e-01
1.882500000000000062e+00 -2.444979656000000057e-01
1.885000000000000009e+00 -2.443762529999999877e-01
1.887499999999999956e+00 -2.444061331999999864e-01
1.889999999999999902e+00 -2.439822557999999919e-01
1.892500000000000071e+00 -2.438407942999999967e-01
1.895000000000000018e+00 -2.435827463999999942e-01
1.897499999999999964e+00 -2.433434040999999937e-01
1.899999999999999911e+00 -2.431665074000000093e-01
1.902500000000000080e+00 -2.428768701000000030e-01
1.905000000000000027e+00 -2.427116457999999866e-01
1.907499999999999973e+00 -2.428161145000000132e-01
1.909999999999999920e+00 -2.429288763999999934e-01
1.912500000000000089e+00 -2.424632972000000108e-01
1.915000000000000036e+00 -2.426911172000000005e-01
1.917499999999999982e+00 -2.424372758999999988e-01
1.919999999999999929e+00 -2.420298965999999885e-01
1.922500000000000098e+00 -2.418099260000000084e-01
1.925000000000000044e+00 -2.417206584999999908e-01
1.927499999999999991e+00 -2.416515117999999962e-01
1.929999999999999938e+00 -2.413798346999999900e-01
1.932500000000000107e+00 -2.416277233999999940e-01
1.935000000000000053e+00 -2.414691267000000086e-01
1.937500000000000000e+00 -2.414162183999999933e-01
1.939999999999999947e+00 -2.404501599999999961e-01
1.942499999999999893e+00 -2.404555449999999928e-01
1.945000000000000062e+00 -2.400996444000000063e-01
1.947500000000000009e+00 -2.405016101999999933e-01
1.949999999999999956e+00 -2.404095505000000133e-01
1.952499999999999902e+00 -2.401691971000000092e-01
1.955000000000000071e+00 -2.398482476999999891e-01
1.957500000000000018e+00 -2.399404317000000120e-01
1.959999999999999964e+00 -2.396528713999999949e-01
1.962499999999999911e+00 -2.398755415000000113e-01
1.965000000000000080e+00 -2.396285877000000064e-01
1.967500000000000027e+00 -2.398804297999999890e-01
1.969999999999999973e+00 -2.393631754999999972e-01
1.972499999999999920e+00 -2.388134383000000138e-01
1.975000000000000089e+00 -2.386290077999999870e-01
1.977500000000000036e+00 -2.385657119000000048e-01
1.979999999999999982e+00 -2.385765015000000100e-01
1.982499999999999929e+00 -2.385687535000000081e-01
1.985000000000000098e+00 -2.383462295000000064e-01
1.987500000000000044e+00 -2.382390725999999903e-01
1.989999999999999991e+00 -2.382353621999999949e-01
1.992499999999999938e+00 -2.379189663000000066e-01
1.995000000000000107e+00 -2.377472102000000032e-01
1.997500000000000053e+00 -2.374275543000000099e-01
2.000000000000000000e+00 -2.375375423999999958e-01
2.002499999999999947e+00 -2.375232790000000038e-01
2.004999999999999893e+00 -2.371663088000000030e-01
2.007499999999999840e+00 -2.372362246999999980e-01
2.009999999999999787e+00 -2.368299272999999927e-01
2.012500000000000178e+00 -2.364311846000000106e-01
2.015000000000000124e+00 -2.365595507000000097e-01
2.017500000000000071e+00 -2.363122773000000121e-01
2.020000000000000018e+00 -2.363027138000000082e-01
2.022499999999999964e+00 -2.359173042000000109e-01
2.024999999999999911e+00 -2.363903938999999954e-01
2.027499999999999858e+00 -2.359847076999999904e-01
2.029999999999999805e+00 -2.358578782000000096e-01
2.032500000000000195e+00 -2.355155429999999939e-01
2.035000000000000142e+00 -2.359861363999999906e-01
2.037500000000000089e+00 -2.351689361000000034e-01
2.040000000000000036e+00 -2.349848845999999991e-01
2.042499999999999982e+00 -2.342202053000000117e-01
2.044999999999999929e+00 -2.347109148000000034e-01
2.047499999999999876e+00 -2.346092828999999935e-01
2.049999999999999822e+00 -2.346771014000000044e-01
2.052500000000000213e+00 -2.341451673000000122e-01
2.055000000000000160e+00 -2.344664304000000088e-01
2.057500000000000107e+00 -2.340437223000000067e-01
2.060000000000000053e+00 -2.343910023000000120e-01
2.062500000000000000e+00 -2.342320544000000004e-01
2.064999999999999947e+00 -2.336884254000000105e-01
2.067499999999999893e+00 -2.336931861000000055e-01
2.069999999999999840e+00 -2.334825041999999962e-01
2.072499999999999787e+00 -2.332559938000000055e-01
2.075000000000000178e+00 -2.331716926000000079e-01
2.077500000000000124e+00 -2.325472540000000088e-01
2.080000000000000071e+00 -2.335064917000000129e-01
2.082500000000000018e+00 -2.326410905000000084e-01
2.084999999999999964e+00 -2.330414937999999991e-01
2.087499999999999911e+00 -2.325436981000000014e-01
2.089999999999999858e+00 -2.330150095999999893e-01
2.092499999999999805e+00 -2.322015836999999916e-01
2.095000000000000195e+00 -2.318838414000000125e-01
2.097500000000000142e+00 -2.320787357999999911e-01
2.100000000000000089e+00 -2.318487179000000009e-01
2.102500000000000036e+00 -2.318101181999999982e-01
2.104999999999999982e+00 -2.315547381999999987e-01
2.107499999999999929e+00 -2.317532167999999948e-01
2.109999999999999876e+00 -2.315187321999999936e-01
2.112499999999999822e+00 -2.313754144999999873e-01
2.115000000000000213e+00 -2.309970587999999880e-01
2.117500000000000160e+00 -2.310428892999999984e-01
2.120000000000000107e+00 -2.307689246000000083e-01
2.122500000000000053e+00 -2.310876051000000098e-01
2.125000000000000000e+00 -2.310671646000000135e-01
2.127499999999999947e+00 -2.303397185000000125e-01
2.129999999999999893e+00 -2.303301388000000005e-01
2.132499999999999840e+00 -2.301477549000000011e-01
2.134999999999999787e+00 -2.303435741000000037e-01
2.137500000000000178e+00 -2.298932090999999955e-01
2.140000000000000124e+00 -2.296429419999999888e-01
2.142500000000000071e+00 -2.299657173999999915e-01
2.145000000000000018e+00 -2.294079984999999877e-01
2.147499999999999964e+00 -2.294488580000000055e-01
2.149999999999999911e+00 -2.290410179000000046e-01
2.152499999999999858e+00 -2.291186174000000020e-01
2.154999999999999805e+00 -2.294935227000000078e-01
2.157500000000000195e+00 -2.291455285000000008e-01
2.160000000000000142e+00 -2.289583430999999891e-01
2.162500000000000089e+00 -2.287186139999999868e-01
2.165000000000000036e+00 -2.283054218999999996e-01
2.167499999999999982e+00 -2.283840309999999874e-01
2.169999999999999929e+00 -2.284409293000000118e-01
2.172499999999999876e+00 -2.281690165999999964e-01
2.174999999999999822e+00 -2.279940608000000091e-01
2.177500000000000213e+00 -2.280982708000000025e-01
2.180000000000000160e+00 -2.278703837999999926e-01
2.182500000000000107e+00 -2.277794833000000019e-01
2.185000000000000053e+00 -2.276689061999999930e-01
2.187500000000000000e+00 -2.271464991999999905e-01
2.189999999999999947e+00 -2.276387269000000046e-01
2.192499999999999893e+00 -2.273226633000000052e-01
2.194999999999999840e+00 -2.269006291000000008e-01
2.197499999999999787e+00 -2.271685130999999969e-01
2.200000000000000178e+00 -2.267545888999999981e-01
2.202500000000000124e+00 -2.265267793000000085e-01
2.205000000000000071e+00 -2.262760262000000078e-01
2.207500000000000018e+00 -2.263773970999999885e-01
2.209999999999999964e+00 -2.264282813000000061e-01
2.212499999999999911e+00 -2.260305186000000077e-01
2.214999999999999858e+00 -2.262355135999999933e-01
2.217499999999999805e+00 -2.259287516000000051e-01
2.220000000000000195e+00 -2.259044959000000019e-01
2.222500000000000142e+00 -2.258585486999999947e-01
2.225000000000000089e+00 -2.256453492999999921e-01
2.227500000000000036e+00 -2.254317184999999890e-01
2.229999999999999982e+00 -2.250231951999999980e-01
2.232499999999999929e+00 -2.249616701000000107e-01
2.234999999999999876e+00 -2.249463576000000076e-01
2.237499999999999822e+00 -2.247051217000000101e-01
2.240000000000000213e+00 -2.246244470000000049e-01
2.242500000000000160e+00 -2.245524671999999944e-01
2.245000000000000107e+00 -2.248057122999999879e-01
2.247500000000000053e+00 -2.244957684999999981e-01
2.250000000000000000e+00 -2.241430805000000082e-01
2.252499999999999947e+00 -2.243865781000000115e-01
2.254999999999999893e+00 -2.242532294000000037e-01
2.257499999999999840e+00 -2.239758839999999862e-01
2.259999999999999787e+00 -2.239158424000000092e-01
2.262500000000000178e+00 -2.236402036000000038e-01
2.265000000000000124e+00 -2.237172306999999916e-01
2.267500000000000071e+00 -2.232940682000000010e-01
2.270000000000000018e+00 -2.232209453000000010e-01
2.272499999999999964e+00 -2.229130699999999909e-01
2.274999999999999911e+00 -2.230321239999999983e-01
2.277499999999999858e+00 -2.230928491999999985e-01
2.279999999999999805e+00 -2.232581284000000055e-01
2.282500000000000195e+00 -2.226749044999999927e-01
2.285000000000000142e+00 -2.228492182000000044e-01
2.287500000000000089e+00 -2.224879288000000122e-01
2.290000000000000036e+00 -2.229222325999999921e-01
2.292499999999999982e+00 -2.223594606000000029e-01
2.294999999999999929e+00 -2.223822950999999881e-01
2.297499999999999876e+00 -2.222338564000000127e-01
2.299999999999999822e+00 -2.218879703999999953e-01
2.302500000000000213e+00 -2.219181994999999963e-01
2.305000000000000160e+00 -2.217632482999999932e-01
2.307500000000000107e+00 -2.213114290000000040e-01
2.310000000000000053e+00 -2.219201446999999883e-01
2.312500000000000000e+00 -2.216876559000000024e-01
2.314999999999999947e+00 -2.216651789000000095e-01
2.317499999999999893e+00 -2.212138643999999876e-01
2.319999999999999840e+00 -2.212650754999999914e-01
2.322499999999999787e+00 -2.208866894000000025e-01
2.325000000000000178e+00 -2.205939588999999978e-01
2.327500000000000124e+00 -2.206829412000000101e-01
2.330000000000000071e+00 -2.206425228999999988e-01
2.332500000000000018e+00 -2.205534143000000002e-01
2.334999999999999964e+00 -2.202590782000000136e-01
2.337499999999999911e+00 -2.200701952999999933e-01
2.339999999999999858e+00 -2.200025556000000104e-01
2.342499999999999805e+00 -2.200899894999999995e-01
2.345000000000000195e+00 -2.201913074999999886e-01
2.347500000000000142e+00 -2.196840089000000051e-01
2.350000000000000089e+00 -2.196639038000000044e-01
2.352500000000000036e+00 -2.196266131999999871e-01
2.354999999999999982e+00 -2.191864622999999956e-01
2.357499999999999929e+00 -2.189109073999999933e-01
2.359999999999999876e+00 -2.198712751999999937e-01
2.362499999999999822e+00 -2.191855763999999984e-01
2.365000000000000213e+00 -2.189802942000000086e-01
2.367500000000000160e+00 -2.189950817000000105e-01
2.370000000000000107e+00 -2.188098186999999917e-01
2.372500000000000053e+00 -2.188532655000000049e-01
2.375000000000000000e+00 -2.185208919999999944e-01
2.377499999999999947e+00 -2.182887014999999875e-01
2.379999999999999893e+00 -2.184468885999999999e-01
2.382499999999999840e+00 -2.182126819999999912e-01
2.384999999999999787e+00 -2.182643811999999961e-01
2.387500000000000178e+00 -2.182161438000000120e-01
2.390000000000000124e+00 -2.181278842999999912e-01
2.392500000000000071e+00 -2.177928400999999958e-01
2.395000000000000018e+00 -2.175917642000000096e-01
2.397499999999999964e+00 -2.176759017000000074e-01
2.399999999999999911e+00 -2.174450403000000032e-01
2.402499999999999858e+00 -2.170681908000000049e-01
2.404999999999999805e+00 -2.174544878999999931e-01
2.407500000000000195e+00 -2.173400245999999869e-01
2.410000000000000142e+00 -2.171152635999999969e-01
2.412500000000000089e+00 -2.169761386999999875e-01
2.415000000000000036e+00 -2.170639923999999887e-01
2.417499999999999982e+00 -2.166624296000000116e-01
2.419999999999999929e+00 -2.164471051999999895e-01
2.422499999999999876e+00 -2.164725288999999886e-01
2.424999999999999822e+00 -2.160891942000000010e-01
2.427500000000000213e+00 -2.166501278000000086e-01
2.430000000000000160e+00 -2.165580360999999898e-01
2.432500000000000107e+00 -2.160231713000000109e-01
2.435000000000000053e+00 -2.159217123999999932e-01
2.437500000000000000e+00 -2.155393355999999927e-01
2.439999999999999947e+00 -2.154855823000000059e-01
2.442499999999999893e+00 -2.157894012000000084e-01
2.444999999999999840e+00 -2.154800652999999955e-01
2.447499999999999787e+00 -2.156243552000000063e-01
2.450000000000000178e+00 -2.154755617999999928e-01
2.452500000000000124e+00 -2.153249086000000034e-01
2.455000000000000071e+00 -2.151864225000000019e-01
2.457500000000000018e+00 -2.148425770000000068e-01
2.459999999999999964e+00 -2.148335003000000076e-01
2.462499999999999911e+00 -2.147123246000000041e-01
2.464999999999999858e+00 -2.140984911999999907e-01
2.467499999999999805e+00 -2.144049437999999974e-01
2.470000000000000195e+00 -2.144554287000000059e-01
2.472500000000000142e+00 -2.146344575999999948e-01
2.475000000000000089e+00 -2.140990178999999938e-01
2.477500000000000036e+00 -2.143966133000000107e-01
2.479999999999999982e+00 -2.137812639999999986e-01
2.482499999999999929e+00 -2.135819264999999911e-01
2.484999999999999876e+00 -2.139889209999999986e-01
2.487499999999999822e+00 -2.139333499000000138e-01
2.490000000000000213e+00 -2.136901746000000046e-01
2.492500000000000160e+00 -2.133555584000000060e-01
2.495000000000000107e+00 -2.135121631000000131e-01
2.497500000000000053e+00 -2.134531749999999950e-01
2.500000000000000000e+00 -2.129444523000000034e-01
2.502499999999999947e+00 -2.129375085000000112e-01
2.504999999999999893e+00 -2.127044737999999879e-01
2.507499999999999840e+00 -2.131349730000000053e-01
2.509999999999999787e+00 -2.129137241999999874e-01
2.512500000000000178e+00 -2.128199517000000096e-01
2.515000000000000124e+00 -2.124999522999999890e-01
2.517500000000000071e+00 -2.123749413999999891e-01
2.520000000000000018e+00 -2.125951611999999935e-01
2.522499999999999964e+00 -2.128277201999999868e-01
2.524999999999999911e+00 -2.121549493000000064e-01
2.527499999999999858e+00 -2.122311459000000011e-01
2.529999999999999805e+00 -2.120607113000000099e-01
2.532500000000000195e+00 -2.118105855000000093e-01
2.535000000000000142e+00 -2.118115117000000103e-01
2.537500000000000089e+00 -2.114265640999999918e-01
2.540000000000000036e+00 -2.118554735000000022e-01
2.542499999999999982e+00 -2.112533618999999918e-01
2.544999999999999929e+00 -2.115809651999999985e-01
2.547499999999999876e+00 -2.114930754000000079e-01
2.549999999999999822e+00 -2.112889712000000086e-01
2.552500000000000213e+00 -2.112209161999999973e-01
2.555000000000000160e+00 -2.114069665999999958e-01
2.557500000000000107e+00 -2.111454039000000005e-01
2.560000000000000053e+00 -2.111487136000000098e-01
2.562500000000000000e+00 -2.106304747999999949e-01
2.564999999999999947e+00 -2.104215633000000030e-01
2.567499999999999893e+00 -2.105834014000000087e-01
2.569999999999999840e+00 -2.106380841999999920e-01
2.572499999999999787e+00 -2.106516296000000010e-01
2.575000000000000178e+00 -2.104320021999999957e-01
2.577500000000000124e+00 -2.101113431999999948e-01
2.580000000000000071e+00 -2.103980611000000056e-01
2.582500000000000018e+00 -2.099346450000000031e-01
2.584999999999999964e+00 -2.102583378000000003e-01
2.587499999999999911e+00 -2.100204531000000041e-01
2.589999999999999858e+00 -2.096113042999999954e-01
2.592499999999999805e+00 -2.096219333000000073e-01
2.595000000000000195e+00 -2.094572162999999987e-01
2.597500000000000142e+00 -2.097760884000000048e-01
2.600000000000000089e+00 -2.094617524000000064e-01
2.602500000000000036e+00 -2.094918850999999971e-01
2.604999999999999982e+00 -2.091589155999999949e-01
2.607499999999999929e+00 -2.088396322999999943e-01
2.609999999999999876e+00 -2.091753786999999976e-01
2.612499999999999822e+00 -2.087417461999999946e-01
2.615000000000000213e+00 -2.088947468000000030e-01
2.617500000000000160e+00 -2.089255365999999892e-01
2.620000000000000107e+00 -2.085671507000000091e-01
2.622500000000000053e+00 -2.084376826999999877e-01
2.625000000000000000e+00 -2.085629831999999961e-01
2.627499999999999947e+00 -2.081348272000000110e-01
2.629999999999999893e+00 -2.084980633999999888e-01
2.632499999999999840e+00 -2.082325703000000028e-01
2.634999999999999787e+00 -2.080881830999999904e-01
2.637500000000000178e+00 -2.082103818000000106e-01
2.640000000000000124e+00 -2.076945299000000078e-01
2.642500000000000071e+00 -2.073131471999999920e-01
2.645000000000000018e+00 -2.076321177999999879e-01
2.647499999999999964e+00 -2.073331274999999918e-01
2.649999999999999911e+00 -2.074892184000000084e-01
2.652499999999999858e+00 -2.075794284999999961e-01
2.654999999999999805e+00 -2.077902048999999973e-01
2.657500000000000195e+00 -2.071530987999999907e-01
2.660000000000000142e+00 -2.071845365999999966e-01
2.662500000000000089e+00 -2.069732773999999886e-01
2.665000000000000036e+00 -2.071365181000000000e-01
2.667499999999999982e+00 -2.067423627999999958e-01
2.669999999999999929e+00 -2.069444565000000125e-01
2.672499999999999876e+00 -2.066282979999999880e-01
2.674999999999999822e+00 -2.060587799999999969e-01
2.677500000000000213e+00 -2.065736821999999973e-01
2.680000000000000160e+00 -2.060089153000000117e-01
2.682500000000000107e+00 -2.064893109000000004e-01
2.685000000000000053e+00 -2.061665550000000013e-01
2.687500000000000000e+00 -2.063731326999999893e-01
2.689999999999999947e+00 -2.057760456999999932e-01
2.692499999999999893e+00 -2.059075153000000102e-01
2.694999999999999840e+00 -2.059773866000000064e-01
2.697499999999999787e+00 -2.060250116000000020e-01
2.700000000000000178e+00 -2.054723941999999914e-01
2.702500000000000124e+00 -2.054037355999999981e-01
2.705000000000000071e+00 -2.051908954999999979e-01
2.707500000000000018e+00 -2.056888913999999902e-01
2.709999999999999964e+00 -2.050615869999999896e-01
2.712499999999999911e+00 -2.053596464000000121e-01
2.714999999999999858e+00 -2.055690682999999908e-01
2.717499999999999805e+00 -2.048377895000000060e-01
2.720000000000000195e+00 -2.051012885000000063e-01
2.722500000000000142e+00 -2.046977738999999907e-01
2.725000000000000089e+00 -2.050408602000000080e-01
2.727500000000000036e+00 -2.044901534999999937e-01
2.729999999999999982e+00 -2.043494939999999926e-01
2.732499999999999929e+00 -2.041166459000000044e-01
2.734999999999999876e+00 -2.042671963000000090e-01
2.737499999999999822e+00 -2.046670828999999914e-01
2.740000000000000213e+00 -2.039224216999999950e-01
2.742500000000000160e+00 -2.044529713000000082e-01
2.745000000000000107e+00 -2.040443343999999992e-01
2.747500000000000053e+00 -2.038377215999999936e-01
2.750000000000000000e+00 -2.038627118999999932e-01
2.752499999999999947e+00 -2.041548310999999893e-01
2.754999999999999893e+00 -2.040183127000000096e-01
2.757499999999999840e+00 -2.036862332000000109e-01
2.759999999999999787e+00 -2.036002715999999935e-01
2.762500000000000178e+00 -2.037907365000000137e-01
2.765000000000000124e+00 -2.031419888000000062e-01
2.767500000000000071e+00 -2.036876327000000098e-01
2.770000000000000018e+00 -2.031176997999999956e-01
2.772499999999999964e+00 -2.032767360999999939e-01
2.774999999999999911e+00 -2.032043260999999990e-01
2.777499999999999858e+00 -2.030139629999999917e-01
2.779999999999999805e+00 -2.025756192000000011e-01
2.782500000000000195e+00 -2.031487694000000122e-01
2.785000000000000142e+00 -2.031241389000000008e-01
2.787500000000000089e+00 -2.027869925000000129e-01
2.790000000000000036e+00 -2.026948752999999936e-01
2.792499999999999982e+00 -2.023244664000000137e-01
2.794999999999999929e+00 -2.024743264999999959e-01
2.797499999999999876e+00 -2.025421487999999881e-01
2.799999999999999822e+00 -2.025115782999999947e-01
2.802500000000000213e+00 -2.020467743000000094e-01
2.805000000000000160e+00 -2.017100541000000080e-01
2.807500000000000107e+00 -2.022240730000000042e-01
2.810000000000000053e+00 -2.014839915999999953e-01
2.812500000000000000e+00 -2.018291010999999913e-01
2.814999999999999947e+00 -2.021144746000000103e-01
2.817499999999999893e+00 -2.015308221999999871e-01
2.819999999999999840e+00 -2.015750790999999986e-01
2.822499999999999787e+00 -2.014873628999999944e-01
2.825000000000000178e+00 -2.014804021999999917e-01
2.827500000000000124e+00 -2.014431600000000100e-01
2.830000000000000071e+00 -2.011466003999999863e-01
2.832500000000000018e+00 -2.010021318000000112e-01
2.834999999999999964e+00 -2.012471513999999906e-01
2.837499999999999911e+00 -2.010060093000000103e-01
2.839999999999999858e+00 -2.009577979000000125e-01
2.842499999999999805e+00 -2.007128505000000118e-01
2.845000000000000195e+00 -2.003827193000000118e-01
2.847500000000000142e+00 -2.007824879000000007e-01
2.850000000000000089e+00 -2.008055900000000060e-01
2.852500000000000036e+00 -2.006737925000000033e-01
2.854999999999999982e+00 -2.002765891999999937e-01
2.857499999999999929e+00 -2.004621464000000131e-01
2.859999999999999876e+00 -2.001372086000000050e-01
2.862499999999999822e+00 -2.003225866999999993e-01
2.865000000000000213e+00 -2.000242573999999884e-01
2.867500000000000160e+00 -2.003083610999999986e-01
2.870000000000000107e+00 -1.998285764999999936e-01
2.872500000000000053e+00 -2.001254835000000065e-01
2.875000000000000000e+00 -1.998325408000000136e-01
2.877499999999999947e+00 -2.000227112000000085e-01
2.879999999999999893e+00 -1.995403570000000015e-01
2.882499999999999840e+00 -1.995526458999999919e-01
2.884999999999999787e+00 -1.992287547000000103e-01
2.887500000000000178e+00 -1.990750045999999940e-01
2.890000000000000124e+00 -1.995418663999999898e-01
2.892500000000000071e+00 -1.993696101000000109e-01
2.895000000000000018e+00 -1.995454316999999977e-01
2.897499999999999964e+00 -1.991626786000000038e-01
2.899999999999999911e+00 -1.988758461000000033e-01
2.902499999999999858e+00 -1.990252117000000098e-01
2.904999999999999805e+00 -1.988750581000000017e-01
2.907500000000000195e+00 -1.990722440000000093e-01
2.910000000000000142e+00 -1.987695539000000067e-01
2.912500000000000089e+00 -1.984148730999999999e-01
2.915000000000000036e+00 -1.985110465000000102e-01
2.917499999999999982e+00 -1.982500933000000132e-01
2.919999999999999929e+00 -1.983099205999999948e-01
2.922499999999999876e+00 -1.983698281000000063e-01
2.924999999999999822e+00 -1.983530730999999991e-01
2.927500000000000213e+00 -1.980741387999999936e-01
2.930000000000000160e+00 -1.979642581000000123e-01
2.932500000000000107e+00 -1.974964036999999895e-01
2.935000000000000053e+00 -1.980098443999999958e-01
2.937500000000000000e+00 -1.979713194999999926e-01
2.939999999999999947e+00 -1.976003011999999948e-01
2.942499999999999893e+00 -1.978799006999999999e-01
2.944999999999999840e+00 -1.979587418000000043e-01
2.947499999999999787e+00 -1.976085348999999936e-01
2.950000000000000178e+00 -1.975633857000000104e-01
2.952500000000000124e+00 -1.976049283000000101e-01
2.955000000000000071e+00 -1.976302856000000108e-01
2.957500000000000018e+00 -1.974742468000000029e-01
2.959999999999999964e+00 -1.970972598000000076e-01
2.962499999999999911e+00 -1.975907204000000028e-01
2.964999999999999858e+00 -1.972506578999999871e-01
2.967499999999999805e+00 -1.970038064999999894e-01
2.970000000000000195e+00 -1.969603567000000055e-01
2.972500000000000142e+00 -1.967625762000000111e-01
2.975000000000000089e+00 -1.966593842000000092e-01
2.977500000000000036e+00 -1.963625830000000072e-01
2.979999999999999982e+00 -1.969034615999999960e-01
2.982499999999999929e+00 -1.966356642000000043e-01
2.984999999999999876e+00 -1.964389095000000085e-01
2.987499999999999822e+00 -1.961150663000000016e-01
2.990000000000000213e+00 -1.963553244000000031e-01
2.992500000000000160e+00 -1.965121093999999957e-01
2.995000000000000107e+00 -1.963249881999999946e-01
2.997500000000000053e+00 -1.963341748999999914e-01
3.000000000000000000e+00 -1.960086983000000060e-01
3.002499999999999947e+00 -1.959494995000000128e-01
3.004999999999999893e+00 -1.961123337000000022e-01
3.007499999999999840e+00 -1.958129693000000004e-01
3.009999999999999787e+00 -1.957366247000000004e-01
3.012500000000000178e+00 -1.954080417999999875e-01
3.015000000000000124e+00 -1.956086093000000137e-01
3.017500000000000071e+00 -1.959187371999999983e-01
3.020000000000000018e+00 -1.954254319000000018e-01
3.022499999999999964e+00 -1.956727494000000123e-01
3.024999999999999911e+00 -1.954598976999999960e-01
3.027499999999999858e+00 -1.951158832000000065e-01
3.029999999999999805e+00 -1.953566639000000049e-01
3.032500000000000195e+00 -1.948192336000000024e-01
3.035000000000000142e+00 -1.948659950999999946e-01
3.037500000000000089e+00 -1.950574045000000034e-01
3.040000000000000036e+00 -1.948804077000000079e-01
3.042499999999999982e+00 -1.951165656999999942e-01
3.044999999999999929e+00 -1.945838532999999981e-01
3.047499999999999876e+00 -1.945845391000000091e-01
3.049999999999999822e+00 -1.946213424999999886e-01
3.052500000000000213e+00 -1.943335260000000064e-01
3.055000000000000160e+00 -1.943943672000000011e-01
3.057500000000000107e+00 -1.948512854999999988e-01
3.060000000000000053e+00 -1.941414570999999978e-01
3.062500000000000000e+00 -1.943497982000000068e-01
3.064999999999999947e+00 -1.939372464000000129e-01
3.067499999999999893e+00 -1.941272349000000008e-01
3.069999999999999840e+00 -1.942425158999999957e-01
3.072499999999999787e+00 -1.936422724000000095e-01
3.075000000000000178e+00 -1.941126871999999948e-01
3.077500000000000124e+00 -1.940585787000000118e-01
3.080000000000000071e+00 -1.937035038999999903e-01
3.082500000000000018e+00 -1.938518536999999931e-01
3.084999999999999964e+00 -1.935456121999999946e-01
3.087499999999999911e+00 -1.934054313000000136e-01
3.089999999999999858e+00 -1.935873632000000011e-01
3.092499999999999805e+00 -1.931751312999999970e-01
3.095000000000000195e+00 -1.938452739000000036e-01
3.097500000000000142e+00 -1.934032880000000065e-01
3.100000000000000089e+00 -1.932742880999999968e-01
3.102500000000000036e+00 -1.931787349000000098e-01
3.104999999999999982e+00 -1.929956916999999994e-01
3.107499999999999929e+00 -1.933905824000000107e-01
3.109999999999999876e+00 -1.930342663000000070e-01
3.112499999999999822e+00 -1.928564829999999952e-01
3.115000000000000213e+00 -1.928109326000000123e-01
3.117500000000000160e+00 -1.922491333999999941e-01
3.120000000000000107e+00 -1.929387314000000075e-01
3.122500000000000053e+00 -1.924735180000000101e-01
3.125000000000000000e+00 -1.924289962000000076e-01
3.127499999999999947e+00 -1.926667469999999993e-01
3.129999999999999893e+00 -1.926745468999999933e-01
3.132499999999999840e+00 -1.924583770999999943e-01
3.134999999999999787e+00 -1.922558024999999893e-01
3.137500000000000178e+00 -1.921959453000000040e-01
3.140000000000000124e+00 -1.922808464000000106e-01
3.142500000000000071e+00 -1.923169002000000016e-01
3.145000000000000018e+00 -1.920084394000000083e-01
3.147499999999999964e+00 -1.921172207999999881e-01
3.149999999999999911e+00 -1.917412749999999888e-01
3.152499999999999858e+00 -1.922452099999999997e-01
3.154999999999999805e+00 -1.920041101999999944e-01
3.157500000000000195e+00 -1.913501498000000078e-01
3.160000000000000142e+00 -1.918519784000000117e-01
3.162500000000000089e+00 -1.913020930000000064e-01
3.165000000000000036e+00 -1.916536349999999889e-01
3.167499999999999982e+00 -1.915301558999999987e-01
3.169999999999999929e+00 -1.917488566999999977e-01
3.172499999999999876e+00 -1.914348204999999914e-01
3.174999999999999822e+00 -1.915053315999999950e-01
3.177500000000000213e+00 -1.916018657000000125e-01
3.180000000000000160e+00 -1.912499997999999868e-01
3.182500000000000107e+00 -1.914048322999999940e-01
3.185000000000000053e+00 -1.910700704000000139e-01
3.187500000000000000e+00 -1.912796660999999954e-01
3.189999999999999947e+00 -1.908846468000000018e-01
3.192499999999999893e+00 -1.908068917000000086e-01
3.194999999999999840e+00 -1.908345273000000009e-01
3.197499999999999787e+00 -1.909864437999999887e-01
3.200000000000000178e+00 -1.912341771999999940e-01
3.202500000000000124e+00 -1.908153790999999877e-01
3.205000000000000071e+00 -1.908459319999999959e-01
3.207500000000000018e+00 -1.904220517999999918e-01
3.209999999999999964e+00 -1.903004510000000093e-01
3.212499999999999911e+00 -1.902406469000000044e-01
3.214999999999999858e+00 -1.903638255000000001e-01
3.217499999999999805e+00 -1.901357566000000110e-01
3.220000000000000195e+00 -1.901844745000000059e-01
3.222500000000000142e+00 -1.900427416999999897e-01
3.225000000000000089e+00 -1.900365014000000019e-01
3.227500000000000036e+00 -1.904407432000000122e-01
3.229999999999999982e+00 -1.900597864000000137e-01
3.232499999999999929e+00 -1.898637196000000082e-01
3.234999999999999876e+00 -1.899136339999999978e-01
3.237499999999999822e+00 -1.898635465999999883e-01
3.240000000000000213e+00 -1.900181267000000118e-01
3.242500000000000160e+00 -1.897726864000000013e-01
3.245000000000000107e+00 -1.891996625000000043e-01
3.247500000000000053e+00 -1.899964252999999936e-01
3.250000000000000000e+00 -1.893353161999999923e-01
3.252499999999999947e+00 -1.896555772000000084e-01
3.254999999999999893e+00 -1.894879016000000083e-01
3.257499999999999840e+00 -1.894625939000000037e-01
3.259999999999999787e+00 -1.893683345999999934e-01
3.262500000000000178e+00 -1.894883910999999865e-01
3.265000000000000124e+00 -1.887284803000000011e-01
3.267500000000000071e+00 -1.892278108000000070e-01
3.270000000000000018e+00 -1.893032459000000001e-01
3.272499999999999964e+00 -1.889616014000000122e-01
3.274999999999999911e+00 -1.890429855999999909e-01
3.277499999999999858e+00 -1.885002617000000047e-01
3.279999999999999805e+00 -1.890532778000000025e-01
3.282500000000000195e+00 -1.889634004999999894e-01
3.285000000000000142e+00 -1.884999528999999896e-01
3.287500000000000089e+00 -1.887061925000000084e-01
3.290000000000000036e+00 -1.884868308000000048e-01
3.292499999999999982e+00 -1.886228511999999968e-01
3.294999999999999929e+00 -1.884750879000000046e-01
3.297499999999999876e+00 -1.883895899999999957e-01
3.299999999999999822e+00 -1.888795906999999885e-01
3.302500000000000213e+00 -1.884342253999999883e-01
3.305000000000000160e+00 -1.880701331000000087e-01
3.307500000000000107e+00 -1.879414264000000001e-01
3.310000000000000053e+00 -1.878541717999999972e-01
3.312500000000000000e+00 -1.878435346000000006e-01
3.314999999999999947e+00 -1.879532073000000081e-01
3.317499999999999893e+00 -1.880089349999999881e-01
3.319999999999999840e+00 -1.877531563000000014e-01
3.322499999999999787e+00 -1.877502231000000021e-01
3.325000000000000178e+00 -1.879111638000000029e-01
3.327500000000000124e+00 -1.872644324000000138e-01
3.330000000000000071e+00 -1.874144329999999914e-01
3.332500000000000018e+00 -1.875836972999999908e-01
3.334999999999999964e+00 -1.873546201000000078e-01
3.337499999999999911e+00 -1.875994829000000030e-01
3.339999999999999858e+00 -1.874221863999999960e-01
3.342499999999999805e+00 -1.875514121999999895e-01
3.345000000000000195e+00 -1.872443768000000008e-01
3.347500000000000142e+00 -1.872400117999999947e-01
3.350000000000000089e+00 -1.872606971999999925e-01
3.352500000000000036e+00 -1.871661410000000081e-01
3.354999999999999982e+00 -1.868138182000000092e-01
3.357499999999999929e+00 -1.867874384000000054e-01
3.359999999999999876e+00 -1.866365707000000040e-01
3.362499999999999822e+00 -1.868239832999999961e-01
3.365000000000000213e+00 -1.867297115000000063e-01
3.367500000000000160e+00 -1.869634018000000120e-01
3.370000000000000107e+00 -1.868085788000000136e-01
3.372500000000000053e+00 -1.867850547000000083e-01
3.375000000000000000e+00 -1.866464418999999875e-01
3.377499999999999947e+00 -1.865163447000000030e-01
3.379999999999999893e+00 -1.862351737000000063e-01
3.382499999999999840e+00 -1.864101673999999931e-01
3.384999999999999787e+00 -1.862046964000000082e-01
3.387500000000000178e+00 -1.863420751000000042e-01
3.390000000000000124e+00 -1.863790113999999887e-01
3.392500000000000071e+00 -1.862694228000000007e-01
3.395000000000000018e+00 -1.860510637999999994e-01
3.397499999999999964e+00 -1.860057430000000012e-01
3.399999999999999911e+00 -1.860058682999999879e-01
3.402499999999999858e+00 -1.857728556000000086e-01
3.404999999999999805e+00 -1.858405364000000060e-01
3.407500000000000195e+00 -1.858386539000000115e-01
3.410000000000000142e+00 -1.862583388999999867e-01
3.412500000000000089e+00 -1.854598695999999936e-01
3.415000000000000036e+00 -1.859706126000000015e-01
3.417499999999999982e+00 -1.859837515999999968e-01
3.419999999999999929e+00 -1.858947773999999886e-01
3.422499999999999876e+00 -1.857983633999999995e-01
3.424999999999999822e+00 -1.854463960999999939e-01
3.427500000000000213e+00 -1.854488753000000101e-01
3.430000000000000160e+00 -1.856840347000000002e-01
3.432500000000000107e+00 -1.857736741000000080e-01
3.435000000000000053e+00 -1.851552466999999980e-01
3.437500000000000000e+00 -1.853050283000000076e-01
3.439999999999999947e+00 -1.848897875000000135e-01
3.442499999999999893e+00 -1.850336778999999987e-01
3.444999999999999840e+00 -1.849399495000000060e-01
3.447499999999999787e+00 -1.851879496000000125e-01
3.450000000000000178e+00 -1.850142720999999879e-01
3.452500000000000124e+00 -1.847936059999999991e-01
3.455000000000000071e+00 -1.848132601999999958e-01
3.457500000000000018e+00 -1.848880304999999946e-01
3.459999999999999964e+00 -1.847418068999999996e-01
3.462499999999999911e+00 -1.846458054000000015e-01
3.464999999999999858e+00 -1.843981651000000110e-01
3.467499999999999805e+00 -1.848308899999999977e-01
3.470000000000000195e+00 -1.846183406999999943e-01
3.472500000000000142e+00 -1.848721031999999986e-01
3.475000000000000089e+00 -1.843236354999999993e-01
3.477500000000000036e+00 -1.846689958999999936e-01
3.479999999999999982e+00 -1.845474739999999891e-01
3.482499999999999929e+00 -1.842215608999999976e-01
3.484999999999999876e+00 -1.844858037000000062e-01
3.487499999999999822e+00 -1.843494914000000096e-01
3.490000000000000213e+00 -1.842577816000000035e-01
3.492500000000000160e+00 -1.840701533000000112e-01
3.495000000000000107e+00 -1.839158542999999868e-01
3.497500000000000053e+00 -1.842573485000000011e-01
3.500000000000000000e+00 -1.837878766000000108e-01
3.502499999999999947e+00 -1.845511471999999875e-01
3.504999999999999893e+00 -1.839430857000000086e-01
3.507499999999999840e+00 -1.838736451000000105e-01
3.509999999999999787e+00 -1.836861341999999897e-01
3.512500000000000178e+00 -1.840522203999999939e-01
3.515000000000000124e+00 -1.836894742000000080e-01
3.517500000000000071e+00 -1.839836981999999899e-01
3.520000000000000018e+00 -1.837536026000000100e-01
3.522499999999999964e+00 -1.837459254999999902e-01
3.524999999999999911e+00 -1.837183843999999899e-01
3.527499999999999858e+00 -1.839717533000000127e-01
3.529999999999999805e+00 -1.832777996000000131e-01
3.532500000000000195e+00 -1.833517357999999986e-01
3.535000000000000142e+00 -1.834746576000000073e-01
3.537500000000000089e+00 -1.832922133999999870e-01
3.540000000000000036e+00 -1.833040387000000049e-01
3.542499999999999982e+00 -1.832565603999999904e-01
3.544999999999999929e+00 -1.831056822000000084e-01
3.547499999999999876e+00 -1.828322276000000079e-01
3.549999999999999822e+00 -1.830967262000000040e-01
3.552500000000000213e+00 -1.830190063000000089e-01
3.555000000000000160e+00 -1.829830892000000042e-01
3.557500000000000107e+00 -1.830030196000000109e-01
3.560000000000000053e+00 -1.830059642000000097e-01
3.562500000000000000e+00 -1.823443446000000134e-01
3.564999999999999947e+00 -1.827711394000000045e-01
3.567499999999999893e+00 -1.829223996000000074e-01
3.569999999999999840e+00 -1.824599422000000026e-01
3.572499999999999787e+00 -1.824626850999999939e-01
3.575000000000000178e+00 -1.825971470999999957e-01
3.577500000000000124e+00 -1.824038357999999971e-01
3.580000000000000071e+00 -1.827402526000000138e-01
3.582500000000000018e+00 -1.824309791000000014e-01
3.584999999999999964e+00 -1.824019977999999931e-01
3.587499999999999911e+00 -1.824130030999999985e-01
3.589999999999999858e+00 -1.819990515000000086e-01
3.592499999999999805e+00 -1.822814435000000011e-01
3.595000000000000195e+00 -1.825692969999999915e-01
3.597500000000000142e+00 -1.821323193999999923e-01
3.600000000000000089e+00 -1.823168729999999904e-01
3.602500000000000036e+00 -1.821325742999999886e-01
3.604999999999999982e+00 -1.822483518999999941e-01
3.607499999999999929e+00 -1.817610724000000011e-01
3.609999999999999876e+00 -1.816496442999999961e-01
3.612499999999999822e+00 -1.818790918000000034e-01
3.615000000000000213e+00 -1.817946062999999945e-01
3.617500000000000160e+00 -1.818500460999999957e-01
3.620000000000000107e+00 -1.821910578000000003e-01
3.622500000000000053e+00 -1.816430911999999953e-01
3.625000000000000000e+00 -1.821111950000000035e-01
3.627499999999999947e+00 -1.815959558999999945e-01
3.629999999999999893e+00 -1.812438785999999913e-01
3.632499999999999840e+00 -1.816732077000000056e-01
3.634999999999999787e+00 -1.810920762999999878e-01
3.637500000000000178e+00 -1.815314360999999987e-01
3.640000000000000124e+00 -1.813164251999999921e-01
3.642500000000000071e+00 -1.813624369000000069e-01
3.645000000000000018e+00 -1.811376370999999985e-01
3.647499999999999964e+00 -1.813983792999999956e-01
3.649999999999999911e+00 -1.810709085999999968e-01
3.652499999999999858e+00 -1.811106581999999965e-01
3.654999999999999805e+00 -1.809700424000000030e-01
3.657500000000000195e+00 -1.815347757999999923e-01
3.660000000000000142e+00 -1.810110340999999956e-01
3.662500000000000089e+00 -1.813141222999999913e-01
3.665000000000000036e+00 -1.809304273000000018e-01
3.667499999999999982e+00 -1.809360345000000092e-01
3.669999999999999929e+00 -1.811948190000000070e-01
3.672499999999999876e+00 -1.809502926999999872e-01
3.674999999999999822e+00 -1.811680247999999938e-01
3.677500000000000213e+00 -1.808440350999999946e-01
3.680000000000000160e+00 -1.807088315000000001e-01
3.682500000000000107e+00 -1.807699898000000027e-01
3.685000000000000053e+00 -1.805118113999999996e-01
3.687500000000000000e+00 -1.805402641999999946e-01
3.689999999999999947e+00 -1.802612789999999965e-01
3.692499999999999893e+00 -1.804217029999999888e-01
3.694999999999999840e+00 -1.806930109999999867e-01
3.697499999999999787e+00 -1.806642860000000073e-01
3.700000000000000178e+00 -1.809108623000000027e-01
3.702500000000000124e+00 -1.805731126000000020e-01
3.705000000000000071e+00 -1.807548015000000063e-01
3.707500000000000018e+00 -1.805950020000000045e-01
3.709999999999999964e+00 -1.801361196000000053e-01
3.712499999999999911e+00 -1.800399638000000080e-01
3.714999999999999858e+00 -1.800221073999999921e-01
3.717499999999999805e+00 -1.804087137000000007e-01
3.720000000000000195e+00 -1.798272489999999946e-01
3.722500000000000142e+00 -1.800407185000000021e-01
3.725000000000000089e+00 -1.802016364000000037e-01
3.727500000000000036e+00 -1.799514185999999960e-01
3.729999999999999982e+00 -1.798012106999999915e-01
3.732499999999999929e+00 -1.799628142999999958e-01
3.734999999999999876e+00 -1.798002665000000000e-01
3.737499999999999822e+00 -1.801889002000000017e-01
3.740000000000000213e+00 -1.793210782999999919e-01
3.742500000000000160e+00 -1.798107954000000008e-01
3.745000000000000107e+00 -1.793631427000000056e-01
3.747500000000000053e+00 -1.794698846999999986e-01
3.750000000000000000e+00 -1.797622802000000131e-01
3.752499999999999947e+00 -1.797536969999999901e-01
3.754999999999999893e+00 -1.792320413999999862e-01
3.757499999999999840e+00 -1.792602758000000074e-01
3.759999999999999787e+00 -1.794475355000000050e-01
3.762500000000000178e+00 -1.794380291999999877e-01
3.765000000000000124e+00 -1.790946912999999974e-01
3.767500000000000071e+00 -1.792214018999999936e-01
3.770000000000000018e+00 -1.791072179000000042e-01
3.772499999999999964e+00 -1.791636215000000087e-01
3.774999999999999911e+00 -1.791887812000000080e-01
3.777499999999999858e+00 -1.791031731000000127e-01
3.779999999999999805e+00 -1.791549772000000096e-01
3.782500000000000195e+00 -1.791193895000000036e-01
3.785000000000000142e+00 -1.791372351999999946e-01
3.787500000000000089e+00 -1.791057204000000014e-01
3.790000000000000036e+00 -1.788266483000000018e-01
3.792499999999999982e+00 -1.786684040000000029e-01
3.794999999999999929e+00 -1.790198461999999990e-01
3.797499999999999876e+00 -1.790693849999999976e-01
3.799999999999999822e+00 -1.787663425000000084e-01
3.802500000000000213e+00 -1.789737936999999945e-01
3.805000000000000160e+00 -1.788773747999999886e-01
3.807500000000000107e+00 -1.786868451999999996e-01
3.810000000000000053e+00 -1.787064559000000052e-01
3.812500000000000000e+00 -1.787087732000000040e-01
3.814999999999999947e+00 -1.789009383999999869e-01
3.817499999999999893e+00 -1.786942018000000076e-01
3.819999999999999840e+00 -1.786870135999999998e-01
3.822499999999999787e+00 -1.782299763000000092e-01
3.825000000000000178e+00 -1.784727589000000003e-01
3.827500000000000124e+00 -1.786542231000000092e-01
3.830000000000000071e+00 -1.786202238000000053e-01
3.832500000000000018e+00 -1.785184747000000127e-01
3.834999999999999964e+00 -1.784603597999999958e-01
3.837499999999999911e+00 -1.784335165000000001e-01
3.839999999999999858e+00 -1.782945400000000014e-01
3.842499999999999805e+00 -1.779810804999999996e-01
3.845000000000000195e+00 -1.786433202999999914e-01
3.847500000000000142e+00 -1.779185081999999918e-01
3.850000000000000089e+00 -1.779691375000000131e-01
3.852500000000000036e+00 -1.782165521999999891e-01
3.854999999999999982e+00 -1.779860178999999876e-01
3.857499999999999929e+00 -1.780264520000000017e-01
3.859999999999999876e+00 -1.778894835000000008e-01
3.862499999999999822e+00 -1.777831725000000029e-01
3.865000000000000213e+00 -1.781998428999999884e-01
3.867500000000000160e+00 -1.782890038000000121e-01
3.870000000000000107e+00 -1.776785027999999989e-01
3.872500000000000053e+00 -1.778626969000000058e-01
3.875000000000000000e+00 -1.775582545000000123e-01
3.877499999999999947e+00 -1.775550693999999874e-01
3.879999999999999893e+00 -1.776959526000000122e-01
3.882499999999999840e+00 -1.778419833999999866e-01
3.884999999999999787e+00 -1.779892307000000007e-01
3.887500000000000178e+00 -1.775956288999999966e-01
3.890000000000000124e+00 -1.775452825000000123e-01
3.892500000000000071e+00 -1.777480092000000012e-01
3.895000000000000018e+00 -1.773432527000000092e-01
3.897499999999999964e+00 -1.773810212999999969e-01
3.899999999999999911e+00 -1.775363584999999911e-01
3.902499999999999858e+00 -1.768061945999999940e-01
3.904999999999999805e+00 -1.772330058999999902e-01
3.907500000000000195e+00 -1.770826286000000138e-01
3.910000000000000142e+00 -1.771653762000000021e-01
3.912500000000000089e+00 -1.774369356000000120e-01
3.915000000000000036e+00 -1.769881708999999914e-01
3.917499999999999982e+00 -1.771182463000000040e-01
3.919999999999999929e+00 -1.773281929999999951e-01
3.922499999999999876e+00 -1.772635559999999888e-01
3.924999999999999822e+00 -1.775063336000000103e-01
3.927500000000000213e+00 -1.768898090000000090e-01
3.930000000000000160e+00 -1.769675695000000049e-01
3.932500000000000107e+00 -1.771029551999999951e-01
3.935000000000000053e+00 -1.773377664999999936e-01
3.937500000000000000e+00 -1.772551545999999922e-01
3.939999999999999947e+00 -1.764284764999999866e-01
3.942499999999999893e+00 -1.770531049999999884e-01
3.944999999999999840e+00 -1.768191521999999960e-01
3.947499999999999787e+00 -1.766549128999999885e-01
3.950000000000000178e+00 -1.767186629999999981e-01
3.952500000000000124e+00 -1.768832446999999974e-01
3.955000000000000071e+00 -1.767338390000000037e-01
3.957500000000000018e+00 -1.760993842999999948e-01
3.959999999999999964e+00 -1.763085473000000070e-01
3.962499999999999911e+00 -1.767855966000000112e-01
3.964999999999999858e+00 -1.763381099000000118e-01
3.967499999999999805e+00 -1.762166078999999885e-01
3.970000000000000195e+00 -1.764046351999999929e-01
3.972500000000000142e+00 -1.767569468000000088e-01
3.975000000000000089e+00 -1.761164738000000063e-01
3.977500000000000036e+00 -1.766559209999999935e-01
3.979999999999999982e+00 -1.766322304000000065e-01
3.982499999999999929e+00 -1.763377647000000104e-01
3.984999999999999876e+00 -1.761165520000000095e-01
3.987499999999999822e+00 -1.766044633999999947e-01
3.990000000000000213e+00 -1.761803198000000126e-01
3.992500000000000160e+00 -1.761950701999999980e-01
3.995000000000000107e+00 -1.761940233000000022e-01
3.997500000000000053e+00 -1.763555669999999909e-01
4.000000000000000000e+00 -1.762874550000000096e-01
4.002500000000000391e+00 -1.761528917999999888e-01
4.004999999999999893e+00 -1.762926649000000068e-01
4.007500000000000284e+00 -1.760772322999999973e-01
4.009999999999999787e+00 -1.762891346999999886e-01
4.012500000000000178e+00 -1.760429061000000073e-01
4.014999999999999680e+00 -1.760620321999999960e-01
4.017500000000000071e+00 -1.756251949000000034e-01
4.019999999999999574e+00 -1.761018545999999962e-01
4.022499999999999964e+00 -1.761163061999999890e-01
4.025000000000000355e+00 -1.761225554999999998e-01
4.027499999999999858e+00 -1.753967532000000051e-01
4.030000000000000249e+00 -1.759660312999999920e-01
4.032499999999999751e+00 -1.757201529999999901e-01
4.035000000000000142e+00 -1.753792925999999863e-01
4.037499999999999645e+00 -1.755632652000000127e-01
4.040000000000000036e+00 -1.753999199999999870e-01
4.042500000000000426e+00 -1.760726001000000041e-01
4.044999999999999929e+00 -1.758633226000000105e-01
4.047500000000000320e+00 -1.756241044999999890e-01
4.049999999999999822e+00 -1.755908538000000019e-01
4.052500000000000213e+00 -1.753595086999999997e-01
4.054999999999999716e+00 -1.756796143000000088e-01
4.057500000000000107e+00 -1.753737169000000040e-01
4.059999999999999609e+00 -1.755738980999999865e-01
4.062500000000000000e+00 -1.752502514000000011e-01
4.065000000000000391e+00 -1.757407065999999907e-01
4.067499999999999893e+00 -1.751044582000000072e-01
4.070000000000000284e+00 -1.752793035999999915e-01
4.072499999999999787e+00 -1.756839859999999864e-01
4.075000000000000178e+00 -1.750786420000000065e-01
4.077499999999999680e+00 -1.748465697000000096e-01
4.080000000000000071e+00 -1.753789946000000044e-01
4.082499999999999574e+00 -1.750752375999999888e-01
4.084999999999999964e+00 -1.750644379000000084e-01
4.087500000000000355e+00 -1.749097088999999883e-01
4.089999999999999858e+00 -1.749584935999999868e-01
4.092500000000000249e+00 -1.751508737999999954e-01
4.094999999999999751e+00 -1.749275214999999883e-01
4.097500000000000142e+00 -1.750691932000000006e-01
4.099999999999999645e+00 -1.751156019000000008e-01
4.102500000000000036e+00 -1.753959371000000100e-01
4.105000000000000426e+00 -1.745484056999999922e-01
4.107499999999999929e+00 -1.750630098000000023e-01
4.110000000000000320e+00 -1.749952982000000101e-01
4.112499999999999822e+00 -1.748678345000000134e-01
4.115000000000000213e+00 -1.749003386999999909e-01
4.117499999999999716e+00 -1.749382973999999979e-01
4.120000000000000107e+00 -1.743205680999999896e-01
4.122499999999999609e+00 -1.746443909000000017e-01
4.125000000000000000e+00 -1.748179625999999875e-01
4.127500000000000391e+00 -1.742211582000000036e-01
4.129999999999999893e+00 -1.746117953999999917e-01
4.132500000000000284e+00 -1.744588431000000106e-01
4.134999999999999787e+00 -1.745061841999999974e-01
4.137500000000000178e+00 -1.741924927999999873e-01
4.139999999999999680e+00 -1.745430615999999935e-01
4.142500000000000071e+00 -1.745566498999999994e-01
4.144999999999999574e+00 -1.748709005999999899e-01
4.147499999999999964e+00 -1.742821717999999964e-01
4.150000000000000355e+00 -1.746155184000000027e-01
4.152499999999999858e+00 -1.741923223999999881e-01
4.155000000000000249e+00 -1.744163072000000092e-01
4.157499999999999751e+00 -1.741947075999999983e-01
4.160000000000000142e+00 -1.742941278000000038e-01
4.162499999999999645e+00 -1.738903653999999965e-01
4.165000000000000036e+00 -1.747023081000000089e-01
4.167500000000000426e+00 -1.742121560000000069e-01
4.169999999999999929e+00 -1.744852661000000082e-01
4.172500000000000320e+00 -1.743002109000000022e-01
4.174999999999999822e+00 -1.740817705999999909e-01
4.177500000000000213e+00 -1.739866710999999899e-01
4.179999999999999716e+00 -1.740607671000000134e-01
4.182500000000000107e+00 -1.740930561000000043e-01
4.184999999999999609e+00 -1.740321186999999881e-01
4.187500000000000000e+00 -1.739777212999999989e-01
4.190000000000000391e+00 -1.738620033000000120e-01
4.192499999999999893e+00 -1.744381482000000039e-01
4.195000000000000284e+00 -1.742253916000000014e-01
4.197499999999999787e+00 -1.738922626000000138e-01
4.200000000000000178e+00 -1.742609885999999997e-01
4.202499999999999680e+00 -1.737214064000000002e-01
4.205000000000000071e+00 -1.740354882000000047e-01
4.207499999999999574e+00 -1.736998798000000122e-01
4.209999999999999964e+00 -1.740420464999999917e-01
4.212500000000000355e+00 -1.737753526999999965e-01
4.214999999999999858e+00 -1.738790436000000050e-01
4.217500000000000249e+00 -1.734434864999999937e-01
4.219999999999999751e+00 -1.740255789000000053e-01
4.222500000000000142e+00 -1.735103323999999947e-01
4.224999999999999645e+00 -1.736291255999999894e-01
4.227500000000000036e+00 -1.734821659999999932e-01
4.230000000000000426e+00 -1.732342094000000055e-01
4.232499999999999929e+00 -1.735062897000000104e-01
4.235000000000000320e+00 -1.735564837999999943e-01
4.237499999999999822e+00 -1.736557620999999996e-01
4.240000000000000213e+00 -1.737982079000000013e-01
4.242499999999999716e+00 -1.736180404000000066e-01
4.245000000000000107e+00 -1.737238754000000052e-01
4.247499999999999609e+00 -1.736430250999999869e-01
4.250000000000000000e+00 -1.733602445999999908e-01
4.252500000000000391e+00 -1.734294583999999861e-01
4.254999999999999893e+00 -1.732063490000000094e-01
4.257500000000000284e+00 -1.732323920000000128e-01
4.259999999999999787e+00 -1.735878898000000059e-01
4.262500000000000178e+00 -1.730250123000000029e-01
4.264999999999999680e+00 -1.730511354000000002e-01
4.267500000000000071e+00 -1.734158561999999959e-01
4.269999999999999574e+00 -1.732590505000000114e-01
4.272499999999999964e+00 -1.733291543000000101e-01
4.275000000000000355e+00 -1.731564805999999956e-01
4.277499999999999858e+00 -1.729926032999999919e-01
4.280000000000000249e+00 -1.735189679999999957e-01
4.282499999999999751e+00 -1.732799603999999882e-01
4.285000000000000142e+00 -1.735987722000000011e-01
4.287499999999999645e+00 -1.728557199999999905e-01
4.290000000000000036e+00 -1.731081512000000044e-01
4.292500000000000426e+00 -1.733161454999999906e-01
4.294999999999999929e+00 -1.733363021000000059e-01
4.297500000000000320e+00 -1.733540395000000012e-01
4.299999999999999822e+00 -1.729301750999999998e-01
4.302500000000000213e+00 -1.730961819000000068e-01
4.304999999999999716e+00 -1.732142603000000058e-01
4.307500000000000107e+00 -1.726948967999999973e-01
4.309999999999999609e+00 -1.732743370000000005e-01
4.312500000000000000e+00 -1.726432116999999933e-01
4.315000000000000391e+00 -1.728348692999999991e-01
4.317499999999999893e+00 -1.730002519000000127e-01
4.320000000000000284e+00 -1.727421030000000080e-01
4.322499999999999787e+00 -1.730640472999999957e-01
4.325000000000000178e+00 -1.728486834000000083e-01
4.327499999999999680e+00 -1.729090786999999962e-01
4.330000000000000071e+00 -1.729517556000000067e-01
4.332499999999999574e+00 -1.725940009999999969e-01
4.334999999999999964e+00 -1.726208167999999932e-01
4.337500000000000355e+00 -1.726474195999999905e-01
4.339999999999999858e+00 -1.727186145000000062e-01
4.342500000000000249e+00 -1.727519815000000125e-01
4.344999999999999751e+00 -1.721241993000000026e-01
4.347500000000000142e+00 -1.730652169999999934e-01
4.349999999999999645e+00 -1.727369695000000038e-01
4.352500000000000036e+00 -1.725394801000000033e-01
4.355000000000000426e+00 -1.728660260999999865e-01
4.357499999999999929e+00 -1.729750214999999924e-01
4.360000000000000320e+00 -1.724384012000000077e-01
4.362499999999999822e+00 -1.725092894999999960e-01
4.365000000000000213e+00 -1.724190677000000116e-01
4.367499999999999716e+00 -1.722589578000000010e-01
4.370000000000000107e+00 -1.720874957999999899e-01
4.372499999999999609e+00 -1.724690029000000013e-01
4.375000000000000000e+00 -1.723894508000000103e-01
4.377500000000000391e+00 -1.722446307999999926e-01
4.379999999999999893e+00 -1.725323930999999866e-01
4.382500000000000284e+00 -1.722763160000000127e-01
4.384999999999999787e+00 -1.722739715000000116e-01
4.387500000000000178e+00 -1.725762731000000105e-01
4.389999999999999680e+00 -1.724405616999999946e-01
4.392500000000000071e+00 -1.724623456000000110e-01
4.394999999999999574e+00 -1.721531584999999864e-01
4.397499999999999964e+00 -1.723142947000000091e-01
4.400000000000000355e+00 -1.723264375999999931e-01
4.402499999999999858e+00 -1.724518221000000129e-01
4.405000000000000249e+00 -1.721398110000000037e-01
4.407499999999999751e+00 -1.722117994000000041e-01
4.410000000000000142e+00 -1.725365057999999896e-01
4.412499999999999645e+00 -1.726363181999999996e-01
4.415000000000000036e+00 -1.719804075999999959e-01
4.417500000000000426e+00 -1.724012172999999926e-01
4.419999999999999929e+00 -1.722873092999999967e-01
4.422500000000000320e+00 -1.721404800999999929e-01
4.424999999999999822e+00 -1.718417070999999907e-01
4.427500000000000213e+00 -1.718660471000000023e-01
4.429999999999999716e+00 -1.720614839000000063e-01
4.432500000000000107e+00 -1.719262037000000021e-01
4.434999999999999609e+00 -1.720278660000000015e-01
4.437500000000000000e+00 -1.720509369999999871e-01
4.440000000000000391e+00 -1.718204154000000095e-01
4.442499999999999893e+00 -1.719559256000000036e-01
4.445000000000000284e+00 -1.715705291000000077e-01
4.447499999999999787e+00 -1.718074045999999910e-01
4.450000000000000178e+00 -1.719514417999999933e-01
4.452499999999999680e+00 -1.718493527000000132e-01
4.455000000000000071e+00 -1.720089350000000017e-01
4.457499999999999574e+00 -1.720761187000000025e-01
4.459999999999999964e+00 -1.717641685000000085e-01
4.462500000000000355e+00 -1.717501613999999899e-01
4.464999999999999858e+00 -1.720351921000000117e-01
4.467500000000000249e+00 -1.720492520000000136e-01
4.469999999999999751e+00 -1.713348047000000096e-01
4.472500000000000142e+00 -1.715714127000000089e-01
4.474999999999999645e+00 -1.714959744000000008e-01
4.477500000000000036e+00 -1.720894339000000051e-01
4.480000000000000426e+00 -1.718778281999999991e-01
4.482499999999999929e+00 -1.715074902000000012e-01
4.485000000000000320e+00 -1.716570481999999953e-01
4.487499999999999822e+00 -1.716729972000000104e-01
4.490000000000000213e+00 -1.719098128999999864e-01
4.492499999999999716e+00 -1.720213532000000045e-01
4.495000000000000107e+00 -1.716438650999999871e-01
4.497499999999999609e+00 -1.716907263000000128e-01
4.500000000000000000e+00 -1.717635348999999867e-01
4.502500000000000391e+00 -1.718329437999999987e-01
4.504999999999999893e+00 -1.720481902999999868e-01
4.507500000000000284e+00 -1.714016250000000019e-01
4.509999999999999787e+00 -1.713010517999999927e-01
4.512500000000000178e+00 -1.716060922000000044e-01
4.514999999999999680e+00 -1.714561729000000090e-01
4.517500000000000071e+00 -1.712939803999999899e-01
4.519999999999999574e+00 -1.714075414000000019e-01
4.522499999999999964e+00 -1.712505384000000130e-01
4.525000000000000355e+00 -1.712306663000000007e-01
4.527499999999999858e+00 -1.714774839000000051e-01
4.530000000000000249e+00 -1.711426779000000120e-01
4.532499999999999751e+00 -1.717307023999999904e-01
4.535000000000000142e+00 -1.712658515000000103e-01
4.537499999999999645e+00 -1.716923558000000016e-01
4.540000000000000036e+00 -1.714394093000000119e-01
4.542500000000000426e+00 -1.718268693999999985e-01
4.544999999999999929e+00 -1.714069293999999910e-01
4.547500000000000320e+00 -1.710529972000000010e-01
4.549999999999999822e+00 -1.713231635999999947e-01
4.552500000000000213e+00 -1.714468301000000028e-01
4.554999999999999716e+00 -1.712194760000000093e-01
4.557500000000000107e+00 -1.709970288000000060e-01
4.559999999999999609e+00 -1.711747842000000130e-01
4.562500000000000000e+00 -1.711169590999999934e-01
4.565000000000000391e+00 -1.712159990000000076e-01
4.567499999999999893e+00 -1.712906391000000028e-01
4.570000000000000284e+00 -1.714172726000000035e-01
4.572499999999999787e+00 -1.708608340999999975e-01
4.575000000000000178e+00 -1.713654162999999897e-01
4.577499999999999680e+00 -1.710479106999999999e-01
4.580000000000000071e+00 -1.714012819999999881e-01
4.582499999999999574e+00 -1.712928667999999988e-01
4.584999999999999964e+00 -1.710246109999999931e-01
4.587500000000000355e+00 -1.709133774000000106e-01
4.589999999999999858e+00 -1.711625127999999996e-01
4.592500000000000249e+00 -1.709296958000000033e-01
4.594999999999999751e+00 -1.716014224999999893e-01
4.597500000000000142e+00 -1.710722677000000025e-01
4.599999999999999645e+00 -1.710648677000000117e-01
4.602500000000000036e+00 -1.711086290000000121e-01
4.605000000000000426e+00 -1.711127644999999864e-01
4.607499999999999929e+00 -1.706940224999999867e-01
4.610000000000000320e+00 -1.710342042999999923e-01
4.612499999999999822e+00 -1.710366272000000132e-01
4.615000000000000213e+00 -1.706800646999999949e-01
4.617499999999999716e+00 -1.706106977000000080e-01
4.620000000000000107e+00 -1.709453669000000064e-01
4.622499999999999609e+00 -1.711111180000000065e-01
4.625000000000000000e+00 -1.709603081000000135e-01
4.627500000000000391e+00 -1.709495034000000080e-01
4.629999999999999893e+00 -1.708273026999999888e-01
4.632500000000000284e+00 -1.712211207999999873e-01
4.634999999999999787e+00 -1.708448109000000048e-01
4.637500000000000178e+00 -1.704417316999999876e-01
4.639999999999999680e+00 -1.709764075000000105e-01
4.642500000000000071e+00 -1.708499126999999951e-01
4.644999999999999574e+00 -1.708433678999999872e-01
4.647499999999999964e+00 -1.709089797999999993e-01
4.650000000000000355e+00 -1.708652221999999998e-01
4.652499999999999858e+00 -1.707227279999999903e-01
4.655000000000000249e+00 -1.708038749999999939e-01
4.657499999999999751e+00 -1.710325366999999874e-01
4.660000000000000142e+00 -1.705784314000000079e-01
4.662499999999999645e+00 -1.706811471000000136e-01
4.665000000000000036e+00 -1.707614188000000088e-01
4.667500000000000426e+00 -1.710263911000000081e-01
4.669999999999999929e+00 -1.709350450999999882e-01
4.672500000000000320e+00 -1.710482569000000008e-01
4.674999999999999822e+00 -1.707134966999999948e-01
4.677500000000000213e+00 -1.706321996999999868e-01
4.679999999999999716e+00 -1.706302842999999902e-01
4.682500000000000107e+00 -1.706282487999999931e-01
4.684999999999999609e+00 -1.709147447000000097e-01
4.687500000000000000e+00 -1.706791341999999989e-01
4.690000000000000391e+00 -1.704390013000000037e-01
4.692499999999999893e+00 -1.704704334999999904e-01
4.695000000000000284e+00 -1.709499750000000040e-01
4.697499999999999787e+00 -1.707219259999999961e-01
4.700000000000000178e+00 -1.708539511999999927e-01
4.702499999999999680e+00 -1.703709931999999871e-01
4.705000000000000071e+00 -1.707062277999999989e-01
4.707499999999999574e+00 -1.708369024999999986e-01
4.709999999999999964e+00 -1.703912868999999941e-01
4.712500000000000355e+00 -1.707934919000000107e-01
4.714999999999999858e+00 -1.705219789000000097e-01
4.717500000000000249e+00 -1.705788391999999987e-01
4.719999999999999751e+00 -1.706634875999999967e-01
4.722500000000000142e+00 -1.705252942000000105e-01
4.724999999999999645e+00 -1.706432093999999955e-01
4.727500000000000036e+00 -1.705688576999999928e-01
4.730000000000000426e+00 -1.702587792999999960e-01
4.732499999999999929e+00 -1.701417312999999876e-01
4.735000000000000320e+00 -1.706726644000000070e-01
4.737499999999999822e+00 -1.704669686999999989e-01
4.740000000000000213e+00 -1.702840247000000085e-01
4.742499999999999716e+00 -1.705948028000000005e-01
4.745000000000000107e+00 -1.707265658999999880e-01
4.747499999999999609e+00 -1.707306222999999956e-01
4.750000000000000000e+00 -1.705415060999999899e-01
4.752500000000000391e+00 -1.704867451000000034e-01
4.754999999999999893e+00 -1.706966684000000012e-01
4.757500000000000284e+00 -1.701192427000000063e-01
4.759999999999999787e+00 -1.710290536000000083e-01
4.762500000000000178e+00 -1.709268914000000028e-01
4.764999999999999680e+00 -1.705127074999999992e-01
4.767500000000000071e+00 -1.705540966000000103e-01
4.769999999999999574e+00 -1.702360216999999898e-01
4.772499999999999964e+00 -1.704067025000000069e-01
4.775000000000000355e+00 -1.705454627000000112e-01
4.777499999999999858e+00 -1.701108369999999870e-01
4.780000000000000249e+00 -1.699559428000000094e-01
4.782499999999999751e+00 -1.702094265000000106e-01
4.785000000000000142e+00 -1.705739414999999926e-01
4.787499999999999645e+00 -1.701098450999999900e-01
4.790000000000000036e+00 -1.707170640000000017e-01
4.792500000000000426e+00 -1.705903274999999997e-01
4.794999999999999929e+00 -1.709901474999999949e-01
4.797500000000000320e+00 -1.697656308000000114e-01
4.799999999999999822e+00 -1.705315534999999882e-01
4.802500000000000213e+00 -1.707084151000000105e-01
4.804999999999999716e+00 -1.704770965000000083e-01
4.807500000000000107e+00 -1.704611565999999967e-01
4.809999999999999609e+00 -1.703951576999999939e-01
4.812500000000000000e+00 -1.701340661999999893e-01
4.815000000000000391e+00 -1.702304439000000003e-01
4.817499999999999893e+00 -1.699853507000000097e-01
4.820000000000000284e+00 -1.705700051000000050e-01
4.822499999999999787e+00 -1.703532647000000066e-01
4.825000000000000178e+00 -1.702250147999999907e-01
4.827499999999999680e+00 -1.698682343000000039e-01
4.830000000000000071e+00 -1.706239606999999936e-01
4.832499999999999574e+00 -1.701983813999999873e-01
4.834999999999999964e+00 -1.703585385999999979e-01
4.837500000000000355e+00 -1.704791569000000118e-01
4.839999999999999858e+00 -1.704414079000000082e-01
4.842500000000000249e+00 -1.703266690000000139e-01
4.844999999999999751e+00 -1.703277958999999953e-01
4.847500000000000142e+00 -1.703074971000000104e-01
4.849999999999999645e+00 -1.705154371000000002e-01
4.852500000000000036e+00 -1.702802583999999952e-01
4.855000000000000426e+00 -1.702308459999999912e-01
4.857499999999999929e+00 -1.702402031999999954e-01
4.860000000000000320e+00 -1.702713631999999977e-01
4.862499999999999822e+00 -1.707531556999999922e-01
4.865000000000000213e+00 -1.701703918999999954e-01
4.867499999999999716e+00 -1.701909933999999902e-01
4.870000000000000107e+00 -1.702017127999999879e-01
4.872499999999999609e+00 -1.701839027000000004e-01
4.875000000000000000e+00 -1.702010766000000008e-01
4.877500000000000391e+00 -1.700326392000000020e-01
4.879999999999999893e+00 -1.701962408000000093e-01
4.882500000000000284e+00 -1.704077212000000008e-01
4.884999999999999787e+00 -1.700786478999999907e-01
4.887500000000000178e+00 -1.700924349000000058e-01
4.889999999999999680e+00 -1.701641349999999941e-01
4.892500000000000071e+00 -1.700316464999999944e-01
4.894999999999999574e+00 -1.700625447999999929e-01
4.897499999999999964e+00 -1.701384883000000015e-01
4.900000000000000355e+00 -1.703506318000000130e-01
4.902499999999999858e+00 -1.703488227999999938e-01
4.905000000000000249e+00 -1.702436274999999943e-01
4.907499999999999751e+00 -1.698849779000000115e-01
4.910000000000000142e+00 -1.701632637000000114e-01
4.912499999999999645e+00 -1.701547701999999995e-01
4.915000000000000036e+00 -1.703002060000000095e-01
4.917500000000000426e+00 -1.701827022999999883e-01
4.919999999999999929e+00 -1.701033493000000119e-01
4.922500000000000320e+00 -1.702939947999999870e-01
4.924999999999999822e+00 -1.702426874000000090e-01
4.927500000000000213e+00 -1.698382129999999879e-01
4.929999999999999716e+00 -1.700183704999999879e-01
4.932500000000000107e+00 -1.700973275000000062e-01
4.934999999999999609e+00 -1.702209644000000077e-01
4.937500000000000000e+00 -1.702142994999999992e-01
4.940000000000000391e+00 -1.700548377999999972e-01
4.942499999999999893e+00 -1.701766630999999863e-01
4.945000000000000284e+00 -1.702681826999999926e-01
4.947499999999999787e+00 -1.702543736000000085e-01
4.950000000000000178e+00 -1.702558420999999989e-01
4.952499999999999680e+00 -1.701401245999999978e-01
4.955000000000000071e+00 -1.700557729999999934e-01
4.957499999999999574e+00 -1.700323410000000035e-01
4.959999999999999964e+00 -1.703829528999999954e-01
4.962500000000000355e+00 -1.701382291000000102e-01
4.964999999999999858e+00 -1.702556986000000050e-01
4.967500000000000249e+00 -1.699975663999999942e-01
4.969999999999999751e+00 -1.701355683000000119e-01
4.972500000000000142e+00 -1.699213343000000043e-01
4.974999999999999645e+00 -1.703496002000000065e-01
4.977500000000000036e+00 -1.703315108000000022e-01
4.980000000000000426e+00 -1.702587016999999869e-01
4.982499999999999929e+00 -1.701687654000000050e-01
4.985000000000000320e+00 -1.701942452000000106e-01
4.987499999999999822e+00 -1.704008795999999992e-01
4.990000000000000213e+00 -1.701830182999999885e-01
4.992499999999999716e+00 -1.702017281000000049e-01
4.995000000000000107e+00 -1.698099683000000026e-01
4.997499999999999609e+00 -1.697879475999999888e-01
5.000000000000000000e+00 -1.701094522999999914e-01
5.002500000000000391e+00 -1.697738773999999951e-01
5.004999999999999893e+00 -1.702540679000000001e-01
5.007500000000000284e+00 -1.700302918000000107e-01
5.009999999999999787e+00 -1.700988981999999872e-01
5.012500000000000178e+00 -1.700103806999999911e-01
5.014999999999999680e+00 -1.700594672999999890e-01
5.017500000000000071e+00 -1.701520662000000073e-01
5.019999999999999574e+00 -1.701548200000000122e-01
5.022499999999999964e+00 -1.702219420999999955e-01
5.025000000000000355e+00 -1.704956293999999872e-01
5.027499999999999858e+00 -1.704297865999999939e-01
5.030000000000000249e+00 -1.702730255000000081e-01
5.032499999999999751e+00 -1.700298765000000101e-01
5.035000000000000142e+00 -1.701870886999999888e-01
5.037499999999999645e+00 -1.699882461999999983e-01
5.040000000000000036e+00 -1.700253509000000107e-01
5.042500000000000426e+00 -1.701889956000000037e-01
5.044999999999999929e+00 -1.703071327000000024e-01
5.047500000000000320e+00 -1.699289868999999953e-01
5.049999999999999822e+00 -1.699965643000000137e-01
5.052500000000000213e+00 -1.702941651000000056e-01
5.054999999999999716e+00 -1.697873376000000045e-01
5.057500000000000107e+00 -1.702155197000000120e-01
5.059999999999999609e+00 -1.701766057999999915e-01
5.062500000000000000e+00 -1.701772561999999878e-01
5.065000000000000391e+00 -1.703453554000000092e-01
5.067499999999999893e+00 -1.702647737999999911e-01
5.070000000000000284e+00 -1.705678448999999874e-01
5.072499999999999787e+00 -1.700747806000000029e-01
5.075000000000000178e+00 -1.699774045999999927e-01
5.077499999999999680e+00 -1.702486054000000026e-01
5.080000000000000071e+00 -1.706175487999999907e-01
5.082499999999999574e+00 -1.705559507999999946e-01
5.084999999999999964e+00 -1.703457546000000100e-01
5.087500000000000355e+00 -1.701641103000000044e-01
5.089999999999999858e+00 -1.699917662000000051e-01
5.092500000000000249e+00 -1.701298740999999948e-01
5.094999999999999751e+00 -1.700990710999999989e-01
5.097500000000000142e+00 -1.701353228999999967e-01
5.099999999999999645e+00 -1.697889093000000127e-01
5.102500000000000036e+00 -1.704227899999999907e-01
5.105000000000000426e+00 -1.701700868999999894e-01
5.107499999999999929e+00 -1.703061459000000111e-01
5.110000000000000320e+00 -1.704797043000000067e-01
5.112499999999999822e+00 -1.704648729999999890e-01
5.115000000000000213e+00 -1.704251126000000116e-01
5.117499999999999716e+00 -1.702095402999999896e-01
5.120000000000000107e+00 -1.702179424999999968e-01
5.122499999999999609e+00 -1.699891057000000039e-01
5.125000000000000000e+00 -1.701884133999999882e-01
5.127500000000000391e+00 -1.700340757999999897e-01
5.129999999999999893e+00 -1.703905612999999930e-01
5.132500000000000284e+00 -1.700242469000000090e-01
5.134999999999999787e+00 -1.701493313999999923e-01
5.137500000000000178e+00 -1.705502022000000006e-01
5.139999999999999680e+00 -1.700693232000000110e-01
5.142500000000000071e+00 -1.702246733999999984e-01
5.144999999999999574e+00 -1.700028484999999978e-01
5.147499999999999964e+00 -1.704178776999999978e-01
5.150000000000000355e+00 -1.697650132000000089e-01
5.152499999999999858e+00 -1.703827377000000087e-01
5.155000000000000249e+00 -1.700531415000000046e-01
5.157499999999999751e+00 -1.704932399000000098e-01
5.160000000000000142e+00 -1.703693475999999984e-01
5.162499999999999645e+00 -1.701711281999999936e-01
5.165000000000000036e+00 -1.704898044000000001e-01
5.167500000000000426e+00 -1.705255356000000000e-01
5.169999999999999929e+00 -1.705090278999999986e-01
5.172500000000000320e+00 -1.703894125000000037e-01
5.174999999999999822e+00 -1.705262976999999958e-01
5.177500000000000213e+00 -1.703658222999999972e-01
5.179999999999999716e+00 -1.703773782000000125e-01
5.182500000000000107e+00 -1.702256322000000044e-01
5.184999999999999609e+00 -1.703233462000000031e-01
5.187500000000000000e+00 -1.707463684999999953e-01
5.190000000000000391e+00 -1.708035998000000111e-01
5.192499999999999893e+00 -1.708081042000000049e-01
5.195000000000000284e+00 -1.703979009000000100e-01
5.197499999999999787e+00 -1.704044450999999960e-01
5.200000000000000178e+00 -1.701955594000000016e-01
5.202499999999999680e+00 -1.701626095000000061e-01
5.205000000000000071e+00 -1.702772434000000001e-01
5.207499999999999574e+00 -1.704931053000000030e-01
5.209999999999999964e+00 -1.707015090000000013e-01
5.212500000000000355e+00 -1.705899361000000058e-01
5.214999999999999858e+00 -1.704446075999999921e-01
5.217500000000000249e+00 -1.707533659999999898e-01
5.219999999999999751e+00 -1.702721197000000020e-01
5.222500000000000142e+00 -1.702626376999999969e-01
5.224999999999999645e+00 -1.703886255000000016e-01
5.227500000000000036e+00 -1.703650017999999988e-01
5.230000000000000426e+00 -1.703583143000000077e-01
5.232499999999999929e+00 -1.707656267999999866e-01
5.235000000000000320e+00 -1.703954477999999884e-01
5.237499999999999822e+00 -1.704824768000000046e-01
5.240000000000000213e+00 -1.701959039000000007e-01
5.242499999999999716e+00 -1.703648882000000087e-01
5.245000000000000107e+00 -1.700783111999999986e-01
5.247499999999999609e+00 -1.704120402000000034e-01
5.250000000000000000e+00 -1.703836412999999994e-01
5.252500000000000391e+00 -1.704376579000000114e-01
5.254999999999999893e+00 -1.703184980999999931e-01
5.257500000000000284e+00 -1.705731894999999998e-01
5.259999999999999787e+00 -1.705796884999999929e-01
5.262500000000000178e+00 -1.705934885000000012e-01
5.264999999999999680e+00 -1.704804068000000117e-01
5.267500000000000071e+00 -1.703747362999999959e-01
5.269999999999999574e+00 -1.706696896999999880e-01
5.272499999999999964e+00 -1.705516457000000041e-01
5.275000000000000355e+00 -1.705240809000000135e-01
5.277499999999999858e+00 -1.708736580999999921e-01
5.280000000000000249e+00 -1.708356770999999996e-01
5.282499999999999751e+00 -1.705180508999999955e-01
5.285000000000000142e+00 -1.704876815999999962e-01
5.287499999999999645e+00 -1.701265187000000068e-01
5.290000000000000036e+00 -1.705699461999999889e-01
5.292500000000000426e+00 -1.706777724999999912e-01
5.294999999999999929e+00 -1.706462739000000062e-01
5.297500000000000320e+00 -1.705586222000000096e-01
5.299999999999999822e+00 -1.707078575000000042e-01
5.302500000000000213e+00 -1.705395436999999903e-01
5.304999999999999716e+00 -1.703260403999999895e-01
5.307500000000000107e+00 -1.706976471999999967e-01
5.309999999999999609e+00 -1.706881899999999896e-01
5.312500000000000000e+00 -1.708675175999999907e-01
5.315000000000000391e+00 -1.709096159999999864e-01
5.317499999999999893e+00 -1.710411863999999893e-01
5.320000000000000284e+00 -1.705339040999999944e-01
5.322499999999999787e+00 -1.706477010999999933e-01
5.325000000000000178e+00 -1.705527219000000094e-01
5.327499999999999680e+00 -1.705081683999999931e-01
5.330000000000000071e+00 -1.710206659999999879e-01
5.332499999999999574e+00 -1.707950481000000131e-01
5.334999999999999964e+00 -1.708419944000000024e-01
5.337500000000000355e+00 -1.705549436999999890e-01
5.339999999999999858e+00 -1.706017542000000109e-01
5.342500000000000249e+00 -1.704200010999999959e-01
5.344999999999999751e+00 -1.706187436999999918e-01
5.347500000000000142e+00 -1.707664842000000127e-01
5.349999999999999645e+00 -1.710401864999999966e-01
5.352500000000000036e+00 -1.711791666999999961e-01
5.355000000000000426e+00 -1.709759837000000005e-01
5.357499999999999929e+00 -1.709042288000000021e-01
5.360000000000000320e+00 -1.712468951999999989e-01
5.362499999999999822e+00 -1.708233728999999923e-01
5.365000000000000213e+00 -1.715531052000000001e-01
5.367499999999999716e+00 -1.709518211999999926e-01
5.370000000000000107e+00 -1.708079933999999966e-01
5.372499999999999609e+00 -1.710756079000000096e-01
5.375000000000000000e+00 -1.708373897000000086e-01
5.377500000000000391e+00 -1.710467836000000019e-01
5.379999999999999893e+00 -1.710313180999999960e-01
5.382500000000000284e+00 -1.708886688000000043e-01
5.384999999999999787e+00 -1.714107579999999964e-01
5.387500000000000178e+00 -1.711455830999999983e-01
5.389999999999999680e+00 -1.710368547999999989e-01
5.392500000000000071e+00 -1.710467856000000009e-01
5.394999999999999574e+00 -1.711743859000000034e-01
5.397499999999999964e+00 -1.710251554999999979e-01
5.400000000000000355e+00 -1.706943097999999992e-01
5.402499999999999858e+00 -1.710732809000000132e-01
5.405000000000000249e+00 -1.712829315000000130e-01
5.407499999999999751e+00 -1.711285099000000032e-01
5.410000000000000142e+00 -1.713809869000000041e-01
5.412499999999999645e+00 -1.708273399000000137e-01
5.415000000000000036e+00 -1.710890566999999918e-01
5.417500000000000426e+00 -1.709567271000000110e-01
5.419999999999999929e+00 -1.710714792999999956e-01
5.422500000000000320e+00 -1.709203905999999995e-01
5.424999999999999822e+00 -1.715681152999999903e-01
5.427500000000000213e+00 -1.707961504000000130e-01
5.429999999999999716e+00 -1.710281909999999961e-01
5.432500000000000107e+00 -1.714330354999999972e-01
5.434999999999999609e+00 -1.713925903999999889e-01
5.437500000000000000e+00 -1.713758867999999880e-01
5.440000000000000391e+00 -1.715347210000000011e-01
5.442499999999999893e+00 -1.712209719999999991e-01
5.445000000000000284e+00 -1.715452255000000092e-01
5.447499999999999787e+00 -1.717627134999999972e-01
5.450000000000000178e+00 -1.712056869999999953e-01
5.452499999999999680e+00 -1.715104299999999915e-01
5.455000000000000071e+00 -1.713490608000000082e-01
5.457499999999999574e+00 -1.714962641999999982e-01
5.459999999999999964e+00 -1.713628772999999939e-01
5.462500000000000355e+00 -1.718761892000000013e-01
5.464999999999999858e+00 -1.715447914000000074e-01
5.467500000000000249e+00 -1.711369419999999864e-01
5.469999999999999751e+00 -1.713041929000000130e-01
5.472500000000000142e+00 -1.713828648999999871e-01
5.474999999999999645e+00 -1.713309553000000041e-01
5.477500000000000036e+00 -1.714222203999999916e-01
5.480000000000000426e+00 -1.714253201000000004e-01
5.482499999999999929e+00 -1.715090974000000046e-01
5.485000000000000320e+00 -1.716068195000000074e-01
5.487499999999999822e+00 -1.714464195000000024e-01
5.490000000000000213e+00 -1.715317624999999901e-01
5.492499999999999716e+00 -1.716679761000000082e-01
5.495000000000000107e+00 -1.715842988999999874e-01
5.497499999999999609e+00 -1.712713727000000075e-01
5.500000000000000000e+00 -1.711693150999999968e-01
5.502500000000000391e+00 -1.720025850000000134e-01
5.504999999999999893e+00 -1.717181922000000083e-01
5.507500000000000284e+00 -1.717513029999999941e-01
5.509999999999999787e+00 -1.714870417000000091e-01
5.512500000000000178e+00 -1.716748537999999991e-01
5.514999999999999680e+00 -1.717098277999999922e-01
5.517500000000000071e+00 -1.714144301999999953e-01
5.519999999999999574e+00 -1.719135561000000034e-01
5.522499999999999964e+00 -1.718643331999999968e-01
5.525000000000000355e+00 -1.717117146000000094e-01
5.527499999999999858e+00 -1.719673736000000008e-01
5.530000000000000249e+00 -1.716690466000000137e-01
5.532499999999999751e+00 -1.719773444000000095e-01
5.535000000000000142e+00 -1.719023249999999947e-01
5.537499999999999645e+00 -1.716285327000000027e-01
5.540000000000000036e+00 -1.719769117000000125e-01
5.542500000000000426e+00 -1.720446073000000131e-01
5.544999999999999929e+00 -1.718992558000000115e-01
5.547500000000000320e+00 -1.720234062000000064e-01
5.549999999999999822e+00 -1.722323561000000114e-01
5.552500000000000213e+00 -1.718837199000000093e-01
5.554999999999999716e+00 -1.723806810999999883e-01
5.557500000000000107e+00 -1.713116812999999905e-01
5.559999999999999609e+00 -1.721435015999999985e-01
5.562500000000000000e+00 -1.719946797999999943e-01
5.565000000000000391e+00 -1.722653557999999918e-01
5.567499999999999893e+00 -1.718524264999999884e-01
5.570000000000000284e+00 -1.720408961999999875e-01
5.572499999999999787e+00 -1.718144618000000123e-01
5.575000000000000178e+00 -1.722963905999999878e-01
5.577499999999999680e+00 -1.721185732000000135e-01
5.580000000000000071e+00 -1.720966857000000017e-01
5.582499999999999574e+00 -1.718630811999999897e-01
5.584999999999999964e+00 -1.721522674000000031e-01
5.587500000000000355e+00 -1.719655093999999940e-01
5.589999999999999858e+00 -1.720262023999999945e-01
5.592500000000000249e+00 -1.722787158000000096e-01
5.594999999999999751e+00 -1.722017697999999875e-01
5.597500000000000142e+00 -1.724452569000000102e-01
5.599999999999999645e+00 -1.722832477000000029e-01
5.602500000000000036e+00 -1.726961697000000129e-01
5.605000000000000426e+00 -1.720539456000000078e-01
5.607499999999999929e+00 -1.721350211999999880e-01
5.610000000000000320e+00 -1.721594040999999964e-01
5.612499999999999822e+00 -1.723399526000000126e-01
5.615000000000000213e+00 -1.722428988999999966e-01
5.617499999999999716e+00 -1.722716793999999885e-01
5.620000000000000107e+00 -1.727508919999999892e-01
5.622499999999999609e+00 -1.722201100999999901e-01
5.625000000000000000e+00 -1.725108052000000058e-01
5.627500000000000391e+00 -1.726881154999999890e-01
5.629999999999999893e+00 -1.725231144000000105e-01
5.632500000000000284e+00 -1.728958479000000104e-01
5.634999999999999787e+00 -1.723281455000000018e-01
5.637500000000000178e+00 -1.726131596999999906e-01
5.639999999999999680e+00 -1.724847820000000032e-01
5.642500000000000071e+00 -1.726765707000000039e-01
5.644999999999999574e+00 -1.723930431000000041e-01
5.647499999999999964e+00 -1.726650505000000002e-01
5.650000000000000355e+00 -1.725432299999999919e-01
5.652499999999999858e+00 -1.725781908000000031e-01
5.655000000000000249e+00 -1.728859346999999935e-01
5.657499999999999751e+00 -1.722390112999999945e-01
5.660000000000000142e+00 -1.728252999999999873e-01
5.662499999999999645e+00 -1.724301980999999873e-01
5.665000000000000036e+00 -1.728019632999999999e-01
5.667500000000000426e+00 -1.727706407000000055e-01
5.669999999999999929e+00 -1.730925751000000068e-01
5.672500000000000320e+00 -1.725979153999999960e-01
5.674999999999999822e+00 -1.729321535999999992e-01
5.677500000000000213e+00 -1.728411517000000008e-01
5.679999999999999716e+00 -1.729976561000000079e-01
5.682500000000000107e+00 -1.726905358999999973e-01
5.684999999999999609e+00 -1.725482560000000110e-01
5.687500000000000000e+00 -1.731654488999999908e-01
5.690000000000000391e+00 -1.732797063000000026e-01
5.692499999999999893e+00 -1.731706648000000126e-01
5.695000000000000284e+00 -1.728165006999999864e-01
5.697499999999999787e+00 -1.727692466999999898e-01
5.700000000000000178e+00 -1.727527111000000115e-01
5.702499999999999680e+00 -1.730648905000000126e-01
5.705000000000000071e+00 -1.727864735000000096e-01
5.707499999999999574e+00 -1.729787801999999874e-01
5.709999999999999964e+00 -1.731263143000000004e-01
5.712500000000000355e+00 -1.731007179999999868e-01
5.714999999999999858e+00 -1.727236960999999904e-01
5.717500000000000249e+00 -1.732664127999999915e-01
5.719999999999999751e+00 -1.734343281000000070e-01
5.722500000000000142e+00 -1.728784929999999942e-01
5.724999999999999645e+00 -1.728472024999999912e-01
5.727500000000000036e+00 -1.729942257000000039e-01
5.730000000000000426e+00 -1.732604711000000075e-01
5.732499999999999929e+00 -1.729621162999999961e-01
5.735000000000000320e+00 -1.732027255999999960e-01
5.737499999999999822e+00 -1.734642460999999969e-01
5.740000000000000213e+00 -1.737664264999999875e-01
5.742499999999999716e+00 -1.731167594999999948e-01
5.745000000000000107e+00 -1.732849224999999938e-01
5.747499999999999609e+00 -1.738621441000000045e-01
5.750000000000000000e+00 -1.735300171999999974e-01
5.752500000000000391e+00 -1.735098012000000078e-01
5.754999999999999893e+00 -1.732816519000000000e-01
5.757500000000000284e+00 -1.734189101999999982e-01
5.759999999999999787e+00 -1.737221267000000069e-01
5.762500000000000178e+00 -1.738969781999999964e-01
5.764999999999999680e+00 -1.735133523999999872e-01
5.767500000000000071e+00 -1.736947366000000104e-01
5.769999999999999574e+00 -1.736920314000000021e-01
5.772499999999999964e+00 -1.737873916999999879e-01
5.775000000000000355e+00 -1.735785340000000065e-01
5.777499999999999858e+00 -1.733339861000000037e-01
5.780000000000000249e+00 -1.732263038999999893e-01
5.782499999999999751e+00 -1.736120054999999995e-01
5.785000000000000142e+00 -1.737067513999999979e-01
5.787499999999999645e+00 -1.736674226000000099e-01
5.790000000000000036e+00 -1.739452864000000099e-01
5.792500000000000426e+00 -1.740107361999999880e-01
5.794999999999999929e+00 -1.737914467999999990e-01
5.797500000000000320e+00 -1.740878251999999904e-01
5.799999999999999822e+00 -1.742517239999999967e-01
5.802500000000000213e+00 -1.740446716000000060e-01
5.804999999999999716e+00 -1.739884422000000097e-01
5.807500000000000107e+00 -1.738047406999999878e-01
5.809999999999999609e+00 -1.740359059999999902e-01
5.812500000000000000e+00 -1.738866427999999908e-01
5.815000000000000391e+00 -1.740276639999999986e-01
5.817499999999999893e+00 -1.741439861999999894e-01
5.820000000000000284e+00 -1.738264706000000048e-01
5.822499999999999787e+00 -1.742725059999999937e-01
5.825000000000000178e+00 -1.738985989999999870e-01
5.827499999999999680e+00 -1.741119083000000067e-01
5.830000000000000071e+00 -1.742873678000000093e-01
5.832499999999999574e+00 -1.742366462999999921e-01
5.834999999999999964e+00 -1.742440764000000031e-01
5.837500000000000355e+00 -1.744604130000000086e-01
5.839999999999999858e+00 -1.746336051000000056e-01
5.842500000000000249e+00 -1.745787996000000009e-01
5.844999999999999751e+00 -1.745418061000000021e-01
5.847500000000000142e+00 -1.746606816000000062e-01
5.849999999999999645e+00 -1.741577398999999970e-01
5.852500000000000036e+00 -1.749709721999999912e-01
5.855000000000000426e+00 -1.744137812999999870e-01
5.857499999999999929e+00 -1.742394426999999968e-01
5.860000000000000320e+00 -1.746917085999999952e-01
5.862499999999999822e+00 -1.744003091999999921e-01
5.865000000000000213e+00 -1.742608276000000012e-01
5.867499999999999716e+00 -1.746067749999999918e-01
5.870000000000000107e+00 -1.744307579999999913e-01
5.872499999999999609e+00 -1.747686226000000065e-01
5.875000000000000000e+00 -1.748597496000000029e-01
5.877500000000000391e+00 -1.751868054999999869e-01
5.879999999999999893e+00 -1.749012157000000012e-01
5.882500000000000284e+00 -1.747146142999999874e-01
5.884999999999999787e+00 -1.745772586999999876e-01
5.887500000000000178e+00 -1.749567048000000014e-01
5.889999999999999680e+00 -1.745836664000000038e-01
5.892500000000000071e+00 -1.752028472999999920e-01
5.894999999999999574e+00 -1.749503175000000077e-01
5.897499999999999964e+00 -1.749114877999999873e-01
5.900000000000000355e+00 -1.748803156000000025e-01
5.902499999999999858e+00 -1.746964532999999986e-01
5.905000000000000249e+00 -1.749606971000000066e-01
5.907499999999999751e+00 -1.749551129999999954e-01
5.910000000000000142e+00 -1.749802847999999966e-01
5.912499999999999645e+00 -1.750833982999999983e-01
5.915000000000000036e+00 -1.748999773999999896e-01
5.917500000000000426e+00 -1.752988420000000103e-01
5.919999999999999929e+00 -1.755826474999999942e-01
5.922500000000000320e+00 -1.748084276999999909e-01
5.924999999999999822e+00 -1.752177810999999974e-01
5.927500000000000213e+00 -1.752975938000000122e-01
5.929999999999999716e+00 -1.752103224000000070e-01
5.932500000000000107e+00 -1.752476451999999962e-01
5.934999999999999609e+00 -1.755469541000000133e-01
5.937500000000000000e+00 -1.752292872000000001e-01
5.940000000000000391e+00 -1.752389112000000138e-01
5.942499999999999893e+00 -1.754806764000000074e-01
5.945000000000000284e+00 -1.754205628999999933e-01
5.947499999999999787e+00 -1.752666066999999939e-01
5.950000000000000178e+00 -1.752913155999999972e-01
5.952499999999999680e+00 -1.754893328999999891e-01
5.955000000000000071e+00 -1.757348723999999918e-01
5.957499999999999574e+00 -1.755996022999999906e-01
5.959999999999999964e+00 -1.755288978000000000e-01
5.962500000000000355e+00 -1.753481269000000120e-01
5.964999999999999858e+00 -1.757656693999999908e-01
5.967500000000000249e+00 -1.754081076000000017e-01
5.969999999999999751e+00 -1.759980188999999973e-01
5.972500000000000142e+00 -1.758749920999999883e-01
5.974999999999999645e+00 -1.755226997000000067e-01
5.977500000000000036e+00 -1.757596774000000084e-01
5.980000000000000426e+00 -1.758738113999999964e-01
5.982499999999999929e+00 -1.758646524999999960e-01
5.985000000000000320e+00 -1.759691932999999930e-01
5.987499999999999822e+00 -1.762893976999999890e-01
5.990000000000000213e+00 -1.761394400000000082e-01
5.992499999999999716e+00 -1.760465535000000081e-01
5.995000000000000107e+00 -1.762640967000000114e-01
5.997499999999999609e+00 -1.762696190999999968e-01
6.000000000000000000e+00 -1.760639202000000014e-01
6.002500000000000391e+00 -1.758518763999999956e-01
6.004999999999999893e+00 -1.762255511999999968e-01
6.007500000000000284e+00 -1.760663021999999966e-01
6.009999999999999787e+00 -1.766834264999999904e-01
6.012500000000000178e+00 -1.758921910000000033e-01
6.014999999999999680e+00 -1.760422976000000084e-01
6.017500000000000071e+00 -1.763166352999999964e-01
6.019999999999999574e+00 -1.760566043000000025e-01
6.022499999999999964e+00 -1.765835060000000012e-01
6.025000000000000355e+00 -1.765188246999999933e-01
6.027499999999999858e+00 -1.766071117000000135e-01
6.030000000000000249e+00 -1.765179943999999890e-01
6.032499999999999751e+00 -1.763661086999999961e-01
6.035000000000000142e+00 -1.764812631000000076e-01
6.037499999999999645e+00 -1.763810245999999915e-01
6.040000000000000036e+00 -1.765320838999999975e-01
6.042500000000000426e+00 -1.766183876000000097e-01
6.044999999999999929e+00 -1.766243955000000032e-01
6.047500000000000320e+00 -1.766583180999999891e-01
6.049999999999999822e+00 -1.770578000999999957e-01
6.052500000000000213e+00 -1.768560791999999882e-01
6.054999999999999716e+00 -1.766703333999999903e-01
6.057500000000000107e+00 -1.770497508999999969e-01
6.059999999999999609e+00 -1.768454567999999949e-01
6.062500000000000000e+00 -1.771811604000000095e-01
6.065000000000000391e+00 -1.766930805999999965e-01
6.067499999999999893e+00 -1.770585305000000054e-01
6.070000000000000284e+00 -1.770172026000000065e-01
6.072499999999999787e+00 -1.772383623999999880e-01
6.075000000000000178e+00 -1.773103745999999870e-01
6.077499999999999680e+00 -1.769570860000000134e-01
6.080000000000000071e+00 -1.775610287999999926e-01
6.082499999999999574e+00 -1.770294236999999937e-01
6.084999999999999964e+00 -1.771358003000000070e-01
6.087500000000000355e+00 -1.772590447000000069e-01
6.089999999999999858e+00 -1.774606498999999893e-01
6.092500000000000249e+00 -1.775812623999999951e-01
6.094999999999999751e+00 -1.776425406999999901e-01
6.097500000000000142e+00 -1.772167664000000031e-01
6.099999999999999645e+00 -1.777881732000000103e-01
6.102500000000000036e+00 -1.774581044999999913e-01
6.105000000000000426e+00 -1.774383673999999911e-01
6.107499999999999929e+00 -1.778022303000000026e-01
6.110000000000000320e+00 -1.773850365000000096e-01
6.112499999999999822e+00 -1.775447407000000088e-01
6.115000000000000213e+00 -1.778266524000000071e-01
6.117499999999999716e+00 -1.778523975999999895e-01
6.120000000000000107e+00 -1.773148609999999903e-01
6.122499999999999609e+00 -1.776830632999999993e-01
6.125000000000000000e+00 -1.773367056000000053e-01
6.127500000000000391e+00 -1.780039267999999897e-01
6.129999999999999893e+00 -1.779052235999999954e-01
6.132500000000000284e+00 -1.776488679000000070e-01
6.134999999999999787e+00 -1.781350176000000007e-01
6.137500000000000178e+00 -1.779735396000000081e-01
6.139999999999999680e+00 -1.780714968999999870e-01
6.142500000000000071e+00 -1.779014972999999888e-01
6.144999999999999574e+00 -1.779534425000000031e-01
6.147499999999999964e+00 -1.776359891000000024e-01
6.150000000000000355e+00 -1.783557534000000111e-01
6.152499999999999858e+00 -1.779259380999999862e-01
6.155000000000000249e+00 -1.782357492999999959e-01
6.157499999999999751e+00 -1.782045637999999932e-01
6.160000000000000142e+00 -1.783085155999999949e-01
6.162499999999999645e+00 -1.783872518999999879e-01
6.165000000000000036e+00 -1.785657229000000012e-01
6.167500000000000426e+00 -1.784376289000000060e-01
6.169999999999999929e+00 -1.784555483999999970e-01
6.172500000000000320e+00 -1.783687646000000071e-01
6.174999999999999822e+00 -1.785806218000000056e-01
6.177500000000000213e+00 -1.786515653999999897e-01
6.179999999999999716e+00 -1.787969387999999993e-01
6.182500000000000107e+00 -1.784205033000000051e-01
6.184999999999999609e+00 -1.786553647000000133e-01
6.187500000000000000e+00 -1.787070899000000046e-01
6.190000000000000391e+00 -1.789738020999999957e-01
6.192499999999999893e+00 -1.791760431999999958e-01
6.195000000000000284e+00 -1.785203270999999869e-01
6.197499999999999787e+00 -1.787545524999999969e-01
6.200000000000000178e+00 -1.788165207000000090e-01
6.202499999999999680e+00 -1.787627670999999974e-01
6.205000000000000071e+00 -1.790302786000000090e-01
6.207499999999999574e+00 -1.792845136000000006e-01
6.209999999999999964e+00 -1.789613381000000059e-01
6.212500000000000355e+00 -1.793569992999999863e-01
6.214999999999999858e+00 -1.789607733999999950e-01
6.217500000000000249e+00 -1.795122323999999991e-01
6.219999999999999751e+00 -1.792550092999999900e-01
6.222500000000000142e+00 -1.793279580999999900e-01
6.224999999999999645e+00 -1.792669299999999910e-01
6.227500000000000036e+00 -1.793905842000000084e-01
6.230000000000000426e+00 -1.792711468000000030e-01
6.232499999999999929e+00 -1.795878459999999954e-01
6.235000000000000320e+00 -1.790797563000000037e-01
6.237499999999999822e+00 -1.795261736000000052e-01
6.240000000000000213e+00 -1.793209497000000097e-01
6.242499999999999716e+00 -1.798043907000000108e-01
6.245000000000000107e+00 -1.795239580000000112e-01
6.247499999999999609e+00 -1.796579192999999963e-01
6.250000000000000000e+00 -1.796333267999999928e-01
6.252500000000000391e+00 -1.797690627000000096e-01
6.254999999999999893e+00 -1.796261351000000006e-01
6.257500000000000284e+00 -1.797973253000000049e-01
6.259999999999999787e+00 -1.797337011000000040e-01
6.262500000000000178e+00 -1.793786223000000124e-01
6.264999999999999680e+00 -1.798967388999999917e-01
6.267500000000000071e+00 -1.802099051000000118e-01
6.269999999999999574e+00 -1.801973722999999916e-01
6.272499999999999964e+00 -1.797557528000000016e-01
6.275000000000000355e+00 -1.802934210000000093e-01
6.277499999999999858e+00 -1.801194473999999934e-01
6.280000000000000249e+00 -1.801724510999999918e-01
6.282499999999999751e+00 -1.802843912000000048e-01
6.285000000000000142e+00 -1.806816370000000060e-01
6.287499999999999645e+00 -1.804958916000000135e-01
6.290000000000000036e+00 -1.802102976999999939e-01
6.292500000000000426e+00 -1.804833355000000084e-01
6.294999999999999929e+00 -1.807003067999999879e-01
6.297500000000000320e+00 -1.805167850999999934e-01
6.299999999999999822e+00 -1.808068110999999922e-01
6.302500000000000213e+00 -1.804920664000000119e-01
6.304999999999999716e+00 -1.802276026999999892e-01
6.307500000000000107e+00 -1.805497325000000042e-01
6.309999999999999609e+00 -1.808546528999999958e-01
6.312500000000000000e+00 -1.808860275999999989e-01
6.315000000000000391e+00 -1.802314483000000134e-01
6.317499999999999893e+00 -1.809184047000000073e-01
6.320000000000000284e+00 -1.804943214999999990e-01
6.322499999999999787e+00 -1.804224268999999881e-01
6.325000000000000178e+00 -1.801781725000000112e-01
6.327499999999999680e+00 -1.805801394000000060e-01
6.330000000000000071e+00 -1.807858810000000094e-01
6.332499999999999574e+00 -1.807527442000000095e-01
6.334999999999999964e+00 -1.805901641000000057e-01
6.337500000000000355e+00 -1.806882288999999975e-01
6.339999999999999858e+00 -1.812857256000000028e-01
6.342500000000000249e+00 -1.809819910999999892e-01
6.344999999999999751e+00 -1.814247855999999992e-01
6.347500000000000142e+00 -1.813645899000000117e-01
6.349999999999999645e+00 -1.813921964000000109e-01
6.352500000000000036e+00 -1.810711054999999958e-01
6.355000000000000426e+00 -1.812968853999999963e-01
6.357499999999999929e+00 -1.815437537000000046e-01
6.360000000000000320e+00 -1.814904797999999930e-01
6.362499999999999822e+00 -1.816528457000000096e-01
6.365000000000000213e+00 -1.816301455000000065e-01
6.367499999999999716e+00 -1.815220056999999887e-01
6.370000000000000107e+00 -1.818615681000000095e-01
6.372499999999999609e+00 -1.816575189000000090e-01
6.375000000000000000e+00 -1.821169831999999988e-01
6.377500000000000391e+00 -1.812751001000000028e-01
6.379999999999999893e+00 -1.816512084000000138e-01
6.382500000000000284e+00 -1.817903022000000035e-01
6.384999999999999787e+00 -1.821972857999999973e-01
6.387500000000000178e+00 -1.819758501000000028e-01
6.389999999999999680e+00 -1.820343627000000075e-01
6.392500000000000071e+00 -1.818310786000000012e-01
6.394999999999999574e+00 -1.818810976999999940e-01
6.397499999999999964e+00 -1.819215983999999953e-01
6.400000000000000355e+00 -1.822345115000000015e-01
6.402499999999999858e+00 -1.823821348000000120e-01
6.405000000000000249e+00 -1.821784577999999988e-01
6.407499999999999751e+00 -1.822502316000000067e-01
6.410000000000000142e+00 -1.826357312000000122e-01
6.412499999999999645e+00 -1.823330830000000069e-01
6.415000000000000036e+00 -1.824683572999999948e-01
6.417500000000000426e+00 -1.824690023999999966e-01
6.419999999999999929e+00 -1.828209348000000012e-01
6.422500000000000320e+00 -1.828674422000000077e-01
6.424999999999999822e+00 -1.821468049999999950e-01
6.427500000000000213e+00 -1.830135583999999982e-01
6.429999999999999716e+00 -1.826464116000000026e-01
6.432500000000000107e+00 -1.828265206999999948e-01
6.434999999999999609e+00 -1.825973878999999911e-01
6.437500000000000000e+00 -1.827054751999999949e-01
6.440000000000000391e+00 -1.828056905999999870e-01
6.442499999999999893e+00 -1.829753100000000021e-01
6.445000000000000284e+00 -1.832278820000000086e-01
6.447499999999999787e+00 -1.827937277999999999e-01
6.450000000000000178e+00 -1.832580131000000057e-01
6.452499999999999680e+00 -1.831904055999999947e-01
6.455000000000000071e+00 -1.832884633000000096e-01
6.457499999999999574e+00 -1.829928634000000109e-01
6.459999999999999964e+00 -1.830550291999999968e-01
6.462500000000000355e+00 -1.832848514000000040e-01
6.464999999999999858e+00 -1.836457743999999892e-01
6.467500000000000249e+00 -1.836680034000000017e-01
6.469999999999999751e+00 -1.836617325999999883e-01
6.472500000000000142e+00 -1.837002707000000012e-01
6.474999999999999645e+00 -1.833435783000000041e-01
6.477500000000000036e+00 -1.834431182000000049e-01
6.480000000000000426e+00 -1.831982632999999971e-01
6.482499999999999929e+00 -1.838470077000000091e-01
6.485000000000000320e+00 -1.837290299999999876e-01
6.487499999999999822e+00 -1.834439931000000079e-01
6.490000000000000213e+00 -1.839464061999999955e-01
6.492499999999999716e+00 -1.844322116999999872e-01
6.495000000000000107e+00 -1.838886134000000117e-01
6.497499999999999609e+00 -1.840811528999999891e-01
6.500000000000000000e+00 -1.842002463999999895e-01
6.502500000000000391e+00 -1.839313766000000017e-01
6.504999999999999893e+00 -1.840465588999999902e-01
6.507500000000000284e+00 -1.839701732000000034e-01
6.509999999999999787e+00 -1.842769992999999940e-01
6.512500000000000178e+00 -1.844952002999999952e-01
6.514999999999999680e+00 -1.843744885999999972e-01
6.517500000000000071e+00 -1.846000177000000075e-01
6.519999999999999574e+00 -1.843723462999999896e-01
6.522499999999999964e+00 -1.845233736000000124e-01
6.525000000000000355e+00 -1.842503431999999997e-01
6.527499999999999858e+00 -1.847164535999999968e-01
6.530000000000000249e+00 -1.848163129000000016e-01
6.532499999999999751e+00 -1.843399964999999918e-01
6.535000000000000142e+00 -1.847681894000000047e-01
6.537499999999999645e+00 -1.846014659999999918e-01
6.540000000000000036e+00 -1.849826524000000028e-01
6.542500000000000426e+00 -1.851593786999999880e-01
6.544999999999999929e+00 -1.851505364000000098e-01
6.547500000000000320e+00 -1.846771883999999975e-01
6.549999999999999822e+00 -1.846252253000000010e-01
6.552500000000000213e+00 -1.852650684999999908e-01
6.554999999999999716e+00 -1.851327705999999962e-01
6.557500000000000107e+00 -1.854414410999999929e-01
6.559999999999999609e+00 -1.854709353000000005e-01
6.562500000000000000e+00 -1.852292285999999899e-01
6.565000000000000391e+00 -1.856597141999999923e-01
6.567499999999999893e+00 -1.853429453000000060e-01
6.570000000000000284e+00 -1.853486866999999871e-01
6.572499999999999787e+00 -1.852024130999999907e-01
6.575000000000000178e+00 -1.860195662000000139e-01
6.577499999999999680e+00 -1.857848371999999970e-01
6.580000000000000071e+00 -1.855096689000000076e-01
6.582499999999999574e+00 -1.857249672999999879e-01
6.584999999999999964e+00 -1.860989922999999879e-01
6.587500000000000355e+00 -1.857966574000000093e-01
6.589999999999999858e+00 -1.858634544999999971e-01
6.592500000000000249e+00 -1.857177861000000041e-01
6.594999999999999751e+00 -1.863692177000000061e-01
6.597500000000000142e+00 -1.857818646000000129e-01
6.599999999999999645e+00 -1.863022481000000119e-01
6.602500000000000036e+00 -1.862474836000000133e-01
6.605000000000000426e+00 -1.862432864000000132e-01
6.607499999999999929e+00 -1.861555252000000049e-01
6.610000000000000320e+00 -1.864031438000000040e-01
6.612499999999999822e+00 -1.864339023999999900e-01
6.615000000000000213e+00 -1.864284666000000090e-01
6.617499999999999716e+00 -1.862691539000000118e-01
6.620000000000000107e+00 -1.865381657000000082e-01
6.622499999999999609e+00 -1.869249195000000086e-01
6.625000000000000000e+00 -1.865059625000000110e-01
6.627500000000000391e+00 -1.864306769999999891e-01
6.629999999999999893e+00 -1.868799205999999991e-01
6.632500000000000284e+00 -1.867521004000000096e-01
6.634999999999999787e+00 -1.865823239000000133e-01
6.637500000000000178e+00 -1.868359732000000051e-01
6.639999999999999680e+00 -1.871060549000000128e-01
6.642500000000000071e+00 -1.870886422999999965e-01
6.644999999999999574e+00 -1.873654271999999898e-01
6.647499999999999964e+00 -1.869785483999999998e-01
6.650000000000000355e+00 -1.870433648000000004e-01
6.652499999999999858e+00 -1.873187883000000109e-01
6.655000000000000249e+00 -1.871384355000000055e-01
6.657499999999999751e+00 -1.875237308999999908e-01
6.660000000000000142e+00 -1.873431418000000015e-01
6.662499999999999645e+00 -1.875687201000000026e-01
6.665000000000000036e+00 -1.874386531999999994e-01
6.667500000000000426e+00 -1.872949220000000026e-01
6.669999999999999929e+00 -1.878915952999999917e-01
6.672500000000000320e+00 -1.878175616999999964e-01
6.674999999999999822e+00 -1.877563176000000000e-01
6.677500000000000213e+00 -1.876531915999999911e-01
6.679999999999999716e+00 -1.879677244999999886e-01
6.682500000000000107e+00 -1.881894025999999998e-01
6.684999999999999609e+00 -1.881976670999999934e-01
6.687500000000000000e+00 -1.879624346000000057e-01
6.690000000000000391e+00 -1.881051827000000121e-01
6.692499999999999893e+00 -1.879271376999999965e-01
6.695000000000000284e+00 -1.880516580000000104e-01
6.697499999999999787e+00 -1.881915742999999974e-01
6.700000000000000178e+00 -1.885184800999999966e-01
6.702499999999999680e+00 -1.882609658999999935e-01
6.705000000000000071e+00 -1.882630381000000019e-01
6.707499999999999574e+00 -1.887507257000000105e-01
6.709999999999999964e+00 -1.887263429999999909e-01
6.712500000000000355e+00 -1.884497678000000009e-01
6.714999999999999858e+00 -1.886002196000000075e-01
6.717500000000000249e+00 -1.885250475999999953e-01
6.719999999999999751e+00 -1.887083881000000130e-01
6.722500000000000142e+00 -1.891329244999999937e-01
6.724999999999999645e+00 -1.888003447000000112e-01
6.727500000000000036e+00 -1.890573567000000121e-01
6.730000000000000426e+00 -1.891095574999999973e-01
6.732499999999999929e+00 -1.888668010000000008e-01
6.735000000000000320e+00 -1.891557892000000074e-01
6.737499999999999822e+00 -1.889904424999999943e-01
6.740000000000000213e+00 -1.889513385000000101e-01
6.742499999999999716e+00 -1.895376646999999970e-01
6.745000000000000107e+00 -1.892971304999999937e-01
6.747499999999999609e+00 -1.894714302999999933e-01
6.750000000000000000e+00 -1.895102983999999990e-01
6.752500000000000391e+00 -1.895380154000000095e-01
6.754999999999999893e+00 -1.895432496999999994e-01
6.757500000000000284e+00 -1.897588809000000099e-01
6.759999999999999787e+00 -1.899655110000000036e-01
6.762500000000000178e+00 -1.898149487000000135e-01
6.764999999999999680e+00 -1.896598015000000026e-01
6.767500000000000071e+00 -1.898759727999999869e-01
6.769999999999999574e+00 -1.903526111999999937e-01
6.772499999999999964e+00 -1.895660529000000039e-01
6.775000000000000355e+00 -1.902334988999999921e-01
6.777499999999999858e+00 -1.900253590000000048e-01
6.780000000000000249e+00 -1.900331862000000094e-01
6.782499999999999751e+00 -1.905173941999999954e-01
6.785000000000000142e+00 -1.905468579000000051e-01
6.787499999999999645e+00 -1.906524443000000013e-01
6.790000000000000036e+00 -1.905086578999999891e-01
6.792500000000000426e+00 -1.904526321999999994e-01
6.794999999999999929e+00 -1.906298667999999918e-01
6.797500000000000320e+00 -1.908847344000000057e-01
6.799999999999999822e+00 -1.907852959999999931e-01
6.802500000000000213e+00 -1.907774874000000009e-01
6.804999999999999716e+00 -1.911150893999999933e-01
6.807500000000000107e+00 -1.908160858999999876e-01
6.809999999999999609e+00 -1.907689837000000055e-01
6.812500000000000000e+00 -1.909086171999999915e-01
6.815000000000000391e+00 -1.911214447000000038e-01
6.817499999999999893e+00 -1.909215468999999887e-01
6.820000000000000284e+00 -1.910516888999999885e-01
6.822499999999999787e+00 -1.911806810999999995e-01
6.825000000000000178e+00 -1.912121508999999886e-01
6.827499999999999680e+00 -1.916967005000000113e-01
6.830000000000000071e+00 -1.913047801999999964e-01
6.832499999999999574e+00 -1.916614554000000137e-01
6.834999999999999964e+00 -1.916381436000000049e-01
6.837500000000000355e+00 -1.916327089000000039e-01
6.839999999999999858e+00 -1.917830969000000052e-01
6.842500000000000249e+00 -1.914210751000000044e-01
6.844999999999999751e+00 -1.923540246999999870e-01
6.847500000000000142e+00 -1.918122094999999971e-01
6.849999999999999645e+00 -1.920519938999999954e-01
6.852500000000000036e+00 -1.922170300999999915e-01
6.855000000000000426e+00 -1.915138816999999993e-01
6.857499999999999929e+00 -1.921737574999999865e-01
6.860000000000000320e+00 -1.923977198000000055e-01
6.862499999999999822e+00 -1.921701848000000046e-01
6.865000000000000213e+00 -1.924041320000000055e-01
6.867499999999999716e+00 -1.924016940000000120e-01
6.870000000000000107e+00 -1.923894442000000093e-01
6.872499999999999609e+00 -1.929505384999999906e-01
6.875000000000000000e+00 -1.927646187000000011e-01
6.877500000000000391e+00 -1.927041835999999952e-01
6.879999999999999893e+00 -1.933167614000000090e-01
6.882500000000000284e+00 -1.929379327999999894e-01
6.884999999999999787e+00 -1.929188114000000009e-01
6.887500000000000178e+00 -1.931964724000000133e-01
6.889999999999999680e+00 -1.931900266999999893e-01
6.892500000000000071e+00 -1.935972611000000010e-01
6.894999999999999574e+00 -1.936492488999999873e-01
6.897499999999999964e+00 -1.932691763999999923e-01
6.900000000000000355e+00 -1.933599847999999954e-01
6.902499999999999858e+00 -1.929579814000000060e-01
6.905000000000000249e+00 -1.931938235000000004e-01
6.907499999999999751e+00 -1.937531967999999993e-01
6.910000000000000142e+00 -1.936146328999999999e-01
6.912499999999999645e+00 -1.938427024999999915e-01
6.915000000000000036e+00 -1.939172667000000072e-01
6.917500000000000426e+00 -1.937820399999999887e-01
6.919999999999999929e+00 -1.938652148999999991e-01
6.922500000000000320e+00 -1.939931802000000038e-01
6.924999999999999822e+00 -1.938989549000000034e-01
6.927500000000000213e+00 -1.939067054999999984e-01
6.929999999999999716e+00 -1.941769851000000047e-01
6.932500000000000107e+00 -1.945220987000000068e-01
6.934999999999999609e+00 -1.943076036999999978e-01
6.937500000000000000e+00 -1.944443079000000019e-01
6.940000000000000391e+00 -1.947383842000000032e-01
6.942499999999999893e+00 -1.941354361000000028e-01
6.945000000000000284e+00 -1.950217754999999942e-01
6.947499999999999787e+00 -1.950302100000000094e-01
6.950000000000000178e+00 -1.945421260000000097e-01
6.952499999999999680e+00 -1.944487410000000083e-01
6.955000000000000071e+00 -1.944588790000000011e-01
6.957499999999999574e+00 -1.947287107000000017e-01
6.959999999999999964e+00 -1.946872919000000035e-01
6.962500000000000355e+00 -1.947900136999999865e-01
6.964999999999999858e+00 -1.952512898000000052e-01
6.967500000000000249e+00 -1.954148034000000034e-01
6.969999999999999751e+00 -1.950997639000000006e-01
6.972500000000000142e+00 -1.955896584000000049e-01
6.974999999999999645e+00 -1.954463154999999952e-01
6.977500000000000036e+00 -1.953475620000000024e-01
6.980000000000000426e+00 -1.955181101000000032e-01
6.982499999999999929e+00 -1.955276029999999943e-01
6.985000000000000320e+00 -1.958555352000000138e-01
6.987499999999999822e+00 -1.956619041999999864e-01
6.990000000000000213e+00 -1.956133891999999874e-01
6.992499999999999716e+00 -1.956531794999999962e-01
6.995000000000000107e+00 -1.959229308000000058e-01
6.997499999999999609e+00 -1.958122221999999968e-01
7.000000000000000000e+00 -1.959123658999999962e-01
7.002500000000000391e+00 -1.960747123000000092e-01
7.004999999999999893e+00 -1.966116045000000090e-01
7.007500000000000284e+00 -1.962302097999999995e-01
7.009999999999999787e+00 -1.960736594999999971e-01
7.012500000000000178e+00 -1.963939493000000092e-01
7.014999999999999680e+00 -1.966583618999999949e-01
7.017500000000000071e+00 -1.965324767999999944e-01
7.019999999999999574e+00 -1.969836983000000097e-01
7.022499999999999964e+00 -1.966031793000000139e-01
7.025000000000000355e+00 -1.970710317999999905e-01
7.027499999999999858e+00 -1.968897289000000050e-01
7.030000000000000249e+00 -1.970272449999999897e-01
7.032499999999999751e+00 -1.967194143000000062e-01
7.035000000000000142e+00 -1.972338637999999922e-01
7.037499999999999645e+00 -1.969911471999999941e-01
7.040000000000000036e+00 -1.971851802000000042e-01
7.042500000000000426e+00 -1.971258250000000045e-01
7.044999999999999929e+00 -1.973547202000000000e-01
7.047500000000000320e+00 -1.972328439000000100e-01
7.049999999999999822e+00 -1.975721819000000046e-01
7.052500000000000213e+00 -1.974396988999999880e-01
7.054999999999999716e+00 -1.974322783000000137e-01
7.057500000000000107e+00 -1.974682000000000104e-01
7.059999999999999609e+00 -1.978225707000000055e-01
7.062500000000000000e+00 -1.979683807000000018e-01
7.065000000000000391e+00 -1.980263445000000067e-01
7.067499999999999893e+00 -1.981089561999999915e-01
7.070000000000000284e+00 -1.986057136000000112e-01
7.072499999999999787e+00 -1.984050698000000001e-01
7.075000000000000178e+00 -1.984812273999999876e-01
7.077499999999999680e+00 -1.986316023999999958e-01
7.080000000000000071e+00 -1.985840329999999931e-01
7.082499999999999574e+00 -1.982388139000000049e-01
7.084999999999999964e+00 -1.983308035000000136e-01
7.087500000000000355e+00 -1.985718163999999897e-01
7.089999999999999858e+00 -1.987512979999999929e-01
7.092500000000000249e+00 -1.989257057000000106e-01
7.094999999999999751e+00 -1.989387075999999865e-01
7.097500000000000142e+00 -1.989528017999999954e-01
7.099999999999999645e+00 -1.991563161000000082e-01
7.102500000000000036e+00 -1.991589416000000001e-01
7.105000000000000426e+00 -1.989623731999999867e-01
7.107499999999999929e+00 -1.991158818000000053e-01
7.110000000000000320e+00 -1.991434082999999911e-01
7.112499999999999822e+00 -1.992756014000000020e-01
7.115000000000000213e+00 -1.992240137000000078e-01
7.117499999999999716e+00 -1.993938050999999878e-01
7.120000000000000107e+00 -1.997542770999999884e-01
7.122499999999999609e+00 -1.996877348999999968e-01
7.125000000000000000e+00 -1.997458542999999975e-01
7.127500000000000391e+00 -1.997348268999999954e-01
7.129999999999999893e+00 -2.000613022000000130e-01
7.132500000000000284e+00 -2.001531205000000035e-01
7.134999999999999787e+00 -2.001113167999999942e-01
7.137500000000000178e+00 -1.997544458999999939e-01
7.139999999999999680e+00 -2.002312150999999985e-01
7.142500000000000071e+00 -2.001506948000000008e-01
7.144999999999999574e+00 -2.004440322999999913e-01
7.147499999999999964e+00 -2.003426463999999907e-01
7.150000000000000355e+00 -2.003970384000000049e-01
7.152499999999999858e+00 -2.009058676000000099e-01
7.155000000000000249e+00 -2.008300507000000124e-01
7.157499999999999751e+00 -2.009198741000000066e-01
7.160000000000000142e+00 -2.010805412999999986e-01
7.162499999999999645e+00 -2.009666458999999905e-01
7.165000000000000036e+00 -2.013335963000000006e-01
7.167500000000000426e+00 -2.011480656999999894e-01
7.169999999999999929e+00 -2.009370149999999966e-01
7.172500000000000320e+00 -2.012993516999999899e-01
7.174999999999999822e+00 -2.017226575000000133e-01
7.177500000000000213e+00 -2.015817789999999887e-01
7.179999999999999716e+00 -2.017810012000000042e-01
7.182500000000000107e+00 -2.016959657000000072e-01
7.184999999999999609e+00 -2.015996895000000122e-01
7.187500000000000000e+00 -2.018363817999999921e-01
7.190000000000000391e+00 -2.020095645999999967e-01
7.192499999999999893e+00 -2.013808294999999970e-01
7.195000000000000284e+00 -2.020626550000000077e-01
7.197499999999999787e+00 -2.018817833999999867e-01
7.200000000000000178e+00 -2.022036735999999946e-01
7.202499999999999680e+00 -2.019381682999999983e-01
7.205000000000000071e+00 -2.022744073999999947e-01
7.207499999999999574e+00 -2.025379174999999976e-01
7.209999999999999964e+00 -2.025941913000000039e-01
7.212500000000000355e+00 -2.025577379999999872e-01
7.214999999999999858e+00 -2.025721735000000079e-01
7.217500000000000249e+00 -2.026728077000000128e-01
7.219999999999999751e+00 -2.025012797000000087e-01
7.222500000000000142e+00 -2.023896967000000102e-01
7.224999999999999645e+00 -2.033089633999999868e-01
7.227500000000000036e+00 -2.031931198999999966e-01
7.230000000000000426e+00 -2.032479711999999883e-01
7.232499999999999929e+00 -2.036465161999999884e-01
7.235000000000000320e+00 -2.034864140000000043e-01
7.237499999999999822e+00 -2.032762553999999944e-01
7.240000000000000213e+00 -2.037588657000000136e-01
7.242499999999999716e+00 -2.037997460000000038e-01
7.245000000000000107e+00 -2.038773339999999934e-01
7.247499999999999609e+00 -2.036226124000000137e-01
7.250000000000000000e+00 -2.042723747000000090e-01
7.252500000000000391e+00 -2.035711154000000023e-01
7.254999999999999893e+00 -2.039494846999999889e-01
7.257500000000000284e+00 -2.041855419999999977e-01
7.259999999999999787e+00 -2.043870872000000116e-01
7.262500000000000178e+00 -2.043482748000000071e-01
7.264999999999999680e+00 -2.044969372999999868e-01
7.267500000000000071e+00 -2.043254094999999992e-01
7.269999999999999574e+00 -2.046655987999999871e-01
7.272499999999999964e+00 -2.046941777000000073e-01
7.275000000000000355e+00 -2.046087453000000056e-01
7.277499999999999858e+00 -2.049918752999999871e-01
7.280000000000000249e+00 -2.048910260000000039e-01
7.282499999999999751e+00 -2.047986860000000076e-01
7.285000000000000142e+00 -2.055513445000000106e-01
7.287499999999999645e+00 -2.053683963999999862e-01
7.290000000000000036e+00 -2.054231274999999968e-01
7.292500000000000426e+00 -2.055817561000000127e-01
7.294999999999999929e+00 -2.054788765999999989e-01
7.297500000000000320e+00 -2.057929840999999926e-01
7.299999999999999822e+00 -2.056858169000000125e-01
7.302500000000000213e+00 -2.057478447999999960e-01
7.304999999999999716e+00 -2.062995247999999948e-01
7.307500000000000107e+00 -2.059884757999999871e-01
7.309999999999999609e+00 -2.060322908999999980e-01
7.312500000000000000e+00 -2.061288206999999928e-01
7.315000000000000391e+00 -2.063384335000000014e-01
7.317499999999999893e+00 -2.062867570999999955e-01
7.320000000000000284e+00 -2.062271851999999961e-01
7.322499999999999787e+00 -2.064159436000000125e-01
7.325000000000000178e+00 -2.065546970999999898e-01
7.327499999999999680e+00 -2.067178413000000103e-01
7.330000000000000071e+00 -2.064764476000000015e-01
7.332499999999999574e+00 -2.067672636000000008e-01
7.334999999999999964e+00 -2.066963319000000021e-01
7.337500000000000355e+00 -2.071646534999999900e-01
7.339999999999999858e+00 -2.066144377999999948e-01
7.342500000000000249e+00 -2.070218078000000128e-01
7.344999999999999751e+00 -2.074565114999999960e-01
7.347500000000000142e+00 -2.071316978999999947e-01
7.349999999999999645e+00 -2.074176860999999983e-01
7.352500000000000036e+00 -2.077223066999999979e-01
7.355000000000000426e+00 -2.077399188000000063e-01
7.357499999999999929e+00 -2.079253024999999921e-01
7.360000000000000320e+00 -2.077639502999999999e-01
7.362499999999999822e+00 -2.082300331999999976e-01
7.365000000000000213e+00 -2.079169211000000128e-01
7.367499999999999716e+00 -2.081915890999999907e-01
7.370000000000000107e+00 -2.083931284999999967e-01
7.372499999999999609e+00 -2.085204026999999960e-01
7.375000000000000000e+00 -2.083986318000000115e-01
7.377500000000000391e+00 -2.084883754000000089e-01
7.379999999999999893e+00 -2.087888690999999963e-01
7.382500000000000284e+00 -2.088857718999999891e-01
7.384999999999999787e+00 -2.083274194999999995e-01
7.387500000000000178e+00 -2.090773351999999918e-01
7.389999999999999680e+00 -2.090673891000000006e-01
7.392500000000000071e+00 -2.093609042000000031e-01
7.394999999999999574e+00 -2.092769765999999976e-01
7.397499999999999964e+00 -2.094515760000000004e-01
7.400000000000000355e+00 -2.096223083000000043e-01
7.402499999999999858e+00 -2.095615932999999875e-01
7.405000000000000249e+00 -2.093907533999999904e-01
7.407499999999999751e+00 -2.096343036999999965e-01
7.410000000000000142e+00 -2.096070319999999987e-01
7.412499999999999645e+00 -2.100605500000000125e-01
7.415000000000000036e+00 -2.097659434999999961e-01
7.417500000000000426e+00 -2.100257207000000015e-01
7.419999999999999929e+00 -2.100705472999999934e-01
7.422500000000000320e+00 -2.099703452999999997e-01
7.424999999999999822e+00 -2.105769208999999920e-01
7.427500000000000213e+00 -2.103277555999999993e-01
7.429999999999999716e+00 -2.106279594000000088e-01
7.432500000000000107e+00 -2.107914224000000114e-01
7.434999999999999609e+00 -2.106397020999999925e-01
7.437500000000000000e+00 -2.108558366999999933e-01
7.440000000000000391e+00 -2.105788255000000109e-01
7.442499999999999893e+00 -2.105490651999999963e-01
7.445000000000000284e+00 -2.111294166999999888e-01
7.447499999999999787e+00 -2.110862954999999930e-01
7.450000000000000178e+00 -2.111234465999999865e-01
7.452499999999999680e+00 -2.114259448999999957e-01
7.455000000000000071e+00 -2.113725599000000066e-01
7.457499999999999574e+00 -2.113195888000000133e-01
7.459999999999999964e+00 -2.115749237000000005e-01
7.462500000000000355e+00 -2.120840689000000057e-01
7.464999999999999858e+00 -2.118294027000000024e-01
7.467500000000000249e+00 -2.115405478999999866e-01
7.469999999999999751e+00 -2.116958056000000088e-01
7.472500000000000142e+00 -2.124201662000000101e-01
7.474999999999999645e+00 -2.122873077999999913e-01
7.477500000000000036e+00 -2.123074556000000002e-01
7.480000000000000426e+00 -2.122388366999999887e-01
7.482499999999999929e+00 -2.127464068999999902e-01
7.485000000000000320e+00 -2.130503628000000038e-01
7.487499999999999822e+00 -2.129711251999999999e-01
7.490000000000000213e+00 -2.130542472999999992e-01
7.492499999999999716e+00 -2.132302966000000077e-01
7.495000000000000107e+00 -2.132680496999999897e-01
7.497499999999999609e+00 -2.132886365999999978e-01
7.500000000000000000e+00 -2.131991873000000093e-01
7.502500000000000391e+00 -2.133853280000000130e-01
7.504999999999999893e+00 -2.134092310000000048e-01
7.507500000000000284e+00 -2.136851726000000007e-01
7.509999999999999787e+00 -2.136920270999999871e-01
7.512500000000000178e+00 -2.133931414999999943e-01
7.514999999999999680e+00 -2.137414562000000129e-01
7.517500000000000071e+00 -2.140279751999999980e-01
7.519999999999999574e+00 -2.144729917000000041e-01
7.522499999999999964e+00 -2.139229116999999958e-01
7.525000000000000355e+00 -2.142677241000000010e-01
7.527499999999999858e+00 -2.143712530999999921e-01
7.530000000000000249e+00 -2.146098844999999866e-01
7.532499999999999751e+00 -2.145325372999999924e-01
7.535000000000000142e+00 -2.145667837000000133e-01
7.537499999999999645e+00 -2.149264885999999930e-01
7.540000000000000036e+00 -2.150849740999999926e-01
7.542500000000000426e+00 -2.147598306000000068e-01
7.544999999999999929e+00 -2.149204891000000006e-01
7.547500000000000320e+00 -2.152370841000000035e-01
7.549999999999999822e+00 -2.153419658999999875e-01
7.552500000000000213e+00 -2.158384926999999953e-01
7.554999999999999716e+00 -2.158870598000000030e-01
7.557500000000000107e+00 -2.152830891999999996e-01
7.559999999999999609e+00 -2.155696341999999988e-01
7.562500000000000000e+00 -2.159394594999999861e-01
7.565000000000000391e+00 -2.161739306000000083e-01
7.567499999999999893e+00 -2.162781417999999900e-01
7.570000000000000284e+00 -2.161306709999999964e-01
7.572499999999999787e+00 -2.160029324999999945e-01
7.575000000000000178e+00 -2.168207340999999955e-01
7.577499999999999680e+00 -2.164498659000000103e-01
7.580000000000000071e+00 -2.166302944000000064e-01
7.582499999999999574e+00 -2.166873679000000108e-01
7.584999999999999964e+00 -2.167663592000000083e-01
7.587500000000000355e+00 -2.169026735000000039e-01
7.589999999999999858e+00 -2.171256903000000071e-01
7.592500000000000249e+00 -2.171610126000000085e-01
7.594999999999999751e+00 -2.170272382000000000e-01
7.597500000000000142e+00 -2.174847407999999926e-01
7.599999999999999645e+00 -2.171548510999999904e-01
7.602500000000000036e+00 -2.174954423000000081e-01
7.605000000000000426e+00 -2.176288748999999911e-01
7.607499999999999929e+00 -2.180302115999999957e-01
7.610000000000000320e+00 -2.181818825999999878e-01
7.612499999999999822e+00 -2.177900490000000133e-01
7.615000000000000213e+00 -2.181906966999999919e-01
7.617499999999999716e+00 -2.184211533000000038e-01
7.620000000000000107e+00 -2.183560771999999983e-01
7.622499999999999609e+00 -2.186350562000000108e-01
7.625000000000000000e+00 -2.183442489999999903e-01
7.627500000000000391e+00 -2.189326087000000032e-01
7.629999999999999893e+00 -2.186879036999999915e-01
7.632500000000000284e+00 -2.187829001999999912e-01
7.634999999999999787e+00 -2.187913649999999877e-01
7.637500000000000178e+00 -2.188829740999999884e-01
7.639999999999999680e+00 -2.190665028000000070e-01
7.642500000000000071e+00 -2.189337611000000128e-01
7.644999999999999574e+00 -2.192373199000000050e-01
7.647499999999999964e+00 -2.192470874999999930e-01
7.650000000000000355e+00 -2.200274822000000130e-01
7.652499999999999858e+00 -2.199626386999999905e-01
7.655000000000000249e+00 -2.202228819000000004e-01
7.657499999999999751e+00 -2.204529860999999979e-01
7.660000000000000142e+00 -2.203804493000000031e-01
7.662499999999999645e+00 -2.202126138999999927e-01
7.665000000000000036e+00 -2.203718379000000060e-01
7.667500000000000426e+00 -2.207471182999999892e-01
7.669999999999999929e+00 -2.206188782999999876e-01
7.672500000000000320e+00 -2.207564985999999896e-01
7.674999999999999822e+00 -2.206365732999999996e-01
7.677500000000000213e+00 -2.209682729999999928e-01
7.679999999999999716e+00 -2.205032237000000006e-01
7.682500000000000107e+00 -2.213079332000000010e-01
7.684999999999999609e+00 -2.213355207000000102e-01
7.687500000000000000e+00 -2.214007064999999885e-01
7.690000000000000391e+00 -2.215827636999999906e-01
7.692499999999999893e+00 -2.213992918000000087e-01
7.695000000000000284e+00 -2.217030418000000003e-01
7.697499999999999787e+00 -2.218815071000000139e-01
7.700000000000000178e+00 -2.218390640000000025e-01
7.702499999999999680e+00 -2.218442038000000005e-01
7.705000000000000071e+00 -2.220928517000000102e-01
7.707499999999999574e+00 -2.223549531000000024e-01
7.709999999999999964e+00 -2.224857768000000069e-01
7.712500000000000355e+00 -2.225102773000000034e-01
7.714999999999999858e+00 -2.225781571999999875e-01
7.717500000000000249e+00 -2.227423617000000022e-01
7.719999999999999751e+00 -2.229461333999999961e-01
7.722500000000000142e+00 -2.229847499000000011e-01
7.724999999999999645e+00 -2.232385688999999895e-01
7.727500000000000036e+00 -2.231683157000000084e-01
7.730000000000000426e+00 -2.233337683000000129e-01
7.732499999999999929e+00 -2.235962236000000047e-01
7.735000000000000320e+00 -2.234571139000000040e-01
7.737499999999999822e+00 -2.240025606000000113e-01
7.740000000000000213e+00 -2.236770966000000138e-01
7.742499999999999716e+00 -2.239804340999999865e-01
7.745000000000000107e+00 -2.239075681999999901e-01
7.747499999999999609e+00 -2.241260629000000060e-01
7.750000000000000000e+00 -2.240900560999999902e-01
7.752500000000000391e+00 -2.243068967000000080e-01
7.754999999999999893e+00 -2.244991239000000138e-01
7.757500000000000284e+00 -2.244898613000000098e-01
7.759999999999999787e+00 -2.248250588000000050e-01
7.762500000000000178e+00 -2.247650706000000054e-01
7.764999999999999680e+00 -2.251215287999999981e-01
7.767500000000000071e+00 -2.252093259999999875e-01
7.769999999999999574e+00 -2.254989994999999914e-01
7.772499999999999964e+00 -2.254886456000000095e-01
7.775000000000000355e+00 -2.254411343999999928e-01
7.777499999999999858e+00 -2.256909548999999904e-01
7.780000000000000249e+00 -2.253824886999999944e-01
7.782499999999999751e+00 -2.257848446000000064e-01
7.785000000000000142e+00 -2.258829589000000138e-01
7.787499999999999645e+00 -2.264508775000000085e-01
7.790000000000000036e+00 -2.263419477999999985e-01
7.792500000000000426e+00 -2.268035462999999918e-01
7.794999999999999929e+00 -2.262993570999999871e-01
7.797500000000000320e+00 -2.262385067000000083e-01
7.799999999999999822e+00 -2.269256815000000038e-01
7.802500000000000213e+00 -2.267916588999999983e-01
7.804999999999999716e+00 -2.265723698999999869e-01
7.807500000000000107e+00 -2.273511237999999990e-01
7.809999999999999609e+00 -2.269195722000000026e-01
7.812500000000000000e+00 -2.272384204000000019e-01
7.815000000000000391e+00 -2.272978281999999961e-01
7.817499999999999893e+00 -2.276233316999999867e-01
7.820000000000000284e+00 -2.282723026000000044e-01
7.822499999999999787e+00 -2.277815118000000028e-01
7.825000000000000178e+00 -2.282536139000000130e-01
7.827499999999999680e+00 -2.280675159999999979e-01
7.830000000000000071e+00 -2.283201874999999936e-01
7.832499999999999574e+00 -2.286031772000000073e-01
7.834999999999999964e+00 -2.284894268000000062e-01
7.837500000000000355e+00 -2.287939535999999885e-01
7.839999999999999858e+00 -2.284421245999999905e-01
7.842500000000000249e+00 -2.286349461000000138e-01
7.844999999999999751e+00 -2.287704000000000126e-01
7.847500000000000142e+00 -2.293406614999999871e-01
7.849999999999999645e+00 -2.293019438999999993e-01
7.852500000000000036e+00 -2.293885958000000114e-01
7.855000000000000426e+00 -2.293817975999999925e-01
7.857499999999999929e+00 -2.296660104999999896e-01
7.860000000000000320e+00 -2.299298069000000055e-01
7.862499999999999822e+00 -2.294300420000000007e-01
7.865000000000000213e+00 -2.302650432999999996e-01
7.867499999999999716e+00 -2.305210317999999980e-01
7.870000000000000107e+00 -2.302214050999999984e-01
7.872499999999999609e+00 -2.306043660000000051e-01
7.875000000000000000e+00 -2.308795778999999937e-01
7.877500000000000391e+00 -2.303053394000000031e-01
7.879999999999999893e+00 -2.309466742000000072e-01
7.882500000000000284e+00 -2.309911394999999978e-01
7.884999999999999787e+00 -2.309711571999999991e-01
7.887500000000000178e+00 -2.310040911000000030e-01
7.889999999999999680e+00 -2.314313306999999931e-01
7.892500000000000071e+00 -2.312994875999999922e-01
7.894999999999999574e+00 -2.314750723000000010e-01
7.897499999999999964e+00 -2.321944679999999872e-01
7.900000000000000355e+00 -2.318318115999999929e-01
7.902499999999999858e+00 -2.323878785999999863e-01
7.905000000000000249e+00 -2.323498337999999885e-01
7.907499999999999751e+00 -2.322380128000000044e-01
7.910000000000000142e+00 -2.321897615000000081e-01
7.912499999999999645e+00 -2.325574337999999908e-01
7.915000000000000036e+00 -2.326780781999999992e-01
7.917500000000000426e+00 -2.327458025999999958e-01
7.919999999999999929e+00 -2.330471890999999962e-01
7.922500000000000320e+00 -2.330764985000000067e-01
7.924999999999999822e+00 -2.332373957999999969e-01
7.927500000000000213e+00 -2.335402490000000053e-01
7.929999999999999716e+00 -2.331783946000000052e-01
7.932500000000000107e+00 -2.337452708999999962e-01
7.934999999999999609e+00 -2.339364186000000012e-01
7.937500000000000000e+00 -2.341330825999999865e-01
7.940000000000000391e+00 -2.341703054000000006e-01
7.942499999999999893e+00 -2.340408684999999989e-01
7.945000000000000284e+00 -2.342168856999999882e-01
7.947499999999999787e+00 -2.342554688000000052e-01
7.950000000000000178e+00 -2.342705456999999991e-01
7.952499999999999680e+00 -2.345462735000000132e-01
7.955000000000000071e+00 -2.349850242000000033e-01
7.957499999999999574e+00 -2.349349001000000103e-01
7.959999999999999964e+00 -2.351551910000000134e-01
7.962500000000000355e+00 -2.354498539000000057e-01
7.964999999999999858e+00 -2.353031070999999919e-01
7.967500000000000249e+00 -2.357162066000000056e-01
7.969999999999999751e+00 -2.357766250999999980e-01
7.972500000000000142e+00 -2.360835166999999957e-01
7.974999999999999645e+00 -2.362137843999999876e-01
7.977500000000000036e+00 -2.356391680000000100e-01
7.980000000000000426e+00 -2.361794157999999866e-01
7.982499999999999929e+00 -2.366547595999999865e-01
7.985000000000000320e+00 -2.365310519999999916e-01
7.987499999999999822e+00 -2.364659749999999949e-01
7.990000000000000213e+00 -2.370916291999999870e-01
7.992499999999999716e+00 -2.369255792000000138e-01
7.995000000000000107e+00 -2.371590122999999994e-01
7.997499999999999609e+00 -2.369685374999999927e-01
8.000000000000000000e+00 -2.376643367000000062e-01
8.002499999999999503e+00 -2.376437839999999968e-01
8.005000000000000782e+00 -2.377577787000000054e-01
8.007500000000000284e+00 -2.381021896999999943e-01
8.009999999999999787e+00 -2.378169203000000120e-01
8.012499999999999289e+00 -2.381752212999999896e-01
8.015000000000000568e+00 -2.384011718000000057e-01
8.017500000000000071e+00 -2.382870790999999933e-01
8.019999999999999574e+00 -2.383333995999999955e-01
8.022500000000000853e+00 -2.389585985000000079e-01
8.025000000000000355e+00 -2.385954264000000047e-01
8.027499999999999858e+00 -2.388622091000000003e-01
8.029999999999999361e+00 -2.390942741000000038e-01
8.032500000000000639e+00 -2.391605477000000035e-01
8.035000000000000142e+00 -2.392847724000000120e-01
8.037499999999999645e+00 -2.393258054000000079e-01
8.039999999999999147e+00 -2.400305061000000129e-01
8.042500000000000426e+00 -2.395823773000000101e-01
8.044999999999999929e+00 -2.398897630000000059e-01
8.047499999999999432e+00 -2.398909707000000113e-01
8.050000000000000711e+00 -2.403502164000000108e-01
8.052500000000000213e+00 -2.401796016999999950e-01
8.054999999999999716e+00 -2.402528002000000051e-01
8.057499999999999218e+00 -2.405155200999999909e-01
8.060000000000000497e+00 -2.409467804000000046e-01
8.062500000000000000e+00 -2.408142937999999955e-01
8.064999999999999503e+00 -2.412510676999999881e-01
8.067500000000000782e+00 -2.416408794000000082e-01
8.070000000000000284e+00 -2.412070149999999968e-01
8.072499999999999787e+00 -2.408003508999999875e-01
8.074999999999999289e+00 -2.421001576000000044e-01
8.077500000000000568e+00 -2.416684451999999983e-01
8.080000000000000071e+00 -2.420222556000000136e-01
8.082499999999999574e+00 -2.420596241000000093e-01
8.085000000000000853e+00 -2.423543135000000015e-01
8.087500000000000355e+00 -2.426727280000000042e-01
8.089999999999999858e+00 -2.422315523000000137e-01
8.092499999999999361e+00 -2.426913207999999988e-01
8.095000000000000639e+00 -2.427366475000000134e-01
8.097500000000000142e+00 -2.432707235000000079e-01
8.099999999999999645e+00 -2.432805507999999950e-01
8.102499999999999147e+00 -2.434969741999999937e-01
8.105000000000000426e+00 -2.436068701999999919e-01
8.107499999999999929e+00 -2.440070243000000139e-01
8.109999999999999432e+00 -2.439468036999999923e-01
8.112500000000000711e+00 -2.439026311999999974e-01
8.115000000000000213e+00 -2.445588434000000033e-01
8.117499999999999716e+00 -2.443872492999999979e-01
8.119999999999999218e+00 -2.448674530000000127e-01
8.122500000000000497e+00 -2.449248521000000067e-01
8.125000000000000000e+00 -2.449647473000000075e-01
8.127499999999999503e+00 -2.451193034999999965e-01
8.130000000000000782e+00 -2.449689084999999988e-01
8.132500000000000284e+00 -2.453451352000000085e-01
8.134999999999999787e+00 -2.451772392999999883e-01
8.137499999999999289e+00 -2.456393390000000121e-01
8.140000000000000568e+00 -2.457765124999999884e-01
8.142500000000000071e+00 -2.461433140000000019e-01
8.144999999999999574e+00 -2.453269637000000114e-01
8.147500000000000853e+00 -2.463452552000000018e-01
8.150000000000000355e+00 -2.464456785999999955e-01
8.152499999999999858e+00 -2.463019039000000077e-01
8.154999999999999361e+00 -2.462744752999999898e-01
8.157500000000000639e+00 -2.468091454999999934e-01
8.160000000000000142e+00 -2.472319971999999977e-01
8.162499999999999645e+00 -2.474290281000000036e-01
8.164999999999999147e+00 -2.476562277999999895e-01
8.167500000000000426e+00 -2.475310900999999897e-01
8.169999999999999929e+00 -2.481101220999999968e-01
8.172499999999999432e+00 -2.475995270999999942e-01
8.175000000000000711e+00 -2.485175849000000048e-01
8.177500000000000213e+00 -2.480655264999999943e-01
8.179999999999999716e+00 -2.484677057999999938e-01
8.182499999999999218e+00 -2.484375263999999972e-01
8.185000000000000497e+00 -2.486559279999999983e-01
8.187500000000000000e+00 -2.484705262999999942e-01
8.189999999999999503e+00 -2.492494248999999884e-01
8.192500000000000782e+00 -2.491705092000000010e-01
8.195000000000000284e+00 -2.492078178000000088e-01
8.197499999999999787e+00 -2.496219449000000035e-01
8.199999999999999289e+00 -2.498729758000000079e-01
8.202500000000000568e+00 -2.498666965000000129e-01
8.205000000000000071e+00 -2.497603750999999872e-01
8.207499999999999574e+00 -2.503730028999999746e-01
8.210000000000000853e+00 -2.498815261000000010e-01
8.212500000000000355e+00 -2.502220118999999854e-01
8.214999999999999858e+00 -2.505583345999999878e-01
8.217499999999999361e+00 -2.506712832999999918e-01
8.220000000000000639e+00 -2.508820747000000129e-01
8.222500000000000142e+00 -2.513940464000000152e-01
8.224999999999999645e+00 -2.515819663000000150e-01
8.227499999999999147e+00 -2.513142327999999814e-01
8.230000000000000426e+00 -2.516804132000000083e-01
8.232499999999999929e+00 -2.518366314000000106e-01
8.234999999999999432e+00 -2.520331432999999843e-01
8.237500000000000711e+00 -2.521079460999999799e-01
8.240000000000000213e+00 -2.524310113000000078e-01
8.242499999999999716e+00 -2.521849005999999838e-01
8.244999999999999218e+00 -2.526372989999999819e-01
8.247500000000000497e+00 -2.529073660999999751e-01
8.250000000000000000e+00 -2.528324556000000056e-01
8.252499999999999503e+00 -2.532029132999999987e-01
8.255000000000000782e+00 -2.532816733000000098e-01
8.257500000000000284e+00 -2.532572060000000125e-01
8.259999999999999787e+00 -2.532942415000000169e-01
8.262499999999999289e+00 -2.535281000999999867e-01
8.265000000000000568e+00 -2.541130746999999968e-01
8.267500000000000071e+00 -2.540690949000000143e-01
8.269999999999999574e+00 -2.544627094999999950e-01
8.272500000000000853e+00 -2.549638327000000038e-01
8.275000000000000355e+00 -2.546117109000000100e-01
8.277499999999999858e+00 -2.551816920000000155e-01
8.279999999999999361e+00 -2.551269495999999859e-01
8.282500000000000639e+00 -2.552815438000000103e-01
8.285000000000000142e+00 -2.558252847999999968e-01
8.287499999999999645e+00 -2.555234847999999781e-01
8.289999999999999147e+00 -2.551817786000000199e-01
8.292500000000000426e+00 -2.560644188999999793e-01
8.294999999999999929e+00 -2.562154343999999973e-01
8.297499999999999432e+00 -2.564370523000000235e-01
8.300000000000000711e+00 -2.565143095999999900e-01
8.302500000000000213e+00 -2.565279209999999921e-01
8.304999999999999716e+00 -2.571602874999999733e-01
8.307499999999999218e+00 -2.570585973000000246e-01
8.310000000000000497e+00 -2.569601704999999736e-01
8.312500000000000000e+00 -2.573207659000000258e-01
8.314999999999999503e+00 -2.570230920000000086e-01
8.317500000000000782e+00 -2.575378877000000233e-01
8.320000000000000284e+00 -2.583884068000000256e-01
8.322499999999999787e+00 -2.582278591000000123e-01
8.324999999999999289e+00 -2.582973881000000249e-01
8.327500000000000568e+00 -2.577567024999999901e-01
8.330000000000000071e+00 -2.584625641000000140e-01
8.332499999999999574e+00 -2.581483112999999885e-01
8.335000000000000853e+00 -2.588459194000000130e-01
8.337500000000000355e+00 -2.586615178000000181e-01
8.339999999999999858e+00 -2.590145213999999751e-01
8.342499999999999361e+00 -2.592424065999999749e-01
8.345000000000000639e+00 -2.599591209000000069e-01
8.347500000000000142e+00 -2.594828222000000184e-01
8.349999999999999645e+00 -2.597170945999999758e-01
8.352499999999999147e+00 -2.598796626000000054e-01
8.355000000000000426e+00 -2.603007116000000121e-01
8.357499999999999929e+00 -2.605069152000000221e-01
8.359999999999999432e+00 -2.606502567999999798e-01
8.362500000000000711e+00 -2.608747674999999933e-01
8.365000000000000213e+00 -2.608486535999999800e-01
8.367499999999999716e+00 -2.609744904999999893e-01
8.369999999999999218e+00 -2.613012539999999828e-01
8.372500000000000497e+00 -2.618853288999999918e-01
8.375000000000000000e+00 -2.616583016999999844e-01
8.377499999999999503e+00 -2.616626032000000102e-01
8.380000000000000782e+00 -2.625583684999999723e-01
8.382500000000000284e+00 -2.620384224999999789e-01
8.384999999999999787e+00 -2.627070266000000043e-01
8.387499999999999289e+00 -2.622474196999999840e-01
8.390000000000000568e+00 -2.632214169000000048e-01
8.392500000000000071e+00 -2.629679977000000113e-01
8.394999999999999574e+00 -2.634426946999999797e-01
8.397500000000000853e+00 -2.631178117999999899e-01
8.400000000000000355e+00 -2.636783800999999983e-01
8.402499999999999858e+00 -2.641051828000000046e-01
8.404999999999999361e+00 -2.639337908000000121e-01
8.407500000000000639e+00 -2.640322659000000072e-01
8.410000000000000142e+00 -2.646974794999999991e-01
8.412499999999999645e+00 -2.648209470999999815e-01
8.414999999999999147e+00 -2.648977852000000133e-01
8.417500000000000426e+00 -2.653014119000000060e-01
8.419999999999999929e+00 -2.651039251000000263e-01
8.422499999999999432e+00 -2.650357823999999751e-01
8.425000000000000711e+00 -2.657975121000000218e-01
8.427500000000000213e+00 -2.654886792000000217e-01
8.429999999999999716e+00 -2.658924772999999853e-01
8.432499999999999218e+00 -2.659394782999999762e-01
8.435000000000000497e+00 -2.660646490999999947e-01
8.437500000000000000e+00 -2.660374125000000145e-01
8.439999999999999503e+00 -2.667975776000000021e-01
8.442500000000000782e+00 -2.671122656000000095e-01
8.445000000000000284e+00 -2.668975527999999930e-01
8.447499999999999787e+00 -2.668161192999999876e-01
8.449999999999999289e+00 -2.675399606000000152e-01
8.452500000000000568e+00 -2.675382770999999993e-01
8.455000000000000071e+00 -2.680090229000000046e-01
8.457499999999999574e+00 -2.679370312000000087e-01
8.460000000000000853e+00 -2.681817730000000122e-01
8.462500000000000355e+00 -2.679447851999999797e-01
8.464999999999999858e+00 -2.686422540000000247e-01
8.467499999999999361e+00 -2.689232577999999818e-01
8.470000000000000639e+00 -2.689923880000000267e-01
8.472500000000000142e+00 -2.689654658999999781e-01
8.474999999999999645e+00 -2.696218583000000169e-01
8.477499999999999147e+00 -2.694192241999999737e-01
8.480000000000000426e+00 -2.699890450999999914e-01
8.482499999999999929e+00 -2.700588195999999996e-01
8.484999999999999432e+00 -2.701785146999999832e-01
8.487500000000000711e+00 -2.706822654000000106e-01
8.490000000000000213e+00 -2.705847262000000142e-01
8.492499999999999716e+00 -2.707331511000000135e-01
8.494999999999999218e+00 -2.715133060000000098e-01
8.497500000000000497e+00 -2.711183401000000215e-01
8.500000000000000000e+00 -2.713598046999999847e-01
8.502499999999999503e+00 -2.715503436999999742e-01
8.505000000000000782e+00 -2.720018565999999804e-01
8.507500000000000284e+00 -2.716384996999999801e-01
8.509999999999999787e+00 -2.725620589000000149e-01
8.512499999999999289e+00 -2.723291762000000227e-01
8.515000000000000568e+00 -2.729094543000000206e-01
8.517500000000000071e+00 -2.730206787000000190e-01
8.519999999999999574e+00 -2.729921359999999964e-01
8.522500000000000853e+00 -2.729397499999999810e-01
8.525000000000000355e+00 -2.734099387999999742e-01
8.527499999999999858e+00 -2.731485473999999969e-01
8.529999999999999361e+00 -2.732842714000000006e-01
8.532500000000000639e+00 -2.741197222999999794e-01
8.535000000000000142e+00 -2.740548770999999828e-01
8.537499999999999645e+00 -2.744490520000000267e-01
8.539999999999999147e+00 -2.750184728000000245e-01
8.542500000000000426e+00 -2.752691118999999742e-01
8.544999999999999929e+00 -2.749137240000000260e-01
8.547499999999999432e+00 -2.756416206000000257e-01
8.550000000000000711e+00 -2.755824840000000164e-01
8.552500000000000213e+00 -2.758958789000000023e-01
8.554999999999999716e+00 -2.760522997000000034e-01
8.557499999999999218e+00 -2.764554336000000223e-01
8.560000000000000497e+00 -2.759475230999999806e-01
8.562500000000000000e+00 -2.766683758999999854e-01
8.564999999999999503e+00 -2.766457379999999744e-01
8.567500000000000782e+00 -2.773179027000000074e-01
8.570000000000000284e+00 -2.767732481999999883e-01
8.572499999999999787e+00 -2.776744300999999804e-01
8.574999999999999289e+00 -2.775033462000000006e-01
8.577500000000000568e+00 -2.778914371000000272e-01
8.580000000000000071e+00 -2.779494518999999775e-01
8.582499999999999574e+00 -2.782617439000000248e-01
8.585000000000000853e+00 -2.783314419999999845e-01
8.587500000000000355e+00 -2.785111827000000262e-01
8.589999999999999858e+00 -2.788509465999999826e-01
8.592499999999999361e+00 -2.793821477999999803e-01
8.595000000000000639e+00 -2.787694613000000210e-01
8.597500000000000142e+00 -2.796343743999999965e-01
8.599999999999999645e+00 -2.798022109000000146e-01
8.602499999999999147e+00 -2.797186810999999773e-01
8.605000000000000426e+00 -2.803824375999999785e-01
8.607499999999999929e+00 -2.803258370999999749e-01
8.609999999999999432e+00 -2.806287151999999896e-01
8.612500000000000711e+00 -2.809586157999999778e-01
8.615000000000000213e+00 -2.811211731000000102e-01
8.617499999999999716e+00 -2.811966967999999789e-01
8.619999999999999218e+00 -2.814182087000000054e-01
8.622500000000000497e+00 -2.820199393999999748e-01
8.625000000000000000e+00 -2.816784662999999855e-01
8.627499999999999503e+00 -2.820622785999999937e-01
8.630000000000000782e+00 -2.825607418000000148e-01
8.632500000000000284e+00 -2.824894211000000266e-01
8.634999999999999787e+00 -2.828564895999999829e-01
8.637499999999999289e+00 -2.830285256999999777e-01
8.640000000000000568e+00 -2.830732135999999843e-01
8.642500000000000071e+00 -2.834847503999999851e-01
8.644999999999999574e+00 -2.837245237000000087e-01
8.647500000000000853e+00 -2.839583037000000254e-01
8.650000000000000355e+00 -2.843462888000000133e-01
8.652499999999999858e+00 -2.846473697999999941e-01
8.654999999999999361e+00 -2.849722490000000108e-01
8.657500000000000639e+00 -2.850772108999999888e-01
8.660000000000000142e+00 -2.847102693999999934e-01
8.662499999999999645e+00 -2.855195958999999784e-01
8.664999999999999147e+00 -2.860793790000000225e-01
8.667500000000000426e+00 -2.855315896000000242e-01
8.669999999999999929e+00 -2.859139364000000127e-01
8.672499999999999432e+00 -2.860314667000000144e-01
8.675000000000000711e+00 -2.863319480000000028e-01
8.677500000000000213e+00 -2.865237750999999888e-01
8.679999999999999716e+00 -2.870707531000000201e-01
8.682499999999999218e+00 -2.868884054999999988e-01
8.685000000000000497e+00 -2.874863316999999863e-01
8.687500000000000000e+00 -2.871619931000000125e-01
8.689999999999999503e+00 -2.874799297000000253e-01
8.692500000000000782e+00 -2.877780556999999795e-01
8.695000000000000284e+00 -2.882850923999999981e-01
8.697499999999999787e+00 -2.885904450999999815e-01
8.699999999999999289e+00 -2.887657692000000220e-01
8.702500000000000568e+00 -2.888201311999999965e-01
8.705000000000000071e+00 -2.891945772999999775e-01
8.707499999999999574e+00 -2.890701909999999764e-01
8.710000000000000853e+00 -2.901885204999999912e-01
8.712500000000000355e+00 -2.897586258000000026e-01
8.714999999999999858e+00 -2.901817425000000061e-01
8.717499999999999361e+00 -2.904860985000000118e-01
8.720000000000000639e+00 -2.902177365999999981e-01
8.722500000000000142e+00 -2.906018255999999744e-01
8.724999999999999645e+00 -2.913628784999999777e-01
8.727499999999999147e+00 -2.912204111999999734e-01
8.730000000000000426e+00 -2.911159052000000247e-01
8.732499999999999929e+00 -2.920143309000000076e-01
8.734999999999999432e+00 -2.919204216999999879e-01
8.737500000000000711e+00 -2.927773365999999933e-01
8.740000000000000213e+00 -2.928050140999999829e-01
8.742499999999999716e+00 -2.926040035999999955e-01
8.744999999999999218e+00 -2.934308525000000056e-01
8.747500000000000497e+00 -2.930168542000000098e-01
8.750000000000000000e+00 -2.935841837000000010e-01
8.752499999999999503e+00 -2.940060359000000179e-01
8.755000000000000782e+00 -2.940516897000000074e-01
8.757500000000000284e+00 -2.943217384999999853e-01
8.759999999999999787e+00 -2.946873037000000140e-01
8.762499999999999289e+00 -2.949028033000000160e-01
8.765000000000000568e+00 -2.948026986000000238e-01
8.767500000000000071e+00 -2.950299876999999960e-01
8.769999999999999574e+00 -2.951031300999999996e-01
8.772500000000000853e+00 -2.955369977999999787e-01
8.775000000000000355e+00 -2.957984374000000027e-01
8.777499999999999858e+00 -2.959889010999999792e-01
8.779999999999999361e+00 -2.965449832000000008e-01
8.782500000000000639e+00 -2.966393442999999963e-01
8.785000000000000142e+00 -2.973505994999999791e-01
8.787499999999999645e+00 -2.972400507999999886e-01
8.789999999999999147e+00 -2.975853620999999727e-01
8.792500000000000426e+00 -2.978717223999999830e-01
8.794999999999999929e+00 -2.978348646999999794e-01
8.797499999999999432e+00 -2.980231648000000177e-01
8.800000000000000711e+00 -2.984294034000000151e-01
8.802500000000000213e+00 -2.989449621999999973e-01
8.804999999999999716e+00 -2.991981971000000073e-01
8.807499999999999218e+00 -2.993954126000000215e-01
8.810000000000000497e+00 -2.997304642999999991e-01
8.812500000000000000e+00 -2.996329755000000095e-01
8.814999999999999503e+00 -2.999180349000000190e-01
8.817500000000000782e+00 -3.002653015000000258e-01
8.820000000000000284e+00 -3.001139707000000101e-01
8.822499999999999787e+00 -3.003749323000000082e-01
8.824999999999999289e+00 -3.011301826000000181e-01
8.827500000000000568e+00 -3.009457791999999854e-01
8.830000000000000071e+00 -3.011154743000000189e-01
8.832499999999999574e+00 -3.016490130000000214e-01
8.835000000000000853e+00 -3.021356566000000243e-01
8.837500000000000355e+00 -3.020144697000000100e-01
8.839999999999999858e+00 -3.021143050999999802e-01
8.842499999999999361e+00 -3.025442433000000153e-01
8.845000000000000639e+00 -3.029272371000000241e-01
8.847500000000000142e+00 -3.030142633999999835e-01
8.849999999999999645e+00 -3.031977118999999998e-01
8.852499999999999147e+00 -3.035468660000000263e-01
8.855000000000000426e+00 -3.037078093000000201e-01
8.857499999999999929e+00 -3.046648697000000072e-01
8.859999999999999432e+00 -3.044048884000000177e-01
8.862500000000000711e+00 -3.050414551999999779e-01
8.865000000000000213e+00 -3.048054861000000226e-01
8.867499999999999716e+00 -3.055796514999999935e-01
8.869999999999999218e+00 -3.055712519000000071e-01
8.872500000000000497e+00 -3.063001951000000056e-01
8.875000000000000000e+00 -3.060727744999999778e-01
8.877499999999999503e+00 -3.064636465999999726e-01
8.880000000000000782e+00 -3.069001500999999910e-01
8.882500000000000284e+00 -3.068756316999999845e-01
8.884999999999999787e+00 -3.070660236000000154e-01
8.887499999999999289e+00 -3.073976534000000260e-01
8.890000000000000568e+00 -3.070273573000000256e-01
8.892500000000000071e+00 -3.081095032000000233e-01
8.894999999999999574e+00 -3.078196975999999974e-01
8.897500000000000853e+00 -3.082809274000000155e-01
8.900000000000000355e+00 -3.087305740999999881e-01
8.902499999999999858e+00 -3.091583957999999854e-01
8.904999999999999361e+00 -3.093839268999999947e-01
8.907500000000000639e+00 -3.094996434000000241e-01
8.910000000000000142e+00 -3.097471770999999929e-01
8.912499999999999645e+00 -3.101400827999999943e-01
8.914999999999999147e+00 -3.102570318000000271e-01
8.917500000000000426e+00 -3.105729910000000205e-01
8.919999999999999929e+00 -3.110059830999999941e-01
8.922499999999999432e+00 -3.114101356000000265e-01
8.925000000000000711e+00 -3.114074721000000268e-01
8.927500000000000213e+00 -3.115308998999999912e-01
8.929999999999999716e+00 -3.119351106000000096e-01
8.932499999999999218e+00 -3.128422079000000022e-01
8.935000000000000497e+00 -3.126471919000000099e-01
8.937500000000000000e+00 -3.129981826000000078e-01
8.939999999999999503e+00 -3.129683595000000151e-01
8.942500000000000782e+00 -3.134887881999999792e-01
8.945000000000000284e+00 -3.139704474000000189e-01
8.947499999999999787e+00 -3.141179277999999742e-01
8.949999999999999289e+00 -3.142264585000000277e-01
8.952500000000000568e+00 -3.145217558000000246e-01
8.955000000000000071e+00 -3.146781271999999907e-01
8.957499999999999574e+00 -3.152057898000000247e-01
8.960000000000000853e+00 -3.153964672999999830e-01
8.962500000000000355e+00 -3.157443395000000264e-01
8.964999999999999858e+00 -3.154929926000000218e-01
8.967499999999999361e+00 -3.159342787000000152e-01
8.970000000000000639e+00 -3.166470027000000131e-01
8.972500000000000142e+00 -3.162257512000000159e-01
8.974999999999999645e+00 -3.172901142999999813e-01
8.977499999999999147e+00 -3.173084433999999732e-01
8.980000000000000426e+00 -3.178186613000000271e-01
8.982499999999999929e+00 -3.175642787999999883e-01
8.984999999999999432e+00 -3.184497199999999917e-01
8.987500000000000711e+00 -3.182877794999999788e-01
8.990000000000000213e+00 -3.188215843000000160e-01
8.992499999999999716e+00 -3.191362924000000212e-01
8.994999999999999218e+00 -3.196300503999999765e-01
8.997500000000000497e+00 -3.196381903000000135e-01
9.000000000000000000e+00 -3.205577828000000240e-01
9.002499999999999503e+00 -3.201871303000000113e-01
9.005000000000000782e+00 -3.208396758000000015e-01
9.007500000000000284e+00 -3.205912108000000260e-01
9.009999999999999787e+00 -3.207666378999999846e-01
9.012499999999999289e+00 -3.210556102000000078e-01
9.015000000000000568e+00 -3.218000869000000042e-01
9.017500000000000071e+00 -3.219417963000000271e-01
9.019999999999999574e+00 -3.226715349000000010e-01
9.022500000000000853e+00 -3.226082109000000253e-01
9.025000000000000355e+00 -3.233203787000000218e-01
9.027499999999999858e+00 -3.230785030000000169e-01
9.029999999999999361e+00 -3.233784228000000094e-01
9.032500000000000639e+00 -3.240023350999999829e-01
9.035000000000000142e+00 -3.243052862999999952e-01
9.037499999999999645e+00 -3.241710549999999857e-01
9.039999999999999147e+00 -3.246461625000000017e-01
9.042500000000000426e+00 -3.253093441000000086e-01
9.044999999999999929e+00 -3.254797394999999760e-01
9.047499999999999432e+00 -3.253765720999999833e-01
9.050000000000000711e+00 -3.259408719999999926e-01
9.052500000000000213e+00 -3.259994454999999847e-01
9.054999999999999716e+00 -3.265785554000000257e-01
9.057499999999999218e+00 -3.270136509000000080e-01
9.060000000000000497e+00 -3.267055870999999723e-01
9.062500000000000000e+00 -3.277349882000000214e-01
9.064999999999999503e+00 -3.274931689000000201e-01
9.067500000000000782e+00 -3.282046590000000097e-01
9.070000000000000284e+00 -3.284592250000000213e-01
9.072499999999999787e+00 -3.289300860000000104e-01
9.074999999999999289e+00 -3.289659167000000273e-01
9.077500000000000568e+00 -3.293349661000000150e-01
9.080000000000000071e+00 -3.298007204000000248e-01
9.082499999999999574e+00 -3.301634506000000191e-01
9.085000000000000853e+00 -3.304866336999999765e-01
9.087500000000000355e+00 -3.309774742000000103e-01
9.089999999999999858e+00 -3.311788171999999753e-01
9.092499999999999361e+00 -3.312962702000000204e-01
9.095000000000000639e+00 -3.314578470999999804e-01
9.097500000000000142e+00 -3.320551786000000005e-01
9.099999999999999645e+00 -3.322773536999999999e-01
9.102499999999999147e+00 -3.324015598000000238e-01
9.105000000000000426e+00 -3.324182405000000173e-01
9.107499999999999929e+00 -3.333417800999999847e-01
9.109999999999999432e+00 -3.331263219999999747e-01
9.112500000000000711e+00 -3.334669552999999786e-01
9.115000000000000213e+00 -3.339911516999999885e-01
9.117499999999999716e+00 -3.339025157000000132e-01
9.119999999999999218e+00 -3.348263333000000008e-01
9.122500000000000497e+00 -3.347789100999999934e-01
9.125000000000000000e+00 -3.350514531000000074e-01
9.127499999999999503e+00 -3.357542385000000240e-01
9.130000000000000782e+00 -3.356864006999999983e-01
9.132500000000000284e+00 -3.359674870000000091e-01
9.134999999999999787e+00 -3.370086599000000072e-01
9.137499999999999289e+00 -3.372149756999999748e-01
9.140000000000000568e+00 -3.374931420000000237e-01
9.142500000000000071e+00 -3.375371930000000131e-01
9.144999999999999574e+00 -3.378371467999999878e-01
9.147500000000000853e+00 -3.381165608999999739e-01
9.150000000000000355e+00 -3.385279936000000212e-01
9.152499999999999858e+00 -3.390751312999999989e-01
9.154999999999999361e+00 -3.388408803999999885e-01
9.157500000000000639e+00 -3.393914986000000078e-01
9.160000000000000142e+00 -3.401602582000000097e-01
9.162499999999999645e+00 -3.400126628999999845e-01
9.164999999999999147e+00 -3.407778382000000161e-01
9.167500000000000426e+00 -3.405627033999999997e-01
9.169999999999999929e+00 -3.410675236999999860e-01
9.172499999999999432e+00 -3.418900166000000129e-01
9.175000000000000711e+00 -3.419135219000000170e-01
9.177500000000000213e+00 -3.422425447999999926e-01
9.179999999999999716e+00 -3.426159699999999919e-01
9.182499999999999218e+00 -3.430202622999999895e-01
9.185000000000000497e+00 -3.430727163000000246e-01
9.187500000000000000e+00 -3.434116473000000114e-01
9.189999999999999503e+00 -3.443714601999999791e-01
9.192500000000000782e+00 -3.444148316999999793e-01
9.195000000000000284e+00 -3.444820878000000031e-01
9.197499999999999787e+00 -3.454598645999999995e-01
9.199999999999999289e+00 -3.450511332999999792e-01
9.202500000000000568e+00 -3.454025636999999982e-01
9.205000000000000071e+00 -3.460131430000000230e-01
9.207499999999999574e+00 -3.463288185999999769e-01
9.210000000000000853e+00 -3.460686998999999986e-01
9.212500000000000355e+00 -3.470640173000000273e-01
9.214999999999999858e+00 -3.474880175000000238e-01
9.217499999999999361e+00 -3.474582703999999911e-01
9.220000000000000639e+00 -3.479823470000000252e-01
9.222500000000000142e+00 -3.481239564999999980e-01
9.224999999999999645e+00 -3.484704323999999742e-01
9.227499999999999147e+00 -3.491603878999999799e-01
9.230000000000000426e+00 -3.490961049999999899e-01
9.232499999999999929e+00 -3.492286267999999971e-01
9.234999999999999432e+00 -3.498229073999999938e-01
9.237500000000000711e+00 -3.502741275999999848e-01
9.240000000000000213e+00 -3.508768518000000003e-01
9.242499999999999716e+00 -3.511463606999999931e-01
9.244999999999999218e+00 -3.510726148000000157e-01
9.247500000000000497e+00 -3.515595883000000033e-01
9.250000000000000000e+00 -3.519481685999999998e-01
9.252499999999999503e+00 -3.522017967000000138e-01
9.255000000000000782e+00 -3.529862578999999889e-01
9.257500000000000284e+00 -3.526615960000000216e-01
9.259999999999999787e+00 -3.530804435000000074e-01
9.262499999999999289e+00 -3.543073459000000147e-01
9.265000000000000568e+00 -3.542282743999999872e-01
9.267500000000000071e+00 -3.547773877000000020e-01
9.269999999999999574e+00 -3.551805167000000041e-01
9.272500000000000853e+00 -3.553446996999999885e-01
9.275000000000000355e+00 -3.554168567000000056e-01
9.277499999999999858e+00 -3.555790232000000106e-01
9.279999999999999361e+00 -3.565519838000000274e-01
9.282500000000000639e+00 -3.570427635999999794e-01
9.285000000000000142e+00 -3.570849407000000197e-01
9.287499999999999645e+00 -3.572328987999999761e-01
9.289999999999999147e+00 -3.579025799000000174e-01
9.292500000000000426e+00 -3.581321563000000041e-01
9.294999999999999929e+00 -3.588191709999999923e-01
9.297499999999999432e+00 -3.590951338000000215e-01
9.300000000000000711e+00 -3.598714378999999797e-01
9.302500000000000213e+00 -3.593973013999999799e-01
9.304999999999999716e+00 -3.598459951999999906e-01
9.307499999999999218e+00 -3.605138573000000179e-01
9.310000000000000497e+00 -3.610320776000000009e-01
9.312500000000000000e+00 -3.613048271000000033e-01
9.314999999999999503e+00 -3.613497882999999744e-01
9.317500000000000782e+00 -3.615790390999999993e-01
9.320000000000000284e+00 -3.621274639000000017e-01
9.322499999999999787e+00 -3.626684105999999908e-01
9.324999999999999289e+00 -3.631075952999999745e-01
9.327500000000000568e+00 -3.633600701999999960e-01
9.330000000000000071e+00 -3.635909341999999933e-01
9.332499999999999574e+00 -3.645088985000000115e-01
9.335000000000000853e+00 -3.643366786000000190e-01
9.337500000000000355e+00 -3.649433381000000143e-01
9.339999999999999858e+00 -3.657403571999999770e-01
9.342499999999999361e+00 -3.655115537999999997e-01
9.345000000000000639e+00 -3.659033273999999780e-01
9.347500000000000142e+00 -3.661984737000000267e-01
9.349999999999999645e+00 -3.667707042999999723e-01
9.352499999999999147e+00 -3.674410095000000265e-01
9.355000000000000426e+00 -3.671712008999999943e-01
9.357499999999999929e+00 -3.680374428000000031e-01
9.359999999999999432e+00 -3.685968217999999741e-01
9.362500000000000711e+00 -3.686663001000000106e-01
9.365000000000000213e+00 -3.690995579999999943e-01
9.367499999999999716e+00 -3.693395500000000164e-01
9.369999999999999218e+00 -3.699639290999999774e-01
9.372500000000000497e+00 -3.704630949000000117e-01
9.375000000000000000e+00 -3.711758296000000068e-01
9.377499999999999503e+00 -3.710494736000000127e-01
9.380000000000000782e+00 -3.718334790999999750e-01
9.382500000000000284e+00 -3.722977398999999799e-01
9.384999999999999787e+00 -3.725035711999999943e-01
9.387499999999999289e+00 -3.729857958000000195e-01
9.390000000000000568e+00 -3.728802056000000142e-01
9.392500000000000071e+00 -3.736777706000000143e-01
9.394999999999999574e+00 -3.739197602000000065e-01
9.397500000000000853e+00 -3.745363051000000221e-01
9.400000000000000355e+00 -3.750832150000000254e-01
9.402499999999999858e+00 -3.753458856999999926e-01
9.404999999999999361e+00 -3.754414255999999894e-01
9.407500000000000639e+00 -3.761096561999999754e-01
9.410000000000000142e+00 -3.761966575999999840e-01
9.412499999999999645e+00 -3.766644848999999851e-01
9.414999999999999147e+00 -3.770216565999999769e-01
9.417500000000000426e+00 -3.773920131999999872e-01
9.419999999999999929e+00 -3.778863806000000158e-01
9.422499999999999432e+00 -3.783928194000000245e-01
9.425000000000000711e+00 -3.784999488999999939e-01
9.427500000000000213e+00 -3.791921024000000084e-01
9.429999999999999716e+00 -3.795358415999999790e-01
9.432499999999999218e+00 -3.797006739000000075e-01
9.435000000000000497e+00 -3.803319693000000168e-01
9.437500000000000000e+00 -3.809103420000000129e-01
9.439999999999999503e+00 -3.814636262000000166e-01
9.442500000000000782e+00 -3.821674999999999933e-01
9.445000000000000284e+00 -3.818014080000000088e-01
9.447499999999999787e+00 -3.826381254999999815e-01
9.449999999999999289e+00 -3.830998221999999953e-01
9.452500000000000568e+00 -3.832504435999999903e-01
9.455000000000000071e+00 -3.841891378000000246e-01
9.457499999999999574e+00 -3.840464491000000202e-01
9.460000000000000853e+00 -3.843385348999999729e-01
9.462500000000000355e+00 -3.850988133000000091e-01
9.464999999999999858e+00 -3.854784513000000246e-01
9.467499999999999361e+00 -3.859847847000000276e-01
9.470000000000000639e+00 -3.865491072000000194e-01
9.472500000000000142e+00 -3.868977081000000151e-01
9.474999999999999645e+00 -3.867089306000000004e-01
9.477499999999999147e+00 -3.875714265999999908e-01
9.480000000000000426e+00 -3.879504520000000012e-01
9.482499999999999929e+00 -3.879956809999999812e-01
9.484999999999999432e+00 -3.887296867000000211e-01
9.487500000000000711e+00 -3.896478023000000124e-01
9.490000000000000213e+00 -3.895545418999999954e-01
9.492499999999999716e+00 -3.901897857000000136e-01
9.494999999999999218e+00 -3.900506503000000236e-01
9.497500000000000497e+00 -3.906710026999999918e-01
9.500000000000000000e+00 -3.913902365999999966e-01
9.502499999999999503e+00 -3.922452664000000144e-01
9.505000000000000782e+00 -3.921341991000000249e-01
9.507500000000000284e+00 -3.928650182000000268e-01
9.509999999999999787e+00 -3.929996644000000039e-01
9.512499999999999289e+00 -3.936610440000000155e-01
9.515000000000000568e+00 -3.937667611999999817e-01
9.517500000000000071e+00 -3.943488977999999867e-01
9.519999999999999574e+00 -3.954049439999999804e-01
9.522500000000000853e+00 -3.953495215999999757e-01
9.525000000000000355e+00 -3.960494296000000025e-01
9.527499999999999858e+00 -3.958468820000000110e-01
9.529999999999999361e+00 -3.968671596000000190e-01
9.532500000000000639e+00 -3.970239723999999804e-01
9.535000000000000142e+00 -3.977663157999999921e-01
9.537499999999999645e+00 -3.982190895000000119e-01
9.539999999999999147e+00 -3.984841110999999825e-01
9.542500000000000426e+00 -3.985806883999999939e-01
9.544999999999999929e+00 -3.991487563000000183e-01
9.547499999999999432e+00 -3.995845471999999732e-01
9.550000000000000711e+00 -3.999083118000000270e-01
9.552500000000000213e+00 -4.006387860999999773e-01
9.554999999999999716e+00 -4.013023378999999724e-01
9.557499999999999218e+00 -4.012293116000000270e-01
9.560000000000000497e+00 -4.019668653999999841e-01
9.562500000000000000e+00 -4.023617781000000115e-01
9.564999999999999503e+00 -4.030211827999999885e-01
9.567500000000000782e+00 -4.034748913000000270e-01
9.570000000000000284e+00 -4.033071294999999723e-01
9.572499999999999787e+00 -4.045086124999999755e-01
9.574999999999999289e+00 -4.050214857000000168e-01
9.577500000000000568e+00 -4.052288962999999744e-01
9.580000000000000071e+00 -4.058835605000000180e-01
9.582499999999999574e+00 -4.064446151000000174e-01
9.585000000000000853e+00 -4.068815399999999860e-01
9.587500000000000355e+00 -4.063558634000000169e-01
9.589999999999999858e+00 -4.075850410999999895e-01
9.592499999999999361e+00 -4.085434231000000249e-01
9.595000000000000639e+00 -4.082989993000000206e-01
9.597500000000000142e+00 -4.094157467000000272e-01
9.599999999999999645e+00 -4.098901797000000236e-01
9.602499999999999147e+00 -4.100818917999999869e-01
9.605000000000000426e+00 -4.098899015999999951e-01
9.607499999999999929e+00 -4.108349271000000247e-01
9.609999999999999432e+00 -4.114756835999999751e-01
9.612500000000000711e+00 -4.116886882999999941e-01
9.615000000000000213e+00 -4.124803769000000009e-01
9.617499999999999716e+00 -4.127191003999999830e-01
9.619999999999999218e+00 -4.129577783000000224e-01
9.622500000000000497e+00 -4.142641935999999969e-01
9.625000000000000000e+00 -4.142495619000000073e-01
9.627499999999999503e+00 -4.147706415999999896e-01
9.630000000000000782e+00 -4.149403515999999792e-01
9.632500000000000284e+00 -4.160174782000000127e-01
9.634999999999999787e+00 -4.168325842000000225e-01
9.637499999999999289e+00 -4.168314309000000217e-01
9.640000000000000568e+00 -4.175067362000000060e-01
9.642500000000000071e+00 -4.181116056999999997e-01
9.644999999999999574e+00 -4.178909749999999979e-01
9.647500000000000853e+00 -4.184084489000000073e-01
9.650000000000000355e+00 -4.193321421999999798e-01
9.652499999999999858e+00 -4.196472401999999935e-01
9.654999999999999361e+00 -4.200340938000000079e-01
9.657500000000000639e+00 -4.208612017999999733e-01
9.660000000000000142e+00 -4.210720412000000246e-01
9.662499999999999645e+00 -4.214450524999999725e-01
9.664999999999999147e+00 -4.222212021000000259e-01
9.667500000000000426e+00 -4.224898176999999921e-01
9.669999999999999929e+00 -4.236491220999999974e-01
9.672499999999999432e+00 -4.236583542999999841e-01
9.675000000000000711e+00 -4.240017848000000034e-01
9.677500000000000213e+00 -4.247618432999999971e-01
9.679999999999999716e+00 -4.249865094999999982e-01
9.682499999999999218e+00 -4.256844414000000021e-01
9.685000000000000497e+00 -4.269008414000000085e-01
9.687500000000000000e+00 -4.268197554000000005e-01
9.689999999999999503e+00 -4.274253473999999886e-01
9.692500000000000782e+00 -4.282737165000000124e-01
9.695000000000000284e+00 -4.281048748999999876e-01
9.697499999999999787e+00 -4.283753828999999902e-01
9.699999999999999289e+00 -4.293470714000000021e-01
9.702500000000000568e+00 -4.301306179000000118e-01
9.705000000000000071e+00 -4.301723000000000074e-01
9.707499999999999574e+00 -4.306389322999999991e-01
9.710000000000000853e+00 -4.309883394999999839e-01
9.712500000000000355e+00 -4.318576007000000105e-01
9.714999999999999858e+00 -4.326539383999999933e-01
9.717499999999999361e+00 -4.329583402000000136e-01
9.720000000000000639e+00 -4.333747652000000117e-01
9.722500000000000142e+00 -4.338825351999999747e-01
9.724999999999999645e+00 -4.345912720999999812e-01
9.727499999999999147e+00 -4.345960689000000210e-01
9.730000000000000426e+00 -4.356881602000000075e-01
9.732499999999999929e+00 -4.359514830999999813e-01
9.734999999999999432e+00 -4.364331207000000101e-01
9.737500000000000711e+00 -4.367285457000000259e-01
9.740000000000000213e+00 -4.375101403000000166e-01
9.742499999999999716e+00 -4.377148906000000173e-01
9.744999999999999218e+00 -4.382051466999999922e-01
9.747500000000000497e+00 -4.394858346000000138e-01
9.750000000000000000e+00 -4.397611339999999980e-01
9.752499999999999503e+00 -4.400476134999999900e-01
9.755000000000000782e+00 -4.409301174999999962e-01
9.757500000000000284e+00 -4.415681463000000195e-01
9.759999999999999787e+00 -4.420136078999999940e-01
9.762499999999999289e+00 -4.425896443999999819e-01
9.765000000000000568e+00 -4.432729480000000000e-01
9.767500000000000071e+00 -4.433250016999999987e-01
9.769999999999999574e+00 -4.436074275999999927e-01
9.772500000000000853e+00 -4.446989901000000245e-01
9.775000000000000355e+00 -4.456399095999999949e-01
9.777499999999999858e+00 -4.461431439999999915e-01
9.779999999999999361e+00 -4.462087484999999742e-01
9.782500000000000639e+00 -4.469071805000000008e-01
9.785000000000000142e+00 -4.470814968999999861e-01
9.787499999999999645e+00 -4.480371054000000242e-01
9.789999999999999147e+00 -4.486483573000000225e-01
9.792500000000000426e+00 -4.494580268999999739e-01
9.794999999999999929e+00 -4.497409627000000243e-01
9.797499999999999432e+00 -4.504778885999999871e-01
9.800000000000000711e+00 -4.507735677999999968e-01
9.802500000000000213e+00 -4.507330676999999897e-01
9.804999999999999716e+00 -4.516703210999999940e-01
9.807499999999999218e+00 -4.526130333999999755e-01
9.810000000000000497e+00 -4.525744230000000035e-01
9.812500000000000000e+00 -4.539815916000000118e-01
9.814999999999999503e+00 -4.539906350999999840e-01
9.817500000000000782e+00 -4.547420355999999830e-01
9.820000000000000284e+00 -4.553622372000000196e-01
9.822499999999999787e+00 -4.557268126999999835e-01
9.824999999999999289e+00 -4.567132284000000042e-01
9.827500000000000568e+00 -4.570809510000000131e-01
9.830000000000000071e+00 -4.574224179999999973e-01
9.832499999999999574e+00 -4.578682902000000277e-01
9.835000000000000853e+00 -4.583714864000000277e-01
9.837500000000000355e+00 -4.588011026000000103e-01
9.839999999999999858e+00 -4.597949565000000183e-01
9.842499999999999361e+00 -4.609023561999999741e-01
9.845000000000000639e+00 -4.612663002999999873e-01
9.847500000000000142e+00 -4.617870688999999862e-01
9.849999999999999645e+00 -4.621768674000000243e-01
9.852499999999999147e+00 -4.630411797999999801e-01
9.855000000000000426e+00 -4.638646268000000128e-01
9.857499999999999929e+00 -4.643052391999999973e-01
9.859999999999999432e+00 -4.652302967999999983e-01
9.862500000000000711e+00 -4.654966103000000022e-01
9.865000000000000213e+00 -4.661034331000000197e-01
9.867499999999999716e+00 -4.663531866000000248e-01
9.869999999999999218e+00 -4.667788615999999835e-01
9.872500000000000497e+00 -4.678765235999999827e-01
9.875000000000000000e+00 -4.682681678999999764e-01
9.877499999999999503e+00 -4.687182351999999996e-01
9.880000000000000782e+00 -4.691156680999999939e-01
9.882500000000000284e+00 -4.699718574000000260e-01
9.884999999999999787e+00 -4.706585801000000013e-01
9.887499999999999289e+00 -4.715367690999999750e-01
9.890000000000000568e+00 -4.719784537000000224e-01
9.892500000000000071e+00 -4.726583523999999814e-01
9.894999999999999574e+00 -4.728854113000000026e-01
9.897500000000000853e+00 -4.731633400999999961e-01
9.900000000000000355e+00 -4.737156504000000212e-01
9.902499999999999858e+00 -4.747575561999999860e-01
9.904999999999999361e+00 -4.757327460999999924e-01
9.907500000000000639e+00 -4.763417372000000038e-01
9.910000000000000142e+00 -4.764424908000000070e-01
9.912499999999999645e+00 -4.774002567999999780e-01
9.914999999999999147e+00 -4.779325777999999803e-01
9.917500000000000426e+00 -4.786456351999999748e-01
9.919999999999999929e+00 -4.787890293000000019e-01
9.922499999999999432e+00 -4.798649165000000161e-01
9.925000000000000711e+00 -4.808234290000000244e-01
9.927500000000000213e+00 -4.808644161999999778e-01
9.929999999999999716e+00 -4.813103061999999821e-01
9.932499999999999218e+00 -4.827751452999999859e-01
9.935000000000000497e+00 -4.828642058000000015e-01
9.937500000000000000e+00 -4.834275725000000135e-01
9.939999999999999503e+00 -4.845604734000000247e-01
9.942500000000000782e+00 -4.849786489999999839e-01
9.945000000000000284e+00 -4.857599390999999822e-01
9.947499999999999787e+00 -4.860354821000000269e-01
9.949999999999999289e+00 -4.874244043000000026e-01
9.952500000000000568e+00 -4.874743068999999873e-01
9.955000000000000071e+00 -4.885992706999999768e-01
9.957499999999999574e+00 -4.894533428999999769e-01
9.960000000000000853e+00 -4.892534611000000089e-01
9.962500000000000355e+00 -4.902605144000000137e-01
9.964999999999999858e+00 -4.905689294999999728e-01
9.967499999999999361e+00 -4.916583675999999792e-01
9.970000000000000639e+00 -4.921496832999999738e-01
9.972500000000000142e+00 -4.928631387999999891e-01
9.974999999999999645e+00 -4.931982839999999868e-01
9.977499999999999147e+00 -4.945563484000000121e-01
9.980000000000000426e+00 -4.948587011000000202e-01
9.982499999999999929e+00 -4.955539348999999927e-01
9.984999999999999432e+00 -4.965453133000000130e-01
9.987500000000000711e+00 -4.965738893000000154e-01
9.990000000000000213e+00 -4.981468361999999983e-01
9.992499999999999716e+00 -4.981348087999999952e-01
9.994999999999999218e+00 -4.984363555999999917e-01
9.997500000000000497e+00 -4.990565975999999848e-01
1.000000000000000000e+01 -4.999955347000000216e-01
