0.000000000000000000e+00 -5.000362457000000482e-01
2.500000000000000052e-03 -4.995951685999999725e-01
5.000000000000000104e-03 -4.987902396000000182e-01
7.499999999999999722e-03 -4.976214586000000106e-01
1.000000000000000021e-02 -4.975377301000000196e-01
1.250000000000000069e-02 -4.967578711000000258e-01
1.499999999999999944e-02 -4.958622107999999806e-01
1.750000000000000167e-02 -4.946233312000000160e-01
2.000000000000000042e-02 -4.939524643000000048e-01
2.249999999999999917e-02 -4.942151115000000261e-01
2.500000000000000139e-02 -4.931551800000000263e-01
2.750000000000000014e-02 -4.928537320999999971e-01
2.999999999999999889e-02 -4.913276480000000057e-01
3.250000000000000111e-02 -4.913052591000000024e-01
3.500000000000000333e-02 -4.907867251999999958e-01
3.749999999999999861e-02 -4.895673890000000195e-01
4.000000000000000083e-02 -4.894047830000000099e-01
4.250000000000000305e-02 -4.886737734000000111e-01
4.499999999999999833e-02 -4.879458576999999853e-01
4.750000000000000056e-02 -4.864401791999999891e-01
5.000000000000000278e-02 -4.865761920000000185e-01
5.249999999999999806e-02 -4.860814769999999840e-01
5.500000000000000028e-02 -4.849617882000000213e-01
5.750000000000000250e-02 -4.839253237999999735e-01
5.999999999999999778e-02 -4.840599639000000010e-01
6.250000000000000000e-02 -4.826360417000000180e-01
6.500000000000000222e-02 -4.821259728000000244e-01
6.750000000000000444e-02 -4.818877947999999911e-01
7.000000000000000666e-02 -4.809649972999999745e-01
7.249999999999999500e-02 -4.802973841000000021e-01
7.499999999999999722e-02 -4.798901348999999872e-01
7.749999999999999944e-02 -4.789606859000000161e-01
8.000000000000000167e-02 -4.786023179000000183e-01
8.250000000000000389e-02 -4.780563310000000010e-01
8.500000000000000611e-02 -4.769739626999999760e-01
8.749999999999999445e-02 -4.763119344999999782e-01
8.999999999999999667e-02 -4.755651855999999955e-01
9.249999999999999889e-02 -4.754201033000000076e-01
9.500000000000000111e-02 -4.747147549999999883e-01
9.750000000000000333e-02 -4.736407680999999981e-01
1.000000000000000056e-01 -4.733132158999999728e-01
1.024999999999999939e-01 -4.728705878000000196e-01
1.049999999999999961e-01 -4.719409697999999986e-01
1.074999999999999983e-01 -4.712906342000000026e-01
1.100000000000000006e-01 -4.706391407000000138e-01
1.125000000000000028e-01 -4.694984430999999958e-01
1.150000000000000050e-01 -4.689096045000000212e-01
1.174999999999999933e-01 -4.682043251999999933e-01
1.199999999999999956e-01 -4.677498055000000043e-01
1.224999999999999978e-01 -4.677564184999999930e-01
1.250000000000000000e-01 -4.670279003000000206e-01
1.275000000000000022e-01 -4.660302315000000029e-01
1.300000000000000044e-01 -4.659930769000000250e-01
1.325000000000000067e-01 -4.646752941000000248e-01
1.350000000000000089e-01 -4.649826711000000223e-01
1.375000000000000111e-01 -4.644496768999999969e-01
1.400000000000000133e-01 -4.627759067000000170e-01
1.424999999999999878e-01 -4.625700772999999932e-01
1.449999999999999900e-01 -4.617395891000000141e-01
1.474999999999999922e-01 -4.612692366999999738e-01
1.499999999999999944e-01 -4.609190485999999920e-01
1.524999999999999967e-01 -4.597017657999999951e-01
1.549999999999999989e-01 -4.590464882999999996e-01
1.575000000000000011e-01 -4.586879658999999942e-01
1.600000000000000033e-01 -4.577199752000000177e-01
1.625000000000000056e-01 -4.574323418999999835e-01
1.650000000000000078e-01 -4.570071551000000065e-01
1.675000000000000100e-01 -4.563057551999999961e-01
1.700000000000000122e-01 -4.559374802999999754e-01
1.724999999999999867e-01 -4.550457860000000077e-01
1.749999999999999889e-01 -4.545175063999999931e-01
1.774999999999999911e-01 -4.539374456999999974e-01
1.799999999999999933e-01 -4.529092994999999733e-01
1.824999999999999956e-01 -4.526142556000000150e-01
1.849999999999999978e-01 -4.524009462999999953e-01
1.875000000000000000e-01 -4.518028763999999975e-01
1.900000000000000022e-01 -4.506395334000000141e-01
1.925000000000000044e-01 -4.496250059999999937e-01
1.950000000000000067e-01 -4.500867789999999924e-01
1.975000000000000089e-01 -4.489611540999999817e-01
2.000000000000000111e-01 -4.484991669999999764e-01
2.025000000000000133e-01 -4.480371284999999926e-01
2.049999999999999878e-01 -4.472159869999999815e-01
2.074999999999999900e-01 -4.466461619000000050e-01
2.099999999999999922e-01 -4.459166819000000004e-01
2.124999999999999944e-01 -4.453148503000000091e-01
2.149999999999999967e-01 -4.449597612999999785e-01
2.174999999999999989e-01 -4.447160679000000116e-01
2.200000000000000011e-01 -4.441780587999999974e-01
2.225000000000000033e-01 -4.434040045000000041e-01
2.250000000000000056e-01 -4.428917350000000086e-01
2.275000000000000078e-01 -4.421440957000000171e-01
2.300000000000000100e-01 -4.417684063000000272e-01
2.325000000000000122e-01 -4.408161535999999825e-01
2.349999999999999867e-01 -4.406453951000000036e-01
2.374999999999999889e-01 -4.395882779999999990e-01
2.399999999999999911e-01 -4.394395354000000253e-01
2.424999999999999933e-01 -4.386986600000000180e-01
2.449999999999999956e-01 -4.380390178999999939e-01
2.474999999999999978e-01 -4.373683026999999890e-01
2.500000000000000000e-01 -4.371720519000000249e-01
2.525000000000000022e-01 -4.364335276999999902e-01
2.550000000000000044e-01 -4.352665902999999781e-01
2.575000000000000067e-01 -4.353174060000000178e-01
2.600000000000000089e-01 -4.348744940000000003e-01
2.625000000000000111e-01 -4.344395073999999801e-01
2.650000000000000133e-01 -4.337795435999999838e-01
2.675000000000000155e-01 -4.332072115999999751e-01
2.700000000000000178e-01 -4.325301987999999875e-01
2.725000000000000200e-01 -4.321214690999999886e-01
2.750000000000000222e-01 -4.313255108999999865e-01
2.775000000000000244e-01 -4.304710842999999731e-01
2.800000000000000266e-01 -4.303663715000000112e-01
2.824999999999999734e-01 -4.301769048999999900e-01
2.849999999999999756e-01 -4.288568568000000192e-01
2.874999999999999778e-01 -4.280818725000000158e-01
2.899999999999999800e-01 -4.281852803999999790e-01
2.924999999999999822e-01 -4.277369643000000221e-01
2.949999999999999845e-01 -4.270472605999999782e-01
2.974999999999999867e-01 -4.267325902999999920e-01
2.999999999999999889e-01 -4.260432954999999744e-01
3.024999999999999911e-01 -4.251459401000000082e-01
3.049999999999999933e-01 -4.247898749999999835e-01
3.074999999999999956e-01 -4.236552190999999801e-01
3.099999999999999978e-01 -4.234661855999999891e-01
3.125000000000000000e-01 -4.235075865999999856e-01
3.150000000000000022e-01 -4.226114368000000177e-01
3.175000000000000044e-01 -4.220559037000000124e-01
3.200000000000000067e-01 -4.213366454999999955e-01
3.225000000000000089e-01 -4.207536043999999809e-01
3.250000000000000111e-01 -4.203228727000000164e-01
3.275000000000000133e-01 -4.202384125999999998e-01
3.300000000000000155e-01 -4.191700178000000165e-01
3.325000000000000178e-01 -4.186661262999999966e-01
3.350000000000000200e-01 -4.185081923999999787e-01
3.375000000000000222e-01 -4.179434995999999902e-01
3.400000000000000244e-01 -4.169494778999999762e-01
3.425000000000000266e-01 -4.164586321000000035e-01
3.449999999999999734e-01 -4.159714058999999797e-01
3.474999999999999756e-01 -4.157818329999999896e-01
3.499999999999999778e-01 -4.152398683999999895e-01
3.524999999999999800e-01 -4.142943618000000106e-01
3.549999999999999822e-01 -4.143045540999999998e-01
3.574999999999999845e-01 -4.133445477000000090e-01
3.599999999999999867e-01 -4.128376814999999977e-01
3.624999999999999889e-01 -4.128208716999999806e-01
3.649999999999999911e-01 -4.123762698999999810e-01
3.674999999999999933e-01 -4.111159259000000121e-01
3.699999999999999956e-01 -4.103529510000000213e-01
3.724999999999999978e-01 -4.101946139000000047e-01
3.750000000000000000e-01 -4.102842044000000188e-01
3.775000000000000022e-01 -4.094431752000000091e-01
3.800000000000000044e-01 -4.089752079999999790e-01
3.825000000000000067e-01 -4.086348953000000228e-01
3.850000000000000089e-01 -4.076752450000000194e-01
3.875000000000000111e-01 -4.074558932999999827e-01
3.900000000000000133e-01 -4.069381836000000030e-01
3.925000000000000155e-01 -4.067441325000000218e-01
3.950000000000000178e-01 -4.062455677999999848e-01
3.975000000000000200e-01 -4.054255894000000082e-01
4.000000000000000222e-01 -4.045068553999999761e-01
4.025000000000000244e-01 -4.042046501000000069e-01
4.050000000000000266e-01 -4.036512858999999898e-01
4.074999999999999734e-01 -4.032542948999999766e-01
4.099999999999999756e-01 -4.030160516999999887e-01
4.124999999999999778e-01 -4.022301704999999838e-01
4.149999999999999800e-01 -4.019637730000000242e-01
4.174999999999999822e-01 -4.014553854999999838e-01
4.199999999999999845e-01 -4.009537199000000052e-01
4.224999999999999867e-01 -4.010411570999999897e-01
4.249999999999999889e-01 -3.999843815999999941e-01
4.274999999999999911e-01 -3.994648198999999900e-01
4.299999999999999933e-01 -3.987447646999999762e-01
4.324999999999999956e-01 -3.979588834000000186e-01
4.349999999999999978e-01 -3.979695878000000242e-01
4.375000000000000000e-01 -3.975928645999999844e-01
4.400000000000000022e-01 -3.968511472999999845e-01
4.425000000000000044e-01 -3.963633993999999827e-01
4.450000000000000067e-01 -3.960575244999999800e-01
4.475000000000000089e-01 -3.952848527000000223e-01
4.500000000000000111e-01 -3.951800208999999842e-01
4.525000000000000133e-01 -3.951439077000000188e-01
4.550000000000000155e-01 -3.945366478999999815e-01
4.575000000000000178e-01 -3.934999131999999955e-01
4.600000000000000200e-01 -3.933760503000000019e-01
4.625000000000000222e-01 -3.921743349999999850e-01
4.650000000000000244e-01 -3.922991238999999908e-01
4.675000000000000266e-01 -3.920661038000000098e-01
4.699999999999999734e-01 -3.916927729999999941e-01
4.724999999999999756e-01 -3.904984832000000239e-01
4.749999999999999778e-01 -3.902408728999999799e-01
4.774999999999999800e-01 -3.900594651000000024e-01
4.799999999999999822e-01 -3.891097389000000017e-01
4.824999999999999845e-01 -3.894837009000000072e-01
4.849999999999999867e-01 -3.883547392999999737e-01
4.874999999999999889e-01 -3.879550672000000033e-01
4.899999999999999911e-01 -3.872527036999999783e-01
4.924999999999999933e-01 -3.867901529000000171e-01
4.949999999999999956e-01 -3.867700364000000168e-01
4.974999999999999978e-01 -3.862564673000000171e-01
5.000000000000000000e-01 -3.857233744999999936e-01
5.024999999999999467e-01 -3.847900780999999881e-01
5.050000000000000044e-01 -3.847697715999999768e-01
5.074999999999999512e-01 -3.847141286999999910e-01
5.100000000000000089e-01 -3.840464773999999748e-01
5.124999999999999556e-01 -3.833071490000000137e-01
5.150000000000000133e-01 -3.827036993999999859e-01
5.174999999999999600e-01 -3.824803653000000137e-01
5.200000000000000178e-01 -3.818129706999999762e-01
5.224999999999999645e-01 -3.813953983000000214e-01
5.250000000000000222e-01 -3.808639340000000151e-01
5.274999999999999689e-01 -3.811391834999999784e-01
5.300000000000000266e-01 -3.804979487999999854e-01
5.324999999999999734e-01 -3.802825959999999728e-01
5.350000000000000311e-01 -3.790313455000000054e-01
5.374999999999999778e-01 -3.787102526000000191e-01
5.400000000000000355e-01 -3.782850691999999904e-01
5.424999999999999822e-01 -3.777286351999999958e-01
5.450000000000000400e-01 -3.780012468999999764e-01
5.474999999999999867e-01 -3.766928920000000014e-01
5.500000000000000444e-01 -3.763402274000000047e-01
5.524999999999999911e-01 -3.763801618000000015e-01
5.550000000000000488e-01 -3.763158521000000145e-01
5.574999999999999956e-01 -3.754971705999999854e-01
5.600000000000000533e-01 -3.747331514000000197e-01
5.625000000000000000e-01 -3.743377480999999785e-01
5.649999999999999467e-01 -3.740575180999999860e-01
5.675000000000000044e-01 -3.733711022999999796e-01
5.699999999999999512e-01 -3.728979957999999928e-01
5.725000000000000089e-01 -3.724099624000000164e-01
5.749999999999999556e-01 -3.721269428999999795e-01
5.775000000000000133e-01 -3.718343196000000184e-01
5.799999999999999600e-01 -3.715376421000000096e-01
5.825000000000000178e-01 -3.708720702000000147e-01
5.849999999999999645e-01 -3.710140437000000180e-01
5.875000000000000222e-01 -3.703865552000000227e-01
5.899999999999999689e-01 -3.694085639999999948e-01
5.925000000000000266e-01 -3.687507174999999915e-01
5.949999999999999734e-01 -3.687432740000000098e-01
5.975000000000000311e-01 -3.682241203000000129e-01
5.999999999999999778e-01 -3.676472553999999837e-01
6.025000000000000355e-01 -3.677778217000000072e-01
6.049999999999999822e-01 -3.672046511000000013e-01
6.075000000000000400e-01 -3.665587171999999949e-01
6.099999999999999867e-01 -3.661725214000000062e-01
6.125000000000000444e-01 -3.658355990000000113e-01
6.149999999999999911e-01 -3.655537548000000192e-01
6.175000000000000488e-01 -3.655967707000000178e-01
6.199999999999999956e-01 -3.642104700000000084e-01
6.225000000000000533e-01 -3.639049897000000144e-01
6.250000000000000000e-01 -3.637745591000000056e-01
6.274999999999999467e-01 -3.630348770999999863e-01
6.300000000000000044e-01 -3.625799666000000254e-01
6.324999999999999512e-01 -3.618584445999999955e-01
6.350000000000000089e-01 -3.619778553999999926e-01
6.374999999999999556e-01 -3.616266184999999966e-01
6.400000000000000133e-01 -3.613189626000000154e-01
6.424999999999999600e-01 -3.608472768000000053e-01
6.450000000000000178e-01 -3.604271498000000129e-01
6.474999999999999645e-01 -3.603031168999999978e-01
6.500000000000000222e-01 -3.595359878000000120e-01
6.524999999999999689e-01 -3.589389057999999855e-01
6.550000000000000266e-01 -3.582813276999999852e-01
6.574999999999999734e-01 -3.581847609000000099e-01
6.600000000000000311e-01 -3.582670459000000251e-01
6.624999999999999778e-01 -3.575932117000000243e-01
6.650000000000000355e-01 -3.571806128000000191e-01
6.674999999999999822e-01 -3.564935271999999933e-01
6.700000000000000400e-01 -3.566708955999999819e-01
6.724999999999999867e-01 -3.558087923000000097e-01
6.750000000000000444e-01 -3.552644548000000180e-01
6.774999999999999911e-01 -3.553547035999999881e-01
6.800000000000000488e-01 -3.550502106000000269e-01
6.824999999999999956e-01 -3.540642654999999750e-01
6.850000000000000533e-01 -3.542495831999999956e-01
6.875000000000000000e-01 -3.534175529999999954e-01
6.899999999999999467e-01 -3.530442807999999988e-01
6.925000000000000044e-01 -3.527621276999999833e-01
6.949999999999999512e-01 -3.521651214000000030e-01
6.975000000000000089e-01 -3.518952436000000183e-01
6.999999999999999556e-01 -3.512729200999999968e-01
7.025000000000000133e-01 -3.510082266999999812e-01
7.049999999999999600e-01 -3.510747318999999922e-01
7.075000000000000178e-01 -3.502198181999999771e-01
7.099999999999999645e-01 -3.497743732999999966e-01
7.125000000000000222e-01 -3.497408509000000110e-01
7.149999999999999689e-01 -3.494306943000000110e-01
7.175000000000000266e-01 -3.488230534999999799e-01
7.199999999999999734e-01 -3.484773928000000076e-01
7.225000000000000311e-01 -3.482393079000000169e-01
7.249999999999999778e-01 -3.476598605999999814e-01
7.275000000000000355e-01 -3.469350426999999737e-01
7.299999999999999822e-01 -3.473485882999999830e-01
7.325000000000000400e-01 -3.471080260000000139e-01
7.349999999999999867e-01 -3.460005401999999841e-01
7.375000000000000444e-01 -3.455101226999999775e-01
7.399999999999999911e-01 -3.453148315999999829e-01
7.425000000000000488e-01 -3.449288127999999842e-01
7.449999999999999956e-01 -3.442715022000000236e-01
7.475000000000000533e-01 -3.441812913999999779e-01
7.500000000000000000e-01 -3.437566991000000072e-01
7.524999999999999467e-01 -3.435211000999999764e-01
7.550000000000000044e-01 -3.430715227999999728e-01
7.574999999999999512e-01 -3.424758871999999954e-01
7.600000000000000089e-01 -3.422403055000000083e-01
7.624999999999999556e-01 -3.417396636000000210e-01
7.650000000000000133e-01 -3.414309048999999985e-01
7.674999999999999600e-01 -3.412196056999999838e-01
7.700000000000000178e-01 -3.406777668000000037e-01
7.724999999999999645e-01 -3.408340825999999768e-01
7.750000000000000222e-01 -3.401671298000000232e-01
7.774999999999999689e-01 -3.397339413000000086e-01
7.800000000000000266e-01 -3.391682641000000054e-01
7.824999999999999734e-01 -3.391229758000000039e-01
7.850000000000000311e-01 -3.384515758000000152e-01
7.874999999999999778e-01 -3.384030165999999951e-01
7.900000000000000355e-01 -3.380979610000000024e-01
7.924999999999999822e-01 -3.374758666000000074e-01
7.950000000000000400e-01 -3.368869157000000114e-01
7.974999999999999867e-01 -3.364973327999999930e-01
8.000000000000000444e-01 -3.366263730999999870e-01
8.024999999999999911e-01 -3.356667489999999865e-01
8.050000000000000488e-01 -3.356474050000000098e-01
8.074999999999999956e-01 -3.354443552999999967e-01
8.100000000000000533e-01 -3.353990432999999771e-01
8.125000000000000000e-01 -3.343719337000000125e-01
8.149999999999999467e-01 -3.339001931000000201e-01
8.175000000000000044e-01 -3.336289486999999832e-01
8.199999999999999512e-01 -3.334487560000000128e-01
8.225000000000000089e-01 -3.327542298000000232e-01
8.249999999999999556e-01 -3.327805954999999982e-01
8.275000000000000133e-01 -3.323520430999999942e-01
8.299999999999999600e-01 -3.317871275000000009e-01
8.325000000000000178e-01 -3.319849544999999846e-01
8.349999999999999645e-01 -3.310189164999999822e-01
8.375000000000000222e-01 -3.311060343000000183e-01
8.399999999999999689e-01 -3.304743088000000051e-01
8.425000000000000266e-01 -3.300532535999999850e-01
8.449999999999999734e-01 -3.298557662000000112e-01
8.475000000000000311e-01 -3.292005417000000156e-01
8.499999999999999778e-01 -3.295540986000000117e-01
8.525000000000000355e-01 -3.288901758000000175e-01
8.549999999999999822e-01 -3.287383366000000140e-01
8.575000000000000400e-01 -3.280705980999999993e-01
8.599999999999999867e-01 -3.280116605000000241e-01
8.625000000000000444e-01 -3.275674473999999892e-01
8.649999999999999911e-01 -3.268215745999999977e-01
8.675000000000000488e-01 -3.266659632999999729e-01
8.699999999999999956e-01 -3.263569681999999861e-01
8.725000000000000533e-01 -3.260628835000000114e-01
8.750000000000000000e-01 -3.256075574999999778e-01
8.774999999999999467e-01 -3.248096196999999963e-01
8.800000000000000044e-01 -3.249106199999999833e-01
8.824999999999999512e-01 -3.246310112999999942e-01
8.850000000000000089e-01 -3.245883721999999749e-01
8.874999999999999556e-01 -3.242428064999999804e-01
8.900000000000000133e-01 -3.236487811000000048e-01
8.924999999999999600e-01 -3.234239641000000165e-01
8.950000000000000178e-01 -3.228297744999999996e-01
8.974999999999999645e-01 -3.230103455000000179e-01
9.000000000000000222e-01 -3.221371043999999850e-01
9.024999999999999689e-01 -3.220545028999999837e-01
9.050000000000000266e-01 -3.215340599000000021e-01
9.074999999999999734e-01 -3.210721751000000235e-01
9.100000000000000311e-01 -3.206945808000000175e-01
9.124999999999999778e-01 -3.204370313000000081e-01
9.150000000000000355e-01 -3.199116157999999932e-01
9.174999999999999822e-01 -3.198387048999999926e-01
9.200000000000000400e-01 -3.196474316999999843e-01
9.224999999999999867e-01 -3.190473509000000263e-01
9.250000000000000444e-01 -3.187896820000000186e-01
9.274999999999999911e-01 -3.183929135999999938e-01
9.300000000000000488e-01 -3.184780245000000121e-01
9.324999999999999956e-01 -3.178107783999999936e-01
9.350000000000000533e-01 -3.173671677000000080e-01
9.375000000000000000e-01 -3.172977049999999855e-01
9.399999999999999467e-01 -3.171739237000000267e-01
9.425000000000000044e-01 -3.166419763000000165e-01
9.449999999999999512e-01 -3.162462616000000226e-01
9.475000000000000089e-01 -3.162753480000000117e-01
9.499999999999999556e-01 -3.159083319000000056e-01
9.525000000000000133e-01 -3.154188370000000075e-01
9.549999999999999600e-01 -3.152616060999999803e-01
9.575000000000000178e-01 -3.149997729999999829e-01
9.599999999999999645e-01 -3.142417115000000205e-01
9.625000000000000222e-01 -3.133331051000000089e-01
9.649999999999999689e-01 -3.138328569000000123e-01
9.675000000000000266e-01 -3.129007225000000059e-01
9.699999999999999734e-01 -3.130008932000000188e-01
9.725000000000000311e-01 -3.123664804999999878e-01
9.749999999999999778e-01 -3.124239195999999885e-01
9.775000000000000355e-01 -3.117622867000000020e-01
9.799999999999999822e-01 -3.111893665000000087e-01
9.825000000000000400e-01 -3.116107748999999982e-01
9.849999999999999867e-01 -3.113575217999999811e-01
9.875000000000000444e-01 -3.108141146000000243e-01
9.899999999999999911e-01 -3.106877435000000021e-01
9.925000000000000488e-01 -3.101657919999999957e-01
9.949999999999999956e-01 -3.095166230999999990e-01
9.975000000000000533e-01 -3.095583471000000197e-01
1.000000000000000000e+00 -3.090665264999999939e-01
1.002499999999999947e+00 -3.090788261999999897e-01
1.004999999999999893e+00 -3.083731990999999950e-01
1.007500000000000062e+00 -3.084987250999999819e-01
1.010000000000000009e+00 -3.078079221000000198e-01
1.012499999999999956e+00 -3.073241500000000181e-01
1.014999999999999902e+00 -3.072348968999999985e-01
1.017500000000000071e+00 -3.068795357999999918e-01
1.020000000000000018e+00 -3.063426957000000006e-01
1.022499999999999964e+00 -3.065342656999999749e-01
1.024999999999999911e+00 -3.058569890000000235e-01
1.027500000000000080e+00 -3.058339642999999830e-01
1.030000000000000027e+00 -3.057008587999999749e-01
1.032499999999999973e+00 -3.050050149999999904e-01
1.034999999999999920e+00 -3.048702027999999897e-01
1.037500000000000089e+00 -3.048128559000000126e-01
1.040000000000000036e+00 -3.041441048999999897e-01
1.042499999999999982e+00 -3.038025106000000197e-01
1.044999999999999929e+00 -3.035892198999999847e-01
1.047500000000000098e+00 -3.035390500999999852e-01
1.050000000000000044e+00 -3.029945719000000093e-01
1.052499999999999991e+00 -3.032046146999999858e-01
1.054999999999999938e+00 -3.019312645000000184e-01
1.057500000000000107e+00 -3.021220705000000062e-01
1.060000000000000053e+00 -3.021027135000000086e-01
1.062500000000000000e+00 -3.018354282999999860e-01
1.064999999999999947e+00 -3.012141320000000233e-01
1.067499999999999893e+00 -3.009787964000000260e-01
1.070000000000000062e+00 -3.002983455000000079e-01
1.072500000000000009e+00 -3.001864790000000061e-01
1.074999999999999956e+00 -2.997101220000000232e-01
1.077499999999999902e+00 -2.992403592999999806e-01
1.080000000000000071e+00 -2.990875471000000174e-01
1.082500000000000018e+00 -2.992435489999999976e-01
1.084999999999999964e+00 -2.990616307999999779e-01
1.087499999999999911e+00 -2.985803282999999753e-01
1.090000000000000080e+00 -2.980111139000000131e-01
1.092500000000000027e+00 -2.981440007000000225e-01
1.094999999999999973e+00 -2.976731304999999939e-01
1.097499999999999920e+00 -2.970204685000000233e-01
1.100000000000000089e+00 -2.975360673999999928e-01
1.102500000000000036e+00 -2.967763562999999882e-01
1.104999999999999982e+00 -2.967036062000000252e-01
1.107499999999999929e+00 -2.965062822999999792e-01
1.110000000000000098e+00 -2.963225240999999843e-01
1.112500000000000044e+00 -2.953732139999999950e-01
1.114999999999999991e+00 -2.954228869000000146e-01
1.117499999999999938e+00 -2.950589714999999891e-01
1.120000000000000107e+00 -2.947027667000000073e-01
1.122500000000000053e+00 -2.944372270999999763e-01
1.125000000000000000e+00 -2.943172571000000071e-01
1.127499999999999947e+00 -2.937856895000000024e-01
1.129999999999999893e+00 -2.934449257000000255e-01
1.132500000000000062e+00 -2.933494214999999850e-01
1.135000000000000009e+00 -2.926610260999999991e-01
1.137499999999999956e+00 -2.926600815000000022e-01
1.139999999999999902e+00 -2.922473653000000060e-01
1.142500000000000071e+00 -2.922202866999999982e-01
1.145000000000000018e+00 -2.919366629999999851e-01
1.147499999999999964e+00 -2.915718847000000058e-01
1.149999999999999911e+00 -2.912811157999999900e-01
1.152500000000000080e+00 -2.916241370000000055e-01
1.155000000000000027e+00 -2.910616487000000085e-01
1.157499999999999973e+00 -2.906023757999999790e-01
1.159999999999999920e+00 -2.903216343000000199e-01
1.162500000000000089e+00 -2.900005491000000046e-01
1.165000000000000036e+00 -2.897561148999999725e-01
1.167499999999999982e+00 -2.889791338000000098e-01
1.169999999999999929e+00 -2.891535854999999766e-01
1.172500000000000098e+00 -2.889024593999999779e-01
1.175000000000000044e+00 -2.888935260000000116e-01
1.177499999999999991e+00 -2.882911522000000115e-01
1.179999999999999938e+00 -2.882998947000000034e-01
1.182500000000000107e+00 -2.876086532000000084e-01
1.185000000000000053e+00 -2.875517322999999736e-01
1.187500000000000000e+00 -2.868887146999999915e-01
1.189999999999999947e+00 -2.863076690999999951e-01
1.192499999999999893e+00 -2.867161644999999814e-01
1.195000000000000062e+00 -2.862869377999999743e-01
1.197500000000000009e+00 -2.863068181999999795e-01
1.199999999999999956e+00 -2.854866345000000027e-01
1.202499999999999902e+00 -2.856833007999999841e-01
1.205000000000000071e+00 -2.850454497000000087e-01
1.207500000000000018e+00 -2.850474031999999935e-01
1.209999999999999964e+00 -2.845895016000000166e-01
1.212499999999999911e+00 -2.841794595000000090e-01
1.215000000000000080e+00 -2.842664375000000243e-01
1.217500000000000027e+00 -2.835307063999999988e-01
1.219999999999999973e+00 -2.835292966999999886e-01
1.222499999999999920e+00 -2.829966306000000209e-01
1.225000000000000089e+00 -2.832471469000000242e-01
1.227500000000000036e+00 -2.828043230000000241e-01
1.229999999999999982e+00 -2.825383577000000201e-01
1.232499999999999929e+00 -2.821608273999999805e-01
1.235000000000000098e+00 -2.820159668000000175e-01
1.237500000000000044e+00 -2.815738065999999762e-01
1.239999999999999991e+00 -2.814303114000000217e-01
1.242499999999999938e+00 -2.810138238000000066e-01
1.245000000000000107e+00 -2.811881359000000247e-01
1.247500000000000053e+00 -2.809859827000000254e-01
1.250000000000000000e+00 -2.805495849999999902e-01
1.252499999999999947e+00 -2.802292020000000106e-01
1.254999999999999893e+00 -2.795485608000000122e-01
1.257500000000000062e+00 -2.792834081000000190e-01
1.260000000000000009e+00 -2.791610393999999773e-01
1.262499999999999956e+00 -2.790154438999999931e-01
1.264999999999999902e+00 -2.789992928999999733e-01
1.267500000000000071e+00 -2.785580691000000275e-01
1.270000000000000018e+00 -2.778672550999999880e-01
1.272499999999999964e+00 -2.781410923000000035e-01
1.274999999999999911e+00 -2.779788987999999850e-01
1.277500000000000080e+00 -2.774134864999999728e-01
1.280000000000000027e+00 -2.767822530999999864e-01
1.282499999999999973e+00 -2.774115884000000198e-01
1.284999999999999920e+00 -2.767049145000000099e-01
1.287500000000000089e+00 -2.762962597999999992e-01
1.290000000000000036e+00 -2.763584000000000040e-01
1.292499999999999982e+00 -2.763190893999999953e-01
1.294999999999999929e+00 -2.756615398000000217e-01
1.297500000000000098e+00 -2.753256330000000141e-01
1.300000000000000044e+00 -2.746959239999999802e-01
1.302499999999999991e+00 -2.749905429999999762e-01
1.304999999999999938e+00 -2.749069398999999803e-01
1.307500000000000107e+00 -2.748714884999999830e-01
1.310000000000000053e+00 -2.739194562000000222e-01
1.312500000000000000e+00 -2.739418190999999836e-01
1.314999999999999947e+00 -2.735306153000000018e-01
1.317499999999999893e+00 -2.733753413000000188e-01
1.320000000000000062e+00 -2.729996326999999945e-01
1.322500000000000009e+00 -2.729809116999999952e-01
1.324999999999999956e+00 -2.728198882999999797e-01
1.327499999999999902e+00 -2.726043629000000079e-01
1.330000000000000071e+00 -2.723351446999999759e-01
1.332500000000000018e+00 -2.720047874000000032e-01
1.334999999999999964e+00 -2.715624423999999926e-01
1.337499999999999911e+00 -2.714694972999999734e-01
1.340000000000000080e+00 -2.710336790999999801e-01
1.342500000000000027e+00 -2.714139170000000045e-01
1.344999999999999973e+00 -2.708049690000000065e-01
1.347499999999999920e+00 -2.706516679000000036e-01
1.350000000000000089e+00 -2.703648215000000188e-01
1.352500000000000036e+00 -2.700714974000000268e-01
1.354999999999999982e+00 -2.698438517000000259e-01
1.357499999999999929e+00 -2.695044115999999934e-01
1.360000000000000098e+00 -2.696689844999999863e-01
1.362500000000000044e+00 -2.689962093000000110e-01
1.364999999999999991e+00 -2.689297357000000055e-01
1.367499999999999938e+00 -2.685314025000000160e-01
1.370000000000000107e+00 -2.677264408000000206e-01
1.372500000000000053e+00 -2.684500026000000150e-01
1.375000000000000000e+00 -2.674579141000000271e-01
1.377499999999999947e+00 -2.674367207000000191e-01
1.379999999999999893e+00 -2.678162816999999918e-01
1.382500000000000062e+00 -2.671382409999999985e-01
1.385000000000000009e+00 -2.666386391000000189e-01
1.387499999999999956e+00 -2.665539948000000270e-01
1.389999999999999902e+00 -2.661655900000000075e-01
1.392500000000000071e+00 -2.659412411000000032e-01
1.395000000000000018e+00 -2.659684999999999966e-01
1.397499999999999964e+00 -2.653672227000000161e-01
1.399999999999999911e+00 -2.653346422000000260e-01
1.402500000000000080e+00 -2.652237999000000013e-01
1.405000000000000027e+00 -2.652168480000000050e-01
1.407499999999999973e+00 -2.649021583000000235e-01
1.409999999999999920e+00 -2.647850271000000144e-01
1.412500000000000089e+00 -2.638856230000000136e-01
1.415000000000000036e+00 -2.639058780999999909e-01
1.417499999999999982e+00 -2.638125414999999974e-01
1.419999999999999929e+00 -2.630779568000000124e-01
1.422500000000000098e+00 -2.633998449000000130e-01
1.425000000000000044e+00 -2.632159416000000030e-01
1.427499999999999991e+00 -2.629962647999999903e-01
1.429999999999999938e+00 -2.623965384999999984e-01
1.432500000000000107e+00 -2.626846394999999834e-01
1.435000000000000053e+00 -2.617937651999999726e-01
1.437500000000000000e+00 -2.619110813000000149e-01
1.439999999999999947e+00 -2.616324093999999878e-01
1.442499999999999893e+00 -2.615020259999999985e-01
1.445000000000000062e+00 -2.617001985999999891e-01
1.447500000000000009e+00 -2.610084116999999981e-01
1.449999999999999956e+00 -2.608456972000000040e-01
1.452499999999999902e+00 -2.604604750000000246e-01
1.455000000000000071e+00 -2.602642860000000113e-01
1.457500000000000018e+00 -2.599361633999999754e-01
1.459999999999999964e+00 -2.597824127000000205e-01
1.462499999999999911e+00 -2.596720196000000258e-01
1.465000000000000080e+00 -2.596427068000000116e-01
1.467500000000000027e+00 -2.594487300000000163e-01
1.469999999999999973e+00 -2.588998082999999784e-01
1.472499999999999920e+00 -2.588553713999999784e-01
1.475000000000000089e+00 -2.587851912999999948e-01
1.477500000000000036e+00 -2.580769491000000082e-01
1.479999999999999982e+00 -2.579786248000000004e-01
1.482499999999999929e+00 -2.580480259999999859e-01
1.485000000000000098e+00 -2.576256438999999787e-01
1.487500000000000044e+00 -2.576927005999999909e-01
1.489999999999999991e+00 -2.572713754000000019e-01
1.492499999999999938e+00 -2.568606348999999955e-01
1.495000000000000107e+00 -2.565348952000000016e-01
1.497500000000000053e+00 -2.565705128999999918e-01
1.500000000000000000e+00 -2.564569475999999848e-01
1.502499999999999947e+00 -2.559733408000000043e-01
1.504999999999999893e+00 -2.560316228000000249e-01
1.507500000000000062e+00 -2.556631832999999854e-01
1.510000000000000009e+00 -2.552756137000000147e-01
1.512499999999999956e+00 -2.552023614000000218e-01
1.514999999999999902e+00 -2.553836750999999849e-01
1.517500000000000071e+00 -2.548436875000000268e-01
1.520000000000000018e+00 -2.544320365000000139e-01
1.522499999999999964e+00 -2.540593745999999986e-01
1.524999999999999911e+00 -2.541674447000000225e-01
1.527500000000000080e+00 -2.539955973999999950e-01
1.530000000000000027e+00 -2.537238286999999870e-01
1.532499999999999973e+00 -2.534490388999999788e-01
1.534999999999999920e+00 -2.532737653000000089e-01
1.537500000000000089e+00 -2.534032529999999950e-01
1.540000000000000036e+00 -2.529647063000000085e-01
1.542499999999999982e+00 -2.528693646999999878e-01
1.544999999999999929e+00 -2.523705391000000131e-01
1.547500000000000098e+00 -2.522017039000000183e-01
1.550000000000000044e+00 -2.516184443999999742e-01
1.552499999999999991e+00 -2.520971952000000127e-01
1.554999999999999938e+00 -2.513107988000000126e-01
1.557500000000000107e+00 -2.511855996999999840e-01
1.560000000000000053e+00 -2.510212298000000231e-01
1.562500000000000000e+00 -2.511313421999999962e-01
1.564999999999999947e+00 -2.505414706999999908e-01
1.567499999999999893e+00 -2.500991334000000066e-01
1.570000000000000062e+00 -2.503586627000000120e-01
1.572500000000000009e+00 -2.502888275999999856e-01
1.574999999999999956e+00 -2.497747634999999966e-01
1.577499999999999902e+00 -2.495720941000000026e-01
1.580000000000000071e+00 -2.497397979000000046e-01
1.582500000000000018e+00 -2.492157940999999988e-01
1.584999999999999964e+00 -2.493409208000000044e-01
1.587499999999999911e+00 -2.488311331999999987e-01
1.590000000000000080e+00 -2.484335883999999883e-01
1.592500000000000027e+00 -2.486691463000000046e-01
1.594999999999999973e+00 -2.484307708000000059e-01
1.597499999999999920e+00 -2.479789098999999886e-01
1.600000000000000089e+00 -2.476930991000000082e-01
1.602500000000000036e+00 -2.478371617000000027e-01
1.604999999999999982e+00 -2.474598017999999899e-01
1.607499999999999929e+00 -2.474848513000000028e-01
1.610000000000000098e+00 -2.471601693000000100e-01
1.612500000000000044e+00 -2.470106176999999903e-01
1.614999999999999991e+00 -2.462493772000000081e-01
1.617499999999999938e+00 -2.463993070999999924e-01
1.620000000000000107e+00 -2.459615011999999878e-01
1.622500000000000053e+00 -2.461205508000000042e-01
1.625000000000000000e+00 -2.457992720999999936e-01
1.627499999999999947e+00 -2.450860542999999947e-01
1.629999999999999893e+00 -2.456078349999999966e-01
1.632500000000000062e+00 -2.452411878999999906e-01
1.635000000000000009e+00 -2.451391602999999919e-01
1.637499999999999956e+00 -2.456343710999999985e-01
1.639999999999999902e+00 -2.447162887000000064e-01
1.642500000000000071e+00 -2.444672130999999971e-01
1.645000000000000018e+00 -2.441318128999999948e-01
1.647499999999999964e+00 -2.438791958000000037e-01
1.649999999999999911e+00 -2.436107335000000096e-01
1.652500000000000080e+00 -2.433517631999999875e-01
1.655000000000000027e+00 -2.433564884999999955e-01
1.657499999999999973e+00 -2.430454220000000110e-01
1.659999999999999920e+00 -2.430689876000000083e-01
1.662500000000000089e+00 -2.428932648000000083e-01
1.665000000000000036e+00 -2.423630042000000095e-01
1.667499999999999982e+00 -2.425864742999999935e-01
1.669999999999999929e+00 -2.422442454000000023e-01
1.672500000000000098e+00 -2.421078067999999917e-01
1.675000000000000044e+00 -2.416314417000000048e-01
1.677499999999999991e+00 -2.412433045000000054e-01
1.679999999999999938e+00 -2.418733087000000115e-01
1.682500000000000107e+00 -2.413003455999999936e-01
1.685000000000000053e+00 -2.413294353999999864e-01
1.687500000000000000e+00 -2.405165334000000099e-01
1.689999999999999947e+00 -2.406232829999999934e-01
1.692499999999999893e+00 -2.402682195999999992e-01
1.695000000000000062e+00 -2.400917783000000028e-01
1.697500000000000009e+00 -2.398403439000000026e-01
1.699999999999999956e+00 -2.399919761000000040e-01
1.702499999999999902e+00 -2.395928575999999866e-01
1.705000000000000071e+00 -2.392954502000000094e-01
1.707500000000000018e+00 -2.392797326999999974e-01
1.709999999999999964e+00 -2.390665329999999977e-01
1.712499999999999911e+00 -2.390852083999999989e-01
1.715000000000000080e+00 -2.383647611999999971e-01
1.717500000000000027e+00 -2.378999518999999896e-01
1.719999999999999973e+00 -2.384102681999999973e-01
1.722499999999999920e+00 -2.380450323999999951e-01
1.725000000000000089e+00 -2.378130115000000044e-01
1.727500000000000036e+00 -2.380915188000000127e-01
1.729999999999999982e+00 -2.372948639999999942e-01
1.732499999999999929e+00 -2.370906130000000056e-01
1.735000000000000098e+00 -2.370256561999999900e-01
1.737500000000000044e+00 -2.368338737000000027e-01
1.739999999999999991e+00 -2.365683192999999962e-01
1.742499999999999938e+00 -2.370320935999999934e-01
1.745000000000000107e+00 -2.363513624999999951e-01
1.747500000000000053e+00 -2.364009659999999902e-01
1.750000000000000000e+00 -2.359877203999999895e-01
1.752499999999999947e+00 -2.358480894999999966e-01
1.754999999999999893e+00 -2.355471312999999900e-01
1.757500000000000062e+00 -2.354668699999999948e-01
1.760000000000000009e+00 -2.354564765000000115e-01
1.762499999999999956e+00 -2.351734060000000015e-01
1.764999999999999902e+00 -2.348423394999999969e-01
1.767500000000000071e+00 -2.346097641999999872e-01
1.770000000000000018e+00 -2.345007289999999911e-01
1.772499999999999964e+00 -2.341399616000000017e-01
1.774999999999999911e+00 -2.343157976999999947e-01
1.777500000000000080e+00 -2.338841034999999957e-01
1.780000000000000027e+00 -2.340736200999999905e-01
1.782499999999999973e+00 -2.335349000999999980e-01
1.784999999999999920e+00 -2.333882871000000081e-01
1.787500000000000089e+00 -2.335443945000000021e-01
1.790000000000000036e+00 -2.327805313999999903e-01
1.792499999999999982e+00 -2.329948689999999933e-01
1.794999999999999929e+00 -2.326628594000000050e-01
1.797500000000000098e+00 -2.330376658999999961e-01
1.800000000000000044e+00 -2.322808369999999900e-01
1.802499999999999991e+00 -2.322200238999999888e-01
1.804999999999999938e+00 -2.317607725999999979e-01
1.807500000000000107e+00 -2.315206431000000065e-01
1.810000000000000053e+00 -2.318313361000000072e-01
1.812500000000000000e+00 -2.310160119999999928e-01
1.814999999999999947e+00 -2.313655032999999972e-01
1.817499999999999893e+00 -2.311932784000000074e-01
1.820000000000000062e+00 -2.306443450000000006e-01
1.822500000000000009e+00 -2.306950155999999974e-01
1.824999999999999956e+00 -2.307181598999999972e-01
1.827499999999999902e+00 -2.305565149999999897e-01
1.830000000000000071e+00 -2.302018631999999954e-01
1.832500000000000018e+00 -2.301800696000000090e-01
1.834999999999999964e+00 -2.303435554000000107e-01
1.837499999999999911e+00 -2.299844129999999987e-01
1.840000000000000080e+00 -2.296226796999999986e-01
1.842500000000000027e+00 -2.295784949000000130e-01
1.844999999999999973e+00 -2.293568866000000039e-01
1.847499999999999920e+00 -2.290864108000000010e-01
1.850000000000000089e+00 -2.283125350000000109e-01
1.852500000000000036e+00 -2.284330712000000041e-01
1.854999999999999982e+00 -2.289581591000000027e-01
1.857499999999999929e+00 -2.282995609000000037e-01
1.860000000000000098e+00 -2.282759192999999909e-01
1.862500000000000044e+00 -2.276631637000000041e-01
1.864999999999999991e+00 -2.282226098000000036e-01
1.867499999999999938e+00 -2.277990418999999989e-01
1.870000000000000107e+00 -2.277996456999999975e-01
1.872500000000000053e+00 -2.270944759000000090e-01
1.875000000000000000e+00 -2.269216698000000032e-01
1.877499999999999947e+00 -2.269030093999999942e-01
1.879999999999999893e+00 -2.272595592999999969e-01
1.882500000000000062e+00 -2.268830695999999869e-01
1.885000000000000009e+00 -2.264925748999999933e-01
1.887499999999999956e+00 -2.262961089999999953e-01
1.889999999999999902e+00 -2.261613898000000011e-01
1.892500000000000071e+00 -2.258897826000000053e-01
1.895000000000000018e+00 -2.257884725000000037e-01
1.897499999999999964e+00 -2.258259498000000087e-01
1.899999999999999911e+00 -2.252608043999999865e-01
1.902500000000000080e+00 -2.251366448000000076e-01
1.905000000000000027e+00 -2.251887774000000120e-01
1.907499999999999973e+00 -2.252915176999999991e-01
1.909999999999999920e+00 -2.249202355999999903e-01
1.912500000000000089e+00 -2.246191315000000133e-01
1.915000000000000036e+00 -2.245026867000000093e-01
1.917499999999999982e+00 -2.248475558999999957e-01
1.919999999999999929e+00 -2.241221428000000071e-01
1.922500000000000098e+00 -2.236015305000000064e-01
1.925000000000000044e+00 -2.239841861000000101e-01
1.927499999999999991e+00 -2.235628880999999957e-01
1.929999999999999938e+00 -2.233643530999999960e-01
1.932500000000000107e+00 -2.231443862999999972e-01
1.935000000000000053e+00 -2.230907870999999931e-01
1.937500000000000000e+00 -2.229591374999999875e-01
1.939999999999999947e+00 -2.227630197999999895e-01
1.942499999999999893e+00 -2.223272196999999950e-01
1.945000000000000062e+00 -2.222903522000000132e-01
1.947500000000000009e+00 -2.218693216000000024e-01
1.949999999999999956e+00 -2.221624274000000010e-01
1.952499999999999902e+00 -2.219824612999999891e-01
1.955000000000000071e+00 -2.216063437999999941e-01
1.957500000000000018e+00 -2.213031437999999906e-01
1.959999999999999964e+00 -2.214821405999999882e-01
1.962499999999999911e+00 -2.216669843999999889e-01
1.965000000000000080e+00 -2.211180395000000021e-01
1.967500000000000027e+00 -2.207849451999999990e-01
1.969999999999999973e+00 -2.211521992000000103e-01
1.972499999999999920e+00 -2.205380657000000078e-01
1.975000000000000089e+00 -2.204203366999999969e-01
1.977500000000000036e+00 -2.200144900000000070e-01
1.979999999999999982e+00 -2.199893468999999935e-01
1.982499999999999929e+00 -2.198384230000000050e-01
1.985000000000000098e+00 -2.195985017000000039e-01
1.987500000000000044e+00 -2.196733613000000085e-01
1.989999999999999991e+00 -2.194462293999999980e-01
1.992499999999999938e+00 -2.192347021000000118e-01
1.995000000000000107e+00 -2.193802435999999967e-01
1.997500000000000053e+00 -2.190843091999999936e-01
2.000000000000000000e+00 -2.187559055999999946e-01
2.002499999999999947e+00 -2.187525470999999999e-01
2.004999999999999893e+00 -2.179536471000000086e-01
2.007499999999999840e+00 -2.183542773000000103e-01
2.009999999999999787e+00 -2.182349647000000059e-01
2.012500000000000178e+00 -2.181697475000000108e-01
2.015000000000000124e+00 -2.183174706999999881e-01
2.017500000000000071e+00 -2.178063004000000136e-01
2.020000000000000018e+00 -2.177342714000000123e-01
2.022499999999999964e+00 -2.175261099999999947e-01
2.024999999999999911e+00 -2.174626598000000133e-01
2.027499999999999858e+00 -2.173265470000000088e-01
2.029999999999999805e+00 -2.167340265999999904e-01
2.032500000000000195e+00 -2.170361965000000004e-01
2.035000000000000142e+00 -2.169551091999999959e-01
2.037500000000000089e+00 -2.164074317999999941e-01
2.040000000000000036e+00 -2.166278835000000069e-01
2.042499999999999982e+00 -2.166574300000000119e-01
2.044999999999999929e+00 -2.161598465000000024e-01
2.047499999999999876e+00 -2.162222089999999985e-01
2.049999999999999822e+00 -2.161469440999999880e-01
2.052500000000000213e+00 -2.153952516000000039e-01
2.055000000000000160e+00 -2.156111408999999979e-01
2.057500000000000107e+00 -2.152601427999999983e-01
2.060000000000000053e+00 -2.152312157999999864e-01
2.062500000000000000e+00 -2.150903285999999914e-01
2.064999999999999947e+00 -2.152660402999999889e-01
2.067499999999999893e+00 -2.148358130999999949e-01
2.069999999999999840e+00 -2.145576449000000108e-01
2.072499999999999787e+00 -2.144861389000000118e-01
2.075000000000000178e+00 -2.142543234000000019e-01
2.077500000000000124e+00 -2.139882785999999981e-01
2.080000000000000071e+00 -2.140028744999999955e-01
2.082500000000000018e+00 -2.141593552999999928e-01
2.084999999999999964e+00 -2.137042003999999884e-01
2.087499999999999911e+00 -2.135133398000000071e-01
2.089999999999999858e+00 -2.135185871999999985e-01
2.092499999999999805e+00 -2.129482407000000133e-01
2.095000000000000195e+00 -2.130172191999999964e-01
2.097500000000000142e+00 -2.125782246000000042e-01
2.100000000000000089e+00 -2.129087893000000120e-01
2.102500000000000036e+00 -2.130768724999999864e-01
2.104999999999999982e+00 -2.127147115999999949e-01
2.107499999999999929e+00 -2.125837309999999980e-01
2.109999999999999876e+00 -2.119874837999999873e-01
2.112499999999999822e+00 -2.122421754000000105e-01
2.115000000000000213e+00 -2.119763679999999983e-01
2.117500000000000160e+00 -2.118801163000000043e-01
2.120000000000000107e+00 -2.119004458000000035e-01
2.122500000000000053e+00 -2.115166447000000061e-01
2.125000000000000000e+00 -2.115065265000000139e-01
2.127499999999999947e+00 -2.108979297999999947e-01
2.129999999999999893e+00 -2.107457322000000077e-01
2.132499999999999840e+00 -2.110854232000000108e-01
2.134999999999999787e+00 -2.106320097000000113e-01
2.137500000000000178e+00 -2.108556496000000002e-01
2.140000000000000124e+00 -2.102964039000000118e-01
2.142500000000000071e+00 -2.101009363999999935e-01
2.145000000000000018e+00 -2.099578283000000101e-01
2.147499999999999964e+00 -2.102443915999999968e-01
2.149999999999999911e+00 -2.096658670999999863e-01
2.152499999999999858e+00 -2.097460426999999961e-01
2.154999999999999805e+00 -2.095870489999999975e-01
2.157500000000000195e+00 -2.098020828999999920e-01
2.160000000000000142e+00 -2.095688548999999901e-01
2.162500000000000089e+00 -2.094678534999999953e-01
2.165000000000000036e+00 -2.086111965000000124e-01
2.167499999999999982e+00 -2.088107969999999924e-01
2.169999999999999929e+00 -2.087299658000000002e-01
2.172499999999999876e+00 -2.085501637999999935e-01
2.174999999999999822e+00 -2.084890214000000019e-01
2.177500000000000213e+00 -2.082542504000000072e-01
2.180000000000000160e+00 -2.080122272000000105e-01
2.182500000000000107e+00 -2.077915173999999865e-01
2.185000000000000053e+00 -2.078149482999999964e-01
2.187500000000000000e+00 -2.079213270999999974e-01
2.189999999999999947e+00 -2.073351318999999970e-01
2.192499999999999893e+00 -2.073908419999999919e-01
2.194999999999999840e+00 -2.074330399000000047e-01
2.197499999999999787e+00 -2.069450944000000014e-01
2.200000000000000178e+00 -2.069024999999999892e-01
2.202500000000000124e+00 -2.067561474000000066e-01
2.205000000000000071e+00 -2.065968640999999995e-01
2.207500000000000018e+00 -2.066080882000000118e-01
2.209999999999999964e+00 -2.067513519999999994e-01
2.212499999999999911e+00 -2.064228612000000018e-01
2.214999999999999858e+00 -2.063869872000000105e-01
2.217499999999999805e+00 -2.062243284999999982e-01
2.220000000000000195e+00 -2.063338463999999928e-01
2.222500000000000142e+00 -2.058096437999999972e-01
2.225000000000000089e+00 -2.056329862999999869e-01
2.227500000000000036e+00 -2.057077744999999958e-01
2.229999999999999982e+00 -2.057453350000000014e-01
2.232499999999999929e+00 -2.052720460999999941e-01
2.234999999999999876e+00 -2.054076289000000000e-01
2.237499999999999822e+00 -2.048157039000000068e-01
2.240000000000000213e+00 -2.045766498999999905e-01
2.242500000000000160e+00 -2.050767303000000097e-01
2.245000000000000107e+00 -2.045686566000000095e-01
2.247500000000000053e+00 -2.044451878999999916e-01
2.250000000000000000e+00 -2.043855933000000014e-01
2.252499999999999947e+00 -2.042069954000000076e-01
2.254999999999999893e+00 -2.040897550999999921e-01
2.257499999999999840e+00 -2.043040674999999917e-01
2.259999999999999787e+00 -2.036557539999999944e-01
2.262500000000000178e+00 -2.040018181999999902e-01
2.265000000000000124e+00 -2.033513450999999972e-01
2.267500000000000071e+00 -2.036046935999999974e-01
2.270000000000000018e+00 -2.036279236000000104e-01
2.272499999999999964e+00 -2.034559743999999892e-01
2.274999999999999911e+00 -2.031486842999999931e-01
2.277499999999999858e+00 -2.026383368000000129e-01
2.279999999999999805e+00 -2.027944419999999914e-01
2.282500000000000195e+00 -2.024519398000000081e-01
2.285000000000000142e+00 -2.026322295000000107e-01
2.287500000000000089e+00 -2.023840654999999877e-01
2.290000000000000036e+00 -2.021796174999999918e-01
2.292499999999999982e+00 -2.022065935000000036e-01
2.294999999999999929e+00 -2.020851231999999942e-01
2.297499999999999876e+00 -2.020188901999999953e-01
2.299999999999999822e+00 -2.019478286999999983e-01
2.302500000000000213e+00 -2.018462058999999920e-01
2.305000000000000160e+00 -2.017016613000000014e-01
2.307500000000000107e+00 -2.016688046000000012e-01
2.310000000000000053e+00 -2.014559855999999982e-01
2.312500000000000000e+00 -2.009281393000000027e-01
2.314999999999999947e+00 -2.009741463999999977e-01
2.317499999999999893e+00 -2.008727621999999990e-01
2.319999999999999840e+00 -2.002055537000000107e-01
2.322499999999999787e+00 -2.005718606999999931e-01
2.325000000000000178e+00 -2.005291717000000085e-01
2.327500000000000124e+00 -2.001852158000000104e-01
2.330000000000000071e+00 -1.999913211000000079e-01
2.332500000000000018e+00 -2.000784367000000008e-01
2.334999999999999964e+00 -2.001025673999999865e-01
2.337499999999999911e+00 -1.996571283999999946e-01
2.339999999999999858e+00 -1.997574182999999892e-01
2.342499999999999805e+00 -1.994482029000000101e-01
2.345000000000000195e+00 -1.994777026000000009e-01
2.347500000000000142e+00 -1.989372499000000016e-01
2.350000000000000089e+00 -1.991159815000000111e-01
2.352500000000000036e+00 -1.990489890999999900e-01
2.354999999999999982e+00 -1.987799315000000067e-01
2.357499999999999929e+00 -1.989756544000000071e-01
2.359999999999999876e+00 -1.985255448000000089e-01
2.362499999999999822e+00 -1.984627921999999878e-01
2.365000000000000213e+00 -1.984160936999999902e-01
2.367500000000000160e+00 -1.982059811000000116e-01
2.370000000000000107e+00 -1.984753890000000021e-01
2.372500000000000053e+00 -1.981466526000000006e-01
2.375000000000000000e+00 -1.980120394999999867e-01
2.377499999999999947e+00 -1.980918737000000041e-01
2.379999999999999893e+00 -1.978995761000000020e-01
2.382499999999999840e+00 -1.976159623000000032e-01
2.384999999999999787e+00 -1.976551205000000033e-01
2.387500000000000178e+00 -1.974713218999999964e-01
2.390000000000000124e+00 -1.972911813000000070e-01
2.392500000000000071e+00 -1.973242645000000128e-01
2.395000000000000018e+00 -1.972593876000000024e-01
2.397499999999999964e+00 -1.969517045999999993e-01
2.399999999999999911e+00 -1.970899829999999964e-01
2.402499999999999858e+00 -1.968142981999999874e-01
2.404999999999999805e+00 -1.965068869999999912e-01
2.407500000000000195e+00 -1.964162670000000055e-01
2.410000000000000142e+00 -1.961369524000000086e-01
2.412500000000000089e+00 -1.961992106000000069e-01
2.415000000000000036e+00 -1.958978869999999928e-01
2.417499999999999982e+00 -1.957755633999999911e-01
2.419999999999999929e+00 -1.955504858999999873e-01
2.422499999999999876e+00 -1.953107558999999938e-01
2.424999999999999822e+00 -1.955145360999999971e-01
2.427500000000000213e+00 -1.956397793999999912e-01
2.430000000000000160e+00 -1.953162686000000092e-01
2.432500000000000107e+00 -1.956011797999999968e-01
2.435000000000000053e+00 -1.948772804999999997e-01
2.437500000000000000e+00 -1.949612960999999867e-01
2.439999999999999947e+00 -1.948546862999999962e-01
2.442499999999999893e+00 -1.939527481999999969e-01
2.444999999999999840e+00 -1.945937309999999920e-01
2.447499999999999787e+00 -1.938347497000000030e-01
2.450000000000000178e+00 -1.942947237000000049e-01
2.452500000000000124e+00 -1.940770317999999939e-01
2.455000000000000071e+00 -1.941779006000000085e-01
2.457500000000000018e+00 -1.939547490999999901e-01
2.459999999999999964e+00 -1.939036023000000053e-01
2.462499999999999911e+00 -1.938671445000000049e-01
2.464999999999999858e+00 -1.937240866999999922e-01
2.467499999999999805e+00 -1.936054550000000096e-01
2.470000000000000195e+00 -1.932570221000000088e-01
2.472500000000000142e+00 -1.932059365000000084e-01
2.475000000000000089e+00 -1.933996732000000107e-01
2.477500000000000036e+00 -1.933069877999999964e-01
2.479999999999999982e+00 -1.927449405999999976e-01
2.482499999999999929e+00 -1.927303807999999896e-01
2.484999999999999876e+00 -1.928280995999999969e-01
2.487499999999999822e+00 -1.927521285999999889e-01
2.490000000000000213e+00 -1.924039791000000110e-01
2.492500000000000160e+00 -1.927388472000000075e-01
2.495000000000000107e+00 -1.923145414000000109e-01
2.497500000000000053e+00 -1.921924463000000138e-01
2.500000000000000000e+00 -1.922315049999999970e-01
2.502499999999999947e+00 -1.918923275999999956e-01
2.504999999999999893e+00 -1.921367501000000033e-01
2.507499999999999840e+00 -1.919663607000000050e-01
2.509999999999999787e+00 -1.916196599999999972e-01
2.512500000000000178e+00 -1.915874287999999870e-01
2.515000000000000124e+00 -1.911458487000000095e-01
2.517500000000000071e+00 -1.910278256999999869e-01
2.520000000000000018e+00 -1.909358455999999871e-01
2.522499999999999964e+00 -1.910298829000000032e-01
2.524999999999999911e+00 -1.909727070999999998e-01
2.527499999999999858e+00 -1.910095282000000005e-01
2.529999999999999805e+00 -1.907702205000000040e-01
2.532500000000000195e+00 -1.907870314000000012e-01
2.535000000000000142e+00 -1.907333868999999960e-01
2.537500000000000089e+00 -1.903790009000000116e-01
2.540000000000000036e+00 -1.903711496000000114e-01
2.542499999999999982e+00 -1.901786069999999995e-01
2.544999999999999929e+00 -1.899506894000000112e-01
2.547499999999999876e+00 -1.897896568999999922e-01
2.549999999999999822e+00 -1.897021107999999900e-01
2.552500000000000213e+00 -1.900482891999999979e-01
2.555000000000000160e+00 -1.892071103999999893e-01
2.557500000000000107e+00 -1.895555066999999871e-01
2.560000000000000053e+00 -1.892056948999999988e-01
2.562500000000000000e+00 -1.892310446000000090e-01
2.564999999999999947e+00 -1.893339538999999905e-01
2.567499999999999893e+00 -1.890195979000000026e-01
2.569999999999999840e+00 -1.888601286999999906e-01
2.572499999999999787e+00 -1.888217927999999990e-01
2.575000000000000178e+00 -1.887509930999999863e-01
2.577500000000000124e+00 -1.883459204000000053e-01
2.580000000000000071e+00 -1.884259298000000027e-01
2.582500000000000018e+00 -1.886000049000000067e-01
2.584999999999999964e+00 -1.881570539000000097e-01
2.587499999999999911e+00 -1.882164745000000083e-01
2.589999999999999858e+00 -1.880305973999999991e-01
2.592499999999999805e+00 -1.875245157000000051e-01
2.595000000000000195e+00 -1.879973598000000135e-01
2.597500000000000142e+00 -1.877769351999999947e-01
2.600000000000000089e+00 -1.876577628999999969e-01
2.602500000000000036e+00 -1.877301805999999906e-01
2.604999999999999982e+00 -1.876894533000000032e-01
2.607499999999999929e+00 -1.870369728999999870e-01
2.609999999999999876e+00 -1.871827973999999895e-01
2.612499999999999822e+00 -1.874260197000000017e-01
2.615000000000000213e+00 -1.871480172999999969e-01
2.617500000000000160e+00 -1.871830301999999890e-01
2.620000000000000107e+00 -1.870689114000000097e-01
2.622500000000000053e+00 -1.866398374000000082e-01
2.625000000000000000e+00 -1.867409150000000073e-01
2.627499999999999947e+00 -1.866933956000000061e-01
2.629999999999999893e+00 -1.869033650999999963e-01
2.632499999999999840e+00 -1.862601571999999983e-01
2.634999999999999787e+00 -1.866770447999999971e-01
2.637500000000000178e+00 -1.859133391999999996e-01
2.640000000000000124e+00 -1.861320813000000018e-01
2.642500000000000071e+00 -1.862251913000000092e-01
2.645000000000000018e+00 -1.858304416999999875e-01
2.647499999999999964e+00 -1.855844694999999878e-01
2.649999999999999911e+00 -1.859413719000000131e-01
2.652499999999999858e+00 -1.856581462000000127e-01
2.654999999999999805e+00 -1.852382189000000012e-01
2.657500000000000195e+00 -1.849012007999999985e-01
2.660000000000000142e+00 -1.852178868000000089e-01
2.662500000000000089e+00 -1.850729499000000056e-01
2.665000000000000036e+00 -1.847997106000000000e-01
2.667499999999999982e+00 -1.845759993999999959e-01
2.669999999999999929e+00 -1.850282001999999926e-01
2.672499999999999876e+00 -1.846873820000000110e-01
2.674999999999999822e+00 -1.847478220000000060e-01
2.677500000000000213e+00 -1.844534398999999880e-01
2.680000000000000160e+00 -1.842840994999999926e-01
2.682500000000000107e+00 -1.841335574999999891e-01
2.685000000000000053e+00 -1.840920115999999940e-01
2.687500000000000000e+00 -1.839310390999999989e-01
2.689999999999999947e+00 -1.838702311000000034e-01
2.692499999999999893e+00 -1.837281682999999943e-01
2.694999999999999840e+00 -1.836105905000000038e-01
2.697499999999999787e+00 -1.837789234999999965e-01
2.700000000000000178e+00 -1.837879749000000118e-01
2.702500000000000124e+00 -1.837374820000000075e-01
2.705000000000000071e+00 -1.832006787000000081e-01
2.707500000000000018e+00 -1.834338603000000012e-01
2.709999999999999964e+00 -1.835685398000000135e-01
2.712499999999999911e+00 -1.831312716000000063e-01
2.714999999999999858e+00 -1.829265170999999912e-01
2.717499999999999805e+00 -1.827118625999999968e-01
2.720000000000000195e+00 -1.823495038999999873e-01
2.722500000000000142e+00 -1.823650619999999944e-01
2.725000000000000089e+00 -1.827496752999999974e-01
2.727500000000000036e+00 -1.823517413000000087e-01
2.729999999999999982e+00 -1.824419948000000069e-01
2.732499999999999929e+00 -1.824519535000000137e-01
2.734999999999999876e+00 -1.825252062000000119e-01
2.737499999999999822e+00 -1.819899182999999976e-01
2.740000000000000213e+00 -1.819323807999999876e-01
2.742500000000000160e+00 -1.819181152999999884e-01
2.745000000000000107e+00 -1.819391342999999994e-01
2.747500000000000053e+00 -1.813481130000000052e-01
2.750000000000000000e+00 -1.815117470000000011e-01
2.752499999999999947e+00 -1.812441322999999993e-01
2.754999999999999893e+00 -1.813443254999999865e-01
2.757499999999999840e+00 -1.811638825000000119e-01
2.759999999999999787e+00 -1.816787260000000126e-01
2.762500000000000178e+00 -1.811907647999999871e-01
2.765000000000000124e+00 -1.811059355999999898e-01
2.767500000000000071e+00 -1.808198867999999959e-01
2.770000000000000018e+00 -1.807660520999999909e-01
2.772499999999999964e+00 -1.811012723000000046e-01
2.774999999999999911e+00 -1.807074190000000080e-01
2.777499999999999858e+00 -1.806047285000000058e-01
2.779999999999999805e+00 -1.807367588999999886e-01
2.782500000000000195e+00 -1.805119541999999910e-01
2.785000000000000142e+00 -1.804101787000000068e-01
2.787500000000000089e+00 -1.802547804999999892e-01
2.790000000000000036e+00 -1.801325028000000106e-01
2.792499999999999982e+00 -1.796583411999999880e-01
2.794999999999999929e+00 -1.801664440000000089e-01
2.797499999999999876e+00 -1.797883513000000100e-01
2.799999999999999822e+00 -1.798827084999999881e-01
2.802500000000000213e+00 -1.799421915999999955e-01
2.805000000000000160e+00 -1.794007715000000003e-01
2.807500000000000107e+00 -1.798299039000000044e-01
2.810000000000000053e+00 -1.794092472000000105e-01
2.812500000000000000e+00 -1.792193632999999897e-01
2.814999999999999947e+00 -1.791131179999999878e-01
2.817499999999999893e+00 -1.793934746999999996e-01
2.819999999999999840e+00 -1.788627834000000028e-01
2.822499999999999787e+00 -1.789871058999999986e-01
2.825000000000000178e+00 -1.790176963000000010e-01
2.827500000000000124e+00 -1.784435168000000071e-01
2.830000000000000071e+00 -1.785752529999999894e-01
2.832500000000000018e+00 -1.787295495000000012e-01
2.834999999999999964e+00 -1.785062685000000093e-01
2.837499999999999911e+00 -1.781764453999999942e-01
2.839999999999999858e+00 -1.779503889999999866e-01
2.842499999999999805e+00 -1.783061962999999972e-01
2.845000000000000195e+00 -1.780041132999999887e-01
2.847500000000000142e+00 -1.781901503999999969e-01
2.850000000000000089e+00 -1.781060748999999943e-01
2.852500000000000036e+00 -1.782021104000000022e-01
2.854999999999999982e+00 -1.775482163000000058e-01
2.857499999999999929e+00 -1.776858715999999894e-01
2.859999999999999876e+00 -1.773818853999999945e-01
2.862499999999999822e+00 -1.773233025000000018e-01
2.865000000000000213e+00 -1.774510501000000073e-01
2.867500000000000160e+00 -1.769098694000000027e-01
2.870000000000000107e+00 -1.774629949000000040e-01
2.872500000000000053e+00 -1.772922415000000029e-01
2.875000000000000000e+00 -1.765974952000000098e-01
2.877499999999999947e+00 -1.770106368000000097e-01
2.879999999999999893e+00 -1.765956036999999923e-01
2.882499999999999840e+00 -1.767247006000000065e-01
2.884999999999999787e+00 -1.764473491000000116e-01
2.887500000000000178e+00 -1.767551269000000036e-01
2.890000000000000124e+00 -1.763122988999999974e-01
2.892500000000000071e+00 -1.764477835999999911e-01
2.895000000000000018e+00 -1.759776443000000135e-01
2.897499999999999964e+00 -1.762445425999999982e-01
2.899999999999999911e+00 -1.762194388999999972e-01
2.902499999999999858e+00 -1.762548895999999921e-01
2.904999999999999805e+00 -1.761331466000000123e-01
2.907500000000000195e+00 -1.758225552000000080e-01
2.910000000000000142e+00 -1.761886008000000114e-01
2.912500000000000089e+00 -1.752660986000000032e-01
2.915000000000000036e+00 -1.756598288000000008e-01
2.917499999999999982e+00 -1.758349084999999978e-01
2.919999999999999929e+00 -1.753788360000000102e-01
2.922499999999999876e+00 -1.752546576000000023e-01
2.924999999999999822e+00 -1.751451736999999897e-01
2.927500000000000213e+00 -1.752198456000000071e-01
2.930000000000000160e+00 -1.748823062000000039e-01
2.932500000000000107e+00 -1.751486610999999916e-01
2.935000000000000053e+00 -1.749846147000000129e-01
2.937500000000000000e+00 -1.746614861999999935e-01
2.939999999999999947e+00 -1.749086642999999885e-01
2.942499999999999893e+00 -1.744544913999999947e-01
2.944999999999999840e+00 -1.745962154000000044e-01
2.947499999999999787e+00 -1.747254970999999879e-01
2.950000000000000178e+00 -1.741195033000000059e-01
2.952500000000000124e+00 -1.745707498999999885e-01
2.955000000000000071e+00 -1.745448793999999915e-01
2.957500000000000018e+00 -1.740140473000000021e-01
2.959999999999999964e+00 -1.748387405000000061e-01
2.962499999999999911e+00 -1.743129153000000098e-01
2.964999999999999858e+00 -1.738613061000000015e-01
2.967499999999999805e+00 -1.741467100000000101e-01
2.970000000000000195e+00 -1.739712670999999933e-01
2.972500000000000142e+00 -1.736090423999999965e-01
2.975000000000000089e+00 -1.735529566000000024e-01
2.977500000000000036e+00 -1.738269479000000006e-01
2.979999999999999982e+00 -1.733094719000000117e-01
2.982499999999999929e+00 -1.733310039000000025e-01
2.984999999999999876e+00 -1.732586704999999894e-01
2.987499999999999822e+00 -1.730502480999999981e-01
2.990000000000000213e+00 -1.731303881000000044e-01
2.992500000000000160e+00 -1.729642799999999980e-01
2.995000000000000107e+00 -1.728867082999999971e-01
2.997500000000000053e+00 -1.729085347000000050e-01
3.000000000000000000e+00 -1.727327144999999953e-01
3.002499999999999947e+00 -1.726088490000000086e-01
3.004999999999999893e+00 -1.728800634000000058e-01
3.007499999999999840e+00 -1.722559395000000104e-01
3.009999999999999787e+00 -1.726814023000000087e-01
3.012500000000000178e+00 -1.722994303000000005e-01
3.015000000000000124e+00 -1.723163507000000094e-01
3.017500000000000071e+00 -1.724221244999999958e-01
3.020000000000000018e+00 -1.720647516000000099e-01
3.022499999999999964e+00 -1.720426653999999889e-01
3.024999999999999911e+00 -1.718943091000000034e-01
3.027499999999999858e+00 -1.718837653999999993e-01
3.029999999999999805e+00 -1.719783344999999963e-01
3.032500000000000195e+00 -1.719641372999999862e-01
3.035000000000000142e+00 -1.717290555000000052e-01
3.037500000000000089e+00 -1.717720970999999930e-01
3.040000000000000036e+00 -1.714960862000000086e-01
3.042499999999999982e+00 -1.715259486000000055e-01
3.044999999999999929e+00 -1.713378050000000097e-01
3.047499999999999876e+00 -1.712480321000000028e-01
3.049999999999999822e+00 -1.712256382000000021e-01
3.052500000000000213e+00 -1.711778736000000023e-01
3.055000000000000160e+00 -1.713389768999999951e-01
3.057500000000000107e+00 -1.714066328999999944e-01
3.060000000000000053e+00 -1.709261281999999993e-01
3.062500000000000000e+00 -1.705551711999999942e-01
3.064999999999999947e+00 -1.709771841999999931e-01
3.067499999999999893e+00 -1.710526870000000088e-01
3.069999999999999840e+00 -1.705866081999999895e-01
3.072499999999999787e+00 -1.703254737000000074e-01
3.075000000000000178e+00 -1.704341511999999947e-01
3.077500000000000124e+00 -1.701863854000000009e-01
3.080000000000000071e+00 -1.701573698000000134e-01
3.082500000000000018e+00 -1.704143488000000040e-01
3.084999999999999964e+00 -1.704616211999999964e-01
3.087499999999999911e+00 -1.700916340999999998e-01
3.089999999999999858e+00 -1.699775430999999892e-01
3.092499999999999805e+00 -1.700499231000000000e-01
3.095000000000000195e+00 -1.695374939000000025e-01
3.097500000000000142e+00 -1.696496355000000067e-01
3.100000000000000089e+00 -1.700199715000000056e-01
3.102500000000000036e+00 -1.694744639000000108e-01
3.104999999999999982e+00 -1.697141544000000113e-01
3.107499999999999929e+00 -1.695335313999999927e-01
3.109999999999999876e+00 -1.694964577999999999e-01
3.112499999999999822e+00 -1.694310350999999881e-01
3.115000000000000213e+00 -1.693834979999999935e-01
3.117500000000000160e+00 -1.692620546999999975e-01
3.120000000000000107e+00 -1.688657551999999951e-01
3.122500000000000053e+00 -1.692829995000000032e-01
3.125000000000000000e+00 -1.687625621999999936e-01
3.127499999999999947e+00 -1.689848946999999990e-01
3.129999999999999893e+00 -1.691750392999999963e-01
3.132499999999999840e+00 -1.688388436000000103e-01
3.134999999999999787e+00 -1.687202270000000004e-01
3.137500000000000178e+00 -1.686196168000000106e-01
3.140000000000000124e+00 -1.685884508999999920e-01
3.142500000000000071e+00 -1.686205970999999915e-01
3.145000000000000018e+00 -1.683924492999999967e-01
3.147499999999999964e+00 -1.683768984000000024e-01
3.149999999999999911e+00 -1.682624506000000020e-01
3.152499999999999858e+00 -1.682733734999999897e-01
3.154999999999999805e+00 -1.682579107000000129e-01
3.157500000000000195e+00 -1.681821541999999892e-01
3.160000000000000142e+00 -1.678863147999999916e-01
3.162500000000000089e+00 -1.678800276000000091e-01
3.165000000000000036e+00 -1.681064871000000072e-01
3.167499999999999982e+00 -1.673013241999999901e-01
3.169999999999999929e+00 -1.673961358999999927e-01
3.172499999999999876e+00 -1.679448205999999888e-01
3.174999999999999822e+00 -1.674515893999999894e-01
3.177500000000000213e+00 -1.675386866999999946e-01
3.180000000000000160e+00 -1.674140229999999951e-01
3.182500000000000107e+00 -1.675248310999999934e-01
3.185000000000000053e+00 -1.673737321000000056e-01
3.187500000000000000e+00 -1.668652563999999949e-01
3.189999999999999947e+00 -1.668698683000000016e-01
3.192499999999999893e+00 -1.673425001999999939e-01
3.194999999999999840e+00 -1.669418024000000056e-01
3.197499999999999787e+00 -1.670381062000000083e-01
3.200000000000000178e+00 -1.666077085999999874e-01
3.202500000000000124e+00 -1.666243759999999907e-01
3.205000000000000071e+00 -1.667254756000000060e-01
3.207500000000000018e+00 -1.668124998000000136e-01
3.209999999999999964e+00 -1.664323366000000082e-01
3.212499999999999911e+00 -1.661485319999999877e-01
3.214999999999999858e+00 -1.663261035999999971e-01
3.217499999999999805e+00 -1.658603133999999868e-01
3.220000000000000195e+00 -1.663829894999999948e-01
3.222500000000000142e+00 -1.666224391999999999e-01
3.225000000000000089e+00 -1.661137672999999926e-01
3.227500000000000036e+00 -1.661898626999999962e-01
3.229999999999999982e+00 -1.660699821999999937e-01
3.232499999999999929e+00 -1.656719017000000127e-01
3.234999999999999876e+00 -1.656988393999999920e-01
3.237499999999999822e+00 -1.656511375999999980e-01
3.240000000000000213e+00 -1.658227481000000003e-01
3.242500000000000160e+00 -1.655090840000000008e-01
3.245000000000000107e+00 -1.654871206000000095e-01
3.247500000000000053e+00 -1.652715878000000083e-01
3.250000000000000000e+00 -1.655725504999999986e-01
3.252499999999999947e+00 -1.654935818999999919e-01
3.254999999999999893e+00 -1.652752650000000045e-01
3.257499999999999840e+00 -1.655322730999999881e-01
3.259999999999999787e+00 -1.647614552999999982e-01
3.262500000000000178e+00 -1.652558413000000115e-01
3.265000000000000124e+00 -1.652477829000000009e-01
3.267500000000000071e+00 -1.648555678999999996e-01
3.270000000000000018e+00 -1.648630416999999904e-01
3.272499999999999964e+00 -1.650748727999999943e-01
3.274999999999999911e+00 -1.648948886000000114e-01
3.277499999999999858e+00 -1.646451435999999879e-01
3.279999999999999805e+00 -1.645834190999999891e-01
3.282500000000000195e+00 -1.644514518000000092e-01
3.285000000000000142e+00 -1.646976601000000040e-01
3.287500000000000089e+00 -1.644018536999999891e-01
3.290000000000000036e+00 -1.646725622000000111e-01
3.292499999999999982e+00 -1.644653711999999879e-01
3.294999999999999929e+00 -1.639053057000000035e-01
3.297499999999999876e+00 -1.641979946999999884e-01
3.299999999999999822e+00 -1.639997965999999974e-01
3.302500000000000213e+00 -1.640167344000000027e-01
3.305000000000000160e+00 -1.642013233999999877e-01
3.307500000000000107e+00 -1.641476970999999896e-01
3.310000000000000053e+00 -1.639509238999999896e-01
3.312500000000000000e+00 -1.638966164000000003e-01
3.314999999999999947e+00 -1.636749311000000040e-01
3.317499999999999893e+00 -1.633979728000000131e-01
3.319999999999999840e+00 -1.640066835000000001e-01
3.322499999999999787e+00 -1.634514606999999953e-01
3.325000000000000178e+00 -1.635650801000000099e-01
3.327500000000000124e+00 -1.633179103000000076e-01
3.330000000000000071e+00 -1.631708203999999995e-01
3.332500000000000018e+00 -1.632765841999999912e-01
3.334999999999999964e+00 -1.636191263000000007e-01
3.337499999999999911e+00 -1.634956388999999899e-01
3.339999999999999858e+00 -1.631548543999999934e-01
3.342499999999999805e+00 -1.631311138000000049e-01
3.345000000000000195e+00 -1.630162712999999874e-01
3.347500000000000142e+00 -1.626924546999999888e-01
3.350000000000000089e+00 -1.629184815999999980e-01
3.352500000000000036e+00 -1.628204665999999912e-01
3.354999999999999982e+00 -1.630714417999999943e-01
3.357499999999999929e+00 -1.624686553999999949e-01
3.359999999999999876e+00 -1.623857696000000073e-01
3.362499999999999822e+00 -1.621835789000000139e-01
3.365000000000000213e+00 -1.624302468999999915e-01
3.367500000000000160e+00 -1.622715322000000127e-01
3.370000000000000107e+00 -1.620804438000000014e-01
3.372500000000000053e+00 -1.623358571999999889e-01
3.375000000000000000e+00 -1.622454539000000029e-01
3.377499999999999947e+00 -1.623090536000000028e-01
3.379999999999999893e+00 -1.621196041000000088e-01
3.382499999999999840e+00 -1.621870384000000109e-01
3.384999999999999787e+00 -1.618215098999999935e-01
3.387500000000000178e+00 -1.619259368000000032e-01
3.390000000000000124e+00 -1.618858558999999864e-01
3.392500000000000071e+00 -1.614747749999999871e-01
3.395000000000000018e+00 -1.616498470000000132e-01
3.397499999999999964e+00 -1.617375376999999892e-01
3.399999999999999911e+00 -1.617991809999999864e-01
3.402499999999999858e+00 -1.616651268000000030e-01
3.404999999999999805e+00 -1.618370477999999946e-01
3.407500000000000195e+00 -1.609225997000000019e-01
3.410000000000000142e+00 -1.612687238000000134e-01
3.412500000000000089e+00 -1.614632349000000022e-01
3.415000000000000036e+00 -1.613580527000000042e-01
3.417499999999999982e+00 -1.613782652000000095e-01
3.419999999999999929e+00 -1.610681901999999888e-01
3.422499999999999876e+00 -1.612680100999999977e-01
3.424999999999999822e+00 -1.610815724000000115e-01
3.427500000000000213e+00 -1.609528828000000023e-01
3.430000000000000160e+00 -1.608825147999999872e-01
3.432500000000000107e+00 -1.606724741999999984e-01
3.435000000000000053e+00 -1.608089722999999915e-01
3.437500000000000000e+00 -1.608506956999999904e-01
3.439999999999999947e+00 -1.607677026999999870e-01
3.442499999999999893e+00 -1.606702114000000126e-01
3.444999999999999840e+00 -1.607463068999999967e-01
3.447499999999999787e+00 -1.606515333999999906e-01
3.450000000000000178e+00 -1.603273262000000088e-01
3.452500000000000124e+00 -1.602129063999999936e-01
3.455000000000000071e+00 -1.604882776000000066e-01
3.457500000000000018e+00 -1.602979059000000095e-01
3.459999999999999964e+00 -1.602461782999999862e-01
3.462499999999999911e+00 -1.600431892999999994e-01
3.464999999999999858e+00 -1.599241658999999982e-01
3.467499999999999805e+00 -1.597029812999999909e-01
3.470000000000000195e+00 -1.596639887000000091e-01
3.472500000000000142e+00 -1.598369350000000133e-01
3.475000000000000089e+00 -1.599623220999999984e-01
3.477500000000000036e+00 -1.595083717000000123e-01
3.479999999999999982e+00 -1.595777864000000046e-01
3.482499999999999929e+00 -1.596986891999999936e-01
3.484999999999999876e+00 -1.600315635000000014e-01
3.487499999999999822e+00 -1.592391747000000135e-01
3.490000000000000213e+00 -1.594525206999999889e-01
3.492500000000000160e+00 -1.592878756999999978e-01
3.495000000000000107e+00 -1.593334315000000112e-01
3.497500000000000053e+00 -1.594826897999999937e-01
3.500000000000000000e+00 -1.591527682999999971e-01
3.502499999999999947e+00 -1.593139494999999961e-01
3.504999999999999893e+00 -1.592432901999999983e-01
3.507499999999999840e+00 -1.593258679000000011e-01
3.509999999999999787e+00 -1.586177873000000071e-01
3.512500000000000178e+00 -1.591519043000000078e-01
3.515000000000000124e+00 -1.591289733000000040e-01
3.517500000000000071e+00 -1.589467837000000106e-01
3.520000000000000018e+00 -1.589281317000000027e-01
3.522499999999999964e+00 -1.590763340000000137e-01
3.524999999999999911e+00 -1.584013636000000114e-01
3.527499999999999858e+00 -1.587107027999999920e-01
3.529999999999999805e+00 -1.586332464999999914e-01
3.532500000000000195e+00 -1.588211304999999907e-01
3.535000000000000142e+00 -1.585070295000000073e-01
3.537500000000000089e+00 -1.582141556999999976e-01
3.540000000000000036e+00 -1.587607837999999993e-01
3.542499999999999982e+00 -1.584198179000000095e-01
3.544999999999999929e+00 -1.585171448000000094e-01
3.547499999999999876e+00 -1.586119655999999878e-01
3.549999999999999822e+00 -1.584170296999999894e-01
3.552500000000000213e+00 -1.583306741000000128e-01
3.555000000000000160e+00 -1.578486756999999963e-01
3.557500000000000107e+00 -1.577767266000000002e-01
3.560000000000000053e+00 -1.580318760999999961e-01
3.562500000000000000e+00 -1.575093431000000044e-01
3.564999999999999947e+00 -1.580661211999999927e-01
3.567499999999999893e+00 -1.577860711999999888e-01
3.569999999999999840e+00 -1.577795556999999904e-01
3.572499999999999787e+00 -1.577341771000000115e-01
3.575000000000000178e+00 -1.577079697000000058e-01
3.577500000000000124e+00 -1.577127329999999938e-01
3.580000000000000071e+00 -1.572384182999999880e-01
3.582500000000000018e+00 -1.577817193999999923e-01
3.584999999999999964e+00 -1.573288761999999952e-01
3.587499999999999911e+00 -1.574484318000000105e-01
3.589999999999999858e+00 -1.574552184999999938e-01
3.592499999999999805e+00 -1.571242157999999944e-01
3.595000000000000195e+00 -1.571971808000000026e-01
3.597500000000000142e+00 -1.569601352999999977e-01
3.600000000000000089e+00 -1.574126291999999872e-01
3.602500000000000036e+00 -1.573803259000000065e-01
3.604999999999999982e+00 -1.567877394999999952e-01
3.607499999999999929e+00 -1.567107093000000007e-01
3.609999999999999876e+00 -1.567439771999999953e-01
3.612499999999999822e+00 -1.569913363999999867e-01
3.615000000000000213e+00 -1.572698696000000007e-01
3.617500000000000160e+00 -1.570283228000000086e-01
3.620000000000000107e+00 -1.571433241000000092e-01
3.622500000000000053e+00 -1.572430082000000062e-01
3.625000000000000000e+00 -1.566705397000000000e-01
3.627499999999999947e+00 -1.564659791000000133e-01
3.629999999999999893e+00 -1.568412097999999921e-01
3.632499999999999840e+00 -1.561935834000000023e-01
3.634999999999999787e+00 -1.561792754000000116e-01
3.637500000000000178e+00 -1.566903940000000106e-01
3.640000000000000124e+00 -1.564805013999999994e-01
3.642500000000000071e+00 -1.567884482999999940e-01
3.645000000000000018e+00 -1.560693334999999904e-01
3.647499999999999964e+00 -1.561872225000000003e-01
3.649999999999999911e+00 -1.563120114000000060e-01
3.652499999999999858e+00 -1.557877028000000108e-01
3.654999999999999805e+00 -1.559300043999999885e-01
3.657500000000000195e+00 -1.561426700000000112e-01
3.660000000000000142e+00 -1.556205387000000051e-01
3.662500000000000089e+00 -1.560629912000000008e-01
3.665000000000000036e+00 -1.556189121999999869e-01
3.667499999999999982e+00 -1.557670963999999991e-01
3.669999999999999929e+00 -1.559263691999999979e-01
3.672499999999999876e+00 -1.556350609000000107e-01
3.674999999999999822e+00 -1.557093756000000051e-01
3.677500000000000213e+00 -1.553679151000000036e-01
3.680000000000000160e+00 -1.557638839999999913e-01
3.682500000000000107e+00 -1.557507417000000005e-01
3.685000000000000053e+00 -1.553477259999999915e-01
3.687500000000000000e+00 -1.556191843999999991e-01
3.689999999999999947e+00 -1.555736165000000115e-01
3.692499999999999893e+00 -1.553201751999999936e-01
3.694999999999999840e+00 -1.551081648000000035e-01
3.697499999999999787e+00 -1.551528785000000077e-01
3.700000000000000178e+00 -1.554294489999999973e-01
3.702500000000000124e+00 -1.547806365000000128e-01
3.705000000000000071e+00 -1.548234961999999937e-01
3.707500000000000018e+00 -1.552522380999999951e-01
3.709999999999999964e+00 -1.551148488000000103e-01
3.712499999999999911e+00 -1.548848717000000097e-01
3.714999999999999858e+00 -1.552200960000000018e-01
3.717499999999999805e+00 -1.546674047000000107e-01
3.720000000000000195e+00 -1.552121093999999923e-01
3.722500000000000142e+00 -1.548677964999999879e-01
3.725000000000000089e+00 -1.547684440000000050e-01
3.727500000000000036e+00 -1.550201083999999951e-01
3.729999999999999982e+00 -1.547791111000000053e-01
3.732499999999999929e+00 -1.548351990999999872e-01
3.734999999999999876e+00 -1.547287676999999917e-01
3.737499999999999822e+00 -1.546208984999999925e-01
3.740000000000000213e+00 -1.543472482999999895e-01
3.742500000000000160e+00 -1.544174906000000125e-01
3.745000000000000107e+00 -1.544174829000000138e-01
3.747500000000000053e+00 -1.543132059000000000e-01
3.750000000000000000e+00 -1.544544703000000074e-01
3.752499999999999947e+00 -1.542304442999999914e-01
3.754999999999999893e+00 -1.545827616999999876e-01
3.757499999999999840e+00 -1.542909699999999995e-01
3.759999999999999787e+00 -1.542255325999999926e-01
3.762500000000000178e+00 -1.538706950000000018e-01
3.765000000000000124e+00 -1.539706269999999988e-01
3.767500000000000071e+00 -1.538162818999999903e-01
3.770000000000000018e+00 -1.539464476999999887e-01
3.772499999999999964e+00 -1.542810431999999954e-01
3.774999999999999911e+00 -1.537538675000000021e-01
3.777499999999999858e+00 -1.540426758000000007e-01
3.779999999999999805e+00 -1.538041417000000077e-01
3.782500000000000195e+00 -1.536604849000000050e-01
3.785000000000000142e+00 -1.538094557999999945e-01
3.787500000000000089e+00 -1.534988898000000102e-01
3.790000000000000036e+00 -1.535292488999999982e-01
3.792499999999999982e+00 -1.533379179000000092e-01
3.794999999999999929e+00 -1.538494273999999884e-01
3.797499999999999876e+00 -1.536020338000000096e-01
3.799999999999999822e+00 -1.532557694999999998e-01
3.802500000000000213e+00 -1.536636462000000036e-01
3.805000000000000160e+00 -1.533209899999999903e-01
3.807500000000000107e+00 -1.535436571999999888e-01
3.810000000000000053e+00 -1.532085079999999933e-01
3.812500000000000000e+00 -1.531723959000000079e-01
3.814999999999999947e+00 -1.527948517999999922e-01
3.817499999999999893e+00 -1.531924423999999896e-01
3.819999999999999840e+00 -1.532542628999999934e-01
3.822499999999999787e+00 -1.530053010999999907e-01
3.825000000000000178e+00 -1.532838515000000124e-01
3.827500000000000124e+00 -1.528161299999999945e-01
3.830000000000000071e+00 -1.530533839999999868e-01
3.832500000000000018e+00 -1.530555460999999950e-01
3.834999999999999964e+00 -1.528432224000000061e-01
3.837499999999999911e+00 -1.524286059999999943e-01
3.839999999999999858e+00 -1.527242353999999913e-01
3.842499999999999805e+00 -1.528347640000000118e-01
3.845000000000000195e+00 -1.526841629000000033e-01
3.847500000000000142e+00 -1.524655406000000046e-01
3.850000000000000089e+00 -1.524457857000000027e-01
3.852500000000000036e+00 -1.525890769000000091e-01
3.854999999999999982e+00 -1.524244989000000106e-01
3.857499999999999929e+00 -1.528401530999999869e-01
3.859999999999999876e+00 -1.524627997999999929e-01
3.862499999999999822e+00 -1.526358475000000048e-01
3.865000000000000213e+00 -1.523193526000000131e-01
3.867500000000000160e+00 -1.523493633000000125e-01
3.870000000000000107e+00 -1.525943301999999890e-01
3.872500000000000053e+00 -1.523237336000000108e-01
3.875000000000000000e+00 -1.519561751999999877e-01
3.877499999999999947e+00 -1.517866653999999926e-01
3.879999999999999893e+00 -1.520478570999999890e-01
3.882499999999999840e+00 -1.518590982999999950e-01
3.884999999999999787e+00 -1.519157953999999977e-01
3.887500000000000178e+00 -1.520135830999999882e-01
3.890000000000000124e+00 -1.519672343000000037e-01
3.892500000000000071e+00 -1.518098727999999953e-01
3.895000000000000018e+00 -1.519021312999999929e-01
3.897499999999999964e+00 -1.518184941000000066e-01
3.899999999999999911e+00 -1.518490318999999866e-01
3.902499999999999858e+00 -1.515986720999999982e-01
3.904999999999999805e+00 -1.515067300999999866e-01
3.907500000000000195e+00 -1.518879016999999942e-01
3.910000000000000142e+00 -1.516581804999999894e-01
3.912500000000000089e+00 -1.515588532999999904e-01
3.915000000000000036e+00 -1.512506936999999940e-01
3.917499999999999982e+00 -1.513625094999999920e-01
3.919999999999999929e+00 -1.514623841000000137e-01
3.922499999999999876e+00 -1.515860780999999935e-01
3.924999999999999822e+00 -1.517811303999999917e-01
3.927500000000000213e+00 -1.513248339000000109e-01
3.930000000000000160e+00 -1.513763835999999974e-01
3.932500000000000107e+00 -1.511776099000000095e-01
3.935000000000000053e+00 -1.512411784999999897e-01
3.937500000000000000e+00 -1.511891174999999976e-01
3.939999999999999947e+00 -1.511179596999999986e-01
3.942499999999999893e+00 -1.510772145000000011e-01
3.944999999999999840e+00 -1.512183745000000024e-01
3.947499999999999787e+00 -1.511949639000000067e-01
3.950000000000000178e+00 -1.509601995000000030e-01
3.952500000000000124e+00 -1.512924565000000054e-01
3.955000000000000071e+00 -1.509743715999999902e-01
3.957500000000000018e+00 -1.508376231000000123e-01
3.959999999999999964e+00 -1.508563223000000120e-01
3.962499999999999911e+00 -1.511594438999999956e-01
3.964999999999999858e+00 -1.509866407999999882e-01
3.967499999999999805e+00 -1.506156194000000115e-01
3.970000000000000195e+00 -1.507516691000000131e-01
3.972500000000000142e+00 -1.509294833000000002e-01
3.975000000000000089e+00 -1.506122937999999911e-01
3.977500000000000036e+00 -1.505162851000000079e-01
3.979999999999999982e+00 -1.506191775000000066e-01
3.982499999999999929e+00 -1.505205934000000134e-01
3.984999999999999876e+00 -1.504744856000000131e-01
3.987499999999999822e+00 -1.502030968999999994e-01
3.990000000000000213e+00 -1.503828836999999974e-01
3.992500000000000160e+00 -1.504197640000000114e-01
3.995000000000000107e+00 -1.506259742999999929e-01
3.997500000000000053e+00 -1.505201918000000083e-01
4.000000000000000000e+00 -1.506299352000000091e-01
4.002500000000000391e+00 -1.502222488999999939e-01
4.004999999999999893e+00 -1.501866031999999906e-01
4.007500000000000284e+00 -1.501873340999999862e-01
4.009999999999999787e+00 -1.501763452000000054e-01
4.012500000000000178e+00 -1.500206823999999939e-01
4.014999999999999680e+00 -1.498660826000000057e-01
4.017500000000000071e+00 -1.499805032000000038e-01
4.019999999999999574e+00 -1.498729259999999897e-01
4.022499999999999964e+00 -1.500069730999999962e-01
4.025000000000000355e+00 -1.502855469000000110e-01
4.027499999999999858e+00 -1.499030880999999982e-01
4.030000000000000249e+00 -1.499281576000000005e-01
4.032499999999999751e+00 -1.500461184000000114e-01
4.035000000000000142e+00 -1.500262066999999977e-01
4.037499999999999645e+00 -1.497633392000000119e-01
4.040000000000000036e+00 -1.494920574999999974e-01
4.042500000000000426e+00 -1.497022554999999921e-01
4.044999999999999929e+00 -1.496701072999999937e-01
4.047500000000000320e+00 -1.494501659999999954e-01
4.049999999999999822e+00 -1.499547723000000110e-01
4.052500000000000213e+00 -1.497364542999999881e-01
4.054999999999999716e+00 -1.495587455999999871e-01
4.057500000000000107e+00 -1.492815554999999961e-01
4.059999999999999609e+00 -1.491178458000000095e-01
4.062500000000000000e+00 -1.494512608999999936e-01
4.065000000000000391e+00 -1.497244283999999981e-01
4.067499999999999893e+00 -1.490786507000000094e-01
4.070000000000000284e+00 -1.495503263999999888e-01
4.072499999999999787e+00 -1.494554388999999872e-01
4.075000000000000178e+00 -1.493293088000000046e-01
4.077499999999999680e+00 -1.492695894999999939e-01
4.080000000000000071e+00 -1.491890523999999940e-01
4.082499999999999574e+00 -1.492082245999999945e-01
4.084999999999999964e+00 -1.493354318000000014e-01
4.087500000000000355e+00 -1.490690860999999978e-01
4.089999999999999858e+00 -1.492622576000000034e-01
4.092500000000000249e+00 -1.491562478000000025e-01
4.094999999999999751e+00 -1.488095191999999900e-01
4.097500000000000142e+00 -1.491997298999999944e-01
4.099999999999999645e+00 -1.493008278000000078e-01
4.102500000000000036e+00 -1.491404699999999972e-01
4.105000000000000426e+00 -1.485440407999999990e-01
4.107499999999999929e+00 -1.489156410999999958e-01
4.110000000000000320e+00 -1.488003589000000126e-01
4.112499999999999822e+00 -1.487547099000000039e-01
4.115000000000000213e+00 -1.490640597000000012e-01
4.117499999999999716e+00 -1.487088517000000054e-01
4.120000000000000107e+00 -1.484351727000000065e-01
4.122499999999999609e+00 -1.486063454000000061e-01
4.125000000000000000e+00 -1.488566443999999878e-01
4.127500000000000391e+00 -1.486932202000000036e-01
4.129999999999999893e+00 -1.489450703000000098e-01
4.132500000000000284e+00 -1.485358913000000003e-01
4.134999999999999787e+00 -1.486893593999999985e-01
4.137500000000000178e+00 -1.488620663000000122e-01
4.139999999999999680e+00 -1.486390925999999946e-01
4.142500000000000071e+00 -1.486685366999999924e-01
4.144999999999999574e+00 -1.483964160000000032e-01
4.147499999999999964e+00 -1.483714062000000000e-01
4.150000000000000355e+00 -1.484319436000000048e-01
4.152499999999999858e+00 -1.483937812999999994e-01
4.155000000000000249e+00 -1.481364883000000077e-01
4.157499999999999751e+00 -1.480816420000000133e-01
4.160000000000000142e+00 -1.481578950999999922e-01
4.162499999999999645e+00 -1.483484556999999926e-01
4.165000000000000036e+00 -1.483685250000000011e-01
4.167500000000000426e+00 -1.483278747000000009e-01
4.169999999999999929e+00 -1.481390884000000074e-01
4.172500000000000320e+00 -1.486000342999999890e-01
4.174999999999999822e+00 -1.478148541000000038e-01
4.177500000000000213e+00 -1.480539798000000129e-01
4.179999999999999716e+00 -1.480083379000000088e-01
4.182500000000000107e+00 -1.480680359000000057e-01
4.184999999999999609e+00 -1.479201954999999902e-01
4.187500000000000000e+00 -1.479559762999999861e-01
4.190000000000000391e+00 -1.478054258000000010e-01
4.192499999999999893e+00 -1.476935433000000075e-01
4.195000000000000284e+00 -1.480583856999999892e-01
4.197499999999999787e+00 -1.480009946999999992e-01
4.200000000000000178e+00 -1.478345607999999867e-01
4.202499999999999680e+00 -1.477062574000000128e-01
4.205000000000000071e+00 -1.479675595999999926e-01
4.207499999999999574e+00 -1.479405418999999999e-01
4.209999999999999964e+00 -1.476928845999999906e-01
4.212500000000000355e+00 -1.477826884000000007e-01
4.214999999999999858e+00 -1.477193073999999995e-01
4.217500000000000249e+00 -1.475409477999999885e-01
4.219999999999999751e+00 -1.476364997000000068e-01
4.222500000000000142e+00 -1.471822735999999965e-01
4.224999999999999645e+00 -1.475785342000000000e-01
4.227500000000000036e+00 -1.473885242000000095e-01
4.230000000000000426e+00 -1.474934371999999938e-01
4.232499999999999929e+00 -1.473710262000000049e-01
4.235000000000000320e+00 -1.476339852000000119e-01
4.237499999999999822e+00 -1.476404249000000113e-01
4.240000000000000213e+00 -1.474634589999999912e-01
4.242499999999999716e+00 -1.474414021999999880e-01
4.245000000000000107e+00 -1.471717855999999935e-01
4.247499999999999609e+00 -1.468832972000000126e-01
4.250000000000000000e+00 -1.474988845999999909e-01
4.252500000000000391e+00 -1.470852782000000025e-01
4.254999999999999893e+00 -1.473059942999999927e-01
4.257500000000000284e+00 -1.474565791999999931e-01
4.259999999999999787e+00 -1.469406384999999982e-01
4.262500000000000178e+00 -1.467406524000000045e-01
4.264999999999999680e+00 -1.470366831000000096e-01
4.267500000000000071e+00 -1.472350641999999876e-01
4.269999999999999574e+00 -1.469539313999999874e-01
4.272499999999999964e+00 -1.470390220999999997e-01
4.275000000000000355e+00 -1.470447253000000121e-01
4.277499999999999858e+00 -1.473256171000000003e-01
4.280000000000000249e+00 -1.469574804000000068e-01
4.282499999999999751e+00 -1.469352204999999911e-01
4.285000000000000142e+00 -1.468878472000000046e-01
4.287499999999999645e+00 -1.471103005999999935e-01
4.290000000000000036e+00 -1.469060886000000121e-01
4.292500000000000426e+00 -1.465146042999999898e-01
4.294999999999999929e+00 -1.469159432999999904e-01
4.297500000000000320e+00 -1.469200585999999864e-01
4.299999999999999822e+00 -1.467446820999999957e-01
4.302500000000000213e+00 -1.469414092000000116e-01
4.304999999999999716e+00 -1.467209611999999996e-01
4.307500000000000107e+00 -1.463817243999999962e-01
4.309999999999999609e+00 -1.468769027000000060e-01
4.312500000000000000e+00 -1.464348843000000122e-01
4.315000000000000391e+00 -1.468765900000000013e-01
4.317499999999999893e+00 -1.468061170000000137e-01
4.320000000000000284e+00 -1.467203387999999886e-01
4.322499999999999787e+00 -1.466906629999999989e-01
4.325000000000000178e+00 -1.465988185000000055e-01
4.327499999999999680e+00 -1.461551322000000097e-01
4.330000000000000071e+00 -1.464959889000000126e-01
4.332499999999999574e+00 -1.463826455999999998e-01
4.334999999999999964e+00 -1.464814363999999980e-01
4.337500000000000355e+00 -1.467880286000000090e-01
4.339999999999999858e+00 -1.463263391999999885e-01
4.342500000000000249e+00 -1.464397601999999909e-01
4.344999999999999751e+00 -1.462147440999999881e-01
4.347500000000000142e+00 -1.466049194000000055e-01
4.349999999999999645e+00 -1.464279245000000007e-01
4.352500000000000036e+00 -1.461086161000000050e-01
4.355000000000000426e+00 -1.461523419999999907e-01
4.357499999999999929e+00 -1.465182926999999968e-01
4.360000000000000320e+00 -1.464346645000000058e-01
4.362499999999999822e+00 -1.461719810999999869e-01
4.365000000000000213e+00 -1.461152793000000116e-01
4.367499999999999716e+00 -1.461799742999999874e-01
4.370000000000000107e+00 -1.463116604999999959e-01
4.372499999999999609e+00 -1.459861912000000039e-01
4.375000000000000000e+00 -1.465599348999999940e-01
4.377500000000000391e+00 -1.460643369999999885e-01
4.379999999999999893e+00 -1.459702780000000089e-01
4.382500000000000284e+00 -1.460592216000000110e-01
4.384999999999999787e+00 -1.462448238000000067e-01
4.387500000000000178e+00 -1.460914376999999931e-01
4.389999999999999680e+00 -1.459006590999999964e-01
4.392500000000000071e+00 -1.457964170000000115e-01
4.394999999999999574e+00 -1.459931714999999908e-01
4.397499999999999964e+00 -1.461438972999999919e-01
4.400000000000000355e+00 -1.461944809000000067e-01
4.402499999999999858e+00 -1.461489712000000052e-01
4.405000000000000249e+00 -1.459086847000000131e-01
4.407499999999999751e+00 -1.462660252999999910e-01
4.410000000000000142e+00 -1.456479646000000128e-01
4.412499999999999645e+00 -1.456528246999999887e-01
4.415000000000000036e+00 -1.456968200000000047e-01
4.417500000000000426e+00 -1.458102182000000080e-01
4.419999999999999929e+00 -1.458680431999999916e-01
4.422500000000000320e+00 -1.458112723999999971e-01
4.424999999999999822e+00 -1.458359126000000061e-01
4.427500000000000213e+00 -1.459431751999999971e-01
4.429999999999999716e+00 -1.454872019000000016e-01
4.432500000000000107e+00 -1.453871391000000068e-01
4.434999999999999609e+00 -1.454962005999999863e-01
4.437500000000000000e+00 -1.457937088000000048e-01
4.440000000000000391e+00 -1.458565143999999980e-01
4.442499999999999893e+00 -1.456729392999999984e-01
4.445000000000000284e+00 -1.456770219999999894e-01
4.447499999999999787e+00 -1.457043289000000130e-01
4.450000000000000178e+00 -1.456276813999999864e-01
4.452499999999999680e+00 -1.458749125000000091e-01
4.455000000000000071e+00 -1.455999906000000066e-01
4.457499999999999574e+00 -1.452998500000000082e-01
4.459999999999999964e+00 -1.451918218000000094e-01
4.462500000000000355e+00 -1.453016671000000037e-01
4.464999999999999858e+00 -1.455716384999999891e-01
4.467500000000000249e+00 -1.459196516000000055e-01
4.469999999999999751e+00 -1.451695815000000056e-01
4.472500000000000142e+00 -1.454990328999999916e-01
4.474999999999999645e+00 -1.452362597000000088e-01
4.477500000000000036e+00 -1.451953954000000102e-01
4.480000000000000426e+00 -1.453646406999999918e-01
4.482499999999999929e+00 -1.452697689999999930e-01
4.485000000000000320e+00 -1.450363651999999892e-01
4.487499999999999822e+00 -1.449855267000000059e-01
4.490000000000000213e+00 -1.451722427999999898e-01
4.492499999999999716e+00 -1.453011113000000076e-01
4.495000000000000107e+00 -1.454986545999999992e-01
4.497499999999999609e+00 -1.452060913000000064e-01
4.500000000000000000e+00 -1.454153340999999877e-01
4.502500000000000391e+00 -1.452599450000000014e-01
4.504999999999999893e+00 -1.451265965000000102e-01
4.507500000000000284e+00 -1.449596499999999955e-01
4.509999999999999787e+00 -1.451332575000000014e-01
4.512500000000000178e+00 -1.451139438000000059e-01
4.514999999999999680e+00 -1.451982588000000074e-01
4.517500000000000071e+00 -1.452224363000000074e-01
4.519999999999999574e+00 -1.454074978999999879e-01
4.522499999999999964e+00 -1.451830534000000117e-01
4.525000000000000355e+00 -1.449717466000000066e-01
4.527499999999999858e+00 -1.451437019000000050e-01
4.530000000000000249e+00 -1.447619692000000069e-01
4.532499999999999751e+00 -1.450246923999999882e-01
4.535000000000000142e+00 -1.448750943000000069e-01
4.537499999999999645e+00 -1.449090531999999987e-01
4.540000000000000036e+00 -1.451457887000000002e-01
4.542500000000000426e+00 -1.450101458999999982e-01
4.544999999999999929e+00 -1.445368042000000075e-01
4.547500000000000320e+00 -1.452195857999999951e-01
4.549999999999999822e+00 -1.447926217000000126e-01
4.552500000000000213e+00 -1.448330240000000046e-01
4.554999999999999716e+00 -1.451482000000000050e-01
4.557500000000000107e+00 -1.445938532999999915e-01
4.559999999999999609e+00 -1.449459214999999912e-01
4.562500000000000000e+00 -1.450993314000000034e-01
4.565000000000000391e+00 -1.447635972999999909e-01
4.567499999999999893e+00 -1.447694828999999961e-01
4.570000000000000284e+00 -1.448060552000000056e-01
4.572499999999999787e+00 -1.447018036000000119e-01
4.575000000000000178e+00 -1.447521321999999944e-01
4.577499999999999680e+00 -1.443445315000000118e-01
4.580000000000000071e+00 -1.446991410000000033e-01
4.582499999999999574e+00 -1.444188489999999880e-01
4.584999999999999964e+00 -1.449645665000000028e-01
4.587500000000000355e+00 -1.445273405999999983e-01
4.589999999999999858e+00 -1.447424992000000132e-01
4.592500000000000249e+00 -1.446876262000000024e-01
4.594999999999999751e+00 -1.444334999000000119e-01
4.597500000000000142e+00 -1.446280503000000051e-01
4.599999999999999645e+00 -1.445132016000000019e-01
4.602500000000000036e+00 -1.445230426999999929e-01
4.605000000000000426e+00 -1.446398456999999915e-01
4.607499999999999929e+00 -1.448146489999999897e-01
4.610000000000000320e+00 -1.443919586000000088e-01
4.612499999999999822e+00 -1.445770838000000058e-01
4.615000000000000213e+00 -1.443065541000000118e-01
4.617499999999999716e+00 -1.444820011999999876e-01
4.620000000000000107e+00 -1.445684415000000056e-01
4.622499999999999609e+00 -1.443091918999999945e-01
4.625000000000000000e+00 -1.446707177000000066e-01
4.627500000000000391e+00 -1.446528076999999968e-01
4.629999999999999893e+00 -1.446178629000000049e-01
4.632500000000000284e+00 -1.441293878999999889e-01
4.634999999999999787e+00 -1.443117943999999986e-01
4.637500000000000178e+00 -1.442391286999999966e-01
4.639999999999999680e+00 -1.443994312000000113e-01
4.642500000000000071e+00 -1.442521484000000020e-01
4.644999999999999574e+00 -1.445728608999999887e-01
4.647499999999999964e+00 -1.445094182999999977e-01
4.650000000000000355e+00 -1.443860131999999963e-01
4.652499999999999858e+00 -1.442039042000000104e-01
4.655000000000000249e+00 -1.445260694000000123e-01
4.657499999999999751e+00 -1.445337429999999923e-01
4.660000000000000142e+00 -1.442413686000000028e-01
4.662499999999999645e+00 -1.447109960999999889e-01
4.665000000000000036e+00 -1.443300745999999968e-01
4.667500000000000426e+00 -1.445255870000000109e-01
4.669999999999999929e+00 -1.443392481999999921e-01
4.672500000000000320e+00 -1.441790148000000049e-01
4.674999999999999822e+00 -1.439500747999999941e-01
4.677500000000000213e+00 -1.440958420000000018e-01
4.679999999999999716e+00 -1.443472463000000094e-01
4.682500000000000107e+00 -1.441281633000000006e-01
4.684999999999999609e+00 -1.440367824000000074e-01
4.687500000000000000e+00 -1.441935799999999879e-01
4.690000000000000391e+00 -1.440396053999999926e-01
4.692499999999999893e+00 -1.440953232999999944e-01
4.695000000000000284e+00 -1.440176165000000008e-01
4.697499999999999787e+00 -1.440021079000000093e-01
4.700000000000000178e+00 -1.439545416000000133e-01
4.702499999999999680e+00 -1.438890747000000081e-01
4.705000000000000071e+00 -1.441873302999999995e-01
4.707499999999999574e+00 -1.440681262000000074e-01
4.709999999999999964e+00 -1.443317192999999943e-01
4.712500000000000355e+00 -1.438665674000000061e-01
4.714999999999999858e+00 -1.443406918000000039e-01
4.717500000000000249e+00 -1.440874211000000016e-01
4.719999999999999751e+00 -1.441902576000000102e-01
4.722500000000000142e+00 -1.439721976999999986e-01
4.724999999999999645e+00 -1.442127830000000110e-01
4.727500000000000036e+00 -1.443081995000000117e-01
4.730000000000000426e+00 -1.440016045999999994e-01
4.732499999999999929e+00 -1.438177717000000133e-01
4.735000000000000320e+00 -1.441933733000000106e-01
4.737499999999999822e+00 -1.439532646999999999e-01
4.740000000000000213e+00 -1.440130572999999969e-01
4.742499999999999716e+00 -1.440041893000000017e-01
4.745000000000000107e+00 -1.438433640000000013e-01
4.747499999999999609e+00 -1.439515838000000048e-01
4.750000000000000000e+00 -1.436648661000000105e-01
4.752500000000000391e+00 -1.439597566999999967e-01
4.754999999999999893e+00 -1.440761797000000011e-01
4.757500000000000284e+00 -1.441802946999999890e-01
4.759999999999999787e+00 -1.438639748999999968e-01
4.762500000000000178e+00 -1.438101330000000067e-01
4.764999999999999680e+00 -1.440298503000000119e-01
4.767500000000000071e+00 -1.435078233000000036e-01
4.769999999999999574e+00 -1.437643634000000115e-01
4.772499999999999964e+00 -1.438427840000000013e-01
4.775000000000000355e+00 -1.439892930999999987e-01
4.777499999999999858e+00 -1.439432620999999968e-01
4.780000000000000249e+00 -1.438876611999999888e-01
4.782499999999999751e+00 -1.439210754999999953e-01
4.785000000000000142e+00 -1.438159086999999947e-01
4.787499999999999645e+00 -1.438874964999999895e-01
4.790000000000000036e+00 -1.435509400999999963e-01
4.792500000000000426e+00 -1.439619745000000062e-01
4.794999999999999929e+00 -1.443488437000000069e-01
4.797500000000000320e+00 -1.440424270000000007e-01
4.799999999999999822e+00 -1.437535942000000011e-01
4.802500000000000213e+00 -1.438883653999999956e-01
4.804999999999999716e+00 -1.436243135999999976e-01
4.807500000000000107e+00 -1.437434513999999997e-01
4.809999999999999609e+00 -1.437043138000000109e-01
4.812500000000000000e+00 -1.437134255999999999e-01
4.815000000000000391e+00 -1.436512631000000095e-01
4.817499999999999893e+00 -1.437506691000000059e-01
4.820000000000000284e+00 -1.439198540000000137e-01
4.822499999999999787e+00 -1.435555057000000023e-01
4.825000000000000178e+00 -1.442061065999999947e-01
4.827499999999999680e+00 -1.435811991000000010e-01
4.830000000000000071e+00 -1.438504243000000016e-01
4.832499999999999574e+00 -1.437921269000000113e-01
4.834999999999999964e+00 -1.440197259999999868e-01
4.837500000000000355e+00 -1.437546245999999917e-01
4.839999999999999858e+00 -1.437959399000000027e-01
4.842500000000000249e+00 -1.439546522000000051e-01
4.844999999999999751e+00 -1.436464245000000084e-01
4.847500000000000142e+00 -1.435303340000000094e-01
4.849999999999999645e+00 -1.437135213999999883e-01
4.852500000000000036e+00 -1.437128551999999893e-01
4.855000000000000426e+00 -1.434698017999999908e-01
4.857499999999999929e+00 -1.433890160999999885e-01
4.860000000000000320e+00 -1.436972588000000051e-01
4.862499999999999822e+00 -1.438015324999999955e-01
4.865000000000000213e+00 -1.433794492000000087e-01
4.867499999999999716e+00 -1.438392702000000078e-01
4.870000000000000107e+00 -1.440308436000000136e-01
4.872499999999999609e+00 -1.432745816999999866e-01
4.875000000000000000e+00 -1.433778967000000071e-01
4.877500000000000391e+00 -1.437664718999999980e-01
4.879999999999999893e+00 -1.437427930000000076e-01
4.882500000000000284e+00 -1.438317840999999986e-01
4.884999999999999787e+00 -1.434573417999999989e-01
4.887500000000000178e+00 -1.436803104999999914e-01
4.889999999999999680e+00 -1.435219966999999874e-01
4.892500000000000071e+00 -1.438069384000000006e-01
4.894999999999999574e+00 -1.435650981000000104e-01
4.897499999999999964e+00 -1.435539764000000051e-01
4.900000000000000355e+00 -1.435193627999999944e-01
4.902499999999999858e+00 -1.436467197000000084e-01
4.905000000000000249e+00 -1.437108504000000064e-01
4.907499999999999751e+00 -1.437997139999999952e-01
4.910000000000000142e+00 -1.437188534999999934e-01
4.912499999999999645e+00 -1.436533271000000056e-01
4.915000000000000036e+00 -1.436210082000000110e-01
4.917500000000000426e+00 -1.436572936000000134e-01
4.919999999999999929e+00 -1.435992439000000065e-01
4.922500000000000320e+00 -1.435565088000000100e-01
4.924999999999999822e+00 -1.434286100999999924e-01
4.927500000000000213e+00 -1.436830266000000134e-01
4.929999999999999716e+00 -1.435131426000000043e-01
4.932500000000000107e+00 -1.435696861000000102e-01
4.934999999999999609e+00 -1.435285571000000093e-01
4.937500000000000000e+00 -1.432697394000000124e-01
4.940000000000000391e+00 -1.434799592999999873e-01
4.942499999999999893e+00 -1.435899056000000118e-01
4.945000000000000284e+00 -1.439481649000000085e-01
4.947499999999999787e+00 -1.437263337999999946e-01
4.950000000000000178e+00 -1.434949707000000019e-01
4.952499999999999680e+00 -1.436731941999999929e-01
4.955000000000000071e+00 -1.435947629999999864e-01
4.957499999999999574e+00 -1.431769135000000026e-01
4.959999999999999964e+00 -1.433449571000000033e-01
4.962500000000000355e+00 -1.439111590000000107e-01
4.964999999999999858e+00 -1.432200131999999959e-01
4.967500000000000249e+00 -1.438298095999999970e-01
4.969999999999999751e+00 -1.436767902999999957e-01
4.972500000000000142e+00 -1.436113448999999931e-01
4.974999999999999645e+00 -1.437293709999999947e-01
4.977500000000000036e+00 -1.435452380999999999e-01
4.980000000000000426e+00 -1.431978043000000089e-01
4.982499999999999929e+00 -1.434816190000000047e-01
4.985000000000000320e+00 -1.432013451999999964e-01
4.987499999999999822e+00 -1.436432723000000133e-01
4.990000000000000213e+00 -1.433749233999999928e-01
4.992499999999999716e+00 -1.432574063000000009e-01
4.995000000000000107e+00 -1.435610186999999871e-01
4.997499999999999609e+00 -1.439321668999999915e-01
5.000000000000000000e+00 -1.434603841000000046e-01
5.002500000000000391e+00 -1.433534218999999998e-01
5.004999999999999893e+00 -1.434411647000000123e-01
5.007500000000000284e+00 -1.434370738999999895e-01
5.009999999999999787e+00 -1.433875528999999927e-01
5.012500000000000178e+00 -1.435944137999999870e-01
5.014999999999999680e+00 -1.436753088000000123e-01
5.017500000000000071e+00 -1.434616005000000083e-01
5.019999999999999574e+00 -1.434801133999999978e-01
5.022499999999999964e+00 -1.433267182999999889e-01
5.025000000000000355e+00 -1.436906960999999872e-01
5.027499999999999858e+00 -1.435183838999999906e-01
5.030000000000000249e+00 -1.435393097000000062e-01
5.032499999999999751e+00 -1.433538822000000046e-01
5.035000000000000142e+00 -1.435485271999999979e-01
5.037499999999999645e+00 -1.435296745999999901e-01
5.040000000000000036e+00 -1.435337688999999972e-01
5.042500000000000426e+00 -1.437330071000000042e-01
5.044999999999999929e+00 -1.435404697000000063e-01
5.047500000000000320e+00 -1.435188024000000062e-01
5.049999999999999822e+00 -1.436088964999999995e-01
5.052500000000000213e+00 -1.434707195000000102e-01
5.054999999999999716e+00 -1.435102343000000114e-01
5.057500000000000107e+00 -1.433032857000000049e-01
5.059999999999999609e+00 -1.438727576000000119e-01
5.062500000000000000e+00 -1.433592254000000121e-01
5.065000000000000391e+00 -1.438587510000000069e-01
5.067499999999999893e+00 -1.439971013999999938e-01
5.070000000000000284e+00 -1.436250172000000103e-01
5.072499999999999787e+00 -1.438639486000000134e-01
5.075000000000000178e+00 -1.436685239000000114e-01
5.077499999999999680e+00 -1.432400947999999952e-01
5.080000000000000071e+00 -1.436906018000000118e-01
5.082499999999999574e+00 -1.436899450999999939e-01
5.084999999999999964e+00 -1.435419482999999996e-01
5.087500000000000355e+00 -1.435827969000000037e-01
5.089999999999999858e+00 -1.435852422999999989e-01
5.092500000000000249e+00 -1.436692880999999866e-01
5.094999999999999751e+00 -1.437608277000000101e-01
5.097500000000000142e+00 -1.435970634000000024e-01
5.099999999999999645e+00 -1.432234035000000127e-01
5.102500000000000036e+00 -1.435730242000000101e-01
5.105000000000000426e+00 -1.436491846000000072e-01
5.107499999999999929e+00 -1.435427820000000076e-01
5.110000000000000320e+00 -1.437482080999999967e-01
5.112499999999999822e+00 -1.436509478999999923e-01
5.115000000000000213e+00 -1.436874781999999962e-01
5.117499999999999716e+00 -1.435760224000000029e-01
5.120000000000000107e+00 -1.436929060000000091e-01
5.122499999999999609e+00 -1.434621641000000114e-01
5.125000000000000000e+00 -1.436774537000000129e-01
5.127500000000000391e+00 -1.435929246000000048e-01
5.129999999999999893e+00 -1.437916016999999935e-01
5.132500000000000284e+00 -1.435271069999999871e-01
5.134999999999999787e+00 -1.438661126999999929e-01
5.137500000000000178e+00 -1.435641678000000032e-01
5.139999999999999680e+00 -1.436082797999999883e-01
5.142500000000000071e+00 -1.438468907999999880e-01
5.144999999999999574e+00 -1.439053482000000050e-01
5.147499999999999964e+00 -1.436960617999999967e-01
5.150000000000000355e+00 -1.435170323000000137e-01
5.152499999999999858e+00 -1.435790460999999962e-01
5.155000000000000249e+00 -1.438650995000000099e-01
5.157499999999999751e+00 -1.437716444000000093e-01
5.160000000000000142e+00 -1.436435206999999992e-01
5.162499999999999645e+00 -1.438990166000000126e-01
5.165000000000000036e+00 -1.435240630999999878e-01
5.167500000000000426e+00 -1.437799751999999931e-01
5.169999999999999929e+00 -1.438401727999999991e-01
5.172500000000000320e+00 -1.436670800000000026e-01
5.174999999999999822e+00 -1.438917278999999882e-01
5.177500000000000213e+00 -1.437691644999999907e-01
5.179999999999999716e+00 -1.439660248000000087e-01
5.182500000000000107e+00 -1.435840332999999969e-01
5.184999999999999609e+00 -1.436677627999999873e-01
5.187500000000000000e+00 -1.438685420999999964e-01
5.190000000000000391e+00 -1.437887257999999890e-01
5.192499999999999893e+00 -1.439498129000000015e-01
5.195000000000000284e+00 -1.435019399999999945e-01
5.197499999999999787e+00 -1.435213744999999930e-01
5.200000000000000178e+00 -1.437532106999999948e-01
5.202499999999999680e+00 -1.437921152999999952e-01
5.205000000000000071e+00 -1.440772204000000112e-01
5.207499999999999574e+00 -1.436846693000000119e-01
5.209999999999999964e+00 -1.437029294999999929e-01
5.212500000000000355e+00 -1.440902084000000027e-01
5.214999999999999858e+00 -1.439732012000000116e-01
5.217500000000000249e+00 -1.435118911000000108e-01
5.219999999999999751e+00 -1.438449957000000057e-01
5.222500000000000142e+00 -1.436777673999999894e-01
5.224999999999999645e+00 -1.435578529000000048e-01
5.227500000000000036e+00 -1.439636586999999968e-01
5.230000000000000426e+00 -1.435562998000000090e-01
5.232499999999999929e+00 -1.440422454999999990e-01
5.235000000000000320e+00 -1.436691482000000131e-01
5.237499999999999822e+00 -1.440964972000000066e-01
5.240000000000000213e+00 -1.437328421000000078e-01
5.242499999999999716e+00 -1.438772963999999932e-01
5.245000000000000107e+00 -1.440942139999999982e-01
5.247499999999999609e+00 -1.437166719999999898e-01
5.250000000000000000e+00 -1.438282291999999907e-01
5.252500000000000391e+00 -1.441136087999999871e-01
5.254999999999999893e+00 -1.437719749999999963e-01
5.257500000000000284e+00 -1.443309798999999893e-01
5.259999999999999787e+00 -1.438467713000000092e-01
5.262500000000000178e+00 -1.436692524000000026e-01
5.264999999999999680e+00 -1.439438124999999902e-01
5.267500000000000071e+00 -1.436662172000000015e-01
5.269999999999999574e+00 -1.439764568999999939e-01
5.272499999999999964e+00 -1.441415592999999995e-01
5.275000000000000355e+00 -1.439580447999999901e-01
5.277499999999999858e+00 -1.440918164999999973e-01
5.280000000000000249e+00 -1.442358984999999871e-01
5.282499999999999751e+00 -1.443819718999999890e-01
5.285000000000000142e+00 -1.442866868000000080e-01
5.287499999999999645e+00 -1.439221448999999931e-01
5.290000000000000036e+00 -1.444023888000000033e-01
5.292500000000000426e+00 -1.442751123000000080e-01
5.294999999999999929e+00 -1.442001552000000131e-01
5.297500000000000320e+00 -1.443242364000000000e-01
5.299999999999999822e+00 -1.441262829999999939e-01
5.302500000000000213e+00 -1.442284447999999941e-01
5.304999999999999716e+00 -1.446017916000000014e-01
5.307500000000000107e+00 -1.440248671999999897e-01
5.309999999999999609e+00 -1.442427495999999976e-01
5.312500000000000000e+00 -1.440306390999999964e-01
5.315000000000000391e+00 -1.440966365999999943e-01
5.317499999999999893e+00 -1.440422400999999963e-01
5.320000000000000284e+00 -1.442695632000000061e-01
5.322499999999999787e+00 -1.440495061000000021e-01
5.325000000000000178e+00 -1.442985669000000082e-01
5.327499999999999680e+00 -1.444044100000000108e-01
5.330000000000000071e+00 -1.443596457000000111e-01
5.332499999999999574e+00 -1.441469727999999950e-01
5.334999999999999964e+00 -1.447576636000000028e-01
5.337500000000000355e+00 -1.442997501999999932e-01
5.339999999999999858e+00 -1.441573265999999964e-01
5.342500000000000249e+00 -1.439586273000000027e-01
5.344999999999999751e+00 -1.443441591999999885e-01
5.347500000000000142e+00 -1.446589261000000015e-01
5.349999999999999645e+00 -1.445500664999999907e-01
5.352500000000000036e+00 -1.441851761000000065e-01
5.355000000000000426e+00 -1.445248281000000024e-01
5.357499999999999929e+00 -1.443139177999999967e-01
5.360000000000000320e+00 -1.446188499000000127e-01
5.362499999999999822e+00 -1.445771855000000106e-01
5.365000000000000213e+00 -1.443010047000000129e-01
5.367499999999999716e+00 -1.444368477999999900e-01
5.370000000000000107e+00 -1.444858018000000077e-01
5.372499999999999609e+00 -1.444836067999999973e-01
5.375000000000000000e+00 -1.444872388000000007e-01
5.377500000000000391e+00 -1.445531009999999894e-01
5.379999999999999893e+00 -1.444861343000000131e-01
5.382500000000000284e+00 -1.444785963999999923e-01
5.384999999999999787e+00 -1.445493666000000066e-01
5.387500000000000178e+00 -1.445466663999999957e-01
5.389999999999999680e+00 -1.445633561000000122e-01
5.392500000000000071e+00 -1.445374685999999964e-01
5.394999999999999574e+00 -1.447722935000000100e-01
5.397499999999999964e+00 -1.446310155999999958e-01
5.400000000000000355e+00 -1.444210898000000132e-01
5.402499999999999858e+00 -1.447746028000000129e-01
5.405000000000000249e+00 -1.442818912000000120e-01
5.407499999999999751e+00 -1.446173588999999926e-01
5.410000000000000142e+00 -1.446378084999999925e-01
5.412499999999999645e+00 -1.445470473999999894e-01
5.415000000000000036e+00 -1.450716928000000128e-01
5.417500000000000426e+00 -1.447965471000000059e-01
5.419999999999999929e+00 -1.448759853999999903e-01
5.422500000000000320e+00 -1.447242262000000002e-01
5.424999999999999822e+00 -1.448588513999999883e-01
5.427500000000000213e+00 -1.446353059000000107e-01
5.429999999999999716e+00 -1.453375544999999935e-01
5.432500000000000107e+00 -1.447500888000000097e-01
5.434999999999999609e+00 -1.446595901000000128e-01
5.437500000000000000e+00 -1.449705487000000070e-01
5.440000000000000391e+00 -1.447953415000000077e-01
5.442499999999999893e+00 -1.449061745999999928e-01
5.445000000000000284e+00 -1.449775849999999922e-01
5.447499999999999787e+00 -1.451503262000000127e-01
5.450000000000000178e+00 -1.449445447999999914e-01
5.452499999999999680e+00 -1.449594687999999909e-01
5.455000000000000071e+00 -1.448750682999999928e-01
5.457499999999999574e+00 -1.447869160999999960e-01
5.459999999999999964e+00 -1.450647391000000064e-01
5.462500000000000355e+00 -1.451978711999999949e-01
5.464999999999999858e+00 -1.450669160999999985e-01
5.467500000000000249e+00 -1.449746020000000080e-01
5.469999999999999751e+00 -1.454267845999999975e-01
5.472500000000000142e+00 -1.449129889999999921e-01
5.474999999999999645e+00 -1.449032906000000120e-01
5.477500000000000036e+00 -1.453352504000000045e-01
5.480000000000000426e+00 -1.452580990000000016e-01
5.482499999999999929e+00 -1.452359812000000028e-01
5.485000000000000320e+00 -1.449758154999999937e-01
5.487499999999999822e+00 -1.452053336999999944e-01
5.490000000000000213e+00 -1.450956627999999971e-01
5.492499999999999716e+00 -1.453209109999999971e-01
5.495000000000000107e+00 -1.449208643999999879e-01
5.497499999999999609e+00 -1.451778757999999947e-01
5.500000000000000000e+00 -1.452149547000000096e-01
5.502500000000000391e+00 -1.455251562000000054e-01
5.504999999999999893e+00 -1.452746688000000064e-01
5.507500000000000284e+00 -1.453520138999999933e-01
5.509999999999999787e+00 -1.453910713000000077e-01
5.512500000000000178e+00 -1.452250320000000039e-01
5.514999999999999680e+00 -1.457442620999999938e-01
5.517500000000000071e+00 -1.451434547000000075e-01
5.519999999999999574e+00 -1.452890692999999900e-01
5.522499999999999964e+00 -1.451990753000000078e-01
5.525000000000000355e+00 -1.454512675999999893e-01
5.527499999999999858e+00 -1.455936556999999909e-01
5.530000000000000249e+00 -1.456806666000000083e-01
5.532499999999999751e+00 -1.453644211000000019e-01
5.535000000000000142e+00 -1.454729247000000059e-01
5.537499999999999645e+00 -1.454503347999999974e-01
5.540000000000000036e+00 -1.452189502000000021e-01
5.542500000000000426e+00 -1.456330157999999875e-01
5.544999999999999929e+00 -1.455779735999999935e-01
5.547500000000000320e+00 -1.456326095000000098e-01
5.549999999999999822e+00 -1.456654106999999976e-01
5.552500000000000213e+00 -1.456645136999999979e-01
5.554999999999999716e+00 -1.460400344999999989e-01
5.557500000000000107e+00 -1.456584250999999886e-01
5.559999999999999609e+00 -1.454133800999999893e-01
5.562500000000000000e+00 -1.456418352000000138e-01
5.565000000000000391e+00 -1.457143697999999932e-01
5.567499999999999893e+00 -1.456363948999999935e-01
5.570000000000000284e+00 -1.458146909999999963e-01
5.572499999999999787e+00 -1.455466400000000049e-01
5.575000000000000178e+00 -1.459731803000000050e-01
5.577499999999999680e+00 -1.458911727999999963e-01
5.580000000000000071e+00 -1.458729106999999969e-01
5.582499999999999574e+00 -1.456387933999999940e-01
5.584999999999999964e+00 -1.458391541999999874e-01
5.587500000000000355e+00 -1.460110514000000081e-01
5.589999999999999858e+00 -1.456294220000000084e-01
5.592500000000000249e+00 -1.457694025000000060e-01
5.594999999999999751e+00 -1.456474966000000093e-01
5.597500000000000142e+00 -1.457762596999999938e-01
5.599999999999999645e+00 -1.458509976000000041e-01
5.602500000000000036e+00 -1.458962521000000123e-01
5.605000000000000426e+00 -1.457670578999999966e-01
5.607499999999999929e+00 -1.458840309999999973e-01
5.610000000000000320e+00 -1.458801291000000055e-01
5.612499999999999822e+00 -1.461478734999999973e-01
5.615000000000000213e+00 -1.461217297000000082e-01
5.617499999999999716e+00 -1.464495341000000006e-01
5.620000000000000107e+00 -1.462692557999999976e-01
5.622499999999999609e+00 -1.458936949999999899e-01
5.625000000000000000e+00 -1.461836801999999991e-01
5.627500000000000391e+00 -1.462151298999999904e-01
5.629999999999999893e+00 -1.463373376000000059e-01
5.632500000000000284e+00 -1.463211973999999915e-01
5.634999999999999787e+00 -1.461641000999999995e-01
5.637500000000000178e+00 -1.461412712000000058e-01
5.639999999999999680e+00 -1.463658911999999868e-01
5.642500000000000071e+00 -1.466056749000000103e-01
5.644999999999999574e+00 -1.462012370999999922e-01
5.647499999999999964e+00 -1.463137057999999990e-01
5.650000000000000355e+00 -1.462680299999999933e-01
5.652499999999999858e+00 -1.467154599000000115e-01
5.655000000000000249e+00 -1.466064011000000056e-01
5.657499999999999751e+00 -1.460882578999999903e-01
5.660000000000000142e+00 -1.464829270000000128e-01
5.662499999999999645e+00 -1.465079750999999930e-01
5.665000000000000036e+00 -1.465285563000000013e-01
5.667500000000000426e+00 -1.464842084000000100e-01
5.669999999999999929e+00 -1.467027972000000124e-01
5.672500000000000320e+00 -1.463395698000000134e-01
5.674999999999999822e+00 -1.470236594000000063e-01
5.677500000000000213e+00 -1.467840166000000113e-01
5.679999999999999716e+00 -1.465780533000000108e-01
5.682500000000000107e+00 -1.466511909000000058e-01
5.684999999999999609e+00 -1.463542928000000076e-01
5.687500000000000000e+00 -1.463787001000000088e-01
5.690000000000000391e+00 -1.471056627000000006e-01
5.692499999999999893e+00 -1.468816366000000040e-01
5.695000000000000284e+00 -1.467472515000000088e-01
5.697499999999999787e+00 -1.469447919000000102e-01
5.700000000000000178e+00 -1.465998146999999974e-01
5.702499999999999680e+00 -1.466091928000000100e-01
5.705000000000000071e+00 -1.467035487999999999e-01
5.707499999999999574e+00 -1.470905929000000112e-01
5.709999999999999964e+00 -1.468085373999999943e-01
5.712500000000000355e+00 -1.469150097999999960e-01
5.714999999999999858e+00 -1.469229524000000009e-01
5.717500000000000249e+00 -1.470911562999999977e-01
5.719999999999999751e+00 -1.468262094999999989e-01
5.722500000000000142e+00 -1.471447901999999863e-01
5.724999999999999645e+00 -1.474916189999999905e-01
5.727500000000000036e+00 -1.466556756000000072e-01
5.730000000000000426e+00 -1.471865169999999889e-01
5.732499999999999929e+00 -1.471125202999999937e-01
5.735000000000000320e+00 -1.473627748999999931e-01
5.737499999999999822e+00 -1.471792916000000118e-01
5.740000000000000213e+00 -1.472116207999999982e-01
5.742499999999999716e+00 -1.472884905000000078e-01
5.745000000000000107e+00 -1.471144392000000023e-01
5.747499999999999609e+00 -1.470968579999999970e-01
5.750000000000000000e+00 -1.473928228999999979e-01
5.752500000000000391e+00 -1.474865277999999891e-01
5.754999999999999893e+00 -1.474118370999999983e-01
5.757500000000000284e+00 -1.472654807000000066e-01
5.759999999999999787e+00 -1.475944523999999924e-01
5.762500000000000178e+00 -1.472135699000000075e-01
5.764999999999999680e+00 -1.474981683999999904e-01
5.767500000000000071e+00 -1.474400704000000117e-01
5.769999999999999574e+00 -1.479840245000000054e-01
5.772499999999999964e+00 -1.474999153999999868e-01
5.775000000000000355e+00 -1.471733279000000116e-01
5.777499999999999858e+00 -1.475194451000000073e-01
5.780000000000000249e+00 -1.475111265999999866e-01
5.782499999999999751e+00 -1.475757649999999976e-01
5.785000000000000142e+00 -1.476756355000000132e-01
5.787499999999999645e+00 -1.477407892000000000e-01
5.790000000000000036e+00 -1.479769571000000006e-01
5.792500000000000426e+00 -1.479300930999999930e-01
5.794999999999999929e+00 -1.475801499999999933e-01
5.797500000000000320e+00 -1.478530570000000099e-01
5.799999999999999822e+00 -1.480231881999999888e-01
5.802500000000000213e+00 -1.477808288999999942e-01
5.804999999999999716e+00 -1.476359483999999944e-01
5.807500000000000107e+00 -1.478037654999999895e-01
5.809999999999999609e+00 -1.478390970000000026e-01
5.812500000000000000e+00 -1.480408608000000070e-01
5.815000000000000391e+00 -1.482628377000000108e-01
5.817499999999999893e+00 -1.481249986000000018e-01
5.820000000000000284e+00 -1.480956042999999889e-01
5.822499999999999787e+00 -1.479756718999999943e-01
5.825000000000000178e+00 -1.482539747999999935e-01
5.827499999999999680e+00 -1.480531623000000130e-01
5.830000000000000071e+00 -1.483692647000000031e-01
5.832499999999999574e+00 -1.482992342999999991e-01
5.834999999999999964e+00 -1.480571964999999879e-01
5.837500000000000355e+00 -1.481481876999999892e-01
5.839999999999999858e+00 -1.480214001000000057e-01
5.842500000000000249e+00 -1.484051324000000005e-01
5.844999999999999751e+00 -1.480692214000000062e-01
5.847500000000000142e+00 -1.480644584999999958e-01
5.849999999999999645e+00 -1.481499430999999867e-01
5.852500000000000036e+00 -1.485209859000000132e-01
5.855000000000000426e+00 -1.486056960000000093e-01
5.857499999999999929e+00 -1.482867364000000077e-01
5.860000000000000320e+00 -1.485305208999999904e-01
5.862499999999999822e+00 -1.484462673999999982e-01
5.865000000000000213e+00 -1.489525814000000059e-01
5.867499999999999716e+00 -1.485316006000000078e-01
5.870000000000000107e+00 -1.486629034999999988e-01
5.872499999999999609e+00 -1.487258801999999935e-01
5.875000000000000000e+00 -1.485667915999999977e-01
5.877500000000000391e+00 -1.482725980000000054e-01
5.879999999999999893e+00 -1.487133845999999981e-01
5.882500000000000284e+00 -1.487890319000000072e-01
5.884999999999999787e+00 -1.490515299999999876e-01
5.887500000000000178e+00 -1.490137363000000048e-01
5.889999999999999680e+00 -1.488750152999999965e-01
5.892500000000000071e+00 -1.490038908999999911e-01
5.894999999999999574e+00 -1.489593384000000020e-01
5.897499999999999964e+00 -1.492540384000000109e-01
5.900000000000000355e+00 -1.492918456000000005e-01
5.902499999999999858e+00 -1.489249451000000113e-01
5.905000000000000249e+00 -1.490356552000000057e-01
5.907499999999999751e+00 -1.489838237999999981e-01
5.910000000000000142e+00 -1.491710685000000036e-01
5.912499999999999645e+00 -1.492729792999999971e-01
5.915000000000000036e+00 -1.489691099000000074e-01
5.917500000000000426e+00 -1.494404069999999973e-01
5.919999999999999929e+00 -1.494908751000000036e-01
5.922500000000000320e+00 -1.495284249000000121e-01
5.924999999999999822e+00 -1.493337120999999879e-01
5.927500000000000213e+00 -1.495308929999999981e-01
5.929999999999999716e+00 -1.496422430000000081e-01
5.932500000000000107e+00 -1.490486266999999920e-01
5.934999999999999609e+00 -1.496202111000000112e-01
5.937500000000000000e+00 -1.498439890000000108e-01
5.940000000000000391e+00 -1.498255665000000070e-01
5.942499999999999893e+00 -1.494695564000000088e-01
5.945000000000000284e+00 -1.497744277999999984e-01
5.947499999999999787e+00 -1.501201262999999897e-01
5.950000000000000178e+00 -1.492120429999999887e-01
5.952499999999999680e+00 -1.496338737000000030e-01
5.955000000000000071e+00 -1.494925076999999991e-01
5.957499999999999574e+00 -1.498463737000000073e-01
5.959999999999999964e+00 -1.499975292000000071e-01
5.962500000000000355e+00 -1.496310827000000010e-01
5.964999999999999858e+00 -1.500180681000000127e-01
5.967500000000000249e+00 -1.497482648000000027e-01
5.969999999999999751e+00 -1.497917946000000000e-01
5.972500000000000142e+00 -1.499310459000000040e-01
5.974999999999999645e+00 -1.497729787000000035e-01
5.977500000000000036e+00 -1.499940572000000027e-01
5.980000000000000426e+00 -1.499539874999999967e-01
5.982499999999999929e+00 -1.502771905999999991e-01
5.985000000000000320e+00 -1.500117967000000052e-01
5.987499999999999822e+00 -1.499260578999999927e-01
5.990000000000000213e+00 -1.502125665000000054e-01
5.992499999999999716e+00 -1.499599890999999963e-01
5.995000000000000107e+00 -1.501398932000000130e-01
5.997499999999999609e+00 -1.504231534999999897e-01
6.000000000000000000e+00 -1.503349140999999944e-01
6.002500000000000391e+00 -1.506092937000000076e-01
6.004999999999999893e+00 -1.503742160000000050e-01
6.007500000000000284e+00 -1.506185553000000121e-01
6.009999999999999787e+00 -1.505719040999999869e-01
6.012500000000000178e+00 -1.506493433999999965e-01
6.014999999999999680e+00 -1.504537854999999924e-01
6.017500000000000071e+00 -1.502281028000000129e-01
6.019999999999999574e+00 -1.505071641999999876e-01
6.022499999999999964e+00 -1.503648030999999996e-01
6.025000000000000355e+00 -1.508990014000000102e-01
6.027499999999999858e+00 -1.506536645999999868e-01
6.030000000000000249e+00 -1.507448450999999967e-01
6.032499999999999751e+00 -1.506998119000000080e-01
6.035000000000000142e+00 -1.506249862000000050e-01
6.037499999999999645e+00 -1.510589982999999970e-01
6.040000000000000036e+00 -1.508704490999999981e-01
6.042500000000000426e+00 -1.510200791999999903e-01
6.044999999999999929e+00 -1.508894021999999946e-01
6.047500000000000320e+00 -1.509148418000000047e-01
6.049999999999999822e+00 -1.512527094999999988e-01
6.052500000000000213e+00 -1.508167544000000027e-01
6.054999999999999716e+00 -1.509564956999999985e-01
6.057500000000000107e+00 -1.512296079000000071e-01
6.059999999999999609e+00 -1.513508979000000032e-01
6.062500000000000000e+00 -1.511716706000000021e-01
6.065000000000000391e+00 -1.514115471999999962e-01
6.067499999999999893e+00 -1.513975597999999978e-01
6.070000000000000284e+00 -1.510442723000000043e-01
6.072499999999999787e+00 -1.514605709999999883e-01
6.075000000000000178e+00 -1.515166840000000126e-01
6.077499999999999680e+00 -1.514330408000000017e-01
6.080000000000000071e+00 -1.513811116999999873e-01
6.082499999999999574e+00 -1.514841380999999987e-01
6.084999999999999964e+00 -1.516943253999999963e-01
6.087500000000000355e+00 -1.514846981999999898e-01
6.089999999999999858e+00 -1.516435553999999908e-01
6.092500000000000249e+00 -1.519634948999999957e-01
6.094999999999999751e+00 -1.516651639000000107e-01
6.097500000000000142e+00 -1.515551250999999933e-01
6.099999999999999645e+00 -1.519414034000000080e-01
6.102500000000000036e+00 -1.515518564999999984e-01
6.105000000000000426e+00 -1.520812528999999913e-01
6.107499999999999929e+00 -1.521148229000000018e-01
6.110000000000000320e+00 -1.522656275000000003e-01
6.112499999999999822e+00 -1.516333178000000004e-01
6.115000000000000213e+00 -1.519331576999999878e-01
6.117499999999999716e+00 -1.519879460999999932e-01
6.120000000000000107e+00 -1.522486133000000019e-01
6.122499999999999609e+00 -1.520885056000000068e-01
6.125000000000000000e+00 -1.523045168000000116e-01
6.127500000000000391e+00 -1.524458338000000135e-01
6.129999999999999893e+00 -1.522926206999999921e-01
6.132500000000000284e+00 -1.522720365000000131e-01
6.134999999999999787e+00 -1.523442174000000093e-01
6.137500000000000178e+00 -1.525471335999999956e-01
6.139999999999999680e+00 -1.524459763999999884e-01
6.142500000000000071e+00 -1.523044372000000035e-01
6.144999999999999574e+00 -1.525744695000000040e-01
6.147499999999999964e+00 -1.526464852999999955e-01
6.150000000000000355e+00 -1.527343472000000091e-01
6.152499999999999858e+00 -1.526417605000000011e-01
6.155000000000000249e+00 -1.526952557000000044e-01
6.157499999999999751e+00 -1.529376806999999949e-01
6.160000000000000142e+00 -1.529199938999999953e-01
6.162499999999999645e+00 -1.530380013000000039e-01
6.165000000000000036e+00 -1.528802461999999862e-01
6.167500000000000426e+00 -1.527628360999999935e-01
6.169999999999999929e+00 -1.524994983999999887e-01
6.172500000000000320e+00 -1.527474987000000117e-01
6.174999999999999822e+00 -1.530569934999999882e-01
6.177500000000000213e+00 -1.529694058000000134e-01
6.179999999999999716e+00 -1.531725730999999868e-01
6.182500000000000107e+00 -1.528800094999999970e-01
6.184999999999999609e+00 -1.530243505999999976e-01
6.187500000000000000e+00 -1.531338063999999888e-01
6.190000000000000391e+00 -1.533256986000000044e-01
6.192499999999999893e+00 -1.532803168999999910e-01
6.195000000000000284e+00 -1.533309278999999969e-01
6.197499999999999787e+00 -1.536790681000000103e-01
6.200000000000000178e+00 -1.534566334999999948e-01
6.202499999999999680e+00 -1.533544242000000057e-01
6.205000000000000071e+00 -1.539371535999999874e-01
6.207499999999999574e+00 -1.538634727000000035e-01
6.209999999999999964e+00 -1.536824179999999873e-01
6.212500000000000355e+00 -1.539448616999999908e-01
6.214999999999999858e+00 -1.536297997999999942e-01
6.217500000000000249e+00 -1.538227067000000059e-01
6.219999999999999751e+00 -1.538067797999999875e-01
6.222500000000000142e+00 -1.535949728999999875e-01
6.224999999999999645e+00 -1.537462679000000110e-01
6.227500000000000036e+00 -1.539827075999999906e-01
6.230000000000000426e+00 -1.540772971999999907e-01
6.232499999999999929e+00 -1.540991164000000135e-01
6.235000000000000320e+00 -1.538757091000000077e-01
6.237499999999999822e+00 -1.542291499000000010e-01
6.240000000000000213e+00 -1.543371785000000052e-01
6.242499999999999716e+00 -1.542000447000000107e-01
6.245000000000000107e+00 -1.543033047000000046e-01
6.247499999999999609e+00 -1.541576510000000066e-01
6.250000000000000000e+00 -1.544157025000000016e-01
6.252500000000000391e+00 -1.544858027999999883e-01
6.254999999999999893e+00 -1.542741499999999988e-01
6.257500000000000284e+00 -1.543419826000000106e-01
6.259999999999999787e+00 -1.546707401000000093e-01
6.262500000000000178e+00 -1.544682900999999886e-01
6.264999999999999680e+00 -1.548293484000000109e-01
6.267500000000000071e+00 -1.546704896999999967e-01
6.269999999999999574e+00 -1.548229351000000031e-01
6.272499999999999964e+00 -1.545000112999999897e-01
6.275000000000000355e+00 -1.549622813000000043e-01
6.277499999999999858e+00 -1.547387423999999900e-01
6.280000000000000249e+00 -1.547085789000000045e-01
6.282499999999999751e+00 -1.550405388999999967e-01
6.285000000000000142e+00 -1.551518759000000136e-01
6.287499999999999645e+00 -1.549851922000000104e-01
6.290000000000000036e+00 -1.550372704999999907e-01
6.292500000000000426e+00 -1.553369592000000132e-01
6.294999999999999929e+00 -1.553299882999999992e-01
6.297500000000000320e+00 -1.551083443000000062e-01
6.299999999999999822e+00 -1.555106963000000009e-01
6.302500000000000213e+00 -1.554315689000000111e-01
6.304999999999999716e+00 -1.553954931000000039e-01
6.307500000000000107e+00 -1.552430929999999987e-01
6.309999999999999609e+00 -1.552571986000000070e-01
6.312500000000000000e+00 -1.551958767000000128e-01
6.315000000000000391e+00 -1.555372191999999931e-01
6.317499999999999893e+00 -1.555934187999999940e-01
6.320000000000000284e+00 -1.557461605000000082e-01
6.322499999999999787e+00 -1.554919992999999889e-01
6.325000000000000178e+00 -1.558410457000000138e-01
6.327499999999999680e+00 -1.553778238000000089e-01
6.330000000000000071e+00 -1.560335891000000086e-01
6.332499999999999574e+00 -1.554472584999999907e-01
6.334999999999999964e+00 -1.558130363000000129e-01
6.337500000000000355e+00 -1.558586114999999939e-01
6.339999999999999858e+00 -1.559275640999999990e-01
6.342500000000000249e+00 -1.562179643999999923e-01
6.344999999999999751e+00 -1.556873527000000035e-01
6.347500000000000142e+00 -1.563015611999999943e-01
6.349999999999999645e+00 -1.562497090999999949e-01
6.352500000000000036e+00 -1.561838252999999954e-01
6.355000000000000426e+00 -1.562527927000000039e-01
6.357499999999999929e+00 -1.562384004000000048e-01
6.360000000000000320e+00 -1.564101903000000016e-01
6.362499999999999822e+00 -1.561974540000000133e-01
6.365000000000000213e+00 -1.561152812000000112e-01
6.367499999999999716e+00 -1.565815482000000036e-01
6.370000000000000107e+00 -1.564897929999999882e-01
6.372499999999999609e+00 -1.566079194999999979e-01
6.375000000000000000e+00 -1.569343176999999923e-01
6.377500000000000391e+00 -1.567148529999999873e-01
6.379999999999999893e+00 -1.567078339999999903e-01
6.382500000000000284e+00 -1.568418981999999962e-01
6.384999999999999787e+00 -1.566764949999999990e-01
6.387500000000000178e+00 -1.571041157999999993e-01
6.389999999999999680e+00 -1.568006864000000000e-01
6.392500000000000071e+00 -1.568260314000000100e-01
6.394999999999999574e+00 -1.571167914999999915e-01
6.397499999999999964e+00 -1.569839466000000072e-01
6.400000000000000355e+00 -1.571261150999999912e-01
6.402499999999999858e+00 -1.571311368999999958e-01
6.405000000000000249e+00 -1.574368036999999887e-01
6.407499999999999751e+00 -1.575558190999999941e-01
6.410000000000000142e+00 -1.573856374000000002e-01
6.412499999999999645e+00 -1.573329440000000023e-01
6.415000000000000036e+00 -1.573819404000000033e-01
6.417500000000000426e+00 -1.575764597000000045e-01
6.419999999999999929e+00 -1.573871162000000101e-01
6.422500000000000320e+00 -1.576843156999999940e-01
6.424999999999999822e+00 -1.579188408999999960e-01
6.427500000000000213e+00 -1.576720476000000037e-01
6.429999999999999716e+00 -1.574451655000000116e-01
6.432500000000000107e+00 -1.580002577000000075e-01
6.434999999999999609e+00 -1.579382675999999874e-01
6.437500000000000000e+00 -1.580150921000000042e-01
6.440000000000000391e+00 -1.581499520000000103e-01
6.442499999999999893e+00 -1.583658749999999893e-01
6.445000000000000284e+00 -1.581626882000000123e-01
6.447499999999999787e+00 -1.582293848000000114e-01
6.450000000000000178e+00 -1.583034869000000122e-01
6.452499999999999680e+00 -1.584337564999999948e-01
6.455000000000000071e+00 -1.585527110999999933e-01
6.457499999999999574e+00 -1.585790492999999968e-01
6.459999999999999964e+00 -1.583722676000000051e-01
6.462500000000000355e+00 -1.583554735999999907e-01
6.464999999999999858e+00 -1.585719131999999976e-01
6.467500000000000249e+00 -1.585293379000000114e-01
6.469999999999999751e+00 -1.586448162000000106e-01
6.472500000000000142e+00 -1.584326611999999912e-01
6.474999999999999645e+00 -1.586561830000000062e-01
6.477500000000000036e+00 -1.585386447999999893e-01
6.480000000000000426e+00 -1.589945799999999965e-01
6.482499999999999929e+00 -1.585287848999999971e-01
6.485000000000000320e+00 -1.590903830000000019e-01
6.487499999999999822e+00 -1.589784297999999874e-01
6.490000000000000213e+00 -1.590734980999999881e-01
6.492499999999999716e+00 -1.586866705999999960e-01
6.495000000000000107e+00 -1.591884171000000070e-01
6.497499999999999609e+00 -1.589485276000000002e-01
6.500000000000000000e+00 -1.588700456000000094e-01
6.502500000000000391e+00 -1.590867128000000019e-01
6.504999999999999893e+00 -1.597631969999999957e-01
6.507500000000000284e+00 -1.591180865000000055e-01
6.509999999999999787e+00 -1.596466353000000060e-01
6.512500000000000178e+00 -1.594543186000000057e-01
6.514999999999999680e+00 -1.595005059000000058e-01
6.517500000000000071e+00 -1.596852045000000109e-01
6.519999999999999574e+00 -1.598339511999999907e-01
6.522499999999999964e+00 -1.600959238999999923e-01
6.525000000000000355e+00 -1.598309468999999927e-01
6.527499999999999858e+00 -1.600478104999999984e-01
6.530000000000000249e+00 -1.598939325000000022e-01
6.532499999999999751e+00 -1.596759393000000138e-01
6.535000000000000142e+00 -1.601167367999999924e-01
6.537499999999999645e+00 -1.603211139000000063e-01
6.540000000000000036e+00 -1.601134768999999958e-01
6.542500000000000426e+00 -1.603349002999999995e-01
6.544999999999999929e+00 -1.602791729999999970e-01
6.547500000000000320e+00 -1.604126955999999882e-01
6.549999999999999822e+00 -1.605704111000000045e-01
6.552500000000000213e+00 -1.604868457999999998e-01
6.554999999999999716e+00 -1.606819104999999970e-01
6.557500000000000107e+00 -1.605297058000000054e-01
6.559999999999999609e+00 -1.607643692999999874e-01
6.562500000000000000e+00 -1.609782515000000025e-01
6.565000000000000391e+00 -1.608882127000000051e-01
6.567499999999999893e+00 -1.608410966999999914e-01
6.570000000000000284e+00 -1.608939500000000078e-01
6.572499999999999787e+00 -1.612698425999999907e-01
6.575000000000000178e+00 -1.610741511000000070e-01
6.577499999999999680e+00 -1.611753164999999988e-01
6.580000000000000071e+00 -1.613866737999999912e-01
6.582499999999999574e+00 -1.609604203999999983e-01
6.584999999999999964e+00 -1.612182433000000081e-01
6.587500000000000355e+00 -1.611489748999999916e-01
6.589999999999999858e+00 -1.615941049000000074e-01
6.592500000000000249e+00 -1.613217871000000025e-01
6.594999999999999751e+00 -1.615126758000000051e-01
6.597500000000000142e+00 -1.614879102000000011e-01
6.599999999999999645e+00 -1.616890896000000022e-01
6.602500000000000036e+00 -1.617211444999999970e-01
6.605000000000000426e+00 -1.617767722000000019e-01
6.607499999999999929e+00 -1.617448863000000014e-01
6.610000000000000320e+00 -1.622322612000000053e-01
6.612499999999999822e+00 -1.620782635999999943e-01
6.615000000000000213e+00 -1.617291336999999996e-01
6.617499999999999716e+00 -1.621011414000000095e-01
6.620000000000000107e+00 -1.622223687999999886e-01
6.622499999999999609e+00 -1.621873830999999988e-01
6.625000000000000000e+00 -1.622755486000000136e-01
6.627500000000000391e+00 -1.622178328999999974e-01
6.629999999999999893e+00 -1.625402659000000083e-01
6.632500000000000284e+00 -1.627231020000000083e-01
6.634999999999999787e+00 -1.624977039000000123e-01
6.637500000000000178e+00 -1.625757456999999961e-01
6.639999999999999680e+00 -1.622661475000000131e-01
6.642500000000000071e+00 -1.623448597000000104e-01
6.644999999999999574e+00 -1.627359741000000137e-01
6.647499999999999964e+00 -1.628232159000000123e-01
6.650000000000000355e+00 -1.631161959000000106e-01
6.652499999999999858e+00 -1.627087966999999913e-01
6.655000000000000249e+00 -1.631486947999999937e-01
6.657499999999999751e+00 -1.629833746999999888e-01
6.660000000000000142e+00 -1.630780000000000007e-01
6.662499999999999645e+00 -1.629829147000000089e-01
6.665000000000000036e+00 -1.631307613999999906e-01
6.667500000000000426e+00 -1.633055538000000029e-01
6.669999999999999929e+00 -1.632668170999999890e-01
6.672500000000000320e+00 -1.633301417999999949e-01
6.674999999999999822e+00 -1.636534855000000011e-01
6.677500000000000213e+00 -1.633815432999999873e-01
6.679999999999999716e+00 -1.634583126999999969e-01
6.682500000000000107e+00 -1.636455987999999862e-01
6.684999999999999609e+00 -1.638634486999999973e-01
6.687500000000000000e+00 -1.636449341000000002e-01
6.690000000000000391e+00 -1.637359775999999989e-01
6.692499999999999893e+00 -1.637750437999999920e-01
6.695000000000000284e+00 -1.642238950000000086e-01
6.697499999999999787e+00 -1.640731427999999881e-01
6.700000000000000178e+00 -1.643667060000000013e-01
6.702499999999999680e+00 -1.642358194999999910e-01
6.705000000000000071e+00 -1.644005430999999906e-01
6.707499999999999574e+00 -1.641930423999999888e-01
6.709999999999999964e+00 -1.643474102999999964e-01
6.712500000000000355e+00 -1.643050866000000110e-01
6.714999999999999858e+00 -1.643483216000000136e-01
6.717500000000000249e+00 -1.646179218000000111e-01
6.719999999999999751e+00 -1.643871449000000040e-01
6.722500000000000142e+00 -1.648229254999999949e-01
6.724999999999999645e+00 -1.644931068999999912e-01
6.727500000000000036e+00 -1.648960371000000036e-01
6.730000000000000426e+00 -1.651899275000000000e-01
6.732499999999999929e+00 -1.651398768000000017e-01
6.735000000000000320e+00 -1.655209535000000121e-01
6.737499999999999822e+00 -1.648465647000000034e-01
6.740000000000000213e+00 -1.653236221999999922e-01
6.742499999999999716e+00 -1.651072533000000064e-01
6.745000000000000107e+00 -1.649875275999999891e-01
6.747499999999999609e+00 -1.656390436999999882e-01
6.750000000000000000e+00 -1.651439879999999916e-01
6.752500000000000391e+00 -1.654301987000000029e-01
6.754999999999999893e+00 -1.655278966000000018e-01
6.757500000000000284e+00 -1.659011076999999945e-01
6.759999999999999787e+00 -1.659017899999999934e-01
6.762500000000000178e+00 -1.656849716000000083e-01
6.764999999999999680e+00 -1.660249021999999908e-01
6.767500000000000071e+00 -1.661552631000000058e-01
6.769999999999999574e+00 -1.656600346000000057e-01
6.772499999999999964e+00 -1.660959288999999950e-01
6.775000000000000355e+00 -1.663863466000000124e-01
6.777499999999999858e+00 -1.661426316000000070e-01
6.780000000000000249e+00 -1.661056140000000125e-01
6.782499999999999751e+00 -1.662444627999999924e-01
6.785000000000000142e+00 -1.662890549999999912e-01
6.787499999999999645e+00 -1.666178520000000107e-01
6.790000000000000036e+00 -1.667478740999999987e-01
6.792500000000000426e+00 -1.665551386000000134e-01
6.794999999999999929e+00 -1.663882250000000007e-01
6.797500000000000320e+00 -1.666952784999999881e-01
6.799999999999999822e+00 -1.667922437999999896e-01
6.802500000000000213e+00 -1.667606026000000019e-01
6.804999999999999716e+00 -1.669573048000000115e-01
6.807500000000000107e+00 -1.672866738000000075e-01
6.809999999999999609e+00 -1.669184132000000043e-01
6.812500000000000000e+00 -1.670522429000000086e-01
6.815000000000000391e+00 -1.673062080999999923e-01
6.817499999999999893e+00 -1.673487975000000072e-01
6.820000000000000284e+00 -1.672732865999999874e-01
6.822499999999999787e+00 -1.676635767999999915e-01
6.825000000000000178e+00 -1.677518054000000092e-01
6.827499999999999680e+00 -1.676093455999999871e-01
6.830000000000000071e+00 -1.680460280999999945e-01
6.832499999999999574e+00 -1.677148122999999880e-01
6.834999999999999964e+00 -1.677840288999999929e-01
6.837500000000000355e+00 -1.678338209999999942e-01
6.839999999999999858e+00 -1.682544760999999944e-01
6.842500000000000249e+00 -1.680927808000000079e-01
6.844999999999999751e+00 -1.681117182999999904e-01
6.847500000000000142e+00 -1.684548130999999893e-01
6.849999999999999645e+00 -1.681220767000000116e-01
6.852500000000000036e+00 -1.684881929000000000e-01
6.855000000000000426e+00 -1.685012721999999963e-01
6.857499999999999929e+00 -1.684390239999999928e-01
6.860000000000000320e+00 -1.687457207999999986e-01
6.862499999999999822e+00 -1.684038414000000039e-01
6.865000000000000213e+00 -1.688063066000000112e-01
6.867499999999999716e+00 -1.689076005000000047e-01
6.870000000000000107e+00 -1.686105290999999895e-01
6.872499999999999609e+00 -1.687795163999999959e-01
6.875000000000000000e+00 -1.690505116999999891e-01
6.877500000000000391e+00 -1.691593412000000074e-01
6.879999999999999893e+00 -1.689094949000000123e-01
6.882500000000000284e+00 -1.695142003000000008e-01
6.884999999999999787e+00 -1.692506344999999968e-01
6.887500000000000178e+00 -1.691638664000000014e-01
6.889999999999999680e+00 -1.694287466000000131e-01
6.892500000000000071e+00 -1.697200031999999970e-01
6.894999999999999574e+00 -1.693722465999999982e-01
6.897499999999999964e+00 -1.694663727000000064e-01
6.900000000000000355e+00 -1.694621812999999866e-01
6.902499999999999858e+00 -1.697002313000000040e-01
6.905000000000000249e+00 -1.695971538000000112e-01
6.907499999999999751e+00 -1.701093813000000010e-01
6.910000000000000142e+00 -1.697585349000000077e-01
6.912499999999999645e+00 -1.701104381999999915e-01
6.915000000000000036e+00 -1.699285118999999955e-01
6.917500000000000426e+00 -1.702530184999999918e-01
6.919999999999999929e+00 -1.706346437000000049e-01
6.922500000000000320e+00 -1.704285721999999892e-01
6.924999999999999822e+00 -1.705249691000000067e-01
6.927500000000000213e+00 -1.702516252000000063e-01
6.929999999999999716e+00 -1.706340054999999911e-01
6.932500000000000107e+00 -1.711102345999999941e-01
6.934999999999999609e+00 -1.706934458000000099e-01
6.937500000000000000e+00 -1.709556871000000033e-01
6.940000000000000391e+00 -1.709139567000000082e-01
6.942499999999999893e+00 -1.712545584999999870e-01
6.945000000000000284e+00 -1.710442826999999943e-01
6.947499999999999787e+00 -1.712815527000000060e-01
6.950000000000000178e+00 -1.711465641000000093e-01
6.952499999999999680e+00 -1.712804595999999902e-01
6.955000000000000071e+00 -1.718932152000000046e-01
6.957499999999999574e+00 -1.711125993000000012e-01
6.959999999999999964e+00 -1.716047819000000030e-01
6.962500000000000355e+00 -1.716820418999999986e-01
6.964999999999999858e+00 -1.715942474000000106e-01
6.967500000000000249e+00 -1.717660182999999896e-01
6.969999999999999751e+00 -1.716033183000000018e-01
6.972500000000000142e+00 -1.720513358000000104e-01
6.974999999999999645e+00 -1.718229772000000044e-01
6.977500000000000036e+00 -1.723972276999999886e-01
6.980000000000000426e+00 -1.718953192999999879e-01
6.982499999999999929e+00 -1.723775855999999940e-01
6.985000000000000320e+00 -1.724437517999999891e-01
6.987499999999999822e+00 -1.724939202999999921e-01
6.990000000000000213e+00 -1.723211162999999935e-01
6.992499999999999716e+00 -1.727904996999999887e-01
6.995000000000000107e+00 -1.726542566000000001e-01
6.997499999999999609e+00 -1.727295490999999905e-01
7.000000000000000000e+00 -1.725865658999999885e-01
7.002500000000000391e+00 -1.731084336000000001e-01
7.004999999999999893e+00 -1.725201292999999914e-01
7.007500000000000284e+00 -1.730980834999999995e-01
7.009999999999999787e+00 -1.730806010000000006e-01
7.012500000000000178e+00 -1.731811015999999981e-01
7.014999999999999680e+00 -1.733218105999999870e-01
7.017500000000000071e+00 -1.732890072000000115e-01
7.019999999999999574e+00 -1.734287261000000135e-01
7.022499999999999964e+00 -1.735930948999999945e-01
7.025000000000000355e+00 -1.734198621999999967e-01
7.027499999999999858e+00 -1.735567084000000093e-01
7.030000000000000249e+00 -1.739634606999999888e-01
7.032499999999999751e+00 -1.740824386000000001e-01
7.035000000000000142e+00 -1.739395048000000055e-01
7.037499999999999645e+00 -1.741221859000000038e-01
7.040000000000000036e+00 -1.742218225000000120e-01
7.042500000000000426e+00 -1.738658596000000056e-01
7.044999999999999929e+00 -1.743921180000000126e-01
7.047500000000000320e+00 -1.743420848999999995e-01
7.049999999999999822e+00 -1.742387864999999925e-01
7.052500000000000213e+00 -1.745796645999999896e-01
7.054999999999999716e+00 -1.743325353000000077e-01
7.057500000000000107e+00 -1.747489601999999975e-01
7.059999999999999609e+00 -1.748794760000000059e-01
7.062500000000000000e+00 -1.746127671999999909e-01
7.065000000000000391e+00 -1.751567813999999890e-01
7.067499999999999893e+00 -1.750615272999999916e-01
7.070000000000000284e+00 -1.751787921999999886e-01
7.072499999999999787e+00 -1.749668356000000091e-01
7.075000000000000178e+00 -1.753009630000000041e-01
7.077499999999999680e+00 -1.753338258000000094e-01
7.080000000000000071e+00 -1.756966188000000095e-01
7.082499999999999574e+00 -1.756447620000000098e-01
7.084999999999999964e+00 -1.756966432000000022e-01
7.087500000000000355e+00 -1.757537198000000134e-01
7.089999999999999858e+00 -1.759124713000000118e-01
7.092500000000000249e+00 -1.758783784999999877e-01
7.094999999999999751e+00 -1.759505973000000112e-01
7.097500000000000142e+00 -1.759849971999999929e-01
7.099999999999999645e+00 -1.760431701000000071e-01
7.102500000000000036e+00 -1.763507260999999937e-01
7.105000000000000426e+00 -1.762356828999999958e-01
7.107499999999999929e+00 -1.761517277999999909e-01
7.110000000000000320e+00 -1.765370316000000050e-01
7.112499999999999822e+00 -1.764889879000000050e-01
7.115000000000000213e+00 -1.766308232999999894e-01
7.117499999999999716e+00 -1.765675500999999981e-01
7.120000000000000107e+00 -1.771405464999999957e-01
7.122499999999999609e+00 -1.768657577999999952e-01
7.125000000000000000e+00 -1.767859220999999925e-01
7.127500000000000391e+00 -1.771964772000000077e-01
7.129999999999999893e+00 -1.769864932999999918e-01
7.132500000000000284e+00 -1.772730198999999951e-01
7.134999999999999787e+00 -1.776276897000000077e-01
7.137500000000000178e+00 -1.771918587000000100e-01
7.139999999999999680e+00 -1.774173129000000126e-01
7.142500000000000071e+00 -1.777231478000000087e-01
7.144999999999999574e+00 -1.778517102000000127e-01
7.147499999999999964e+00 -1.777334328000000074e-01
7.150000000000000355e+00 -1.780887049000000055e-01
7.152499999999999858e+00 -1.778322281999999976e-01
7.155000000000000249e+00 -1.777530858999999963e-01
7.157499999999999751e+00 -1.784708369999999933e-01
7.160000000000000142e+00 -1.783495918999999930e-01
7.162499999999999645e+00 -1.784641748999999944e-01
7.165000000000000036e+00 -1.785103916999999929e-01
7.167500000000000426e+00 -1.782768986999999916e-01
7.169999999999999929e+00 -1.790935751999999936e-01
7.172500000000000320e+00 -1.784840048000000123e-01
7.174999999999999822e+00 -1.784809793000000089e-01
7.177500000000000213e+00 -1.789544885999999890e-01
7.179999999999999716e+00 -1.786273099000000031e-01
7.182500000000000107e+00 -1.790481590999999928e-01
7.184999999999999609e+00 -1.793315129999999979e-01
7.187500000000000000e+00 -1.793848386000000128e-01
7.190000000000000391e+00 -1.792347405999999976e-01
7.192499999999999893e+00 -1.795414724000000128e-01
7.195000000000000284e+00 -1.796359281000000085e-01
7.197499999999999787e+00 -1.796084864999999975e-01
7.200000000000000178e+00 -1.796248758000000001e-01
7.202499999999999680e+00 -1.797538392999999957e-01
7.205000000000000071e+00 -1.799843197999999866e-01
7.207499999999999574e+00 -1.798096818999999902e-01
7.209999999999999964e+00 -1.802094364000000060e-01
7.212500000000000355e+00 -1.803037727000000034e-01
7.214999999999999858e+00 -1.806190913999999870e-01
7.217500000000000249e+00 -1.802698010000000073e-01
7.219999999999999751e+00 -1.803693650000000037e-01
7.222500000000000142e+00 -1.803640512999999945e-01
7.224999999999999645e+00 -1.807167483999999880e-01
7.227500000000000036e+00 -1.808649287000000105e-01
7.230000000000000426e+00 -1.808059679000000031e-01
7.232499999999999929e+00 -1.808041870000000051e-01
7.235000000000000320e+00 -1.810847129000000000e-01
7.237499999999999822e+00 -1.809960549000000085e-01
7.240000000000000213e+00 -1.811354644000000014e-01
7.242499999999999716e+00 -1.813379304999999941e-01
7.245000000000000107e+00 -1.812944441000000073e-01
7.247499999999999609e+00 -1.813805441999999934e-01
7.250000000000000000e+00 -1.816764476999999933e-01
7.252500000000000391e+00 -1.818882582999999942e-01
7.254999999999999893e+00 -1.818570448999999867e-01
7.257500000000000284e+00 -1.820647458000000107e-01
7.259999999999999787e+00 -1.819492194000000007e-01
7.262500000000000178e+00 -1.823880012000000106e-01
7.264999999999999680e+00 -1.825257563000000083e-01
7.267500000000000071e+00 -1.820919189000000105e-01
7.269999999999999574e+00 -1.822955374999999933e-01
7.272499999999999964e+00 -1.825717148999999873e-01
7.275000000000000355e+00 -1.827006962000000123e-01
7.277499999999999858e+00 -1.826120974000000063e-01
7.280000000000000249e+00 -1.831885077000000028e-01
7.282499999999999751e+00 -1.827140495000000031e-01
7.285000000000000142e+00 -1.829675959000000018e-01
7.287499999999999645e+00 -1.833582770999999945e-01
7.290000000000000036e+00 -1.835806684999999883e-01
7.292500000000000426e+00 -1.835329606999999974e-01
7.294999999999999929e+00 -1.832625280999999884e-01
7.297500000000000320e+00 -1.836878422999999871e-01
7.299999999999999822e+00 -1.833850086999999907e-01
7.302500000000000213e+00 -1.835187429000000037e-01
7.304999999999999716e+00 -1.837747144999999915e-01
7.307500000000000107e+00 -1.837213447000000111e-01
7.309999999999999609e+00 -1.842920600000000075e-01
7.312500000000000000e+00 -1.843096273000000007e-01
7.315000000000000391e+00 -1.842662294999999895e-01
7.317499999999999893e+00 -1.842594422999999926e-01
7.320000000000000284e+00 -1.844257653999999969e-01
7.322499999999999787e+00 -1.846455733000000043e-01
7.325000000000000178e+00 -1.843133879999999947e-01
7.327499999999999680e+00 -1.847143405999999988e-01
7.330000000000000071e+00 -1.847995802999999881e-01
7.332499999999999574e+00 -1.845942516000000089e-01
7.334999999999999964e+00 -1.849862384000000026e-01
7.337500000000000355e+00 -1.850883730000000005e-01
7.339999999999999858e+00 -1.852416319999999894e-01
7.342500000000000249e+00 -1.853672321000000012e-01
7.344999999999999751e+00 -1.855865231999999920e-01
7.347500000000000142e+00 -1.855397051999999880e-01
7.349999999999999645e+00 -1.853015024999999927e-01
7.352500000000000036e+00 -1.859307997999999906e-01
7.355000000000000426e+00 -1.855437185999999905e-01
7.357499999999999929e+00 -1.858361886000000074e-01
7.360000000000000320e+00 -1.859803943999999987e-01
7.362499999999999822e+00 -1.861842978000000093e-01
7.365000000000000213e+00 -1.863284107000000023e-01
7.367499999999999716e+00 -1.862002771999999862e-01
7.370000000000000107e+00 -1.863348431999999888e-01
7.372499999999999609e+00 -1.863281793999999880e-01
7.375000000000000000e+00 -1.866186488999999893e-01
7.377500000000000391e+00 -1.867989777999999879e-01
7.379999999999999893e+00 -1.866499994999999967e-01
7.382500000000000284e+00 -1.872986708999999916e-01
7.384999999999999787e+00 -1.866129606999999968e-01
7.387500000000000178e+00 -1.873431737000000041e-01
7.389999999999999680e+00 -1.874833760000000071e-01
7.392500000000000071e+00 -1.876261335999999946e-01
7.394999999999999574e+00 -1.875855670999999891e-01
7.397499999999999964e+00 -1.876594055999999955e-01
7.400000000000000355e+00 -1.878628112000000072e-01
7.402499999999999858e+00 -1.879307886000000094e-01
7.405000000000000249e+00 -1.877401334999999893e-01
7.407499999999999751e+00 -1.880114931000000100e-01
7.410000000000000142e+00 -1.880578089999999924e-01
7.412499999999999645e+00 -1.879633792000000025e-01
7.415000000000000036e+00 -1.882146047000000100e-01
7.417500000000000426e+00 -1.882172323000000091e-01
7.419999999999999929e+00 -1.882115725999999878e-01
7.422500000000000320e+00 -1.884799081999999903e-01
7.424999999999999822e+00 -1.887576722000000040e-01
7.427500000000000213e+00 -1.888778648999999976e-01
7.429999999999999716e+00 -1.888646576999999938e-01
7.432500000000000107e+00 -1.888769044999999980e-01
7.434999999999999609e+00 -1.894625095999999953e-01
7.437500000000000000e+00 -1.893133864000000055e-01
7.440000000000000391e+00 -1.893950426999999881e-01
7.442499999999999893e+00 -1.893625419999999948e-01
7.445000000000000284e+00 -1.897181682999999897e-01
7.447499999999999787e+00 -1.899962934999999964e-01
7.450000000000000178e+00 -1.898803138999999862e-01
7.452499999999999680e+00 -1.898715980000000025e-01
7.455000000000000071e+00 -1.901134341999999866e-01
7.457499999999999574e+00 -1.902082381000000100e-01
7.459999999999999964e+00 -1.902042499000000109e-01
7.462500000000000355e+00 -1.902087967999999962e-01
7.464999999999999858e+00 -1.903832437000000100e-01
7.467500000000000249e+00 -1.906773689000000049e-01
7.469999999999999751e+00 -1.908914932000000120e-01
7.472500000000000142e+00 -1.908868870000000051e-01
7.474999999999999645e+00 -1.909109333000000019e-01
7.477500000000000036e+00 -1.911535092999999963e-01
7.480000000000000426e+00 -1.914079884000000065e-01
7.482499999999999929e+00 -1.915448643999999867e-01
7.485000000000000320e+00 -1.915813663000000000e-01
7.487499999999999822e+00 -1.914749933000000071e-01
7.490000000000000213e+00 -1.919737660999999984e-01
7.492499999999999716e+00 -1.915490079999999928e-01
7.495000000000000107e+00 -1.916733355999999944e-01
7.497499999999999609e+00 -1.920128345999999875e-01
7.500000000000000000e+00 -1.925334290999999864e-01
7.502500000000000391e+00 -1.919135190000000046e-01
7.504999999999999893e+00 -1.926192124999999977e-01
7.507500000000000284e+00 -1.924544599000000134e-01
7.509999999999999787e+00 -1.926747312000000045e-01
7.512500000000000178e+00 -1.927741213999999981e-01
7.514999999999999680e+00 -1.929439407000000106e-01
7.517500000000000071e+00 -1.927513509000000069e-01
7.519999999999999574e+00 -1.933178429000000087e-01
7.522499999999999964e+00 -1.931882564999999885e-01
7.525000000000000355e+00 -1.933239716000000052e-01
7.527499999999999858e+00 -1.936279307999999866e-01
7.530000000000000249e+00 -1.937824968999999897e-01
7.532499999999999751e+00 -1.934967578000000021e-01
7.535000000000000142e+00 -1.937339874000000017e-01
7.537499999999999645e+00 -1.937258855000000002e-01
7.540000000000000036e+00 -1.935728077999999963e-01
7.542500000000000426e+00 -1.937300556999999868e-01
7.544999999999999929e+00 -1.939510090999999881e-01
7.547500000000000320e+00 -1.943584875999999906e-01
7.549999999999999822e+00 -1.947049680999999866e-01
7.552500000000000213e+00 -1.944151142999999970e-01
7.554999999999999716e+00 -1.944627080000000119e-01
7.557500000000000107e+00 -1.947713238999999874e-01
7.559999999999999609e+00 -1.948143650999999976e-01
7.562500000000000000e+00 -1.948829508999999904e-01
7.565000000000000391e+00 -1.949265457000000090e-01
7.567499999999999893e+00 -1.950101697999999939e-01
7.570000000000000284e+00 -1.957249755999999896e-01
7.572499999999999787e+00 -1.949823252000000007e-01
7.575000000000000178e+00 -1.957771702999999974e-01
7.577499999999999680e+00 -1.957086037000000112e-01
7.580000000000000071e+00 -1.956637891999999934e-01
7.582499999999999574e+00 -1.959361819999999865e-01
7.584999999999999964e+00 -1.958474845000000020e-01
7.587500000000000355e+00 -1.962295619999999963e-01
7.589999999999999858e+00 -1.964087942999999947e-01
7.592500000000000249e+00 -1.965102306000000021e-01
7.594999999999999751e+00 -1.963642804000000075e-01
7.597500000000000142e+00 -1.965483181999999884e-01
7.599999999999999645e+00 -1.965422467999999867e-01
7.602500000000000036e+00 -1.970134309999999889e-01
7.605000000000000426e+00 -1.968752071000000048e-01
7.607499999999999929e+00 -1.969130941999999995e-01
7.610000000000000320e+00 -1.969489835000000078e-01
7.612499999999999822e+00 -1.971618622000000098e-01
7.615000000000000213e+00 -1.972337667999999877e-01
7.617499999999999716e+00 -1.973931499999999895e-01
7.620000000000000107e+00 -1.980782370999999986e-01
7.622499999999999609e+00 -1.973950111999999979e-01
7.625000000000000000e+00 -1.978532326999999924e-01
7.627500000000000391e+00 -1.980414658999999911e-01
7.629999999999999893e+00 -1.986184987000000068e-01
7.632500000000000284e+00 -1.985212358000000010e-01
7.634999999999999787e+00 -1.985367482000000017e-01
7.637500000000000178e+00 -1.989748158000000100e-01
7.639999999999999680e+00 -1.986831389000000003e-01
7.642500000000000071e+00 -1.985050096000000042e-01
7.644999999999999574e+00 -1.992726786000000028e-01
7.647499999999999964e+00 -1.992480380999999967e-01
7.650000000000000355e+00 -1.991446087000000031e-01
7.652499999999999858e+00 -1.994003352000000007e-01
7.655000000000000249e+00 -1.994674133000000071e-01
7.657499999999999751e+00 -1.995042707999999942e-01
7.660000000000000142e+00 -1.995913341999999979e-01
7.662499999999999645e+00 -1.998981015999999888e-01
7.665000000000000036e+00 -2.000428791999999956e-01
7.667500000000000426e+00 -2.001931405000000053e-01
7.669999999999999929e+00 -2.002423812999999941e-01
7.672500000000000320e+00 -2.000415536000000050e-01
7.674999999999999822e+00 -2.005760250999999994e-01
7.677500000000000213e+00 -2.005835502999999964e-01
7.679999999999999716e+00 -2.008474762000000136e-01
7.682500000000000107e+00 -2.007510275999999927e-01
7.684999999999999609e+00 -2.009460906999999963e-01
7.687500000000000000e+00 -2.009647055000000071e-01
7.690000000000000391e+00 -2.012535323000000098e-01
7.692499999999999893e+00 -2.014149269000000131e-01
7.695000000000000284e+00 -2.015883585999999894e-01
7.697499999999999787e+00 -2.016363992000000105e-01
7.700000000000000178e+00 -2.017969173999999977e-01
7.702499999999999680e+00 -2.019687067000000003e-01
7.705000000000000071e+00 -2.019805034999999915e-01
7.707499999999999574e+00 -2.023736166000000003e-01
7.709999999999999964e+00 -2.024895576999999891e-01
7.712500000000000355e+00 -2.021432756000000053e-01
7.714999999999999858e+00 -2.026668846999999940e-01
7.717500000000000249e+00 -2.028025546999999984e-01
7.719999999999999751e+00 -2.026818459999999988e-01
7.722500000000000142e+00 -2.029151740000000037e-01
7.724999999999999645e+00 -2.025858932000000057e-01
7.727500000000000036e+00 -2.035475136000000074e-01
7.730000000000000426e+00 -2.033816784999999960e-01
7.732499999999999929e+00 -2.032165724999999978e-01
7.735000000000000320e+00 -2.034375977000000002e-01
7.737499999999999822e+00 -2.037888559999999905e-01
7.740000000000000213e+00 -2.037936056999999912e-01
7.742499999999999716e+00 -2.035920907999999863e-01
7.745000000000000107e+00 -2.039343609000000002e-01
7.747499999999999609e+00 -2.042565420000000131e-01
7.750000000000000000e+00 -2.043187039999999899e-01
7.752500000000000391e+00 -2.043287521000000106e-01
7.754999999999999893e+00 -2.049045060999999945e-01
7.757500000000000284e+00 -2.044964694999999999e-01
7.759999999999999787e+00 -2.048692634000000012e-01
7.762500000000000178e+00 -2.053355333000000116e-01
7.764999999999999680e+00 -2.048688039999999877e-01
7.767500000000000071e+00 -2.057477235999999876e-01
7.769999999999999574e+00 -2.054155380999999891e-01
7.772499999999999964e+00 -2.054773864999999977e-01
7.775000000000000355e+00 -2.056752054000000052e-01
7.777499999999999858e+00 -2.062028119000000048e-01
7.780000000000000249e+00 -2.058829332000000067e-01
7.782499999999999751e+00 -2.064806623999999868e-01
7.785000000000000142e+00 -2.061779224999999993e-01
7.787499999999999645e+00 -2.066817041000000021e-01
7.790000000000000036e+00 -2.066957802999999927e-01
7.792500000000000426e+00 -2.068871791999999932e-01
7.794999999999999929e+00 -2.070929552999999923e-01
7.797500000000000320e+00 -2.070423440999999976e-01
7.799999999999999822e+00 -2.073953409000000025e-01
7.802500000000000213e+00 -2.073326812999999880e-01
7.804999999999999716e+00 -2.075914480999999923e-01
7.807500000000000107e+00 -2.071983149000000135e-01
7.809999999999999609e+00 -2.075899237000000119e-01
7.812500000000000000e+00 -2.078584823999999887e-01
7.815000000000000391e+00 -2.077174471999999883e-01
7.817499999999999893e+00 -2.079678708999999903e-01
7.820000000000000284e+00 -2.085786394999999960e-01
7.822499999999999787e+00 -2.081699488000000042e-01
7.825000000000000178e+00 -2.084178020999999936e-01
7.827499999999999680e+00 -2.088019248999999911e-01
7.830000000000000071e+00 -2.090484586999999950e-01
7.832499999999999574e+00 -2.092609561999999868e-01
7.834999999999999964e+00 -2.090197460999999868e-01
7.837500000000000355e+00 -2.094353255999999996e-01
7.839999999999999858e+00 -2.096008706999999971e-01
7.842500000000000249e+00 -2.094134904000000130e-01
7.844999999999999751e+00 -2.095300015999999876e-01
7.847500000000000142e+00 -2.097554803999999995e-01
7.849999999999999645e+00 -2.099429911000000037e-01
7.852500000000000036e+00 -2.100895553000000082e-01
7.855000000000000426e+00 -2.100819411000000025e-01
7.857499999999999929e+00 -2.104394819000000028e-01
7.860000000000000320e+00 -2.104910557000000126e-01
7.862499999999999822e+00 -2.106896191000000029e-01
7.865000000000000213e+00 -2.106434236999999987e-01
7.867499999999999716e+00 -2.109156144000000066e-01
7.870000000000000107e+00 -2.110793165000000027e-01
7.872499999999999609e+00 -2.108901350999999869e-01
7.875000000000000000e+00 -2.115985808999999995e-01
7.877500000000000391e+00 -2.113923480000000077e-01
7.879999999999999893e+00 -2.114498154999999990e-01
7.882500000000000284e+00 -2.116159894999999902e-01
7.884999999999999787e+00 -2.116700025999999901e-01
7.887500000000000178e+00 -2.119174719999999956e-01
7.889999999999999680e+00 -2.122945115000000049e-01
7.892500000000000071e+00 -2.123040391999999887e-01
7.894999999999999574e+00 -2.128251331999999885e-01
7.897499999999999964e+00 -2.131512155999999991e-01
7.900000000000000355e+00 -2.126252988000000010e-01
7.902499999999999858e+00 -2.129648296999999968e-01
7.905000000000000249e+00 -2.131249326000000111e-01
7.907499999999999751e+00 -2.129665568999999925e-01
7.910000000000000142e+00 -2.134070865000000095e-01
7.912499999999999645e+00 -2.132574033999999896e-01
7.915000000000000036e+00 -2.134595082999999893e-01
7.917500000000000426e+00 -2.137943221999999976e-01
7.919999999999999929e+00 -2.139972277999999950e-01
7.922500000000000320e+00 -2.141251041999999993e-01
7.924999999999999822e+00 -2.142040443999999877e-01
7.927500000000000213e+00 -2.141219158000000067e-01
7.929999999999999716e+00 -2.147344522999999894e-01
7.932500000000000107e+00 -2.148689055999999931e-01
7.934999999999999609e+00 -2.150972962000000099e-01
7.937500000000000000e+00 -2.149838628999999890e-01
7.940000000000000391e+00 -2.151502298999999896e-01
7.942499999999999893e+00 -2.152468657000000118e-01
7.945000000000000284e+00 -2.156836181000000019e-01
7.947499999999999787e+00 -2.156711164000000014e-01
7.950000000000000178e+00 -2.159486496999999949e-01
7.952499999999999680e+00 -2.164873918999999924e-01
7.955000000000000071e+00 -2.159083316000000030e-01
7.957499999999999574e+00 -2.161848789999999965e-01
7.959999999999999964e+00 -2.163669249999999877e-01
7.962500000000000355e+00 -2.166652048000000108e-01
7.964999999999999858e+00 -2.164322861999999903e-01
7.967500000000000249e+00 -2.168589733999999880e-01
7.969999999999999751e+00 -2.167921072000000005e-01
7.972500000000000142e+00 -2.169757039999999915e-01
7.974999999999999645e+00 -2.172342616999999865e-01
7.977500000000000036e+00 -2.177154467000000093e-01
7.980000000000000426e+00 -2.175023349000000106e-01
7.982499999999999929e+00 -2.180853668999999939e-01
7.985000000000000320e+00 -2.178047993999999987e-01
7.987499999999999822e+00 -2.179267162000000091e-01
7.990000000000000213e+00 -2.183451040999999926e-01
7.992499999999999716e+00 -2.185575600999999923e-01
7.995000000000000107e+00 -2.183492646000000093e-01
7.997499999999999609e+00 -2.186508577999999869e-01
8.000000000000000000e+00 -2.185828928000000115e-01
8.002499999999999503e+00 -2.189111773999999899e-01
8.005000000000000782e+00 -2.192802343999999959e-01
8.007500000000000284e+00 -2.193971181999999909e-01
8.009999999999999787e+00 -2.194453161000000097e-01
8.012499999999999289e+00 -2.195684189000000064e-01
8.015000000000000568e+00 -2.198711428000000023e-01
8.017500000000000071e+00 -2.203973012000000065e-01
8.019999999999999574e+00 -2.204468481999999896e-01
8.022500000000000853e+00 -2.203426693999999963e-01
8.025000000000000355e+00 -2.205036129999999872e-01
8.027499999999999858e+00 -2.207146852999999909e-01
8.029999999999999361e+00 -2.208498192999999998e-01
8.032500000000000639e+00 -2.210826274000000091e-01
8.035000000000000142e+00 -2.213487714000000051e-01
8.037499999999999645e+00 -2.212477512999999896e-01
8.039999999999999147e+00 -2.215218948000000077e-01
8.042500000000000426e+00 -2.213279740000000106e-01
8.044999999999999929e+00 -2.217010644000000086e-01
8.047499999999999432e+00 -2.218274886999999918e-01
8.050000000000000711e+00 -2.220999328000000106e-01
8.052500000000000213e+00 -2.219515589999999927e-01
8.054999999999999716e+00 -2.220999600000000129e-01
8.057499999999999218e+00 -2.229535451999999918e-01
8.060000000000000497e+00 -2.230838898999999986e-01
8.062500000000000000e+00 -2.229342199000000080e-01
8.064999999999999503e+00 -2.229174583999999903e-01
8.067500000000000782e+00 -2.230478848000000125e-01
8.070000000000000284e+00 -2.236325785999999927e-01
8.072499999999999787e+00 -2.236551767000000135e-01
8.074999999999999289e+00 -2.235111371999999874e-01
8.077500000000000568e+00 -2.239784712000000011e-01
8.080000000000000071e+00 -2.239574133999999994e-01
8.082499999999999574e+00 -2.243885455999999889e-01
8.085000000000000853e+00 -2.244921495999999961e-01
8.087500000000000355e+00 -2.246815721000000043e-01
8.089999999999999858e+00 -2.246137963000000015e-01
8.092499999999999361e+00 -2.252399928000000107e-01
8.095000000000000639e+00 -2.250902399999999970e-01
8.097500000000000142e+00 -2.248703803999999862e-01
8.099999999999999645e+00 -2.258188748000000134e-01
8.102499999999999147e+00 -2.256335331000000055e-01
8.105000000000000426e+00 -2.257397747999999871e-01
8.107499999999999929e+00 -2.259280012000000060e-01
8.109999999999999432e+00 -2.261385156000000063e-01
8.112500000000000711e+00 -2.261222542999999918e-01
8.115000000000000213e+00 -2.262334116999999978e-01
8.117499999999999716e+00 -2.266742844999999895e-01
8.119999999999999218e+00 -2.265365739999999906e-01
8.122500000000000497e+00 -2.269598451000000017e-01
8.125000000000000000e+00 -2.271478278000000073e-01
8.127499999999999503e+00 -2.274781573999999917e-01
8.130000000000000782e+00 -2.272899217999999888e-01
8.132500000000000284e+00 -2.277977079999999876e-01
8.134999999999999787e+00 -2.277938408999999886e-01
8.137499999999999289e+00 -2.278608833000000111e-01
8.140000000000000568e+00 -2.280117419999999895e-01
8.142500000000000071e+00 -2.280471910999999907e-01
8.144999999999999574e+00 -2.284158125999999900e-01
8.147500000000000853e+00 -2.285377453000000114e-01
8.150000000000000355e+00 -2.291846808999999929e-01
8.152499999999999858e+00 -2.291087612000000107e-01
8.154999999999999361e+00 -2.289052880999999928e-01
8.157500000000000639e+00 -2.294008184999999922e-01
8.160000000000000142e+00 -2.297929273000000050e-01
8.162499999999999645e+00 -2.296538673999999891e-01
8.164999999999999147e+00 -2.300468809000000003e-01
8.167500000000000426e+00 -2.298592111999999965e-01
8.169999999999999929e+00 -2.300159193999999907e-01
8.172499999999999432e+00 -2.303575945000000125e-01
8.175000000000000711e+00 -2.308810527000000057e-01
8.177500000000000213e+00 -2.308849041000000102e-01
8.179999999999999716e+00 -2.309880867000000115e-01
8.182499999999999218e+00 -2.311019294999999973e-01
8.185000000000000497e+00 -2.312172606000000019e-01
8.187500000000000000e+00 -2.315601998000000050e-01
8.189999999999999503e+00 -2.316090946999999900e-01
8.192500000000000782e+00 -2.319712211999999940e-01
8.195000000000000284e+00 -2.324583396000000080e-01
8.197499999999999787e+00 -2.321765003000000049e-01
8.199999999999999289e+00 -2.320308030000000077e-01
8.202500000000000568e+00 -2.324565036000000029e-01
8.205000000000000071e+00 -2.326466551999999965e-01
8.207499999999999574e+00 -2.329288918999999902e-01
8.210000000000000853e+00 -2.329944315999999960e-01
8.212500000000000355e+00 -2.333827038000000076e-01
8.214999999999999858e+00 -2.330369482999999908e-01
8.217499999999999361e+00 -2.336974810000000125e-01
8.220000000000000639e+00 -2.339108280999999956e-01
8.222500000000000142e+00 -2.341686515999999996e-01
8.224999999999999645e+00 -2.346263872999999889e-01
8.227499999999999147e+00 -2.341761930000000047e-01
8.230000000000000426e+00 -2.345067543000000088e-01
8.232499999999999929e+00 -2.347183811000000120e-01
8.234999999999999432e+00 -2.349859991999999898e-01
8.237500000000000711e+00 -2.351919332999999890e-01
8.240000000000000213e+00 -2.356706191999999866e-01
8.242499999999999716e+00 -2.355062765000000002e-01
8.244999999999999218e+00 -2.356548280999999911e-01
8.247500000000000497e+00 -2.354853228000000076e-01
8.250000000000000000e+00 -2.362369584000000022e-01
8.252499999999999503e+00 -2.362233242000000011e-01
8.255000000000000782e+00 -2.364866603000000123e-01
8.257500000000000284e+00 -2.366293868000000078e-01
8.259999999999999787e+00 -2.364916608000000031e-01
8.262499999999999289e+00 -2.371501172999999907e-01
8.265000000000000568e+00 -2.371411663999999919e-01
8.267500000000000071e+00 -2.372396831999999955e-01
8.269999999999999574e+00 -2.378986754000000092e-01
8.272500000000000853e+00 -2.377860172000000050e-01
8.275000000000000355e+00 -2.379263967999999951e-01
8.277499999999999858e+00 -2.383799838000000004e-01
8.279999999999999361e+00 -2.383658304999999866e-01
8.282500000000000639e+00 -2.380576430999999937e-01
8.285000000000000142e+00 -2.387930520999999862e-01
8.287499999999999645e+00 -2.391450445999999952e-01
8.289999999999999147e+00 -2.388385762000000134e-01
8.292500000000000426e+00 -2.394656161000000005e-01
8.294999999999999929e+00 -2.393989585999999892e-01
8.297499999999999432e+00 -2.395592968999999961e-01
8.300000000000000711e+00 -2.396317638000000083e-01
8.302500000000000213e+00 -2.399370631999999948e-01
8.304999999999999716e+00 -2.399534466999999893e-01
8.307499999999999218e+00 -2.402994494000000036e-01
8.310000000000000497e+00 -2.405060381999999941e-01
8.312500000000000000e+00 -2.406371888000000125e-01
8.314999999999999503e+00 -2.413600067999999987e-01
8.317500000000000782e+00 -2.407202230999999915e-01
8.320000000000000284e+00 -2.412604136000000010e-01
8.322499999999999787e+00 -2.416748952999999978e-01
8.324999999999999289e+00 -2.418779399000000052e-01
8.327500000000000568e+00 -2.420644395000000060e-01
8.330000000000000071e+00 -2.417796841000000030e-01
8.332499999999999574e+00 -2.422795769999999960e-01
8.335000000000000853e+00 -2.423527199999999937e-01
8.337500000000000355e+00 -2.429347944999999953e-01
8.339999999999999858e+00 -2.433309731999999947e-01
8.342499999999999361e+00 -2.430063650000000020e-01
8.345000000000000639e+00 -2.434483004000000117e-01
8.347500000000000142e+00 -2.436702477000000089e-01
8.349999999999999645e+00 -2.435218311000000024e-01
8.352499999999999147e+00 -2.438530097000000119e-01
8.355000000000000426e+00 -2.440735267999999958e-01
8.357499999999999929e+00 -2.442046026999999953e-01
8.359999999999999432e+00 -2.445025620000000066e-01
8.362500000000000711e+00 -2.445433609000000064e-01
8.365000000000000213e+00 -2.452140016000000089e-01
8.367499999999999716e+00 -2.449244167999999888e-01
8.369999999999999218e+00 -2.454828115999999893e-01
8.372500000000000497e+00 -2.456613494000000064e-01
8.375000000000000000e+00 -2.454410797000000088e-01
8.377499999999999503e+00 -2.461626835999999874e-01
8.380000000000000782e+00 -2.463612461999999947e-01
8.382500000000000284e+00 -2.465651587999999894e-01
8.384999999999999787e+00 -2.466147607999999991e-01
8.387499999999999289e+00 -2.466524599999999900e-01
8.390000000000000568e+00 -2.467266090000000134e-01
8.392500000000000071e+00 -2.471801007999999966e-01
8.394999999999999574e+00 -2.470145179000000080e-01
8.397500000000000853e+00 -2.474721655999999881e-01
8.400000000000000355e+00 -2.475856557999999985e-01
8.402499999999999858e+00 -2.477404370000000078e-01
8.404999999999999361e+00 -2.479571486000000102e-01
8.407500000000000639e+00 -2.482065105000000049e-01
8.410000000000000142e+00 -2.483662319000000118e-01
8.412499999999999645e+00 -2.487357970999999890e-01
8.414999999999999147e+00 -2.490923703000000045e-01
8.417500000000000426e+00 -2.490794403999999906e-01
8.419999999999999929e+00 -2.499008848000000005e-01
8.422499999999999432e+00 -2.494463274000000008e-01
8.425000000000000711e+00 -2.497727882000000121e-01
8.427500000000000213e+00 -2.500267130000000115e-01
8.429999999999999716e+00 -2.500114424000000057e-01
8.432499999999999218e+00 -2.502407361000000274e-01
8.435000000000000497e+00 -2.509288473999999880e-01
8.437500000000000000e+00 -2.512007812000000007e-01
8.439999999999999503e+00 -2.514489582000000167e-01
8.442500000000000782e+00 -2.515728072999999787e-01
8.445000000000000284e+00 -2.511541521999999804e-01
8.447499999999999787e+00 -2.516465387999999859e-01
8.449999999999999289e+00 -2.518658939999999791e-01
8.452500000000000568e+00 -2.525485645000000168e-01
8.455000000000000071e+00 -2.527012554999999994e-01
8.457499999999999574e+00 -2.522357934000000190e-01
8.460000000000000853e+00 -2.525963327999999897e-01
8.462500000000000355e+00 -2.529397902000000142e-01
8.464999999999999858e+00 -2.531516102999999962e-01
8.467499999999999361e+00 -2.536784193000000132e-01
8.470000000000000639e+00 -2.538535424999999734e-01
8.472500000000000142e+00 -2.538295018000000236e-01
8.474999999999999645e+00 -2.540365426000000260e-01
8.477499999999999147e+00 -2.544276214000000258e-01
8.480000000000000426e+00 -2.546004827000000192e-01
8.482499999999999929e+00 -2.547014537000000245e-01
8.484999999999999432e+00 -2.548382797000000033e-01
8.487500000000000711e+00 -2.550210113999999972e-01
8.490000000000000213e+00 -2.557612365999999970e-01
8.492499999999999716e+00 -2.555359067999999900e-01
8.494999999999999218e+00 -2.560381775000000193e-01
8.497500000000000497e+00 -2.559143351000000011e-01
8.500000000000000000e+00 -2.560231203000000177e-01
8.502499999999999503e+00 -2.566545748999999876e-01
8.505000000000000782e+00 -2.566502013999999998e-01
8.507500000000000284e+00 -2.573658594000000077e-01
8.509999999999999787e+00 -2.571651736000000188e-01
8.512499999999999289e+00 -2.566240687999999937e-01
8.515000000000000568e+00 -2.576847542999999852e-01
8.517500000000000071e+00 -2.582005934000000114e-01
8.519999999999999574e+00 -2.584660947999999903e-01
8.522500000000000853e+00 -2.580913599999999919e-01
8.525000000000000355e+00 -2.580482439999999822e-01
8.527499999999999858e+00 -2.584178274000000219e-01
8.529999999999999361e+00 -2.589864485000000216e-01
8.532500000000000639e+00 -2.590159199000000023e-01
8.535000000000000142e+00 -2.596992912000000153e-01
8.537499999999999645e+00 -2.597166180000000102e-01
8.539999999999999147e+00 -2.601330539999999747e-01
8.542500000000000426e+00 -2.601665120000000164e-01
8.544999999999999929e+00 -2.603677819999999921e-01
8.547499999999999432e+00 -2.600384478000000166e-01
8.550000000000000711e+00 -2.613519082999999910e-01
8.552500000000000213e+00 -2.609182180999999878e-01
8.554999999999999716e+00 -2.614952610999999871e-01
8.557499999999999218e+00 -2.610677539999999852e-01
8.560000000000000497e+00 -2.619136948999999936e-01
8.562500000000000000e+00 -2.618947152000000167e-01
8.564999999999999503e+00 -2.623025335999999985e-01
8.567500000000000782e+00 -2.625782783999999759e-01
8.570000000000000284e+00 -2.625043116999999926e-01
8.572499999999999787e+00 -2.627763906000000205e-01
8.574999999999999289e+00 -2.630517229000000068e-01
8.577500000000000568e+00 -2.631218594999999993e-01
8.580000000000000071e+00 -2.637788798999999851e-01
8.582499999999999574e+00 -2.636004906000000148e-01
8.585000000000000853e+00 -2.638323154000000170e-01
8.587500000000000355e+00 -2.644300243000000106e-01
8.589999999999999858e+00 -2.643868206000000165e-01
8.592499999999999361e+00 -2.643515072000000021e-01
8.595000000000000639e+00 -2.650094293999999961e-01
8.597500000000000142e+00 -2.654532569999999980e-01
8.599999999999999645e+00 -2.653371016000000138e-01
8.602499999999999147e+00 -2.656855953000000214e-01
8.605000000000000426e+00 -2.655770572999999746e-01
8.607499999999999929e+00 -2.661899417999999962e-01
8.609999999999999432e+00 -2.657006970999999940e-01
8.612500000000000711e+00 -2.664438728999999895e-01
8.615000000000000213e+00 -2.664682090000000114e-01
8.617499999999999716e+00 -2.671915469999999737e-01
8.619999999999999218e+00 -2.669558354000000078e-01
8.622500000000000497e+00 -2.677856564000000161e-01
8.625000000000000000e+00 -2.680190271999999818e-01
8.627499999999999503e+00 -2.680187947000000070e-01
8.630000000000000782e+00 -2.687709962000000008e-01
8.632500000000000284e+00 -2.680416022000000065e-01
8.634999999999999787e+00 -2.687838375000000113e-01
8.637499999999999289e+00 -2.689015844000000044e-01
8.640000000000000568e+00 -2.693540782000000133e-01
8.642500000000000071e+00 -2.696530109999999980e-01
8.644999999999999574e+00 -2.695372629000000186e-01
8.647500000000000853e+00 -2.702850404000000095e-01
8.650000000000000355e+00 -2.703148362000000193e-01
8.652499999999999858e+00 -2.707012549000000212e-01
8.654999999999999361e+00 -2.702510027999999731e-01
8.657500000000000639e+00 -2.710213482000000118e-01
8.660000000000000142e+00 -2.712783803000000105e-01
8.662499999999999645e+00 -2.712891264000000247e-01
8.664999999999999147e+00 -2.715662255999999886e-01
8.667500000000000426e+00 -2.717774926000000035e-01
8.669999999999999929e+00 -2.724442693999999943e-01
8.672499999999999432e+00 -2.727213192999999869e-01
8.675000000000000711e+00 -2.726446911000000028e-01
8.677500000000000213e+00 -2.729873009000000073e-01
8.679999999999999716e+00 -2.733839164999999904e-01
8.682499999999999218e+00 -2.734372818999999954e-01
8.685000000000000497e+00 -2.738154620000000095e-01
8.687500000000000000e+00 -2.743110738999999798e-01
8.689999999999999503e+00 -2.744894920000000016e-01
8.692500000000000782e+00 -2.741683403999999880e-01
8.695000000000000284e+00 -2.751012916999999725e-01
8.697499999999999787e+00 -2.749926471999999955e-01
8.699999999999999289e+00 -2.750883705000000123e-01
8.702500000000000568e+00 -2.752682451999999835e-01
8.705000000000000071e+00 -2.756234935999999913e-01
8.707499999999999574e+00 -2.761541355000000086e-01
8.710000000000000853e+00 -2.763609127000000165e-01
8.712500000000000355e+00 -2.768239506999999877e-01
8.714999999999999858e+00 -2.765240411000000065e-01
8.717499999999999361e+00 -2.771068280999999800e-01
8.720000000000000639e+00 -2.774081427999999794e-01
8.722500000000000142e+00 -2.778043050999999819e-01
8.724999999999999645e+00 -2.776311964000000021e-01
8.727499999999999147e+00 -2.779352124999999729e-01
8.730000000000000426e+00 -2.781508142999999933e-01
8.732499999999999929e+00 -2.786293680999999967e-01
8.734999999999999432e+00 -2.786285044999999849e-01
8.737500000000000711e+00 -2.793010825000000197e-01
8.740000000000000213e+00 -2.792047208999999808e-01
8.742499999999999716e+00 -2.793517372000000054e-01
8.744999999999999218e+00 -2.798664703000000031e-01
8.747500000000000497e+00 -2.801917932999999916e-01
8.750000000000000000e+00 -2.808535561000000125e-01
8.752499999999999503e+00 -2.806682019999999778e-01
8.755000000000000782e+00 -2.806838333000000185e-01
8.757500000000000284e+00 -2.809831823999999756e-01
8.759999999999999787e+00 -2.811280707000000101e-01
8.762499999999999289e+00 -2.815504799999999919e-01
8.765000000000000568e+00 -2.817819598999999897e-01
8.767500000000000071e+00 -2.819395362000000071e-01
8.769999999999999574e+00 -2.826530968000000033e-01
8.772500000000000853e+00 -2.827471496000000251e-01
8.775000000000000355e+00 -2.828650219000000132e-01
8.777499999999999858e+00 -2.832608005999999734e-01
8.779999999999999361e+00 -2.839436434000000009e-01
8.782500000000000639e+00 -2.837408771000000107e-01
8.785000000000000142e+00 -2.842101658000000253e-01
8.787499999999999645e+00 -2.845031879000000097e-01
8.789999999999999147e+00 -2.844091512999999960e-01
8.792500000000000426e+00 -2.849114602000000218e-01
8.794999999999999929e+00 -2.848945791999999977e-01
8.797499999999999432e+00 -2.857603049999999922e-01
8.800000000000000711e+00 -2.858393540999999982e-01
8.802500000000000213e+00 -2.863007161000000189e-01
8.804999999999999716e+00 -2.863533314999999746e-01
8.807499999999999218e+00 -2.859711803000000163e-01
8.810000000000000497e+00 -2.872369967000000246e-01
8.812500000000000000e+00 -2.867852659999999831e-01
8.814999999999999503e+00 -2.873609806999999905e-01
8.817500000000000782e+00 -2.875359423000000136e-01
8.820000000000000284e+00 -2.880214372000000078e-01
8.822499999999999787e+00 -2.883422286999999806e-01
8.824999999999999289e+00 -2.885493339999999907e-01
8.827500000000000568e+00 -2.888973644000000229e-01
8.830000000000000071e+00 -2.886911393000000103e-01
8.832499999999999574e+00 -2.895120771999999953e-01
8.835000000000000853e+00 -2.897747902000000209e-01
8.837500000000000355e+00 -2.897684714000000050e-01
8.839999999999999858e+00 -2.900493037999999912e-01
8.842499999999999361e+00 -2.903115749999999884e-01
8.845000000000000639e+00 -2.903755639999999749e-01
8.847500000000000142e+00 -2.910854997999999805e-01
8.849999999999999645e+00 -2.910968617999999952e-01
8.852499999999999147e+00 -2.915317868999999784e-01
8.855000000000000426e+00 -2.917085159000000205e-01
8.857499999999999929e+00 -2.916642958999999813e-01
8.859999999999999432e+00 -2.925160070000000223e-01
8.862500000000000711e+00 -2.928675511000000120e-01
8.865000000000000213e+00 -2.929623310999999730e-01
8.867499999999999716e+00 -2.932815568000000095e-01
8.869999999999999218e+00 -2.933076337000000144e-01
8.872500000000000497e+00 -2.935687625999999772e-01
8.875000000000000000e+00 -2.944655688000000215e-01
8.877499999999999503e+00 -2.942422268000000063e-01
8.880000000000000782e+00 -2.949435941999999922e-01
8.882500000000000284e+00 -2.949050645999999887e-01
8.884999999999999787e+00 -2.955510521999999973e-01
8.887499999999999289e+00 -2.953496498000000026e-01
8.890000000000000568e+00 -2.957201548000000235e-01
8.892500000000000071e+00 -2.962499727999999832e-01
8.894999999999999574e+00 -2.962235803000000112e-01
8.897500000000000853e+00 -2.965687639999999847e-01
8.900000000000000355e+00 -2.972815308000000267e-01
8.902499999999999858e+00 -2.973440795000000247e-01
8.904999999999999361e+00 -2.979767924000000234e-01
8.907500000000000639e+00 -2.975108813999999824e-01
8.910000000000000142e+00 -2.984784796000000129e-01
8.912499999999999645e+00 -2.984688046999999789e-01
8.914999999999999147e+00 -2.988700338999999984e-01
8.917500000000000426e+00 -2.990983128999999963e-01
8.919999999999999929e+00 -2.995251266000000245e-01
8.922499999999999432e+00 -2.998861473000000166e-01
8.925000000000000711e+00 -2.999453173000000139e-01
8.927500000000000213e+00 -3.001576428000000130e-01
8.929999999999999716e+00 -3.008122782000000051e-01
8.932499999999999218e+00 -3.009031640000000007e-01
8.935000000000000497e+00 -3.011410420000000254e-01
8.937500000000000000e+00 -3.015867461000000249e-01
8.939999999999999503e+00 -3.024040681999999869e-01
8.942500000000000782e+00 -3.015743403999999739e-01
8.945000000000000284e+00 -3.020679741999999779e-01
8.947499999999999787e+00 -3.024965938999999993e-01
8.949999999999999289e+00 -3.027803095000000111e-01
8.952500000000000568e+00 -3.024055929000000198e-01
8.955000000000000071e+00 -3.035405985999999889e-01
8.957499999999999574e+00 -3.040548998000000003e-01
8.960000000000000853e+00 -3.044747126999999831e-01
8.962500000000000355e+00 -3.047614770000000028e-01
8.964999999999999858e+00 -3.045634557999999936e-01
8.967499999999999361e+00 -3.052670047000000109e-01
8.970000000000000639e+00 -3.055868633000000112e-01
8.972500000000000142e+00 -3.052533786000000138e-01
8.974999999999999645e+00 -3.060282831000000203e-01
8.977499999999999147e+00 -3.066582534999999776e-01
8.980000000000000426e+00 -3.068967664999999734e-01
8.982499999999999929e+00 -3.067611700000000274e-01
8.984999999999999432e+00 -3.074642489000000145e-01
8.987500000000000711e+00 -3.080670757000000259e-01
8.990000000000000213e+00 -3.078942377000000175e-01
8.992499999999999716e+00 -3.082706293999999958e-01
8.994999999999999218e+00 -3.083851394000000079e-01
8.997500000000000497e+00 -3.091427362999999984e-01
9.000000000000000000e+00 -3.090114902000000163e-01
9.002499999999999503e+00 -3.093311413000000010e-01
9.005000000000000782e+00 -3.096642573999999759e-01
9.007500000000000284e+00 -3.100164370999999863e-01
9.009999999999999787e+00 -3.108184603999999962e-01
9.012499999999999289e+00 -3.101805923000000020e-01
9.015000000000000568e+00 -3.103746229000000079e-01
9.017500000000000071e+00 -3.114819214999999808e-01
9.019999999999999574e+00 -3.117287905000000192e-01
9.022500000000000853e+00 -3.120557817999999872e-01
9.025000000000000355e+00 -3.129807801999999750e-01
9.027499999999999858e+00 -3.126251735000000198e-01
9.029999999999999361e+00 -3.132130763000000040e-01
9.032500000000000639e+00 -3.131782256000000264e-01
9.035000000000000142e+00 -3.133847988999999834e-01
9.037499999999999645e+00 -3.141115890999999771e-01
9.039999999999999147e+00 -3.145914482000000123e-01
9.042500000000000426e+00 -3.148685166999999896e-01
9.044999999999999929e+00 -3.149700617999999785e-01
9.047499999999999432e+00 -3.150338655000000099e-01
9.050000000000000711e+00 -3.156077782000000220e-01
9.052500000000000213e+00 -3.155987912000000062e-01
9.054999999999999716e+00 -3.165521324000000192e-01
9.057499999999999218e+00 -3.166997463999999818e-01
9.060000000000000497e+00 -3.165838311999999988e-01
9.062500000000000000e+00 -3.173558465999999911e-01
9.064999999999999503e+00 -3.177112113000000182e-01
9.067500000000000782e+00 -3.180447115999999741e-01
9.070000000000000284e+00 -3.185118996999999896e-01
9.072499999999999787e+00 -3.187618387000000220e-01
9.074999999999999289e+00 -3.190468470999999751e-01
9.077500000000000568e+00 -3.183353621000000189e-01
9.080000000000000071e+00 -3.193638363999999896e-01
9.082499999999999574e+00 -3.195629754000000045e-01
9.085000000000000853e+00 -3.201892996999999852e-01
9.087500000000000355e+00 -3.208243003999999843e-01
9.089999999999999858e+00 -3.208576660999999941e-01
9.092499999999999361e+00 -3.210719424999999849e-01
9.095000000000000639e+00 -3.216506134000000072e-01
9.097500000000000142e+00 -3.217624532999999731e-01
9.099999999999999645e+00 -3.223380853999999740e-01
9.102499999999999147e+00 -3.226976773999999937e-01
9.105000000000000426e+00 -3.227573074999999792e-01
9.107499999999999929e+00 -3.232613462000000215e-01
9.109999999999999432e+00 -3.233157437999999995e-01
9.112500000000000711e+00 -3.236423769999999811e-01
9.115000000000000213e+00 -3.243128176999999779e-01
9.117499999999999716e+00 -3.248799270000000128e-01
9.119999999999999218e+00 -3.251469524000000222e-01
9.122500000000000497e+00 -3.255912584000000276e-01
9.125000000000000000e+00 -3.262247977000000132e-01
9.127499999999999503e+00 -3.259339874000000137e-01
9.130000000000000782e+00 -3.265335958000000205e-01
9.132500000000000284e+00 -3.266299541000000084e-01
9.134999999999999787e+00 -3.271787272000000191e-01
9.137499999999999289e+00 -3.274356478000000070e-01
9.140000000000000568e+00 -3.274877487000000253e-01
9.142500000000000071e+00 -3.279624120999999892e-01
9.144999999999999574e+00 -3.282401021999999946e-01
9.147500000000000853e+00 -3.288145786000000181e-01
9.150000000000000355e+00 -3.286292088000000167e-01
9.152499999999999858e+00 -3.291843945999999854e-01
9.154999999999999361e+00 -3.298521745999999921e-01
9.157500000000000639e+00 -3.301448846999999742e-01
9.160000000000000142e+00 -3.306895766999999875e-01
9.162499999999999645e+00 -3.309677364999999982e-01
9.164999999999999147e+00 -3.310670385999999743e-01
9.167500000000000426e+00 -3.320079031000000014e-01
9.169999999999999929e+00 -3.320347191999999947e-01
9.172499999999999432e+00 -3.328887393000000139e-01
9.175000000000000711e+00 -3.324542221999999825e-01
9.177500000000000213e+00 -3.330456687000000193e-01
9.179999999999999716e+00 -3.334915525000000103e-01
9.182499999999999218e+00 -3.334041549999999798e-01
9.185000000000000497e+00 -3.338648807999999857e-01
9.187500000000000000e+00 -3.346331120000000103e-01
9.189999999999999503e+00 -3.347700976999999911e-01
9.192500000000000782e+00 -3.353468602999999937e-01
9.195000000000000284e+00 -3.356697100000000100e-01
9.197499999999999787e+00 -3.354453621999999857e-01
9.199999999999999289e+00 -3.363157250000000098e-01
9.202500000000000568e+00 -3.365241616999999907e-01
9.205000000000000071e+00 -3.373261176999999833e-01
9.207499999999999574e+00 -3.370924010999999942e-01
9.210000000000000853e+00 -3.380500994999999786e-01
9.212500000000000355e+00 -3.384470211999999756e-01
9.214999999999999858e+00 -3.383975395000000108e-01
9.217499999999999361e+00 -3.384024420999999783e-01
9.220000000000000639e+00 -3.389242014000000136e-01
9.222500000000000142e+00 -3.395668646000000179e-01
9.224999999999999645e+00 -3.404890689999999775e-01
9.227499999999999147e+00 -3.405328376000000268e-01
9.230000000000000426e+00 -3.410082193000000261e-01
9.232499999999999929e+00 -3.407778752000000244e-01
9.234999999999999432e+00 -3.415879366999999833e-01
9.237500000000000711e+00 -3.418318979000000146e-01
9.240000000000000213e+00 -3.424166224999999897e-01
9.242499999999999716e+00 -3.428099862999999803e-01
9.244999999999999218e+00 -3.428881575000000126e-01
9.247500000000000497e+00 -3.433295937999999992e-01
9.250000000000000000e+00 -3.439989438000000121e-01
9.252499999999999503e+00 -3.440736745999999902e-01
9.255000000000000782e+00 -3.446324838000000002e-01
9.257500000000000284e+00 -3.449558690000000261e-01
9.259999999999999787e+00 -3.452245245000000184e-01
9.262499999999999289e+00 -3.456651248000000010e-01
9.265000000000000568e+00 -3.459450948000000192e-01
9.267500000000000071e+00 -3.464175335999999938e-01
9.269999999999999574e+00 -3.468199150999999869e-01
9.272500000000000853e+00 -3.471502394000000047e-01
9.275000000000000355e+00 -3.473304622999999758e-01
9.277499999999999858e+00 -3.478398111000000070e-01
9.279999999999999361e+00 -3.478157896999999887e-01
9.282500000000000639e+00 -3.489621470000000003e-01
9.285000000000000142e+00 -3.490908122999999974e-01
9.287499999999999645e+00 -3.495842428000000002e-01
9.289999999999999147e+00 -3.501428844000000207e-01
9.292500000000000426e+00 -3.496817932999999878e-01
9.294999999999999929e+00 -3.511305223000000253e-01
9.297499999999999432e+00 -3.508962419000000166e-01
9.300000000000000711e+00 -3.513952291999999922e-01
9.302500000000000213e+00 -3.523093505000000070e-01
9.304999999999999716e+00 -3.519805930000000083e-01
9.307499999999999218e+00 -3.526971584999999965e-01
9.310000000000000497e+00 -3.531912227999999820e-01
9.312500000000000000e+00 -3.534268086999999836e-01
9.314999999999999503e+00 -3.536731812000000197e-01
9.317500000000000782e+00 -3.546133719999999823e-01
9.320000000000000284e+00 -3.545468548999999858e-01
9.322499999999999787e+00 -3.550133907999999949e-01
9.324999999999999289e+00 -3.560908983000000139e-01
9.327500000000000568e+00 -3.557896642000000220e-01
9.330000000000000071e+00 -3.565082264000000167e-01
9.332499999999999574e+00 -3.566293535999999764e-01
9.335000000000000853e+00 -3.570392694999999783e-01
9.337500000000000355e+00 -3.575071351999999925e-01
9.339999999999999858e+00 -3.576018322000000249e-01
9.342499999999999361e+00 -3.582078702000000003e-01
9.345000000000000639e+00 -3.582567504999999985e-01
9.347500000000000142e+00 -3.589597816999999802e-01
9.349999999999999645e+00 -3.594535388999999803e-01
9.352499999999999147e+00 -3.604515676999999751e-01
9.355000000000000426e+00 -3.600514023999999980e-01
9.357499999999999929e+00 -3.607528078000000193e-01
9.359999999999999432e+00 -3.612783334999999929e-01
9.362500000000000711e+00 -3.614653869000000186e-01
9.365000000000000213e+00 -3.617696183999999926e-01
9.367499999999999716e+00 -3.625791052999999819e-01
9.369999999999999218e+00 -3.628547227999999736e-01
9.372500000000000497e+00 -3.629145737000000205e-01
9.375000000000000000e+00 -3.635629509000000148e-01
9.377499999999999503e+00 -3.638202886999999941e-01
9.380000000000000782e+00 -3.648419171000000238e-01
9.382500000000000284e+00 -3.648444817000000007e-01
9.384999999999999787e+00 -3.652843030999999852e-01
9.387499999999999289e+00 -3.658244574000000249e-01
9.390000000000000568e+00 -3.660887694000000137e-01
9.392500000000000071e+00 -3.672025971000000277e-01
9.394999999999999574e+00 -3.664363540999999724e-01
9.397500000000000853e+00 -3.674990919000000189e-01
9.400000000000000355e+00 -3.682716615000000138e-01
9.402499999999999858e+00 -3.681999738000000244e-01
9.404999999999999361e+00 -3.685017814000000058e-01
9.407500000000000639e+00 -3.696785689000000041e-01
9.410000000000000142e+00 -3.698742125000000214e-01
9.412499999999999645e+00 -3.697244512000000261e-01
9.414999999999999147e+00 -3.706080957999999814e-01
9.417500000000000426e+00 -3.705667398999999973e-01
9.419999999999999929e+00 -3.713461766999999747e-01
9.422499999999999432e+00 -3.719702087999999796e-01
9.425000000000000711e+00 -3.720166455000000205e-01
9.427500000000000213e+00 -3.725683738000000189e-01
9.429999999999999716e+00 -3.727393621999999795e-01
9.432499999999999218e+00 -3.732977773999999749e-01
9.435000000000000497e+00 -3.740113120999999929e-01
9.437500000000000000e+00 -3.740670752999999960e-01
9.439999999999999503e+00 -3.748863403000000094e-01
9.442500000000000782e+00 -3.748980807999999776e-01
9.445000000000000284e+00 -3.754898740000000013e-01
9.447499999999999787e+00 -3.758546342999999901e-01
9.449999999999999289e+00 -3.763943033000000105e-01
9.452500000000000568e+00 -3.769150379999999800e-01
9.455000000000000071e+00 -3.773425260000000114e-01
9.457499999999999574e+00 -3.779858831999999835e-01
9.460000000000000853e+00 -3.790241509000000231e-01
9.462500000000000355e+00 -3.790956554000000089e-01
9.464999999999999858e+00 -3.791898969999999980e-01
9.467499999999999361e+00 -3.797457570000000171e-01
9.470000000000000639e+00 -3.799960226999999913e-01
9.472500000000000142e+00 -3.806095243000000017e-01
9.474999999999999645e+00 -3.808157280000000200e-01
9.477499999999999147e+00 -3.816843347000000164e-01
9.480000000000000426e+00 -3.821920856000000088e-01
9.482499999999999929e+00 -3.823885121999999748e-01
9.484999999999999432e+00 -3.824756410999999856e-01
9.487500000000000711e+00 -3.832513820999999821e-01
9.490000000000000213e+00 -3.834855710000000251e-01
9.492499999999999716e+00 -3.843777552000000042e-01
9.494999999999999218e+00 -3.849969679999999950e-01
9.497500000000000497e+00 -3.850323492000000125e-01
9.500000000000000000e+00 -3.858968379000000115e-01
9.502499999999999503e+00 -3.861661704000000084e-01
9.505000000000000782e+00 -3.862485655999999823e-01
9.507500000000000284e+00 -3.870637989999999862e-01
9.509999999999999787e+00 -3.872517610000000277e-01
9.512499999999999289e+00 -3.880138238999999989e-01
9.515000000000000568e+00 -3.888541870000000178e-01
9.517500000000000071e+00 -3.887725880999999828e-01
9.519999999999999574e+00 -3.899670930999999952e-01
9.522500000000000853e+00 -3.898402852000000252e-01
9.525000000000000355e+00 -3.899133670000000107e-01
9.527499999999999858e+00 -3.909071078999999949e-01
9.529999999999999361e+00 -3.912327306000000227e-01
9.532500000000000639e+00 -3.915366066000000034e-01
9.535000000000000142e+00 -3.921625492999999962e-01
9.537499999999999645e+00 -3.929081555999999753e-01
9.539999999999999147e+00 -3.927356007999999732e-01
9.542500000000000426e+00 -3.932110073000000261e-01
9.544999999999999929e+00 -3.941232711000000055e-01
9.547499999999999432e+00 -3.943848273000000182e-01
9.550000000000000711e+00 -3.946744918000000268e-01
9.552500000000000213e+00 -3.959054311999999909e-01
9.554999999999999716e+00 -3.960191980000000167e-01
9.557499999999999218e+00 -3.970518400999999975e-01
9.560000000000000497e+00 -3.973074469000000275e-01
9.562500000000000000e+00 -3.972465252999999863e-01
9.564999999999999503e+00 -3.980257984000000193e-01
9.567500000000000782e+00 -3.984102112999999834e-01
9.570000000000000284e+00 -3.991275501000000059e-01
9.572499999999999787e+00 -3.996764071000000196e-01
9.574999999999999289e+00 -3.996114125999999933e-01
9.577500000000000568e+00 -4.002275855999999910e-01
9.580000000000000071e+00 -4.010440777000000012e-01
9.582499999999999574e+00 -4.015608633000000149e-01
9.585000000000000853e+00 -4.021670562999999921e-01
9.587500000000000355e+00 -4.023188647000000007e-01
9.589999999999999858e+00 -4.025934099999999849e-01
9.592499999999999361e+00 -4.028097670999999935e-01
9.595000000000000639e+00 -4.038719385000000273e-01
9.597500000000000142e+00 -4.045509959999999960e-01
9.599999999999999645e+00 -4.047310284000000258e-01
9.602499999999999147e+00 -4.052975681000000052e-01
9.605000000000000426e+00 -4.057355597999999786e-01
9.607499999999999929e+00 -4.062053567000000198e-01
9.609999999999999432e+00 -4.069941188000000265e-01
9.612500000000000711e+00 -4.076444318999999927e-01
9.615000000000000213e+00 -4.080104347999999881e-01
9.617499999999999716e+00 -4.086643510999999895e-01
9.619999999999999218e+00 -4.089460789000000096e-01
9.622500000000000497e+00 -4.092953970000000052e-01
9.625000000000000000e+00 -4.100896215000000011e-01
9.627499999999999503e+00 -4.107393596999999730e-01
9.630000000000000782e+00 -4.109280122000000257e-01
9.632500000000000284e+00 -4.111089875000000227e-01
9.634999999999999787e+00 -4.112994126000000250e-01
9.637499999999999289e+00 -4.125628785000000076e-01
9.640000000000000568e+00 -4.130514813000000229e-01
9.642500000000000071e+00 -4.133582902999999864e-01
9.644999999999999574e+00 -4.138681967999999767e-01
9.647500000000000853e+00 -4.147407323999999784e-01
9.650000000000000355e+00 -4.151117483000000274e-01
9.652499999999999858e+00 -4.150829690000000238e-01
9.654999999999999361e+00 -4.160983462000000244e-01
9.657500000000000639e+00 -4.164993753999999826e-01
9.660000000000000142e+00 -4.174873412999999811e-01
9.662499999999999645e+00 -4.175147020000000153e-01
9.664999999999999147e+00 -4.183803763999999759e-01
9.667500000000000426e+00 -4.190978344999999883e-01
9.669999999999999929e+00 -4.193300855000000049e-01
9.672499999999999432e+00 -4.194598983000000225e-01
9.675000000000000711e+00 -4.203140854999999898e-01
9.677500000000000213e+00 -4.207844545000000158e-01
9.679999999999999716e+00 -4.215867696999999747e-01
9.682499999999999218e+00 -4.219952223999999807e-01
9.685000000000000497e+00 -4.226226216999999785e-01
9.687500000000000000e+00 -4.232008642999999792e-01
9.689999999999999503e+00 -4.233389902999999954e-01
9.692500000000000782e+00 -4.245107396999999727e-01
9.695000000000000284e+00 -4.244585620999999920e-01
9.697499999999999787e+00 -4.244733227999999969e-01
9.699999999999999289e+00 -4.255827546000000017e-01
9.702500000000000568e+00 -4.264924265000000214e-01
9.705000000000000071e+00 -4.271029465000000247e-01
9.707499999999999574e+00 -4.274028429999999767e-01
9.710000000000000853e+00 -4.276130528000000042e-01
9.712500000000000355e+00 -4.284831693000000219e-01
9.714999999999999858e+00 -4.295189172000000166e-01
9.717499999999999361e+00 -4.296985482999999828e-01
9.720000000000000639e+00 -4.303637556000000086e-01
9.722500000000000142e+00 -4.310286506000000073e-01
9.724999999999999645e+00 -4.313469192000000119e-01
9.727499999999999147e+00 -4.318405450000000201e-01
9.730000000000000426e+00 -4.326114090000000023e-01
9.732499999999999929e+00 -4.329975259000000132e-01
9.734999999999999432e+00 -4.333689816999999889e-01
9.737500000000000711e+00 -4.340982002000000062e-01
9.740000000000000213e+00 -4.348163620000000118e-01
9.742499999999999716e+00 -4.355647884000000136e-01
9.744999999999999218e+00 -4.361708504999999847e-01
9.747500000000000497e+00 -4.358351629000000171e-01
9.750000000000000000e+00 -4.366347740000000033e-01
9.752499999999999503e+00 -4.374599706000000254e-01
9.755000000000000782e+00 -4.377254076000000049e-01
9.757500000000000284e+00 -4.386260737000000076e-01
9.759999999999999787e+00 -4.391787295999999841e-01
9.762499999999999289e+00 -4.399398981000000042e-01
9.765000000000000568e+00 -4.405534065000000221e-01
9.767500000000000071e+00 -4.410005101999999733e-01
9.769999999999999574e+00 -4.415141771000000159e-01
9.772500000000000853e+00 -4.419268283000000186e-01
9.775000000000000355e+00 -4.432229737999999752e-01
9.777499999999999858e+00 -4.432749732999999859e-01
9.779999999999999361e+00 -4.435471764000000205e-01
9.782500000000000639e+00 -4.442153863000000147e-01
9.785000000000000142e+00 -4.451666076999999944e-01
9.787499999999999645e+00 -4.454472561999999747e-01
9.789999999999999147e+00 -4.455106536999999811e-01
9.792500000000000426e+00 -4.463166284000000261e-01
9.794999999999999929e+00 -4.472020326999999740e-01
9.797499999999999432e+00 -4.477648006000000125e-01
9.800000000000000711e+00 -4.488467850000000259e-01
9.802500000000000213e+00 -4.490948276000000239e-01
9.804999999999999716e+00 -4.499201391000000050e-01
9.807499999999999218e+00 -4.500359043000000114e-01
9.810000000000000497e+00 -4.511565489000000095e-01
9.812500000000000000e+00 -4.515010735000000164e-01
9.814999999999999503e+00 -4.521532236999999954e-01
9.817500000000000782e+00 -4.526194551000000121e-01
9.820000000000000284e+00 -4.528566900000000062e-01
9.822499999999999787e+00 -4.537543312000000273e-01
9.824999999999999289e+00 -4.547195082000000110e-01
9.827500000000000568e+00 -4.552145034999999784e-01
9.830000000000000071e+00 -4.554117319000000053e-01
9.832499999999999574e+00 -4.561366833000000121e-01
9.835000000000000853e+00 -4.565509880999999992e-01
9.837500000000000355e+00 -4.577000367999999875e-01
9.839999999999999858e+00 -4.580544307000000148e-01
9.842499999999999361e+00 -4.590339722999999816e-01
9.845000000000000639e+00 -4.594781504000000072e-01
9.847500000000000142e+00 -4.599088518000000181e-01
9.849999999999999645e+00 -4.605354703999999799e-01
9.852499999999999147e+00 -4.612751427999999820e-01
9.855000000000000426e+00 -4.614625858999999997e-01
9.857499999999999929e+00 -4.621393460000000064e-01
9.859999999999999432e+00 -4.630829578999999807e-01
9.862500000000000711e+00 -4.636182630999999832e-01
9.865000000000000213e+00 -4.643656339000000188e-01
9.867499999999999716e+00 -4.648192009000000069e-01
9.869999999999999218e+00 -4.655174657999999743e-01
9.872500000000000497e+00 -4.662609604999999879e-01
9.875000000000000000e+00 -4.667111436999999974e-01
9.877499999999999503e+00 -4.679406346000000161e-01
9.880000000000000782e+00 -4.678567324999999832e-01
9.882500000000000284e+00 -4.684198125999999851e-01
9.884999999999999787e+00 -4.694569489000000040e-01
9.887499999999999289e+00 -4.701866828999999859e-01
9.890000000000000568e+00 -4.703994116999999919e-01
9.892500000000000071e+00 -4.708534583999999801e-01
9.894999999999999574e+00 -4.721361714999999792e-01
9.897500000000000853e+00 -4.720591647999999863e-01
9.900000000000000355e+00 -4.728902279000000153e-01
9.902499999999999858e+00 -4.734371826000000061e-01
9.904999999999999361e+00 -4.747123670999999767e-01
9.907500000000000639e+00 -4.752318871999999805e-01
9.910000000000000142e+00 -4.757735569000000053e-01
9.912499999999999645e+00 -4.761453640000000154e-01
9.914999999999999147e+00 -4.770934287999999968e-01
9.917500000000000426e+00 -4.776267480999999981e-01
9.919999999999999929e+00 -4.784393410000000180e-01
9.922499999999999432e+00 -4.788070993999999914e-01
9.925000000000000711e+00 -4.794194754000000169e-01
9.927500000000000213e+00 -4.803530523000000274e-01
9.929999999999999716e+00 -4.804484542999999941e-01
9.932499999999999218e+00 -4.813839786999999926e-01
9.935000000000000497e+00 -4.822726916999999780e-01
9.937500000000000000e+00 -4.827003402999999748e-01
9.939999999999999503e+00 -4.833090455999999868e-01
9.942500000000000782e+00 -4.842093640999999837e-01
9.945000000000000284e+00 -4.851246524000000226e-01
9.947499999999999787e+00 -4.859666287000000140e-01
9.949999999999999289e+00 -4.868020572999999795e-01
9.952500000000000568e+00 -4.870823712999999833e-01
9.955000000000000071e+00 -4.877001011000000052e-01
9.957499999999999574e+00 -4.881773743999999748e-01
9.960000000000000853e+00 -4.886277824999999964e-01
9.962500000000000355e+00 -4.897317091000000233e-01
9.964999999999999858e+00 -4.902309296999999844e-01
9.967499999999999361e+00 -4.915180693999999795e-01
9.970000000000000639e+00 -4.918847168000000103e-01
9.972500000000000142e+00 -4.925694810999999840e-01
9.974999999999999645e+00 -4.929766502999999855e-01
9.977499999999999147e+00 -4.939767186999999837e-01
9.980000000000000426e+00 -4.949802274999999807e-01
9.982499999999999929e+00 -4.950126148999999809e-01
9.984999999999999432e+00 -4.960021095000000102e-01
9.987500000000000711e+00 -4.962844490000000164e-01
9.990000000000000213e+00 -4.970698024999999909e-01
9.992499999999999716e+00 -4.973248530000000112e-01
9.994999999999999218e+00 -4.990630716000000189e-01
9.997500000000000497e+00 -4.999427054000000203e-01
1.000000000000000000e+01 -4.999637543000000073e-01
