0.000000000000000000e+00 -5.000061841999999812e-01
2.500000000000000052e-03 -4.994429582000000090e-01
5.000000000000000104e-03 -4.986374363000000143e-01
7.499999999999999722e-03 -4.975896183999999889e-01
1.000000000000000021e-02 -4.967653079000000083e-01
1.250000000000000069e-02 -4.967784557000000101e-01
1.499999999999999944e-02 -4.962718822000000141e-01
1.750000000000000167e-02 -4.953131672000000152e-01
2.000000000000000042e-02 -4.949547596000000160e-01
2.249999999999999917e-02 -4.947827812000000214e-01
2.500000000000000139e-02 -4.934308539000000216e-01
2.750000000000000014e-02 -4.931373998999999952e-01
2.999999999999999889e-02 -4.923975642999999791e-01
3.250000000000000111e-02 -4.916599493000000098e-01
3.500000000000000333e-02 -4.909400032999999830e-01
3.749999999999999861e-02 -4.903059619999999841e-01
4.000000000000000083e-02 -4.892899714000000233e-01
4.250000000000000305e-02 -4.892254911999999734e-01
4.499999999999999833e-02 -4.880793157000000160e-01
4.750000000000000056e-02 -4.874363011000000245e-01
5.000000000000000278e-02 -4.870723771000000091e-01
5.249999999999999806e-02 -4.862473553000000170e-01
5.500000000000000028e-02 -4.853386832000000095e-01
5.750000000000000250e-02 -4.851402269000000267e-01
5.999999999999999778e-02 -4.840978995999999923e-01
6.250000000000000000e-02 -4.838652091000000266e-01
6.500000000000000222e-02 -4.831226477000000186e-01
6.750000000000000444e-02 -4.825312092999999858e-01
7.000000000000000666e-02 -4.818321198000000138e-01
7.249999999999999500e-02 -4.813303757999999877e-01
7.499999999999999722e-02 -4.806406829000000047e-01
7.749999999999999944e-02 -4.800718969000000169e-01
8.000000000000000167e-02 -4.795619414000000247e-01
8.250000000000000389e-02 -4.788938280000000214e-01
8.500000000000000611e-02 -4.779214578000000047e-01
8.749999999999999445e-02 -4.775871066999999859e-01
8.999999999999999667e-02 -4.769251078999999782e-01
9.249999999999999889e-02 -4.756346738000000185e-01
9.500000000000000111e-02 -4.749693703999999794e-01
9.750000000000000333e-02 -4.749655170000000037e-01
1.000000000000000056e-01 -4.739952324000000217e-01
1.024999999999999939e-01 -4.740224380999999987e-01
1.049999999999999961e-01 -4.732129936000000203e-01
1.074999999999999983e-01 -4.723845150000000048e-01
1.100000000000000006e-01 -4.722629347999999783e-01
1.125000000000000028e-01 -4.707095114000000025e-01
1.150000000000000050e-01 -4.709110852999999763e-01
1.174999999999999933e-01 -4.698092811999999840e-01
1.199999999999999956e-01 -4.692124622000000134e-01
1.224999999999999978e-01 -4.687328189000000145e-01
1.250000000000000000e-01 -4.676095142000000204e-01
1.275000000000000022e-01 -4.677404196000000125e-01
1.300000000000000044e-01 -4.670523117000000002e-01
1.325000000000000067e-01 -4.659929234999999892e-01
1.350000000000000089e-01 -4.659910702999999765e-01
1.375000000000000111e-01 -4.650167170999999766e-01
1.400000000000000133e-01 -4.644617711999999843e-01
1.424999999999999878e-01 -4.641842574999999749e-01
1.449999999999999900e-01 -4.630866457000000214e-01
1.474999999999999922e-01 -4.627804036000000010e-01
1.499999999999999944e-01 -4.620286445999999825e-01
1.524999999999999967e-01 -4.618050412999999965e-01
1.549999999999999989e-01 -4.609396775999999862e-01
1.575000000000000011e-01 -4.607021911999999997e-01
1.600000000000000033e-01 -4.598434050999999911e-01
1.625000000000000056e-01 -4.592150924999999773e-01
1.650000000000000078e-01 -4.592570705999999836e-01
1.675000000000000100e-01 -4.581652796999999833e-01
1.700000000000000122e-01 -4.576684360000000118e-01
1.724999999999999867e-01 -4.569618202999999879e-01
1.749999999999999889e-01 -4.564263922999999834e-01
1.774999999999999911e-01 -4.561824396999999975e-01
1.799999999999999933e-01 -4.548671657000000201e-01
1.824999999999999956e-01 -4.548900186000000012e-01
1.849999999999999978e-01 -4.542862113999999729e-01
1.875000000000000000e-01 -4.536876268999999740e-01
1.900000000000000022e-01 -4.532075381999999819e-01
1.925000000000000044e-01 -4.523392104999999774e-01
1.950000000000000067e-01 -4.516234543000000046e-01
1.975000000000000089e-01 -4.514341218999999850e-01
2.000000000000000111e-01 -4.508847575000000107e-01
2.025000000000000133e-01 -4.497642722999999898e-01
2.049999999999999878e-01 -4.494130056000000262e-01
2.074999999999999900e-01 -4.494297165000000205e-01
2.099999999999999922e-01 -4.487276688999999874e-01
2.124999999999999944e-01 -4.481394960999999788e-01
2.149999999999999967e-01 -4.474565095999999964e-01
2.174999999999999989e-01 -4.467036965999999776e-01
2.200000000000000011e-01 -4.465016488999999922e-01
2.225000000000000033e-01 -4.458063706000000015e-01
2.250000000000000056e-01 -4.450271571000000148e-01
2.275000000000000078e-01 -4.448121349999999974e-01
2.300000000000000100e-01 -4.439783613000000129e-01
2.325000000000000122e-01 -4.433913272000000183e-01
2.349999999999999867e-01 -4.430101515000000045e-01
2.374999999999999889e-01 -4.425984720000000205e-01
2.399999999999999911e-01 -4.417606358000000233e-01
2.424999999999999933e-01 -4.411498979999999848e-01
2.449999999999999956e-01 -4.410073210000000077e-01
2.474999999999999978e-01 -4.400703766999999877e-01
2.500000000000000000e-01 -4.392575521000000038e-01
2.525000000000000022e-01 -4.386972379999999894e-01
2.550000000000000044e-01 -4.384769863999999906e-01
2.575000000000000067e-01 -4.380299970000000043e-01
2.600000000000000089e-01 -4.369630406000000189e-01
2.625000000000000111e-01 -4.371896184999999879e-01
2.650000000000000133e-01 -4.371168436999999796e-01
2.675000000000000155e-01 -4.358855596999999804e-01
2.700000000000000178e-01 -4.354585474000000067e-01
2.725000000000000200e-01 -4.349720979000000209e-01
2.750000000000000222e-01 -4.349056510000000042e-01
2.775000000000000244e-01 -4.338922081000000097e-01
2.800000000000000266e-01 -4.339668087999999924e-01
2.824999999999999734e-01 -4.326657589999999831e-01
2.849999999999999756e-01 -4.323085163000000009e-01
2.874999999999999778e-01 -4.317885524999999780e-01
2.899999999999999800e-01 -4.311986230000000031e-01
2.924999999999999822e-01 -4.309930725000000185e-01
2.949999999999999845e-01 -4.301174180999999819e-01
2.974999999999999867e-01 -4.299948800999999765e-01
2.999999999999999889e-01 -4.293356119000000248e-01
3.024999999999999911e-01 -4.291698438000000060e-01
3.049999999999999933e-01 -4.283187742999999825e-01
3.074999999999999956e-01 -4.276562606000000044e-01
3.099999999999999978e-01 -4.271818975000000185e-01
3.125000000000000000e-01 -4.264278487000000006e-01
3.150000000000000022e-01 -4.259962716999999843e-01
3.175000000000000044e-01 -4.261450379000000233e-01
3.200000000000000067e-01 -4.251335792000000002e-01
3.225000000000000089e-01 -4.247381044999999911e-01
3.250000000000000111e-01 -4.240217345000000249e-01
3.275000000000000133e-01 -4.235947890000000271e-01
3.300000000000000155e-01 -4.232659256999999897e-01
3.325000000000000178e-01 -4.226523676999999757e-01
3.350000000000000200e-01 -4.220933695999999902e-01
3.375000000000000222e-01 -4.216589974000000129e-01
3.400000000000000244e-01 -4.210144310999999750e-01
3.425000000000000266e-01 -4.209574839999999929e-01
3.449999999999999734e-01 -4.199586559999999857e-01
3.474999999999999756e-01 -4.195547258999999807e-01
3.499999999999999778e-01 -4.190283491999999832e-01
3.524999999999999800e-01 -4.183411685000000269e-01
3.549999999999999822e-01 -4.178321817999999799e-01
3.574999999999999845e-01 -4.178276148000000245e-01
3.599999999999999867e-01 -4.173682927999999848e-01
3.624999999999999889e-01 -4.167133921000000241e-01
3.649999999999999911e-01 -4.163487458999999835e-01
3.674999999999999933e-01 -4.159806582999999724e-01
3.699999999999999956e-01 -4.153975273000000135e-01
3.724999999999999978e-01 -4.147555499000000201e-01
3.750000000000000000e-01 -4.141090110999999796e-01
3.775000000000000022e-01 -4.136859151000000234e-01
3.800000000000000044e-01 -4.130459550000000202e-01
3.825000000000000067e-01 -4.132361346000000268e-01
3.850000000000000089e-01 -4.123665604000000262e-01
3.875000000000000111e-01 -4.119602569999999964e-01
3.900000000000000133e-01 -4.108858545999999889e-01
3.925000000000000155e-01 -4.104334253999999960e-01
3.950000000000000178e-01 -4.102764730999999832e-01
3.975000000000000200e-01 -4.096439473999999858e-01
4.000000000000000222e-01 -4.097656685000000132e-01
4.025000000000000244e-01 -4.088921292000000096e-01
4.050000000000000266e-01 -4.086493582999999874e-01
4.074999999999999734e-01 -4.081272757000000140e-01
4.099999999999999756e-01 -4.077067381999999740e-01
4.124999999999999778e-01 -4.071345228000000094e-01
4.149999999999999800e-01 -4.067133487999999852e-01
4.174999999999999822e-01 -4.058721429000000103e-01
4.199999999999999845e-01 -4.054278215000000074e-01
4.224999999999999867e-01 -4.048820290999999849e-01
4.249999999999999889e-01 -4.045154135999999845e-01
4.274999999999999911e-01 -4.042473809000000085e-01
4.299999999999999933e-01 -4.040729557000000138e-01
4.324999999999999956e-01 -4.036084972999999798e-01
4.349999999999999978e-01 -4.032514577999999905e-01
4.375000000000000000e-01 -4.020826265999999927e-01
4.400000000000000022e-01 -4.019293828000000124e-01
4.425000000000000044e-01 -4.014136262999999927e-01
4.450000000000000067e-01 -4.008996890000000035e-01
4.475000000000000089e-01 -4.006242468999999806e-01
4.500000000000000111e-01 -4.000979727000000263e-01
4.525000000000000133e-01 -3.996159578999999851e-01
4.550000000000000155e-01 -3.996222368999999830e-01
4.575000000000000178e-01 -3.988116434000000265e-01
4.600000000000000200e-01 -3.985882961000000169e-01
4.625000000000000222e-01 -3.979932129000000041e-01
4.650000000000000244e-01 -3.979189552999999879e-01
4.675000000000000266e-01 -3.969582449999999874e-01
4.699999999999999734e-01 -3.967432627999999961e-01
4.724999999999999756e-01 -3.960108991999999883e-01
4.749999999999999778e-01 -3.954372219999999771e-01
4.774999999999999800e-01 -3.955435017999999747e-01
4.799999999999999822e-01 -3.946955073000000258e-01
4.824999999999999845e-01 -3.944694275000000250e-01
4.849999999999999867e-01 -3.938260306999999960e-01
4.874999999999999889e-01 -3.932442506000000115e-01
4.899999999999999911e-01 -3.927642926000000090e-01
4.924999999999999933e-01 -3.927118683999999971e-01
4.949999999999999956e-01 -3.924267827999999847e-01
4.974999999999999978e-01 -3.914973968000000082e-01
5.000000000000000000e-01 -3.912375927000000253e-01
5.024999999999999467e-01 -3.906288068000000058e-01
5.050000000000000044e-01 -3.906154855000000259e-01
5.074999999999999512e-01 -3.895890309999999745e-01
5.100000000000000089e-01 -3.898902612999999850e-01
5.124999999999999556e-01 -3.897192355999999913e-01
5.150000000000000133e-01 -3.890307483000000066e-01
5.174999999999999600e-01 -3.880392456999999795e-01
5.200000000000000178e-01 -3.879937864999999930e-01
5.224999999999999645e-01 -3.874917709999999849e-01
5.250000000000000222e-01 -3.865043168999999779e-01
5.274999999999999689e-01 -3.865123449999999794e-01
5.300000000000000266e-01 -3.867351821000000189e-01
5.324999999999999734e-01 -3.857800169000000223e-01
5.350000000000000311e-01 -3.852860486999999945e-01
5.374999999999999778e-01 -3.850303312000000200e-01
5.400000000000000355e-01 -3.845753691000000085e-01
5.424999999999999822e-01 -3.838210251999999989e-01
5.450000000000000400e-01 -3.834529413000000164e-01
5.474999999999999867e-01 -3.831199557000000144e-01
5.500000000000000444e-01 -3.824111842999999844e-01
5.524999999999999911e-01 -3.821996111000000029e-01
5.550000000000000488e-01 -3.823711268000000163e-01
5.574999999999999956e-01 -3.818892441999999776e-01
5.600000000000000533e-01 -3.810688503999999921e-01
5.625000000000000000e-01 -3.809181905999999840e-01
5.649999999999999467e-01 -3.802129770000000075e-01
5.675000000000000044e-01 -3.798735522000000198e-01
5.699999999999999512e-01 -3.791534420000000072e-01
5.725000000000000089e-01 -3.791339906000000259e-01
5.749999999999999556e-01 -3.787444863000000161e-01
5.775000000000000133e-01 -3.784648885999999934e-01
5.799999999999999600e-01 -3.779983948999999788e-01
5.825000000000000178e-01 -3.775729134999999959e-01
5.849999999999999645e-01 -3.768225879000000056e-01
5.875000000000000222e-01 -3.766531515000000052e-01
5.899999999999999689e-01 -3.761781587999999954e-01
5.925000000000000266e-01 -3.758639661000000021e-01
5.949999999999999734e-01 -3.750406258000000270e-01
5.975000000000000311e-01 -3.749593804999999946e-01
5.999999999999999778e-01 -3.745690325000000098e-01
6.025000000000000355e-01 -3.740203730000000171e-01
6.049999999999999822e-01 -3.736895451000000201e-01
6.075000000000000400e-01 -3.732379853000000192e-01
6.099999999999999867e-01 -3.727049868999999793e-01
6.125000000000000444e-01 -3.722530119999999942e-01
6.149999999999999911e-01 -3.721450595999999944e-01
6.175000000000000488e-01 -3.717954514999999849e-01
6.199999999999999956e-01 -3.716487594999999811e-01
6.225000000000000533e-01 -3.711854164000000234e-01
6.250000000000000000e-01 -3.706965361999999820e-01
6.274999999999999467e-01 -3.701660576999999952e-01
6.300000000000000044e-01 -3.699261388000000261e-01
6.324999999999999512e-01 -3.694844422999999933e-01
6.350000000000000089e-01 -3.692785359999999906e-01
6.374999999999999556e-01 -3.686820713000000249e-01
6.400000000000000133e-01 -3.686939711000000175e-01
6.424999999999999600e-01 -3.681756487000000244e-01
6.450000000000000178e-01 -3.674999441999999839e-01
6.474999999999999645e-01 -3.671873903999999800e-01
6.500000000000000222e-01 -3.665500621000000181e-01
6.524999999999999689e-01 -3.665873464000000137e-01
6.550000000000000266e-01 -3.659042157999999878e-01
6.574999999999999734e-01 -3.651028780000000196e-01
6.600000000000000311e-01 -3.651951532000000111e-01
6.624999999999999778e-01 -3.647302504000000112e-01
6.650000000000000355e-01 -3.646534515000000032e-01
6.674999999999999822e-01 -3.640288461999999781e-01
6.700000000000000400e-01 -3.634945090999999739e-01
6.724999999999999867e-01 -3.637235922000000010e-01
6.750000000000000444e-01 -3.629794206999999995e-01
6.774999999999999911e-01 -3.631115878000000241e-01
6.800000000000000488e-01 -3.621501772999999869e-01
6.824999999999999956e-01 -3.619200967999999796e-01
6.850000000000000533e-01 -3.615635095999999993e-01
6.875000000000000000e-01 -3.616382863000000003e-01
6.899999999999999467e-01 -3.608995658999999967e-01
6.925000000000000044e-01 -3.601506863999999752e-01
6.949999999999999512e-01 -3.602869652999999839e-01
6.975000000000000089e-01 -3.592046258000000103e-01
6.999999999999999556e-01 -3.593041314000000042e-01
7.025000000000000133e-01 -3.586568091999999819e-01
7.049999999999999600e-01 -3.583959606000000075e-01
7.075000000000000178e-01 -3.578664059000000175e-01
7.099999999999999645e-01 -3.579724000999999767e-01
7.125000000000000222e-01 -3.573478056000000125e-01
7.149999999999999689e-01 -3.573802895000000035e-01
7.175000000000000266e-01 -3.570406808000000098e-01
7.199999999999999734e-01 -3.564506485999999752e-01
7.225000000000000311e-01 -3.564681973000000115e-01
7.249999999999999778e-01 -3.558506143999999871e-01
7.275000000000000355e-01 -3.549502395999999949e-01
7.299999999999999822e-01 -3.551630343000000134e-01
7.325000000000000400e-01 -3.549564176000000182e-01
7.349999999999999867e-01 -3.545564350000000031e-01
7.375000000000000444e-01 -3.539052032000000181e-01
7.399999999999999911e-01 -3.534343354999999742e-01
7.425000000000000488e-01 -3.534277114000000108e-01
7.449999999999999956e-01 -3.527140742000000051e-01
7.475000000000000533e-01 -3.520580578999999988e-01
7.500000000000000000e-01 -3.520523271000000065e-01
7.524999999999999467e-01 -3.516483961999999908e-01
7.550000000000000044e-01 -3.516844968999999765e-01
7.574999999999999512e-01 -3.511606110000000114e-01
7.600000000000000089e-01 -3.501709721999999858e-01
7.624999999999999556e-01 -3.503243025000000177e-01
7.650000000000000133e-01 -3.496570434999999866e-01
7.674999999999999600e-01 -3.503068370999999903e-01
7.700000000000000178e-01 -3.490350532000000006e-01
7.724999999999999645e-01 -3.487762648000000132e-01
7.750000000000000222e-01 -3.489626500999999936e-01
7.774999999999999689e-01 -3.480773133000000241e-01
7.800000000000000266e-01 -3.474472444000000215e-01
7.824999999999999734e-01 -3.470321368000000017e-01
7.850000000000000311e-01 -3.471319675000000271e-01
7.874999999999999778e-01 -3.464803980999999755e-01
7.900000000000000355e-01 -3.465350690999999816e-01
7.924999999999999822e-01 -3.463722215999999743e-01
7.950000000000000400e-01 -3.455128507999999932e-01
7.974999999999999867e-01 -3.452068099000000223e-01
8.000000000000000444e-01 -3.452685911999999746e-01
8.024999999999999911e-01 -3.450808810000000060e-01
8.050000000000000488e-01 -3.446990276999999936e-01
8.074999999999999956e-01 -3.440188287000000011e-01
8.100000000000000533e-01 -3.437051546000000068e-01
8.125000000000000000e-01 -3.432566268000000198e-01
8.149999999999999467e-01 -3.430466844000000237e-01
8.175000000000000044e-01 -3.424070617000000150e-01
8.199999999999999512e-01 -3.427056453999999808e-01
8.225000000000000089e-01 -3.423955713999999872e-01
8.249999999999999556e-01 -3.419443339000000082e-01
8.275000000000000133e-01 -3.413854419999999834e-01
8.299999999999999600e-01 -3.409562724999999905e-01
8.325000000000000178e-01 -3.409750554000000045e-01
8.349999999999999645e-01 -3.402866088000000011e-01
8.375000000000000222e-01 -3.399614927999999869e-01
8.399999999999999689e-01 -3.398567725000000150e-01
8.425000000000000266e-01 -3.396528147000000275e-01
8.449999999999999734e-01 -3.387886616999999934e-01
8.475000000000000311e-01 -3.387431347000000037e-01
8.499999999999999778e-01 -3.385009414999999855e-01
8.525000000000000355e-01 -3.386430437999999876e-01
8.549999999999999822e-01 -3.376975119999999775e-01
8.575000000000000400e-01 -3.372187401000000251e-01
8.599999999999999867e-01 -3.366934702000000112e-01
8.625000000000000444e-01 -3.364320179999999993e-01
8.649999999999999911e-01 -3.364464701000000058e-01
8.675000000000000488e-01 -3.361449059000000128e-01
8.699999999999999956e-01 -3.355609640000000171e-01
8.725000000000000533e-01 -3.352011878000000222e-01
8.750000000000000000e-01 -3.351099651000000179e-01
8.774999999999999467e-01 -3.351006440000000031e-01
8.800000000000000044e-01 -3.345172860000000248e-01
8.824999999999999512e-01 -3.341779220000000161e-01
8.850000000000000089e-01 -3.334018578999999871e-01
8.874999999999999556e-01 -3.335967018000000062e-01
8.900000000000000133e-01 -3.331900097000000116e-01
8.924999999999999600e-01 -3.330927783000000031e-01
8.950000000000000178e-01 -3.319485958000000236e-01
8.974999999999999645e-01 -3.322862511999999935e-01
9.000000000000000222e-01 -3.326335296999999858e-01
9.024999999999999689e-01 -3.320231160000000070e-01
9.050000000000000266e-01 -3.319164767000000182e-01
9.074999999999999734e-01 -3.306553447999999729e-01
9.100000000000000311e-01 -3.310891683000000141e-01
9.124999999999999778e-01 -3.306614139999999868e-01
9.150000000000000355e-01 -3.297144289999999756e-01
9.174999999999999822e-01 -3.296469796000000008e-01
9.200000000000000400e-01 -3.295992668000000125e-01
9.224999999999999867e-01 -3.295668602999999863e-01
9.250000000000000444e-01 -3.292217799000000111e-01
9.274999999999999911e-01 -3.284269448000000091e-01
9.300000000000000488e-01 -3.283387248999999897e-01
9.324999999999999956e-01 -3.285837497999999912e-01
9.350000000000000533e-01 -3.278181842999999818e-01
9.375000000000000000e-01 -3.272290502999999906e-01
9.399999999999999467e-01 -3.265916709000000195e-01
9.425000000000000044e-01 -3.265029333000000200e-01
9.449999999999999512e-01 -3.265812171999999958e-01
9.475000000000000089e-01 -3.261100352999999896e-01
9.499999999999999556e-01 -3.256985051999999881e-01
9.525000000000000133e-01 -3.257156794000000133e-01
9.549999999999999600e-01 -3.251956321000000205e-01
9.575000000000000178e-01 -3.248255709999999796e-01
9.599999999999999645e-01 -3.240983017999999882e-01
9.625000000000000222e-01 -3.241369359999999866e-01
9.649999999999999689e-01 -3.240999547999999786e-01
9.675000000000000266e-01 -3.237626677000000064e-01
9.699999999999999734e-01 -3.228112187000000133e-01
9.725000000000000311e-01 -3.232528398999999775e-01
9.749999999999999778e-01 -3.225459052999999909e-01
9.775000000000000355e-01 -3.228668780000000238e-01
9.799999999999999822e-01 -3.220517276000000040e-01
9.825000000000000400e-01 -3.219920316000000060e-01
9.849999999999999867e-01 -3.216906419000000183e-01
9.875000000000000444e-01 -3.217747884000000114e-01
9.899999999999999911e-01 -3.208231416999999808e-01
9.925000000000000488e-01 -3.206611005000000181e-01
9.949999999999999956e-01 -3.205568710999999738e-01
9.975000000000000533e-01 -3.202630645999999803e-01
1.000000000000000000e+00 -3.197576643000000218e-01
1.002499999999999947e+00 -3.201115877999999859e-01
1.004999999999999893e+00 -3.192677472000000072e-01
1.007500000000000062e+00 -3.184710383000000089e-01
1.010000000000000009e+00 -3.182187658999999780e-01
1.012499999999999956e+00 -3.184918608999999790e-01
1.014999999999999902e+00 -3.184750536000000021e-01
1.017500000000000071e+00 -3.175825447000000246e-01
1.020000000000000018e+00 -3.172150351999999951e-01
1.022499999999999964e+00 -3.174155195999999735e-01
1.024999999999999911e+00 -3.173013483000000079e-01
1.027500000000000080e+00 -3.166301943000000008e-01
1.030000000000000027e+00 -3.166550324999999888e-01
1.032499999999999973e+00 -3.161299764000000123e-01
1.034999999999999920e+00 -3.156556600000000046e-01
1.037500000000000089e+00 -3.154654607999999860e-01
1.040000000000000036e+00 -3.155100891000000018e-01
1.042499999999999982e+00 -3.151585031999999953e-01
1.044999999999999929e+00 -3.147567312999999811e-01
1.047500000000000098e+00 -3.142607246999999937e-01
1.050000000000000044e+00 -3.141421777000000248e-01
1.052499999999999991e+00 -3.139780426000000069e-01
1.054999999999999938e+00 -3.135869889999999827e-01
1.057500000000000107e+00 -3.130260234000000197e-01
1.060000000000000053e+00 -3.131821458999999863e-01
1.062500000000000000e+00 -3.129001914000000273e-01
1.064999999999999947e+00 -3.125977997000000119e-01
1.067499999999999893e+00 -3.123244217000000211e-01
1.070000000000000062e+00 -3.123999305999999865e-01
1.072500000000000009e+00 -3.117143627000000250e-01
1.074999999999999956e+00 -3.116313620000000228e-01
1.077499999999999902e+00 -3.110704308999999723e-01
1.080000000000000071e+00 -3.108914472000000040e-01
1.082500000000000018e+00 -3.104217718999999764e-01
1.084999999999999964e+00 -3.102655335000000236e-01
1.087499999999999911e+00 -3.101802966000000161e-01
1.090000000000000080e+00 -3.098654411000000275e-01
1.092500000000000027e+00 -3.090701933000000179e-01
1.094999999999999973e+00 -3.094861172000000216e-01
1.097499999999999920e+00 -3.088979050999999809e-01
1.100000000000000089e+00 -3.087128103999999817e-01
1.102500000000000036e+00 -3.086926219000000193e-01
1.104999999999999982e+00 -3.077555201000000129e-01
1.107499999999999929e+00 -3.077077230999999968e-01
1.110000000000000098e+00 -3.073523344999999907e-01
1.112500000000000044e+00 -3.073783469999999962e-01
1.114999999999999991e+00 -3.069261726999999995e-01
1.117499999999999938e+00 -3.067982125000000004e-01
1.120000000000000107e+00 -3.065528936999999954e-01
1.122500000000000053e+00 -3.062274106999999801e-01
1.125000000000000000e+00 -3.062583040999999895e-01
1.127499999999999947e+00 -3.058631753000000120e-01
1.129999999999999893e+00 -3.059085650000000212e-01
1.132500000000000062e+00 -3.053719577999999824e-01
1.135000000000000009e+00 -3.048515667000000207e-01
1.137499999999999956e+00 -3.050138263000000127e-01
1.139999999999999902e+00 -3.044310614999999887e-01
1.142500000000000071e+00 -3.040790650999999900e-01
1.145000000000000018e+00 -3.031940941999999861e-01
1.147499999999999964e+00 -3.036973023999999799e-01
1.149999999999999911e+00 -3.031084787000000169e-01
1.152500000000000080e+00 -3.031289790999999734e-01
1.155000000000000027e+00 -3.023734772000000182e-01
1.157499999999999973e+00 -3.023521089999999800e-01
1.159999999999999920e+00 -3.018399994000000031e-01
1.162500000000000089e+00 -3.021934673000000182e-01
1.165000000000000036e+00 -3.016680259999999780e-01
1.167499999999999982e+00 -3.016774668000000159e-01
1.169999999999999929e+00 -3.012225298999999801e-01
1.172500000000000098e+00 -3.009503350000000133e-01
1.175000000000000044e+00 -3.003850388000000038e-01
1.177499999999999991e+00 -3.009257683000000072e-01
1.179999999999999938e+00 -3.003944921999999740e-01
1.182500000000000107e+00 -2.997985287000000110e-01
1.185000000000000053e+00 -2.997640991000000144e-01
1.187500000000000000e+00 -2.999444070000000240e-01
1.189999999999999947e+00 -2.994600621999999879e-01
1.192499999999999893e+00 -2.990446958999999905e-01
1.195000000000000062e+00 -2.982499773999999770e-01
1.197500000000000009e+00 -2.983420024999999809e-01
1.199999999999999956e+00 -2.980993487999999969e-01
1.202499999999999902e+00 -2.983026844000000177e-01
1.205000000000000071e+00 -2.977600241000000203e-01
1.207500000000000018e+00 -2.974282800999999976e-01
1.209999999999999964e+00 -2.975091863000000059e-01
1.212499999999999911e+00 -2.968455477999999981e-01
1.215000000000000080e+00 -2.966621661000000132e-01
1.217500000000000027e+00 -2.964961065999999756e-01
1.219999999999999973e+00 -2.964126324999999951e-01
1.222499999999999920e+00 -2.961473091999999863e-01
1.225000000000000089e+00 -2.961912570999999939e-01
1.227500000000000036e+00 -2.957685002000000063e-01
1.229999999999999982e+00 -2.952852291999999990e-01
1.232499999999999929e+00 -2.948046700999999992e-01
1.235000000000000098e+00 -2.949824893999999920e-01
1.237500000000000044e+00 -2.941371368999999847e-01
1.239999999999999991e+00 -2.941268396999999757e-01
1.242499999999999938e+00 -2.939090670000000238e-01
1.245000000000000107e+00 -2.934313660000000268e-01
1.247500000000000053e+00 -2.935365573000000006e-01
1.250000000000000000e+00 -2.933387557000000090e-01
1.252499999999999947e+00 -2.929661337999999726e-01
1.254999999999999893e+00 -2.928551173999999757e-01
1.257500000000000062e+00 -2.927960624000000012e-01
1.260000000000000009e+00 -2.924777865000000032e-01
1.262499999999999956e+00 -2.921536106000000022e-01
1.264999999999999902e+00 -2.919788774000000031e-01
1.267500000000000071e+00 -2.916962765000000180e-01
1.270000000000000018e+00 -2.913768110000000133e-01
1.272499999999999964e+00 -2.909208473000000073e-01
1.274999999999999911e+00 -2.911037270999999871e-01
1.277500000000000080e+00 -2.904578433000000182e-01
1.280000000000000027e+00 -2.906163157000000163e-01
1.282499999999999973e+00 -2.897116997999999999e-01
1.284999999999999920e+00 -2.900275796999999822e-01
1.287500000000000089e+00 -2.895498342000000225e-01
1.290000000000000036e+00 -2.892814776000000032e-01
1.292499999999999982e+00 -2.895275239999999806e-01
1.294999999999999929e+00 -2.892436387999999803e-01
1.297500000000000098e+00 -2.888287583999999963e-01
1.300000000000000044e+00 -2.887471745999999895e-01
1.302499999999999991e+00 -2.883955586999999987e-01
1.304999999999999938e+00 -2.884912008000000139e-01
1.307500000000000107e+00 -2.879853575999999915e-01
1.310000000000000053e+00 -2.877388285999999962e-01
1.312500000000000000e+00 -2.875546855000000179e-01
1.314999999999999947e+00 -2.875246434000000018e-01
1.317499999999999893e+00 -2.871986194999999742e-01
1.320000000000000062e+00 -2.867183153999999790e-01
1.322500000000000009e+00 -2.864867401000000258e-01
1.324999999999999956e+00 -2.861288208000000166e-01
1.327499999999999902e+00 -2.861693026000000084e-01
1.330000000000000071e+00 -2.857407553999999905e-01
1.332500000000000018e+00 -2.855513846000000133e-01
1.334999999999999964e+00 -2.858360509000000271e-01
1.337499999999999911e+00 -2.855467646000000026e-01
1.340000000000000080e+00 -2.846142859999999941e-01
1.342500000000000027e+00 -2.848949685000000120e-01
1.344999999999999973e+00 -2.840220574000000275e-01
1.347499999999999920e+00 -2.841801580000000160e-01
1.350000000000000089e+00 -2.839713520000000102e-01
1.352500000000000036e+00 -2.841471060999999909e-01
1.354999999999999982e+00 -2.837049275999999898e-01
1.357499999999999929e+00 -2.834780051999999939e-01
1.360000000000000098e+00 -2.827696928999999804e-01
1.362500000000000044e+00 -2.827790146999999976e-01
1.364999999999999991e+00 -2.825147970999999925e-01
1.367499999999999938e+00 -2.822887181000000023e-01
1.370000000000000107e+00 -2.825095382999999738e-01
1.372500000000000053e+00 -2.821272926000000236e-01
1.375000000000000000e+00 -2.817202758999999834e-01
1.377499999999999947e+00 -2.818381681000000083e-01
1.379999999999999893e+00 -2.816083328000000274e-01
1.382500000000000062e+00 -2.812869786000000150e-01
1.385000000000000009e+00 -2.807662376000000237e-01
1.387499999999999956e+00 -2.802943379999999762e-01
1.389999999999999902e+00 -2.805759843999999781e-01
1.392500000000000071e+00 -2.801817375000000276e-01
1.395000000000000018e+00 -2.801072943999999842e-01
1.397499999999999964e+00 -2.797705368000000248e-01
1.399999999999999911e+00 -2.798188346000000104e-01
1.402500000000000080e+00 -2.796715254000000095e-01
1.405000000000000027e+00 -2.793231365000000133e-01
1.407499999999999973e+00 -2.791258703999999757e-01
1.409999999999999920e+00 -2.793604768999999877e-01
1.412500000000000089e+00 -2.786935096000000001e-01
1.415000000000000036e+00 -2.783462675999999747e-01
1.417499999999999982e+00 -2.783201618999999738e-01
1.419999999999999929e+00 -2.777300569000000219e-01
1.422500000000000098e+00 -2.777686562000000192e-01
1.425000000000000044e+00 -2.773154898999999896e-01
1.427499999999999991e+00 -2.773190340999999726e-01
1.429999999999999938e+00 -2.770009246999999841e-01
1.432500000000000107e+00 -2.768733702999999768e-01
1.435000000000000053e+00 -2.767476723000000249e-01
1.437500000000000000e+00 -2.764386784000000263e-01
1.439999999999999947e+00 -2.763113985999999800e-01
1.442499999999999893e+00 -2.758461331000000016e-01
1.445000000000000062e+00 -2.761098055999999801e-01
1.447500000000000009e+00 -2.755699931000000213e-01
1.449999999999999956e+00 -2.752221751999999744e-01
1.452499999999999902e+00 -2.751225346000000238e-01
1.455000000000000071e+00 -2.746143489000000271e-01
1.457500000000000018e+00 -2.750190968999999819e-01
1.459999999999999964e+00 -2.748641260999999947e-01
1.462499999999999911e+00 -2.741310370000000218e-01
1.465000000000000080e+00 -2.740988117000000002e-01
1.467500000000000027e+00 -2.738104430000000145e-01
1.469999999999999973e+00 -2.735969131000000054e-01
1.472499999999999920e+00 -2.731284480999999764e-01
1.475000000000000089e+00 -2.732512518999999918e-01
1.477500000000000036e+00 -2.727023304000000259e-01
1.479999999999999982e+00 -2.724174106999999734e-01
1.482499999999999929e+00 -2.728917752999999724e-01
1.485000000000000098e+00 -2.725073841999999802e-01
1.487500000000000044e+00 -2.723463654000000123e-01
1.489999999999999991e+00 -2.718734937999999768e-01
1.492499999999999938e+00 -2.719023643999999851e-01
1.495000000000000107e+00 -2.714570174000000002e-01
1.497500000000000053e+00 -2.711651024000000243e-01
1.500000000000000000e+00 -2.712747979999999837e-01
1.502499999999999947e+00 -2.710449719999999951e-01
1.504999999999999893e+00 -2.706317762000000071e-01
1.507500000000000062e+00 -2.707366529999999938e-01
1.510000000000000009e+00 -2.705112499999999809e-01
1.512499999999999956e+00 -2.703793271000000109e-01
1.514999999999999902e+00 -2.698662323000000085e-01
1.517500000000000071e+00 -2.695258267000000263e-01
1.520000000000000018e+00 -2.694927007999999846e-01
1.522499999999999964e+00 -2.691190333999999851e-01
1.524999999999999911e+00 -2.690818366000000128e-01
1.527500000000000080e+00 -2.686521409000000027e-01
1.530000000000000027e+00 -2.688147913000000222e-01
1.532499999999999973e+00 -2.685244193999999918e-01
1.534999999999999920e+00 -2.685619418999999897e-01
1.537500000000000089e+00 -2.679662642999999789e-01
1.540000000000000036e+00 -2.681465122999999728e-01
1.542499999999999982e+00 -2.678007960000000076e-01
1.544999999999999929e+00 -2.680926679999999784e-01
1.547500000000000098e+00 -2.678004842999999746e-01
1.550000000000000044e+00 -2.672139646999999729e-01
1.552499999999999991e+00 -2.671744187999999798e-01
1.554999999999999938e+00 -2.669354563999999930e-01
1.557500000000000107e+00 -2.667600699000000075e-01
1.560000000000000053e+00 -2.663165909999999914e-01
1.562500000000000000e+00 -2.666336677000000210e-01
1.564999999999999947e+00 -2.659503228000000274e-01
1.567499999999999893e+00 -2.655415926999999954e-01
1.570000000000000062e+00 -2.655008893999999953e-01
1.572500000000000009e+00 -2.655065046000000262e-01
1.574999999999999956e+00 -2.651563391999999797e-01
1.577499999999999902e+00 -2.654365627999999977e-01
1.580000000000000071e+00 -2.648859661999999893e-01
1.582500000000000018e+00 -2.649579651999999785e-01
1.584999999999999964e+00 -2.647822861999999944e-01
1.587499999999999911e+00 -2.645047736000000205e-01
1.590000000000000080e+00 -2.642466917999999887e-01
1.592500000000000027e+00 -2.637262743000000076e-01
1.594999999999999973e+00 -2.638415852000000061e-01
1.597499999999999920e+00 -2.635880187999999902e-01
1.600000000000000089e+00 -2.635996147999999928e-01
1.602500000000000036e+00 -2.627955920000000223e-01
1.604999999999999982e+00 -2.629607397000000013e-01
1.607499999999999929e+00 -2.626878525999999936e-01
1.610000000000000098e+00 -2.632267335999999847e-01
1.612500000000000044e+00 -2.627710738999999851e-01
1.614999999999999991e+00 -2.620848825000000049e-01
1.617499999999999938e+00 -2.622526933000000060e-01
1.620000000000000107e+00 -2.618088748999999882e-01
1.622500000000000053e+00 -2.619236081999999910e-01
1.625000000000000000e+00 -2.613789271999999997e-01
1.627499999999999947e+00 -2.615094202000000090e-01
1.629999999999999893e+00 -2.613728182999999761e-01
1.632500000000000062e+00 -2.609387289000000276e-01
1.635000000000000009e+00 -2.604833456999999797e-01
1.637499999999999956e+00 -2.606611801000000006e-01
1.639999999999999902e+00 -2.606315077999999952e-01
1.642500000000000071e+00 -2.602926018000000230e-01
1.645000000000000018e+00 -2.602388883000000264e-01
1.647499999999999964e+00 -2.596905455999999890e-01
1.649999999999999911e+00 -2.598200898999999953e-01
1.652500000000000080e+00 -2.598074985000000114e-01
1.655000000000000027e+00 -2.597728743000000118e-01
1.657499999999999973e+00 -2.587644821000000261e-01
1.659999999999999920e+00 -2.589290868999999939e-01
1.662500000000000089e+00 -2.591234327999999976e-01
1.665000000000000036e+00 -2.586915030999999976e-01
1.667499999999999982e+00 -2.585684026000000246e-01
1.669999999999999929e+00 -2.584362915999999788e-01
1.672500000000000098e+00 -2.582003582999999880e-01
1.675000000000000044e+00 -2.579925865000000096e-01
1.677499999999999991e+00 -2.578837607000000198e-01
1.679999999999999938e+00 -2.574439661999999851e-01
1.682500000000000107e+00 -2.576173467000000272e-01
1.685000000000000053e+00 -2.569362387999999942e-01
1.687500000000000000e+00 -2.570708985999999863e-01
1.689999999999999947e+00 -2.571162951000000030e-01
1.692499999999999893e+00 -2.562285239000000048e-01
1.695000000000000062e+00 -2.566802999000000196e-01
1.697500000000000009e+00 -2.566867569999999876e-01
1.699999999999999956e+00 -2.559709175000000059e-01
1.702499999999999902e+00 -2.563235205000000128e-01
1.705000000000000071e+00 -2.559578330000000235e-01
1.707500000000000018e+00 -2.561679090000000270e-01
1.709999999999999964e+00 -2.550281593000000013e-01
1.712499999999999911e+00 -2.556527962999999848e-01
1.715000000000000080e+00 -2.553908665999999883e-01
1.717500000000000027e+00 -2.553871439000000021e-01
1.719999999999999973e+00 -2.551430183999999768e-01
1.722499999999999920e+00 -2.546830400999999799e-01
1.725000000000000089e+00 -2.543998597000000084e-01
1.727500000000000036e+00 -2.538139074999999911e-01
1.729999999999999982e+00 -2.542361618000000267e-01
1.732499999999999929e+00 -2.538462585999999854e-01
1.735000000000000098e+00 -2.542726213000000013e-01
1.737500000000000044e+00 -2.535451195999999796e-01
1.739999999999999991e+00 -2.535078572000000197e-01
1.742499999999999938e+00 -2.530507188000000185e-01
1.745000000000000107e+00 -2.529964806000000177e-01
1.747500000000000053e+00 -2.528517798000000094e-01
1.750000000000000000e+00 -2.531556470999999919e-01
1.752499999999999947e+00 -2.527740628999999850e-01
1.754999999999999893e+00 -2.524326870999999972e-01
1.757500000000000062e+00 -2.519016134000000018e-01
1.760000000000000009e+00 -2.521641252999999860e-01
1.762499999999999956e+00 -2.520543715999999934e-01
1.764999999999999902e+00 -2.519481787999999778e-01
1.767500000000000071e+00 -2.512994069000000219e-01
1.770000000000000018e+00 -2.513501267000000094e-01
1.772499999999999964e+00 -2.508928223999999929e-01
1.774999999999999911e+00 -2.509812503000000139e-01
1.777500000000000080e+00 -2.511907053999999917e-01
1.780000000000000027e+00 -2.506802077999999989e-01
1.782499999999999973e+00 -2.509402183000000175e-01
1.784999999999999920e+00 -2.504846374999999958e-01
1.787500000000000089e+00 -2.507800117000000273e-01
1.790000000000000036e+00 -2.504385673999999784e-01
1.792499999999999982e+00 -2.498348773999999883e-01
1.794999999999999929e+00 -2.499751825000000038e-01
1.797500000000000098e+00 -2.496433603000000057e-01
1.800000000000000044e+00 -2.494070935000000100e-01
1.802499999999999991e+00 -2.494412179999999923e-01
1.804999999999999938e+00 -2.487635556999999997e-01
1.807500000000000107e+00 -2.492623154999999979e-01
1.810000000000000053e+00 -2.488245279000000088e-01
1.812500000000000000e+00 -2.487971270000000068e-01
1.814999999999999947e+00 -2.480451525000000046e-01
1.817499999999999893e+00 -2.486466985999999935e-01
1.820000000000000062e+00 -2.478774360999999871e-01
1.822500000000000009e+00 -2.479293375999999938e-01
1.824999999999999956e+00 -2.475802208000000004e-01
1.827499999999999902e+00 -2.477994776999999926e-01
1.830000000000000071e+00 -2.475188469999999863e-01
1.832500000000000018e+00 -2.473083473000000088e-01
1.834999999999999964e+00 -2.471773915000000099e-01
1.837499999999999911e+00 -2.468664094999999947e-01
1.840000000000000080e+00 -2.467276985999999894e-01
1.842500000000000027e+00 -2.464855251999999997e-01
1.844999999999999973e+00 -2.467503947999999947e-01
1.847499999999999920e+00 -2.460453290999999876e-01
1.850000000000000089e+00 -2.459122334999999937e-01
1.852500000000000036e+00 -2.459666575999999993e-01
1.854999999999999982e+00 -2.460050514000000077e-01
1.857499999999999929e+00 -2.458693770000000001e-01
1.860000000000000098e+00 -2.458534111000000022e-01
1.862500000000000044e+00 -2.451409512999999929e-01
1.864999999999999991e+00 -2.453891032000000139e-01
1.867499999999999938e+00 -2.448044054000000080e-01
1.870000000000000107e+00 -2.448584206999999957e-01
1.872500000000000053e+00 -2.443866358000000016e-01
1.875000000000000000e+00 -2.450526278999999863e-01
1.877499999999999947e+00 -2.438793917000000033e-01
1.879999999999999893e+00 -2.448906218999999940e-01
1.882500000000000062e+00 -2.441300827000000007e-01
1.885000000000000009e+00 -2.439915085999999900e-01
1.887499999999999956e+00 -2.443402440999999925e-01
1.889999999999999902e+00 -2.432276879999999974e-01
1.892500000000000071e+00 -2.441730597000000003e-01
1.895000000000000018e+00 -2.434485413999999959e-01
1.897499999999999964e+00 -2.432664739000000020e-01
1.899999999999999911e+00 -2.431276293000000088e-01
1.902500000000000080e+00 -2.433122182000000133e-01
1.905000000000000027e+00 -2.425726109000000130e-01
1.907499999999999973e+00 -2.428272129000000057e-01
1.909999999999999920e+00 -2.423644090000000029e-01
1.912500000000000089e+00 -2.421638762999999972e-01
1.915000000000000036e+00 -2.423023478000000119e-01
1.917499999999999982e+00 -2.424766657999999908e-01
1.919999999999999929e+00 -2.417185894999999973e-01
1.922500000000000098e+00 -2.418210585999999995e-01
1.925000000000000044e+00 -2.417590162000000098e-01
1.927499999999999991e+00 -2.418493086999999875e-01
1.929999999999999938e+00 -2.420515165000000080e-01
1.932500000000000107e+00 -2.414162900000000056e-01
1.935000000000000053e+00 -2.412874207000000049e-01
1.937500000000000000e+00 -2.411017997000000079e-01
1.939999999999999947e+00 -2.410134200999999865e-01
1.942499999999999893e+00 -2.401963105000000098e-01
1.945000000000000062e+00 -2.404652059000000064e-01
1.947500000000000009e+00 -2.402669084999999871e-01
1.949999999999999956e+00 -2.401903192000000020e-01
1.952499999999999902e+00 -2.398783978000000039e-01
1.955000000000000071e+00 -2.399182605999999884e-01
1.957500000000000018e+00 -2.397002219999999906e-01
1.959999999999999964e+00 -2.393884725000000047e-01
1.962499999999999911e+00 -2.393490248000000042e-01
1.965000000000000080e+00 -2.394139476999999905e-01
1.967500000000000027e+00 -2.391316220999999964e-01
1.969999999999999973e+00 -2.385811247000000079e-01
1.972499999999999920e+00 -2.386384236000000103e-01
1.975000000000000089e+00 -2.387791303000000032e-01
1.977500000000000036e+00 -2.385401937000000139e-01
1.979999999999999982e+00 -2.383672079999999971e-01
1.982499999999999929e+00 -2.380535188000000024e-01
1.985000000000000098e+00 -2.380657817999999870e-01
1.987500000000000044e+00 -2.381261439000000035e-01
1.989999999999999991e+00 -2.376696516000000037e-01
1.992499999999999938e+00 -2.373847552999999999e-01
1.995000000000000107e+00 -2.376180475999999930e-01
1.997500000000000053e+00 -2.377328327000000074e-01
2.000000000000000000e+00 -2.371294860000000004e-01
2.002499999999999947e+00 -2.372890471999999917e-01
2.004999999999999893e+00 -2.372259381000000056e-01
2.007499999999999840e+00 -2.371483155000000120e-01
2.009999999999999787e+00 -2.368949885999999949e-01
2.012500000000000178e+00 -2.363713366999999899e-01
2.015000000000000124e+00 -2.366873119000000025e-01
2.017500000000000071e+00 -2.360977640999999960e-01
2.020000000000000018e+00 -2.356683475999999944e-01
2.022499999999999964e+00 -2.361015358000000119e-01
2.024999999999999911e+00 -2.357402747000000021e-01
2.027499999999999858e+00 -2.354616237999999917e-01
2.029999999999999805e+00 -2.356922640000000124e-01
2.032500000000000195e+00 -2.352409182000000099e-01
2.035000000000000142e+00 -2.349590387999999919e-01
2.037500000000000089e+00 -2.351335806000000028e-01
2.040000000000000036e+00 -2.347532096000000124e-01
2.042499999999999982e+00 -2.349481690999999928e-01
2.044999999999999929e+00 -2.345441838000000001e-01
2.047499999999999876e+00 -2.343488705000000005e-01
2.049999999999999822e+00 -2.344168298000000039e-01
2.052500000000000213e+00 -2.339428802999999890e-01
2.055000000000000160e+00 -2.342135160000000105e-01
2.057500000000000107e+00 -2.342177502999999994e-01
2.060000000000000053e+00 -2.339318203999999901e-01
2.062500000000000000e+00 -2.339433213000000067e-01
2.064999999999999947e+00 -2.338417267000000022e-01
2.067499999999999893e+00 -2.334404758999999996e-01
2.069999999999999840e+00 -2.330623853999999884e-01
2.072499999999999787e+00 -2.330633141000000019e-01
2.075000000000000178e+00 -2.329476205000000077e-01
2.077500000000000124e+00 -2.330898899999999940e-01
2.080000000000000071e+00 -2.325978901000000099e-01
2.082500000000000018e+00 -2.323674112000000125e-01
2.084999999999999964e+00 -2.323252563000000048e-01
2.087499999999999911e+00 -2.322576805999999883e-01
2.089999999999999858e+00 -2.323832751000000085e-01
2.092499999999999805e+00 -2.318959482000000072e-01
2.095000000000000195e+00 -2.323493007000000110e-01
2.097500000000000142e+00 -2.317688964999999879e-01
2.100000000000000089e+00 -2.314021321999999992e-01
2.102500000000000036e+00 -2.315123939000000020e-01
2.104999999999999982e+00 -2.311728549000000021e-01
2.107499999999999929e+00 -2.310751863000000128e-01
2.109999999999999876e+00 -2.309982513000000126e-01
2.112499999999999822e+00 -2.310063685000000033e-01
2.115000000000000213e+00 -2.306135245000000000e-01
2.117500000000000160e+00 -2.307941134000000005e-01
2.120000000000000107e+00 -2.311451780999999872e-01
2.122500000000000053e+00 -2.304637354000000082e-01
2.125000000000000000e+00 -2.305184017999999946e-01
2.127499999999999947e+00 -2.303978574999999973e-01
2.129999999999999893e+00 -2.301642764000000063e-01
2.132499999999999840e+00 -2.300383612999999938e-01
2.134999999999999787e+00 -2.302122655999999934e-01
2.137500000000000178e+00 -2.292428253999999888e-01
2.140000000000000124e+00 -2.295710954999999887e-01
2.142500000000000071e+00 -2.293924744999999987e-01
2.145000000000000018e+00 -2.292164371000000034e-01
2.147499999999999964e+00 -2.291545487999999964e-01
2.149999999999999911e+00 -2.289420628000000124e-01
2.152499999999999858e+00 -2.287849143000000030e-01
2.154999999999999805e+00 -2.288087250999999989e-01
2.157500000000000195e+00 -2.290422141000000023e-01
2.160000000000000142e+00 -2.283345697999999979e-01
2.162500000000000089e+00 -2.284653643000000012e-01
2.165000000000000036e+00 -2.283098957999999956e-01
2.167499999999999982e+00 -2.280175640000000059e-01
2.169999999999999929e+00 -2.283316623999999961e-01
2.172499999999999876e+00 -2.277521131999999948e-01
2.174999999999999822e+00 -2.281121204999999874e-01
2.177500000000000213e+00 -2.276054459000000085e-01
2.180000000000000160e+00 -2.273942163000000072e-01
2.182500000000000107e+00 -2.275683967000000085e-01
2.185000000000000053e+00 -2.272095504999999960e-01
2.187500000000000000e+00 -2.274825796000000122e-01
2.189999999999999947e+00 -2.273593705999999992e-01
2.192499999999999893e+00 -2.266574308000000038e-01
2.194999999999999840e+00 -2.269850727999999929e-01
2.197499999999999787e+00 -2.266171888999999884e-01
2.200000000000000178e+00 -2.266128950000000086e-01
2.202500000000000124e+00 -2.262481641999999904e-01
2.205000000000000071e+00 -2.264310696000000067e-01
2.207500000000000018e+00 -2.260389660999999883e-01
2.209999999999999964e+00 -2.259199527000000096e-01
2.212499999999999911e+00 -2.258718677000000064e-01
2.214999999999999858e+00 -2.257456009999999902e-01
2.217499999999999805e+00 -2.254255280999999944e-01
2.220000000000000195e+00 -2.257250557999999907e-01
2.222500000000000142e+00 -2.255471783000000119e-01
2.225000000000000089e+00 -2.254405630999999910e-01
2.227500000000000036e+00 -2.251912091000000116e-01
2.229999999999999982e+00 -2.251087464000000038e-01
2.232499999999999929e+00 -2.249503294999999903e-01
2.234999999999999876e+00 -2.247970356000000003e-01
2.237499999999999822e+00 -2.246854647000000038e-01
2.240000000000000213e+00 -2.242274408000000108e-01
2.242500000000000160e+00 -2.244157219000000036e-01
2.245000000000000107e+00 -2.240107263999999987e-01
2.247500000000000053e+00 -2.240781843999999912e-01
2.250000000000000000e+00 -2.244030005000000050e-01
2.252499999999999947e+00 -2.236669964999999927e-01
2.254999999999999893e+00 -2.238380866000000136e-01
2.257499999999999840e+00 -2.236493026999999967e-01
2.259999999999999787e+00 -2.238834729999999995e-01
2.262500000000000178e+00 -2.241189550000000086e-01
2.265000000000000124e+00 -2.235902626000000060e-01
2.267500000000000071e+00 -2.237727471000000024e-01
2.270000000000000018e+00 -2.234968771999999992e-01
2.272499999999999964e+00 -2.229200064000000092e-01
2.274999999999999911e+00 -2.227945316999999925e-01
2.277499999999999858e+00 -2.227083035999999905e-01
2.279999999999999805e+00 -2.229715002999999862e-01
2.282500000000000195e+00 -2.225036428000000122e-01
2.285000000000000142e+00 -2.219537159999999953e-01
2.287500000000000089e+00 -2.220746080999999872e-01
2.290000000000000036e+00 -2.226852924000000122e-01
2.292499999999999982e+00 -2.224934242000000117e-01
2.294999999999999929e+00 -2.222118515000000016e-01
2.297499999999999876e+00 -2.219610964000000020e-01
2.299999999999999822e+00 -2.219118172000000000e-01
2.302500000000000213e+00 -2.217846508000000105e-01
2.305000000000000160e+00 -2.209875917999999939e-01
2.307500000000000107e+00 -2.217897000000000063e-01
2.310000000000000053e+00 -2.211757108000000083e-01
2.312500000000000000e+00 -2.208913460999999967e-01
2.314999999999999947e+00 -2.210609571999999912e-01
2.317499999999999893e+00 -2.209000352999999917e-01
2.319999999999999840e+00 -2.205290018000000130e-01
2.322499999999999787e+00 -2.208250220999999902e-01
2.325000000000000178e+00 -2.208766634999999867e-01
2.327500000000000124e+00 -2.201757557000000032e-01
2.330000000000000071e+00 -2.205203229999999903e-01
2.332500000000000018e+00 -2.200744629999999979e-01
2.334999999999999964e+00 -2.201929904000000104e-01
2.337499999999999911e+00 -2.203067687999999968e-01
2.339999999999999858e+00 -2.199614219999999898e-01
2.342499999999999805e+00 -2.197153135999999896e-01
2.345000000000000195e+00 -2.195465135999999928e-01
2.347500000000000142e+00 -2.197285683000000100e-01
2.350000000000000089e+00 -2.196921565000000132e-01
2.352500000000000036e+00 -2.198325181000000128e-01
2.354999999999999982e+00 -2.193201832999999989e-01
2.357499999999999929e+00 -2.189504730000000066e-01
2.359999999999999876e+00 -2.190058782000000037e-01
2.362499999999999822e+00 -2.186718309000000027e-01
2.365000000000000213e+00 -2.190509542999999892e-01
2.367500000000000160e+00 -2.187530018000000132e-01
2.370000000000000107e+00 -2.185280917999999906e-01
2.372500000000000053e+00 -2.184451205999999868e-01
2.375000000000000000e+00 -2.182432799000000034e-01
2.377499999999999947e+00 -2.181286262000000087e-01
2.379999999999999893e+00 -2.176740326000000114e-01
2.382499999999999840e+00 -2.180571075999999942e-01
2.384999999999999787e+00 -2.177237448000000075e-01
2.387500000000000178e+00 -2.180598166999999921e-01
2.390000000000000124e+00 -2.176202510999999951e-01
2.392500000000000071e+00 -2.176978313000000054e-01
2.395000000000000018e+00 -2.172747737000000068e-01
2.397499999999999964e+00 -2.174337484999999959e-01
2.399999999999999911e+00 -2.170782737999999989e-01
2.402499999999999858e+00 -2.169706120000000071e-01
2.404999999999999805e+00 -2.168551278999999998e-01
2.407500000000000195e+00 -2.169609895000000066e-01
2.410000000000000142e+00 -2.169952284999999981e-01
2.412500000000000089e+00 -2.168134462999999901e-01
2.415000000000000036e+00 -2.167413535999999918e-01
2.417499999999999982e+00 -2.165332433999999917e-01
2.419999999999999929e+00 -2.164786999999999961e-01
2.422499999999999876e+00 -2.162353811000000126e-01
2.424999999999999822e+00 -2.160005049000000010e-01
2.427500000000000213e+00 -2.160684780000000083e-01
2.430000000000000160e+00 -2.159049355999999864e-01
2.432500000000000107e+00 -2.158113311000000034e-01
2.435000000000000053e+00 -2.160181434000000011e-01
2.437500000000000000e+00 -2.154717674000000138e-01
2.439999999999999947e+00 -2.159819138000000083e-01
2.442499999999999893e+00 -2.150918344999999954e-01
2.444999999999999840e+00 -2.154833455999999869e-01
2.447499999999999787e+00 -2.150445246999999893e-01
2.450000000000000178e+00 -2.153617074999999992e-01
2.452500000000000124e+00 -2.154318148000000099e-01
2.455000000000000071e+00 -2.148146814000000127e-01
2.457500000000000018e+00 -2.146974953999999935e-01
2.459999999999999964e+00 -2.146246776000000078e-01
2.462499999999999911e+00 -2.143181580999999891e-01
2.464999999999999858e+00 -2.148297418000000014e-01
2.467499999999999805e+00 -2.139532945000000019e-01
2.470000000000000195e+00 -2.142954999999999999e-01
2.472500000000000142e+00 -2.140497161000000093e-01
2.475000000000000089e+00 -2.141466515999999876e-01
2.477500000000000036e+00 -2.143087311999999911e-01
2.479999999999999982e+00 -2.140536608999999979e-01
2.482499999999999929e+00 -2.138923704000000037e-01
2.484999999999999876e+00 -2.134739687999999969e-01
2.487499999999999822e+00 -2.132981904000000040e-01
2.490000000000000213e+00 -2.133044860999999959e-01
2.492500000000000160e+00 -2.134632807999999882e-01
2.495000000000000107e+00 -2.133158662999999899e-01
2.497500000000000053e+00 -2.130903967999999982e-01
2.500000000000000000e+00 -2.131234347000000029e-01
2.502499999999999947e+00 -2.128480708000000110e-01
2.504999999999999893e+00 -2.129950948999999871e-01
2.507499999999999840e+00 -2.125239163000000042e-01
2.509999999999999787e+00 -2.126060842999999978e-01
2.512500000000000178e+00 -2.125884003999999883e-01
2.515000000000000124e+00 -2.127477868000000050e-01
2.517500000000000071e+00 -2.123851146000000079e-01
2.520000000000000018e+00 -2.122520616000000138e-01
2.522499999999999964e+00 -2.122171501000000016e-01
2.524999999999999911e+00 -2.117771773999999885e-01
2.527499999999999858e+00 -2.118433560000000104e-01
2.529999999999999805e+00 -2.114858108000000070e-01
2.532500000000000195e+00 -2.117697000000000052e-01
2.535000000000000142e+00 -2.113745905999999952e-01
2.537500000000000089e+00 -2.114998047999999964e-01
2.540000000000000036e+00 -2.113394808000000069e-01
2.542499999999999982e+00 -2.109874767000000095e-01
2.544999999999999929e+00 -2.116390039999999917e-01
2.547499999999999876e+00 -2.114807475000000103e-01
2.549999999999999822e+00 -2.112251881999999970e-01
2.552500000000000213e+00 -2.106678905999999907e-01
2.555000000000000160e+00 -2.107195812999999862e-01
2.557500000000000107e+00 -2.104257464000000022e-01
2.560000000000000053e+00 -2.104670774999999883e-01
2.562500000000000000e+00 -2.104422690999999956e-01
2.564999999999999947e+00 -2.105309409999999992e-01
2.567499999999999893e+00 -2.102119865000000032e-01
2.569999999999999840e+00 -2.100029539000000112e-01
2.572499999999999787e+00 -2.102301987999999899e-01
2.575000000000000178e+00 -2.100763763000000062e-01
2.577500000000000124e+00 -2.102801555000000100e-01
2.580000000000000071e+00 -2.100322574000000053e-01
2.582500000000000018e+00 -2.095363017000000105e-01
2.584999999999999964e+00 -2.101536162000000041e-01
2.587499999999999911e+00 -2.096887255000000061e-01
2.589999999999999858e+00 -2.095013511000000106e-01
2.592499999999999805e+00 -2.094148400999999993e-01
2.595000000000000195e+00 -2.090973415000000057e-01
2.597500000000000142e+00 -2.091825907000000040e-01
2.600000000000000089e+00 -2.090191475000000021e-01
2.602500000000000036e+00 -2.090258841000000034e-01
2.604999999999999982e+00 -2.089577774999999971e-01
2.607499999999999929e+00 -2.086752299999999893e-01
2.609999999999999876e+00 -2.087509885999999926e-01
2.612499999999999822e+00 -2.085959987999999876e-01
2.615000000000000213e+00 -2.085733847000000030e-01
2.617500000000000160e+00 -2.083457049999999922e-01
2.620000000000000107e+00 -2.081099576000000062e-01
2.622500000000000053e+00 -2.081885226000000089e-01
2.625000000000000000e+00 -2.082130832999999903e-01
2.627499999999999947e+00 -2.083253672000000001e-01
2.629999999999999893e+00 -2.079571544000000105e-01
2.632499999999999840e+00 -2.077566124000000125e-01
2.634999999999999787e+00 -2.075791509000000090e-01
2.637500000000000178e+00 -2.077544165000000109e-01
2.640000000000000124e+00 -2.078931462999999980e-01
2.642500000000000071e+00 -2.071006895999999986e-01
2.645000000000000018e+00 -2.070932743999999992e-01
2.647499999999999964e+00 -2.072978410000000105e-01
2.649999999999999911e+00 -2.070960779999999890e-01
2.652499999999999858e+00 -2.072541820999999895e-01
2.654999999999999805e+00 -2.070985251999999943e-01
2.657500000000000195e+00 -2.066953878999999994e-01
2.660000000000000142e+00 -2.063787240000000134e-01
2.662500000000000089e+00 -2.068440936000000008e-01
2.665000000000000036e+00 -2.066384277999999963e-01
2.667499999999999982e+00 -2.064797452999999894e-01
2.669999999999999929e+00 -2.062930531000000123e-01
2.672499999999999876e+00 -2.062052913000000098e-01
2.674999999999999822e+00 -2.063336178000000076e-01
2.677500000000000213e+00 -2.061540151000000043e-01
2.680000000000000160e+00 -2.061449496999999964e-01
2.682500000000000107e+00 -2.062184948000000129e-01
2.685000000000000053e+00 -2.062552729999999890e-01
2.687500000000000000e+00 -2.056456046000000037e-01
2.689999999999999947e+00 -2.054762411999999927e-01
2.692499999999999893e+00 -2.055794873000000023e-01
2.694999999999999840e+00 -2.054727360999999974e-01
2.697499999999999787e+00 -2.058180337000000137e-01
2.700000000000000178e+00 -2.058346084000000076e-01
2.702500000000000124e+00 -2.052360943000000049e-01
2.705000000000000071e+00 -2.049948366999999882e-01
2.707500000000000018e+00 -2.049721895999999932e-01
2.709999999999999964e+00 -2.051499558000000056e-01
2.712499999999999911e+00 -2.048914518000000129e-01
2.714999999999999858e+00 -2.049415333999999866e-01
2.717499999999999805e+00 -2.045657810000000021e-01
2.720000000000000195e+00 -2.050429011999999884e-01
2.722500000000000142e+00 -2.048410578000000037e-01
2.725000000000000089e+00 -2.046400985999999866e-01
2.727500000000000036e+00 -2.046542283999999989e-01
2.729999999999999982e+00 -2.044432342999999985e-01
2.732499999999999929e+00 -2.046348826000000121e-01
2.734999999999999876e+00 -2.042934798999999912e-01
2.737499999999999822e+00 -2.041190172000000025e-01
2.740000000000000213e+00 -2.036879927999999951e-01
2.742500000000000160e+00 -2.039725622000000127e-01
2.745000000000000107e+00 -2.037202166000000036e-01
2.747500000000000053e+00 -2.036271592999999991e-01
2.750000000000000000e+00 -2.035550861000000045e-01
2.752499999999999947e+00 -2.034004637999999865e-01
2.754999999999999893e+00 -2.036161260000000084e-01
2.757499999999999840e+00 -2.033232784000000015e-01
2.759999999999999787e+00 -2.032228843999999979e-01
2.762500000000000178e+00 -2.029670608999999959e-01
2.765000000000000124e+00 -2.029066291000000133e-01
2.767500000000000071e+00 -2.029596388999999890e-01
2.770000000000000018e+00 -2.028285317000000088e-01
2.772499999999999964e+00 -2.030734456999999937e-01
2.774999999999999911e+00 -2.023254376999999993e-01
2.777499999999999858e+00 -2.027071390999999889e-01
2.779999999999999805e+00 -2.024110833999999970e-01
2.782500000000000195e+00 -2.024189356999999967e-01
2.785000000000000142e+00 -2.026146612999999985e-01
2.787500000000000089e+00 -2.026556056000000106e-01
2.790000000000000036e+00 -2.026498637999999963e-01
2.792499999999999982e+00 -2.025049483999999955e-01
2.794999999999999929e+00 -2.025949475000000111e-01
2.797499999999999876e+00 -2.021395720999999979e-01
2.799999999999999822e+00 -2.018277244999999998e-01
2.802500000000000213e+00 -2.019079943000000044e-01
2.805000000000000160e+00 -2.014390879000000079e-01
2.807500000000000107e+00 -2.016613361000000049e-01
2.810000000000000053e+00 -2.015474627000000130e-01
2.812500000000000000e+00 -2.014380506000000015e-01
2.814999999999999947e+00 -2.013879346000000126e-01
2.817499999999999893e+00 -2.014269010999999998e-01
2.819999999999999840e+00 -2.012659360999999869e-01
2.822499999999999787e+00 -2.015271506999999906e-01
2.825000000000000178e+00 -2.011779599000000085e-01
2.827500000000000124e+00 -2.013785260000000021e-01
2.830000000000000071e+00 -2.009373720000000030e-01
2.832500000000000018e+00 -2.005008578999999957e-01
2.834999999999999964e+00 -2.011977808000000034e-01
2.837499999999999911e+00 -2.007966258999999976e-01
2.839999999999999858e+00 -2.007952652999999976e-01
2.842499999999999805e+00 -2.003440008000000050e-01
2.845000000000000195e+00 -2.004915808999999938e-01
2.847500000000000142e+00 -2.003450016999999972e-01
2.850000000000000089e+00 -2.005267179000000122e-01
2.852500000000000036e+00 -2.005437804999999907e-01
2.854999999999999982e+00 -1.998095444999999915e-01
2.857499999999999929e+00 -2.001576438000000069e-01
2.859999999999999876e+00 -1.997099267999999928e-01
2.862499999999999822e+00 -2.001172596000000137e-01
2.865000000000000213e+00 -1.996562427999999945e-01
2.867500000000000160e+00 -2.001417487999999911e-01
2.870000000000000107e+00 -2.000128169000000011e-01
2.872500000000000053e+00 -1.995936242000000138e-01
2.875000000000000000e+00 -1.997128941000000102e-01
2.877499999999999947e+00 -1.996443729000000056e-01
2.879999999999999893e+00 -1.993822325000000062e-01
2.882499999999999840e+00 -1.994263730999999984e-01
2.884999999999999787e+00 -1.996429912999999889e-01
2.887500000000000178e+00 -1.989886663000000055e-01
2.890000000000000124e+00 -1.992756564000000008e-01
2.892500000000000071e+00 -1.989732771999999927e-01
2.895000000000000018e+00 -1.988248474000000043e-01
2.897499999999999964e+00 -1.987374413999999923e-01
2.899999999999999911e+00 -1.987154821999999876e-01
2.902499999999999858e+00 -1.986808750999999873e-01
2.904999999999999805e+00 -1.984793333000000048e-01
2.907500000000000195e+00 -1.986695509999999998e-01
2.910000000000000142e+00 -1.988319248000000039e-01
2.912500000000000089e+00 -1.982770791000000032e-01
2.915000000000000036e+00 -1.982866973000000088e-01
2.917499999999999982e+00 -1.981222921999999942e-01
2.919999999999999929e+00 -1.984447143999999996e-01
2.922499999999999876e+00 -1.982419673999999965e-01
2.924999999999999822e+00 -1.982079156000000064e-01
2.927500000000000213e+00 -1.975774375999999888e-01
2.930000000000000160e+00 -1.980172191000000026e-01
2.932500000000000107e+00 -1.975236159000000047e-01
2.935000000000000053e+00 -1.979694633999999898e-01
2.937500000000000000e+00 -1.978280752000000087e-01
2.939999999999999947e+00 -1.977881266000000027e-01
2.942499999999999893e+00 -1.977191034000000125e-01
2.944999999999999840e+00 -1.973736356000000136e-01
2.947499999999999787e+00 -1.973302581999999972e-01
2.950000000000000178e+00 -1.972888529999999863e-01
2.952500000000000124e+00 -1.971636806000000020e-01
2.955000000000000071e+00 -1.974283769000000077e-01
2.957500000000000018e+00 -1.970847689000000125e-01
2.959999999999999964e+00 -1.971639515999999981e-01
2.962499999999999911e+00 -1.969927229000000002e-01
2.964999999999999858e+00 -1.970086520000000063e-01
2.967499999999999805e+00 -1.967613723999999953e-01
2.970000000000000195e+00 -1.964610658000000010e-01
2.972500000000000142e+00 -1.967783168999999999e-01
2.975000000000000089e+00 -1.965226154999999975e-01
2.977500000000000036e+00 -1.965232050000000064e-01
2.979999999999999982e+00 -1.966360651999999876e-01
2.982499999999999929e+00 -1.963202682999999893e-01
2.984999999999999876e+00 -1.964539727999999874e-01
2.987499999999999822e+00 -1.959320709000000049e-01
2.990000000000000213e+00 -1.958416326000000096e-01
2.992500000000000160e+00 -1.960274788999999962e-01
2.995000000000000107e+00 -1.960578558999999943e-01
2.997500000000000053e+00 -1.955850627000000064e-01
3.000000000000000000e+00 -1.961210355999999932e-01
3.002499999999999947e+00 -1.956639597000000008e-01
3.004999999999999893e+00 -1.959370277999999965e-01
3.007499999999999840e+00 -1.956097216999999888e-01
3.009999999999999787e+00 -1.955891378999999874e-01
3.012500000000000178e+00 -1.955247944000000071e-01
3.015000000000000124e+00 -1.954874735000000086e-01
3.017500000000000071e+00 -1.951084030999999941e-01
3.020000000000000018e+00 -1.951163377000000032e-01
3.022499999999999964e+00 -1.946594892000000077e-01
3.024999999999999911e+00 -1.950762664000000035e-01
3.027499999999999858e+00 -1.948679692999999991e-01
3.029999999999999805e+00 -1.949772585000000003e-01
3.032500000000000195e+00 -1.949056248000000102e-01
3.035000000000000142e+00 -1.945894528000000068e-01
3.037500000000000089e+00 -1.945437265999999943e-01
3.040000000000000036e+00 -1.947160363999999866e-01
3.042499999999999982e+00 -1.948410862999999937e-01
3.044999999999999929e+00 -1.949107914000000052e-01
3.047499999999999876e+00 -1.945124524999999882e-01
3.049999999999999822e+00 -1.944774900000000029e-01
3.052500000000000213e+00 -1.943505046000000014e-01
3.055000000000000160e+00 -1.947898556000000059e-01
3.057500000000000107e+00 -1.943484003000000016e-01
3.060000000000000053e+00 -1.940877052999999963e-01
3.062500000000000000e+00 -1.938460643000000094e-01
3.064999999999999947e+00 -1.938999455000000038e-01
3.067499999999999893e+00 -1.940890462000000039e-01
3.069999999999999840e+00 -1.941211278999999956e-01
3.072499999999999787e+00 -1.944117204999999959e-01
3.075000000000000178e+00 -1.937183170000000010e-01
3.077500000000000124e+00 -1.936957964999999893e-01
3.080000000000000071e+00 -1.935212145000000106e-01
3.082500000000000018e+00 -1.937971611000000038e-01
3.084999999999999964e+00 -1.938486268999999873e-01
3.087499999999999911e+00 -1.936168208999999862e-01
3.089999999999999858e+00 -1.932964791000000015e-01
3.092499999999999805e+00 -1.932097229999999999e-01
3.095000000000000195e+00 -1.932788284999999995e-01
3.097500000000000142e+00 -1.932292311000000096e-01
3.100000000000000089e+00 -1.930828592000000121e-01
3.102500000000000036e+00 -1.928609129999999949e-01
3.104999999999999982e+00 -1.930144635999999914e-01
3.107499999999999929e+00 -1.929256826999999896e-01
3.109999999999999876e+00 -1.928234893000000116e-01
3.112499999999999822e+00 -1.921340411999999942e-01
3.115000000000000213e+00 -1.928711935999999905e-01
3.117500000000000160e+00 -1.921507838000000024e-01
3.120000000000000107e+00 -1.925914727999999965e-01
3.122500000000000053e+00 -1.920332979999999912e-01
3.125000000000000000e+00 -1.921523786999999872e-01
3.127499999999999947e+00 -1.926492968999999889e-01
3.129999999999999893e+00 -1.924224955000000126e-01
3.132499999999999840e+00 -1.920287907000000072e-01
3.134999999999999787e+00 -1.921898122000000042e-01
3.137500000000000178e+00 -1.921385455000000075e-01
3.140000000000000124e+00 -1.920263396000000122e-01
3.142500000000000071e+00 -1.917129890000000003e-01
3.145000000000000018e+00 -1.918466430999999917e-01
3.147499999999999964e+00 -1.911494794999999969e-01
3.149999999999999911e+00 -1.919478736000000130e-01
3.152499999999999858e+00 -1.917386211000000062e-01
3.154999999999999805e+00 -1.913232343000000057e-01
3.157500000000000195e+00 -1.914225538999999865e-01
3.160000000000000142e+00 -1.914139460000000015e-01
3.162500000000000089e+00 -1.915746074999999937e-01
3.165000000000000036e+00 -1.912757942999999961e-01
3.167499999999999982e+00 -1.915866257999999933e-01
3.169999999999999929e+00 -1.908662825000000118e-01
3.172499999999999876e+00 -1.912502631000000120e-01
3.174999999999999822e+00 -1.912282452999999882e-01
3.177500000000000213e+00 -1.911194331999999940e-01
3.180000000000000160e+00 -1.911386498000000045e-01
3.182500000000000107e+00 -1.908818349999999997e-01
3.185000000000000053e+00 -1.907475734000000089e-01
3.187500000000000000e+00 -1.906790500999999971e-01
3.189999999999999947e+00 -1.908264367999999989e-01
3.192499999999999893e+00 -1.901923540999999884e-01
3.194999999999999840e+00 -1.906195592999999910e-01
3.197499999999999787e+00 -1.904258667000000016e-01
3.200000000000000178e+00 -1.902177835999999955e-01
3.202500000000000124e+00 -1.903096288999999997e-01
3.205000000000000071e+00 -1.899905074999999888e-01
3.207500000000000018e+00 -1.902857004000000074e-01
3.209999999999999964e+00 -1.901899324999999918e-01
3.212499999999999911e+00 -1.902562889999999951e-01
3.214999999999999858e+00 -1.901412426000000100e-01
3.217499999999999805e+00 -1.898475605000000122e-01
3.220000000000000195e+00 -1.897642172000000016e-01
3.222500000000000142e+00 -1.900957869999999883e-01
3.225000000000000089e+00 -1.901270043000000132e-01
3.227500000000000036e+00 -1.899845840000000119e-01
3.229999999999999982e+00 -1.894316466000000032e-01
3.232499999999999929e+00 -1.897378523999999900e-01
3.234999999999999876e+00 -1.894999812000000006e-01
3.237499999999999822e+00 -1.892649935999999866e-01
3.240000000000000213e+00 -1.890010297999999977e-01
3.242500000000000160e+00 -1.891509623000000029e-01
3.245000000000000107e+00 -1.893465672999999905e-01
3.247500000000000053e+00 -1.891175642000000046e-01
3.250000000000000000e+00 -1.890814077999999898e-01
3.252499999999999947e+00 -1.895336703999999928e-01
3.254999999999999893e+00 -1.893092463999999919e-01
3.257499999999999840e+00 -1.888476751000000009e-01
3.259999999999999787e+00 -1.890016509999999927e-01
3.262500000000000178e+00 -1.890812553000000007e-01
3.265000000000000124e+00 -1.890846331000000102e-01
3.267500000000000071e+00 -1.892708547999999991e-01
3.270000000000000018e+00 -1.888407579999999975e-01
3.272499999999999964e+00 -1.890767523999999922e-01
3.274999999999999911e+00 -1.886806950999999899e-01
3.277499999999999858e+00 -1.884960934999999893e-01
3.279999999999999805e+00 -1.884563186000000057e-01
3.282500000000000195e+00 -1.884101226000000073e-01
3.285000000000000142e+00 -1.882799366000000030e-01
3.287500000000000089e+00 -1.884002291999999912e-01
3.290000000000000036e+00 -1.886855594999999886e-01
3.292499999999999982e+00 -1.881114436000000112e-01
3.294999999999999929e+00 -1.884495516999999953e-01
3.297499999999999876e+00 -1.879106739999999998e-01
3.299999999999999822e+00 -1.882968764000000073e-01
3.302500000000000213e+00 -1.884129774999999951e-01
3.305000000000000160e+00 -1.878526481999999997e-01
3.307500000000000107e+00 -1.877223815000000073e-01
3.310000000000000053e+00 -1.877275801000000133e-01
3.312500000000000000e+00 -1.878842850999999925e-01
3.314999999999999947e+00 -1.876838127999999883e-01
3.317499999999999893e+00 -1.876226273000000111e-01
3.319999999999999840e+00 -1.875560752000000053e-01
3.322499999999999787e+00 -1.875864261999999894e-01
3.325000000000000178e+00 -1.877209612999999888e-01
3.327500000000000124e+00 -1.877707929000000109e-01
3.330000000000000071e+00 -1.870962372999999956e-01
3.332500000000000018e+00 -1.872901178999999972e-01
3.334999999999999964e+00 -1.871930317000000121e-01
3.337499999999999911e+00 -1.868663294000000030e-01
3.339999999999999858e+00 -1.872939363999999995e-01
3.342499999999999805e+00 -1.868878286000000000e-01
3.345000000000000195e+00 -1.871605970999999924e-01
3.347500000000000142e+00 -1.867078138000000109e-01
3.350000000000000089e+00 -1.865174531000000080e-01
3.352500000000000036e+00 -1.868270008000000038e-01
3.354999999999999982e+00 -1.868294282000000084e-01
3.357499999999999929e+00 -1.872163210999999994e-01
3.359999999999999876e+00 -1.864356080000000027e-01
3.362499999999999822e+00 -1.868644721999999925e-01
3.365000000000000213e+00 -1.866128502000000133e-01
3.367500000000000160e+00 -1.868118810000000130e-01
3.370000000000000107e+00 -1.862124112999999914e-01
3.372500000000000053e+00 -1.861597549000000018e-01
3.375000000000000000e+00 -1.863548525000000011e-01
3.377499999999999947e+00 -1.866239952000000035e-01
3.379999999999999893e+00 -1.862303000999999958e-01
3.382499999999999840e+00 -1.862564207000000083e-01
3.384999999999999787e+00 -1.860635646000000087e-01
3.387500000000000178e+00 -1.860146149999999943e-01
3.390000000000000124e+00 -1.857759415000000136e-01
3.392500000000000071e+00 -1.861351226000000081e-01
3.395000000000000018e+00 -1.862738765999999990e-01
3.397499999999999964e+00 -1.859314387000000068e-01
3.399999999999999911e+00 -1.861358200999999879e-01
3.402499999999999858e+00 -1.861215565999999877e-01
3.404999999999999805e+00 -1.860343257000000028e-01
3.407500000000000195e+00 -1.854327876000000097e-01
3.410000000000000142e+00 -1.855397249999999887e-01
3.412500000000000089e+00 -1.855450690999999874e-01
3.415000000000000036e+00 -1.853750228999999916e-01
3.417499999999999982e+00 -1.857109409999999905e-01
3.419999999999999929e+00 -1.853720178000000107e-01
3.422499999999999876e+00 -1.855822430999999884e-01
3.424999999999999822e+00 -1.852618984000000135e-01
3.427500000000000213e+00 -1.852064968999999894e-01
3.430000000000000160e+00 -1.853062723999999994e-01
3.432500000000000107e+00 -1.849103806000000072e-01
3.435000000000000053e+00 -1.853766051000000081e-01
3.437500000000000000e+00 -1.850777563999999875e-01
3.439999999999999947e+00 -1.848491999000000108e-01
3.442499999999999893e+00 -1.851411735999999864e-01
3.444999999999999840e+00 -1.847133686999999913e-01
3.447499999999999787e+00 -1.849023503999999984e-01
3.450000000000000178e+00 -1.848729946000000068e-01
3.452500000000000124e+00 -1.844379966999999954e-01
3.455000000000000071e+00 -1.844769900999999879e-01
3.457500000000000018e+00 -1.846570747000000068e-01
3.459999999999999964e+00 -1.842442894999999914e-01
3.462499999999999911e+00 -1.848886697000000079e-01
3.464999999999999858e+00 -1.847759702000000004e-01
3.467499999999999805e+00 -1.848437135999999870e-01
3.470000000000000195e+00 -1.845524498999999985e-01
3.472500000000000142e+00 -1.848525510000000038e-01
3.475000000000000089e+00 -1.842271894999999993e-01
3.477500000000000036e+00 -1.842979507999999988e-01
3.479999999999999982e+00 -1.844043209000000016e-01
3.482499999999999929e+00 -1.837602549000000030e-01
3.484999999999999876e+00 -1.844353673999999943e-01
3.487499999999999822e+00 -1.839292205999999985e-01
3.490000000000000213e+00 -1.840621933000000099e-01
3.492500000000000160e+00 -1.840820196999999880e-01
3.495000000000000107e+00 -1.837992615000000052e-01
3.497500000000000053e+00 -1.843150151999999875e-01
3.500000000000000000e+00 -1.838212542999999866e-01
3.502499999999999947e+00 -1.839598786999999958e-01
3.504999999999999893e+00 -1.834134030000000026e-01
3.507499999999999840e+00 -1.839601423999999985e-01
3.509999999999999787e+00 -1.841572797999999900e-01
3.512500000000000178e+00 -1.834383927000000081e-01
3.515000000000000124e+00 -1.836321214999999951e-01
3.517500000000000071e+00 -1.834535471000000029e-01
3.520000000000000018e+00 -1.833506547000000042e-01
3.522499999999999964e+00 -1.837765433000000115e-01
3.524999999999999911e+00 -1.834047431999999977e-01
3.527499999999999858e+00 -1.832803748999999871e-01
3.529999999999999805e+00 -1.834492205000000098e-01
3.532500000000000195e+00 -1.835484934999999929e-01
3.535000000000000142e+00 -1.831911365999999985e-01
3.537500000000000089e+00 -1.828972147000000048e-01
3.540000000000000036e+00 -1.829649714000000094e-01
3.542499999999999982e+00 -1.828493311999999926e-01
3.544999999999999929e+00 -1.831680565999999899e-01
3.547499999999999876e+00 -1.829240330999999942e-01
3.549999999999999822e+00 -1.828436177999999968e-01
3.552500000000000213e+00 -1.826812680999999883e-01
3.555000000000000160e+00 -1.826683484000000135e-01
3.557500000000000107e+00 -1.826887845000000066e-01
3.560000000000000053e+00 -1.824606799999999862e-01
3.562500000000000000e+00 -1.825224790999999958e-01
3.564999999999999947e+00 -1.821489840999999943e-01
3.567499999999999893e+00 -1.824018447000000098e-01
3.569999999999999840e+00 -1.823515937999999892e-01
3.572499999999999787e+00 -1.826131763999999935e-01
3.575000000000000178e+00 -1.823508993000000078e-01
3.577500000000000124e+00 -1.823689777999999984e-01
3.580000000000000071e+00 -1.822210606999999927e-01
3.582500000000000018e+00 -1.824693900000000091e-01
3.584999999999999964e+00 -1.822432696000000074e-01
3.587499999999999911e+00 -1.822668631000000095e-01
3.589999999999999858e+00 -1.820457916000000065e-01
3.592499999999999805e+00 -1.821923424000000125e-01
3.595000000000000195e+00 -1.818620197999999966e-01
3.597500000000000142e+00 -1.815179325000000066e-01
3.600000000000000089e+00 -1.815791019000000117e-01
3.602500000000000036e+00 -1.816180296999999888e-01
3.604999999999999982e+00 -1.818708793999999906e-01
3.607499999999999929e+00 -1.817092482999999870e-01
3.609999999999999876e+00 -1.816427130999999917e-01
3.612499999999999822e+00 -1.818227662000000133e-01
3.615000000000000213e+00 -1.816939818999999956e-01
3.617500000000000160e+00 -1.814872344000000026e-01
3.620000000000000107e+00 -1.814478686000000063e-01
3.622500000000000053e+00 -1.819589580000000040e-01
3.625000000000000000e+00 -1.813716669999999864e-01
3.627499999999999947e+00 -1.816644813000000136e-01
3.629999999999999893e+00 -1.812120382000000085e-01
3.632499999999999840e+00 -1.813947328999999942e-01
3.634999999999999787e+00 -1.812621917999999999e-01
3.637500000000000178e+00 -1.810703385999999915e-01
3.640000000000000124e+00 -1.809155577999999875e-01
3.642500000000000071e+00 -1.812852463000000081e-01
3.645000000000000018e+00 -1.811194902999999912e-01
3.647499999999999964e+00 -1.813552038000000033e-01
3.649999999999999911e+00 -1.812709308999999880e-01
3.652499999999999858e+00 -1.810918615999999870e-01
3.654999999999999805e+00 -1.808917129000000013e-01
3.657500000000000195e+00 -1.809525327000000017e-01
3.660000000000000142e+00 -1.809504530999999916e-01
3.662500000000000089e+00 -1.807727593000000021e-01
3.665000000000000036e+00 -1.807517190000000051e-01
3.667499999999999982e+00 -1.808473366999999998e-01
3.669999999999999929e+00 -1.805064228000000104e-01
3.672499999999999876e+00 -1.804304032000000058e-01
3.674999999999999822e+00 -1.804862010000000128e-01
3.677500000000000213e+00 -1.809448345999999930e-01
3.680000000000000160e+00 -1.804152972999999993e-01
3.682500000000000107e+00 -1.801340053999999913e-01
3.685000000000000053e+00 -1.804921059000000050e-01
3.687500000000000000e+00 -1.802486378000000000e-01
3.689999999999999947e+00 -1.803373308000000008e-01
3.692499999999999893e+00 -1.806930719000000019e-01
3.694999999999999840e+00 -1.803547715000000107e-01
3.697499999999999787e+00 -1.800648501000000068e-01
3.700000000000000178e+00 -1.803867724000000061e-01
3.702500000000000124e+00 -1.796937895999999868e-01
3.705000000000000071e+00 -1.797223628000000073e-01
3.707500000000000018e+00 -1.798403125999999963e-01
3.709999999999999964e+00 -1.801164285999999892e-01
3.712499999999999911e+00 -1.799483151999999864e-01
3.714999999999999858e+00 -1.797885895000000123e-01
3.717499999999999805e+00 -1.798345530999999886e-01
3.720000000000000195e+00 -1.800874368000000003e-01
3.722500000000000142e+00 -1.796406483999999915e-01
3.725000000000000089e+00 -1.797067528000000081e-01
3.727500000000000036e+00 -1.797261990000000031e-01
3.729999999999999982e+00 -1.797390218000000095e-01
3.732499999999999929e+00 -1.794809740999999959e-01
3.734999999999999876e+00 -1.797297479999999947e-01
3.737499999999999822e+00 -1.796362478999999901e-01
3.740000000000000213e+00 -1.795453009000000100e-01
3.742500000000000160e+00 -1.792973690000000120e-01
3.745000000000000107e+00 -1.795413124999999943e-01
3.747500000000000053e+00 -1.797205430000000104e-01
3.750000000000000000e+00 -1.791807475999999955e-01
3.752499999999999947e+00 -1.790498557000000102e-01
3.754999999999999893e+00 -1.790658005999999913e-01
3.757499999999999840e+00 -1.792031134000000026e-01
3.759999999999999787e+00 -1.791160408999999953e-01
3.762500000000000178e+00 -1.791701490000000008e-01
3.765000000000000124e+00 -1.792710285000000126e-01
3.767500000000000071e+00 -1.789918842000000065e-01
3.770000000000000018e+00 -1.789262940000000135e-01
3.772499999999999964e+00 -1.789056968000000136e-01
3.774999999999999911e+00 -1.791702953000000043e-01
3.777499999999999858e+00 -1.792651362999999887e-01
3.779999999999999805e+00 -1.785794980000000032e-01
3.782500000000000195e+00 -1.790674764999999891e-01
3.785000000000000142e+00 -1.789512627000000022e-01
3.787500000000000089e+00 -1.790678755000000011e-01
3.790000000000000036e+00 -1.789513345000000033e-01
3.792499999999999982e+00 -1.782289569000000129e-01
3.794999999999999929e+00 -1.785409022999999984e-01
3.797499999999999876e+00 -1.787268988000000058e-01
3.799999999999999822e+00 -1.783556289999999878e-01
3.802500000000000213e+00 -1.784597951999999932e-01
3.805000000000000160e+00 -1.785447897999999922e-01
3.807500000000000107e+00 -1.786902501000000032e-01
3.810000000000000053e+00 -1.782429691999999899e-01
3.812500000000000000e+00 -1.783334450000000071e-01
3.814999999999999947e+00 -1.788589896999999984e-01
3.817499999999999893e+00 -1.783316960000000118e-01
3.819999999999999840e+00 -1.784122687999999957e-01
3.822499999999999787e+00 -1.782997208000000056e-01
3.825000000000000178e+00 -1.784598840000000131e-01
3.827500000000000124e+00 -1.779605606999999923e-01
3.830000000000000071e+00 -1.778611069000000100e-01
3.832500000000000018e+00 -1.782954820000000051e-01
3.834999999999999964e+00 -1.782630843999999937e-01
3.837499999999999911e+00 -1.779778144999999978e-01
3.839999999999999858e+00 -1.782180990999999992e-01
3.842499999999999805e+00 -1.777834558999999981e-01
3.845000000000000195e+00 -1.777124736000000038e-01
3.847500000000000142e+00 -1.780041735000000014e-01
3.850000000000000089e+00 -1.780264975999999999e-01
3.852500000000000036e+00 -1.776310959999999883e-01
3.854999999999999982e+00 -1.775483171999999998e-01
3.857499999999999929e+00 -1.778946076000000043e-01
3.859999999999999876e+00 -1.779357267999999992e-01
3.862499999999999822e+00 -1.779801218000000018e-01
3.865000000000000213e+00 -1.773282247000000089e-01
3.867500000000000160e+00 -1.777342254000000010e-01
3.870000000000000107e+00 -1.772094404000000012e-01
3.872500000000000053e+00 -1.774450948999999889e-01
3.875000000000000000e+00 -1.775328251999999940e-01
3.877499999999999947e+00 -1.773296990999999878e-01
3.879999999999999893e+00 -1.773227604000000013e-01
3.882499999999999840e+00 -1.772201978000000067e-01
3.884999999999999787e+00 -1.774090608999999985e-01
3.887500000000000178e+00 -1.771995232999999947e-01
3.890000000000000124e+00 -1.773957841999999896e-01
3.892500000000000071e+00 -1.770166257999999937e-01
3.895000000000000018e+00 -1.773412664000000027e-01
3.897499999999999964e+00 -1.769890400999999946e-01
3.899999999999999911e+00 -1.771626782999999872e-01
3.902499999999999858e+00 -1.773836701000000016e-01
3.904999999999999805e+00 -1.771976661999999925e-01
3.907500000000000195e+00 -1.771918715999999949e-01
3.910000000000000142e+00 -1.771443511000000137e-01
3.912500000000000089e+00 -1.769904737000000117e-01
3.915000000000000036e+00 -1.768376758999999909e-01
3.917499999999999982e+00 -1.773395265000000109e-01
3.919999999999999929e+00 -1.766433360000000119e-01
3.922499999999999876e+00 -1.768410239000000050e-01
3.924999999999999822e+00 -1.767759291000000066e-01
3.927500000000000213e+00 -1.768492834000000014e-01
3.930000000000000160e+00 -1.766050123000000027e-01
3.932500000000000107e+00 -1.762271720999999958e-01
3.935000000000000053e+00 -1.768836444999999924e-01
3.937500000000000000e+00 -1.764776600000000084e-01
3.939999999999999947e+00 -1.767186679999999954e-01
3.942499999999999893e+00 -1.763977770000000056e-01
3.944999999999999840e+00 -1.768312294999999923e-01
3.947499999999999787e+00 -1.767295541999999997e-01
3.950000000000000178e+00 -1.765134465000000041e-01
3.952500000000000124e+00 -1.765840931999999863e-01
3.955000000000000071e+00 -1.764105797999999947e-01
3.957500000000000018e+00 -1.764627511000000093e-01
3.959999999999999964e+00 -1.761212520000000059e-01
3.962499999999999911e+00 -1.765430115000000133e-01
3.964999999999999858e+00 -1.764177282000000124e-01
3.967499999999999805e+00 -1.760859113000000087e-01
3.970000000000000195e+00 -1.758682179000000123e-01
3.972500000000000142e+00 -1.759156856999999907e-01
3.975000000000000089e+00 -1.763697744999999928e-01
3.977500000000000036e+00 -1.761919955000000038e-01
3.979999999999999982e+00 -1.760707125000000040e-01
3.982499999999999929e+00 -1.760177233000000119e-01
3.984999999999999876e+00 -1.760863997000000070e-01
3.987499999999999822e+00 -1.761314086000000112e-01
3.990000000000000213e+00 -1.763348298999999897e-01
3.992500000000000160e+00 -1.760798255999999895e-01
3.995000000000000107e+00 -1.760362696999999976e-01
3.997500000000000053e+00 -1.759582913000000137e-01
4.000000000000000000e+00 -1.754494594999999879e-01
4.002500000000000391e+00 -1.759241698000000020e-01
4.004999999999999893e+00 -1.756770957000000077e-01
4.007500000000000284e+00 -1.758171353000000103e-01
4.009999999999999787e+00 -1.762901561999999922e-01
4.012500000000000178e+00 -1.758645966000000060e-01
4.014999999999999680e+00 -1.755620236000000056e-01
4.017500000000000071e+00 -1.757172486999999950e-01
4.019999999999999574e+00 -1.753654682000000131e-01
4.022499999999999964e+00 -1.757058779000000015e-01
4.025000000000000355e+00 -1.754265956000000126e-01
4.027499999999999858e+00 -1.758596296999999919e-01
4.030000000000000249e+00 -1.755495411999999922e-01
4.032499999999999751e+00 -1.755093687000000013e-01
4.035000000000000142e+00 -1.752514977000000085e-01
4.037499999999999645e+00 -1.753450135000000076e-01
4.040000000000000036e+00 -1.754455988999999994e-01
4.042500000000000426e+00 -1.752911977999999926e-01
4.044999999999999929e+00 -1.749863114000000108e-01
4.047500000000000320e+00 -1.748716267000000046e-01
4.049999999999999822e+00 -1.751137513999999895e-01
4.052500000000000213e+00 -1.752970578999999973e-01
4.054999999999999716e+00 -1.751213480000000100e-01
4.057500000000000107e+00 -1.749046182000000005e-01
4.059999999999999609e+00 -1.752522108000000023e-01
4.062500000000000000e+00 -1.750296403000000112e-01
4.065000000000000391e+00 -1.750344520000000070e-01
4.067499999999999893e+00 -1.751245988000000031e-01
4.070000000000000284e+00 -1.750788031000000133e-01
4.072499999999999787e+00 -1.743585729999999889e-01
4.075000000000000178e+00 -1.748865883999999871e-01
4.077499999999999680e+00 -1.750062813999999911e-01
4.080000000000000071e+00 -1.745760982000000017e-01
4.082499999999999574e+00 -1.751447502000000045e-01
4.084999999999999964e+00 -1.749404924000000083e-01
4.087500000000000355e+00 -1.749798220000000071e-01
4.089999999999999858e+00 -1.746416352000000061e-01
4.092500000000000249e+00 -1.746455536000000031e-01
4.094999999999999751e+00 -1.747323463000000077e-01
4.097500000000000142e+00 -1.746721407999999864e-01
4.099999999999999645e+00 -1.745221916999999956e-01
4.102500000000000036e+00 -1.746986872999999885e-01
4.105000000000000426e+00 -1.746170877999999871e-01
4.107499999999999929e+00 -1.746346001000000092e-01
4.110000000000000320e+00 -1.748212345999999862e-01
4.112499999999999822e+00 -1.749260314999999955e-01
4.115000000000000213e+00 -1.745934484999999980e-01
4.117499999999999716e+00 -1.747397598000000052e-01
4.120000000000000107e+00 -1.740450323999999938e-01
4.122499999999999609e+00 -1.746487945000000097e-01
4.125000000000000000e+00 -1.745941752999999874e-01
4.127500000000000391e+00 -1.743455389999999938e-01
4.129999999999999893e+00 -1.742205491000000106e-01
4.132500000000000284e+00 -1.745996740999999908e-01
4.134999999999999787e+00 -1.746454705999999912e-01
4.137500000000000178e+00 -1.742646666000000066e-01
4.139999999999999680e+00 -1.740252860000000013e-01
4.142500000000000071e+00 -1.743431569999999986e-01
4.144999999999999574e+00 -1.743118902000000137e-01
4.147499999999999964e+00 -1.742794333000000084e-01
4.150000000000000355e+00 -1.743836103999999998e-01
4.152499999999999858e+00 -1.740613021000000094e-01
4.155000000000000249e+00 -1.740047695999999977e-01
4.157499999999999751e+00 -1.741428319999999974e-01
4.160000000000000142e+00 -1.741028138999999864e-01
4.162499999999999645e+00 -1.739473461999999915e-01
4.165000000000000036e+00 -1.740548738999999900e-01
4.167500000000000426e+00 -1.739087380000000072e-01
4.169999999999999929e+00 -1.739294577000000119e-01
4.172500000000000320e+00 -1.737763633999999946e-01
4.174999999999999822e+00 -1.737265620000000010e-01
4.177500000000000213e+00 -1.742092221000000052e-01
4.179999999999999716e+00 -1.738140707999999979e-01
4.182500000000000107e+00 -1.739877023999999994e-01
4.184999999999999609e+00 -1.739844274000000024e-01
4.187500000000000000e+00 -1.736642116999999874e-01
4.190000000000000391e+00 -1.735996347000000051e-01
4.192499999999999893e+00 -1.737789309999999976e-01
4.195000000000000284e+00 -1.740597335000000079e-01
4.197499999999999787e+00 -1.740348176000000024e-01
4.200000000000000178e+00 -1.740271378999999896e-01
4.202499999999999680e+00 -1.734615573000000133e-01
4.205000000000000071e+00 -1.736205070999999878e-01
4.207499999999999574e+00 -1.735450399000000032e-01
4.209999999999999964e+00 -1.736336586999999987e-01
4.212500000000000355e+00 -1.732805155999999902e-01
4.214999999999999858e+00 -1.735305517000000075e-01
4.217500000000000249e+00 -1.737308110000000128e-01
4.219999999999999751e+00 -1.731689455000000044e-01
4.222500000000000142e+00 -1.734633550999999940e-01
4.224999999999999645e+00 -1.737011840999999890e-01
4.227500000000000036e+00 -1.734102866999999992e-01
4.230000000000000426e+00 -1.731644210000000128e-01
4.232499999999999929e+00 -1.730729906000000040e-01
4.235000000000000320e+00 -1.732333648999999920e-01
4.237499999999999822e+00 -1.735657600999999939e-01
4.240000000000000213e+00 -1.733289853999999963e-01
4.242499999999999716e+00 -1.733059701999999924e-01
4.245000000000000107e+00 -1.731498958999999893e-01
4.247499999999999609e+00 -1.730230074999999923e-01
4.250000000000000000e+00 -1.732534383000000067e-01
4.252500000000000391e+00 -1.731822289000000126e-01
4.254999999999999893e+00 -1.731745201999999872e-01
4.257500000000000284e+00 -1.733368171999999929e-01
4.259999999999999787e+00 -1.735981296999999923e-01
4.262500000000000178e+00 -1.734608595999999892e-01
4.264999999999999680e+00 -1.728497277999999915e-01
4.267500000000000071e+00 -1.733230685000000104e-01
4.269999999999999574e+00 -1.731606752000000027e-01
4.272499999999999964e+00 -1.729370564000000110e-01
4.275000000000000355e+00 -1.727705996999999993e-01
4.277499999999999858e+00 -1.727513542000000124e-01
4.280000000000000249e+00 -1.728526172000000027e-01
4.282499999999999751e+00 -1.727068693999999904e-01
4.285000000000000142e+00 -1.729677642999999931e-01
4.287499999999999645e+00 -1.730428063999999988e-01
4.290000000000000036e+00 -1.728478165000000011e-01
4.292500000000000426e+00 -1.730089365999999962e-01
4.294999999999999929e+00 -1.729448185000000138e-01
4.297500000000000320e+00 -1.726555942000000121e-01
4.299999999999999822e+00 -1.725713117000000074e-01
4.302500000000000213e+00 -1.727343583000000016e-01
4.304999999999999716e+00 -1.726300753999999993e-01
4.307500000000000107e+00 -1.727501190000000075e-01
4.309999999999999609e+00 -1.729714554000000015e-01
4.312500000000000000e+00 -1.724982110999999929e-01
4.315000000000000391e+00 -1.726277165000000002e-01
4.317499999999999893e+00 -1.726778617999999987e-01
4.320000000000000284e+00 -1.725988854000000128e-01
4.322499999999999787e+00 -1.726930919999999925e-01
4.325000000000000178e+00 -1.721584367000000004e-01
4.327499999999999680e+00 -1.725988106999999938e-01
4.330000000000000071e+00 -1.725576235000000069e-01
4.332499999999999574e+00 -1.722688926000000009e-01
4.334999999999999964e+00 -1.723432518000000135e-01
4.337500000000000355e+00 -1.725429015000000121e-01
4.339999999999999858e+00 -1.724256919999999915e-01
4.342500000000000249e+00 -1.726711183999999899e-01
4.344999999999999751e+00 -1.725382179000000127e-01
4.347500000000000142e+00 -1.722400219999999926e-01
4.349999999999999645e+00 -1.721173444999999913e-01
4.352500000000000036e+00 -1.726407885000000031e-01
4.355000000000000426e+00 -1.725057701000000110e-01
4.357499999999999929e+00 -1.724741220999999880e-01
4.360000000000000320e+00 -1.722389388999999993e-01
4.362499999999999822e+00 -1.723875180999999979e-01
4.365000000000000213e+00 -1.723567654000000005e-01
4.367499999999999716e+00 -1.722046902999999907e-01
4.370000000000000107e+00 -1.723589409999999877e-01
4.372499999999999609e+00 -1.721524419999999889e-01
4.375000000000000000e+00 -1.722014478999999987e-01
4.377500000000000391e+00 -1.719253135000000099e-01
4.379999999999999893e+00 -1.719251203999999922e-01
4.382500000000000284e+00 -1.718932746999999872e-01
4.384999999999999787e+00 -1.723688934000000006e-01
4.387500000000000178e+00 -1.718649700999999863e-01
4.389999999999999680e+00 -1.717657988999999885e-01
4.392500000000000071e+00 -1.719534726999999985e-01
4.394999999999999574e+00 -1.722810369999999980e-01
4.397499999999999964e+00 -1.718975949999999864e-01
4.400000000000000355e+00 -1.718385813999999956e-01
4.402499999999999858e+00 -1.720596956999999871e-01
4.405000000000000249e+00 -1.716792904999999980e-01
4.407499999999999751e+00 -1.719690614999999922e-01
4.410000000000000142e+00 -1.722714076000000094e-01
4.412499999999999645e+00 -1.719130053000000047e-01
4.415000000000000036e+00 -1.719688081000000091e-01
4.417500000000000426e+00 -1.718799327999999960e-01
4.419999999999999929e+00 -1.714017620999999936e-01
4.422500000000000320e+00 -1.720603639000000129e-01
4.424999999999999822e+00 -1.715739089999999967e-01
4.427500000000000213e+00 -1.718421831999999982e-01
4.429999999999999716e+00 -1.718081939999999974e-01
4.432500000000000107e+00 -1.717923765999999908e-01
4.434999999999999609e+00 -1.712568279999999998e-01
4.437500000000000000e+00 -1.717018767000000057e-01
4.440000000000000391e+00 -1.719229154999999953e-01
4.442499999999999893e+00 -1.719466830999999973e-01
4.445000000000000284e+00 -1.715680696999999921e-01
4.447499999999999787e+00 -1.714280156999999916e-01
4.450000000000000178e+00 -1.715262415999999901e-01
4.452499999999999680e+00 -1.718293459999999939e-01
4.455000000000000071e+00 -1.719460010999999955e-01
4.457499999999999574e+00 -1.717308237000000071e-01
4.459999999999999964e+00 -1.715679441999999888e-01
4.462500000000000355e+00 -1.717472556000000095e-01
4.464999999999999858e+00 -1.714316513999999958e-01
4.467500000000000249e+00 -1.712921008000000134e-01
4.469999999999999751e+00 -1.712139695000000073e-01
4.472500000000000142e+00 -1.716782763999999961e-01
4.474999999999999645e+00 -1.714785567999999871e-01
4.477500000000000036e+00 -1.713737324999999867e-01
4.480000000000000426e+00 -1.713549248000000025e-01
4.482499999999999929e+00 -1.714082695999999961e-01
4.485000000000000320e+00 -1.713043499999999941e-01
4.487499999999999822e+00 -1.715734892999999928e-01
4.490000000000000213e+00 -1.711250303000000084e-01
4.492499999999999716e+00 -1.712458825000000018e-01
4.495000000000000107e+00 -1.714543836999999904e-01
4.497499999999999609e+00 -1.717707213000000122e-01
4.500000000000000000e+00 -1.711418543000000070e-01
4.502500000000000391e+00 -1.713606889000000022e-01
4.504999999999999893e+00 -1.713353747999999954e-01
4.507500000000000284e+00 -1.713360706000000011e-01
4.509999999999999787e+00 -1.710791617999999903e-01
4.512500000000000178e+00 -1.712233501000000047e-01
4.514999999999999680e+00 -1.713257264999999974e-01
4.517500000000000071e+00 -1.710085151000000081e-01
4.519999999999999574e+00 -1.710748280999999926e-01
4.522499999999999964e+00 -1.710869996000000115e-01
4.525000000000000355e+00 -1.712258731000000089e-01
4.527499999999999858e+00 -1.709526358000000024e-01
4.530000000000000249e+00 -1.711332396999999950e-01
4.532499999999999751e+00 -1.714947349000000010e-01
4.535000000000000142e+00 -1.710109637999999987e-01
4.537499999999999645e+00 -1.715473432999999881e-01
4.540000000000000036e+00 -1.711692901000000100e-01
4.542500000000000426e+00 -1.706639030000000057e-01
4.544999999999999929e+00 -1.711866629999999889e-01
4.547500000000000320e+00 -1.712533897999999888e-01
4.549999999999999822e+00 -1.706619635000000135e-01
4.552500000000000213e+00 -1.710412799000000095e-01
4.554999999999999716e+00 -1.707598513999999956e-01
4.557500000000000107e+00 -1.706286032000000064e-01
4.559999999999999609e+00 -1.707060575000000080e-01
4.562500000000000000e+00 -1.709533220999999992e-01
4.565000000000000391e+00 -1.709689141999999884e-01
4.567499999999999893e+00 -1.709616416999999999e-01
4.570000000000000284e+00 -1.710049318999999901e-01
4.572499999999999787e+00 -1.710816504999999876e-01
4.575000000000000178e+00 -1.707974838000000106e-01
4.577499999999999680e+00 -1.712964358999999881e-01
4.580000000000000071e+00 -1.709010970000000018e-01
4.582499999999999574e+00 -1.710195885000000138e-01
4.584999999999999964e+00 -1.709934354000000045e-01
4.587500000000000355e+00 -1.704153616000000093e-01
4.589999999999999858e+00 -1.709378736000000121e-01
4.592500000000000249e+00 -1.707507394999999983e-01
4.594999999999999751e+00 -1.703456668999999979e-01
4.597500000000000142e+00 -1.705197615000000055e-01
4.599999999999999645e+00 -1.711017153000000124e-01
4.602500000000000036e+00 -1.708625461999999928e-01
4.605000000000000426e+00 -1.707951212999999913e-01
4.607499999999999929e+00 -1.706883282999999973e-01
4.610000000000000320e+00 -1.709108588999999900e-01
4.612499999999999822e+00 -1.707539537999999968e-01
4.615000000000000213e+00 -1.707407714999999993e-01
4.617499999999999716e+00 -1.710066217000000000e-01
4.620000000000000107e+00 -1.707075791999999870e-01
4.622499999999999609e+00 -1.709726346000000063e-01
4.625000000000000000e+00 -1.710603538000000090e-01
4.627500000000000391e+00 -1.709167837999999995e-01
4.629999999999999893e+00 -1.707951212999999913e-01
4.632500000000000284e+00 -1.707822281999999969e-01
4.634999999999999787e+00 -1.707028738999999962e-01
4.637500000000000178e+00 -1.706703615000000063e-01
4.639999999999999680e+00 -1.712004988999999977e-01
4.642500000000000071e+00 -1.707453365999999917e-01
4.644999999999999574e+00 -1.700984426999999910e-01
4.647499999999999964e+00 -1.706422798999999990e-01
4.650000000000000355e+00 -1.707145220999999879e-01
4.652499999999999858e+00 -1.701787113999999879e-01
4.655000000000000249e+00 -1.704438443000000081e-01
4.657499999999999751e+00 -1.705106816999999997e-01
4.660000000000000142e+00 -1.705219393999999888e-01
4.662499999999999645e+00 -1.705065168000000075e-01
4.665000000000000036e+00 -1.703571634999999918e-01
4.667500000000000426e+00 -1.705861599999999867e-01
4.669999999999999929e+00 -1.711068199999999928e-01
4.672500000000000320e+00 -1.703815291000000121e-01
4.674999999999999822e+00 -1.705292898000000112e-01
4.677500000000000213e+00 -1.703020205000000120e-01
4.679999999999999716e+00 -1.705152376000000081e-01
4.682500000000000107e+00 -1.702647666999999865e-01
4.684999999999999609e+00 -1.706638205999999880e-01
4.687500000000000000e+00 -1.705364396000000060e-01
4.690000000000000391e+00 -1.702235880000000090e-01
4.692499999999999893e+00 -1.703717402999999908e-01
4.695000000000000284e+00 -1.701129549000000019e-01
4.697499999999999787e+00 -1.707165874999999888e-01
4.700000000000000178e+00 -1.701792584000000053e-01
4.702499999999999680e+00 -1.704416812000000003e-01
4.705000000000000071e+00 -1.698603260000000059e-01
4.707499999999999574e+00 -1.707247919999999863e-01
4.709999999999999964e+00 -1.700073378999999996e-01
4.712500000000000355e+00 -1.700680606999999955e-01
4.714999999999999858e+00 -1.703534943999999995e-01
4.717500000000000249e+00 -1.703968509999999881e-01
4.719999999999999751e+00 -1.703362770999999887e-01
4.722500000000000142e+00 -1.705212946999999923e-01
4.724999999999999645e+00 -1.703457767999999872e-01
4.727500000000000036e+00 -1.700355916000000078e-01
4.730000000000000426e+00 -1.700170128000000058e-01
4.732499999999999929e+00 -1.705337808000000066e-01
4.735000000000000320e+00 -1.702827620000000042e-01
4.737499999999999822e+00 -1.703919906999999956e-01
4.740000000000000213e+00 -1.699493839000000006e-01
4.742499999999999716e+00 -1.698382528000000058e-01
4.745000000000000107e+00 -1.705231252999999947e-01
4.747499999999999609e+00 -1.703991343000000047e-01
4.750000000000000000e+00 -1.702432950999999972e-01
4.752500000000000391e+00 -1.701530589999999954e-01
4.754999999999999893e+00 -1.700285319000000017e-01
4.757500000000000284e+00 -1.706022852000000090e-01
4.759999999999999787e+00 -1.701510753000000098e-01
4.762500000000000178e+00 -1.703695933000000107e-01
4.764999999999999680e+00 -1.700971598000000085e-01
4.767500000000000071e+00 -1.703681193999999899e-01
4.769999999999999574e+00 -1.697869760999999866e-01
4.772499999999999964e+00 -1.699956411999999917e-01
4.775000000000000355e+00 -1.699567448000000036e-01
4.777499999999999858e+00 -1.698368111999999930e-01
4.780000000000000249e+00 -1.702493093999999929e-01
4.782499999999999751e+00 -1.702777819000000081e-01
4.785000000000000142e+00 -1.696948506000000023e-01
4.787499999999999645e+00 -1.701928953000000078e-01
4.790000000000000036e+00 -1.705296074000000051e-01
4.792500000000000426e+00 -1.702256402000000002e-01
4.794999999999999929e+00 -1.701804306999999961e-01
4.797500000000000320e+00 -1.699650967000000124e-01
4.799999999999999822e+00 -1.702230043999999887e-01
4.802500000000000213e+00 -1.699994451999999878e-01
4.804999999999999716e+00 -1.703096503000000039e-01
4.807500000000000107e+00 -1.698757161999999987e-01
4.809999999999999609e+00 -1.700521349000000126e-01
4.812500000000000000e+00 -1.697939230000000133e-01
4.815000000000000391e+00 -1.700299697000000054e-01
4.817499999999999893e+00 -1.696826351999999871e-01
4.820000000000000284e+00 -1.697672259000000128e-01
4.822499999999999787e+00 -1.701760942999999970e-01
4.825000000000000178e+00 -1.699871896000000049e-01
4.827499999999999680e+00 -1.697380739999999888e-01
4.830000000000000071e+00 -1.698708150000000083e-01
4.832499999999999574e+00 -1.703197136000000056e-01
4.834999999999999964e+00 -1.698297397000000097e-01
4.837500000000000355e+00 -1.698662055000000060e-01
4.839999999999999858e+00 -1.703578383000000085e-01
4.842500000000000249e+00 -1.697583252000000043e-01
4.844999999999999751e+00 -1.695907514999999977e-01
4.847500000000000142e+00 -1.697690642000000139e-01
4.849999999999999645e+00 -1.698036968999999952e-01
4.852500000000000036e+00 -1.697361524999999871e-01
4.855000000000000426e+00 -1.700970015000000113e-01
4.857499999999999929e+00 -1.698960270000000050e-01
4.860000000000000320e+00 -1.701730747999999904e-01
4.862499999999999822e+00 -1.700221470999999929e-01
4.865000000000000213e+00 -1.699225161000000039e-01
4.867499999999999716e+00 -1.697049448999999877e-01
4.870000000000000107e+00 -1.700939370000000006e-01
4.872499999999999609e+00 -1.702461737000000030e-01
4.875000000000000000e+00 -1.699023041999999928e-01
4.877500000000000391e+00 -1.700015750999999964e-01
4.879999999999999893e+00 -1.700555812000000000e-01
4.882500000000000284e+00 -1.699833877999999965e-01
4.884999999999999787e+00 -1.698686553000000043e-01
4.887500000000000178e+00 -1.698208230000000096e-01
4.889999999999999680e+00 -1.699841916000000008e-01
4.892500000000000071e+00 -1.700549752999999942e-01
4.894999999999999574e+00 -1.698467451000000017e-01
4.897499999999999964e+00 -1.700105017000000107e-01
4.900000000000000355e+00 -1.699995461000000097e-01
4.902499999999999858e+00 -1.698506650999999923e-01
4.905000000000000249e+00 -1.699166853999999893e-01
4.907499999999999751e+00 -1.698636498999999966e-01
4.910000000000000142e+00 -1.696762928999999975e-01
4.912499999999999645e+00 -1.697868610000000111e-01
4.915000000000000036e+00 -1.696118544999999922e-01
4.917500000000000426e+00 -1.700235790999999885e-01
4.919999999999999929e+00 -1.700273120999999943e-01
4.922500000000000320e+00 -1.699821482999999966e-01
4.924999999999999822e+00 -1.699543230999999988e-01
4.927500000000000213e+00 -1.703249326999999869e-01
4.929999999999999716e+00 -1.698587390000000086e-01
4.932500000000000107e+00 -1.694621893000000101e-01
4.934999999999999609e+00 -1.700534142000000026e-01
4.937500000000000000e+00 -1.696309027000000025e-01
4.940000000000000391e+00 -1.700682645000000104e-01
4.942499999999999893e+00 -1.700086654999999891e-01
4.945000000000000284e+00 -1.699855838999999869e-01
4.947499999999999787e+00 -1.695499487999999888e-01
4.950000000000000178e+00 -1.701508677000000136e-01
4.952499999999999680e+00 -1.700382461999999928e-01
4.955000000000000071e+00 -1.699110503000000050e-01
4.957499999999999574e+00 -1.700643171000000009e-01
4.959999999999999964e+00 -1.702539678999999972e-01
4.962500000000000355e+00 -1.698614422999999984e-01
4.964999999999999858e+00 -1.702499550999999889e-01
4.967500000000000249e+00 -1.697151766999999978e-01
4.969999999999999751e+00 -1.698271645999999968e-01
4.972500000000000142e+00 -1.700941542999999945e-01
4.974999999999999645e+00 -1.697230799999999984e-01
4.977500000000000036e+00 -1.699148333999999927e-01
4.980000000000000426e+00 -1.699144019000000116e-01
4.982499999999999929e+00 -1.701520632999999894e-01
4.985000000000000320e+00 -1.697648029000000114e-01
4.987499999999999822e+00 -1.697887338000000079e-01
4.990000000000000213e+00 -1.694794310999999942e-01
4.992499999999999716e+00 -1.698466891000000034e-01
4.995000000000000107e+00 -1.697184117999999964e-01
4.997499999999999609e+00 -1.699607156000000063e-01
5.000000000000000000e+00 -1.696753749999999894e-01
5.002500000000000391e+00 -1.696639010000000058e-01
5.004999999999999893e+00 -1.699944498000000026e-01
5.007500000000000284e+00 -1.696042899000000104e-01
5.009999999999999787e+00 -1.698985695000000129e-01
5.012500000000000178e+00 -1.697826406000000066e-01
5.014999999999999680e+00 -1.700722577000000069e-01
5.017500000000000071e+00 -1.697732996999999910e-01
5.019999999999999574e+00 -1.698441656000000133e-01
5.022499999999999964e+00 -1.695261807000000009e-01
5.025000000000000355e+00 -1.696012556000000004e-01
5.027499999999999858e+00 -1.699453002999999907e-01
5.030000000000000249e+00 -1.696745245999999874e-01
5.032499999999999751e+00 -1.698970502999999910e-01
5.035000000000000142e+00 -1.700101012000000134e-01
5.037499999999999645e+00 -1.699611151000000042e-01
5.040000000000000036e+00 -1.701672418000000075e-01
5.042500000000000426e+00 -1.698866471999999905e-01
5.044999999999999929e+00 -1.698501947000000123e-01
5.047500000000000320e+00 -1.701469877000000019e-01
5.049999999999999822e+00 -1.697693271000000059e-01
5.052500000000000213e+00 -1.699053530999999895e-01
5.054999999999999716e+00 -1.698475768999999913e-01
5.057500000000000107e+00 -1.695858798999999861e-01
5.059999999999999609e+00 -1.699541398999999953e-01
5.062500000000000000e+00 -1.698761471000000134e-01
5.065000000000000391e+00 -1.698385028000000130e-01
5.067499999999999893e+00 -1.698877282000000044e-01
5.070000000000000284e+00 -1.697750912999999862e-01
5.072499999999999787e+00 -1.696614986999999963e-01
5.075000000000000178e+00 -1.696788999999999936e-01
5.077499999999999680e+00 -1.697722828999999878e-01
5.080000000000000071e+00 -1.705070691999999999e-01
5.082499999999999574e+00 -1.697032574000000016e-01
5.084999999999999964e+00 -1.700408724999999954e-01
5.087500000000000355e+00 -1.699280306000000018e-01
5.089999999999999858e+00 -1.697990450999999901e-01
5.092500000000000249e+00 -1.700370023999999980e-01
5.094999999999999751e+00 -1.700394051999999934e-01
5.097500000000000142e+00 -1.698444164000000034e-01
5.099999999999999645e+00 -1.698805083999999910e-01
5.102500000000000036e+00 -1.702151661000000094e-01
5.105000000000000426e+00 -1.696713388999999961e-01
5.107499999999999929e+00 -1.698264583000000105e-01
5.110000000000000320e+00 -1.695934527000000080e-01
5.112499999999999822e+00 -1.698186666000000011e-01
5.115000000000000213e+00 -1.698733176999999983e-01
5.117499999999999716e+00 -1.698111371000000092e-01
5.120000000000000107e+00 -1.698566183000000118e-01
5.122499999999999609e+00 -1.695963692999999939e-01
5.125000000000000000e+00 -1.698071785999999972e-01
5.127500000000000391e+00 -1.700419900000000040e-01
5.129999999999999893e+00 -1.700066822000000089e-01
5.132500000000000284e+00 -1.701658926999999877e-01
5.134999999999999787e+00 -1.699699363999999935e-01
5.137500000000000178e+00 -1.699863883999999936e-01
5.139999999999999680e+00 -1.699633286999999993e-01
5.142500000000000071e+00 -1.701802152000000123e-01
5.144999999999999574e+00 -1.704288468000000056e-01
5.147499999999999964e+00 -1.699895372999999932e-01
5.150000000000000355e+00 -1.700051962000000139e-01
5.152499999999999858e+00 -1.698967986999999902e-01
5.155000000000000249e+00 -1.699611048000000124e-01
5.157499999999999751e+00 -1.699835087999999883e-01
5.160000000000000142e+00 -1.702983687999999884e-01
5.162499999999999645e+00 -1.700395902999999875e-01
5.165000000000000036e+00 -1.700641659999999888e-01
5.167500000000000426e+00 -1.699361328000000004e-01
5.169999999999999929e+00 -1.702315648999999931e-01
5.172500000000000320e+00 -1.697517226999999962e-01
5.174999999999999822e+00 -1.698195624000000126e-01
5.177500000000000213e+00 -1.701130798000000111e-01
5.179999999999999716e+00 -1.702180513000000062e-01
5.182500000000000107e+00 -1.697863055999999926e-01
5.184999999999999609e+00 -1.699036592000000012e-01
5.187500000000000000e+00 -1.703924545999999929e-01
5.190000000000000391e+00 -1.699823075999999933e-01
5.192499999999999893e+00 -1.702253712000000030e-01
5.195000000000000284e+00 -1.697886121000000137e-01
5.197499999999999787e+00 -1.701545802999999968e-01
5.200000000000000178e+00 -1.698269195999999870e-01
5.202499999999999680e+00 -1.703107232999999943e-01
5.205000000000000071e+00 -1.702083536000000008e-01
5.207499999999999574e+00 -1.702945959000000120e-01
5.209999999999999964e+00 -1.698016179999999875e-01
5.212500000000000355e+00 -1.701304610999999911e-01
5.214999999999999858e+00 -1.700153134000000066e-01
5.217500000000000249e+00 -1.703302717999999882e-01
5.219999999999999751e+00 -1.701754403999999887e-01
5.222500000000000142e+00 -1.702785207999999995e-01
5.224999999999999645e+00 -1.703637695999999924e-01
5.227500000000000036e+00 -1.699602535999999997e-01
5.230000000000000426e+00 -1.700074363999999894e-01
5.232499999999999929e+00 -1.703667523000000072e-01
5.235000000000000320e+00 -1.703970119000000061e-01
5.237499999999999822e+00 -1.699933493000000129e-01
5.240000000000000213e+00 -1.704987045999999951e-01
5.242499999999999716e+00 -1.701948892000000046e-01
5.245000000000000107e+00 -1.702875567999999895e-01
5.247499999999999609e+00 -1.704252356000000024e-01
5.250000000000000000e+00 -1.700305725000000046e-01
5.252500000000000391e+00 -1.697365130000000055e-01
5.254999999999999893e+00 -1.700661495999999939e-01
5.257500000000000284e+00 -1.701160167999999917e-01
5.259999999999999787e+00 -1.702237761000000016e-01
5.262500000000000178e+00 -1.706282104999999882e-01
5.264999999999999680e+00 -1.703604857999999889e-01
5.267500000000000071e+00 -1.702332562999999965e-01
5.269999999999999574e+00 -1.700232479000000074e-01
5.272499999999999964e+00 -1.700624786999999916e-01
5.275000000000000355e+00 -1.703243765000000132e-01
5.277499999999999858e+00 -1.701137651000000084e-01
5.280000000000000249e+00 -1.702989890999999922e-01
5.282499999999999751e+00 -1.703777221999999980e-01
5.285000000000000142e+00 -1.707247612999999997e-01
5.287499999999999645e+00 -1.705849214000000058e-01
5.290000000000000036e+00 -1.701536456999999947e-01
5.292500000000000426e+00 -1.705961082999999934e-01
5.294999999999999929e+00 -1.706574211000000119e-01
5.297500000000000320e+00 -1.703506166000000044e-01
5.299999999999999822e+00 -1.704809909999999984e-01
5.302500000000000213e+00 -1.705665027999999916e-01
5.304999999999999716e+00 -1.705779346999999890e-01
5.307500000000000107e+00 -1.704500771000000137e-01
5.309999999999999609e+00 -1.702397170999999931e-01
5.312500000000000000e+00 -1.703548918999999995e-01
5.315000000000000391e+00 -1.706188281999999889e-01
5.317499999999999893e+00 -1.704245826999999935e-01
5.320000000000000284e+00 -1.704922071999999955e-01
5.322499999999999787e+00 -1.705932360999999897e-01
5.325000000000000178e+00 -1.702988058999999887e-01
5.327499999999999680e+00 -1.705817930999999898e-01
5.330000000000000071e+00 -1.708807733999999912e-01
5.332499999999999574e+00 -1.705247629999999959e-01
5.334999999999999964e+00 -1.703739693999999916e-01
5.337500000000000355e+00 -1.702110759000000084e-01
5.339999999999999858e+00 -1.706224752000000122e-01
5.342500000000000249e+00 -1.704182315999999975e-01
5.344999999999999751e+00 -1.709929283000000133e-01
5.347500000000000142e+00 -1.706577865999999999e-01
5.349999999999999645e+00 -1.709631563000000021e-01
5.352500000000000036e+00 -1.703915924999999942e-01
5.355000000000000426e+00 -1.707240341000000050e-01
5.357499999999999929e+00 -1.709420198999999918e-01
5.360000000000000320e+00 -1.705851208999999979e-01
5.362499999999999822e+00 -1.706478633000000078e-01
5.365000000000000213e+00 -1.706292735000000116e-01
5.367499999999999716e+00 -1.706259434000000075e-01
5.370000000000000107e+00 -1.707678870999999876e-01
5.372499999999999609e+00 -1.707406260000000064e-01
5.375000000000000000e+00 -1.705675530999999912e-01
5.377500000000000391e+00 -1.709593423000000112e-01
5.379999999999999893e+00 -1.706483223999999965e-01
5.382500000000000284e+00 -1.707316400999999984e-01
5.384999999999999787e+00 -1.707226585999999935e-01
5.387500000000000178e+00 -1.706925933000000006e-01
5.389999999999999680e+00 -1.706108926000000081e-01
5.392500000000000071e+00 -1.706844841999999862e-01
5.394999999999999574e+00 -1.708086567000000056e-01
5.397499999999999964e+00 -1.706178878999999871e-01
5.400000000000000355e+00 -1.707198648999999901e-01
5.402499999999999858e+00 -1.709311589999999992e-01
5.405000000000000249e+00 -1.707170560999999864e-01
5.407499999999999751e+00 -1.711549924000000111e-01
5.410000000000000142e+00 -1.710850894000000011e-01
5.412499999999999645e+00 -1.706650959999999884e-01
5.415000000000000036e+00 -1.708441035999999913e-01
5.417500000000000426e+00 -1.710838301000000006e-01
5.419999999999999929e+00 -1.711362884000000029e-01
5.422500000000000320e+00 -1.710625852999999863e-01
5.424999999999999822e+00 -1.708027380999999900e-01
5.427500000000000213e+00 -1.709001133999999977e-01
5.429999999999999716e+00 -1.710331073999999951e-01
5.432500000000000107e+00 -1.712395774999999898e-01
5.434999999999999609e+00 -1.710038580000000086e-01
5.437500000000000000e+00 -1.706172884000000112e-01
5.440000000000000391e+00 -1.714160569000000023e-01
5.442499999999999893e+00 -1.710079513999999967e-01
5.445000000000000284e+00 -1.713813210000000031e-01
5.447499999999999787e+00 -1.711625296000000018e-01
5.450000000000000178e+00 -1.714701248000000122e-01
5.452499999999999680e+00 -1.710909401000000052e-01
5.455000000000000071e+00 -1.709144991000000058e-01
5.457499999999999574e+00 -1.708191981999999942e-01
5.459999999999999964e+00 -1.708027508999999944e-01
5.462500000000000355e+00 -1.709141030000000117e-01
5.464999999999999858e+00 -1.715953671999999874e-01
5.467500000000000249e+00 -1.707940307999999963e-01
5.469999999999999751e+00 -1.715329691999999961e-01
5.472500000000000142e+00 -1.709287969999999934e-01
5.474999999999999645e+00 -1.709190223000000008e-01
5.477500000000000036e+00 -1.712304145000000111e-01
5.480000000000000426e+00 -1.710541999999999896e-01
5.482499999999999929e+00 -1.714326120999999925e-01
5.485000000000000320e+00 -1.713319248999999878e-01
5.487499999999999822e+00 -1.711988010999999921e-01
5.490000000000000213e+00 -1.710615474000000136e-01
5.492499999999999716e+00 -1.712564823999999930e-01
5.495000000000000107e+00 -1.714345885000000125e-01
5.497499999999999609e+00 -1.710034746000000105e-01
5.500000000000000000e+00 -1.713943616999999975e-01
5.502500000000000391e+00 -1.713016021000000055e-01
5.504999999999999893e+00 -1.713630663000000054e-01
5.507500000000000284e+00 -1.713424440000000104e-01
5.509999999999999787e+00 -1.713725815999999902e-01
5.512500000000000178e+00 -1.713588604000000071e-01
5.514999999999999680e+00 -1.712706884000000096e-01
5.517500000000000071e+00 -1.714762885999999986e-01
5.519999999999999574e+00 -1.711067634000000004e-01
5.522499999999999964e+00 -1.714900806000000111e-01
5.525000000000000355e+00 -1.714396044000000008e-01
5.527499999999999858e+00 -1.713881509000000081e-01
5.530000000000000249e+00 -1.713846112999999893e-01
5.532499999999999751e+00 -1.718834874999999873e-01
5.535000000000000142e+00 -1.715937160000000072e-01
5.537499999999999645e+00 -1.719447543000000023e-01
5.540000000000000036e+00 -1.714785057999999862e-01
5.542500000000000426e+00 -1.718358832000000114e-01
5.544999999999999929e+00 -1.717818442999999862e-01
5.547500000000000320e+00 -1.719316835999999959e-01
5.549999999999999822e+00 -1.713435078999999972e-01
5.552500000000000213e+00 -1.717893919000000047e-01
5.554999999999999716e+00 -1.714319015999999918e-01
5.557500000000000107e+00 -1.717861277000000131e-01
5.559999999999999609e+00 -1.716667322000000051e-01
5.562500000000000000e+00 -1.717902436000000033e-01
5.565000000000000391e+00 -1.717116984000000013e-01
5.567499999999999893e+00 -1.716359605999999982e-01
5.570000000000000284e+00 -1.719703087999999991e-01
5.572499999999999787e+00 -1.718744174000000069e-01
5.575000000000000178e+00 -1.719464156999999938e-01
5.577499999999999680e+00 -1.717899646999999919e-01
5.580000000000000071e+00 -1.719232491000000085e-01
5.582499999999999574e+00 -1.721399177999999863e-01
5.584999999999999964e+00 -1.717693315999999915e-01
5.587500000000000355e+00 -1.716125991000000128e-01
5.589999999999999858e+00 -1.719074388000000064e-01
5.592500000000000249e+00 -1.718719220000000103e-01
5.594999999999999751e+00 -1.720188494999999873e-01
5.597500000000000142e+00 -1.720078449000000120e-01
5.599999999999999645e+00 -1.721104300999999892e-01
5.602500000000000036e+00 -1.719810269000000003e-01
5.605000000000000426e+00 -1.718177808999999945e-01
5.607499999999999929e+00 -1.720382310999999942e-01
5.610000000000000320e+00 -1.720503090000000124e-01
5.612499999999999822e+00 -1.719056149000000033e-01
5.615000000000000213e+00 -1.722338733999999871e-01
5.617499999999999716e+00 -1.720202932000000073e-01
5.620000000000000107e+00 -1.721694515999999953e-01
5.622499999999999609e+00 -1.721499016999999965e-01
5.625000000000000000e+00 -1.723177429999999954e-01
5.627500000000000391e+00 -1.723765905000000098e-01
5.629999999999999893e+00 -1.725936738000000137e-01
5.632500000000000284e+00 -1.727650420999999881e-01
5.634999999999999787e+00 -1.722801767999999900e-01
5.637500000000000178e+00 -1.723196781000000122e-01
5.639999999999999680e+00 -1.723387899999999917e-01
5.642500000000000071e+00 -1.726509676999999909e-01
5.644999999999999574e+00 -1.721961211999999963e-01
5.647499999999999964e+00 -1.724333523000000090e-01
5.650000000000000355e+00 -1.724459854000000014e-01
5.652499999999999858e+00 -1.725045624000000055e-01
5.655000000000000249e+00 -1.722581237999999959e-01
5.657499999999999751e+00 -1.721986661999999890e-01
5.660000000000000142e+00 -1.723217942999999974e-01
5.662499999999999645e+00 -1.722882883999999892e-01
5.665000000000000036e+00 -1.724687997000000084e-01
5.667500000000000426e+00 -1.723499517000000036e-01
5.669999999999999929e+00 -1.726096007000000043e-01
5.672500000000000320e+00 -1.727131229999999962e-01
5.674999999999999822e+00 -1.723413686999999972e-01
5.677500000000000213e+00 -1.726014834000000053e-01
5.679999999999999716e+00 -1.724533658999999886e-01
5.682500000000000107e+00 -1.726183991999999945e-01
5.684999999999999609e+00 -1.726286087999999996e-01
5.687500000000000000e+00 -1.723547970000000040e-01
5.690000000000000391e+00 -1.725705647000000120e-01
5.692499999999999893e+00 -1.727017245999999950e-01
5.695000000000000284e+00 -1.730310177999999921e-01
5.697499999999999787e+00 -1.725835903000000060e-01
5.700000000000000178e+00 -1.730661665999999876e-01
5.702499999999999680e+00 -1.728050550999999935e-01
5.705000000000000071e+00 -1.728769692000000080e-01
5.707499999999999574e+00 -1.731079892000000064e-01
5.709999999999999964e+00 -1.726552808000000050e-01
5.712500000000000355e+00 -1.729557922999999942e-01
5.714999999999999858e+00 -1.731050211999999866e-01
5.717500000000000249e+00 -1.724732434000000036e-01
5.719999999999999751e+00 -1.730835101000000043e-01
5.722500000000000142e+00 -1.726730401999999887e-01
5.724999999999999645e+00 -1.729627139000000091e-01
5.727500000000000036e+00 -1.732215889000000009e-01
5.730000000000000426e+00 -1.726961794999999911e-01
5.732499999999999929e+00 -1.731497895999999925e-01
5.735000000000000320e+00 -1.731428650000000069e-01
5.737499999999999822e+00 -1.732658700999999968e-01
5.740000000000000213e+00 -1.731609897999999981e-01
5.742499999999999716e+00 -1.731887763999999941e-01
5.745000000000000107e+00 -1.738411643999999978e-01
5.747499999999999609e+00 -1.729262951999999964e-01
5.750000000000000000e+00 -1.732786051999999910e-01
5.752500000000000391e+00 -1.733762688000000107e-01
5.754999999999999893e+00 -1.732216490000000053e-01
5.757500000000000284e+00 -1.735146676000000054e-01
5.759999999999999787e+00 -1.733580557999999938e-01
5.762500000000000178e+00 -1.732821435999999937e-01
5.764999999999999680e+00 -1.731682672000000034e-01
5.767500000000000071e+00 -1.733937363999999981e-01
5.769999999999999574e+00 -1.732762448999999871e-01
5.772499999999999964e+00 -1.732407595000000078e-01
5.775000000000000355e+00 -1.734710818000000099e-01
5.777499999999999858e+00 -1.738115071999999928e-01
5.780000000000000249e+00 -1.736975041999999914e-01
5.782499999999999751e+00 -1.740971001999999934e-01
5.785000000000000142e+00 -1.734490418999999894e-01
5.787499999999999645e+00 -1.732977407999999886e-01
5.790000000000000036e+00 -1.735033719999999891e-01
5.792500000000000426e+00 -1.736266442000000132e-01
5.794999999999999929e+00 -1.734669527999999905e-01
5.797500000000000320e+00 -1.733938874000000019e-01
5.799999999999999822e+00 -1.737384899999999954e-01
5.802500000000000213e+00 -1.736607565999999936e-01
5.804999999999999716e+00 -1.740555437999999899e-01
5.807500000000000107e+00 -1.741352503999999968e-01
5.809999999999999609e+00 -1.739842611999999900e-01
5.812500000000000000e+00 -1.737299334000000084e-01
5.815000000000000391e+00 -1.738412259999999876e-01
5.817499999999999893e+00 -1.740786803999999910e-01
5.820000000000000284e+00 -1.738382605999999886e-01
5.822499999999999787e+00 -1.741057672999999917e-01
5.825000000000000178e+00 -1.740636288999999892e-01
5.827499999999999680e+00 -1.739001219999999903e-01
5.830000000000000071e+00 -1.737881319000000035e-01
5.832499999999999574e+00 -1.741338397999999954e-01
5.834999999999999964e+00 -1.740535098000000058e-01
5.837500000000000355e+00 -1.741415109999999988e-01
5.839999999999999858e+00 -1.738859863999999977e-01
5.842500000000000249e+00 -1.742004449000000010e-01
5.844999999999999751e+00 -1.741462136999999966e-01
5.847500000000000142e+00 -1.742959044000000068e-01
5.849999999999999645e+00 -1.741134840000000128e-01
5.852500000000000036e+00 -1.738800360999999961e-01
5.855000000000000426e+00 -1.740687191999999994e-01
5.857499999999999929e+00 -1.741300568999999965e-01
5.860000000000000320e+00 -1.743554904000000072e-01
5.862499999999999822e+00 -1.749471116999999909e-01
5.865000000000000213e+00 -1.742408460000000048e-01
5.867499999999999716e+00 -1.746879970999999920e-01
5.870000000000000107e+00 -1.743483972000000048e-01
5.872499999999999609e+00 -1.746031526000000056e-01
5.875000000000000000e+00 -1.744031718000000064e-01
5.877500000000000391e+00 -1.745403227000000002e-01
5.879999999999999893e+00 -1.743767538000000061e-01
5.882500000000000284e+00 -1.745927606999999881e-01
5.884999999999999787e+00 -1.749589578999999895e-01
5.887500000000000178e+00 -1.747325379999999928e-01
5.889999999999999680e+00 -1.744946800999999936e-01
5.892500000000000071e+00 -1.746031266999999998e-01
5.894999999999999574e+00 -1.748446614999999982e-01
5.897499999999999964e+00 -1.746802585999999990e-01
5.900000000000000355e+00 -1.745609674999999972e-01
5.902499999999999858e+00 -1.746745567999999915e-01
5.905000000000000249e+00 -1.747401523999999873e-01
5.907499999999999751e+00 -1.747844345000000021e-01
5.910000000000000142e+00 -1.749222628999999862e-01
5.912499999999999645e+00 -1.746315478999999893e-01
5.915000000000000036e+00 -1.749965111000000018e-01
5.917500000000000426e+00 -1.748124510999999881e-01
5.919999999999999929e+00 -1.748124970999999916e-01
5.922500000000000320e+00 -1.746635963000000014e-01
5.924999999999999822e+00 -1.752458506000000027e-01
5.927500000000000213e+00 -1.751318460999999882e-01
5.929999999999999716e+00 -1.749723833000000062e-01
5.932500000000000107e+00 -1.755142546000000026e-01
5.934999999999999609e+00 -1.752982177999999891e-01
5.937500000000000000e+00 -1.750956626999999877e-01
5.940000000000000391e+00 -1.752271110999999992e-01
5.942499999999999893e+00 -1.750158632999999908e-01
5.945000000000000284e+00 -1.752127009999999985e-01
5.947499999999999787e+00 -1.755745291999999957e-01
5.950000000000000178e+00 -1.750969297999999952e-01
5.952499999999999680e+00 -1.756439737000000112e-01
5.955000000000000071e+00 -1.747861816000000068e-01
5.957499999999999574e+00 -1.752877119000000039e-01
5.959999999999999964e+00 -1.755434080999999924e-01
5.962500000000000355e+00 -1.754915911999999911e-01
5.964999999999999858e+00 -1.751603975000000091e-01
5.967500000000000249e+00 -1.757541840999999883e-01
5.969999999999999751e+00 -1.753487441000000091e-01
5.972500000000000142e+00 -1.751816382999999977e-01
5.974999999999999645e+00 -1.759995501999999934e-01
5.977500000000000036e+00 -1.758392914999999945e-01
5.980000000000000426e+00 -1.756884703000000103e-01
5.982499999999999929e+00 -1.756049613000000009e-01
5.985000000000000320e+00 -1.755510879999999940e-01
5.987499999999999822e+00 -1.757370558999999943e-01
5.990000000000000213e+00 -1.755435982999999922e-01
5.992499999999999716e+00 -1.757654194000000114e-01
5.995000000000000107e+00 -1.759908404999999953e-01
5.997499999999999609e+00 -1.761807392999999999e-01
6.000000000000000000e+00 -1.760833945999999983e-01
6.002500000000000391e+00 -1.757756675999999907e-01
6.004999999999999893e+00 -1.759639118999999918e-01
6.007500000000000284e+00 -1.757186646999999990e-01
6.009999999999999787e+00 -1.757750049000000037e-01
6.012500000000000178e+00 -1.760231412000000106e-01
6.014999999999999680e+00 -1.760182311000000055e-01
6.017500000000000071e+00 -1.757982016000000092e-01
6.019999999999999574e+00 -1.761626863000000098e-01
6.022499999999999964e+00 -1.759658541999999937e-01
6.025000000000000355e+00 -1.759872452000000032e-01
6.027499999999999858e+00 -1.762719980999999936e-01
6.030000000000000249e+00 -1.760194388999999915e-01
6.032499999999999751e+00 -1.762181300000000006e-01
6.035000000000000142e+00 -1.757666016999999969e-01
6.037499999999999645e+00 -1.765221413999999989e-01
6.040000000000000036e+00 -1.763147267999999879e-01
6.042500000000000426e+00 -1.765117075000000035e-01
6.044999999999999929e+00 -1.764951217999999877e-01
6.047500000000000320e+00 -1.759116528000000124e-01
6.049999999999999822e+00 -1.764960633999999862e-01
6.052500000000000213e+00 -1.762134294999999906e-01
6.054999999999999716e+00 -1.762223558000000079e-01
6.057500000000000107e+00 -1.769232631000000056e-01
6.059999999999999609e+00 -1.769269368999999981e-01
6.062500000000000000e+00 -1.770847749999999998e-01
6.065000000000000391e+00 -1.767211307999999870e-01
6.067499999999999893e+00 -1.766125403000000094e-01
6.070000000000000284e+00 -1.767395864000000094e-01
6.072499999999999787e+00 -1.768935910999999972e-01
6.075000000000000178e+00 -1.767417820999999944e-01
6.077499999999999680e+00 -1.766992076999999994e-01
6.080000000000000071e+00 -1.771353836000000015e-01
6.082499999999999574e+00 -1.769247167000000120e-01
6.084999999999999964e+00 -1.771777773000000056e-01
6.087500000000000355e+00 -1.770689263000000124e-01
6.089999999999999858e+00 -1.769020812000000054e-01
6.092500000000000249e+00 -1.773580392999999922e-01
6.094999999999999751e+00 -1.769128309000000121e-01
6.097500000000000142e+00 -1.771316387000000103e-01
6.099999999999999645e+00 -1.771909654999999917e-01
6.102500000000000036e+00 -1.770040360000000035e-01
6.105000000000000426e+00 -1.773676113000000054e-01
6.107499999999999929e+00 -1.771391844000000104e-01
6.110000000000000320e+00 -1.769681916999999993e-01
6.112499999999999822e+00 -1.771085806999999901e-01
6.115000000000000213e+00 -1.774898933000000067e-01
6.117499999999999716e+00 -1.771736385000000080e-01
6.120000000000000107e+00 -1.775687417000000046e-01
6.122499999999999609e+00 -1.773877671000000100e-01
6.125000000000000000e+00 -1.773984285000000105e-01
6.127500000000000391e+00 -1.775223220000000102e-01
6.129999999999999893e+00 -1.777402177000000083e-01
6.132500000000000284e+00 -1.774696862000000042e-01
6.134999999999999787e+00 -1.777675914999999884e-01
6.137500000000000178e+00 -1.777834520999999890e-01
6.139999999999999680e+00 -1.779860641999999882e-01
6.142500000000000071e+00 -1.782712961000000040e-01
6.144999999999999574e+00 -1.780909214999999990e-01
6.147499999999999964e+00 -1.773905151000000069e-01
6.150000000000000355e+00 -1.777590700999999995e-01
6.152499999999999858e+00 -1.778633411999999969e-01
6.155000000000000249e+00 -1.778819295999999883e-01
6.157499999999999751e+00 -1.774852979000000053e-01
6.160000000000000142e+00 -1.782552417000000111e-01
6.162499999999999645e+00 -1.778071837999999905e-01
6.165000000000000036e+00 -1.783201805000000084e-01
6.167500000000000426e+00 -1.780067559999999882e-01
6.169999999999999929e+00 -1.782559978000000100e-01
6.172500000000000320e+00 -1.777948454999999928e-01
6.174999999999999822e+00 -1.784484088999999940e-01
6.177500000000000213e+00 -1.780917270000000052e-01
6.179999999999999716e+00 -1.782064996000000123e-01
6.182500000000000107e+00 -1.785570676000000079e-01
6.184999999999999609e+00 -1.787194377000000112e-01
6.187500000000000000e+00 -1.784860859999999882e-01
6.190000000000000391e+00 -1.785201251000000100e-01
6.192499999999999893e+00 -1.784007868999999968e-01
6.195000000000000284e+00 -1.786294093000000138e-01
6.197499999999999787e+00 -1.787102184999999899e-01
6.200000000000000178e+00 -1.787785085999999968e-01
6.202499999999999680e+00 -1.785081299999999871e-01
6.205000000000000071e+00 -1.787578374000000081e-01
6.207499999999999574e+00 -1.787033252000000128e-01
6.209999999999999964e+00 -1.786726647000000112e-01
6.212500000000000355e+00 -1.791682178000000014e-01
6.214999999999999858e+00 -1.786530305000000041e-01
6.217500000000000249e+00 -1.787861286000000105e-01
6.219999999999999751e+00 -1.788595017000000065e-01
6.222500000000000142e+00 -1.789748176000000024e-01
6.224999999999999645e+00 -1.792651631000000134e-01
6.227500000000000036e+00 -1.789138047000000120e-01
6.230000000000000426e+00 -1.789229437000000034e-01
6.232499999999999929e+00 -1.794672650999999952e-01
6.235000000000000320e+00 -1.792355171999999996e-01
6.237499999999999822e+00 -1.788971524999999896e-01
6.240000000000000213e+00 -1.793923835000000022e-01
6.242499999999999716e+00 -1.792682328000000103e-01
6.245000000000000107e+00 -1.792420338999999863e-01
6.247499999999999609e+00 -1.796784864000000037e-01
6.250000000000000000e+00 -1.790937160999999944e-01
6.252500000000000391e+00 -1.792822226000000130e-01
6.254999999999999893e+00 -1.794261930000000116e-01
6.257500000000000284e+00 -1.797991224999999915e-01
6.259999999999999787e+00 -1.795065348000000061e-01
6.262500000000000178e+00 -1.795027982000000077e-01
6.264999999999999680e+00 -1.795884969000000053e-01
6.267500000000000071e+00 -1.797202385999999985e-01
6.269999999999999574e+00 -1.797136974999999914e-01
6.272499999999999964e+00 -1.796822215999999972e-01
6.275000000000000355e+00 -1.796791469000000030e-01
6.277499999999999858e+00 -1.797165213999999955e-01
6.280000000000000249e+00 -1.795597489000000102e-01
6.282499999999999751e+00 -1.795762555000000038e-01
6.285000000000000142e+00 -1.797038883000000031e-01
6.287499999999999645e+00 -1.802528567999999998e-01
6.290000000000000036e+00 -1.797649285000000041e-01
6.292500000000000426e+00 -1.797575941000000010e-01
6.294999999999999929e+00 -1.802450274999999880e-01
6.297500000000000320e+00 -1.802470636999999876e-01
6.299999999999999822e+00 -1.800963496999999913e-01
6.302500000000000213e+00 -1.802975857999999931e-01
6.304999999999999716e+00 -1.800829188999999997e-01
6.307500000000000107e+00 -1.802524112999999983e-01
6.309999999999999609e+00 -1.805375147999999930e-01
6.312500000000000000e+00 -1.800057919999999978e-01
6.315000000000000391e+00 -1.800052698000000062e-01
6.317499999999999893e+00 -1.802028561000000029e-01
6.320000000000000284e+00 -1.800644456999999921e-01
6.322499999999999787e+00 -1.806288238000000046e-01
6.325000000000000178e+00 -1.803081953000000015e-01
6.327499999999999680e+00 -1.805008327000000024e-01
6.330000000000000071e+00 -1.807740546000000115e-01
6.332499999999999574e+00 -1.814069215999999929e-01
6.334999999999999964e+00 -1.806266283000000084e-01
6.337500000000000355e+00 -1.807009401999999931e-01
6.339999999999999858e+00 -1.811854813000000064e-01
6.342500000000000249e+00 -1.809342711999999964e-01
6.344999999999999751e+00 -1.808382785000000048e-01
6.347500000000000142e+00 -1.811319802999999951e-01
6.349999999999999645e+00 -1.811814516999999958e-01
6.352500000000000036e+00 -1.812253997999999922e-01
6.355000000000000426e+00 -1.813982865000000055e-01
6.357499999999999929e+00 -1.811414310999999999e-01
6.360000000000000320e+00 -1.813751510000000122e-01
6.362499999999999822e+00 -1.810247211000000078e-01
6.365000000000000213e+00 -1.815393640000000086e-01
6.367499999999999716e+00 -1.812275935999999865e-01
6.370000000000000107e+00 -1.813915977999999984e-01
6.372499999999999609e+00 -1.816610059000000055e-01
6.375000000000000000e+00 -1.815235612999999970e-01
6.377500000000000391e+00 -1.814491485999999987e-01
6.379999999999999893e+00 -1.814895337999999914e-01
6.382500000000000284e+00 -1.816816669999999911e-01
6.384999999999999787e+00 -1.812745825000000033e-01
6.387500000000000178e+00 -1.816092880000000076e-01
6.389999999999999680e+00 -1.816538994999999934e-01
6.392500000000000071e+00 -1.817311849999999895e-01
6.394999999999999574e+00 -1.821058966999999917e-01
6.397499999999999964e+00 -1.816880342999999953e-01
6.400000000000000355e+00 -1.821641283000000056e-01
6.402499999999999858e+00 -1.820426394999999919e-01
6.405000000000000249e+00 -1.819817566999999969e-01
6.407499999999999751e+00 -1.822774152999999953e-01
6.410000000000000142e+00 -1.823958120999999988e-01
6.412499999999999645e+00 -1.824924368999999991e-01
6.415000000000000036e+00 -1.822791168000000017e-01
6.417500000000000426e+00 -1.822942998000000037e-01
6.419999999999999929e+00 -1.826377959999999911e-01
6.422500000000000320e+00 -1.825610002999999981e-01
6.424999999999999822e+00 -1.821394818000000027e-01
6.427500000000000213e+00 -1.822687990000000091e-01
6.429999999999999716e+00 -1.824297369000000002e-01
6.432500000000000107e+00 -1.822806607000000134e-01
6.434999999999999609e+00 -1.827289371999999967e-01
6.437500000000000000e+00 -1.827205671999999892e-01
6.440000000000000391e+00 -1.825994803000000055e-01
6.442499999999999893e+00 -1.826364121000000063e-01
6.445000000000000284e+00 -1.828154379999999968e-01
6.447499999999999787e+00 -1.831157193000000072e-01
6.450000000000000178e+00 -1.825383593000000082e-01
6.452499999999999680e+00 -1.827746321000000007e-01
6.455000000000000071e+00 -1.829936114000000058e-01
6.457499999999999574e+00 -1.828467341999999995e-01
6.459999999999999964e+00 -1.830417085000000110e-01
6.462500000000000355e+00 -1.827666619999999964e-01
6.464999999999999858e+00 -1.831512369999999945e-01
6.467500000000000249e+00 -1.830469352999999910e-01
6.469999999999999751e+00 -1.834982417000000088e-01
6.472500000000000142e+00 -1.835700792999999942e-01
6.474999999999999645e+00 -1.831013025999999877e-01
6.477500000000000036e+00 -1.832677792000000083e-01
6.480000000000000426e+00 -1.832815184000000097e-01
6.482499999999999929e+00 -1.831026859000000062e-01
6.485000000000000320e+00 -1.837873147000000096e-01
6.487499999999999822e+00 -1.836529221000000045e-01
6.490000000000000213e+00 -1.833846705000000132e-01
6.492499999999999716e+00 -1.838757401999999985e-01
6.495000000000000107e+00 -1.837663991000000052e-01
6.497499999999999609e+00 -1.838837747000000022e-01
6.500000000000000000e+00 -1.837954981000000099e-01
6.502500000000000391e+00 -1.842683320999999874e-01
6.504999999999999893e+00 -1.837399288000000075e-01
6.507500000000000284e+00 -1.837309454000000120e-01
6.509999999999999787e+00 -1.844218337000000096e-01
6.512500000000000178e+00 -1.842820591000000063e-01
6.514999999999999680e+00 -1.840592792999999894e-01
6.517500000000000071e+00 -1.840158339000000087e-01
6.519999999999999574e+00 -1.841905746999999982e-01
6.522499999999999964e+00 -1.839019252000000104e-01
6.525000000000000355e+00 -1.843026540999999907e-01
6.527499999999999858e+00 -1.842217446999999952e-01
6.530000000000000249e+00 -1.845557934000000011e-01
6.532499999999999751e+00 -1.839124779000000098e-01
6.535000000000000142e+00 -1.845414528000000054e-01
6.537499999999999645e+00 -1.847380855000000099e-01
6.540000000000000036e+00 -1.847515657000000089e-01
6.542500000000000426e+00 -1.845037107999999981e-01
6.544999999999999929e+00 -1.846843075999999861e-01
6.547500000000000320e+00 -1.850802930000000068e-01
6.549999999999999822e+00 -1.846690444999999903e-01
6.552500000000000213e+00 -1.849483445000000004e-01
6.554999999999999716e+00 -1.850609676999999953e-01
6.557500000000000107e+00 -1.853730718999999916e-01
6.559999999999999609e+00 -1.846423041999999959e-01
6.562500000000000000e+00 -1.847306344999999905e-01
6.565000000000000391e+00 -1.854392512999999965e-01
6.567499999999999893e+00 -1.850616258999999986e-01
6.570000000000000284e+00 -1.850512386000000009e-01
6.572499999999999787e+00 -1.858758157000000022e-01
6.575000000000000178e+00 -1.851265800000000128e-01
6.577499999999999680e+00 -1.854342457000000000e-01
6.580000000000000071e+00 -1.851480986000000051e-01
6.582499999999999574e+00 -1.855802544000000054e-01
6.584999999999999964e+00 -1.856998440000000028e-01
6.587500000000000355e+00 -1.856373038999999947e-01
6.589999999999999858e+00 -1.857360724999999879e-01
6.592500000000000249e+00 -1.858537832000000112e-01
6.594999999999999751e+00 -1.855403210999999886e-01
6.597500000000000142e+00 -1.859758289000000009e-01
6.599999999999999645e+00 -1.855015562000000007e-01
6.602500000000000036e+00 -1.858847693000000023e-01
6.605000000000000426e+00 -1.861665311000000045e-01
6.607499999999999929e+00 -1.861587994999999995e-01
6.610000000000000320e+00 -1.862240665000000073e-01
6.612499999999999822e+00 -1.858446414999999907e-01
6.615000000000000213e+00 -1.862067302000000035e-01
6.617499999999999716e+00 -1.860860720999999995e-01
6.620000000000000107e+00 -1.868658830000000104e-01
6.622499999999999609e+00 -1.863269764000000106e-01
6.625000000000000000e+00 -1.867500803999999903e-01
6.627500000000000391e+00 -1.867598156999999981e-01
6.629999999999999893e+00 -1.866166287000000090e-01
6.632500000000000284e+00 -1.867530666999999978e-01
6.634999999999999787e+00 -1.868164153999999910e-01
6.637500000000000178e+00 -1.865923559000000065e-01
6.639999999999999680e+00 -1.866728138000000037e-01
6.642500000000000071e+00 -1.870400161999999922e-01
6.644999999999999574e+00 -1.868449479000000024e-01
6.647499999999999964e+00 -1.864240518999999985e-01
6.650000000000000355e+00 -1.869289531999999976e-01
6.652499999999999858e+00 -1.870486369999999898e-01
6.655000000000000249e+00 -1.867782729999999947e-01
6.657499999999999751e+00 -1.873844661000000078e-01
6.660000000000000142e+00 -1.871162691000000100e-01
6.662499999999999645e+00 -1.872911006999999906e-01
6.665000000000000036e+00 -1.873211502999999889e-01
6.667500000000000426e+00 -1.874408220000000069e-01
6.669999999999999929e+00 -1.875403702000000006e-01
6.672500000000000320e+00 -1.874247159999999912e-01
6.674999999999999822e+00 -1.874683154000000018e-01
6.677500000000000213e+00 -1.876418323000000055e-01
6.679999999999999716e+00 -1.876946929999999958e-01
6.682500000000000107e+00 -1.880639473000000061e-01
6.684999999999999609e+00 -1.878960672999999970e-01
6.687500000000000000e+00 -1.876974416999999951e-01
6.690000000000000391e+00 -1.877329460999999922e-01
6.692499999999999893e+00 -1.877619556000000023e-01
6.695000000000000284e+00 -1.880138727000000010e-01
6.697499999999999787e+00 -1.880976692999999922e-01
6.700000000000000178e+00 -1.878602164000000019e-01
6.702499999999999680e+00 -1.879178914999999894e-01
6.705000000000000071e+00 -1.881639502999999936e-01
6.707499999999999574e+00 -1.883958373999999880e-01
6.709999999999999964e+00 -1.878958276999999899e-01
6.712500000000000355e+00 -1.884404628000000137e-01
6.714999999999999858e+00 -1.886038295999999947e-01
6.717500000000000249e+00 -1.886236876000000062e-01
6.719999999999999751e+00 -1.886097169000000018e-01
6.722500000000000142e+00 -1.884479118000000064e-01
6.724999999999999645e+00 -1.887071869999999985e-01
6.727500000000000036e+00 -1.888292362000000002e-01
6.730000000000000426e+00 -1.887814641999999987e-01
6.732499999999999929e+00 -1.890854354000000015e-01
6.735000000000000320e+00 -1.890523517999999903e-01
6.737499999999999822e+00 -1.890611313999999987e-01
6.740000000000000213e+00 -1.888037885000000138e-01
6.742499999999999716e+00 -1.888128124000000019e-01
6.745000000000000107e+00 -1.893831339000000002e-01
6.747499999999999609e+00 -1.890153803000000077e-01
6.750000000000000000e+00 -1.888720457999999991e-01
6.752500000000000391e+00 -1.891688269000000033e-01
6.754999999999999893e+00 -1.890451831000000138e-01
6.757500000000000284e+00 -1.894440983000000023e-01
6.759999999999999787e+00 -1.894397666000000036e-01
6.762500000000000178e+00 -1.894117411000000029e-01
6.764999999999999680e+00 -1.894326373000000119e-01
6.767500000000000071e+00 -1.896451832000000115e-01
6.769999999999999574e+00 -1.898215035999999967e-01
6.772499999999999964e+00 -1.902175902999999890e-01
6.775000000000000355e+00 -1.901258526999999865e-01
6.777499999999999858e+00 -1.901618451000000043e-01
6.780000000000000249e+00 -1.900856511000000026e-01
6.782499999999999751e+00 -1.901887945000000080e-01
6.785000000000000142e+00 -1.899728743000000108e-01
6.787499999999999645e+00 -1.897860211000000075e-01
6.790000000000000036e+00 -1.900921395999999874e-01
6.792500000000000426e+00 -1.903023463000000082e-01
6.794999999999999929e+00 -1.902276411999999917e-01
6.797500000000000320e+00 -1.905586088000000011e-01
6.799999999999999822e+00 -1.905666209000000111e-01
6.802500000000000213e+00 -1.910685021000000094e-01
6.804999999999999716e+00 -1.902124856999999891e-01
6.807500000000000107e+00 -1.907706950999999984e-01
6.809999999999999609e+00 -1.909519161999999881e-01
6.812500000000000000e+00 -1.906757054999999867e-01
6.815000000000000391e+00 -1.910580470000000086e-01
6.817499999999999893e+00 -1.907315539999999976e-01
6.820000000000000284e+00 -1.910580416999999864e-01
6.822499999999999787e+00 -1.909124768000000083e-01
6.825000000000000178e+00 -1.913093180999999865e-01
6.827499999999999680e+00 -1.912194335999999883e-01
6.830000000000000071e+00 -1.910959171000000123e-01
6.832499999999999574e+00 -1.910502627000000009e-01
6.834999999999999964e+00 -1.914149266000000071e-01
6.837500000000000355e+00 -1.913403505000000060e-01
6.839999999999999858e+00 -1.918384170000000111e-01
6.842500000000000249e+00 -1.916909556999999986e-01
6.844999999999999751e+00 -1.916536952000000016e-01
6.847500000000000142e+00 -1.918023957999999973e-01
6.849999999999999645e+00 -1.921715548000000051e-01
6.852500000000000036e+00 -1.919247060000000005e-01
6.855000000000000426e+00 -1.917775746000000003e-01
6.857499999999999929e+00 -1.918875448000000039e-01
6.860000000000000320e+00 -1.922656690000000002e-01
6.862499999999999822e+00 -1.919719202999999874e-01
6.865000000000000213e+00 -1.923070003000000028e-01
6.867499999999999716e+00 -1.921355221999999918e-01
6.870000000000000107e+00 -1.922619208000000135e-01
6.872499999999999609e+00 -1.922911194999999962e-01
6.875000000000000000e+00 -1.922902893000000002e-01
6.877500000000000391e+00 -1.927430739999999865e-01
6.879999999999999893e+00 -1.923913895000000096e-01
6.882500000000000284e+00 -1.929838001999999997e-01
6.884999999999999787e+00 -1.930758234000000129e-01
6.887500000000000178e+00 -1.925229532000000132e-01
6.889999999999999680e+00 -1.927615947999999912e-01
6.892500000000000071e+00 -1.932231048999999978e-01
6.894999999999999574e+00 -1.930814898000000057e-01
6.897499999999999964e+00 -1.922995875999999882e-01
6.900000000000000355e+00 -1.930229066999999965e-01
6.902499999999999858e+00 -1.928546986999999935e-01
6.905000000000000249e+00 -1.930563311999999865e-01
6.907499999999999751e+00 -1.929115361000000028e-01
6.910000000000000142e+00 -1.934443885999999890e-01
6.912499999999999645e+00 -1.934274870000000091e-01
6.915000000000000036e+00 -1.933007324000000082e-01
6.917500000000000426e+00 -1.933759290000000020e-01
6.919999999999999929e+00 -1.936405744999999956e-01
6.922500000000000320e+00 -1.933057210000000137e-01
6.924999999999999822e+00 -1.939272675000000001e-01
6.927500000000000213e+00 -1.938014202999999991e-01
6.929999999999999716e+00 -1.938734997000000071e-01
6.932500000000000107e+00 -1.940946185999999907e-01
6.934999999999999609e+00 -1.938496187000000037e-01
6.937500000000000000e+00 -1.942094421999999987e-01
6.940000000000000391e+00 -1.943171717999999937e-01
6.942499999999999893e+00 -1.941425405999999965e-01
6.945000000000000284e+00 -1.943789727999999939e-01
6.947499999999999787e+00 -1.940178529999999901e-01
6.950000000000000178e+00 -1.946479661999999944e-01
6.952499999999999680e+00 -1.946815766999999975e-01
6.955000000000000071e+00 -1.942779218000000030e-01
6.957499999999999574e+00 -1.949085661999999941e-01
6.959999999999999964e+00 -1.945513006000000045e-01
6.962500000000000355e+00 -1.946876261999999913e-01
6.964999999999999858e+00 -1.943628116999999988e-01
6.967500000000000249e+00 -1.948728758999999922e-01
6.969999999999999751e+00 -1.951441235999999968e-01
6.972500000000000142e+00 -1.955640030999999945e-01
6.974999999999999645e+00 -1.948811297999999970e-01
6.977500000000000036e+00 -1.955257462999999973e-01
6.980000000000000426e+00 -1.954007178000000122e-01
6.982499999999999929e+00 -1.953734406000000035e-01
6.985000000000000320e+00 -1.954888605000000001e-01
6.987499999999999822e+00 -1.956435851999999975e-01
6.990000000000000213e+00 -1.958809548000000067e-01
6.992499999999999716e+00 -1.957147048000000000e-01
6.995000000000000107e+00 -1.962549647000000064e-01
6.997499999999999609e+00 -1.956246228999999892e-01
7.000000000000000000e+00 -1.958831410000000106e-01
7.002500000000000391e+00 -1.961901922000000020e-01
7.004999999999999893e+00 -1.956374935999999898e-01
7.007500000000000284e+00 -1.958646225000000018e-01
7.009999999999999787e+00 -1.962403186999999993e-01
7.012500000000000178e+00 -1.960513395000000048e-01
7.014999999999999680e+00 -1.962142383000000101e-01
7.017500000000000071e+00 -1.962003049000000110e-01
7.019999999999999574e+00 -1.962274800000000097e-01
7.022499999999999964e+00 -1.965773140000000030e-01
7.025000000000000355e+00 -1.965374823999999909e-01
7.027499999999999858e+00 -1.963507117000000135e-01
7.030000000000000249e+00 -1.963223783999999972e-01
7.032499999999999751e+00 -1.969451882000000098e-01
7.035000000000000142e+00 -1.967685674999999912e-01
7.037499999999999645e+00 -1.967176305999999986e-01
7.040000000000000036e+00 -1.967325017999999870e-01
7.042500000000000426e+00 -1.971981624999999960e-01
7.044999999999999929e+00 -1.968805970999999988e-01
7.047500000000000320e+00 -1.973277381999999913e-01
7.049999999999999822e+00 -1.974256617000000047e-01
7.052500000000000213e+00 -1.973098869999999894e-01
7.054999999999999716e+00 -1.974867962999999893e-01
7.057500000000000107e+00 -1.972812572000000042e-01
7.059999999999999609e+00 -1.974253242000000019e-01
7.062500000000000000e+00 -1.975837735000000039e-01
7.065000000000000391e+00 -1.976621134000000057e-01
7.067499999999999893e+00 -1.979426670999999971e-01
7.070000000000000284e+00 -1.979747736999999952e-01
7.072499999999999787e+00 -1.976692140000000097e-01
7.075000000000000178e+00 -1.982448366000000017e-01
7.077499999999999680e+00 -1.983332644999999950e-01
7.080000000000000071e+00 -1.983108546000000028e-01
7.082499999999999574e+00 -1.981613506000000080e-01
7.084999999999999964e+00 -1.982659690999999946e-01
7.087500000000000355e+00 -1.986903034999999984e-01
7.089999999999999858e+00 -1.985388140000000079e-01
7.092500000000000249e+00 -1.986079293999999940e-01
7.094999999999999751e+00 -1.989349760999999939e-01
7.097500000000000142e+00 -1.986096132000000070e-01
7.099999999999999645e+00 -1.984437450000000047e-01
7.102500000000000036e+00 -1.991085673999999917e-01
7.105000000000000426e+00 -1.990781144000000058e-01
7.107499999999999929e+00 -1.987094990000000116e-01
7.110000000000000320e+00 -1.992577474999999987e-01
7.112499999999999822e+00 -1.996838163000000110e-01
7.115000000000000213e+00 -1.991998761999999867e-01
7.117499999999999716e+00 -1.989360682999999907e-01
7.120000000000000107e+00 -1.991679380999999971e-01
7.122499999999999609e+00 -1.992464473999999985e-01
7.125000000000000000e+00 -1.998051483999999933e-01
7.127500000000000391e+00 -1.993140519000000110e-01
7.129999999999999893e+00 -2.000640922999999960e-01
7.132500000000000284e+00 -1.996989637999999900e-01
7.134999999999999787e+00 -2.000348761999999891e-01
7.137500000000000178e+00 -2.001935632000000076e-01
7.139999999999999680e+00 -1.999079629999999941e-01
7.142500000000000071e+00 -2.005962809000000069e-01
7.144999999999999574e+00 -2.004872617000000024e-01
7.147499999999999964e+00 -2.006431181999999980e-01
7.150000000000000355e+00 -2.005564424999999873e-01
7.152499999999999858e+00 -2.003769049999999941e-01
7.155000000000000249e+00 -2.008305730000000122e-01
7.157499999999999751e+00 -2.004945677999999953e-01
7.160000000000000142e+00 -2.005869577000000126e-01
7.162499999999999645e+00 -2.010923534000000068e-01
7.165000000000000036e+00 -2.008960200999999890e-01
7.167500000000000426e+00 -2.008085846000000063e-01
7.169999999999999929e+00 -2.013351724999999925e-01
7.172500000000000320e+00 -2.010462779999999949e-01
7.174999999999999822e+00 -2.012268986000000093e-01
7.177500000000000213e+00 -2.016181618000000009e-01
7.179999999999999716e+00 -2.015492462000000040e-01
7.182500000000000107e+00 -2.013880771000000069e-01
7.184999999999999609e+00 -2.016554457999999994e-01
7.187500000000000000e+00 -2.014064426000000130e-01
7.190000000000000391e+00 -2.016832486000000035e-01
7.192499999999999893e+00 -2.016183619999999954e-01
7.195000000000000284e+00 -2.018019852999999864e-01
7.197499999999999787e+00 -2.019222783999999882e-01
7.200000000000000178e+00 -2.017100871999999989e-01
7.202499999999999680e+00 -2.018118737000000051e-01
7.205000000000000071e+00 -2.020412316999999902e-01
7.207499999999999574e+00 -2.024291448999999965e-01
7.209999999999999964e+00 -2.022788600000000048e-01
7.212500000000000355e+00 -2.025997583999999963e-01
7.214999999999999858e+00 -2.025100239000000024e-01
7.217500000000000249e+00 -2.024338022000000126e-01
7.219999999999999751e+00 -2.023584156000000078e-01
7.222500000000000142e+00 -2.029148189999999963e-01
7.224999999999999645e+00 -2.029773290000000119e-01
7.227500000000000036e+00 -2.027535517000000065e-01
7.230000000000000426e+00 -2.028184849999999928e-01
7.232499999999999929e+00 -2.032660360999999916e-01
7.235000000000000320e+00 -2.031758015000000028e-01
7.237499999999999822e+00 -2.030552254000000112e-01
7.240000000000000213e+00 -2.032794658000000032e-01
7.242499999999999716e+00 -2.034112573999999896e-01
7.245000000000000107e+00 -2.033667024999999962e-01
7.247499999999999609e+00 -2.037892332000000029e-01
7.250000000000000000e+00 -2.037667878999999960e-01
7.252500000000000391e+00 -2.037784102000000097e-01
7.254999999999999893e+00 -2.038730833999999881e-01
7.257500000000000284e+00 -2.043258836000000078e-01
7.259999999999999787e+00 -2.037890072000000108e-01
7.262500000000000178e+00 -2.039641633000000009e-01
7.264999999999999680e+00 -2.045409445999999964e-01
7.267500000000000071e+00 -2.040052800000000111e-01
7.269999999999999574e+00 -2.045140534999999871e-01
7.272499999999999964e+00 -2.046551326999999920e-01
7.275000000000000355e+00 -2.045045775000000066e-01
7.277499999999999858e+00 -2.049435098000000066e-01
7.280000000000000249e+00 -2.041348866999999900e-01
7.282499999999999751e+00 -2.047763995000000115e-01
7.285000000000000142e+00 -2.052954153999999864e-01
7.287499999999999645e+00 -2.048814122000000015e-01
7.290000000000000036e+00 -2.054381030000000108e-01
7.292500000000000426e+00 -2.052578536000000120e-01
7.294999999999999929e+00 -2.054220068000000010e-01
7.297500000000000320e+00 -2.055477028000000095e-01
7.299999999999999822e+00 -2.058253912999999935e-01
7.302500000000000213e+00 -2.057321102999999929e-01
7.304999999999999716e+00 -2.058587785999999864e-01
7.307500000000000107e+00 -2.061368959000000056e-01
7.309999999999999609e+00 -2.057027536000000101e-01
7.312500000000000000e+00 -2.056530652000000126e-01
7.315000000000000391e+00 -2.061593878000000102e-01
7.317499999999999893e+00 -2.061814104999999953e-01
7.320000000000000284e+00 -2.060212317000000015e-01
7.322499999999999787e+00 -2.061689244999999893e-01
7.325000000000000178e+00 -2.066876866000000035e-01
7.327499999999999680e+00 -2.065237181000000033e-01
7.330000000000000071e+00 -2.064719795000000135e-01
7.332499999999999574e+00 -2.069360406000000097e-01
7.334999999999999964e+00 -2.067143448000000050e-01
7.337500000000000355e+00 -2.065073783999999968e-01
7.339999999999999858e+00 -2.069542441999999982e-01
7.342500000000000249e+00 -2.069838578000000040e-01
7.344999999999999751e+00 -2.071172644000000007e-01
7.347500000000000142e+00 -2.076510359000000028e-01
7.349999999999999645e+00 -2.071049393000000127e-01
7.352500000000000036e+00 -2.071933676999999918e-01
7.355000000000000426e+00 -2.069775289999999934e-01
7.357499999999999929e+00 -2.074911201000000094e-01
7.360000000000000320e+00 -2.075610526999999983e-01
7.362499999999999822e+00 -2.078209997000000087e-01
7.365000000000000213e+00 -2.078831230000000030e-01
7.367499999999999716e+00 -2.077662469000000067e-01
7.370000000000000107e+00 -2.078465948000000063e-01
7.372499999999999609e+00 -2.082608233000000086e-01
7.375000000000000000e+00 -2.079712149000000065e-01
7.377500000000000391e+00 -2.081070788000000116e-01
7.379999999999999893e+00 -2.081517900000000032e-01
7.382500000000000284e+00 -2.083802844000000043e-01
7.384999999999999787e+00 -2.086404419000000010e-01
7.387500000000000178e+00 -2.085221644999999957e-01
7.389999999999999680e+00 -2.082370934999999978e-01
7.392500000000000071e+00 -2.087572457999999909e-01
7.394999999999999574e+00 -2.088388452999999922e-01
7.397499999999999964e+00 -2.091259252999999874e-01
7.400000000000000355e+00 -2.095198728999999871e-01
7.402499999999999858e+00 -2.091336387999999935e-01
7.405000000000000249e+00 -2.091109345000000119e-01
7.407499999999999751e+00 -2.094294935000000080e-01
7.410000000000000142e+00 -2.094330393000000123e-01
7.412499999999999645e+00 -2.093140109000000137e-01
7.415000000000000036e+00 -2.096461279999999872e-01
7.417500000000000426e+00 -2.099061147000000072e-01
7.419999999999999929e+00 -2.100116961999999865e-01
7.422500000000000320e+00 -2.102802598999999883e-01
7.424999999999999822e+00 -2.095788419999999874e-01
7.427500000000000213e+00 -2.103568228999999901e-01
7.429999999999999716e+00 -2.098470712000000127e-01
7.432500000000000107e+00 -2.102022473000000058e-01
7.434999999999999609e+00 -2.106535719000000029e-01
7.437500000000000000e+00 -2.107859340999999886e-01
7.440000000000000391e+00 -2.107260364999999913e-01
7.442499999999999893e+00 -2.109583801999999897e-01
7.445000000000000284e+00 -2.109924451000000090e-01
7.447499999999999787e+00 -2.104918185999999913e-01
7.450000000000000178e+00 -2.109431442999999962e-01
7.452499999999999680e+00 -2.112808311999999911e-01
7.455000000000000071e+00 -2.110839522999999884e-01
7.457499999999999574e+00 -2.109898759999999929e-01
7.459999999999999964e+00 -2.111096148999999922e-01
7.462500000000000355e+00 -2.114186016000000057e-01
7.464999999999999858e+00 -2.119740025999999888e-01
7.467500000000000249e+00 -2.114914035000000081e-01
7.469999999999999751e+00 -2.115562773000000119e-01
7.472500000000000142e+00 -2.115732358999999896e-01
7.474999999999999645e+00 -2.118997220000000126e-01
7.477500000000000036e+00 -2.123398680999999955e-01
7.480000000000000426e+00 -2.121049301000000054e-01
7.482499999999999929e+00 -2.125954237999999885e-01
7.485000000000000320e+00 -2.124518927999999862e-01
7.487499999999999822e+00 -2.126586453000000043e-01
7.490000000000000213e+00 -2.128996150999999948e-01
7.492499999999999716e+00 -2.128417645000000025e-01
7.495000000000000107e+00 -2.126527330999999910e-01
7.497499999999999609e+00 -2.133611249000000043e-01
7.500000000000000000e+00 -2.133024926000000043e-01
7.502500000000000391e+00 -2.130723552999999881e-01
7.504999999999999893e+00 -2.131693929000000043e-01
7.507500000000000284e+00 -2.135269246000000010e-01
7.509999999999999787e+00 -2.130807269999999976e-01
7.512500000000000178e+00 -2.136969991999999874e-01
7.514999999999999680e+00 -2.134571437999999988e-01
7.517500000000000071e+00 -2.138340244999999973e-01
7.519999999999999574e+00 -2.137480736000000048e-01
7.522499999999999964e+00 -2.137794936999999895e-01
7.525000000000000355e+00 -2.142220374000000094e-01
7.527499999999999858e+00 -2.139977365000000076e-01
7.530000000000000249e+00 -2.140592936999999862e-01
7.532499999999999751e+00 -2.144077082999999995e-01
7.535000000000000142e+00 -2.145814768000000039e-01
7.537499999999999645e+00 -2.143570934000000039e-01
7.540000000000000036e+00 -2.146597974999999991e-01
7.542500000000000426e+00 -2.148023619999999967e-01
7.544999999999999929e+00 -2.151111122999999903e-01
7.547500000000000320e+00 -2.149139620999999944e-01
7.549999999999999822e+00 -2.148448632999999941e-01
7.552500000000000213e+00 -2.154003945999999892e-01
7.554999999999999716e+00 -2.151509211000000032e-01
7.557500000000000107e+00 -2.153765582999999928e-01
7.559999999999999609e+00 -2.158758443000000082e-01
7.562500000000000000e+00 -2.160040760999999976e-01
7.565000000000000391e+00 -2.159640332999999968e-01
7.567499999999999893e+00 -2.158884346000000121e-01
7.570000000000000284e+00 -2.162203769999999914e-01
7.572499999999999787e+00 -2.160534383000000114e-01
7.575000000000000178e+00 -2.160250461000000066e-01
7.577499999999999680e+00 -2.161801483000000135e-01
7.580000000000000071e+00 -2.167530414999999933e-01
7.582499999999999574e+00 -2.163809939999999932e-01
7.584999999999999964e+00 -2.164257354000000133e-01
7.587500000000000355e+00 -2.168136249000000015e-01
7.589999999999999858e+00 -2.166580998000000036e-01
7.592500000000000249e+00 -2.168890085999999884e-01
7.594999999999999751e+00 -2.171730768000000034e-01
7.597500000000000142e+00 -2.169993021000000133e-01
7.599999999999999645e+00 -2.171687523999999980e-01
7.602500000000000036e+00 -2.175378852000000029e-01
7.605000000000000426e+00 -2.176164311999999879e-01
7.607499999999999929e+00 -2.178823209999999899e-01
7.610000000000000320e+00 -2.174605561000000076e-01
7.612499999999999822e+00 -2.177416402000000029e-01
7.615000000000000213e+00 -2.174709571000000008e-01
7.617499999999999716e+00 -2.182858585999999934e-01
7.620000000000000107e+00 -2.180943532999999879e-01
7.622499999999999609e+00 -2.182371941000000037e-01
7.625000000000000000e+00 -2.180826445999999863e-01
7.627500000000000391e+00 -2.184754091999999981e-01
7.629999999999999893e+00 -2.184992853000000124e-01
7.632500000000000284e+00 -2.189099134999999974e-01
7.634999999999999787e+00 -2.188125663000000110e-01
7.637500000000000178e+00 -2.190616714999999992e-01
7.639999999999999680e+00 -2.190533809999999915e-01
7.642500000000000071e+00 -2.190476305999999873e-01
7.644999999999999574e+00 -2.188966455999999949e-01
7.647499999999999964e+00 -2.191344386000000088e-01
7.650000000000000355e+00 -2.195142028000000023e-01
7.652499999999999858e+00 -2.195930422000000048e-01
7.655000000000000249e+00 -2.195247433999999997e-01
7.657499999999999751e+00 -2.198303129999999994e-01
7.660000000000000142e+00 -2.199773257000000037e-01
7.662499999999999645e+00 -2.197716103000000032e-01
7.665000000000000036e+00 -2.203752059000000096e-01
7.667500000000000426e+00 -2.203905703000000049e-01
7.669999999999999929e+00 -2.203832770999999968e-01
7.672500000000000320e+00 -2.205859377999999926e-01
7.674999999999999822e+00 -2.208074717000000076e-01
7.677500000000000213e+00 -2.206835047000000050e-01
7.679999999999999716e+00 -2.208976584000000021e-01
7.682500000000000107e+00 -2.210860319999999879e-01
7.684999999999999609e+00 -2.210592624000000117e-01
7.687500000000000000e+00 -2.211629665000000022e-01
7.690000000000000391e+00 -2.208193985000000137e-01
7.692499999999999893e+00 -2.217998754000000128e-01
7.695000000000000284e+00 -2.215192092999999918e-01
7.697499999999999787e+00 -2.218928683999999985e-01
7.700000000000000178e+00 -2.218764071999999865e-01
7.702499999999999680e+00 -2.220159351000000059e-01
7.705000000000000071e+00 -2.218455512999999990e-01
7.707499999999999574e+00 -2.222244734000000110e-01
7.709999999999999964e+00 -2.222749337999999908e-01
7.712500000000000355e+00 -2.223202603999999971e-01
7.714999999999999858e+00 -2.224169386000000026e-01
7.717500000000000249e+00 -2.226990155000000138e-01
7.719999999999999751e+00 -2.226239376999999964e-01
7.722500000000000142e+00 -2.226063520999999878e-01
7.724999999999999645e+00 -2.230317374000000130e-01
7.727500000000000036e+00 -2.232418513999999965e-01
7.730000000000000426e+00 -2.231464231999999992e-01
7.732499999999999929e+00 -2.233909523000000008e-01
7.735000000000000320e+00 -2.233118377999999959e-01
7.737499999999999822e+00 -2.236440927999999995e-01
7.740000000000000213e+00 -2.237644490000000042e-01
7.742499999999999716e+00 -2.237962045999999927e-01
7.745000000000000107e+00 -2.238193844999999960e-01
7.747499999999999609e+00 -2.245130852999999982e-01
7.750000000000000000e+00 -2.240590493999999877e-01
7.752500000000000391e+00 -2.245084784999999972e-01
7.754999999999999893e+00 -2.242934087000000021e-01
7.757500000000000284e+00 -2.247915866000000096e-01
7.759999999999999787e+00 -2.248877565000000078e-01
7.762500000000000178e+00 -2.246945878999999924e-01
7.764999999999999680e+00 -2.246474643999999965e-01
7.767500000000000071e+00 -2.250408355999999888e-01
7.769999999999999574e+00 -2.251310343000000047e-01
7.772499999999999964e+00 -2.252332808999999991e-01
7.775000000000000355e+00 -2.254555012999999997e-01
7.777499999999999858e+00 -2.256348442999999981e-01
7.780000000000000249e+00 -2.256790445000000089e-01
7.782499999999999751e+00 -2.256470187000000072e-01
7.785000000000000142e+00 -2.256264266000000129e-01
7.787499999999999645e+00 -2.258130634999999942e-01
7.790000000000000036e+00 -2.259450983999999885e-01
7.792500000000000426e+00 -2.261020578999999864e-01
7.794999999999999929e+00 -2.263011099999999998e-01
7.797500000000000320e+00 -2.265004633000000100e-01
7.799999999999999822e+00 -2.266061155999999910e-01
7.802500000000000213e+00 -2.264527744000000009e-01
7.804999999999999716e+00 -2.265692122000000086e-01
7.807500000000000107e+00 -2.272595806999999912e-01
7.809999999999999609e+00 -2.268367991999999944e-01
7.812500000000000000e+00 -2.265461538000000108e-01
7.815000000000000391e+00 -2.275850046000000015e-01
7.817499999999999893e+00 -2.273624445000000105e-01
7.820000000000000284e+00 -2.278267776000000022e-01
7.822499999999999787e+00 -2.277574491000000090e-01
7.825000000000000178e+00 -2.280481246999999934e-01
7.827499999999999680e+00 -2.281965139000000087e-01
7.830000000000000071e+00 -2.277861814000000096e-01
7.832499999999999574e+00 -2.278334340000000013e-01
7.834999999999999964e+00 -2.281920074000000076e-01
7.837500000000000355e+00 -2.282524885999999975e-01
7.839999999999999858e+00 -2.285973601000000077e-01
7.842500000000000249e+00 -2.289503328999999976e-01
7.844999999999999751e+00 -2.288141300000000045e-01
7.847500000000000142e+00 -2.288059600000000027e-01
7.849999999999999645e+00 -2.288610829000000124e-01
7.852500000000000036e+00 -2.291795403000000120e-01
7.855000000000000426e+00 -2.288520628999999862e-01
7.857499999999999929e+00 -2.295464762999999964e-01
7.860000000000000320e+00 -2.291491458000000092e-01
7.862499999999999822e+00 -2.294888623999999933e-01
7.865000000000000213e+00 -2.299709332000000050e-01
7.867499999999999716e+00 -2.299853111999999866e-01
7.870000000000000107e+00 -2.301756343999999954e-01
7.872499999999999609e+00 -2.298019101999999869e-01
7.875000000000000000e+00 -2.305080435000000094e-01
7.877500000000000391e+00 -2.309959886999999878e-01
7.879999999999999893e+00 -2.308542147000000044e-01
7.882500000000000284e+00 -2.310049442000000064e-01
7.884999999999999787e+00 -2.309488588999999981e-01
7.887500000000000178e+00 -2.310964380999999956e-01
7.889999999999999680e+00 -2.314997267999999997e-01
7.892500000000000071e+00 -2.309856721999999918e-01
7.894999999999999574e+00 -2.311603634000000129e-01
7.897499999999999964e+00 -2.318550466000000032e-01
7.900000000000000355e+00 -2.320545438000000127e-01
7.902499999999999858e+00 -2.322537350999999972e-01
7.905000000000000249e+00 -2.322515861999999986e-01
7.907499999999999751e+00 -2.317500842999999922e-01
7.910000000000000142e+00 -2.320311988000000047e-01
7.912499999999999645e+00 -2.321905277000000101e-01
7.915000000000000036e+00 -2.330140019999999978e-01
7.917500000000000426e+00 -2.325689514000000013e-01
7.919999999999999929e+00 -2.327519553999999880e-01
7.922500000000000320e+00 -2.331684831999999985e-01
7.924999999999999822e+00 -2.328614941000000105e-01
7.927500000000000213e+00 -2.328861167000000065e-01
7.929999999999999716e+00 -2.338214815999999918e-01
7.932500000000000107e+00 -2.332952420000000138e-01
7.934999999999999609e+00 -2.335135799999999984e-01
7.937500000000000000e+00 -2.333724439000000039e-01
7.940000000000000391e+00 -2.336739479999999924e-01
7.942499999999999893e+00 -2.341587792000000001e-01
7.945000000000000284e+00 -2.341599306999999908e-01
7.947499999999999787e+00 -2.339706025000000134e-01
7.950000000000000178e+00 -2.341858478999999937e-01
7.952499999999999680e+00 -2.339866533999999942e-01
7.955000000000000071e+00 -2.347730004999999953e-01
7.957499999999999574e+00 -2.349106371000000137e-01
7.959999999999999964e+00 -2.351454926000000056e-01
7.962500000000000355e+00 -2.349776521999999979e-01
7.964999999999999858e+00 -2.351108845999999863e-01
7.967500000000000249e+00 -2.352457233999999953e-01
7.969999999999999751e+00 -2.353455462000000054e-01
7.972500000000000142e+00 -2.357303209000000122e-01
7.974999999999999645e+00 -2.359296693000000056e-01
7.977500000000000036e+00 -2.362471932000000108e-01
7.980000000000000426e+00 -2.358883938000000124e-01
7.982499999999999929e+00 -2.361353898999999923e-01
7.985000000000000320e+00 -2.366160976999999999e-01
7.987499999999999822e+00 -2.362713734999999926e-01
7.990000000000000213e+00 -2.367500143000000057e-01
7.992499999999999716e+00 -2.367673358999999866e-01
7.995000000000000107e+00 -2.365882968999999947e-01
7.997499999999999609e+00 -2.369473881999999976e-01
8.000000000000000000e+00 -2.373342045999999872e-01
8.002499999999999503e+00 -2.378247160999999998e-01
8.005000000000000782e+00 -2.374489936999999995e-01
8.007500000000000284e+00 -2.377828046000000084e-01
8.009999999999999787e+00 -2.374816352999999935e-01
8.012499999999999289e+00 -2.379461539999999931e-01
8.015000000000000568e+00 -2.383302116000000082e-01
8.017500000000000071e+00 -2.385736572000000111e-01
8.019999999999999574e+00 -2.386326477999999862e-01
8.022500000000000853e+00 -2.383179767999999976e-01
8.025000000000000355e+00 -2.384227621999999991e-01
8.027499999999999858e+00 -2.387927750000000127e-01
8.029999999999999361e+00 -2.389486908000000021e-01
8.032500000000000639e+00 -2.391092023999999983e-01
8.035000000000000142e+00 -2.391218831999999961e-01
8.037499999999999645e+00 -2.393885865000000002e-01
8.039999999999999147e+00 -2.394150385999999908e-01
8.042500000000000426e+00 -2.397611875000000003e-01
8.044999999999999929e+00 -2.399422599999999905e-01
8.047499999999999432e+00 -2.397182016000000138e-01
8.050000000000000711e+00 -2.399773766999999947e-01
8.052500000000000213e+00 -2.402504299999999871e-01
8.054999999999999716e+00 -2.404205556000000021e-01
8.057499999999999218e+00 -2.405603934999999971e-01
8.060000000000000497e+00 -2.406452175000000082e-01
8.062500000000000000e+00 -2.413553127999999992e-01
8.064999999999999503e+00 -2.410044073000000009e-01
8.067500000000000782e+00 -2.411369795999999954e-01
8.070000000000000284e+00 -2.412262756000000119e-01
8.072499999999999787e+00 -2.413969653999999965e-01
8.074999999999999289e+00 -2.417915623000000125e-01
8.077500000000000568e+00 -2.416638241999999881e-01
8.080000000000000071e+00 -2.417458872999999897e-01
8.082499999999999574e+00 -2.419623473999999996e-01
8.085000000000000853e+00 -2.425597253000000009e-01
8.087500000000000355e+00 -2.424858685999999874e-01
8.089999999999999858e+00 -2.428050673000000104e-01
8.092499999999999361e+00 -2.424498070999999977e-01
8.095000000000000639e+00 -2.429509622999999896e-01
8.097500000000000142e+00 -2.430636416999999994e-01
8.099999999999999645e+00 -2.430847908000000057e-01
8.102499999999999147e+00 -2.431092297999999929e-01
8.105000000000000426e+00 -2.436444963000000130e-01
8.107499999999999929e+00 -2.433025231000000010e-01
8.109999999999999432e+00 -2.438855504999999924e-01
8.112500000000000711e+00 -2.439382788999999996e-01
8.115000000000000213e+00 -2.442216674999999892e-01
8.117499999999999716e+00 -2.442994068999999879e-01
8.119999999999999218e+00 -2.443410467999999891e-01
8.122500000000000497e+00 -2.446922186999999915e-01
8.125000000000000000e+00 -2.442716682999999944e-01
8.127499999999999503e+00 -2.449037538999999930e-01
8.130000000000000782e+00 -2.451299838000000064e-01
8.132500000000000284e+00 -2.452711559999999902e-01
8.134999999999999787e+00 -2.449274607999999964e-01
8.137499999999999289e+00 -2.450755773999999942e-01
8.140000000000000568e+00 -2.454608651000000086e-01
8.142500000000000071e+00 -2.453318754000000101e-01
8.144999999999999574e+00 -2.458853864999999972e-01
8.147500000000000853e+00 -2.456933071999999885e-01
8.150000000000000355e+00 -2.465042959000000033e-01
8.152499999999999858e+00 -2.466024790000000133e-01
8.154999999999999361e+00 -2.468790087999999938e-01
8.157500000000000639e+00 -2.466190789000000105e-01
8.160000000000000142e+00 -2.466622975999999967e-01
8.162499999999999645e+00 -2.471489816999999922e-01
8.164999999999999147e+00 -2.470585613000000069e-01
8.167500000000000426e+00 -2.477910117999999884e-01
8.169999999999999929e+00 -2.473112030999999877e-01
8.172499999999999432e+00 -2.472554260000000004e-01
8.175000000000000711e+00 -2.477894556999999942e-01
8.177500000000000213e+00 -2.481133564999999930e-01
8.179999999999999716e+00 -2.476724052000000009e-01
8.182499999999999218e+00 -2.482497325999999949e-01
8.185000000000000497e+00 -2.484752748000000067e-01
8.187500000000000000e+00 -2.483073594999999911e-01
8.189999999999999503e+00 -2.487284580000000134e-01
8.192500000000000782e+00 -2.488056687999999905e-01
8.195000000000000284e+00 -2.491577457999999967e-01
8.197499999999999787e+00 -2.492166316999999964e-01
8.199999999999999289e+00 -2.495434102999999904e-01
8.202500000000000568e+00 -2.496320230999999890e-01
8.205000000000000071e+00 -2.499043129000000085e-01
8.207499999999999574e+00 -2.501269127999999897e-01
8.210000000000000853e+00 -2.505765732999999940e-01
8.212500000000000355e+00 -2.501136921000000068e-01
8.214999999999999858e+00 -2.504797012000000156e-01
8.217499999999999361e+00 -2.504875991000000135e-01
8.220000000000000639e+00 -2.504757282999999779e-01
8.222500000000000142e+00 -2.505689904999999773e-01
8.224999999999999645e+00 -2.511789723999999779e-01
8.227499999999999147e+00 -2.511746290999999909e-01
8.230000000000000426e+00 -2.512955043000000277e-01
8.232499999999999929e+00 -2.513227444000000199e-01
8.234999999999999432e+00 -2.516669966999999786e-01
8.237500000000000711e+00 -2.521360440000000036e-01
8.240000000000000213e+00 -2.520537297000000065e-01
8.242499999999999716e+00 -2.524740954999999953e-01
8.244999999999999218e+00 -2.523970589999999792e-01
8.247500000000000497e+00 -2.528584199000000199e-01
8.250000000000000000e+00 -2.528395715999999793e-01
8.252499999999999503e+00 -2.529784680000000119e-01
8.255000000000000782e+00 -2.527671264999999945e-01
8.257500000000000284e+00 -2.534896356999999933e-01
8.259999999999999787e+00 -2.535055016000000161e-01
8.262499999999999289e+00 -2.535815007000000176e-01
8.265000000000000568e+00 -2.541105511999999789e-01
8.267500000000000071e+00 -2.535117241000000021e-01
8.269999999999999574e+00 -2.546322181999999823e-01
8.272500000000000853e+00 -2.543262897999999939e-01
8.275000000000000355e+00 -2.543322194000000036e-01
8.277499999999999858e+00 -2.545534063000000069e-01
8.279999999999999361e+00 -2.544988348000000178e-01
8.282500000000000639e+00 -2.549913784999999766e-01
8.285000000000000142e+00 -2.551722401000000029e-01
8.287499999999999645e+00 -2.550820725999999872e-01
8.289999999999999147e+00 -2.553327577000000237e-01
8.292500000000000426e+00 -2.559365961000000245e-01
8.294999999999999929e+00 -2.556447015000000156e-01
8.297499999999999432e+00 -2.562142474999999919e-01
8.300000000000000711e+00 -2.560974354000000175e-01
8.302500000000000213e+00 -2.559352609000000167e-01
8.304999999999999716e+00 -2.562072478999999903e-01
8.307499999999999218e+00 -2.567066865000000031e-01
8.310000000000000497e+00 -2.569703497999999975e-01
8.312500000000000000e+00 -2.571911382000000024e-01
8.314999999999999503e+00 -2.571653064000000155e-01
8.317500000000000782e+00 -2.576583416000000071e-01
8.320000000000000284e+00 -2.574168245999999827e-01
8.322499999999999787e+00 -2.578764259999999919e-01
8.324999999999999289e+00 -2.579848786000000227e-01
8.327500000000000568e+00 -2.579617069999999845e-01
8.330000000000000071e+00 -2.582737780000000094e-01
8.332499999999999574e+00 -2.589086871999999873e-01
8.335000000000000853e+00 -2.590084080000000233e-01
8.337500000000000355e+00 -2.589210746000000229e-01
8.339999999999999858e+00 -2.591400973999999913e-01
8.342499999999999361e+00 -2.595828998999999970e-01
8.345000000000000639e+00 -2.596667624999999813e-01
8.347500000000000142e+00 -2.597920506999999990e-01
8.349999999999999645e+00 -2.597645016999999834e-01
8.352499999999999147e+00 -2.598205795999999901e-01
8.355000000000000426e+00 -2.604152420999999995e-01
8.357499999999999929e+00 -2.602482611999999973e-01
8.359999999999999432e+00 -2.602784911000000090e-01
8.362500000000000711e+00 -2.607082920000000081e-01
8.365000000000000213e+00 -2.610487220000000108e-01
8.367499999999999716e+00 -2.612161351000000242e-01
8.369999999999999218e+00 -2.613532900000000159e-01
8.372500000000000497e+00 -2.614937340999999860e-01
8.375000000000000000e+00 -2.613820500999999852e-01
8.377499999999999503e+00 -2.619074592000000257e-01
8.380000000000000782e+00 -2.619429321000000255e-01
8.382500000000000284e+00 -2.622908388999999896e-01
8.384999999999999787e+00 -2.624924507999999990e-01
8.387499999999999289e+00 -2.625879646000000012e-01
8.390000000000000568e+00 -2.628588258999999816e-01
8.392500000000000071e+00 -2.629947441000000108e-01
8.394999999999999574e+00 -2.630841338000000085e-01
8.397500000000000853e+00 -2.636034233999999810e-01
8.400000000000000355e+00 -2.631916034999999821e-01
8.402499999999999858e+00 -2.639227836999999965e-01
8.404999999999999361e+00 -2.641004310999999771e-01
8.407500000000000639e+00 -2.637221014999999724e-01
8.410000000000000142e+00 -2.644440445999999834e-01
8.412499999999999645e+00 -2.645980224999999741e-01
8.414999999999999147e+00 -2.644336353000000250e-01
8.417500000000000426e+00 -2.643858043000000269e-01
8.419999999999999929e+00 -2.650202086999999818e-01
8.422499999999999432e+00 -2.652873517000000070e-01
8.425000000000000711e+00 -2.653696241999999872e-01
8.427500000000000213e+00 -2.653670260000000058e-01
8.429999999999999716e+00 -2.659577685000000247e-01
8.432499999999999218e+00 -2.660682958000000209e-01
8.435000000000000497e+00 -2.661598896999999853e-01
8.437500000000000000e+00 -2.667730441999999758e-01
8.439999999999999503e+00 -2.669359880000000129e-01
8.442500000000000782e+00 -2.668019341000000266e-01
8.445000000000000284e+00 -2.671604984000000016e-01
8.447499999999999787e+00 -2.671677024999999928e-01
8.449999999999999289e+00 -2.675962550000000051e-01
8.452500000000000568e+00 -2.676835374000000045e-01
8.455000000000000071e+00 -2.676416858999999815e-01
8.457499999999999574e+00 -2.680538190000000265e-01
8.460000000000000853e+00 -2.682890607000000260e-01
8.462500000000000355e+00 -2.684095476999999730e-01
8.464999999999999858e+00 -2.681874235999999745e-01
8.467499999999999361e+00 -2.691469228999999741e-01
8.470000000000000639e+00 -2.691655479999999767e-01
8.472500000000000142e+00 -2.690921051999999869e-01
8.474999999999999645e+00 -2.693695643999999834e-01
8.477499999999999147e+00 -2.695835725999999877e-01
8.480000000000000426e+00 -2.693732343999999945e-01
8.482499999999999929e+00 -2.693519702000000127e-01
8.484999999999999432e+00 -2.699168026000000054e-01
8.487500000000000711e+00 -2.701507854999999902e-01
8.490000000000000213e+00 -2.703646561999999975e-01
8.492499999999999716e+00 -2.708360349000000222e-01
8.494999999999999218e+00 -2.709870336999999907e-01
8.497500000000000497e+00 -2.713471283000000178e-01
8.500000000000000000e+00 -2.711834961999999849e-01
8.502499999999999503e+00 -2.714878855000000257e-01
8.505000000000000782e+00 -2.722700807999999806e-01
8.507500000000000284e+00 -2.718110409999999755e-01
8.509999999999999787e+00 -2.725108283000000076e-01
8.512499999999999289e+00 -2.722632754000000044e-01
8.515000000000000568e+00 -2.723139171000000247e-01
8.517500000000000071e+00 -2.721440824999999952e-01
8.519999999999999574e+00 -2.731169485000000119e-01
8.522500000000000853e+00 -2.729802648999999914e-01
8.525000000000000355e+00 -2.730051260999999951e-01
8.527499999999999858e+00 -2.736278635000000126e-01
8.529999999999999361e+00 -2.735914309999999960e-01
8.532500000000000639e+00 -2.741239891000000206e-01
8.535000000000000142e+00 -2.744245821999999890e-01
8.537499999999999645e+00 -2.742398712999999932e-01
8.539999999999999147e+00 -2.748300865000000148e-01
8.542500000000000426e+00 -2.749103548999999869e-01
8.544999999999999929e+00 -2.752439854000000019e-01
8.547499999999999432e+00 -2.749528720000000148e-01
8.550000000000000711e+00 -2.753544418000000160e-01
8.552500000000000213e+00 -2.758489246999999978e-01
8.554999999999999716e+00 -2.756754074000000165e-01
8.557499999999999218e+00 -2.762270499000000212e-01
8.560000000000000497e+00 -2.763433860999999769e-01
8.562500000000000000e+00 -2.762449477000000209e-01
8.564999999999999503e+00 -2.765445382000000230e-01
8.567500000000000782e+00 -2.768110243999999942e-01
8.570000000000000284e+00 -2.768992849999999950e-01
8.572499999999999787e+00 -2.770186243000000159e-01
8.574999999999999289e+00 -2.778190501000000201e-01
8.577500000000000568e+00 -2.774632363000000268e-01
8.580000000000000071e+00 -2.778454922999999965e-01
8.582499999999999574e+00 -2.783693767000000041e-01
8.585000000000000853e+00 -2.784611424999999807e-01
8.587500000000000355e+00 -2.787495494000000185e-01
8.589999999999999858e+00 -2.788072981999999977e-01
8.592499999999999361e+00 -2.793556338000000028e-01
8.595000000000000639e+00 -2.793875831000000032e-01
8.597500000000000142e+00 -2.791016512000000227e-01
8.599999999999999645e+00 -2.797213526999999811e-01
8.602499999999999147e+00 -2.798614676999999773e-01
8.605000000000000426e+00 -2.798656112999999834e-01
8.607499999999999929e+00 -2.802665645999999899e-01
8.609999999999999432e+00 -2.809033713999999904e-01
8.612500000000000711e+00 -2.806737219000000061e-01
8.615000000000000213e+00 -2.810404927999999858e-01
8.617499999999999716e+00 -2.812069643999999813e-01
8.619999999999999218e+00 -2.814276341999999986e-01
8.622500000000000497e+00 -2.819757390000000030e-01
8.625000000000000000e+00 -2.816580857000000049e-01
8.627499999999999503e+00 -2.815036133000000107e-01
8.630000000000000782e+00 -2.820366916000000002e-01
8.632500000000000284e+00 -2.825669688999999929e-01
8.634999999999999787e+00 -2.827631668999999737e-01
8.637499999999999289e+00 -2.828774573999999764e-01
8.640000000000000568e+00 -2.831563455000000173e-01
8.642500000000000071e+00 -2.836242834000000101e-01
8.644999999999999574e+00 -2.836724361999999888e-01
8.647500000000000853e+00 -2.840308899000000276e-01
8.650000000000000355e+00 -2.837691514999999831e-01
8.652499999999999858e+00 -2.847314845000000205e-01
8.654999999999999361e+00 -2.842273072000000012e-01
8.657500000000000639e+00 -2.848950191999999881e-01
8.660000000000000142e+00 -2.848370901999999760e-01
8.662499999999999645e+00 -2.853812828000000246e-01
8.664999999999999147e+00 -2.856262901000000132e-01
8.667500000000000426e+00 -2.857682889000000004e-01
8.669999999999999929e+00 -2.862053044999999796e-01
8.672499999999999432e+00 -2.857026529000000203e-01
8.675000000000000711e+00 -2.863610274999999761e-01
8.677500000000000213e+00 -2.867233929999999931e-01
8.679999999999999716e+00 -2.871831810000000096e-01
8.682499999999999218e+00 -2.873138316000000136e-01
8.685000000000000497e+00 -2.872659842999999991e-01
8.687500000000000000e+00 -2.875850915000000008e-01
8.689999999999999503e+00 -2.878531997000000064e-01
8.692500000000000782e+00 -2.875076515000000166e-01
8.695000000000000284e+00 -2.878165731999999810e-01
8.697499999999999787e+00 -2.881834162999999949e-01
8.699999999999999289e+00 -2.880049255000000086e-01
8.702500000000000568e+00 -2.887191440999999914e-01
8.705000000000000071e+00 -2.892795832999999761e-01
8.707499999999999574e+00 -2.893822160000000254e-01
8.710000000000000853e+00 -2.896752228000000207e-01
8.712500000000000355e+00 -2.901442790000000049e-01
8.714999999999999858e+00 -2.901733284999999940e-01
8.717499999999999361e+00 -2.906462593999999955e-01
8.720000000000000639e+00 -2.905764915999999864e-01
8.722500000000000142e+00 -2.910066244000000246e-01
8.724999999999999645e+00 -2.909834718000000042e-01
8.727499999999999147e+00 -2.909633822000000092e-01
8.730000000000000426e+00 -2.915710731999999750e-01
8.732499999999999929e+00 -2.916873658999999952e-01
8.734999999999999432e+00 -2.920808286000000087e-01
8.737500000000000711e+00 -2.920542449999999901e-01
8.740000000000000213e+00 -2.924523922000000220e-01
8.742499999999999716e+00 -2.929067518999999842e-01
8.744999999999999218e+00 -2.928894023999999985e-01
8.747500000000000497e+00 -2.931461242999999772e-01
8.750000000000000000e+00 -2.938459600000000171e-01
8.752499999999999503e+00 -2.932850094000000185e-01
8.755000000000000782e+00 -2.941991573000000137e-01
8.757500000000000284e+00 -2.947995935000000123e-01
8.759999999999999787e+00 -2.942657014999999765e-01
8.762499999999999289e+00 -2.943122456999999748e-01
8.765000000000000568e+00 -2.948441420999999840e-01
8.767500000000000071e+00 -2.948927331999999790e-01
8.769999999999999574e+00 -2.952910707999999995e-01
8.772500000000000853e+00 -2.951674244999999974e-01
8.775000000000000355e+00 -2.957945616000000055e-01
8.777499999999999858e+00 -2.963846216000000089e-01
8.779999999999999361e+00 -2.962487272000000060e-01
8.782500000000000639e+00 -2.964768788000000099e-01
8.785000000000000142e+00 -2.971199156000000063e-01
8.787499999999999645e+00 -2.968222484999999966e-01
8.789999999999999147e+00 -2.968531794000000001e-01
8.792500000000000426e+00 -2.976324920999999790e-01
8.794999999999999929e+00 -2.976226000000000149e-01
8.797499999999999432e+00 -2.978837785999999821e-01
8.800000000000000711e+00 -2.982617175999999759e-01
8.802500000000000213e+00 -2.985540136000000011e-01
8.804999999999999716e+00 -2.985433425999999835e-01
8.807499999999999218e+00 -2.990960995999999983e-01
8.810000000000000497e+00 -2.994453497999999825e-01
8.812500000000000000e+00 -2.995228386000000076e-01
8.814999999999999503e+00 -2.998783064000000165e-01
8.817500000000000782e+00 -2.998786048000000037e-01
8.820000000000000284e+00 -3.001192578999999916e-01
8.822499999999999787e+00 -3.007215354000000174e-01
8.824999999999999289e+00 -3.006390950999999756e-01
8.827500000000000568e+00 -3.009964803999999883e-01
8.830000000000000071e+00 -3.016065072999999930e-01
8.832499999999999574e+00 -3.015291810999999877e-01
8.835000000000000853e+00 -3.019641617000000111e-01
8.837500000000000355e+00 -3.019729582999999828e-01
8.839999999999999858e+00 -3.027083651999999958e-01
8.842499999999999361e+00 -3.027612187000000010e-01
8.845000000000000639e+00 -3.028569848000000064e-01
8.847500000000000142e+00 -3.028375556999999829e-01
8.849999999999999645e+00 -3.037620323999999927e-01
8.852499999999999147e+00 -3.035638877999999874e-01
8.855000000000000426e+00 -3.038615540999999864e-01
8.857499999999999929e+00 -3.043334483999999840e-01
8.859999999999999432e+00 -3.042212408000000146e-01
8.862500000000000711e+00 -3.044048498999999963e-01
8.865000000000000213e+00 -3.049292201000000091e-01
8.867499999999999716e+00 -3.050537515999999783e-01
8.869999999999999218e+00 -3.053886512000000275e-01
8.872500000000000497e+00 -3.059928788999999871e-01
8.875000000000000000e+00 -3.059458360999999793e-01
8.877499999999999503e+00 -3.063361767000000180e-01
8.880000000000000782e+00 -3.062350155999999934e-01
8.882500000000000284e+00 -3.066128340000000008e-01
8.884999999999999787e+00 -3.070947099999999930e-01
8.887499999999999289e+00 -3.071589674999999908e-01
8.890000000000000568e+00 -3.074778750000000116e-01
8.892500000000000071e+00 -3.079607964000000142e-01
8.894999999999999574e+00 -3.079644189999999893e-01
8.897500000000000853e+00 -3.082185969999999831e-01
8.900000000000000355e+00 -3.088309356999999755e-01
8.902499999999999858e+00 -3.087287416999999756e-01
8.904999999999999361e+00 -3.088690539999999762e-01
8.907500000000000639e+00 -3.092054007000000215e-01
8.910000000000000142e+00 -3.099083033000000209e-01
8.912499999999999645e+00 -3.102057643000000198e-01
8.914999999999999147e+00 -3.105001908000000199e-01
8.917500000000000426e+00 -3.104885980000000045e-01
8.919999999999999929e+00 -3.110890197000000246e-01
8.922499999999999432e+00 -3.108339909999999762e-01
8.925000000000000711e+00 -3.110195198999999855e-01
8.927500000000000213e+00 -3.117991086999999939e-01
8.929999999999999716e+00 -3.117971171000000208e-01
8.932499999999999218e+00 -3.121784244999999958e-01
8.935000000000000497e+00 -3.129803072999999825e-01
8.937500000000000000e+00 -3.122994608999999921e-01
8.939999999999999503e+00 -3.132782811000000001e-01
8.942500000000000782e+00 -3.133487216999999991e-01
8.945000000000000284e+00 -3.138003681000000045e-01
8.947499999999999787e+00 -3.138937272999999806e-01
8.949999999999999289e+00 -3.144948854999999877e-01
8.952500000000000568e+00 -3.146308266999999770e-01
8.955000000000000071e+00 -3.147404952000000256e-01
8.957499999999999574e+00 -3.149536376000000026e-01
8.960000000000000853e+00 -3.154063121999999830e-01
8.962500000000000355e+00 -3.158540181999999752e-01
8.964999999999999858e+00 -3.158741690999999907e-01
8.967499999999999361e+00 -3.161540811999999923e-01
8.970000000000000639e+00 -3.162842411999999825e-01
8.972500000000000142e+00 -3.165566175999999787e-01
8.974999999999999645e+00 -3.169269148000000147e-01
8.977499999999999147e+00 -3.171520246999999793e-01
8.980000000000000426e+00 -3.174913350999999939e-01
8.982499999999999929e+00 -3.179149683999999976e-01
8.984999999999999432e+00 -3.181283160000000221e-01
8.987500000000000711e+00 -3.182661774000000166e-01
8.990000000000000213e+00 -3.188697160000000252e-01
8.992499999999999716e+00 -3.190668266999999725e-01
8.994999999999999218e+00 -3.192413581999999916e-01
8.997500000000000497e+00 -3.194992300999999757e-01
9.000000000000000000e+00 -3.200511511999999947e-01
9.002499999999999503e+00 -3.200832026000000052e-01
9.005000000000000782e+00 -3.207314520999999807e-01
9.007500000000000284e+00 -3.210143436999999822e-01
9.009999999999999787e+00 -3.213149887999999788e-01
9.012499999999999289e+00 -3.211983028000000018e-01
9.015000000000000568e+00 -3.218561878999999792e-01
9.017500000000000071e+00 -3.218435259999999909e-01
9.019999999999999574e+00 -3.219542886999999798e-01
9.022500000000000853e+00 -3.225875971000000120e-01
9.025000000000000355e+00 -3.233277244000000161e-01
9.027499999999999858e+00 -3.229891840999999930e-01
9.029999999999999361e+00 -3.233790210999999970e-01
9.032500000000000639e+00 -3.235328759000000165e-01
9.035000000000000142e+00 -3.237110086000000164e-01
9.037499999999999645e+00 -3.242565163000000195e-01
9.039999999999999147e+00 -3.243893072999999849e-01
9.042500000000000426e+00 -3.247851864999999894e-01
9.044999999999999929e+00 -3.255881717999999925e-01
9.047499999999999432e+00 -3.253249195999999843e-01
9.050000000000000711e+00 -3.257367446000000166e-01
9.052500000000000213e+00 -3.262107557999999741e-01
9.054999999999999716e+00 -3.263397974999999729e-01
9.057499999999999218e+00 -3.268043878999999929e-01
9.060000000000000497e+00 -3.267389754999999729e-01
9.062500000000000000e+00 -3.276205064000000111e-01
9.064999999999999503e+00 -3.277402555000000217e-01
9.067500000000000782e+00 -3.284068472000000183e-01
9.070000000000000284e+00 -3.285315601000000085e-01
9.072499999999999787e+00 -3.287501015000000026e-01
9.074999999999999289e+00 -3.289572194000000005e-01
9.077500000000000568e+00 -3.294667365000000236e-01
9.080000000000000071e+00 -3.294062428000000264e-01
9.082499999999999574e+00 -3.296989794999999890e-01
9.085000000000000853e+00 -3.304182243000000074e-01
9.087500000000000355e+00 -3.300571595999999830e-01
9.089999999999999858e+00 -3.308650088000000267e-01
9.092499999999999361e+00 -3.313169214999999723e-01
9.095000000000000639e+00 -3.315738221999999791e-01
9.097500000000000142e+00 -3.317059861000000165e-01
9.099999999999999645e+00 -3.314916056000000166e-01
9.102499999999999147e+00 -3.323148019000000120e-01
9.105000000000000426e+00 -3.326264085999999787e-01
9.107499999999999929e+00 -3.334594370000000252e-01
9.109999999999999432e+00 -3.331378993999999927e-01
9.112500000000000711e+00 -3.335779251000000056e-01
9.115000000000000213e+00 -3.340424200000000066e-01
9.117499999999999716e+00 -3.345741193999999807e-01
9.119999999999999218e+00 -3.341023330999999819e-01
9.122500000000000497e+00 -3.350726187999999994e-01
9.125000000000000000e+00 -3.353127466999999973e-01
9.127499999999999503e+00 -3.356665386000000084e-01
9.130000000000000782e+00 -3.359815642000000269e-01
9.132500000000000284e+00 -3.361984067000000076e-01
9.134999999999999787e+00 -3.365686591000000005e-01
9.137499999999999289e+00 -3.365231435000000104e-01
9.140000000000000568e+00 -3.370082600000000039e-01
9.142500000000000071e+00 -3.374569540999999839e-01
9.144999999999999574e+00 -3.377445736999999948e-01
9.147500000000000853e+00 -3.381611015000000053e-01
9.150000000000000355e+00 -3.390054465999999822e-01
9.152499999999999858e+00 -3.388821732999999781e-01
9.154999999999999361e+00 -3.393811690999999908e-01
9.157500000000000639e+00 -3.395262494999999880e-01
9.160000000000000142e+00 -3.399292824999999851e-01
9.162499999999999645e+00 -3.398911081000000056e-01
9.164999999999999147e+00 -3.403236528999999955e-01
9.167500000000000426e+00 -3.408852036000000196e-01
9.169999999999999929e+00 -3.415699939999999879e-01
9.172499999999999432e+00 -3.413353718000000092e-01
9.175000000000000711e+00 -3.416741664999999872e-01
9.177500000000000213e+00 -3.418786697000000263e-01
9.179999999999999716e+00 -3.426208593999999774e-01
9.182499999999999218e+00 -3.426614699000000153e-01
9.185000000000000497e+00 -3.429581921000000033e-01
9.187500000000000000e+00 -3.433972992000000057e-01
9.189999999999999503e+00 -3.436214550999999728e-01
9.192500000000000782e+00 -3.439894961000000140e-01
9.195000000000000284e+00 -3.443067114999999734e-01
9.197499999999999787e+00 -3.449652159000000107e-01
9.199999999999999289e+00 -3.455694723000000135e-01
9.202500000000000568e+00 -3.456765620000000205e-01
9.205000000000000071e+00 -3.465363191999999981e-01
9.207499999999999574e+00 -3.467524383999999738e-01
9.210000000000000853e+00 -3.458520264000000122e-01
9.212500000000000355e+00 -3.469111456999999787e-01
9.214999999999999858e+00 -3.471941901999999747e-01
9.217499999999999361e+00 -3.475235942000000078e-01
9.220000000000000639e+00 -3.480584274999999894e-01
9.222500000000000142e+00 -3.482780180000000225e-01
9.224999999999999645e+00 -3.486216927999999937e-01
9.227499999999999147e+00 -3.485669780999999801e-01
9.230000000000000426e+00 -3.487967187000000080e-01
9.232499999999999929e+00 -3.494450962000000271e-01
9.234999999999999432e+00 -3.497950761999999991e-01
9.237500000000000711e+00 -3.499936611000000197e-01
9.240000000000000213e+00 -3.504829018999999768e-01
9.242499999999999716e+00 -3.512228922999999781e-01
9.244999999999999218e+00 -3.514090454000000086e-01
9.247500000000000497e+00 -3.516784696999999960e-01
9.250000000000000000e+00 -3.516681360000000200e-01
9.252499999999999503e+00 -3.522986257999999871e-01
9.255000000000000782e+00 -3.530944183999999986e-01
9.257500000000000284e+00 -3.529079594999999792e-01
9.259999999999999787e+00 -3.532468569000000169e-01
9.262499999999999289e+00 -3.537659012000000103e-01
9.265000000000000568e+00 -3.544994631000000229e-01
9.267500000000000071e+00 -3.543960775000000174e-01
9.269999999999999574e+00 -3.548689606000000052e-01
9.272500000000000853e+00 -3.556873971999999773e-01
9.275000000000000355e+00 -3.557312597999999770e-01
9.277499999999999858e+00 -3.560506120999999968e-01
9.279999999999999361e+00 -3.565470684000000001e-01
9.282500000000000639e+00 -3.571294421000000274e-01
9.285000000000000142e+00 -3.572998760000000162e-01
9.287499999999999645e+00 -3.576116287000000171e-01
9.289999999999999147e+00 -3.579219210999999845e-01
9.292500000000000426e+00 -3.580692703000000199e-01
9.294999999999999929e+00 -3.582832522000000131e-01
9.297499999999999432e+00 -3.591085137000000205e-01
9.300000000000000711e+00 -3.593190634000000272e-01
9.302500000000000213e+00 -3.595211863000000174e-01
9.304999999999999716e+00 -3.594760718000000188e-01
9.307499999999999218e+00 -3.603946100000000041e-01
9.310000000000000497e+00 -3.607610660000000191e-01
9.312500000000000000e+00 -3.611425169999999962e-01
9.314999999999999503e+00 -3.613181462999999760e-01
9.317500000000000782e+00 -3.622674337999999827e-01
9.320000000000000284e+00 -3.624984539000000172e-01
9.322499999999999787e+00 -3.626957187000000027e-01
9.324999999999999289e+00 -3.629515856000000151e-01
9.327500000000000568e+00 -3.637270345999999988e-01
9.330000000000000071e+00 -3.640619291000000146e-01
9.332499999999999574e+00 -3.638643677000000243e-01
9.335000000000000853e+00 -3.641415808999999837e-01
9.337500000000000355e+00 -3.649677451000000183e-01
9.339999999999999858e+00 -3.656647051999999953e-01
9.342499999999999361e+00 -3.658814548000000055e-01
9.345000000000000639e+00 -3.661586421999999952e-01
9.347500000000000142e+00 -3.666597003000000021e-01
9.349999999999999645e+00 -3.671807449999999751e-01
9.352499999999999147e+00 -3.670490426999999944e-01
9.355000000000000426e+00 -3.672381757000000024e-01
9.357499999999999929e+00 -3.677973704999999982e-01
9.359999999999999432e+00 -3.682596815999999995e-01
9.362500000000000711e+00 -3.692560745999999838e-01
9.365000000000000213e+00 -3.693305775999999874e-01
9.367499999999999716e+00 -3.695803121999999830e-01
9.369999999999999218e+00 -3.702054250999999852e-01
9.372500000000000497e+00 -3.701611792000000234e-01
9.375000000000000000e+00 -3.705407016999999747e-01
9.377499999999999503e+00 -3.714393333000000075e-01
9.380000000000000782e+00 -3.714212370000000152e-01
9.382500000000000284e+00 -3.717885324999999908e-01
9.384999999999999787e+00 -3.723643507000000130e-01
9.387499999999999289e+00 -3.729775947000000258e-01
9.390000000000000568e+00 -3.731369196000000055e-01
9.392500000000000071e+00 -3.732182145999999867e-01
9.394999999999999574e+00 -3.740240740999999924e-01
9.397500000000000853e+00 -3.740897537999999800e-01
9.400000000000000355e+00 -3.750777087000000121e-01
9.402499999999999858e+00 -3.748739912999999868e-01
9.404999999999999361e+00 -3.751245608000000065e-01
9.407500000000000639e+00 -3.756938026000000153e-01
9.410000000000000142e+00 -3.767185671000000124e-01
9.412499999999999645e+00 -3.768588782000000248e-01
9.414999999999999147e+00 -3.770702510000000229e-01
9.417500000000000426e+00 -3.774336837000000222e-01
9.419999999999999929e+00 -3.778876244000000106e-01
9.422499999999999432e+00 -3.780644880999999846e-01
9.425000000000000711e+00 -3.783229886000000208e-01
9.427500000000000213e+00 -3.791685414000000032e-01
9.429999999999999716e+00 -3.795066766999999897e-01
9.432499999999999218e+00 -3.796036633000000049e-01
9.435000000000000497e+00 -3.797217222000000003e-01
9.437500000000000000e+00 -3.804150370000000114e-01
9.439999999999999503e+00 -3.816840831000000156e-01
9.442500000000000782e+00 -3.816867194999999935e-01
9.445000000000000284e+00 -3.818837884999999877e-01
9.447499999999999787e+00 -3.821274827999999735e-01
9.449999999999999289e+00 -3.831294873000000156e-01
9.452500000000000568e+00 -3.833691618999999773e-01
9.455000000000000071e+00 -3.840255797000000082e-01
9.457499999999999574e+00 -3.838037382000000219e-01
9.460000000000000853e+00 -3.844711068000000176e-01
9.462500000000000355e+00 -3.847621719000000051e-01
9.464999999999999858e+00 -3.854087876999999773e-01
9.467499999999999361e+00 -3.858633797000000087e-01
9.470000000000000639e+00 -3.863886879000000274e-01
9.472500000000000142e+00 -3.865613661000000256e-01
9.474999999999999645e+00 -3.870149379000000223e-01
9.477499999999999147e+00 -3.870914490999999846e-01
9.480000000000000426e+00 -3.880138266000000002e-01
9.482499999999999929e+00 -3.882321692999999851e-01
9.484999999999999432e+00 -3.884571812000000013e-01
9.487500000000000711e+00 -3.891657485000000194e-01
9.490000000000000213e+00 -3.895778630000000242e-01
9.492499999999999716e+00 -3.900545625999999877e-01
9.494999999999999218e+00 -3.908928535999999787e-01
9.497500000000000497e+00 -3.909008325000000172e-01
9.500000000000000000e+00 -3.913868355999999826e-01
9.502499999999999503e+00 -3.915094460999999915e-01
9.505000000000000782e+00 -3.923372198999999783e-01
9.507500000000000284e+00 -3.927072802000000085e-01
9.509999999999999787e+00 -3.933340302000000177e-01
9.512499999999999289e+00 -3.933844376999999781e-01
9.515000000000000568e+00 -3.939993683999999941e-01
9.517500000000000071e+00 -3.946183989000000003e-01
9.519999999999999574e+00 -3.953852630999999951e-01
9.522500000000000853e+00 -3.952163600999999971e-01
9.525000000000000355e+00 -3.959652462000000095e-01
9.527499999999999858e+00 -3.959460041000000263e-01
9.529999999999999361e+00 -3.968071769000000026e-01
9.532500000000000639e+00 -3.969490928000000141e-01
9.535000000000000142e+00 -3.976951169999999869e-01
9.537499999999999645e+00 -3.985052344000000191e-01
9.539999999999999147e+00 -3.981292388000000071e-01
9.542500000000000426e+00 -3.984156468999999756e-01
9.544999999999999929e+00 -3.991661382000000202e-01
9.547499999999999432e+00 -3.993952709999999962e-01
9.550000000000000711e+00 -4.000673042999999818e-01
9.552500000000000213e+00 -4.010775796000000115e-01
9.554999999999999716e+00 -4.007482848000000208e-01
9.557499999999999218e+00 -4.016544986000000206e-01
9.560000000000000497e+00 -4.019582669000000275e-01
9.562500000000000000e+00 -4.025737515999999738e-01
9.564999999999999503e+00 -4.027549606999999976e-01
9.567500000000000782e+00 -4.037704450999999861e-01
9.570000000000000284e+00 -4.038899798999999735e-01
9.572499999999999787e+00 -4.047563594999999959e-01
9.574999999999999289e+00 -4.044733993999999888e-01
9.577500000000000568e+00 -4.052710407999999820e-01
9.580000000000000071e+00 -4.052934082999999910e-01
9.582499999999999574e+00 -4.057745502999999809e-01
9.585000000000000853e+00 -4.069070685999999770e-01
9.587500000000000355e+00 -4.073691798999999891e-01
9.589999999999999858e+00 -4.082864378000000127e-01
9.592499999999999361e+00 -4.084065774999999787e-01
9.595000000000000639e+00 -4.089006318000000251e-01
9.597500000000000142e+00 -4.089356585999999738e-01
9.599999999999999645e+00 -4.095202940000000069e-01
9.602499999999999147e+00 -4.099787596999999728e-01
9.605000000000000426e+00 -4.103768366000000167e-01
9.607499999999999929e+00 -4.110131759000000273e-01
9.609999999999999432e+00 -4.111714249999999793e-01
9.612500000000000711e+00 -4.117141008999999907e-01
9.615000000000000213e+00 -4.120952560000000209e-01
9.617499999999999716e+00 -4.130916523000000007e-01
9.619999999999999218e+00 -4.135405158000000081e-01
9.622500000000000497e+00 -4.137335494000000113e-01
9.625000000000000000e+00 -4.140913681999999763e-01
9.627499999999999503e+00 -4.147661282999999810e-01
9.630000000000000782e+00 -4.150555391999999899e-01
9.632500000000000284e+00 -4.159095691999999955e-01
9.634999999999999787e+00 -4.155533432999999888e-01
9.637499999999999289e+00 -4.170075884000000177e-01
9.640000000000000568e+00 -4.172133325999999864e-01
9.642500000000000071e+00 -4.171534807999999761e-01
9.644999999999999574e+00 -4.181319137999999769e-01
9.647500000000000853e+00 -4.183327298000000249e-01
9.650000000000000355e+00 -4.197357857999999831e-01
9.652499999999999858e+00 -4.197869674999999967e-01
9.654999999999999361e+00 -4.203363724999999995e-01
9.657500000000000639e+00 -4.204448411999999746e-01
9.660000000000000142e+00 -4.209956409000000233e-01
9.662499999999999645e+00 -4.214293988999999740e-01
9.664999999999999147e+00 -4.215541997999999735e-01
9.667500000000000426e+00 -4.227438036000000232e-01
9.669999999999999929e+00 -4.230723491000000225e-01
9.672499999999999432e+00 -4.240406683999999871e-01
9.675000000000000711e+00 -4.241792870000000160e-01
9.677500000000000213e+00 -4.247424471999999840e-01
9.679999999999999716e+00 -4.252446122999999911e-01
9.682499999999999218e+00 -4.259825802000000161e-01
9.685000000000000497e+00 -4.264536358000000082e-01
9.687500000000000000e+00 -4.265769105000000172e-01
9.689999999999999503e+00 -4.267457412999999811e-01
9.692500000000000782e+00 -4.277818810999999832e-01
9.695000000000000284e+00 -4.281630686999999824e-01
9.697499999999999787e+00 -4.290126839999999775e-01
9.699999999999999289e+00 -4.292927047999999801e-01
9.702500000000000568e+00 -4.299975583999999795e-01
9.705000000000000071e+00 -4.302388528000000156e-01
9.707499999999999574e+00 -4.307265999000000067e-01
9.710000000000000853e+00 -4.311649972000000108e-01
9.712500000000000355e+00 -4.319188456999999981e-01
9.714999999999999858e+00 -4.323262989000000167e-01
9.717499999999999361e+00 -4.331609792000000181e-01
9.720000000000000639e+00 -4.333997003999999764e-01
9.722500000000000142e+00 -4.339787582999999893e-01
9.724999999999999645e+00 -4.344733029000000246e-01
9.727499999999999147e+00 -4.348982162999999734e-01
9.730000000000000426e+00 -4.354010886999999941e-01
9.732499999999999929e+00 -4.358387107999999732e-01
9.734999999999999432e+00 -4.364095078999999933e-01
9.737500000000000711e+00 -4.371099287999999916e-01
9.740000000000000213e+00 -4.375713826000000028e-01
9.742499999999999716e+00 -4.382581677999999870e-01
9.744999999999999218e+00 -4.389111648999999837e-01
9.747500000000000497e+00 -4.389212558000000208e-01
9.750000000000000000e+00 -4.401998691999999824e-01
9.752499999999999503e+00 -4.404916530999999913e-01
9.755000000000000782e+00 -4.408237332000000119e-01
9.757500000000000284e+00 -4.414799754000000021e-01
9.759999999999999787e+00 -4.421311853000000069e-01
9.762499999999999289e+00 -4.425755590000000073e-01
9.765000000000000568e+00 -4.427742344000000219e-01
9.767500000000000071e+00 -4.434010379000000168e-01
9.769999999999999574e+00 -4.446806667000000046e-01
9.772500000000000853e+00 -4.445750445000000162e-01
9.775000000000000355e+00 -4.453673115999999821e-01
9.777499999999999858e+00 -4.455656105999999950e-01
9.779999999999999361e+00 -4.462824944000000071e-01
9.782500000000000639e+00 -4.469404831000000078e-01
9.785000000000000142e+00 -4.474754973999999774e-01
9.787499999999999645e+00 -4.480649642000000266e-01
9.789999999999999147e+00 -4.481982916000000206e-01
9.792500000000000426e+00 -4.490016779000000069e-01
9.794999999999999929e+00 -4.494662577999999908e-01
9.797499999999999432e+00 -4.503471051999999863e-01
9.800000000000000711e+00 -4.507320934999999862e-01
9.802500000000000213e+00 -4.510010273000000236e-01
9.804999999999999716e+00 -4.521691802999999732e-01
9.807499999999999218e+00 -4.526240346000000025e-01
9.810000000000000497e+00 -4.531360716000000233e-01
9.812500000000000000e+00 -4.537389110000000225e-01
9.814999999999999503e+00 -4.541322648000000184e-01
9.817500000000000782e+00 -4.546094526000000191e-01
9.820000000000000284e+00 -4.554485803000000166e-01
9.822499999999999787e+00 -4.557879523999999738e-01
9.824999999999999289e+00 -4.568567564000000081e-01
9.827500000000000568e+00 -4.575333006000000258e-01
9.830000000000000071e+00 -4.575409657999999768e-01
9.832499999999999574e+00 -4.583175050000000139e-01
9.835000000000000853e+00 -4.586523930999999998e-01
9.837500000000000355e+00 -4.594420214000000113e-01
9.839999999999999858e+00 -4.607419213000000235e-01
9.842499999999999361e+00 -4.608663834999999764e-01
9.845000000000000639e+00 -4.610359753000000116e-01
9.847500000000000142e+00 -4.610329046000000153e-01
9.849999999999999645e+00 -4.622047467000000021e-01
9.852499999999999147e+00 -4.626382734999999746e-01
9.855000000000000426e+00 -4.633565210000000212e-01
9.857499999999999929e+00 -4.642490758999999745e-01
9.859999999999999432e+00 -4.647682034999999767e-01
9.862500000000000711e+00 -4.655543612999999969e-01
9.865000000000000213e+00 -4.653869330000000026e-01
9.867499999999999716e+00 -4.664345850000000127e-01
9.869999999999999218e+00 -4.665689246999999984e-01
9.872500000000000497e+00 -4.678987689999999922e-01
9.875000000000000000e+00 -4.684960095999999852e-01
9.877499999999999503e+00 -4.690707841999999794e-01
9.880000000000000782e+00 -4.692154823999999946e-01
9.882500000000000284e+00 -4.701894676000000217e-01
9.884999999999999787e+00 -4.706253582000000102e-01
9.887499999999999289e+00 -4.710918165999999907e-01
9.890000000000000568e+00 -4.717179289999999803e-01
9.892500000000000071e+00 -4.730230805000000260e-01
9.894999999999999574e+00 -4.731544007999999857e-01
9.897500000000000853e+00 -4.734287325000000046e-01
9.900000000000000355e+00 -4.736984195000000231e-01
9.902499999999999858e+00 -4.745474800999999743e-01
9.904999999999999361e+00 -4.754889100999999951e-01
9.907500000000000639e+00 -4.762120343999999839e-01
9.910000000000000142e+00 -4.771777703000000259e-01
9.912499999999999645e+00 -4.775351776000000270e-01
9.914999999999999147e+00 -4.779823496000000227e-01
9.917500000000000426e+00 -4.786452448999999887e-01
9.919999999999999929e+00 -4.792515057000000245e-01
9.922499999999999432e+00 -4.800107207000000042e-01
9.925000000000000711e+00 -4.813274296999999757e-01
9.927500000000000213e+00 -4.809217123000000260e-01
9.929999999999999716e+00 -4.818417313999999729e-01
9.932499999999999218e+00 -4.822241327999999827e-01
9.935000000000000497e+00 -4.834300696000000119e-01
9.937500000000000000e+00 -4.836640291000000036e-01
9.939999999999999503e+00 -4.844216110999999825e-01
9.942500000000000782e+00 -4.849877087000000198e-01
9.945000000000000284e+00 -4.857509814000000037e-01
9.947499999999999787e+00 -4.861064963000000239e-01
9.949999999999999289e+00 -4.868310945000000056e-01
9.952500000000000568e+00 -4.875871889999999764e-01
9.955000000000000071e+00 -4.882695412999999984e-01
9.957499999999999574e+00 -4.881712793999999911e-01
9.960000000000000853e+00 -4.902517418999999821e-01
9.962500000000000355e+00 -4.906111464999999838e-01
9.964999999999999858e+00 -4.910771889000000168e-01
9.967499999999999361e+00 -4.915304678999999899e-01
9.970000000000000639e+00 -4.926271548999999750e-01
9.972500000000000142e+00 -4.931775420999999771e-01
9.974999999999999645e+00 -4.932747967000000178e-01
9.977499999999999147e+00 -4.937353946999999965e-01
9.980000000000000426e+00 -4.947028079999999939e-01
9.982499999999999929e+00 -4.952824995999999813e-01
9.984999999999999432e+00 -4.955908504000000048e-01
9.987500000000000711e+00 -4.966170174999999798e-01
9.990000000000000213e+00 -4.971172083000000019e-01
9.992499999999999716e+00 -4.977666696999999973e-01
9.994999999999999218e+00 -4.986216121000000001e-01
9.997500000000000497e+00 -4.993639940999999860e-01
1.000000000000000000e+01 -4.999938158000000188e-01
