0.000000000000000000e+00 -5.000060888999999786e-01
2.500000000000000139e-02 -4.929575813000000029e-01
5.000000000000000278e-02 -4.860917650000000090e-01
7.499999999999999722e-02 -4.794086397999999805e-01
1.000000000000000056e-01 -4.724702539999999784e-01
1.250000000000000000e-01 -4.659918813000000215e-01
1.499999999999999944e-01 -4.595516942999999799e-01
1.749999999999999889e-01 -4.534905833999999802e-01
2.000000000000000111e-01 -4.470425069999999779e-01
2.250000000000000056e-01 -4.412855049000000141e-01
2.500000000000000000e-01 -4.353743400999999791e-01
2.750000000000000222e-01 -4.298275489999999754e-01
2.999999999999999889e-01 -4.243425927000000208e-01
3.250000000000000111e-01 -4.187123888000000016e-01
3.499999999999999778e-01 -4.130696596999999803e-01
3.750000000000000000e-01 -4.077263897000000248e-01
4.000000000000000222e-01 -4.025436450000000055e-01
4.249999999999999889e-01 -3.972753233999999911e-01
4.500000000000000111e-01 -3.925807749999999929e-01
4.749999999999999778e-01 -3.877232731999999960e-01
5.000000000000000000e-01 -3.826477000999999878e-01
5.250000000000000222e-01 -3.783015250999999801e-01
5.500000000000000444e-01 -3.736185332999999997e-01
5.749999999999999556e-01 -3.689556721999999733e-01
5.999999999999999778e-01 -3.643647234999999873e-01
6.250000000000000000e-01 -3.601714971000000154e-01
6.500000000000000222e-01 -3.558475618999999979e-01
6.750000000000000444e-01 -3.515929178000000155e-01
6.999999999999999556e-01 -3.473994261000000194e-01
7.249999999999999778e-01 -3.432431177999999972e-01
7.500000000000000000e-01 -3.392834793000000237e-01
7.750000000000000222e-01 -3.353570649000000015e-01
8.000000000000000444e-01 -3.315302620999999728e-01
8.249999999999999556e-01 -3.278190857000000125e-01
8.499999999999999778e-01 -3.239081736000000156e-01
8.750000000000000000e-01 -3.201487463000000089e-01
9.000000000000000222e-01 -3.165536686000000044e-01
9.250000000000000444e-01 -3.130555970000000188e-01
9.499999999999999556e-01 -3.096208851999999734e-01
9.749999999999999778e-01 -3.063319574999999739e-01
1.000000000000000000e+00 -3.029937686999999991e-01
1.024999999999999911e+00 -2.995849005999999815e-01
1.050000000000000044e+00 -2.963636751000000014e-01
1.074999999999999956e+00 -2.932572746000000063e-01
1.100000000000000089e+00 -2.899978779999999867e-01
1.125000000000000000e+00 -2.868885118000000234e-01
1.149999999999999911e+00 -2.838556314999999830e-01
1.175000000000000044e+00 -2.811204166999999865e-01
1.199999999999999956e+00 -2.778287379000000112e-01
1.225000000000000089e+00 -2.749902967000000253e-01
1.250000000000000000e+00 -2.721474037000000123e-01
1.274999999999999911e+00 -2.692463011999999822e-01
1.300000000000000044e+00 -2.665973919999999886e-01
1.324999999999999956e+00 -2.638986339000000125e-01
1.350000000000000089e+00 -2.613768826999999795e-01
1.375000000000000000e+00 -2.584182930999999739e-01
1.399999999999999911e+00 -2.557772797999999792e-01
1.425000000000000044e+00 -2.533607984999999840e-01
1.449999999999999956e+00 -2.508918815000000246e-01
1.475000000000000089e+00 -2.483985197999999950e-01
1.500000000000000000e+00 -2.456440551999999888e-01
1.524999999999999911e+00 -2.435899878999999990e-01
1.550000000000000044e+00 -2.411406550000000093e-01
1.574999999999999956e+00 -2.386282235999999946e-01
1.600000000000000089e+00 -2.365398727999999950e-01
1.625000000000000000e+00 -2.340594283000000109e-01
1.649999999999999911e+00 -2.322058456999999965e-01
1.675000000000000044e+00 -2.299599082000000072e-01
1.699999999999999956e+00 -2.277806444999999902e-01
1.725000000000000089e+00 -2.253577268999999994e-01
1.750000000000000000e+00 -2.234343155000000081e-01
1.774999999999999911e+00 -2.211074621999999934e-01
1.800000000000000044e+00 -2.192928446999999892e-01
1.824999999999999956e+00 -2.172960802999999996e-01
1.850000000000000089e+00 -2.149658848999999872e-01
1.875000000000000000e+00 -2.131018188000000091e-01
1.899999999999999911e+00 -2.111124447000000126e-01
1.925000000000000044e+00 -2.092526370999999996e-01
1.949999999999999956e+00 -2.074441505999999880e-01
1.975000000000000089e+00 -2.055470658000000117e-01
2.000000000000000000e+00 -2.036951567999999990e-01
2.024999999999999911e+00 -2.018821533000000057e-01
2.049999999999999822e+00 -2.000610708999999987e-01
2.075000000000000178e+00 -1.981640329000000089e-01
2.100000000000000089e+00 -1.966038692000000032e-01
2.125000000000000000e+00 -1.946324883999999977e-01
2.149999999999999911e+00 -1.929719518999999939e-01
2.174999999999999822e+00 -1.914512012000000041e-01
2.200000000000000178e+00 -1.897604424999999873e-01
2.225000000000000089e+00 -1.881081803999999913e-01
2.250000000000000000e+00 -1.864050170999999867e-01
2.274999999999999911e+00 -1.847290809999999894e-01
2.299999999999999822e+00 -1.832418614000000112e-01
2.325000000000000178e+00 -1.817913609000000041e-01
2.350000000000000089e+00 -1.802762672999999871e-01
2.375000000000000000e+00 -1.787169399999999908e-01
2.399999999999999911e+00 -1.769797173000000057e-01
2.424999999999999822e+00 -1.756021182999999986e-01
2.450000000000000178e+00 -1.742343709999999990e-01
2.475000000000000089e+00 -1.726901543999999900e-01
2.500000000000000000e+00 -1.712783122000000047e-01
2.524999999999999911e+00 -1.699057603999999944e-01
2.549999999999999822e+00 -1.685203950999999978e-01
2.575000000000000178e+00 -1.670353656000000131e-01
2.600000000000000089e+00 -1.655984520999999876e-01
2.625000000000000000e+00 -1.644760751999999882e-01
2.649999999999999911e+00 -1.630644217999999979e-01
2.674999999999999822e+00 -1.617010090000000067e-01
2.700000000000000178e+00 -1.603784708000000059e-01
2.725000000000000089e+00 -1.591203489000000137e-01
2.750000000000000000e+00 -1.578885217999999868e-01
2.774999999999999911e+00 -1.566944181000000103e-01
2.799999999999999822e+00 -1.553962955000000035e-01
2.825000000000000178e+00 -1.541479705000000089e-01
2.850000000000000089e+00 -1.528180019000000001e-01
2.875000000000000000e+00 -1.517519773000000072e-01
2.899999999999999911e+00 -1.504745093000000034e-01
2.924999999999999822e+00 -1.493724653999999874e-01
2.950000000000000178e+00 -1.479887604000000023e-01
2.975000000000000089e+00 -1.470328686000000051e-01
3.000000000000000000e+00 -1.459840213999999969e-01
3.024999999999999911e+00 -1.448319660999999869e-01
3.049999999999999822e+00 -1.436178489000000114e-01
3.075000000000000178e+00 -1.425208447999999906e-01
3.100000000000000089e+00 -1.415655493000000098e-01
3.125000000000000000e+00 -1.402623074999999886e-01
3.149999999999999911e+00 -1.393563171999999961e-01
3.174999999999999822e+00 -1.381612701999999915e-01
3.200000000000000178e+00 -1.371381713000000002e-01
3.225000000000000089e+00 -1.362129242000000018e-01
3.250000000000000000e+00 -1.352163995000000007e-01
3.274999999999999911e+00 -1.340971363000000027e-01
3.299999999999999822e+00 -1.332168901999999933e-01
3.325000000000000178e+00 -1.322365756999999975e-01
3.350000000000000089e+00 -1.311486659999999971e-01
3.375000000000000000e+00 -1.302392585999999908e-01
3.399999999999999911e+00 -1.293321790999999998e-01
3.424999999999999822e+00 -1.281753884000000066e-01
3.450000000000000178e+00 -1.272898568999999980e-01
3.475000000000000089e+00 -1.262733252999999889e-01
3.500000000000000000e+00 -1.253538228999999948e-01
3.524999999999999911e+00 -1.246479367999999976e-01
3.549999999999999822e+00 -1.237568790999999946e-01
3.575000000000000178e+00 -1.226915637000000059e-01
3.600000000000000089e+00 -1.217937506000000003e-01
3.625000000000000000e+00 -1.209219656000000004e-01
3.649999999999999911e+00 -1.202274061999999977e-01
3.674999999999999822e+00 -1.191812861000000057e-01
3.700000000000000178e+00 -1.183587024000000015e-01
3.725000000000000089e+00 -1.175774814000000029e-01
3.750000000000000000e+00 -1.167705197000000056e-01
3.774999999999999911e+00 -1.160872039999999994e-01
3.799999999999999822e+00 -1.151197845999999969e-01
3.825000000000000178e+00 -1.143227945999999995e-01
3.850000000000000089e+00 -1.134481814000000005e-01
3.875000000000000000e+00 -1.126818970000000031e-01
3.899999999999999911e+00 -1.117691232000000007e-01
3.924999999999999822e+00 -1.110893035999999945e-01
3.950000000000000178e+00 -1.103841317999999933e-01
3.975000000000000089e+00 -1.095431376000000068e-01
4.000000000000000000e+00 -1.089387562999999948e-01
4.025000000000000355e+00 -1.080386960999999979e-01
4.049999999999999822e+00 -1.073835179000000029e-01
4.075000000000000178e+00 -1.064878563999999972e-01
4.099999999999999645e+00 -1.058638211000000051e-01
4.125000000000000000e+00 -1.051972478000000044e-01
4.150000000000000355e+00 -1.043955659000000008e-01
4.174999999999999822e+00 -1.036625441000000036e-01
4.200000000000000178e+00 -1.029434266999999931e-01
4.224999999999999645e+00 -1.022958570000000039e-01
4.250000000000000000e+00 -1.016384708999999997e-01
4.275000000000000355e+00 -1.010036356999999968e-01
4.299999999999999822e+00 -1.001416293000000068e-01
4.325000000000000178e+00 -9.957101952999999894e-02
4.349999999999999645e+00 -9.892180708999999406e-02
4.375000000000000000e+00 -9.814764922999999475e-02
4.400000000000000355e+00 -9.757962329000000046e-02
4.424999999999999822e+00 -9.710145839000000612e-02
4.450000000000000178e+00 -9.637684930999999844e-02
4.474999999999999645e+00 -9.574752473000000541e-02
4.500000000000000000e+00 -9.516302754000000030e-02
4.525000000000000355e+00 -9.447445772000000186e-02
4.549999999999999822e+00 -9.375023855000000350e-02
4.575000000000000178e+00 -9.312634414999999832e-02
4.599999999999999645e+00 -9.248800789000000133e-02
4.625000000000000000e+00 -9.190315265000000011e-02
4.650000000000000355e+00 -9.135027546000000498e-02
4.674999999999999822e+00 -9.069962965000000210e-02
4.700000000000000178e+00 -9.018706843000000306e-02
4.724999999999999645e+00 -8.951746538999999503e-02
4.750000000000000000e+00 -8.898180106000000422e-02
4.775000000000000355e+00 -8.832898892000000390e-02
4.799999999999999822e+00 -8.783600463000000580e-02
4.825000000000000178e+00 -8.719093961000000392e-02
4.849999999999999645e+00 -8.676447537999999737e-02
4.875000000000000000e+00 -8.611897419000000276e-02
4.900000000000000355e+00 -8.564455230999999669e-02
4.924999999999999822e+00 -8.499835227999999465e-02
4.950000000000000178e+00 -8.452758252000000527e-02
4.974999999999999645e+00 -8.397821746000000420e-02
5.000000000000000000e+00 -8.339553813000000204e-02
5.025000000000000355e+00 -8.293262328999999322e-02
5.049999999999999822e+00 -8.238145842999999857e-02
5.075000000000000178e+00 -8.196485710999999730e-02
5.099999999999999645e+00 -8.131901547000000563e-02
5.125000000000000000e+00 -8.079310088999999695e-02
5.150000000000000355e+00 -8.032123194000000133e-02
5.174999999999999822e+00 -7.988293594999999747e-02
5.200000000000000178e+00 -7.937118590000000196e-02
5.224999999999999645e+00 -7.867069497999999717e-02
5.250000000000000000e+00 -7.833335699000000540e-02
5.275000000000000355e+00 -7.781682594000000064e-02
5.299999999999999822e+00 -7.737335931000000055e-02
5.325000000000000178e+00 -7.682711780999999795e-02
5.349999999999999645e+00 -7.652981235000000382e-02
5.375000000000000000e+00 -7.595154686999999738e-02
5.400000000000000355e+00 -7.562759602999999387e-02
5.424999999999999822e+00 -7.489856675999999325e-02
5.450000000000000178e+00 -7.453001869000000501e-02
5.474999999999999645e+00 -7.406528073000000212e-02
5.500000000000000000e+00 -7.362756554999999592e-02
5.525000000000000355e+00 -7.314349437000000620e-02
5.549999999999999822e+00 -7.270973259000000632e-02
5.575000000000000178e+00 -7.220366294999999712e-02
5.599999999999999645e+00 -7.187756855000000666e-02
5.625000000000000000e+00 -7.147150198000000454e-02
5.650000000000000355e+00 -7.102381355999999590e-02
5.674999999999999822e+00 -7.057116748000000217e-02
5.700000000000000178e+00 -7.007632029999999457e-02
5.724999999999999645e+00 -6.972790872999999612e-02
5.750000000000000000e+00 -6.937245944000000608e-02
5.775000000000000355e+00 -6.887726494000000199e-02
5.799999999999999822e+00 -6.841924884000000207e-02
5.825000000000000178e+00 -6.800257250999999781e-02
5.849999999999999645e+00 -6.769188056000000064e-02
5.875000000000000000e+00 -6.723116792000000119e-02
5.900000000000000355e+00 -6.678995933999999635e-02
5.924999999999999822e+00 -6.633755061000000397e-02
5.950000000000000178e+00 -6.603028722999999822e-02
5.974999999999999645e+00 -6.567849356999999610e-02
6.000000000000000000e+00 -6.526609795000000436e-02
6.025000000000000355e+00 -6.495534581999999613e-02
6.049999999999999822e+00 -6.455934549000000300e-02
6.075000000000000178e+00 -6.398472061000000377e-02
6.099999999999999645e+00 -6.362176020000000209e-02
6.125000000000000000e+00 -6.327168246000000607e-02
6.150000000000000355e+00 -6.300257922999999427e-02
6.174999999999999822e+00 -6.264543073000000684e-02
6.200000000000000178e+00 -6.233826173999999776e-02
6.224999999999999645e+00 -6.182764698999999864e-02
6.250000000000000000e+00 -6.151596237999999717e-02
6.275000000000000355e+00 -6.119913119999999956e-02
6.299999999999999822e+00 -6.088665040999999972e-02
6.325000000000000178e+00 -6.053798302999999909e-02
6.349999999999999645e+00 -6.011078769000000044e-02
6.375000000000000000e+00 -5.973098950999999879e-02
6.400000000000000355e+00 -5.940222883000000065e-02
6.424999999999999822e+00 -5.908813621999999682e-02
6.450000000000000178e+00 -5.874379182000000199e-02
6.474999999999999645e+00 -5.838983234999999689e-02
6.500000000000000000e+00 -5.806736124999999776e-02
6.525000000000000355e+00 -5.764238002000000166e-02
6.549999999999999822e+00 -5.740854016000000032e-02
6.575000000000000178e+00 -5.709870200000000118e-02
6.599999999999999645e+00 -5.673935910999999832e-02
6.625000000000000000e+00 -5.636105393000000185e-02
6.650000000000000355e+00 -5.607176019000000011e-02
6.674999999999999822e+00 -5.572015604999999705e-02
6.700000000000000178e+00 -5.540226432999999923e-02
6.724999999999999645e+00 -5.507493833999999727e-02
6.750000000000000000e+00 -5.484180186999999818e-02
6.775000000000000355e+00 -5.453102265999999754e-02
6.799999999999999822e+00 -5.423966813000000164e-02
6.825000000000000178e+00 -5.391925277000000211e-02
6.849999999999999645e+00 -5.366325792999999955e-02
6.875000000000000000e+00 -5.333266077999999910e-02
6.900000000000000355e+00 -5.291920918999999668e-02
6.924999999999999822e+00 -5.265971266999999734e-02
6.950000000000000178e+00 -5.234397972999999676e-02
6.974999999999999645e+00 -5.205707130000000044e-02
7.000000000000000000e+00 -5.179504369000000052e-02
7.025000000000000355e+00 -5.155188680000000190e-02
7.049999999999999822e+00 -5.113370243999999787e-02
7.075000000000000178e+00 -5.088963927000000192e-02
7.099999999999999645e+00 -5.062547729999999913e-02
7.125000000000000000e+00 -5.038498898000000337e-02
7.150000000000000355e+00 -5.006509699000000202e-02
7.174999999999999822e+00 -4.985038608000000315e-02
7.200000000000000178e+00 -4.954963217000000336e-02
7.224999999999999645e+00 -4.923193547000000170e-02
7.250000000000000000e+00 -4.899985971000000301e-02
7.275000000000000355e+00 -4.869897263999999754e-02
7.299999999999999822e+00 -4.848289778999999994e-02
7.325000000000000178e+00 -4.822207952000000242e-02
7.349999999999999645e+00 -4.782588948000000145e-02
7.375000000000000000e+00 -4.757970702000000052e-02
7.400000000000000355e+00 -4.738871965000000103e-02
7.424999999999999822e+00 -4.712827532999999680e-02
7.450000000000000178e+00 -4.679185506999999911e-02
7.474999999999999645e+00 -4.659095863999999920e-02
7.500000000000000000e+00 -4.630610434000000109e-02
7.525000000000000355e+00 -4.605844010000000044e-02
7.549999999999999822e+00 -4.580667381999999760e-02
7.575000000000000178e+00 -4.554895987000000257e-02
7.599999999999999645e+00 -4.529169309000000143e-02
7.625000000000000000e+00 -4.506337498000000108e-02
7.650000000000000355e+00 -4.483551939000000180e-02
7.674999999999999822e+00 -4.460681120999999971e-02
7.700000000000000178e+00 -4.430851154999999875e-02
7.724999999999999645e+00 -4.412203936999999770e-02
7.750000000000000000e+00 -4.384206731999999718e-02
7.775000000000000355e+00 -4.365318448000000268e-02
7.799999999999999822e+00 -4.345107960999999852e-02
7.825000000000000178e+00 -4.318459849999999739e-02
7.849999999999999645e+00 -4.291368276000000204e-02
7.875000000000000000e+00 -4.265062977999999755e-02
7.900000000000000355e+00 -4.252071301000000247e-02
7.924999999999999822e+00 -4.223714036000000144e-02
7.950000000000000178e+00 -4.199129009000000107e-02
7.974999999999999645e+00 -4.182917008999999936e-02
8.000000000000000000e+00 -4.152486863000000306e-02
8.025000000000000355e+00 -4.133278687999999979e-02
8.050000000000000711e+00 -4.114677447000000127e-02
8.074999999999999289e+00 -4.090971793999999967e-02
8.099999999999999645e+00 -4.065952074000000332e-02
8.125000000000000000e+00 -4.039534253999999686e-02
8.150000000000000355e+00 -4.021769039999999878e-02
8.175000000000000711e+00 -4.003973621000000288e-02
8.199999999999999289e+00 -3.983767331000000189e-02
8.224999999999999645e+00 -3.959246162999999902e-02
8.250000000000000000e+00 -3.942213021000000317e-02
8.275000000000000355e+00 -3.922075204000000093e-02
8.300000000000000711e+00 -3.902156428999999788e-02
8.324999999999999289e+00 -3.877972628999999671e-02
8.349999999999999645e+00 -3.852304406999999820e-02
8.375000000000000000e+00 -3.839109011999999876e-02
8.400000000000000355e+00 -3.815910988000000004e-02
8.425000000000000711e+00 -3.789822447999999927e-02
8.449999999999999289e+00 -3.777084713000000010e-02
8.474999999999999645e+00 -3.757832459999999736e-02
8.500000000000000000e+00 -3.734836359000000272e-02
8.525000000000000355e+00 -3.718448917000000131e-02
8.550000000000000711e+00 -3.700836508000000108e-02
8.574999999999999289e+00 -3.680862248999999808e-02
8.599999999999999645e+00 -3.656761141999999992e-02
8.625000000000000000e+00 -3.634492048000000086e-02
8.650000000000000355e+00 -3.619907398999999693e-02
8.675000000000000711e+00 -3.603358409000000095e-02
8.699999999999999289e+00 -3.584695076999999674e-02
8.724999999999999645e+00 -3.565252936999999817e-02
8.750000000000000000e+00 -3.544996447999999856e-02
8.775000000000000355e+00 -3.524911699000000259e-02
8.800000000000000711e+00 -3.507537631000000322e-02
8.824999999999999289e+00 -3.491958829999999847e-02
8.849999999999999645e+00 -3.474934567000000085e-02
8.875000000000000000e+00 -3.459535893000000029e-02
8.900000000000000355e+00 -3.440863495999999661e-02
8.925000000000000711e+00 -3.419490929999999956e-02
8.949999999999999289e+00 -3.397421487999999906e-02
8.974999999999999645e+00 -3.381675043000000047e-02
9.000000000000000000e+00 -3.369406953000000232e-02
9.025000000000000355e+00 -3.350086300999999961e-02
9.050000000000000711e+00 -3.333087615000000087e-02
9.074999999999999289e+00 -3.315907011000000099e-02
9.099999999999999645e+00 -3.299844678000000281e-02
9.125000000000000000e+00 -3.278124696000000310e-02
9.150000000000000355e+00 -3.268619125000000319e-02
9.175000000000000711e+00 -3.242022356999999660e-02
9.199999999999999289e+00 -3.229177067999999817e-02
9.224999999999999645e+00 -3.215607016000000123e-02
9.250000000000000000e+00 -3.201134015999999860e-02
9.275000000000000355e+00 -3.184726177000000297e-02
9.300000000000000711e+00 -3.171432837999999671e-02
9.324999999999999289e+00 -3.150466712999999697e-02
9.349999999999999645e+00 -3.133819949999999688e-02
9.375000000000000000e+00 -3.116929028999999851e-02
9.400000000000000355e+00 -3.103534496999999989e-02
9.425000000000000711e+00 -3.082652958999999859e-02
9.449999999999999289e+00 -3.081214902999999949e-02
9.474999999999999645e+00 -3.051234753000000091e-02
9.500000000000000000e+00 -3.040251785000000137e-02
9.525000000000000355e+00 -3.017040443999999960e-02
9.550000000000000711e+00 -3.006695128000000036e-02
9.574999999999999289e+00 -2.990685052000000010e-02
9.599999999999999645e+00 -2.977940890999999923e-02
9.625000000000000000e+00 -2.963483142000000042e-02
9.650000000000000355e+00 -2.953411874000000034e-02
9.675000000000000711e+00 -2.930631495999999961e-02
9.699999999999999289e+00 -2.917485214999999965e-02
9.724999999999999645e+00 -2.905033052000000060e-02
9.750000000000000000e+00 -2.891601507999999945e-02
9.775000000000000355e+00 -2.877529392000000019e-02
9.800000000000000711e+00 -2.857928179999999832e-02
9.824999999999999289e+00 -2.841899591000000141e-02
9.849999999999999645e+00 -2.833799370999999859e-02
9.875000000000000000e+00 -2.817304372999999973e-02
9.900000000000000355e+00 -2.803777258999999925e-02
9.925000000000000711e+00 -2.787318262999999990e-02
9.949999999999999289e+00 -2.774548423999999985e-02
9.974999999999999645e+00 -2.765530793000000112e-02
1.000000000000000000e+01 -2.751360996999999836e-02
1.002500000000000036e+01 -2.733655114999999913e-02
1.005000000000000071e+01 -2.722222510000000054e-02
1.007499999999999929e+01 -2.710644812999999861e-02
1.009999999999999964e+01 -2.691779333999999926e-02
1.012500000000000000e+01 -2.677559317000000050e-02
1.015000000000000036e+01 -2.668822182000000001e-02
1.017500000000000071e+01 -2.653527002000000135e-02
1.019999999999999929e+01 -2.638445724999999992e-02
1.022499999999999964e+01 -2.625380034999999848e-02
1.025000000000000000e+01 -2.613922478000000119e-02
1.027500000000000036e+01 -2.595059854999999874e-02
1.030000000000000071e+01 -2.583623037999999844e-02
1.032499999999999929e+01 -2.577903428000000163e-02
1.034999999999999964e+01 -2.557729035000000026e-02
1.037500000000000000e+01 -2.547194913999999838e-02
1.040000000000000036e+01 -2.535103442999999887e-02
1.042500000000000071e+01 -2.525390225999999891e-02
1.044999999999999929e+01 -2.513144009999999928e-02
1.047499999999999964e+01 -2.504045734999999981e-02
1.050000000000000000e+01 -2.493252631000000136e-02
1.052500000000000036e+01 -2.474262987999999858e-02
1.055000000000000071e+01 -2.461614985999999866e-02
1.057499999999999929e+01 -2.455634040999999865e-02
1.059999999999999964e+01 -2.435949772000000138e-02
1.062500000000000000e+01 -2.430200461000000048e-02
1.065000000000000036e+01 -2.418167738999999969e-02
1.067500000000000071e+01 -2.403083874999999842e-02
1.069999999999999929e+01 -2.388269961999999955e-02
1.072499999999999964e+01 -2.377667221999999955e-02
1.075000000000000000e+01 -2.366574638999999897e-02
1.077500000000000036e+01 -2.356306525000000096e-02
1.080000000000000071e+01 -2.341368494999999939e-02
1.082499999999999929e+01 -2.329224606000000058e-02
1.084999999999999964e+01 -2.324207052999999884e-02
1.087500000000000000e+01 -2.311416097999999947e-02
1.090000000000000036e+01 -2.296445986000000133e-02
1.092500000000000071e+01 -2.288443694999999986e-02
1.094999999999999929e+01 -2.274512522999999967e-02
1.097499999999999964e+01 -2.266227465000000135e-02
1.100000000000000000e+01 -2.256185944999999915e-02
1.102500000000000036e+01 -2.239054077999999906e-02
1.105000000000000071e+01 -2.236276977999999971e-02
1.107499999999999929e+01 -2.220655242000000099e-02
1.109999999999999964e+01 -2.208449214999999924e-02
1.112500000000000000e+01 -2.200900608000000078e-02
1.115000000000000036e+01 -2.189792042000000133e-02
1.117500000000000071e+01 -2.179842341000000003e-02
1.119999999999999929e+01 -2.170088208000000088e-02
1.122499999999999964e+01 -2.157927414000000016e-02
1.125000000000000000e+01 -2.149194528000000076e-02
1.127500000000000036e+01 -2.138450416999999881e-02
1.130000000000000071e+01 -2.124022718000000143e-02
1.132499999999999929e+01 -2.112733074999999933e-02
1.134999999999999964e+01 -2.104907208999999904e-02
1.137500000000000000e+01 -2.098106595999999976e-02
1.140000000000000036e+01 -2.083427650999999936e-02
1.142500000000000071e+01 -2.076099296999999941e-02
1.144999999999999929e+01 -2.065215777999999947e-02
1.147499999999999964e+01 -2.056553309000000093e-02
1.150000000000000000e+01 -2.044608951000000119e-02
1.152500000000000036e+01 -2.034242044000000166e-02
1.155000000000000071e+01 -2.026008231000000007e-02
1.157499999999999929e+01 -2.016346947000000056e-02
1.159999999999999964e+01 -2.011558431000000022e-02
1.162500000000000000e+01 -2.002188623000000084e-02
1.165000000000000036e+01 -1.990572914000000165e-02
1.167500000000000071e+01 -1.976922794999999913e-02
1.169999999999999929e+01 -1.970599303000000052e-02
1.172499999999999964e+01 -1.958216205000000085e-02
1.175000000000000000e+01 -1.947503923000000123e-02
1.177500000000000036e+01 -1.942023182999999889e-02
1.180000000000000071e+01 -1.929337857999999933e-02
1.182499999999999929e+01 -1.919777467000000071e-02
1.184999999999999964e+01 -1.912709078000000146e-02
1.187500000000000000e+01 -1.901146935000000079e-02
1.190000000000000036e+01 -1.896883962000000048e-02
1.192500000000000071e+01 -1.884342425000000085e-02
1.194999999999999929e+01 -1.876375406999999940e-02
1.197499999999999964e+01 -1.867153998999999953e-02
1.200000000000000000e+01 -1.858269598000000106e-02
1.202500000000000036e+01 -1.849309714000000118e-02
1.205000000000000071e+01 -1.836437835999999921e-02
1.207499999999999929e+01 -1.834357596000000049e-02
1.209999999999999964e+01 -1.824983310999999872e-02
1.212500000000000000e+01 -1.818191520999999991e-02
1.215000000000000036e+01 -1.806021076000000058e-02
1.217500000000000071e+01 -1.796208820000000025e-02
1.219999999999999929e+01 -1.787528065999999943e-02
1.222499999999999964e+01 -1.781246410999999877e-02
1.225000000000000000e+01 -1.772392725000000030e-02
1.227500000000000036e+01 -1.762624544000000043e-02
1.230000000000000071e+01 -1.754044579000000117e-02
1.232499999999999929e+01 -1.748759918000000052e-02
1.234999999999999964e+01 -1.740190570999999853e-02
1.237500000000000000e+01 -1.731653285000000000e-02
1.240000000000000036e+01 -1.724972358000000094e-02
1.242500000000000071e+01 -1.713440659999999893e-02
1.244999999999999929e+01 -1.703939458999999962e-02
1.247499999999999964e+01 -1.696518590999999965e-02
1.250000000000000000e+01 -1.691871102999999849e-02
1.252500000000000036e+01 -1.683161911999999857e-02
1.255000000000000071e+01 -1.675101279999999943e-02
1.257499999999999929e+01 -1.667436439999999895e-02
1.259999999999999964e+01 -1.657064428000000131e-02
1.262500000000000000e+01 -1.647560463000000142e-02
1.265000000000000036e+01 -1.645380913000000014e-02
1.267500000000000071e+01 -1.632172675999999864e-02
1.269999999999999929e+01 -1.627619745999999909e-02
1.272499999999999964e+01 -1.617892934999999935e-02
1.275000000000000000e+01 -1.612940449999999970e-02
1.277500000000000036e+01 -1.602341964999999882e-02
1.280000000000000071e+01 -1.599466592000000145e-02
1.282499999999999929e+01 -1.590283097000000020e-02
1.284999999999999964e+01 -1.583972303999999984e-02
1.287500000000000000e+01 -1.573855265000000114e-02
1.290000000000000036e+01 -1.569180498000000146e-02
1.292500000000000071e+01 -1.558346103000000059e-02
1.294999999999999929e+01 -1.555707459000000084e-02
1.297499999999999964e+01 -1.547987202000000034e-02
1.300000000000000000e+01 -1.537370193999999975e-02
1.302500000000000036e+01 -1.528086111999999927e-02
1.305000000000000071e+01 -1.523082882999999936e-02
1.307499999999999929e+01 -1.518308305999999976e-02
1.309999999999999964e+01 -1.511322053000000061e-02
1.312500000000000000e+01 -1.503510475000000013e-02
1.315000000000000036e+01 -1.497644067999999960e-02
1.317500000000000071e+01 -1.493760214000000065e-02
1.319999999999999929e+01 -1.480197968000000058e-02
1.322499999999999964e+01 -1.474864849999999936e-02
1.325000000000000000e+01 -1.470017319000000051e-02
1.327500000000000036e+01 -1.461991443999999946e-02
1.330000000000000071e+01 -1.452478006999999988e-02
1.332499999999999929e+01 -1.452593779000000036e-02
1.334999999999999964e+01 -1.440260793999999928e-02
1.337500000000000000e+01 -1.434820233999999951e-02
1.340000000000000036e+01 -1.431056326000000080e-02
1.342500000000000071e+01 -1.421165664999999960e-02
1.344999999999999929e+01 -1.416450703999999963e-02
1.347499999999999964e+01 -1.407580462000000004e-02
1.350000000000000000e+01 -1.403487712999999977e-02
1.352500000000000036e+01 -1.394736843999999990e-02
1.355000000000000071e+01 -1.390660535999999926e-02
1.357499999999999929e+01 -1.383648179999999971e-02
1.359999999999999964e+01 -1.376485996999999954e-02
1.362500000000000000e+01 -1.371251455000000070e-02
1.365000000000000036e+01 -1.363282134999999930e-02
1.367500000000000071e+01 -1.356055991999999960e-02
1.369999999999999929e+01 -1.350936957000000056e-02
1.372499999999999964e+01 -1.346360886000000021e-02
1.375000000000000000e+01 -1.339161099000000035e-02
1.377500000000000036e+01 -1.330853025000000057e-02
1.380000000000000071e+01 -1.324191652999999989e-02
1.382499999999999929e+01 -1.320974846999999931e-02
1.384999999999999964e+01 -1.313187988000000077e-02
1.387500000000000000e+01 -1.306538942999999932e-02
1.390000000000000036e+01 -1.301862106999999991e-02
1.392500000000000071e+01 -1.293781157000000077e-02
1.394999999999999929e+01 -1.292232349000000009e-02
1.397499999999999964e+01 -1.286436166000000034e-02
1.400000000000000000e+01 -1.280872423000000045e-02
1.402500000000000036e+01 -1.275360763000000022e-02
1.405000000000000071e+01 -1.265784938000000075e-02
1.407499999999999929e+01 -1.261337486000000015e-02
1.409999999999999964e+01 -1.253395317999999974e-02
1.412500000000000000e+01 -1.250550073000000068e-02
1.415000000000000036e+01 -1.245739063000000056e-02
1.417500000000000071e+01 -1.237588314000000016e-02
1.419999999999999929e+01 -1.231416823000000028e-02
1.422499999999999964e+01 -1.224864078999999932e-02
1.425000000000000000e+01 -1.220568881000000036e-02
1.427500000000000036e+01 -1.213266646000000018e-02
1.430000000000000071e+01 -1.211776860999999941e-02
1.432499999999999929e+01 -1.205755430999999947e-02
1.434999999999999964e+01 -1.198878939000000074e-02
1.437500000000000000e+01 -1.194030106999999924e-02
1.440000000000000036e+01 -1.188551051999999983e-02
1.442500000000000071e+01 -1.184391119999999957e-02
1.444999999999999929e+01 -1.179123213000000080e-02
1.447499999999999964e+01 -1.172812009999999946e-02
1.450000000000000000e+01 -1.166934300000000042e-02
1.452500000000000036e+01 -1.162087491999999958e-02
1.455000000000000071e+01 -1.157424488999999994e-02
1.457499999999999929e+01 -1.150527225000000028e-02
1.459999999999999964e+01 -1.143882040999999981e-02
1.462500000000000000e+01 -1.139962662000000050e-02
1.465000000000000036e+01 -1.133261984999999958e-02
1.467500000000000071e+01 -1.128202325000000027e-02
1.469999999999999929e+01 -1.125305270999999926e-02
1.472499999999999964e+01 -1.120197126999999959e-02
1.475000000000000000e+01 -1.115584166999999960e-02
1.477500000000000036e+01 -1.109770447000000063e-02
1.480000000000000071e+01 -1.105179952999999979e-02
1.482499999999999929e+01 -1.100350756000000041e-02
1.484999999999999964e+01 -1.095224151999999937e-02
1.487500000000000000e+01 -1.088320012000000038e-02
1.490000000000000036e+01 -1.086531657000000019e-02
1.492500000000000071e+01 -1.081403013000000086e-02
1.494999999999999929e+01 -1.075944239999999941e-02
1.497499999999999964e+01 -1.071424366000000086e-02
1.500000000000000000e+01 -1.067512095000000029e-02
1.502500000000000036e+01 -1.062615021999999999e-02
1.505000000000000071e+01 -1.055528049999999995e-02
1.507499999999999929e+01 -1.052572436000000049e-02
1.509999999999999964e+01 -1.048525988000000020e-02
1.512500000000000000e+01 -1.042851571000000081e-02
1.515000000000000036e+01 -1.036645215999999932e-02
1.517500000000000071e+01 -1.031729141999999932e-02
1.519999999999999929e+01 -1.025742204000000025e-02
1.522499999999999964e+01 -1.021866236000000018e-02
1.525000000000000000e+01 -1.018454021000000063e-02
1.527500000000000036e+01 -1.014750912999999935e-02
1.530000000000000071e+01 -1.008844526999999949e-02
1.532499999999999929e+01 -1.005112311000000078e-02
1.534999999999999964e+01 -9.995264165000000006e-03
1.537500000000000000e+01 -9.970051536000000200e-03
1.540000000000000036e+01 -9.891272035000000726e-03
1.542500000000000071e+01 -9.868176458000000109e-03
1.544999999999999929e+01 -9.825688726999999220e-03
1.547499999999999964e+01 -9.773440875000000833e-03
1.550000000000000000e+01 -9.742990307000000058e-03
1.552500000000000036e+01 -9.694240794999999661e-03
1.555000000000000071e+01 -9.639533058999999807e-03
1.557499999999999929e+01 -9.609498092999999366e-03
1.559999999999999964e+01 -9.553149546000000783e-03
1.562500000000000000e+01 -9.517361934999999523e-03
1.565000000000000036e+01 -9.472060949999999702e-03
1.567500000000000071e+01 -9.447590545000000492e-03
1.569999999999999929e+01 -9.395041652999999368e-03
1.572499999999999964e+01 -9.360021446999999134e-03
1.575000000000000000e+01 -9.298205323000000369e-03
1.577500000000000036e+01 -9.288416734000000397e-03
1.580000000000000071e+01 -9.213497384999999942e-03
1.582499999999999929e+01 -9.183445716000000758e-03
1.584999999999999964e+01 -9.144095140000000829e-03
1.587500000000000000e+01 -9.105122757999999789e-03
1.590000000000000036e+01 -9.070381824999999495e-03
1.592500000000000071e+01 -9.025403811999999776e-03
1.594999999999999929e+01 -8.964455203000000136e-03
1.597499999999999964e+01 -8.923379145000000234e-03
1.600000000000000000e+01 -8.909159839999999941e-03
1.602499999999999858e+01 -8.861151879000000661e-03
1.605000000000000071e+01 -8.821822606000000178e-03
1.607499999999999929e+01 -8.782421377999999682e-03
1.610000000000000142e+01 -8.748838518999999328e-03
1.612500000000000000e+01 -8.699592580000000200e-03
1.614999999999999858e+01 -8.654155364999999156e-03
1.617500000000000071e+01 -8.597575641999999699e-03
1.619999999999999929e+01 -8.587540103000000299e-03
1.622500000000000142e+01 -8.567661588000000106e-03
1.625000000000000000e+01 -8.507941611000000362e-03
1.627499999999999858e+01 -8.472541696000000788e-03
1.630000000000000071e+01 -8.447339184999999584e-03
1.632499999999999929e+01 -8.399374851999999447e-03
1.635000000000000142e+01 -8.374462650999999619e-03
1.637500000000000000e+01 -8.332554525999999462e-03
1.639999999999999858e+01 -8.297675309000000082e-03
1.642500000000000071e+01 -8.258627637999999341e-03
1.644999999999999929e+01 -8.206981874999999885e-03
1.647500000000000142e+01 -8.178819226000000331e-03
1.650000000000000000e+01 -8.154184370999999903e-03
1.652499999999999858e+01 -8.107867382000000581e-03
1.655000000000000071e+01 -8.048966977999999842e-03
1.657499999999999929e+01 -8.029472014000000116e-03
1.660000000000000142e+01 -8.015997412999999183e-03
1.662500000000000000e+01 -7.967867019999999925e-03
1.664999999999999858e+01 -7.920331452999999564e-03
1.667500000000000071e+01 -7.890098409000000437e-03
1.669999999999999929e+01 -7.857645479999999724e-03
1.672500000000000142e+01 -7.828706636000000441e-03
1.675000000000000000e+01 -7.788070466999999671e-03
1.677499999999999858e+01 -7.742450746999999731e-03
1.680000000000000071e+01 -7.715653775000000207e-03
1.682499999999999929e+01 -7.672302504000000356e-03
1.685000000000000142e+01 -7.668637388999999596e-03
1.687500000000000000e+01 -7.585823141000000089e-03
1.689999999999999858e+01 -7.573077995000000034e-03
1.692500000000000071e+01 -7.547099158999999620e-03
1.694999999999999929e+01 -7.510609367999999952e-03
1.697500000000000142e+01 -7.492235241000000205e-03
1.700000000000000000e+01 -7.456070492000000174e-03
1.702499999999999858e+01 -7.417622853999999641e-03
1.705000000000000071e+01 -7.371371667000000197e-03
1.707499999999999929e+01 -7.348704533999999775e-03
1.710000000000000142e+01 -7.334288863000000026e-03
1.712500000000000000e+01 -7.299548878000000282e-03
1.714999999999999858e+01 -7.264944673000000089e-03
1.717500000000000071e+01 -7.230316873999999630e-03
1.719999999999999929e+01 -7.195290992000000392e-03
1.722500000000000142e+01 -7.165658400999999796e-03
1.725000000000000000e+01 -7.142669966999999967e-03
1.727499999999999858e+01 -7.094720813999999889e-03
1.730000000000000071e+01 -7.064217773000000186e-03
1.732499999999999929e+01 -7.029086926000000131e-03
1.735000000000000142e+01 -7.007465077000000174e-03
1.737500000000000000e+01 -6.970112167999999858e-03
1.739999999999999858e+01 -6.935371614999999781e-03
1.742500000000000071e+01 -6.904027027999999969e-03
1.744999999999999929e+01 -6.884597666999999616e-03
1.747500000000000142e+01 -6.829960058999999702e-03
1.750000000000000000e+01 -6.822522263999999947e-03
1.752499999999999858e+01 -6.802778092999999839e-03
1.755000000000000071e+01 -6.748406248999999635e-03
1.757499999999999929e+01 -6.731175659999999797e-03
1.760000000000000142e+01 -6.712026759000000280e-03
1.762500000000000000e+01 -6.657541450000000263e-03
1.764999999999999858e+01 -6.650728931999999594e-03
1.767500000000000071e+01 -6.619833010000000274e-03
1.769999999999999929e+01 -6.587543597000000174e-03
1.772500000000000142e+01 -6.556218360999999800e-03
1.775000000000000000e+01 -6.526437022999999858e-03
1.777499999999999858e+01 -6.508313964000000430e-03
1.780000000000000071e+01 -6.470911896000000087e-03
1.782499999999999929e+01 -6.447668432000000158e-03
1.785000000000000142e+01 -6.408284491999999971e-03
1.787500000000000000e+01 -6.395253095000000103e-03
1.789999999999999858e+01 -6.365181039999999978e-03
1.792500000000000071e+01 -6.336432741999999986e-03
1.794999999999999929e+01 -6.314595925999999873e-03
1.797500000000000142e+01 -6.284260187999999962e-03
1.800000000000000000e+01 -6.252125937999999591e-03
1.802499999999999858e+01 -6.221257503000000161e-03
1.805000000000000071e+01 -6.200365975999999786e-03
1.807499999999999929e+01 -6.165926605000000144e-03
1.810000000000000142e+01 -6.116492048999999653e-03
1.812500000000000000e+01 -6.118116889999999745e-03
1.814999999999999858e+01 -6.091907165000000346e-03
1.817500000000000071e+01 -6.058640308000000189e-03
1.819999999999999929e+01 -6.029609061999999763e-03
1.822500000000000142e+01 -6.011607894999999868e-03
1.825000000000000000e+01 -5.995180144999999981e-03
1.827499999999999858e+01 -5.959808575999999899e-03
1.830000000000000071e+01 -5.931406769999999704e-03
1.832499999999999929e+01 -5.908828183000000220e-03
1.835000000000000142e+01 -5.878802150000000080e-03
1.837500000000000000e+01 -5.875935982000000078e-03
1.839999999999999858e+01 -5.813212917000000132e-03
1.842500000000000071e+01 -5.805936014000000200e-03
1.844999999999999929e+01 -5.785970956000000172e-03
1.847500000000000142e+01 -5.741084750999999632e-03
1.850000000000000000e+01 -5.729986264999999655e-03
1.852499999999999858e+01 -5.691627294000000011e-03
1.855000000000000071e+01 -5.673527149999999658e-03
1.857499999999999929e+01 -5.650619420000000011e-03
1.860000000000000142e+01 -5.637598823999999918e-03
1.862500000000000000e+01 -5.616086880000000121e-03
1.864999999999999858e+01 -5.586895827000000307e-03
1.867500000000000071e+01 -5.566038855999999764e-03
1.869999999999999929e+01 -5.538311235999999679e-03
1.872500000000000142e+01 -5.507152286000000126e-03
1.875000000000000000e+01 -5.481220917000000428e-03
1.877499999999999858e+01 -5.464784414000000388e-03
1.880000000000000071e+01 -5.440139876000000055e-03
1.882499999999999929e+01 -5.409858721999999745e-03
1.885000000000000142e+01 -5.384644816999999833e-03
1.887500000000000000e+01 -5.363877791999999839e-03
1.889999999999999858e+01 -5.342514817000000235e-03
1.892500000000000071e+01 -5.319444968000000031e-03
1.894999999999999929e+01 -5.294476593000000016e-03
1.897500000000000142e+01 -5.263928870999999739e-03
1.900000000000000000e+01 -5.240811756999999745e-03
1.902499999999999858e+01 -5.238734275999999863e-03
1.905000000000000071e+01 -5.194701803000000180e-03
1.907499999999999929e+01 -5.186857060999999769e-03
1.910000000000000142e+01 -5.167947120999999942e-03
1.912500000000000000e+01 -5.133263679999999773e-03
1.914999999999999858e+01 -5.122611340999999943e-03
1.917500000000000071e+01 -5.100327441000000392e-03
1.919999999999999929e+01 -5.071953651999999702e-03
1.922500000000000142e+01 -5.057072283999999862e-03
1.925000000000000000e+01 -5.040584637000000354e-03
1.927499999999999858e+01 -5.002088198999999659e-03
1.930000000000000071e+01 -4.989340008999999625e-03
1.932499999999999929e+01 -4.954844503000000074e-03
1.935000000000000142e+01 -4.942200413000000410e-03
1.937500000000000000e+01 -4.937542585999999886e-03
1.939999999999999858e+01 -4.906505038999999652e-03
1.942500000000000071e+01 -4.869499170000000411e-03
1.944999999999999929e+01 -4.857378730999999984e-03
1.947500000000000142e+01 -4.843917609999999832e-03
1.950000000000000000e+01 -4.814249692999999879e-03
1.952499999999999858e+01 -4.795451838999999737e-03
1.955000000000000071e+01 -4.779420426000000402e-03
1.957499999999999929e+01 -4.761451326000000310e-03
1.960000000000000142e+01 -4.726682177999999568e-03
1.962500000000000000e+01 -4.715936014999999940e-03
1.964999999999999858e+01 -4.697940452000000204e-03
1.967500000000000071e+01 -4.676615831000000001e-03
1.969999999999999929e+01 -4.642839949000000278e-03
1.972500000000000142e+01 -4.639404294000000310e-03
1.975000000000000000e+01 -4.620308590000000298e-03
1.977499999999999858e+01 -4.606566607999999612e-03
1.980000000000000071e+01 -4.572686365000000128e-03
1.982499999999999929e+01 -4.556482241999999620e-03
1.985000000000000142e+01 -4.546149876999999728e-03
1.987500000000000000e+01 -4.521965797999999599e-03
1.989999999999999858e+01 -4.494542294999999930e-03
1.992500000000000071e+01 -4.478797409999999736e-03
1.994999999999999929e+01 -4.466992638000000411e-03
1.997500000000000142e+01 -4.427626151000000308e-03
2.000000000000000000e+01 -4.414827395000000231e-03
2.002499999999999858e+01 -4.410887506999999763e-03
2.005000000000000071e+01 -4.387012745000000088e-03
2.007499999999999929e+01 -4.367488800999999934e-03
2.010000000000000142e+01 -4.349477820999999786e-03
2.012500000000000000e+01 -4.344878838000000056e-03
2.014999999999999858e+01 -4.318448441000000311e-03
2.017500000000000071e+01 -4.282888260000000148e-03
2.019999999999999929e+01 -4.277834991000000267e-03
2.022500000000000142e+01 -4.255904589000000272e-03
2.025000000000000000e+01 -4.232301253999999797e-03
2.027499999999999858e+01 -4.215751704999999572e-03
2.030000000000000071e+01 -4.199013326999999698e-03
2.032499999999999929e+01 -4.177151766000000016e-03
2.035000000000000142e+01 -4.158802007000000044e-03
2.037500000000000000e+01 -4.151705846000000415e-03
2.039999999999999858e+01 -4.123856321999999977e-03
2.042500000000000071e+01 -4.108308899999999625e-03
2.044999999999999929e+01 -4.097244322000000334e-03
2.047500000000000142e+01 -4.072189738999999579e-03
2.050000000000000000e+01 -4.045208948000000339e-03
2.052499999999999858e+01 -4.043227917000000171e-03
2.055000000000000071e+01 -4.024153966000000408e-03
2.057499999999999929e+01 -3.996778585000000140e-03
2.060000000000000142e+01 -3.977237825999999955e-03
2.062500000000000000e+01 -3.973289379999999857e-03
2.064999999999999858e+01 -3.954641344000000419e-03
2.067500000000000071e+01 -3.928100807000000153e-03
2.069999999999999929e+01 -3.917631712999999731e-03
2.072500000000000142e+01 -3.898988805000000186e-03
2.075000000000000000e+01 -3.891046885999999930e-03
2.077499999999999858e+01 -3.873021196000000013e-03
2.080000000000000071e+01 -3.857744812999999977e-03
2.082499999999999929e+01 -3.847963691000000092e-03
2.085000000000000142e+01 -3.807142291000000043e-03
2.087500000000000000e+01 -3.799723861000000105e-03
2.089999999999999858e+01 -3.790317546000000065e-03
2.092500000000000071e+01 -3.769416196999999906e-03
2.094999999999999929e+01 -3.748250129000000198e-03
2.097500000000000142e+01 -3.746978315999999806e-03
2.100000000000000000e+01 -3.719280234000000088e-03
2.102499999999999858e+01 -3.714541816999999795e-03
2.105000000000000071e+01 -3.701911743000000071e-03
2.107499999999999929e+01 -3.676478092000000017e-03
2.110000000000000142e+01 -3.671872068999999794e-03
2.112500000000000000e+01 -3.643035047000000009e-03
2.114999999999999858e+01 -3.629382444999999964e-03
2.117500000000000071e+01 -3.606612789999999805e-03
2.119999999999999929e+01 -3.598090627000000066e-03
2.122500000000000142e+01 -3.584903109999999955e-03
2.125000000000000000e+01 -3.563365984000000167e-03
2.127499999999999858e+01 -3.539031071999999920e-03
2.130000000000000071e+01 -3.534144695000000173e-03
2.132499999999999929e+01 -3.518757641999999998e-03
2.135000000000000142e+01 -3.509755457000000162e-03
2.137500000000000000e+01 -3.496865498999999784e-03
2.139999999999999858e+01 -3.482175515999999787e-03
2.142500000000000071e+01 -3.465537826000000040e-03
2.144999999999999929e+01 -3.448982732999999849e-03
2.147500000000000142e+01 -3.428979201000000032e-03
2.150000000000000000e+01 -3.411020967999999886e-03
2.152499999999999858e+01 -3.397877476999999931e-03
2.155000000000000071e+01 -3.391797117000000181e-03
2.157499999999999929e+01 -3.384535244000000040e-03
2.160000000000000142e+01 -3.363530970000000019e-03
2.162500000000000000e+01 -3.351320378999999867e-03
2.164999999999999858e+01 -3.331205793000000144e-03
2.167500000000000071e+01 -3.316855221000000048e-03
2.169999999999999929e+01 -3.305888770999999837e-03
2.172500000000000142e+01 -3.294116952999999806e-03
2.175000000000000000e+01 -3.278579778000000142e-03
2.177499999999999858e+01 -3.259723893999999858e-03
2.180000000000000071e+01 -3.247502941999999906e-03
2.182499999999999929e+01 -3.236131472000000012e-03
2.185000000000000142e+01 -3.223424201999999968e-03
2.187500000000000000e+01 -3.211229245999999791e-03
2.189999999999999858e+01 -3.204443060000000155e-03
2.192500000000000071e+01 -3.177776582000000054e-03
2.194999999999999929e+01 -3.167404955000000053e-03
2.197500000000000142e+01 -3.160181264999999996e-03
2.200000000000000000e+01 -3.142536152999999850e-03
2.202499999999999858e+01 -3.130195438000000097e-03
2.205000000000000071e+01 -3.107331181000000213e-03
2.207499999999999929e+01 -3.100421740999999981e-03
2.210000000000000142e+01 -3.084722534999999842e-03
2.212500000000000000e+01 -3.074499567999999967e-03
2.214999999999999858e+01 -3.069932052999999831e-03
2.217500000000000071e+01 -3.046060997000000093e-03
2.219999999999999929e+01 -3.031874670999999861e-03
2.222500000000000142e+01 -3.020441750000000050e-03
2.225000000000000000e+01 -3.010498280000000089e-03
2.227499999999999858e+01 -2.998626913000000151e-03
2.230000000000000071e+01 -2.989398606000000062e-03
2.232499999999999929e+01 -2.973300744999999960e-03
2.235000000000000142e+01 -2.965121675000000154e-03
2.237500000000000000e+01 -2.949243168000000026e-03
2.239999999999999858e+01 -2.936541094000000036e-03
2.242500000000000071e+01 -2.921971536999999793e-03
2.244999999999999929e+01 -2.914543440999999881e-03
2.247500000000000142e+01 -2.899410900000000142e-03
2.250000000000000000e+01 -2.881834100999999815e-03
2.252499999999999858e+01 -2.880512162999999785e-03
2.255000000000000071e+01 -2.856676315999999872e-03
2.257499999999999929e+01 -2.848915733000000148e-03
2.260000000000000142e+01 -2.836643190999999908e-03
2.262500000000000000e+01 -2.825233522999999990e-03
2.264999999999999858e+01 -2.816620881000000097e-03
2.267500000000000071e+01 -2.798445743000000166e-03
2.269999999999999929e+01 -2.784871097000000007e-03
2.272500000000000142e+01 -2.777026849999999786e-03
2.275000000000000000e+01 -2.767202371000000109e-03
2.277499999999999858e+01 -2.751436868999999896e-03
2.280000000000000071e+01 -2.737320764000000101e-03
2.282499999999999929e+01 -2.733098015000000151e-03
2.285000000000000142e+01 -2.721757725000000135e-03
2.287500000000000000e+01 -2.706156057000000132e-03
2.289999999999999858e+01 -2.695479671000000112e-03
2.292500000000000071e+01 -2.685349090000000143e-03
2.294999999999999929e+01 -2.671726292999999832e-03
2.297500000000000142e+01 -2.662429649000000020e-03
2.300000000000000000e+01 -2.653756303999999823e-03
2.302499999999999858e+01 -2.641506596999999845e-03
2.305000000000000071e+01 -2.634027871000000146e-03
2.307499999999999929e+01 -2.620611921999999906e-03
2.310000000000000142e+01 -2.604065685999999887e-03
2.312500000000000000e+01 -2.601288123000000153e-03
2.314999999999999858e+01 -2.589115095999999956e-03
2.317500000000000071e+01 -2.574228186000000144e-03
2.319999999999999929e+01 -2.560059450999999878e-03
2.322500000000000142e+01 -2.558538132999999860e-03
2.325000000000000000e+01 -2.542724747000000163e-03
2.327499999999999858e+01 -2.541951592999999992e-03
2.330000000000000071e+01 -2.525954635000000024e-03
2.332499999999999929e+01 -2.506820336999999836e-03
2.335000000000000142e+01 -2.500351784999999948e-03
2.337500000000000000e+01 -2.488169298999999817e-03
2.339999999999999858e+01 -2.473980365000000032e-03
2.342500000000000071e+01 -2.471544542999999997e-03
2.344999999999999929e+01 -2.461557623000000181e-03
2.347500000000000142e+01 -2.446033084999999895e-03
2.350000000000000000e+01 -2.435700388000000029e-03
2.352499999999999858e+01 -2.425059737999999895e-03
2.355000000000000071e+01 -2.414146789000000144e-03
2.357499999999999929e+01 -2.407414238999999994e-03
2.360000000000000142e+01 -2.400519350000000166e-03
2.362500000000000000e+01 -2.385212506999999978e-03
2.364999999999999858e+01 -2.383025437999999972e-03
2.367500000000000071e+01 -2.360689517000000119e-03
2.369999999999999929e+01 -2.362210284000000170e-03
2.372500000000000142e+01 -2.346108390000000137e-03
2.375000000000000000e+01 -2.336660946000000075e-03
2.377499999999999858e+01 -2.327908750000000099e-03
2.380000000000000071e+01 -2.317119576000000163e-03
2.382499999999999929e+01 -2.317355825999999844e-03
2.385000000000000142e+01 -2.297950843000000094e-03
2.387500000000000000e+01 -2.290517465000000037e-03
2.389999999999999858e+01 -2.284756775000000139e-03
2.392500000000000071e+01 -2.269662141999999848e-03
2.394999999999999929e+01 -2.255252813999999908e-03
2.397500000000000142e+01 -2.249590929999999850e-03
2.400000000000000000e+01 -2.235143978000000194e-03
2.402499999999999858e+01 -2.231715548999999976e-03
2.405000000000000071e+01 -2.217192799000000051e-03
2.407499999999999929e+01 -2.213653131999999794e-03
2.410000000000000142e+01 -2.202946394000000058e-03
2.412500000000000000e+01 -2.192228085000000153e-03
2.414999999999999858e+01 -2.196071439999999937e-03
2.417500000000000071e+01 -2.179255995000000095e-03
2.419999999999999929e+01 -2.170163016000000063e-03
2.422500000000000142e+01 -2.159721115999999833e-03
2.425000000000000000e+01 -2.150256018000000057e-03
2.427499999999999858e+01 -2.140877130000000145e-03
2.430000000000000071e+01 -2.131341712999999891e-03
2.432499999999999929e+01 -2.124394984999999902e-03
2.435000000000000142e+01 -2.115746168000000142e-03
2.437500000000000000e+01 -2.101690075999999938e-03
2.439999999999999858e+01 -2.097439369999999810e-03
2.442500000000000071e+01 -2.092624575999999827e-03
2.444999999999999929e+01 -2.076920360000000191e-03
2.447500000000000142e+01 -2.072850708999999982e-03
2.450000000000000000e+01 -2.065638408999999950e-03
2.452499999999999858e+01 -2.058709082999999815e-03
2.455000000000000071e+01 -2.046349283999999991e-03
2.457499999999999929e+01 -2.035758813000000146e-03
2.460000000000000142e+01 -2.027924257999999796e-03
2.462500000000000000e+01 -2.020534387999999796e-03
2.464999999999999858e+01 -2.013254796000000200e-03
2.467500000000000071e+01 -1.999519363999999796e-03
2.469999999999999929e+01 -1.992945009999999833e-03
2.472500000000000142e+01 -1.984425570000000055e-03
2.475000000000000000e+01 -1.975744767000000169e-03
2.477499999999999858e+01 -1.968602713000000039e-03
2.480000000000000071e+01 -1.959496667000000178e-03
2.482499999999999929e+01 -1.947623450000000042e-03
2.485000000000000142e+01 -1.941729223000000087e-03
2.487500000000000000e+01 -1.935278365999999967e-03
2.489999999999999858e+01 -1.923805500999999953e-03
2.492500000000000071e+01 -1.918900229000000028e-03
2.494999999999999929e+01 -1.910064803999999986e-03
2.497500000000000142e+01 -1.902317780000000076e-03
2.500000000000000000e+01 -1.900878265999999964e-03
2.502499999999999858e+01 -1.890539024000000012e-03
2.505000000000000071e+01 -1.878846247000000086e-03
2.507499999999999929e+01 -1.869350911999999917e-03
2.510000000000000142e+01 -1.866706721000000032e-03
2.512500000000000000e+01 -1.859396283000000092e-03
2.514999999999999858e+01 -1.848899735000000084e-03
2.517500000000000071e+01 -1.845427382999999949e-03
2.519999999999999929e+01 -1.835675046999999966e-03
2.522500000000000142e+01 -1.824458275999999921e-03
2.525000000000000000e+01 -1.818479268000000029e-03
2.527499999999999858e+01 -1.810291145999999964e-03
2.530000000000000071e+01 -1.802289830000000041e-03
2.532499999999999929e+01 -1.794659505000000032e-03
2.535000000000000142e+01 -1.789033964000000037e-03
2.537500000000000000e+01 -1.784703037999999962e-03
2.539999999999999858e+01 -1.769323775000000102e-03
2.542500000000000071e+01 -1.764052606000000075e-03
2.544999999999999929e+01 -1.758015102999999947e-03
2.547500000000000142e+01 -1.748935781999999984e-03
2.550000000000000000e+01 -1.742142814999999905e-03
2.552499999999999858e+01 -1.734667030999999943e-03
2.555000000000000071e+01 -1.727272496999999931e-03
2.557499999999999929e+01 -1.727329787999999991e-03
2.560000000000000142e+01 -1.717073908000000008e-03
2.562500000000000000e+01 -1.708810298999999949e-03
2.564999999999999858e+01 -1.699298784000000031e-03
2.567500000000000071e+01 -1.694235577999999957e-03
2.569999999999999929e+01 -1.681481702000000092e-03
2.572500000000000142e+01 -1.677845512999999976e-03
2.575000000000000000e+01 -1.677509124999999922e-03
2.577499999999999858e+01 -1.667661151000000017e-03
2.580000000000000071e+01 -1.655573278000000001e-03
2.582499999999999929e+01 -1.655886140999999947e-03
2.585000000000000142e+01 -1.645495944999999984e-03
2.587500000000000000e+01 -1.638710014999999976e-03
2.589999999999999858e+01 -1.631973798999999947e-03
2.592500000000000071e+01 -1.624421022999999933e-03
2.594999999999999929e+01 -1.617617815000000009e-03
2.597500000000000142e+01 -1.614146208999999929e-03
2.600000000000000000e+01 -1.605100096999999976e-03
2.602499999999999858e+01 -1.595956175000000105e-03
2.605000000000000071e+01 -1.593532358000000022e-03
2.607499999999999929e+01 -1.583627965000000042e-03
2.610000000000000142e+01 -1.576588343000000008e-03
2.612500000000000000e+01 -1.570481993000000026e-03
2.614999999999999858e+01 -1.566708604999999957e-03
2.617500000000000071e+01 -1.560260593999999957e-03
2.619999999999999929e+01 -1.554353303999999941e-03
2.622500000000000142e+01 -1.547331907999999938e-03
2.625000000000000000e+01 -1.538081562000000093e-03
2.627499999999999858e+01 -1.529801481999999930e-03
2.630000000000000071e+01 -1.532660343000000073e-03
2.632499999999999929e+01 -1.518776830000000046e-03
2.635000000000000142e+01 -1.518080937999999932e-03
2.637500000000000000e+01 -1.507801513999999917e-03
2.639999999999999858e+01 -1.497924915999999896e-03
2.642500000000000071e+01 -1.495523083000000007e-03
2.644999999999999929e+01 -1.492146911000000013e-03
2.647500000000000142e+01 -1.482723317000000061e-03
2.650000000000000000e+01 -1.475894404000000068e-03
2.652499999999999858e+01 -1.473841786999999931e-03
2.655000000000000071e+01 -1.465419404000000043e-03
2.657499999999999929e+01 -1.462845080000000058e-03
2.660000000000000142e+01 -1.455286647000000096e-03
2.662500000000000000e+01 -1.447479689000000062e-03
2.664999999999999858e+01 -1.441150635000000048e-03
2.667500000000000071e+01 -1.434550525999999998e-03
2.669999999999999929e+01 -1.428209217999999942e-03
2.672500000000000142e+01 -1.425241565999999958e-03
2.675000000000000000e+01 -1.414786808999999928e-03
2.677499999999999858e+01 -1.409922158000000104e-03
2.680000000000000071e+01 -1.405473428999999986e-03
2.682499999999999929e+01 -1.402686072999999919e-03
2.685000000000000142e+01 -1.395659192999999928e-03
2.687500000000000000e+01 -1.392079989000000011e-03
2.689999999999999858e+01 -1.382331047999999906e-03
2.692500000000000071e+01 -1.372049066999999917e-03
2.694999999999999929e+01 -1.369032276000000043e-03
2.697500000000000142e+01 -1.366678983000000052e-03
2.700000000000000000e+01 -1.357288764000000097e-03
2.702499999999999858e+01 -1.351558777000000031e-03
2.705000000000000071e+01 -1.350839299000000052e-03
2.707499999999999929e+01 -1.341911482999999907e-03
2.710000000000000142e+01 -1.335810153000000031e-03
2.712500000000000000e+01 -1.332085992999999932e-03
2.714999999999999858e+01 -1.330148651999999961e-03
2.717500000000000071e+01 -1.320860054000000091e-03
2.719999999999999929e+01 -1.309770878999999989e-03
2.722500000000000142e+01 -1.313597655000000100e-03
2.725000000000000000e+01 -1.304050834000000094e-03
2.727499999999999858e+01 -1.294779238999999938e-03
2.730000000000000071e+01 -1.294204963000000026e-03
2.732499999999999929e+01 -1.286091050000000074e-03
2.735000000000000142e+01 -1.279968835999999947e-03
2.737500000000000000e+01 -1.278427973999999960e-03
2.739999999999999858e+01 -1.272460614999999925e-03
2.742500000000000071e+01 -1.265407064000000038e-03
2.744999999999999929e+01 -1.259777716000000077e-03
2.747500000000000142e+01 -1.253610319000000081e-03
2.750000000000000000e+01 -1.249370655000000066e-03
2.752499999999999858e+01 -1.247460343000000079e-03
2.755000000000000071e+01 -1.241402476000000006e-03
2.757499999999999929e+01 -1.234445180999999957e-03
2.760000000000000142e+01 -1.232274030000000097e-03
2.762500000000000000e+01 -1.225184080999999932e-03
2.764999999999999858e+01 -1.221654904000000043e-03
2.767500000000000071e+01 -1.212686701999999943e-03
2.769999999999999929e+01 -1.210261131999999925e-03
2.772500000000000142e+01 -1.205897977000000044e-03
2.775000000000000000e+01 -1.198250699999999901e-03
2.777499999999999858e+01 -1.196572488999999911e-03
2.780000000000000071e+01 -1.191258396000000096e-03
2.782499999999999929e+01 -1.185544831999999892e-03
2.785000000000000142e+01 -1.181043844999999986e-03
2.787500000000000000e+01 -1.176487859999999965e-03
2.789999999999999858e+01 -1.168650267000000045e-03
2.792500000000000071e+01 -1.166978761999999930e-03
2.794999999999999929e+01 -1.160849552999999998e-03
2.797500000000000142e+01 -1.161521496999999960e-03
2.800000000000000000e+01 -1.151565549999999981e-03
2.802499999999999858e+01 -1.144611380000000022e-03
2.805000000000000071e+01 -1.143979270000000052e-03
2.807499999999999929e+01 -1.138488488000000002e-03
2.810000000000000142e+01 -1.133272783999999958e-03
2.812500000000000000e+01 -1.131543238999999958e-03
2.814999999999999858e+01 -1.123307782999999945e-03
2.817500000000000071e+01 -1.117122068000000069e-03
2.819999999999999929e+01 -1.113020990000000102e-03
2.822500000000000142e+01 -1.110592090999999943e-03
2.825000000000000000e+01 -1.102023896000000041e-03
2.827499999999999858e+01 -1.101716976999999979e-03
2.830000000000000071e+01 -1.097954912999999982e-03
2.832499999999999929e+01 -1.093836847000000025e-03
2.835000000000000142e+01 -1.087065347000000038e-03
2.837500000000000000e+01 -1.084135960000000027e-03
2.839999999999999858e+01 -1.078317794999999937e-03
2.842500000000000071e+01 -1.076300439000000067e-03
2.844999999999999929e+01 -1.071544322000000026e-03
2.847500000000000142e+01 -1.063846638000000072e-03
2.850000000000000000e+01 -1.059530760999999929e-03
2.852499999999999858e+01 -1.058042813999999924e-03
2.855000000000000071e+01 -1.053646985000000064e-03
2.857499999999999929e+01 -1.050652054000000011e-03
2.860000000000000142e+01 -1.044206956000000080e-03
2.862500000000000000e+01 -1.038752278999999961e-03
2.864999999999999858e+01 -1.031333211999999966e-03
2.867500000000000071e+01 -1.033008261000000014e-03
2.869999999999999929e+01 -1.026377216999999975e-03
2.872500000000000142e+01 -1.020535342000000083e-03
2.875000000000000000e+01 -1.018108493999999968e-03
2.877499999999999858e+01 -1.014470151000000002e-03
2.880000000000000071e+01 -1.009931748999999979e-03
2.882499999999999929e+01 -1.004985833000000047e-03
2.885000000000000142e+01 -1.004098184000000058e-03
2.887500000000000000e+01 -9.998492182999999586e-04
2.889999999999999858e+01 -9.969085060000000553e-04
2.892500000000000071e+01 -9.888245289999999642e-04
2.894999999999999929e+01 -9.856307704000000138e-04
2.897500000000000142e+01 -9.812850260999999089e-04
2.900000000000000000e+01 -9.787840165999999245e-04
2.902499999999999858e+01 -9.726569471000000083e-04
2.905000000000000071e+01 -9.710827218000000430e-04
2.907499999999999929e+01 -9.670997530000000455e-04
2.910000000000000142e+01 -9.590034176999999611e-04
2.912500000000000000e+01 -9.571497408000000312e-04
2.914999999999999858e+01 -9.533514500999999827e-04
2.917500000000000071e+01 -9.504703968999999794e-04
2.919999999999999929e+01 -9.466756502999999507e-04
2.922500000000000142e+01 -9.400592072000000295e-04
2.925000000000000000e+01 -9.389832643999999461e-04
2.927499999999999858e+01 -9.308199055000000071e-04
2.930000000000000071e+01 -9.274723481000000372e-04
2.932499999999999929e+01 -9.232697766000000188e-04
2.935000000000000142e+01 -9.231709572999999714e-04
2.937500000000000000e+01 -9.162061970999999796e-04
2.939999999999999858e+01 -9.146631133000000455e-04
2.942500000000000071e+01 -9.132456286999999671e-04
2.944999999999999929e+01 -9.085935860000000095e-04
2.947500000000000142e+01 -9.058816096999999963e-04
2.950000000000000000e+01 -8.999164758000000475e-04
2.952499999999999858e+01 -8.981525922000000188e-04
2.955000000000000071e+01 -8.931399991000000399e-04
2.957499999999999929e+01 -8.881420318999999706e-04
2.960000000000000142e+01 -8.855276427999999624e-04
2.962500000000000000e+01 -8.808168336999999638e-04
2.964999999999999858e+01 -8.779214405999999924e-04
2.967500000000000071e+01 -8.749342615999999720e-04
2.969999999999999929e+01 -8.685717764000000117e-04
2.972500000000000142e+01 -8.660532767000000270e-04
2.975000000000000000e+01 -8.648087187000000169e-04
2.977499999999999858e+01 -8.615428245000000384e-04
2.980000000000000071e+01 -8.559572677000000431e-04
2.982499999999999929e+01 -8.540218643999999840e-04
2.985000000000000142e+01 -8.506347195000000128e-04
2.987500000000000000e+01 -8.463778706999999920e-04
2.989999999999999858e+01 -8.399342610000000127e-04
2.992500000000000071e+01 -8.416864340999999968e-04
2.994999999999999929e+01 -8.356824114000000305e-04
2.997500000000000142e+01 -8.332260988000000359e-04
3.000000000000000000e+01 -8.279425679000000518e-04
3.002499999999999858e+01 -8.262587259000000106e-04
3.005000000000000071e+01 -8.233524927999999856e-04
3.007499999999999929e+01 -8.202127122999999754e-04
3.010000000000000142e+01 -8.163193634000000080e-04
3.012500000000000000e+01 -8.117962045999999651e-04
3.014999999999999858e+01 -8.095141240000000484e-04
3.017500000000000071e+01 -8.041475471000000255e-04
3.019999999999999929e+01 -8.013847603999999479e-04
3.022500000000000142e+01 -7.984416795999999678e-04
3.025000000000000000e+01 -7.924500117999999866e-04
3.027499999999999858e+01 -7.916806180000000338e-04
3.030000000000000071e+01 -7.874676382000000367e-04
3.032499999999999929e+01 -7.849814477000000359e-04
3.035000000000000142e+01 -7.844231173000000296e-04
3.037500000000000000e+01 -7.792630357999999913e-04
3.039999999999999858e+01 -7.754732530000000125e-04
3.042500000000000071e+01 -7.743260839999999753e-04
3.044999999999999929e+01 -7.702148585000000072e-04
3.047500000000000142e+01 -7.664483939000000514e-04
3.050000000000000000e+01 -7.630514209000000166e-04
3.052499999999999858e+01 -7.608500974000000474e-04
3.055000000000000071e+01 -7.549914208999999616e-04
3.057499999999999929e+01 -7.545122844000000124e-04
3.060000000000000142e+01 -7.517430814000000509e-04
3.062500000000000000e+01 -7.495550175999999643e-04
3.064999999999999858e+01 -7.454956220999999763e-04
3.067500000000000071e+01 -7.413747637999999664e-04
3.069999999999999929e+01 -7.386350474000000135e-04
3.072500000000000142e+01 -7.374665813999999649e-04
3.075000000000000000e+01 -7.354656571999999663e-04
3.077499999999999858e+01 -7.282732174999999829e-04
3.080000000000000071e+01 -7.277701910999999531e-04
3.082499999999999929e+01 -7.244099458000000276e-04
3.085000000000000142e+01 -7.216706969000000497e-04
3.087500000000000000e+01 -7.179630518999999874e-04
3.089999999999999858e+01 -7.140280098999999972e-04
3.092500000000000071e+01 -7.146310367999999733e-04
3.094999999999999929e+01 -7.084889923000000462e-04
3.097500000000000142e+01 -7.071864102999999777e-04
3.100000000000000000e+01 -7.029012986000000027e-04
3.102499999999999858e+01 -7.008447033999999761e-04
3.105000000000000071e+01 -6.997506749999999730e-04
3.107499999999999929e+01 -6.939977373000000413e-04
3.110000000000000142e+01 -6.934631397999999839e-04
3.112500000000000000e+01 -6.905366453000000163e-04
3.114999999999999858e+01 -6.865676530999999857e-04
3.117500000000000071e+01 -6.851389570000000371e-04
3.119999999999999929e+01 -6.804774755000000215e-04
3.122500000000000142e+01 -6.806214779000000241e-04
3.125000000000000000e+01 -6.759602409999999851e-04
3.127499999999999858e+01 -6.728569504000000154e-04
3.130000000000000071e+01 -6.682828178999999751e-04
3.132499999999999929e+01 -6.675130124999999540e-04
3.135000000000000142e+01 -6.667185991000000329e-04
3.137500000000000000e+01 -6.628798102999999570e-04
3.139999999999999858e+01 -6.589066514000000308e-04
3.142500000000000071e+01 -6.577541034000000198e-04
3.144999999999999929e+01 -6.536294472999999629e-04
3.147500000000000142e+01 -6.511933982999999673e-04
3.150000000000000000e+01 -6.476794023000000252e-04
3.152499999999999858e+01 -6.453720072999999738e-04
3.155000000000000071e+01 -6.431666810000000178e-04
3.157499999999999929e+01 -6.412196174999999733e-04
3.160000000000000142e+01 -6.365665517999999834e-04
3.162500000000000000e+01 -6.358026625000000450e-04
3.164999999999999858e+01 -6.342369348000000389e-04
3.167500000000000071e+01 -6.317887156000000356e-04
3.169999999999999929e+01 -6.295818555999999630e-04
3.172500000000000142e+01 -6.261747211999999603e-04
3.175000000000000000e+01 -6.219318235999999863e-04
3.177499999999999858e+01 -6.189215902000000163e-04
3.180000000000000071e+01 -6.165184262000000239e-04
3.182499999999999929e+01 -6.165626498999999964e-04
3.185000000000000142e+01 -6.133732177000000190e-04
3.187500000000000000e+01 -6.092866767999999484e-04
3.189999999999999858e+01 -6.064920350999999802e-04
3.192500000000000071e+01 -6.054638445999999509e-04
3.194999999999999929e+01 -6.056982307999999888e-04
3.197500000000000142e+01 -6.016019979000000479e-04
3.200000000000000000e+01 -5.973094742999999606e-04
3.202499999999999858e+01 -5.951814913999999750e-04
3.204999999999999716e+01 -5.921398659999999991e-04
3.207500000000000284e+01 -5.905207757999999564e-04
3.210000000000000142e+01 -5.893877149999999891e-04
3.212500000000000000e+01 -5.857208255000000315e-04
3.214999999999999858e+01 -5.812321168000000047e-04
3.217499999999999716e+01 -5.823042988000000017e-04
3.220000000000000284e+01 -5.801250339000000146e-04
3.222500000000000142e+01 -5.767848868999999462e-04
3.225000000000000000e+01 -5.739314035999999557e-04
3.227499999999999858e+01 -5.692417322000000194e-04
3.229999999999999716e+01 -5.709362409000000044e-04
3.232500000000000284e+01 -5.681936412000000367e-04
3.235000000000000142e+01 -5.650051798999999961e-04
3.237500000000000000e+01 -5.632150694999999872e-04
3.239999999999999858e+01 -5.597767512999999705e-04
3.242499999999999716e+01 -5.584953710000000338e-04
3.245000000000000284e+01 -5.560623983000000407e-04
3.247500000000000142e+01 -5.525187624999999868e-04
3.250000000000000000e+01 -5.500883715000000427e-04
3.252499999999999858e+01 -5.484026521999999784e-04
3.254999999999999716e+01 -5.469989780000000324e-04
3.257500000000000284e+01 -5.443178096999999735e-04
3.260000000000000142e+01 -5.422993278000000274e-04
3.262500000000000000e+01 -5.391582435999999574e-04
3.264999999999999858e+01 -5.384811348999999671e-04
3.267499999999999716e+01 -5.367910113999999804e-04
3.270000000000000284e+01 -5.332269777999999651e-04
3.272500000000000142e+01 -5.317963842000000092e-04
3.275000000000000000e+01 -5.302551477999999791e-04
3.277499999999999858e+01 -5.277928071000000240e-04
3.279999999999999716e+01 -5.231022730999999783e-04
3.282500000000000284e+01 -5.229520434999999651e-04
3.285000000000000142e+01 -5.204176588000000280e-04
3.287500000000000000e+01 -5.195110729999999864e-04
3.289999999999999858e+01 -5.162341189000000524e-04
3.292499999999999716e+01 -5.167073641999999495e-04
3.295000000000000284e+01 -5.121979246999999909e-04
3.297500000000000142e+01 -5.108220533000000160e-04
3.300000000000000000e+01 -5.102896837999999465e-04
3.302499999999999858e+01 -5.066817904000000443e-04
3.304999999999999716e+01 -5.044445211999999852e-04
3.307500000000000284e+01 -5.029178123999999972e-04
3.310000000000000142e+01 -5.002606636999999993e-04
3.312500000000000000e+01 -4.970760498999999806e-04
3.314999999999999858e+01 -4.965667227000000392e-04
3.317499999999999716e+01 -4.945708958999999686e-04
3.320000000000000284e+01 -4.917720893000000325e-04
3.322500000000000142e+01 -4.922422766000000057e-04
3.325000000000000000e+01 -4.886987771999999706e-04
3.327499999999999858e+01 -4.871843173000000118e-04
3.329999999999999716e+01 -4.835384611000000240e-04
3.332500000000000284e+01 -4.832450382000000062e-04
3.335000000000000142e+01 -4.804948851999999815e-04
3.337500000000000000e+01 -4.769490847999999792e-04
3.339999999999999858e+01 -4.775893703000000249e-04
3.342499999999999716e+01 -4.751308038999999938e-04
3.345000000000000284e+01 -4.726611251000000001e-04
3.347500000000000142e+01 -4.710624865999999962e-04
3.350000000000000000e+01 -4.685536429000000257e-04
3.352499999999999858e+01 -4.677105640000000022e-04
3.354999999999999716e+01 -4.657725797000000106e-04
3.357500000000000284e+01 -4.628540130999999908e-04
3.360000000000000142e+01 -4.612290844000000215e-04
3.362500000000000000e+01 -4.597942958000000228e-04
3.364999999999999858e+01 -4.583154985000000058e-04
3.367499999999999716e+01 -4.562031498000000099e-04
3.370000000000000284e+01 -4.544355149999999973e-04
3.372500000000000142e+01 -4.528476067999999866e-04
3.375000000000000000e+01 -4.501705172000000123e-04
3.377499999999999858e+01 -4.499144359999999814e-04
3.379999999999999716e+01 -4.471434649000000051e-04
3.382500000000000284e+01 -4.458385495000000229e-04
3.385000000000000142e+01 -4.425080333999999822e-04
3.387500000000000000e+01 -4.410855865999999885e-04
3.389999999999999858e+01 -4.385013242999999893e-04
3.392499999999999716e+01 -4.373323390999999988e-04
3.395000000000000284e+01 -4.360779732000000177e-04
3.397500000000000142e+01 -4.343990718999999777e-04
3.400000000000000000e+01 -4.314674646999999913e-04
3.402499999999999858e+01 -4.306323282000000204e-04
3.404999999999999716e+01 -4.284377450999999736e-04
3.407500000000000284e+01 -4.275148377999999890e-04
3.410000000000000142e+01 -4.251018512999999973e-04
3.412500000000000000e+01 -4.235292551999999839e-04
3.414999999999999858e+01 -4.214803989000000099e-04
3.417499999999999716e+01 -4.217191513999999915e-04
3.420000000000000284e+01 -4.189353664999999989e-04
3.422500000000000142e+01 -4.170090096000000262e-04
3.425000000000000000e+01 -4.151856929000000075e-04
3.427499999999999858e+01 -4.139845397000000218e-04
3.429999999999999716e+01 -4.107316296000000188e-04
3.432500000000000284e+01 -4.107255818999999957e-04
3.435000000000000142e+01 -4.088777490000000247e-04
3.437500000000000000e+01 -4.068064033000000118e-04
3.439999999999999858e+01 -4.058444604999999887e-04
3.442499999999999716e+01 -4.050356366000000237e-04
3.445000000000000284e+01 -4.033599791000000217e-04
3.447500000000000142e+01 -4.004333957999999861e-04
3.450000000000000000e+01 -3.986835370000000136e-04
3.452499999999999858e+01 -3.971514973000000006e-04
3.454999999999999716e+01 -3.932305525999999938e-04
3.457500000000000284e+01 -3.944469718000000202e-04
3.460000000000000142e+01 -3.926492857000000222e-04
3.462500000000000000e+01 -3.920382054999999814e-04
3.464999999999999858e+01 -3.894551839000000228e-04
3.467499999999999716e+01 -3.883099469999999956e-04
3.470000000000000284e+01 -3.869619176999999867e-04
3.472500000000000142e+01 -3.847964507999999972e-04
3.475000000000000000e+01 -3.817019425999999761e-04
3.477499999999999858e+01 -3.808804826999999784e-04
3.479999999999999716e+01 -3.805893553000000038e-04
3.482500000000000284e+01 -3.780995413999999858e-04
3.485000000000000142e+01 -3.781268555999999794e-04
3.487500000000000000e+01 -3.768909112000000069e-04
3.489999999999999858e+01 -3.746057782000000139e-04
3.492499999999999716e+01 -3.728059835999999842e-04
3.495000000000000284e+01 -3.717711697999999767e-04
3.497500000000000142e+01 -3.684654862000000231e-04
3.500000000000000000e+01 -3.681273730000000216e-04
3.502499999999999858e+01 -3.679469804000000247e-04
3.504999999999999716e+01 -3.652003642000000057e-04
3.507500000000000284e+01 -3.641298139000000047e-04
3.510000000000000142e+01 -3.628413259999999758e-04
3.512500000000000000e+01 -3.615856399000000007e-04
3.514999999999999858e+01 -3.594078727000000030e-04
3.517499999999999716e+01 -3.585527936999999754e-04
3.520000000000000284e+01 -3.567222787999999771e-04
3.522500000000000142e+01 -3.552032702000000228e-04
3.525000000000000000e+01 -3.545503366000000143e-04
3.527499999999999858e+01 -3.533526005000000138e-04
3.529999999999999716e+01 -3.521745919000000076e-04
3.532500000000000284e+01 -3.507893407999999880e-04
3.535000000000000142e+01 -3.490148789000000092e-04
3.537500000000000000e+01 -3.457856646999999946e-04
3.539999999999999858e+01 -3.455241232000000003e-04
3.542499999999999716e+01 -3.439986332999999882e-04
3.545000000000000284e+01 -3.432241749000000198e-04
3.547500000000000142e+01 -3.409844892000000213e-04
3.550000000000000000e+01 -3.408519982999999912e-04
3.552499999999999858e+01 -3.391519362999999808e-04
3.554999999999999716e+01 -3.374809449000000148e-04
3.557500000000000284e+01 -3.353146560999999810e-04
3.560000000000000142e+01 -3.344045238999999938e-04
3.562500000000000000e+01 -3.332766658999999887e-04
3.564999999999999858e+01 -3.329079836000000217e-04
3.567499999999999716e+01 -3.301075899999999759e-04
3.570000000000000284e+01 -3.297008694000000081e-04
3.572500000000000142e+01 -3.279806776999999733e-04
3.575000000000000000e+01 -3.250335761000000242e-04
3.577499999999999858e+01 -3.261107541000000075e-04
3.579999999999999716e+01 -3.246137006999999931e-04
3.582500000000000284e+01 -3.223809096000000165e-04
3.585000000000000142e+01 -3.210265529000000070e-04
3.587500000000000000e+01 -3.209776447999999741e-04
3.589999999999999858e+01 -3.189639539999999983e-04
3.592499999999999716e+01 -3.165951650000000187e-04
3.595000000000000284e+01 -3.166614958999999742e-04
3.597500000000000142e+01 -3.156717993000000009e-04
3.600000000000000000e+01 -3.151837677999999783e-04
3.602499999999999858e+01 -3.124645952999999775e-04
3.604999999999999716e+01 -3.109027035000000070e-04
3.607500000000000284e+01 -3.092873941000000250e-04
3.610000000000000142e+01 -3.099708906999999909e-04
3.612500000000000000e+01 -3.075541047999999804e-04
3.614999999999999858e+01 -3.065046737000000072e-04
3.617499999999999716e+01 -3.053377130000000045e-04
3.620000000000000284e+01 -3.040119606999999941e-04
3.622500000000000142e+01 -3.021965216000000267e-04
3.625000000000000000e+01 -3.010285820000000107e-04
3.627499999999999858e+01 -3.013678770999999733e-04
3.629999999999999716e+01 -2.995300628000000095e-04
3.632500000000000284e+01 -2.990664566999999877e-04
3.635000000000000142e+01 -2.970306455999999944e-04
3.637500000000000000e+01 -2.956096412999999830e-04
3.639999999999999858e+01 -2.933436058999999859e-04
3.642499999999999716e+01 -2.938301142000000125e-04
3.645000000000000284e+01 -2.921881710999999740e-04
3.647500000000000142e+01 -2.910390036000000077e-04
3.650000000000000000e+01 -2.908578500999999938e-04
3.652499999999999858e+01 -2.887738726999999742e-04
3.654999999999999716e+01 -2.879658127000000144e-04
3.657500000000000284e+01 -2.867039351000000053e-04
3.660000000000000142e+01 -2.850215878999999976e-04
3.662500000000000000e+01 -2.841094823999999915e-04
3.664999999999999858e+01 -2.835072357999999767e-04
3.667499999999999716e+01 -2.808627639000000004e-04
3.670000000000000284e+01 -2.809046912999999977e-04
3.672500000000000142e+01 -2.800877314000000166e-04
3.675000000000000000e+01 -2.786722803999999764e-04
3.677499999999999858e+01 -2.779678731999999947e-04
3.679999999999999716e+01 -2.761214334000000191e-04
3.682500000000000284e+01 -2.750629679999999980e-04
3.685000000000000142e+01 -2.750883931000000266e-04
3.687500000000000000e+01 -2.744824580000000051e-04
3.689999999999999858e+01 -2.723701910999999968e-04
3.692499999999999716e+01 -2.715786629999999741e-04
3.695000000000000284e+01 -2.701379733999999732e-04
3.697500000000000142e+01 -2.693219619000000189e-04
3.700000000000000000e+01 -2.674178124000000192e-04
3.702499999999999858e+01 -2.677908447000000060e-04
3.704999999999999716e+01 -2.658413225999999951e-04
3.707500000000000284e+01 -2.651438234000000034e-04
3.710000000000000142e+01 -2.638739009000000261e-04
3.712500000000000000e+01 -2.628301577999999847e-04
3.714999999999999858e+01 -2.624720649999999879e-04
3.717499999999999716e+01 -2.615564692000000072e-04
3.720000000000000284e+01 -2.600945559000000166e-04
3.722500000000000142e+01 -2.587357089000000168e-04
3.725000000000000000e+01 -2.572279854999999743e-04
3.727499999999999858e+01 -2.566096124999999741e-04
3.729999999999999716e+01 -2.562571125000000075e-04
3.732500000000000284e+01 -2.543810904000000156e-04
3.735000000000000142e+01 -2.540798510000000059e-04
3.737500000000000000e+01 -2.532979901000000176e-04
3.739999999999999858e+01 -2.519180214999999778e-04
3.742499999999999716e+01 -2.516485365999999893e-04
3.745000000000000284e+01 -2.495772052000000169e-04
3.747500000000000142e+01 -2.487391430999999942e-04
3.750000000000000000e+01 -2.472528583000000260e-04
3.752499999999999858e+01 -2.474442944000000222e-04
3.754999999999999716e+01 -2.461226747000000111e-04
3.757500000000000284e+01 -2.448950261999999797e-04
3.760000000000000142e+01 -2.449059031000000160e-04
3.762500000000000000e+01 -2.435981101000000070e-04
3.764999999999999858e+01 -2.415468031000000027e-04
3.767499999999999716e+01 -2.407933246000000061e-04
3.770000000000000284e+01 -2.405471131999999915e-04
3.772500000000000142e+01 -2.393053402999999982e-04
3.775000000000000000e+01 -2.388590097999999885e-04
3.777499999999999858e+01 -2.368844877999999956e-04
3.779999999999999716e+01 -2.369500318999999888e-04
3.782500000000000284e+01 -2.357804460000000025e-04
3.785000000000000142e+01 -2.350918587999999891e-04
3.787500000000000000e+01 -2.344371549999999958e-04
3.789999999999999858e+01 -2.325385333999999929e-04
3.792499999999999716e+01 -2.316941901999999907e-04
3.795000000000000284e+01 -2.310617377000000064e-04
3.797500000000000142e+01 -2.295570171999999941e-04
3.800000000000000000e+01 -2.292577111000000006e-04
3.802499999999999858e+01 -2.283507500000000058e-04
3.804999999999999716e+01 -2.285206549999999992e-04
3.807500000000000284e+01 -2.269016777999999929e-04
3.810000000000000142e+01 -2.252373271000000115e-04
3.812500000000000000e+01 -2.243630533000000131e-04
3.814999999999999858e+01 -2.242618847000000127e-04
3.817499999999999716e+01 -2.227982908000000100e-04
3.820000000000000284e+01 -2.221701548999999946e-04
3.822500000000000142e+01 -2.203645186999999910e-04
3.825000000000000000e+01 -2.206901161000000052e-04
3.827499999999999858e+01 -2.195128955999999995e-04
3.829999999999999716e+01 -2.183395948000000091e-04
3.832500000000000284e+01 -2.183910943999999867e-04
3.835000000000000142e+01 -2.180244491000000117e-04
3.837500000000000000e+01 -2.167355524000000007e-04
3.839999999999999858e+01 -2.165043925999999945e-04
3.842499999999999716e+01 -2.146560228000000058e-04
3.845000000000000284e+01 -2.128220658999999918e-04
3.847500000000000142e+01 -2.132658769999999909e-04
3.850000000000000000e+01 -2.118703735999999925e-04
3.852499999999999858e+01 -2.113405369000000101e-04
3.854999999999999716e+01 -2.098922029000000128e-04
3.857500000000000284e+01 -2.100760560000000058e-04
3.860000000000000142e+01 -2.097205839999999885e-04
3.862500000000000000e+01 -2.081016106999999883e-04
3.864999999999999858e+01 -2.074228289000000101e-04
3.867499999999999716e+01 -2.058581926000000015e-04
3.870000000000000284e+01 -2.061743700000000072e-04
3.872500000000000142e+01 -2.043640444999999953e-04
3.875000000000000000e+01 -2.039502194999999875e-04
3.877499999999999858e+01 -2.033996366000000047e-04
3.879999999999999716e+01 -2.025807289999999891e-04
3.882500000000000284e+01 -2.019072612000000005e-04
3.885000000000000142e+01 -2.011243821000000041e-04
3.887500000000000000e+01 -1.998708104000000046e-04
3.889999999999999858e+01 -1.998674848000000061e-04
3.892499999999999716e+01 -1.990212017000000087e-04
3.895000000000000284e+01 -1.982367166000000057e-04
3.897500000000000142e+01 -1.968950805999999997e-04
3.900000000000000000e+01 -1.962185263000000113e-04
3.902499999999999858e+01 -1.955886481000000026e-04
3.904999999999999716e+01 -1.948472076999999939e-04
3.907500000000000284e+01 -1.940879288000000051e-04
3.910000000000000142e+01 -1.936979675000000090e-04
3.912500000000000000e+01 -1.924009462000000122e-04
3.914999999999999858e+01 -1.926502416000000094e-04
3.917499999999999716e+01 -1.914411671000000007e-04
3.920000000000000284e+01 -1.903174897999999979e-04
3.922500000000000142e+01 -1.893578688000000106e-04
3.925000000000000000e+01 -1.892603195000000114e-04
3.927499999999999858e+01 -1.886075282999999977e-04
3.929999999999999716e+01 -1.879878289999999954e-04
3.932500000000000284e+01 -1.865896210999999888e-04
3.935000000000000142e+01 -1.863391748999999929e-04
3.937500000000000000e+01 -1.854449966000000028e-04
3.939999999999999858e+01 -1.850036988000000062e-04
3.942499999999999716e+01 -1.846915086999999949e-04
3.945000000000000284e+01 -1.832061325000000065e-04
3.947500000000000142e+01 -1.830229793000000033e-04
3.950000000000000000e+01 -1.815820955999999865e-04
3.952499999999999858e+01 -1.813722107999999982e-04
3.954999999999999716e+01 -1.804160492000000059e-04
3.957500000000000284e+01 -1.803031076999999987e-04
3.960000000000000142e+01 -1.793337354999999874e-04
3.962500000000000000e+01 -1.789676100000000116e-04
3.964999999999999858e+01 -1.776971755999999980e-04
3.967499999999999716e+01 -1.776724527999999984e-04
3.970000000000000284e+01 -1.766662789000000107e-04
3.972500000000000142e+01 -1.760273042000000019e-04
3.975000000000000000e+01 -1.752843440000000053e-04
3.977499999999999858e+01 -1.744070425000000053e-04
3.979999999999999716e+01 -1.735743416999999892e-04
3.982500000000000284e+01 -1.738884833999999868e-04
3.985000000000000142e+01 -1.729397743000000043e-04
3.987500000000000000e+01 -1.718421144999999887e-04
3.989999999999999858e+01 -1.710949099999999946e-04
3.992499999999999716e+01 -1.705988575999999892e-04
3.995000000000000284e+01 -1.704716987000000122e-04
3.997500000000000142e+01 -1.696941419999999936e-04
4.000000000000000000e+01 -1.682555989000000080e-04
4.002499999999999858e+01 -1.679824748999999998e-04
4.004999999999999716e+01 -1.676641775000000084e-04
4.007500000000000284e+01 -1.671185290999999866e-04
4.010000000000000142e+01 -1.662616031999999988e-04
4.012500000000000000e+01 -1.652540322000000045e-04
4.014999999999999858e+01 -1.650040725999999942e-04
4.017499999999999716e+01 -1.645322302999999934e-04
4.020000000000000284e+01 -1.636072659000000103e-04
4.022500000000000142e+01 -1.637638733000000069e-04
4.025000000000000000e+01 -1.631241198000000039e-04
4.027499999999999858e+01 -1.627664774999999960e-04
4.029999999999999716e+01 -1.609615281000000020e-04
4.032500000000000284e+01 -1.605653231000000070e-04
4.035000000000000142e+01 -1.601254348999999941e-04
4.037500000000000000e+01 -1.598126855000000059e-04
4.039999999999999858e+01 -1.589794114999999925e-04
4.042499999999999716e+01 -1.583649837999999920e-04
4.045000000000000284e+01 -1.578576629999999968e-04
4.047500000000000142e+01 -1.573116855000000107e-04
4.050000000000000000e+01 -1.570040277000000117e-04
4.052499999999999858e+01 -1.559355102000000088e-04
4.054999999999999716e+01 -1.557125282000000035e-04
4.057500000000000284e+01 -1.551539298000000110e-04
4.060000000000000142e+01 -1.548006417999999947e-04
4.062500000000000000e+01 -1.534923142000000024e-04
4.064999999999999858e+01 -1.528595588999999920e-04
4.067499999999999716e+01 -1.527278161999999918e-04
4.070000000000000284e+01 -1.519994599999999977e-04
4.072500000000000142e+01 -1.520643875999999877e-04
4.075000000000000000e+01 -1.513639618000000024e-04
4.077499999999999858e+01 -1.505797952000000007e-04
4.079999999999999716e+01 -1.498798493999999948e-04
4.082500000000000284e+01 -1.493109731999999899e-04
4.085000000000000142e+01 -1.488905526999999903e-04
4.087500000000000000e+01 -1.483584999999999993e-04
4.089999999999999858e+01 -1.481983928000000117e-04
4.092499999999999716e+01 -1.478593933000000118e-04
4.095000000000000284e+01 -1.468138875000000098e-04
4.097500000000000142e+01 -1.461750652999999880e-04
4.100000000000000000e+01 -1.455306637000000126e-04
4.102499999999999858e+01 -1.452864239999999908e-04
4.104999999999999716e+01 -1.448963470999999905e-04
4.107500000000000284e+01 -1.444470807000000081e-04
4.110000000000000142e+01 -1.436895586999999868e-04
4.112500000000000000e+01 -1.432542655999999954e-04
4.114999999999999858e+01 -1.426694418000000117e-04
4.117499999999999716e+01 -1.421533271000000054e-04
4.120000000000000284e+01 -1.416961811000000068e-04
4.122500000000000142e+01 -1.409945708000000112e-04
4.125000000000000000e+01 -1.407021183999999914e-04
4.127499999999999858e+01 -1.404559746999999882e-04
4.129999999999999716e+01 -1.393428474000000053e-04
4.132500000000000284e+01 -1.386989889000000064e-04
4.135000000000000142e+01 -1.387832406000000089e-04
4.137500000000000000e+01 -1.383546354999999920e-04
4.139999999999999858e+01 -1.375045030999999909e-04
4.142499999999999716e+01 -1.374165365000000114e-04
4.145000000000000284e+01 -1.367132408000000065e-04
4.147500000000000142e+01 -1.359385540000000074e-04
4.150000000000000000e+01 -1.352079010999999911e-04
4.152499999999999858e+01 -1.354814933000000096e-04
4.154999999999999716e+01 -1.351326060999999889e-04
4.157500000000000284e+01 -1.341240438999999872e-04
4.160000000000000142e+01 -1.334367312000000040e-04
4.162500000000000000e+01 -1.335527102999999949e-04
4.164999999999999858e+01 -1.332052144999999928e-04
4.167499999999999716e+01 -1.324661195999999902e-04
4.170000000000000284e+01 -1.321334269000000135e-04
4.172500000000000142e+01 -1.311916724000000028e-04
4.175000000000000000e+01 -1.310905882999999900e-04
4.177499999999999858e+01 -1.306731488000000051e-04
4.179999999999999716e+01 -1.301088075000000075e-04
4.182500000000000284e+01 -1.294427843000000113e-04
4.185000000000000142e+01 -1.288527116000000002e-04
4.187500000000000000e+01 -1.287849437999999912e-04
4.189999999999999858e+01 -1.282058790000000078e-04
4.192499999999999716e+01 -1.277909251999999947e-04
4.195000000000000284e+01 -1.273447198000000056e-04
4.197500000000000142e+01 -1.267600239999999983e-04
4.200000000000000000e+01 -1.262051551999999891e-04
4.202499999999999858e+01 -1.261732676000000065e-04
4.204999999999999716e+01 -1.261228597999999922e-04
4.207500000000000284e+01 -1.250685974000000089e-04
4.210000000000000142e+01 -1.248657613000000012e-04
4.212500000000000000e+01 -1.244455157000000020e-04
4.214999999999999858e+01 -1.241651015000000023e-04
4.217499999999999716e+01 -1.238729455999999904e-04
4.220000000000000284e+01 -1.231519983000000122e-04
4.222500000000000142e+01 -1.224443567000000038e-04
4.225000000000000000e+01 -1.222781460999999880e-04
4.227499999999999858e+01 -1.219984366999999937e-04
4.229999999999999716e+01 -1.215899390999999977e-04
4.232500000000000284e+01 -1.209444319000000029e-04
4.235000000000000142e+01 -1.206763105000000007e-04
4.237500000000000000e+01 -1.206001652000000053e-04
4.239999999999999858e+01 -1.199139239000000047e-04
4.242499999999999716e+01 -1.189462196000000047e-04
4.245000000000000284e+01 -1.189224280999999999e-04
4.247500000000000142e+01 -1.188096043999999990e-04
4.250000000000000000e+01 -1.182474792000000015e-04
4.252499999999999858e+01 -1.174455402000000050e-04
4.254999999999999716e+01 -1.173650527999999936e-04
4.257500000000000284e+01 -1.167433570000000001e-04
4.260000000000000142e+01 -1.163879361000000009e-04
4.262500000000000000e+01 -1.167022957999999948e-04
4.264999999999999858e+01 -1.157065008000000004e-04
4.267499999999999716e+01 -1.153571938000000010e-04
4.270000000000000284e+01 -1.153732906999999959e-04
4.272500000000000142e+01 -1.145596997000000055e-04
4.275000000000000000e+01 -1.142848887000000026e-04
4.277499999999999858e+01 -1.141140619999999950e-04
4.279999999999999716e+01 -1.134787806000000035e-04
4.282500000000000284e+01 -1.133808145000000001e-04
4.285000000000000142e+01 -1.126079989999999938e-04
4.287500000000000000e+01 -1.123760660999999949e-04
4.289999999999999858e+01 -1.120205822000000035e-04
4.292499999999999716e+01 -1.116893907000000022e-04
4.295000000000000284e+01 -1.111955446999999977e-04
4.297500000000000142e+01 -1.113193033999999978e-04
4.300000000000000000e+01 -1.107099220999999936e-04
4.302499999999999858e+01 -1.102497421999999939e-04
4.304999999999999716e+01 -1.098897916000000046e-04
4.307500000000000284e+01 -1.090538596000000004e-04
4.310000000000000142e+01 -1.095722305000000011e-04
4.312500000000000000e+01 -1.085881264000000023e-04
4.314999999999999858e+01 -1.084524933999999994e-04
4.317499999999999716e+01 -1.078134680000000063e-04
4.320000000000000284e+01 -1.077176093000000064e-04
4.322500000000000142e+01 -1.070313953999999993e-04
4.325000000000000000e+01 -1.069870849999999965e-04
4.327499999999999858e+01 -1.069549070000000006e-04
4.329999999999999716e+01 -1.063032802000000044e-04
4.332500000000000284e+01 -1.058223430999999940e-04
4.335000000000000142e+01 -1.053683383999999958e-04
4.337500000000000000e+01 -1.054067444999999933e-04
4.339999999999999858e+01 -1.049298889000000048e-04
4.342499999999999716e+01 -1.045447132000000009e-04
4.345000000000000284e+01 -1.043249061999999941e-04
4.347500000000000142e+01 -1.037530884000000014e-04
4.350000000000000000e+01 -1.036993577999999937e-04
4.352499999999999858e+01 -1.031438174000000064e-04
4.354999999999999716e+01 -1.031905195999999956e-04
4.357500000000000284e+01 -1.026677286999999974e-04
4.360000000000000142e+01 -1.023470206999999970e-04
4.362500000000000000e+01 -1.023557425000000062e-04
4.364999999999999858e+01 -1.016302389000000033e-04
4.367499999999999716e+01 -1.014921704000000015e-04
4.370000000000000284e+01 -1.008054963000000064e-04
4.372500000000000142e+01 -1.009919662999999998e-04
4.375000000000000000e+01 -1.003921472000000024e-04
4.377499999999999858e+01 -1.002038467999999963e-04
4.379999999999999716e+01 -9.982045994000000248e-05
4.382500000000000284e+01 -9.993378543000000351e-05
4.385000000000000142e+01 -9.938076750999999987e-05
4.387500000000000000e+01 -9.896499558000000163e-05
4.389999999999999858e+01 -9.880511489000000673e-05
4.392499999999999716e+01 -9.837123567999999491e-05
4.395000000000000284e+01 -9.825350950000000651e-05
4.397500000000000142e+01 -9.767000612999999576e-05
4.400000000000000000e+01 -9.763223374000000096e-05
4.402499999999999858e+01 -9.745881210000000049e-05
4.404999999999999716e+01 -9.701811552999999380e-05
4.407500000000000284e+01 -9.690933293999999521e-05
4.410000000000000142e+01 -9.651666908999999392e-05
4.412500000000000000e+01 -9.606252086999999347e-05
4.414999999999999858e+01 -9.563360175999999484e-05
4.417499999999999716e+01 -9.546610933999999599e-05
4.420000000000000284e+01 -9.513003380999999852e-05
4.422500000000000142e+01 -9.505634258000000489e-05
4.425000000000000000e+01 -9.493929144000000202e-05
4.427499999999999858e+01 -9.431068427000000650e-05
4.429999999999999716e+01 -9.395539220000000645e-05
4.432500000000000284e+01 -9.380566126000000431e-05
4.435000000000000142e+01 -9.335916069000000088e-05
4.437500000000000000e+01 -9.352345509999999507e-05
4.439999999999999858e+01 -9.315687889000000364e-05
4.442499999999999716e+01 -9.292157837000000504e-05
4.445000000000000284e+01 -9.252456150000000316e-05
4.447500000000000142e+01 -9.230992145000000164e-05
4.450000000000000000e+01 -9.175607604000000092e-05
4.452499999999999858e+01 -9.146711304999999509e-05
4.454999999999999716e+01 -9.121871363000000267e-05
4.457500000000000284e+01 -9.116896415999999948e-05
4.460000000000000142e+01 -9.077819508999999910e-05
4.462500000000000000e+01 -9.085032585999999332e-05
4.464999999999999858e+01 -9.044528597999999483e-05
4.467499999999999716e+01 -9.031556634999999731e-05
4.470000000000000284e+01 -8.965349105999999909e-05
4.472500000000000142e+01 -8.956685341999999538e-05
4.475000000000000000e+01 -8.931713458000000209e-05
4.477499999999999858e+01 -8.896291165999999355e-05
4.479999999999999716e+01 -8.882829143000000260e-05
4.482500000000000284e+01 -8.883258918000000069e-05
4.485000000000000142e+01 -8.843579584999999952e-05
4.487500000000000000e+01 -8.816071957000000327e-05
4.489999999999999858e+01 -8.789163087000000096e-05
4.492499999999999716e+01 -8.770229865000000221e-05
4.495000000000000284e+01 -8.779559058000000621e-05
4.497500000000000142e+01 -8.738701348000000267e-05
4.500000000000000000e+01 -8.721727151999999420e-05
4.502499999999999858e+01 -8.662371972000000163e-05
4.504999999999999716e+01 -8.674262874999999885e-05
4.507500000000000284e+01 -8.658239308000000587e-05
4.510000000000000142e+01 -8.613895049000000123e-05
4.512500000000000000e+01 -8.578132464000000617e-05
4.514999999999999858e+01 -8.566559857000000328e-05
4.517499999999999716e+01 -8.549197032000000656e-05
4.520000000000000284e+01 -8.519486912999999601e-05
4.522500000000000142e+01 -8.502447939000000476e-05
4.525000000000000000e+01 -8.462731387000000597e-05
4.527499999999999858e+01 -8.466490660000000254e-05
4.529999999999999716e+01 -8.446272853000000443e-05
4.532500000000000284e+01 -8.380406228000000411e-05
4.535000000000000142e+01 -8.373148131999999869e-05
4.537500000000000000e+01 -8.365530859000000019e-05
4.539999999999999858e+01 -8.351658524999999722e-05
4.542499999999999716e+01 -8.314114519000000581e-05
4.545000000000000284e+01 -8.290981126000000257e-05
4.547500000000000142e+01 -8.293822689000000402e-05
4.550000000000000000e+01 -8.263801220000000674e-05
4.552499999999999858e+01 -8.233729005000000375e-05
4.554999999999999716e+01 -8.231273185000000233e-05
4.557500000000000284e+01 -8.226095005000000305e-05
4.560000000000000142e+01 -8.194472035000000031e-05
4.562500000000000000e+01 -8.170588086000000365e-05
4.564999999999999858e+01 -8.135207831999999751e-05
4.567499999999999716e+01 -8.121777908999999783e-05
4.570000000000000284e+01 -8.099942962999999408e-05
4.572500000000000142e+01 -8.086474980000000546e-05
4.575000000000000000e+01 -8.074617880999999866e-05
4.577499999999999858e+01 -8.071595114000000126e-05
4.579999999999999716e+01 -8.014540022000000302e-05
4.582500000000000284e+01 -8.008349420000000004e-05
4.585000000000000142e+01 -7.968619240999999715e-05
4.587500000000000000e+01 -7.968905544999999480e-05
4.589999999999999858e+01 -7.958135891999999930e-05
4.592499999999999716e+01 -7.910860739999999564e-05
4.595000000000000284e+01 -7.883151429999999879e-05
4.597500000000000142e+01 -7.890998055000000085e-05
4.600000000000000000e+01 -7.865072822999999826e-05
4.602499999999999858e+01 -7.880513424000000434e-05
4.604999999999999716e+01 -7.848501161999999756e-05
4.607500000000000284e+01 -7.826689797999999585e-05
4.610000000000000142e+01 -7.807735012000000007e-05
4.612500000000000000e+01 -7.789269775999999913e-05
4.614999999999999858e+01 -7.778220248000000604e-05
4.617499999999999716e+01 -7.752769760000000120e-05
4.620000000000000284e+01 -7.734292414000000439e-05
4.622500000000000142e+01 -7.735576636000000307e-05
4.625000000000000000e+01 -7.691297767999999901e-05
4.627499999999999858e+01 -7.701183431999999421e-05
4.629999999999999716e+01 -7.666243277000000405e-05
4.632500000000000284e+01 -7.670661307999999587e-05
4.635000000000000142e+01 -7.647828568999999964e-05
4.637500000000000000e+01 -7.648284892000000107e-05
4.639999999999999858e+01 -7.596850716999999564e-05
4.642499999999999716e+01 -7.617038399000000486e-05
4.645000000000000284e+01 -7.585159713999999325e-05
4.647500000000000142e+01 -7.567786839999999474e-05
4.650000000000000000e+01 -7.541908307000000670e-05
4.652499999999999858e+01 -7.540949022999999553e-05
4.654999999999999716e+01 -7.514528173000000583e-05
4.657500000000000284e+01 -7.543181232000000576e-05
4.660000000000000142e+01 -7.469510129999999324e-05
4.662500000000000000e+01 -7.482994913000000174e-05
4.664999999999999858e+01 -7.471483467000000311e-05
4.667499999999999716e+01 -7.436901316000000520e-05
4.670000000000000284e+01 -7.446951650000000432e-05
4.672500000000000142e+01 -7.421350596000000064e-05
4.675000000000000000e+01 -7.411496028999999995e-05
4.677499999999999858e+01 -7.388088552999999916e-05
4.679999999999999716e+01 -7.348669730000000229e-05
4.682500000000000284e+01 -7.345976991000000044e-05
4.685000000000000142e+01 -7.334101068999999333e-05
4.687500000000000000e+01 -7.330682193999999536e-05
4.689999999999999858e+01 -7.305802717999999483e-05
4.692499999999999716e+01 -7.291106804000000580e-05
4.695000000000000284e+01 -7.285396423999999471e-05
4.697500000000000142e+01 -7.250633572000000405e-05
4.700000000000000000e+01 -7.283813502999999493e-05
4.702499999999999858e+01 -7.255591561999999797e-05
4.704999999999999716e+01 -7.235032738000000485e-05
4.707500000000000284e+01 -7.230946147000000474e-05
4.710000000000000142e+01 -7.202032170999999401e-05
4.712500000000000000e+01 -7.213188718000000102e-05
4.714999999999999858e+01 -7.189557152000000163e-05
4.717499999999999716e+01 -7.163090705000000051e-05
4.720000000000000284e+01 -7.142598832000000527e-05
4.722500000000000142e+01 -7.130984061000000178e-05
4.725000000000000000e+01 -7.121900796999999599e-05
4.727499999999999858e+01 -7.120078724999999442e-05
4.729999999999999716e+01 -7.113690926999999644e-05
4.732500000000000284e+01 -7.110218495000000154e-05
4.735000000000000142e+01 -7.090387132999999547e-05
4.737500000000000000e+01 -7.076433158999999393e-05
4.739999999999999858e+01 -7.049183428999999956e-05
4.742499999999999716e+01 -7.034209160000000371e-05
4.745000000000000284e+01 -7.035017225000000528e-05
4.747500000000000142e+01 -7.035181648000000173e-05
4.750000000000000000e+01 -7.034701910999999587e-05
4.752499999999999858e+01 -6.994653425999999364e-05
4.754999999999999716e+01 -6.977833362000000197e-05
4.757500000000000284e+01 -6.972290040999999910e-05
4.760000000000000142e+01 -6.995875610000000305e-05
4.762500000000000000e+01 -6.969198995999999614e-05
4.764999999999999858e+01 -6.960039399000000578e-05
4.767499999999999716e+01 -6.941859218000000144e-05
4.770000000000000284e+01 -6.943500686999999985e-05
4.772500000000000142e+01 -6.913834230000000486e-05
4.775000000000000000e+01 -6.922322808999999653e-05
4.777499999999999858e+01 -6.914376838999999593e-05
4.779999999999999716e+01 -6.898656503999999801e-05
4.782500000000000284e+01 -6.921809013999999740e-05
4.785000000000000142e+01 -6.877369973000000325e-05
4.787500000000000000e+01 -6.869942498000000371e-05
4.789999999999999858e+01 -6.880974352000000154e-05
4.792499999999999716e+01 -6.842410550999999583e-05
4.795000000000000284e+01 -6.840510905999999691e-05
4.797500000000000142e+01 -6.839166294000000436e-05
4.800000000000000000e+01 -6.841732502000000108e-05
4.802499999999999858e+01 -6.811675328999999444e-05
4.804999999999999716e+01 -6.796793624000000463e-05
4.807500000000000284e+01 -6.800313449999999716e-05
4.810000000000000142e+01 -6.787169724999999340e-05
4.812500000000000000e+01 -6.776409258000000544e-05
4.814999999999999858e+01 -6.792670546000000042e-05
4.817499999999999716e+01 -6.768745670000000632e-05
4.820000000000000284e+01 -6.751823258999999403e-05
4.822500000000000142e+01 -6.747381594999999894e-05
4.825000000000000000e+01 -6.741053460999999348e-05
4.827499999999999858e+01 -6.759857218999999696e-05
4.829999999999999716e+01 -6.752282931999999713e-05
4.832500000000000284e+01 -6.720644213000000352e-05
4.835000000000000142e+01 -6.723282142999999775e-05
4.837500000000000000e+01 -6.707804456000000120e-05
4.839999999999999858e+01 -6.688620845000000086e-05
4.842499999999999716e+01 -6.711208626000000129e-05
4.845000000000000284e+01 -6.702558189000000011e-05
4.847500000000000142e+01 -6.691363363999999498e-05
4.850000000000000000e+01 -6.681580830000000159e-05
4.852499999999999858e+01 -6.689551381000000173e-05
4.854999999999999716e+01 -6.658359150000000410e-05
4.857500000000000284e+01 -6.646495540999999450e-05
4.860000000000000142e+01 -6.650601992000000607e-05
4.862500000000000000e+01 -6.642045138000000491e-05
4.864999999999999858e+01 -6.648735757999999537e-05
4.867499999999999716e+01 -6.604828210000000495e-05
4.870000000000000284e+01 -6.614835182999999330e-05
4.872500000000000142e+01 -6.625536342999999726e-05
4.875000000000000000e+01 -6.637328330000000535e-05
4.877499999999999858e+01 -6.614567583000000668e-05
4.879999999999999716e+01 -6.627857768999999440e-05
4.882500000000000284e+01 -6.619524588999999709e-05
4.885000000000000142e+01 -6.618109790999999499e-05
4.887500000000000000e+01 -6.572429401000000370e-05
4.889999999999999858e+01 -6.589003484999999595e-05
4.892499999999999716e+01 -6.569910005999999474e-05
4.895000000000000284e+01 -6.566495379999999992e-05
4.897500000000000142e+01 -6.568888518000000310e-05
4.900000000000000000e+01 -6.577998522999999530e-05
4.902499999999999858e+01 -6.575686797999999325e-05
4.904999999999999716e+01 -6.558518718999999456e-05
4.907500000000000284e+01 -6.573710485999999383e-05
4.910000000000000142e+01 -6.560688212000000575e-05
4.912500000000000000e+01 -6.565266578000000667e-05
4.914999999999999858e+01 -6.553361820000000470e-05
4.917499999999999716e+01 -6.534722264999999562e-05
4.920000000000000284e+01 -6.526671958999999477e-05
4.922500000000000142e+01 -6.538673821000000569e-05
4.925000000000000000e+01 -6.533414111999999853e-05
4.927499999999999858e+01 -6.511574020999999978e-05
4.929999999999999716e+01 -6.521743103999999406e-05
4.932500000000000284e+01 -6.529572685999999516e-05
4.935000000000000142e+01 -6.532792126000000141e-05
4.937500000000000000e+01 -6.521388463999999426e-05
4.939999999999999858e+01 -6.527172617000000546e-05
4.942499999999999716e+01 -6.521474331999999627e-05
4.945000000000000284e+01 -6.517046317999999785e-05
4.947500000000000142e+01 -6.494033217000000021e-05
4.950000000000000000e+01 -6.516826574000000232e-05
4.952499999999999858e+01 -6.516944241000000439e-05
4.954999999999999716e+01 -6.487323174000000632e-05
4.957500000000000284e+01 -6.513239673000000658e-05
4.960000000000000142e+01 -6.512936069999999869e-05
4.962500000000000000e+01 -6.493342020999999845e-05
4.964999999999999858e+01 -6.484879077999999397e-05
4.967499999999999716e+01 -6.501799160000000500e-05
4.970000000000000284e+01 -6.498089086999999406e-05
4.972500000000000142e+01 -6.498383516999999552e-05
4.975000000000000000e+01 -6.508756865999999774e-05
4.977499999999999858e+01 -6.487834413999999641e-05
4.979999999999999716e+01 -6.494128275999999872e-05
4.982500000000000284e+01 -6.487500258999999664e-05
4.985000000000000142e+01 -6.487797754000000573e-05
4.987500000000000000e+01 -6.485282969999999739e-05
4.989999999999999858e+01 -6.496436485999999757e-05
4.992499999999999716e+01 -6.495077118999999558e-05
4.995000000000000284e+01 -6.488350055999999330e-05
4.997500000000000142e+01 -6.477841597999999370e-05
5.000000000000000000e+01 -6.498873440999999927e-05
5.002499999999999858e+01 -6.482508138000000531e-05
5.004999999999999716e+01 -6.500442346000000562e-05
5.007500000000000284e+01 -6.497848890000000642e-05
5.010000000000000142e+01 -6.470904049000000434e-05
5.012500000000000000e+01 -6.480473923999999556e-05
5.014999999999999858e+01 -6.484809018999999940e-05
5.017499999999999716e+01 -6.483437691000000589e-05
5.020000000000000284e+01 -6.488198242999999984e-05
5.022500000000000142e+01 -6.487187529999999779e-05
5.025000000000000000e+01 -6.496488531000000233e-05
5.027499999999999858e+01 -6.503442309000000675e-05
5.029999999999999716e+01 -6.503870333000000379e-05
5.032500000000000284e+01 -6.470068181999999587e-05
5.035000000000000142e+01 -6.501706525000000125e-05
5.037500000000000000e+01 -6.508615131999999403e-05
5.039999999999999858e+01 -6.501737418999999410e-05
5.042499999999999716e+01 -6.483368730000000160e-05
5.045000000000000284e+01 -6.504592013999999903e-05
5.047500000000000142e+01 -6.529536856000000113e-05
5.050000000000000000e+01 -6.513314884000000508e-05
5.052499999999999858e+01 -6.512695892000000433e-05
5.054999999999999716e+01 -6.553789959000000528e-05
5.057500000000000284e+01 -6.522499239999999762e-05
5.060000000000000142e+01 -6.538744303999999361e-05
5.062500000000000000e+01 -6.525573523999999757e-05
5.064999999999999858e+01 -6.511923744999999490e-05
5.067499999999999716e+01 -6.517100590000000145e-05
5.070000000000000284e+01 -6.508636350000000434e-05
5.072500000000000142e+01 -6.559310532000000205e-05
5.075000000000000000e+01 -6.533235875999999674e-05
5.077499999999999858e+01 -6.532577132000000580e-05
5.079999999999999716e+01 -6.560440758000000072e-05
5.082500000000000284e+01 -6.530633212000000064e-05
5.085000000000000142e+01 -6.526774812000000114e-05
5.087500000000000000e+01 -6.539373975000000079e-05
5.089999999999999858e+01 -6.556747651000000086e-05
5.092499999999999716e+01 -6.563565041999999499e-05
5.095000000000000284e+01 -6.589736295999999640e-05
5.097500000000000142e+01 -6.537255606000000351e-05
5.100000000000000000e+01 -6.571218383000000673e-05
5.102499999999999858e+01 -6.590985474999999508e-05
5.104999999999999716e+01 -6.603852098000000592e-05
5.107500000000000284e+01 -6.599497709000000649e-05
5.110000000000000142e+01 -6.605529458000000459e-05
5.112500000000000000e+01 -6.588992672999999592e-05
5.114999999999999858e+01 -6.580021436999999580e-05
5.117499999999999716e+01 -6.623920841999999555e-05
5.120000000000000284e+01 -6.599599219999999764e-05
5.122500000000000142e+01 -6.618704208000000192e-05
5.125000000000000000e+01 -6.606628895999999858e-05
5.127499999999999858e+01 -6.602653388000000395e-05
5.129999999999999716e+01 -6.640440476999999832e-05
5.132500000000000284e+01 -6.641953908000000194e-05
5.135000000000000142e+01 -6.627490401000000553e-05
5.137500000000000000e+01 -6.658768476999999905e-05
5.139999999999999858e+01 -6.650251241999999448e-05
5.142499999999999716e+01 -6.647792848999999396e-05
5.145000000000000284e+01 -6.661968630999999476e-05
5.147500000000000142e+01 -6.672600533000000249e-05
5.150000000000000000e+01 -6.666239482999999986e-05
5.152499999999999858e+01 -6.682549786999999921e-05
5.154999999999999716e+01 -6.682119085000000455e-05
5.157500000000000284e+01 -6.696292771999999690e-05
5.160000000000000142e+01 -6.704772683999999500e-05
5.162500000000000000e+01 -6.704204304000000315e-05
5.164999999999999858e+01 -6.745804970999999528e-05
5.167499999999999716e+01 -6.723967591000000531e-05
5.170000000000000284e+01 -6.726803645999999753e-05
5.172500000000000142e+01 -6.731280057000000390e-05
5.175000000000000000e+01 -6.762549037999999763e-05
5.177499999999999858e+01 -6.758774610999999726e-05
5.179999999999999716e+01 -6.743971778000000387e-05
5.182500000000000284e+01 -6.775591542999999644e-05
5.185000000000000142e+01 -6.791015705999999365e-05
5.187500000000000000e+01 -6.792705182999999713e-05
5.189999999999999858e+01 -6.804890028000000013e-05
5.192499999999999716e+01 -6.811339089000000480e-05
5.195000000000000284e+01 -6.807288968999999803e-05
5.197500000000000142e+01 -6.820426645000000280e-05
5.200000000000000000e+01 -6.825603182999999885e-05
5.202499999999999858e+01 -6.837170026999999999e-05
5.204999999999999716e+01 -6.832052009999999714e-05
5.207500000000000284e+01 -6.844365166000000462e-05
5.210000000000000142e+01 -6.851104463999999777e-05
5.212500000000000000e+01 -6.878461149999999340e-05
5.214999999999999858e+01 -6.858137901000000618e-05
5.217499999999999716e+01 -6.902288976000000296e-05
5.220000000000000284e+01 -6.925328322000000628e-05
5.222500000000000142e+01 -6.891465591999999362e-05
5.225000000000000000e+01 -6.886921978000000650e-05
5.227499999999999858e+01 -6.923963835999999796e-05
5.229999999999999716e+01 -6.911661150000000310e-05
5.232500000000000284e+01 -6.936020623999999935e-05
5.235000000000000142e+01 -6.936199058000000028e-05
5.237500000000000000e+01 -6.956888001999999552e-05
5.239999999999999858e+01 -6.953585290000000604e-05
5.242499999999999716e+01 -6.958913841000000111e-05
5.245000000000000284e+01 -7.001726320000000673e-05
5.247500000000000142e+01 -7.009127647000000050e-05
5.250000000000000000e+01 -7.011887069999999625e-05
5.252499999999999858e+01 -7.020880295000000353e-05
5.254999999999999716e+01 -7.053543308000000459e-05
5.257500000000000284e+01 -7.039503623999999364e-05
5.260000000000000142e+01 -7.056696960999999844e-05
5.262500000000000000e+01 -7.067369158999999576e-05
5.264999999999999858e+01 -7.080652218000000426e-05
5.267499999999999716e+01 -7.113741050999999611e-05
5.270000000000000284e+01 -7.139888352999999941e-05
5.272500000000000142e+01 -7.120991724999999615e-05
5.275000000000000000e+01 -7.132349684999999336e-05
5.277499999999999858e+01 -7.169532591999999694e-05
5.279999999999999716e+01 -7.142840281000000359e-05
5.282500000000000284e+01 -7.175956519000000085e-05
5.285000000000000142e+01 -7.151210854000000186e-05
5.287500000000000000e+01 -7.211190780999999833e-05
5.289999999999999858e+01 -7.218098100000000029e-05
5.292499999999999716e+01 -7.231508473999999831e-05
5.295000000000000284e+01 -7.222275492999999716e-05
5.297500000000000142e+01 -7.236145275000000073e-05
5.300000000000000000e+01 -7.255141143999999369e-05
5.302499999999999858e+01 -7.280586348999999388e-05
5.304999999999999716e+01 -7.274100648999999824e-05
5.307500000000000284e+01 -7.309902384000000104e-05
5.310000000000000142e+01 -7.306325620999999486e-05
5.312500000000000000e+01 -7.310223936999999642e-05
5.314999999999999858e+01 -7.313104370000000052e-05
5.317499999999999716e+01 -7.338453811000000056e-05
5.320000000000000284e+01 -7.361254468999999879e-05
5.322500000000000142e+01 -7.399628847000000410e-05
5.325000000000000000e+01 -7.403526814999999896e-05
5.327499999999999858e+01 -7.394781806999999496e-05
5.329999999999999716e+01 -7.445259234000000499e-05
5.332500000000000284e+01 -7.402021040999999676e-05
5.335000000000000142e+01 -7.460033266999999721e-05
5.337500000000000000e+01 -7.476483291999999777e-05
5.339999999999999858e+01 -7.515742042000000055e-05
5.342499999999999716e+01 -7.506281983999999981e-05
5.345000000000000284e+01 -7.507300073999999821e-05
5.347500000000000142e+01 -7.501995752999999990e-05
5.350000000000000000e+01 -7.550951016000000398e-05
5.352499999999999858e+01 -7.565769613999999898e-05
5.354999999999999716e+01 -7.589143534000000648e-05
5.357500000000000284e+01 -7.599670168000000135e-05
5.360000000000000142e+01 -7.599905128999999979e-05
5.362500000000000000e+01 -7.616477356000000282e-05
5.364999999999999858e+01 -7.618585530000000360e-05
5.367499999999999716e+01 -7.659978127999999447e-05
5.370000000000000284e+01 -7.666935522000000130e-05
5.372500000000000142e+01 -7.671785291999999893e-05
5.375000000000000000e+01 -7.692812061999999688e-05
5.377499999999999858e+01 -7.700892380000000305e-05
5.379999999999999716e+01 -7.757504857999999635e-05
5.382500000000000284e+01 -7.778275232000000667e-05
5.385000000000000142e+01 -7.764922785999999410e-05
5.387500000000000000e+01 -7.790390014000000225e-05
5.389999999999999858e+01 -7.828792583999999346e-05
5.392499999999999716e+01 -7.821916904999999575e-05
5.395000000000000284e+01 -7.815091234999999416e-05
5.397500000000000142e+01 -7.900565943000000533e-05
5.400000000000000000e+01 -7.863543875999999338e-05
5.402499999999999858e+01 -7.893195734999999542e-05
5.404999999999999716e+01 -7.909567248000000416e-05
5.407500000000000284e+01 -7.915481943999999408e-05
5.410000000000000142e+01 -7.979920614999999704e-05
5.412500000000000000e+01 -7.992048311999999969e-05
5.414999999999999858e+01 -7.967644493000000270e-05
5.417499999999999716e+01 -8.033355338000000437e-05
5.420000000000000284e+01 -8.037823407000000417e-05
5.422500000000000142e+01 -8.058388016000000195e-05
5.425000000000000000e+01 -8.063225753999999680e-05
5.427499999999999858e+01 -8.091045188999999784e-05
5.429999999999999716e+01 -8.107592340999999992e-05
5.432500000000000284e+01 -8.138545403000000571e-05
5.435000000000000142e+01 -8.133302130000000100e-05
5.437500000000000000e+01 -8.145679785000000295e-05
5.439999999999999858e+01 -8.183162678999999844e-05
5.442499999999999716e+01 -8.230626176999999836e-05
5.445000000000000284e+01 -8.212866051000000374e-05
5.447500000000000142e+01 -8.267569337999999953e-05
5.450000000000000000e+01 -8.264073471000000050e-05
5.452499999999999858e+01 -8.300851082000000310e-05
5.454999999999999716e+01 -8.324616503999999952e-05
5.457500000000000284e+01 -8.330902668999999388e-05
5.460000000000000142e+01 -8.354958492000000422e-05
5.462500000000000000e+01 -8.370085974000000535e-05
5.464999999999999858e+01 -8.385350059999999563e-05
5.467499999999999716e+01 -8.398438811000000378e-05
5.470000000000000284e+01 -8.406864542999999568e-05
5.472500000000000142e+01 -8.437728394000000673e-05
5.475000000000000000e+01 -8.484768107999999739e-05
5.477499999999999858e+01 -8.531349403000000207e-05
5.479999999999999716e+01 -8.507049464999999369e-05
5.482500000000000284e+01 -8.539075207000000666e-05
5.485000000000000142e+01 -8.575404602000000480e-05
5.487500000000000000e+01 -8.585716002000000552e-05
5.489999999999999858e+01 -8.599725852000000023e-05
5.492499999999999716e+01 -8.625967156999999762e-05
5.495000000000000284e+01 -8.638387745999999380e-05
5.497500000000000142e+01 -8.684657262000000232e-05
5.500000000000000000e+01 -8.702729377999999334e-05
5.502499999999999858e+01 -8.732282423999999834e-05
5.504999999999999716e+01 -8.777318744999999508e-05
5.507500000000000284e+01 -8.765013486000000111e-05
5.510000000000000142e+01 -8.802510325999999554e-05
5.512500000000000000e+01 -8.828160338999999665e-05
5.514999999999999858e+01 -8.829159802000000100e-05
5.517499999999999716e+01 -8.893259935999999388e-05
5.520000000000000284e+01 -8.875168715000000461e-05
5.522500000000000142e+01 -8.912547567999999892e-05
5.525000000000000000e+01 -8.955385155000000308e-05
5.527499999999999858e+01 -8.947654231000000250e-05
5.529999999999999716e+01 -9.006557357999999650e-05
5.532500000000000284e+01 -9.004418663999999822e-05
5.535000000000000142e+01 -9.004709372999999874e-05
5.537500000000000000e+01 -9.067257509999999976e-05
5.539999999999999858e+01 -9.097905550999999577e-05
5.542499999999999716e+01 -9.079650171999999403e-05
5.545000000000000284e+01 -9.160869680999999425e-05
5.547500000000000142e+01 -9.197522251999999774e-05
5.550000000000000000e+01 -9.198046835000000111e-05
5.552499999999999858e+01 -9.219723281999999884e-05
5.554999999999999716e+01 -9.256932066999999458e-05
5.557500000000000284e+01 -9.276437151000000434e-05
5.560000000000000142e+01 -9.332276514999999866e-05
5.562500000000000000e+01 -9.327867812999999944e-05
5.564999999999999858e+01 -9.380126446000000627e-05
5.567499999999999716e+01 -9.364358247999999478e-05
5.570000000000000284e+01 -9.391164123999999852e-05
5.572500000000000142e+01 -9.434543158000000115e-05
5.575000000000000000e+01 -9.465914554000000357e-05
5.577499999999999858e+01 -9.482144526999999488e-05
5.579999999999999716e+01 -9.488644717000000242e-05
5.582500000000000284e+01 -9.541211079999999426e-05
5.585000000000000142e+01 -9.566197240000000313e-05
5.587500000000000000e+01 -9.606595705999999943e-05
5.589999999999999858e+01 -9.656455847000000071e-05
5.592499999999999716e+01 -9.654218374999999587e-05
5.595000000000000284e+01 -9.693961293999999926e-05
5.597500000000000142e+01 -9.754465204999999918e-05
5.600000000000000000e+01 -9.775511078000000251e-05
5.602499999999999858e+01 -9.775940915999999971e-05
5.604999999999999716e+01 -9.851190736999999723e-05
5.607500000000000284e+01 -9.834712089999999814e-05
5.610000000000000142e+01 -9.848936683999999844e-05
5.612500000000000000e+01 -9.915205667999999676e-05
5.614999999999999858e+01 -9.951190019000000523e-05
5.617499999999999716e+01 -9.978162161000000388e-05
5.620000000000000284e+01 -9.972109310000000222e-05
5.622500000000000142e+01 -1.001677068999999939e-04
5.625000000000000000e+01 -1.005445087999999940e-04
5.627499999999999858e+01 -1.007457364999999965e-04
5.629999999999999716e+01 -1.009624355999999996e-04
5.632500000000000284e+01 -1.017225288999999949e-04
5.635000000000000142e+01 -1.021650218999999970e-04
5.637500000000000000e+01 -1.023485323999999983e-04
5.639999999999999858e+01 -1.021116141000000032e-04
5.642499999999999716e+01 -1.027583902000000045e-04
5.645000000000000284e+01 -1.034297857999999954e-04
5.647500000000000142e+01 -1.037375204000000019e-04
5.650000000000000000e+01 -1.034994836999999953e-04
5.652499999999999858e+01 -1.042302776999999954e-04
5.654999999999999716e+01 -1.046329369999999935e-04
5.657500000000000284e+01 -1.044776711999999947e-04
5.660000000000000142e+01 -1.049351343999999970e-04
5.662500000000000000e+01 -1.055164436999999971e-04
5.664999999999999858e+01 -1.056258617000000024e-04
5.667499999999999716e+01 -1.061561447000000067e-04
5.670000000000000284e+01 -1.064565744999999933e-04
5.672500000000000142e+01 -1.067727919000000019e-04
5.675000000000000000e+01 -1.071923631999999958e-04
5.677499999999999858e+01 -1.076227475000000021e-04
5.679999999999999716e+01 -1.076916695999999957e-04
5.682500000000000284e+01 -1.080789657999999968e-04
5.685000000000000142e+01 -1.082489893999999961e-04
5.687500000000000000e+01 -1.085720700999999997e-04
5.689999999999999858e+01 -1.093586278999999985e-04
5.692499999999999716e+01 -1.092073418000000056e-04
5.695000000000000284e+01 -1.097368234999999970e-04
5.697500000000000142e+01 -1.101811243000000017e-04
5.700000000000000000e+01 -1.103399461999999995e-04
5.702499999999999858e+01 -1.110517281000000008e-04
5.704999999999999716e+01 -1.115812238999999955e-04
5.707500000000000284e+01 -1.113173052000000025e-04
5.710000000000000142e+01 -1.121085427999999934e-04
5.712500000000000000e+01 -1.124336033000000035e-04
5.714999999999999858e+01 -1.122969262000000066e-04
5.717499999999999716e+01 -1.130185627999999979e-04
5.720000000000000284e+01 -1.138896228000000011e-04
5.722500000000000142e+01 -1.139783922000000009e-04
5.725000000000000000e+01 -1.140389856000000057e-04
5.727499999999999858e+01 -1.145591410000000045e-04
5.729999999999999716e+01 -1.151404214000000036e-04
5.732500000000000284e+01 -1.157532039999999992e-04
5.735000000000000142e+01 -1.157183449000000045e-04
5.737500000000000000e+01 -1.164543338999999954e-04
5.739999999999999858e+01 -1.167083675000000033e-04
5.742499999999999716e+01 -1.171860667000000010e-04
5.745000000000000284e+01 -1.169179006999999953e-04
5.747500000000000142e+01 -1.178052732999999960e-04
5.750000000000000000e+01 -1.185143639000000015e-04
5.752499999999999858e+01 -1.187829233000000018e-04
5.754999999999999716e+01 -1.189437590000000058e-04
5.757500000000000284e+01 -1.194330631999999953e-04
5.760000000000000142e+01 -1.197405077999999951e-04
5.762500000000000000e+01 -1.200502222999999996e-04
5.764999999999999858e+01 -1.203499332000000047e-04
5.767499999999999716e+01 -1.215045629000000027e-04
5.770000000000000284e+01 -1.216621838999999933e-04
5.772500000000000142e+01 -1.212698072000000047e-04
5.775000000000000000e+01 -1.222370194000000005e-04
5.777499999999999858e+01 -1.228992399000000018e-04
5.779999999999999716e+01 -1.227381664000000102e-04
5.782500000000000284e+01 -1.229741865999999970e-04
5.785000000000000142e+01 -1.236365958999999920e-04
5.787500000000000000e+01 -1.244366019999999925e-04
5.789999999999999858e+01 -1.251411114999999882e-04
5.792499999999999716e+01 -1.247631970999999883e-04
5.795000000000000284e+01 -1.256710100000000109e-04
5.797500000000000142e+01 -1.263579016999999958e-04
5.800000000000000000e+01 -1.263060636999999934e-04
5.802499999999999858e+01 -1.272574051999999958e-04
5.804999999999999716e+01 -1.274859401000000064e-04
5.807500000000000284e+01 -1.275688742000000099e-04
5.810000000000000142e+01 -1.281619462000000060e-04
5.812500000000000000e+01 -1.291512433000000036e-04
5.814999999999999858e+01 -1.292695648000000076e-04
5.817499999999999716e+01 -1.298696448000000007e-04
5.820000000000000284e+01 -1.306308165000000048e-04
5.822500000000000142e+01 -1.303177545000000135e-04
5.825000000000000000e+01 -1.310785745000000026e-04
5.827499999999999858e+01 -1.315499490999999911e-04
5.829999999999999716e+01 -1.317915967000000109e-04
5.832500000000000284e+01 -1.330486691999999973e-04
5.835000000000000142e+01 -1.330771978000000119e-04
5.837500000000000000e+01 -1.333984086999999896e-04
5.839999999999999858e+01 -1.343529353000000098e-04
5.842499999999999716e+01 -1.339920797000000046e-04
5.845000000000000284e+01 -1.349040405999999868e-04
5.847500000000000142e+01 -1.351905218000000030e-04
5.850000000000000000e+01 -1.357687746000000055e-04
5.852499999999999858e+01 -1.363561245000000110e-04
5.854999999999999716e+01 -1.364865221999999917e-04
5.857500000000000284e+01 -1.370903812000000093e-04
5.860000000000000142e+01 -1.380811750000000002e-04
5.862500000000000000e+01 -1.381454740000000029e-04
5.864999999999999858e+01 -1.388434984999999990e-04
5.867499999999999716e+01 -1.393701224000000092e-04
5.870000000000000284e+01 -1.399415942000000021e-04
5.872500000000000142e+01 -1.398204849000000082e-04
5.875000000000000000e+01 -1.402143400999999979e-04
5.877499999999999858e+01 -1.412838878999999931e-04
5.879999999999999716e+01 -1.416202823999999937e-04
5.882500000000000284e+01 -1.425269460000000118e-04
5.885000000000000142e+01 -1.428838966000000080e-04
5.887500000000000000e+01 -1.432642859000000067e-04
5.889999999999999858e+01 -1.433774154999999995e-04
5.892499999999999716e+01 -1.438636074999999999e-04
5.895000000000000284e+01 -1.444255630000000005e-04
5.897500000000000142e+01 -1.451898742999999873e-04
5.900000000000000000e+01 -1.460876558999999885e-04
5.902499999999999858e+01 -1.460933941000000015e-04
5.904999999999999716e+01 -1.471613759999999978e-04
5.907500000000000284e+01 -1.471145475000000091e-04
5.910000000000000142e+01 -1.477641397999999897e-04
5.912500000000000000e+01 -1.488724204000000024e-04
5.914999999999999858e+01 -1.493949133999999902e-04
5.917499999999999716e+01 -1.497454133000000016e-04
5.920000000000000284e+01 -1.495456369000000031e-04
5.922500000000000142e+01 -1.507264356000000062e-04
5.925000000000000000e+01 -1.510618963000000085e-04
5.927499999999999858e+01 -1.516572745999999940e-04
5.929999999999999716e+01 -1.527979448999999942e-04
5.932500000000000284e+01 -1.531554634999999977e-04
5.935000000000000142e+01 -1.533219961000000008e-04
5.937500000000000000e+01 -1.540313225999999933e-04
5.939999999999999858e+01 -1.545169935000000104e-04
5.942499999999999716e+01 -1.558007777999999906e-04
5.945000000000000284e+01 -1.554139639999999945e-04
5.947500000000000142e+01 -1.564260139000000029e-04
5.950000000000000000e+01 -1.568167657000000116e-04
5.952499999999999858e+01 -1.568058713999999961e-04
5.954999999999999716e+01 -1.586011008999999928e-04
5.957500000000000284e+01 -1.589125002000000035e-04
5.960000000000000142e+01 -1.587264317000000049e-04
5.962500000000000000e+01 -1.597344624999999941e-04
5.964999999999999858e+01 -1.598871962000000086e-04
5.967499999999999716e+01 -1.610835017000000009e-04
5.970000000000000284e+01 -1.621083532000000093e-04
5.972500000000000142e+01 -1.622998571999999999e-04
5.975000000000000000e+01 -1.628253940999999897e-04
5.977499999999999858e+01 -1.634010850999999937e-04
5.979999999999999716e+01 -1.645764578999999990e-04
5.982500000000000284e+01 -1.647348564000000000e-04
5.985000000000000142e+01 -1.656393895999999980e-04
5.987500000000000000e+01 -1.656365420999999919e-04
5.989999999999999858e+01 -1.664081821000000061e-04
5.992499999999999716e+01 -1.676104520999999908e-04
5.995000000000000284e+01 -1.673763973000000056e-04
5.997500000000000142e+01 -1.681533351000000091e-04
6.000000000000000000e+01 -1.690603686000000073e-04
6.002499999999999858e+01 -1.700245145999999927e-04
6.004999999999999716e+01 -1.705558889999999944e-04
6.007500000000000284e+01 -1.704662365000000077e-04
6.010000000000000142e+01 -1.717059285000000000e-04
6.012500000000000000e+01 -1.719955284000000066e-04
6.014999999999999858e+01 -1.725827262999999961e-04
6.017499999999999716e+01 -1.730594070000000112e-04
6.020000000000000284e+01 -1.738738587000000020e-04
6.022500000000000142e+01 -1.739562488000000109e-04
6.025000000000000000e+01 -1.755214206999999990e-04
6.027499999999999858e+01 -1.763128817000000133e-04
6.029999999999999716e+01 -1.769980014000000043e-04
6.032500000000000284e+01 -1.775821633999999870e-04
6.035000000000000142e+01 -1.778118646999999935e-04
6.037500000000000000e+01 -1.784364818999999906e-04
6.039999999999999858e+01 -1.797178554999999975e-04
6.042499999999999716e+01 -1.802353004000000120e-04
6.045000000000000284e+01 -1.809209027000000046e-04
6.047500000000000142e+01 -1.808674980999999953e-04
6.050000000000000000e+01 -1.827214580999999920e-04
6.052499999999999858e+01 -1.833608029999999960e-04
6.054999999999999716e+01 -1.839806332999999899e-04
6.057500000000000284e+01 -1.843845998000000067e-04
6.060000000000000142e+01 -1.848039418000000061e-04
6.062500000000000000e+01 -1.853296512000000113e-04
6.064999999999999858e+01 -1.856967526999999903e-04
6.067499999999999716e+01 -1.868311042999999932e-04
6.070000000000000284e+01 -1.875837860999999911e-04
6.072500000000000142e+01 -1.882835892999999922e-04
6.075000000000000000e+01 -1.891265671000000076e-04
6.077499999999999858e+01 -1.900998180000000083e-04
6.079999999999999716e+01 -1.906440748000000015e-04
6.082500000000000284e+01 -1.908029586000000040e-04
6.085000000000000142e+01 -1.915283522999999908e-04
6.087500000000000000e+01 -1.925553458000000054e-04
6.089999999999999858e+01 -1.936889108000000017e-04
6.092499999999999716e+01 -1.947409044000000084e-04
6.095000000000000284e+01 -1.951494043999999894e-04
6.097500000000000142e+01 -1.952972963000000086e-04
6.100000000000000000e+01 -1.969248707999999930e-04
6.102499999999999858e+01 -1.972295452999999973e-04
6.104999999999999716e+01 -1.976411741999999929e-04
6.107500000000000284e+01 -1.986262736000000018e-04
6.110000000000000142e+01 -1.991705181000000009e-04
6.112500000000000000e+01 -2.005443844999999913e-04
6.114999999999999858e+01 -2.013552617000000078e-04
6.117499999999999716e+01 -2.018738743000000023e-04
6.120000000000000284e+01 -2.025883616999999944e-04
6.122500000000000142e+01 -2.035737092999999982e-04
6.125000000000000000e+01 -2.050800983999999892e-04
6.127499999999999858e+01 -2.046704008999999957e-04
6.129999999999999716e+01 -2.065739775000000132e-04
6.132500000000000284e+01 -2.067219122000000131e-04
6.135000000000000142e+01 -2.076905274999999915e-04
6.137500000000000000e+01 -2.077247197999999915e-04
6.139999999999999858e+01 -2.084299833000000102e-04
6.142499999999999716e+01 -2.093517988000000044e-04
6.145000000000000284e+01 -2.109828710999999877e-04
6.147500000000000142e+01 -2.109814801999999943e-04
6.150000000000000000e+01 -2.120211460999999993e-04
6.152499999999999858e+01 -2.128786041000000078e-04
6.154999999999999716e+01 -2.136431245000000047e-04
6.157500000000000284e+01 -2.147539322000000081e-04
6.160000000000000142e+01 -2.149100653000000135e-04
6.162500000000000000e+01 -2.165081531999999895e-04
6.164999999999999858e+01 -2.166874868999999946e-04
6.167499999999999716e+01 -2.179541084999999940e-04
6.170000000000000284e+01 -2.180934171000000062e-04
6.172500000000000142e+01 -2.196419810000000035e-04
6.175000000000000000e+01 -2.202221408000000025e-04
6.177499999999999858e+01 -2.215905487000000115e-04
6.179999999999999716e+01 -2.230675539000000012e-04
6.182500000000000284e+01 -2.224780435999999871e-04
6.185000000000000142e+01 -2.235788614999999928e-04
6.187500000000000000e+01 -2.252615166000000117e-04
6.189999999999999858e+01 -2.255557051999999894e-04
6.192499999999999716e+01 -2.269951224999999892e-04
6.195000000000000284e+01 -2.277311232000000119e-04
6.197500000000000142e+01 -2.284199638999999881e-04
6.200000000000000000e+01 -2.287714717000000053e-04
6.202499999999999858e+01 -2.299180224000000033e-04
6.204999999999999716e+01 -2.306858870999999890e-04
6.207500000000000284e+01 -2.314761067000000090e-04
6.210000000000000142e+01 -2.326030670999999902e-04
6.212500000000000000e+01 -2.348177382000000003e-04
6.214999999999999858e+01 -2.345873179999999987e-04
6.217499999999999716e+01 -2.353857741000000127e-04
6.220000000000000284e+01 -2.357862169000000041e-04
6.222500000000000142e+01 -2.377254225000000108e-04
6.225000000000000000e+01 -2.388286375000000118e-04
6.227499999999999858e+01 -2.391710736000000003e-04
6.229999999999999716e+01 -2.402467273999999917e-04
6.232500000000000284e+01 -2.415842175000000082e-04
6.235000000000000142e+01 -2.411760334000000064e-04
6.237500000000000000e+01 -2.436656872000000083e-04
6.239999999999999858e+01 -2.438974245000000108e-04
6.242499999999999716e+01 -2.443251865999999809e-04
6.245000000000000284e+01 -2.463279576000000160e-04
6.247500000000000142e+01 -2.463524692000000084e-04
6.250000000000000000e+01 -2.477331739000000125e-04
6.252499999999999858e+01 -2.502507883000000218e-04
6.254999999999999716e+01 -2.485498097999999873e-04
6.257500000000000284e+01 -2.501439270000000163e-04
6.260000000000000142e+01 -2.517981356999999740e-04
6.262500000000000000e+01 -2.520642436000000122e-04
6.264999999999999858e+01 -2.537976917999999857e-04
6.267499999999999716e+01 -2.551123767000000164e-04
6.270000000000000284e+01 -2.565512878000000222e-04
6.272500000000000142e+01 -2.571739258999999802e-04
6.275000000000000000e+01 -2.568944910999999918e-04
6.277499999999999858e+01 -2.584054628999999780e-04
6.279999999999999716e+01 -2.607870508000000118e-04
6.282500000000000284e+01 -2.608732907999999732e-04
6.285000000000000142e+01 -2.607813700000000080e-04
6.287500000000000000e+01 -2.627419972999999994e-04
6.289999999999999858e+01 -2.647283038999999902e-04
6.292499999999999716e+01 -2.647383627999999882e-04
6.295000000000000284e+01 -2.659977323999999899e-04
6.297500000000000142e+01 -2.666458777000000062e-04
6.300000000000000000e+01 -2.673194033000000241e-04
6.302499999999999858e+01 -2.688599013999999794e-04
6.304999999999999716e+01 -2.703688117999999952e-04
6.307500000000000284e+01 -2.712836151999999763e-04
6.310000000000000142e+01 -2.732402005000000183e-04
6.312500000000000000e+01 -2.743214421000000056e-04
6.314999999999999858e+01 -2.746357386000000244e-04
6.317499999999999716e+01 -2.759102493000000021e-04
6.320000000000000284e+01 -2.764961072000000062e-04
6.322500000000000142e+01 -2.769539115999999977e-04
6.325000000000000000e+01 -2.790829421999999819e-04
6.327499999999999858e+01 -2.792042344000000256e-04
6.329999999999999716e+01 -2.814228716999999736e-04
6.332500000000000284e+01 -2.812056990999999787e-04
6.335000000000000142e+01 -2.842094933000000262e-04
6.337500000000000000e+01 -2.849871602000000220e-04
6.339999999999999858e+01 -2.857297508999999771e-04
6.342499999999999716e+01 -2.870932314999999802e-04
6.345000000000000284e+01 -2.874514734999999879e-04
6.347500000000000142e+01 -2.885601801999999839e-04
6.350000000000000000e+01 -2.907673981999999813e-04
6.352499999999999858e+01 -2.918191395999999820e-04
6.354999999999999716e+01 -2.927912024999999863e-04
6.357500000000000284e+01 -2.929580044000000137e-04
6.360000000000000142e+01 -2.955206473000000214e-04
6.362500000000000000e+01 -2.959183753999999802e-04
6.364999999999999858e+01 -2.973820849000000143e-04
6.367499999999999716e+01 -2.984381487999999819e-04
6.370000000000000284e+01 -2.991898355999999984e-04
6.372500000000000142e+01 -3.003894986999999968e-04
6.375000000000000000e+01 -3.008865432999999786e-04
6.377499999999999858e+01 -3.029761399999999767e-04
6.379999999999999716e+01 -3.044134213000000005e-04
6.382500000000000284e+01 -3.044207404000000066e-04
6.385000000000000142e+01 -3.066360360999999929e-04
6.387500000000000000e+01 -3.072467685000000248e-04
6.389999999999999858e+01 -3.086525114000000097e-04
6.392499999999999716e+01 -3.111608431999999982e-04
6.395000000000000284e+01 -3.121300244999999918e-04
6.397500000000000142e+01 -3.133451201999999940e-04
6.400000000000000000e+01 -3.142335013000000172e-04
6.402500000000000568e+01 -3.145360970000000175e-04
6.404999999999999716e+01 -3.172218474999999923e-04
6.407500000000000284e+01 -3.171846913000000230e-04
6.409999999999999432e+01 -3.187904642000000013e-04
6.412500000000000000e+01 -3.197707058000000247e-04
6.415000000000000568e+01 -3.220613502000000262e-04
6.417499999999999716e+01 -3.233637774999999974e-04
6.420000000000000284e+01 -3.248335975999999876e-04
6.422499999999999432e+01 -3.255779596000000099e-04
6.425000000000000000e+01 -3.264607938999999816e-04
6.427500000000000568e+01 -3.276198796999999874e-04
6.429999999999999716e+01 -3.292267975000000204e-04
6.432500000000000284e+01 -3.306382467999999936e-04
6.434999999999999432e+01 -3.328455027000000238e-04
6.437500000000000000e+01 -3.327278604000000000e-04
6.440000000000000568e+01 -3.356332810000000190e-04
6.442499999999999716e+01 -3.363272682999999814e-04
6.445000000000000284e+01 -3.376951306999999747e-04
6.447499999999999432e+01 -3.379499111999999879e-04
6.450000000000000000e+01 -3.401840267000000068e-04
6.452500000000000568e+01 -3.414207879999999894e-04
6.454999999999999716e+01 -3.422428119999999883e-04
6.457500000000000284e+01 -3.447109179999999890e-04
6.459999999999999432e+01 -3.457654759000000112e-04
6.462500000000000000e+01 -3.464152633000000038e-04
6.465000000000000568e+01 -3.483816735999999809e-04
6.467499999999999716e+01 -3.493723462000000116e-04
6.470000000000000284e+01 -3.516399544000000017e-04
6.472499999999999432e+01 -3.528761789000000259e-04
6.475000000000000000e+01 -3.536774553000000083e-04
6.477500000000000568e+01 -3.555322257000000140e-04
6.479999999999999716e+01 -3.570158818000000126e-04
6.482500000000000284e+01 -3.593037477000000034e-04
6.484999999999999432e+01 -3.594333602999999987e-04
6.487500000000000000e+01 -3.614273304999999744e-04
6.490000000000000568e+01 -3.611175935999999835e-04
6.492499999999999716e+01 -3.630037636999999752e-04
6.495000000000000284e+01 -3.660818536000000172e-04
6.497499999999999432e+01 -3.678917672999999777e-04
6.500000000000000000e+01 -3.681243782000000186e-04
6.502500000000000568e+01 -3.703889896000000137e-04
6.504999999999999716e+01 -3.708061733000000016e-04
6.507500000000000284e+01 -3.723866549000000021e-04
6.509999999999999432e+01 -3.736472254999999754e-04
6.512500000000000000e+01 -3.765966445999999884e-04
6.515000000000000568e+01 -3.768696664000000147e-04
6.517499999999999716e+01 -3.786224355999999805e-04
6.520000000000000284e+01 -3.812831008999999997e-04
6.522499999999999432e+01 -3.815072832000000226e-04
6.525000000000000000e+01 -3.829739784999999872e-04
6.527500000000000568e+01 -3.858509068000000254e-04
6.529999999999999716e+01 -3.865620194000000151e-04
6.532500000000000284e+01 -3.882181434000000065e-04
6.534999999999999432e+01 -3.893055974999999982e-04
6.537500000000000000e+01 -3.910433446000000004e-04
6.540000000000000568e+01 -3.921435835999999937e-04
6.542499999999999716e+01 -3.952638099000000110e-04
6.545000000000000284e+01 -3.966223571000000270e-04
6.547499999999999432e+01 -3.984246197999999849e-04
6.550000000000000000e+01 -3.993722960999999852e-04
6.552500000000000568e+01 -4.006767955000000033e-04
6.554999999999999716e+01 -4.032113034000000011e-04
6.557500000000000284e+01 -4.041854224999999858e-04
6.559999999999999432e+01 -4.055929643000000142e-04
6.562500000000000000e+01 -4.063876115000000203e-04
6.565000000000000568e+01 -4.083562745000000058e-04
6.567499999999999716e+01 -4.105458587000000020e-04
6.570000000000000284e+01 -4.122917109000000138e-04
6.572499999999999432e+01 -4.147554145000000199e-04
6.575000000000000000e+01 -4.170977148000000142e-04
6.577500000000000568e+01 -4.175165623000000109e-04
6.579999999999999716e+01 -4.189468202999999742e-04
6.582500000000000284e+01 -4.193781553000000008e-04
6.584999999999999432e+01 -4.216868942999999945e-04
6.587500000000000000e+01 -4.241625093000000232e-04
6.590000000000000568e+01 -4.267032465999999794e-04
6.592499999999999716e+01 -4.275819971000000171e-04
6.595000000000000284e+01 -4.297166868000000268e-04
6.597499999999999432e+01 -4.293699074999999805e-04
6.600000000000000000e+01 -4.344673312999999793e-04
6.602500000000000568e+01 -4.352026455000000075e-04
6.604999999999999716e+01 -4.375083958000000064e-04
6.607500000000000284e+01 -4.374094349000000044e-04
6.609999999999999432e+01 -4.395036998999999863e-04
6.612500000000000000e+01 -4.413299394000000245e-04
6.615000000000000568e+01 -4.436526426000000130e-04
6.617499999999999716e+01 -4.453173043999999765e-04
6.620000000000000284e+01 -4.462196101000000118e-04
6.622499999999999432e+01 -4.501611800999999924e-04
6.625000000000000000e+01 -4.506378919000000242e-04
6.627500000000000568e+01 -4.535162121999999755e-04
6.629999999999999716e+01 -4.541528480000000113e-04
6.632500000000000284e+01 -4.553236401999999914e-04
6.634999999999999432e+01 -4.575095173000000228e-04
6.637500000000000000e+01 -4.579777645999999957e-04
6.640000000000000568e+01 -4.601573661000000256e-04
6.642499999999999716e+01 -4.629467368000000221e-04
6.645000000000000284e+01 -4.650795256999999943e-04
6.647499999999999432e+01 -4.675339676000000262e-04
6.650000000000000000e+01 -4.685915774999999963e-04
6.652500000000000568e+01 -4.693655803999999959e-04
6.654999999999999716e+01 -4.735285441999999745e-04
6.657500000000000284e+01 -4.739625401999999934e-04
6.659999999999999432e+01 -4.788524101000000087e-04
6.662500000000000000e+01 -4.780158399999999874e-04
6.665000000000000568e+01 -4.803922828000000019e-04
6.667499999999999716e+01 -4.820165434000000062e-04
6.670000000000000284e+01 -4.857224720999999985e-04
6.672499999999999432e+01 -4.863117919000000148e-04
6.675000000000000000e+01 -4.875667032000000067e-04
6.677500000000000568e+01 -4.897585060000000066e-04
6.679999999999999716e+01 -4.936006980999999710e-04
6.682500000000000284e+01 -4.949127124000000152e-04
6.684999999999999432e+01 -4.969069086000000093e-04
6.687500000000000000e+01 -4.986168365000000300e-04
6.690000000000000568e+01 -5.016167361000000487e-04
6.692499999999999716e+01 -5.023124457999999810e-04
6.695000000000000284e+01 -5.024971738999999471e-04
6.697499999999999432e+01 -5.048032256999999880e-04
6.700000000000000000e+01 -5.074230663000000056e-04
6.702500000000000568e+01 -5.099656555999999884e-04
6.704999999999999716e+01 -5.127187821000000036e-04
6.707500000000000284e+01 -5.141380692000000353e-04
6.709999999999999432e+01 -5.174723920000000007e-04
6.712500000000000000e+01 -5.187209013999999644e-04
6.715000000000000568e+01 -5.199883174000000368e-04
6.717499999999999716e+01 -5.246550804999999601e-04
6.720000000000000284e+01 -5.233199592999999592e-04
6.722499999999999432e+01 -5.276647799999999817e-04
6.725000000000000000e+01 -5.316535968000000306e-04
6.727500000000000568e+01 -5.312329445999999702e-04
6.729999999999999716e+01 -5.332071632000000153e-04
6.732500000000000284e+01 -5.374025680999999603e-04
6.734999999999999432e+01 -5.374761170000000223e-04
6.737500000000000000e+01 -5.413791454000000183e-04
6.740000000000000568e+01 -5.409896091000000046e-04
6.742499999999999716e+01 -5.438753573999999822e-04
6.745000000000000284e+01 -5.473238111000000485e-04
6.747499999999999432e+01 -5.499034673000000430e-04
6.750000000000000000e+01 -5.502968614999999503e-04
6.752500000000000568e+01 -5.551396342999999605e-04
6.754999999999999716e+01 -5.551730547999999925e-04
6.757500000000000284e+01 -5.582640659000000227e-04
6.759999999999999432e+01 -5.609447205999999872e-04
6.762500000000000000e+01 -5.627300599999999781e-04
6.765000000000000568e+01 -5.654899450999999622e-04
6.767499999999999716e+01 -5.682670051999999484e-04
6.770000000000000284e+01 -5.691226884999999900e-04
6.772499999999999432e+01 -5.709892062000000452e-04
6.775000000000000000e+01 -5.736644235000000307e-04
6.777500000000000568e+01 -5.752310379000000282e-04
6.779999999999999716e+01 -5.798361767000000328e-04
6.782500000000000284e+01 -5.810872326999999907e-04
6.784999999999999432e+01 -5.839189480999999867e-04
6.787500000000000000e+01 -5.855065088000000308e-04
6.790000000000000568e+01 -5.878480985999999910e-04
6.792499999999999716e+01 -5.917058263999999592e-04
6.795000000000000284e+01 -5.938329690000000065e-04
6.797499999999999432e+01 -5.960392027000000446e-04
6.800000000000000000e+01 -5.978666958000000394e-04
6.802500000000000568e+01 -6.014929196000000106e-04
6.804999999999999716e+01 -6.021645291000000087e-04
6.807500000000000284e+01 -6.060371110999999934e-04
6.809999999999999432e+01 -6.091388554000000269e-04
6.812500000000000000e+01 -6.116203097000000224e-04
6.815000000000000568e+01 -6.119193771000000373e-04
6.817499999999999716e+01 -6.156961207999999894e-04
6.820000000000000284e+01 -6.176417230999999529e-04
6.822499999999999432e+01 -6.185820165000000502e-04
6.825000000000000000e+01 -6.239055314999999470e-04
6.827500000000000568e+01 -6.248496726999999999e-04
6.829999999999999716e+01 -6.292433238999999533e-04
6.832500000000000284e+01 -6.305757859999999758e-04
6.834999999999999432e+01 -6.345355036000000079e-04
6.837500000000000000e+01 -6.364153465000000091e-04
6.840000000000000568e+01 -6.408533452000000257e-04
6.842499999999999716e+01 -6.426518083000000089e-04
6.845000000000000284e+01 -6.426256369000000459e-04
6.847499999999999432e+01 -6.462251239999999928e-04
6.850000000000000000e+01 -6.474525363000000356e-04
6.852500000000000568e+01 -6.529550264999999876e-04
6.854999999999999716e+01 -6.535435613999999744e-04
6.857500000000000284e+01 -6.583832893999999646e-04
6.859999999999999432e+01 -6.591552543000000304e-04
6.862500000000000000e+01 -6.620857983999999495e-04
6.865000000000000568e+01 -6.662040888999999850e-04
6.867499999999999716e+01 -6.679020887999999627e-04
6.870000000000000284e+01 -6.692980810000000299e-04
6.872499999999999432e+01 -6.732653240000000460e-04
6.875000000000000000e+01 -6.763196877000000147e-04
6.877500000000000568e+01 -6.800253789000000344e-04
6.879999999999999716e+01 -6.805260982999999583e-04
6.882500000000000284e+01 -6.841250701999999472e-04
6.884999999999999432e+01 -6.874547280999999911e-04
6.887500000000000000e+01 -6.911810179999999500e-04
6.890000000000000568e+01 -6.929800046999999878e-04
6.892499999999999716e+01 -6.958476979000000322e-04
6.895000000000000284e+01 -6.970231759000000346e-04
6.897499999999999432e+01 -7.011616702000000477e-04
6.900000000000000000e+01 -7.041784810999999729e-04
6.902500000000000568e+01 -7.089521340000000046e-04
6.904999999999999716e+01 -7.095824543000000140e-04
6.907500000000000284e+01 -7.128783576999999511e-04
6.909999999999999432e+01 -7.153161901999999760e-04
6.912500000000000000e+01 -7.201048790000000137e-04
6.915000000000000568e+01 -7.196132526999999461e-04
6.917499999999999716e+01 -7.226710816000000114e-04
6.920000000000000284e+01 -7.257696092000000395e-04
6.922499999999999432e+01 -7.328572166000000415e-04
6.925000000000000000e+01 -7.321025217000000319e-04
6.927500000000000568e+01 -7.366178247999999578e-04
6.929999999999999716e+01 -7.391182615000000192e-04
6.932500000000000284e+01 -7.401396730000000309e-04
6.934999999999999432e+01 -7.444248636000000375e-04
6.937500000000000000e+01 -7.500762410000000324e-04
6.940000000000000568e+01 -7.508315597999999560e-04
6.942499999999999716e+01 -7.540113974999999987e-04
6.945000000000000284e+01 -7.573704412999999547e-04
6.947499999999999432e+01 -7.590957928999999930e-04
6.950000000000000000e+01 -7.631594268999999583e-04
6.952500000000000568e+01 -7.668231428000000420e-04
6.954999999999999716e+01 -7.710514945999999816e-04
6.957500000000000284e+01 -7.750960734000000201e-04
6.959999999999999432e+01 -7.774230336999999984e-04
6.962500000000000000e+01 -7.797420007999999753e-04
6.965000000000000568e+01 -7.835592625999999832e-04
6.967499999999999716e+01 -7.870696360999999801e-04
6.970000000000000284e+01 -7.890931047999999925e-04
6.972499999999999432e+01 -7.924651983000000196e-04
6.975000000000000000e+01 -7.955257828999999807e-04
6.977500000000000568e+01 -7.978149999000000263e-04
6.979999999999999716e+01 -8.008320968999999793e-04
6.982500000000000284e+01 -8.049666792999999893e-04
6.984999999999999432e+01 -8.101450165000000049e-04
6.987500000000000000e+01 -8.128422858999999985e-04
6.990000000000000568e+01 -8.174077207000000336e-04
6.992499999999999716e+01 -8.198857979999999704e-04
6.995000000000000284e+01 -8.224683545000000201e-04
6.997499999999999432e+01 -8.286356098999999534e-04
7.000000000000000000e+01 -8.297933678999999630e-04
7.002500000000000568e+01 -8.318607889000000349e-04
7.004999999999999716e+01 -8.370882769000000459e-04
7.007500000000000284e+01 -8.387592500999999654e-04
7.009999999999999432e+01 -8.422379269000000246e-04
7.012500000000000000e+01 -8.454090279999999791e-04
7.015000000000000568e+01 -8.492736076000000425e-04
7.017499999999999716e+01 -8.521605068999999746e-04
7.020000000000000284e+01 -8.552754632000000162e-04
7.022499999999999432e+01 -8.603776371999999643e-04
7.025000000000000000e+01 -8.660974670000000028e-04
7.027500000000000568e+01 -8.663007950000000453e-04
7.029999999999999716e+01 -8.735777420000000182e-04
7.032500000000000284e+01 -8.746043885000000370e-04
7.034999999999999432e+01 -8.791641475000000483e-04
7.037500000000000000e+01 -8.808172284999999475e-04
7.040000000000000568e+01 -8.865047859999999847e-04
7.042499999999999716e+01 -8.863752312000000187e-04
7.045000000000000284e+01 -8.934634572000000208e-04
7.047499999999999432e+01 -8.955900542999999710e-04
7.050000000000000000e+01 -9.015955094999999597e-04
7.052500000000000568e+01 -9.043515139999999675e-04
7.054999999999999716e+01 -9.088936131000000494e-04
7.057500000000000284e+01 -9.111232510999999618e-04
7.059999999999999432e+01 -9.156673897000000258e-04
7.062500000000000000e+01 -9.186862703999999638e-04
7.065000000000000568e+01 -9.221283457999999945e-04
7.067499999999999716e+01 -9.277558614999999696e-04
7.070000000000000284e+01 -9.293296421000000205e-04
7.072499999999999432e+01 -9.360042966000000318e-04
7.075000000000000000e+01 -9.365334782000000243e-04
7.077500000000000568e+01 -9.414390293999999821e-04
7.079999999999999716e+01 -9.449095844000000334e-04
7.082500000000000284e+01 -9.492158704000000112e-04
7.084999999999999432e+01 -9.531193892000000209e-04
7.087500000000000000e+01 -9.559324171999999649e-04
7.090000000000000568e+01 -9.598604922000000383e-04
7.092499999999999716e+01 -9.685579788000000254e-04
7.095000000000000284e+01 -9.693395112000000252e-04
7.097499999999999432e+01 -9.723658026999999933e-04
7.100000000000000000e+01 -9.763061973000000410e-04
7.102500000000000568e+01 -9.801871187999999877e-04
7.104999999999999716e+01 -9.847462607999999708e-04
7.107500000000000284e+01 -9.898664147000000874e-04
7.109999999999999432e+01 -9.914863470999999741e-04
7.112500000000000000e+01 -9.962925243000000843e-04
7.115000000000000568e+01 -1.002177560000000077e-03
7.117499999999999716e+01 -1.007353336000000070e-03
7.120000000000000284e+01 -1.010358288999999975e-03
7.122499999999999432e+01 -1.012629061000000106e-03
7.125000000000000000e+01 -1.017450061000000011e-03
7.127500000000000568e+01 -1.024206844000000042e-03
7.129999999999999716e+01 -1.025096423999999904e-03
7.132500000000000284e+01 -1.028505563000000006e-03
7.134999999999999432e+01 -1.034749278999999925e-03
7.137500000000000000e+01 -1.041852592000000032e-03
7.140000000000000568e+01 -1.044036451000000072e-03
7.142499999999999716e+01 -1.050710410999999931e-03
7.145000000000000284e+01 -1.052943472000000043e-03
7.147499999999999432e+01 -1.054626166999999897e-03
7.150000000000000000e+01 -1.059615133999999978e-03
7.152500000000000568e+01 -1.064579826999999907e-03
7.154999999999999716e+01 -1.069569256000000093e-03
7.157500000000000284e+01 -1.072185587000000061e-03
7.159999999999999432e+01 -1.079570237000000103e-03
7.162500000000000000e+01 -1.081360909000000014e-03
7.165000000000000568e+01 -1.088971256000000054e-03
7.167499999999999716e+01 -1.092315165999999940e-03
7.170000000000000284e+01 -1.096581584999999949e-03
7.172499999999999432e+01 -1.098500791999999955e-03
7.175000000000000000e+01 -1.105789829999999970e-03
7.177500000000000568e+01 -1.111553928999999908e-03
7.179999999999999716e+01 -1.116420695999999950e-03
7.182500000000000284e+01 -1.119048839999999987e-03
7.184999999999999432e+01 -1.124864288000000092e-03
7.187500000000000000e+01 -1.131539176999999926e-03
7.190000000000000568e+01 -1.131790774000000083e-03
7.192499999999999716e+01 -1.139187109000000054e-03
7.195000000000000284e+01 -1.142763081000000092e-03
7.197499999999999432e+01 -1.145142550000000006e-03
7.200000000000000000e+01 -1.150476076000000016e-03
7.202500000000000568e+01 -1.156585230000000070e-03
7.204999999999999716e+01 -1.163359341000000033e-03
7.207500000000000284e+01 -1.168089593999999988e-03
7.209999999999999432e+01 -1.174392972000000033e-03
7.212500000000000000e+01 -1.176612472999999902e-03
7.215000000000000568e+01 -1.182603931999999915e-03
7.217499999999999716e+01 -1.187884326999999940e-03
7.220000000000000284e+01 -1.190516049999999987e-03
7.222499999999999432e+01 -1.198030872000000087e-03
7.225000000000000000e+01 -1.200100744000000014e-03
7.227500000000000568e+01 -1.207991667999999989e-03
7.229999999999999716e+01 -1.210753814999999955e-03
7.232500000000000284e+01 -1.217179048999999895e-03
7.234999999999999432e+01 -1.219820466000000022e-03
7.237500000000000000e+01 -1.227370689000000046e-03
7.240000000000000568e+01 -1.232649458000000062e-03
7.242499999999999716e+01 -1.235439970000000096e-03
7.245000000000000284e+01 -1.240390067000000018e-03
7.247499999999999432e+01 -1.243514572999999913e-03
7.250000000000000000e+01 -1.246843470999999936e-03
7.252500000000000568e+01 -1.255095349000000032e-03
7.254999999999999716e+01 -1.259912011999999920e-03
7.257500000000000284e+01 -1.264987937999999907e-03
7.259999999999999432e+01 -1.270679893999999933e-03
7.262500000000000000e+01 -1.278051279000000070e-03
7.265000000000000568e+01 -1.280817696000000104e-03
7.267499999999999716e+01 -1.287579589000000099e-03
7.270000000000000284e+01 -1.295247453999999942e-03
7.272499999999999432e+01 -1.300365482999999963e-03
7.275000000000000000e+01 -1.304066318000000023e-03
7.277500000000000568e+01 -1.307238527999999905e-03
7.279999999999999716e+01 -1.314061079999999946e-03
7.282500000000000284e+01 -1.321460441999999964e-03
7.284999999999999432e+01 -1.326375916000000106e-03
7.287500000000000000e+01 -1.330450338999999895e-03
7.290000000000000568e+01 -1.334885356999999939e-03
7.292499999999999716e+01 -1.340129874999999990e-03
7.295000000000000284e+01 -1.346120818999999892e-03
7.297499999999999432e+01 -1.354713669999999936e-03
7.300000000000000000e+01 -1.356291751999999951e-03
7.302500000000000568e+01 -1.363942632000000009e-03
7.304999999999999716e+01 -1.369569764999999930e-03
7.307500000000000284e+01 -1.371672107999999998e-03
7.309999999999999432e+01 -1.382338243999999992e-03
7.312500000000000000e+01 -1.387973570999999915e-03
7.315000000000000568e+01 -1.394693723999999944e-03
7.317499999999999716e+01 -1.398028298000000055e-03
7.320000000000000284e+01 -1.407692032999999969e-03
7.322499999999999432e+01 -1.411261179999999957e-03
7.325000000000000000e+01 -1.417826543000000068e-03
7.327500000000000568e+01 -1.418753289999999953e-03
7.329999999999999716e+01 -1.427477416999999981e-03
7.332500000000000284e+01 -1.431239685000000031e-03
7.334999999999999432e+01 -1.443708292000000061e-03
7.337500000000000000e+01 -1.445484759999999917e-03
7.340000000000000568e+01 -1.454787176000000085e-03
7.342499999999999716e+01 -1.461926154999999925e-03
7.345000000000000284e+01 -1.465972376000000080e-03
7.347499999999999432e+01 -1.470494707999999914e-03
7.350000000000000000e+01 -1.477571531000000053e-03
7.352500000000000568e+01 -1.483359923000000065e-03
7.354999999999999716e+01 -1.488555532999999952e-03
7.357500000000000284e+01 -1.494512858999999961e-03
7.359999999999999432e+01 -1.495156694999999914e-03
7.362500000000000000e+01 -1.509982192000000091e-03
7.365000000000000568e+01 -1.512087977000000066e-03
7.367499999999999716e+01 -1.518147183999999988e-03
7.370000000000000284e+01 -1.527665063000000064e-03
7.372499999999999432e+01 -1.530557053000000103e-03
7.375000000000000000e+01 -1.537697830999999911e-03
7.377500000000000568e+01 -1.543814779000000047e-03
7.379999999999999716e+01 -1.555654830000000001e-03
7.382500000000000284e+01 -1.558509787999999910e-03
7.384999999999999432e+01 -1.563836591999999892e-03
7.387500000000000000e+01 -1.572489590000000076e-03
7.390000000000000568e+01 -1.576141121000000037e-03
7.392499999999999716e+01 -1.581981310999999940e-03
7.395000000000000284e+01 -1.592157492000000063e-03
7.397499999999999432e+01 -1.596631294999999954e-03
7.400000000000000000e+01 -1.606904439999999904e-03
7.402500000000000568e+01 -1.614196245999999918e-03
7.404999999999999716e+01 -1.618362358000000013e-03
7.407500000000000284e+01 -1.622558471999999922e-03
7.409999999999999432e+01 -1.631125072999999905e-03
7.412500000000000000e+01 -1.641009521999999997e-03
7.415000000000000568e+01 -1.641824468999999922e-03
7.417499999999999716e+01 -1.648965850999999918e-03
7.420000000000000284e+01 -1.659371567000000099e-03
7.422499999999999432e+01 -1.665261243000000025e-03
7.425000000000000000e+01 -1.676107452999999956e-03
7.427500000000000568e+01 -1.682095358000000075e-03
7.429999999999999716e+01 -1.689078501000000057e-03
7.432500000000000284e+01 -1.692358796999999995e-03
7.434999999999999432e+01 -1.702143692999999978e-03
7.437500000000000000e+01 -1.709566926000000023e-03
7.440000000000000568e+01 -1.713987706999999926e-03
7.442499999999999716e+01 -1.722034323999999898e-03
7.445000000000000284e+01 -1.734101206000000089e-03
7.447499999999999432e+01 -1.740803406000000081e-03
7.450000000000000000e+01 -1.745973645000000081e-03
7.452500000000000568e+01 -1.756125286000000032e-03
7.454999999999999716e+01 -1.758442897999999916e-03
7.457500000000000284e+01 -1.770754925000000025e-03
7.459999999999999432e+01 -1.771316269000000002e-03
7.462500000000000000e+01 -1.782752063000000043e-03
7.465000000000000568e+01 -1.790363774000000054e-03
7.467499999999999716e+01 -1.798784629999999971e-03
7.470000000000000284e+01 -1.803168189000000071e-03
7.472499999999999432e+01 -1.810480092000000011e-03
7.475000000000000000e+01 -1.818035654999999948e-03
7.477500000000000568e+01 -1.826267759999999907e-03
7.479999999999999716e+01 -1.829603604999999926e-03
7.482500000000000284e+01 -1.841767146000000081e-03
7.484999999999999432e+01 -1.849746554999999936e-03
7.487500000000000000e+01 -1.856201190999999919e-03
7.490000000000000568e+01 -1.860714653000000067e-03
7.492499999999999716e+01 -1.867923503000000008e-03
7.495000000000000284e+01 -1.883028983000000108e-03
7.497499999999999432e+01 -1.887884735999999924e-03
7.500000000000000000e+01 -1.895488369999999900e-03
7.502500000000000568e+01 -1.904271173000000091e-03
7.504999999999999716e+01 -1.913586598000000102e-03
7.507500000000000284e+01 -1.919162300999999963e-03
7.509999999999999432e+01 -1.929298328000000071e-03
7.512500000000000000e+01 -1.943055204000000008e-03
7.515000000000000568e+01 -1.946135061000000069e-03
7.517499999999999716e+01 -1.952195406999999994e-03
7.520000000000000284e+01 -1.960666427999999822e-03
7.522499999999999432e+01 -1.968249436000000033e-03
7.525000000000000000e+01 -1.980449930000000199e-03
7.527500000000000568e+01 -1.988079641999999838e-03
7.529999999999999716e+01 -1.993320567000000151e-03
7.532500000000000284e+01 -1.999359690999999873e-03
7.534999999999999432e+01 -2.011175481999999837e-03
7.537500000000000000e+01 -2.018334805999999915e-03
7.540000000000000568e+01 -2.026449615000000190e-03
7.542499999999999716e+01 -2.036651719000000162e-03
7.545000000000000284e+01 -2.042909143000000167e-03
7.547499999999999432e+01 -2.056594884000000067e-03
7.550000000000000000e+01 -2.061064629000000127e-03
7.552500000000000568e+01 -2.069049764999999867e-03
7.554999999999999716e+01 -2.080445610999999938e-03
7.557500000000000284e+01 -2.083366639000000173e-03
7.559999999999999432e+01 -2.095151247999999834e-03
7.562500000000000000e+01 -2.106227839000000129e-03
7.565000000000000568e+01 -2.116146686000000034e-03
7.567499999999999716e+01 -2.127260750000000214e-03
7.570000000000000284e+01 -2.133196988999999915e-03
7.572499999999999432e+01 -2.143095744999999868e-03
7.575000000000000000e+01 -2.147570985000000088e-03
7.577500000000000568e+01 -2.161275640999999869e-03
7.579999999999999716e+01 -2.163851495999999808e-03
7.582500000000000284e+01 -2.180704549999999860e-03
7.584999999999999432e+01 -2.185942086999999832e-03
7.587500000000000000e+01 -2.193664019000000041e-03
7.590000000000000568e+01 -2.207734552999999784e-03
7.592499999999999716e+01 -2.211574913999999822e-03
7.595000000000000284e+01 -2.221722312999999810e-03
7.597499999999999432e+01 -2.232090077000000068e-03
7.600000000000000000e+01 -2.246136087999999788e-03
7.602500000000000568e+01 -2.251167410000000195e-03
7.604999999999999716e+01 -2.260070589000000123e-03
7.607500000000000284e+01 -2.273088485000000162e-03
7.609999999999999432e+01 -2.278934526999999884e-03
7.612500000000000000e+01 -2.288682539999999793e-03
7.615000000000000568e+01 -2.295146604999999829e-03
7.617499999999999716e+01 -2.315904568000000038e-03
7.620000000000000284e+01 -2.319820725999999916e-03
7.622499999999999432e+01 -2.327993235999999914e-03
7.625000000000000000e+01 -2.333991803999999927e-03
7.627500000000000568e+01 -2.349047345999999859e-03
7.629999999999999716e+01 -2.360346795000000004e-03
7.632500000000000284e+01 -2.374285880999999800e-03
7.634999999999999432e+01 -2.376452168000000014e-03
7.637500000000000000e+01 -2.388480839999999796e-03
7.640000000000000568e+01 -2.401356319999999912e-03
7.642499999999999716e+01 -2.408391302999999834e-03
7.645000000000000284e+01 -2.416231386000000213e-03
7.647499999999999432e+01 -2.426278619000000157e-03
7.650000000000000000e+01 -2.437099712000000053e-03
7.652500000000000568e+01 -2.449145769000000191e-03
7.654999999999999716e+01 -2.459661211000000163e-03
7.657500000000000284e+01 -2.468050237000000199e-03
7.659999999999999432e+01 -2.476385037000000070e-03
7.662500000000000000e+01 -2.488295875000000150e-03
7.665000000000000568e+01 -2.498733094000000002e-03
7.667499999999999716e+01 -2.509949230999999979e-03
7.670000000000000284e+01 -2.517107785000000097e-03
7.672499999999999432e+01 -2.529349615999999887e-03
7.675000000000000000e+01 -2.546814215000000117e-03
7.677500000000000568e+01 -2.557467690000000179e-03
7.679999999999999716e+01 -2.565140262999999858e-03
7.682500000000000284e+01 -2.573417398999999859e-03
7.684999999999999432e+01 -2.588038083000000072e-03
7.687500000000000000e+01 -2.594291724000000014e-03
7.690000000000000568e+01 -2.605109476999999812e-03
7.692499999999999716e+01 -2.621386973999999866e-03
7.695000000000000284e+01 -2.631816885999999859e-03
7.697499999999999432e+01 -2.646736482000000036e-03
7.700000000000000000e+01 -2.658769171999999809e-03
7.702500000000000568e+01 -2.661905612000000157e-03
7.704999999999999716e+01 -2.676013694999999915e-03
7.707500000000000284e+01 -2.685687984999999937e-03
7.709999999999999432e+01 -2.697339997999999902e-03
7.712500000000000000e+01 -2.710986781000000213e-03
7.715000000000000568e+01 -2.716309973000000100e-03
7.717499999999999716e+01 -2.729025846000000029e-03
7.720000000000000284e+01 -2.740914597999999890e-03
7.722499999999999432e+01 -2.758740598000000190e-03
7.725000000000000000e+01 -2.766114257999999909e-03
7.727500000000000568e+01 -2.776985022999999952e-03
7.729999999999999716e+01 -2.788861881000000067e-03
7.732500000000000284e+01 -2.800966192999999882e-03
7.734999999999999432e+01 -2.813916613999999788e-03
7.737500000000000000e+01 -2.827695727999999988e-03
7.740000000000000568e+01 -2.843493355000000205e-03
7.742499999999999716e+01 -2.852563810000000033e-03
7.745000000000000284e+01 -2.865272612000000028e-03
7.747499999999999432e+01 -2.875480002000000129e-03
7.750000000000000000e+01 -2.888951790000000158e-03
7.752500000000000568e+01 -2.898228807999999896e-03
7.754999999999999716e+01 -2.905222170000000027e-03
7.757500000000000284e+01 -2.921299744000000094e-03
7.759999999999999432e+01 -2.942068509000000075e-03
7.762500000000000000e+01 -2.946974179999999922e-03
7.765000000000000568e+01 -2.959151178999999861e-03
7.767499999999999716e+01 -2.964976206999999850e-03
7.770000000000000284e+01 -2.990416072999999789e-03
7.772499999999999432e+01 -3.003141005999999946e-03
7.775000000000000000e+01 -3.014828866999999784e-03
7.777500000000000568e+01 -3.019442379000000006e-03
7.779999999999999716e+01 -3.040898715999999953e-03
7.782500000000000284e+01 -3.048826327000000135e-03
7.784999999999999432e+01 -3.059684917999999816e-03
7.787500000000000000e+01 -3.073362046999999868e-03
7.790000000000000568e+01 -3.086502619000000211e-03
7.792499999999999716e+01 -3.102951269999999848e-03
7.795000000000000284e+01 -3.110293137999999968e-03
7.797499999999999432e+01 -3.130947226000000208e-03
7.800000000000000000e+01 -3.139891831999999834e-03
7.802500000000000568e+01 -3.156165757999999846e-03
7.804999999999999716e+01 -3.158644982999999924e-03
7.807500000000000284e+01 -3.187536655999999909e-03
7.809999999999999432e+01 -3.197206411999999835e-03
7.812500000000000000e+01 -3.215135380999999820e-03
7.815000000000000568e+01 -3.223819800999999999e-03
7.817499999999999716e+01 -3.230494473999999828e-03
7.820000000000000284e+01 -3.247865302000000048e-03
7.822499999999999432e+01 -3.264383363999999888e-03
7.825000000000000000e+01 -3.265579816000000000e-03
7.827500000000000568e+01 -3.292000557000000164e-03
7.829999999999999716e+01 -3.304236540999999899e-03
7.832500000000000284e+01 -3.306355640000000016e-03
7.834999999999999432e+01 -3.331110266000000212e-03
7.837500000000000000e+01 -3.357365598999999950e-03
7.840000000000000568e+01 -3.368702313999999941e-03
7.842499999999999716e+01 -3.373550521999999982e-03
7.845000000000000284e+01 -3.390979473999999969e-03
7.847499999999999432e+01 -3.404413537999999816e-03
7.850000000000000000e+01 -3.419063883999999900e-03
7.852500000000000568e+01 -3.433673726000000068e-03
7.854999999999999716e+01 -3.450618664999999859e-03
7.857500000000000284e+01 -3.459996017999999833e-03
7.859999999999999432e+01 -3.478855250000000184e-03
7.862500000000000000e+01 -3.494190288000000033e-03
7.865000000000000568e+01 -3.514946224000000102e-03
7.867499999999999716e+01 -3.525949322000000025e-03
7.870000000000000284e+01 -3.535916534000000094e-03
7.872499999999999432e+01 -3.549617997000000056e-03
7.875000000000000000e+01 -3.557668643999999970e-03
7.877500000000000568e+01 -3.578231786000000188e-03
7.879999999999999716e+01 -3.599987225000000207e-03
7.882500000000000284e+01 -3.616906492999999792e-03
7.884999999999999432e+01 -3.621753944999999818e-03
7.887500000000000000e+01 -3.643248826000000141e-03
7.890000000000000568e+01 -3.669205146999999882e-03
7.892499999999999716e+01 -3.673088055999999910e-03
7.895000000000000284e+01 -3.684888011999999831e-03
7.897499999999999432e+01 -3.704734215999999896e-03
7.900000000000000000e+01 -3.726941604999999859e-03
7.902500000000000568e+01 -3.738278486000000053e-03
7.904999999999999716e+01 -3.759863287000000161e-03
7.907500000000000284e+01 -3.770907455999999904e-03
7.909999999999999432e+01 -3.789168468000000175e-03
7.912500000000000000e+01 -3.808801709999999879e-03
7.915000000000000568e+01 -3.812996732000000031e-03
7.917499999999999716e+01 -3.828386779999999948e-03
7.920000000000000284e+01 -3.856138304999999922e-03
7.922499999999999432e+01 -3.867671487999999828e-03
7.925000000000000000e+01 -3.889339658999999873e-03
7.927500000000000568e+01 -3.898809971000000065e-03
7.929999999999999716e+01 -3.912206219999999658e-03
7.932500000000000284e+01 -3.940732397000000324e-03
7.934999999999999432e+01 -3.943649226000000424e-03
7.937500000000000000e+01 -3.966982972999999989e-03
7.940000000000000568e+01 -3.982144079999999642e-03
7.942499999999999716e+01 -4.008249260999999578e-03
7.945000000000000284e+01 -4.015495701000000237e-03
7.947499999999999432e+01 -4.048034776999999765e-03
7.950000000000000000e+01 -4.058653090000000248e-03
7.952500000000000568e+01 -4.073483578000000431e-03
7.954999999999999716e+01 -4.095800305000000217e-03
7.957500000000000284e+01 -4.107049988999999721e-03
7.959999999999999432e+01 -4.146695336000000114e-03
7.962500000000000000e+01 -4.151764563000000414e-03
7.965000000000000568e+01 -4.166700302999999835e-03
7.967499999999999716e+01 -4.177517446000000335e-03
7.970000000000000284e+01 -4.196133791999999765e-03
7.972499999999999432e+01 -4.226030308999999610e-03
7.975000000000000000e+01 -4.238584689000000384e-03
7.977500000000000568e+01 -4.252284872000000257e-03
7.979999999999999716e+01 -4.273064800000000302e-03
7.982500000000000284e+01 -4.291592761000000318e-03
7.984999999999999432e+01 -4.308088931000000031e-03
7.987500000000000000e+01 -4.324005532000000165e-03
7.990000000000000568e+01 -4.363149327999999751e-03
7.992499999999999716e+01 -4.365397362000000316e-03
7.995000000000000284e+01 -4.390778106000000139e-03
7.997499999999999432e+01 -4.406309934000000351e-03
8.000000000000000000e+01 -4.411602530999999758e-03
8.002500000000000568e+01 -4.435818379999999575e-03
8.004999999999999716e+01 -4.451305449000000393e-03
8.007500000000000284e+01 -4.475282415999999770e-03
8.009999999999999432e+01 -4.503676277999999616e-03
8.012500000000000000e+01 -4.510608894999999612e-03
8.015000000000000568e+01 -4.539267797000000326e-03
8.017499999999999716e+01 -4.573503125999999960e-03
8.020000000000000284e+01 -4.574369352000000333e-03
8.022499999999999432e+01 -4.601402961999999722e-03
8.025000000000000000e+01 -4.616030527999999758e-03
8.027500000000000568e+01 -4.648762386999999614e-03
8.029999999999999716e+01 -4.665256730999999685e-03
8.032500000000000284e+01 -4.670409884000000303e-03
8.034999999999999432e+01 -4.691906685999999889e-03
8.037500000000000000e+01 -4.717161230999999608e-03
8.040000000000000568e+01 -4.738230862999999980e-03
8.042499999999999716e+01 -4.748802576000000185e-03
8.045000000000000284e+01 -4.785599425999999788e-03
8.047499999999999432e+01 -4.802192280999999577e-03
8.050000000000000000e+01 -4.818192796000000076e-03
8.052500000000000568e+01 -4.840634665000000288e-03
8.054999999999999716e+01 -4.860169487000000343e-03
8.057500000000000284e+01 -4.877935499000000084e-03
8.059999999999999432e+01 -4.905766383999999973e-03
8.062500000000000000e+01 -4.922663336000000257e-03
8.065000000000000568e+01 -4.942020491000000300e-03
8.067499999999999716e+01 -4.974939575000000141e-03
8.070000000000000284e+01 -4.988194668999999977e-03
8.072499999999999432e+01 -5.011995035000000286e-03
8.075000000000000000e+01 -5.041719004999999608e-03
8.077500000000000568e+01 -5.052873115999999797e-03
8.079999999999999716e+01 -5.079048241000000408e-03
8.082500000000000284e+01 -5.096310035999999585e-03
8.084999999999999432e+01 -5.109352727000000295e-03
8.087500000000000000e+01 -5.145134838000000113e-03
8.090000000000000568e+01 -5.155911725000000140e-03
8.092499999999999716e+01 -5.193212471999999851e-03
8.095000000000000284e+01 -5.218110050999999992e-03
8.097499999999999432e+01 -5.238061732000000130e-03
8.100000000000000000e+01 -5.260168848000000043e-03
8.102500000000000568e+01 -5.281659559999999677e-03
8.104999999999999716e+01 -5.310791460000000366e-03
8.107500000000000284e+01 -5.340952494999999696e-03
8.109999999999999432e+01 -5.350286020000000024e-03
8.112500000000000000e+01 -5.369511113000000405e-03
8.115000000000000568e+01 -5.386918868999999652e-03
8.117499999999999716e+01 -5.420168484000000182e-03
8.120000000000000284e+01 -5.440605648999999842e-03
8.122499999999999432e+01 -5.456865075999999676e-03
8.125000000000000000e+01 -5.498406138000000269e-03
8.127500000000000568e+01 -5.517588107999999922e-03
8.129999999999999716e+01 -5.541796651000000309e-03
8.132500000000000284e+01 -5.572389445000000031e-03
8.134999999999999432e+01 -5.587667959999999788e-03
8.137500000000000000e+01 -5.601745951999999654e-03
8.140000000000000568e+01 -5.626187470000000232e-03
8.142499999999999716e+01 -5.651193005999999644e-03
8.145000000000000284e+01 -5.681058691000000389e-03
8.147499999999999432e+01 -5.717284926000000198e-03
8.150000000000000000e+01 -5.736208544999999576e-03
8.152500000000000568e+01 -5.760972127000000415e-03
8.154999999999999716e+01 -5.786422040000000107e-03
8.157500000000000284e+01 -5.821008364000000192e-03
8.159999999999999432e+01 -5.820465099999999961e-03
8.162500000000000000e+01 -5.857401077999999615e-03
8.165000000000000568e+01 -5.874228722999999715e-03
8.167499999999999716e+01 -5.904511624000000417e-03
8.170000000000000284e+01 -5.918656754999999589e-03
8.172499999999999432e+01 -5.963762093000000118e-03
8.175000000000000000e+01 -5.989744073999999675e-03
8.177500000000000568e+01 -6.008280559999999888e-03
8.179999999999999716e+01 -6.044323873999999860e-03
8.182500000000000284e+01 -6.051116819000000244e-03
8.184999999999999432e+01 -6.097292211000000274e-03
8.187500000000000000e+01 -6.120977922999999883e-03
8.190000000000000568e+01 -6.150713214000000373e-03
8.192499999999999716e+01 -6.173415687999999658e-03
8.195000000000000284e+01 -6.203103681000000057e-03
8.197499999999999432e+01 -6.242033200000000198e-03
8.200000000000000000e+01 -6.257687419999999681e-03
8.202500000000000568e+01 -6.272077556000000415e-03
8.204999999999999716e+01 -6.307566441999999662e-03
8.207500000000000284e+01 -6.330642743999999669e-03
8.209999999999999432e+01 -6.366822934999999579e-03
8.212500000000000000e+01 -6.387330713000000278e-03
8.215000000000000568e+01 -6.415453847999999862e-03
8.217499999999999716e+01 -6.442916729000000044e-03
8.220000000000000284e+01 -6.484227113000000375e-03
8.222499999999999432e+01 -6.501751818000000259e-03
8.225000000000000000e+01 -6.515423963999999839e-03
8.227500000000000568e+01 -6.568375950000000102e-03
8.229999999999999716e+01 -6.584624197999999935e-03
8.232500000000000284e+01 -6.626413793999999698e-03
8.234999999999999432e+01 -6.638664378000000074e-03
8.237500000000000000e+01 -6.693333134000000427e-03
8.240000000000000568e+01 -6.713124394999999724e-03
8.242499999999999716e+01 -6.734654825000000247e-03
8.245000000000000284e+01 -6.765891946000000129e-03
8.247499999999999432e+01 -6.792490548999999961e-03
8.250000000000000000e+01 -6.842117806000000239e-03
8.252500000000000568e+01 -6.868366715999999622e-03
8.254999999999999716e+01 -6.874857122999999785e-03
8.257500000000000284e+01 -6.908477072999999816e-03
8.259999999999999432e+01 -6.931572631999999637e-03
8.262500000000000000e+01 -6.985458364999999788e-03
8.265000000000000568e+01 -7.008192794000000191e-03
8.267499999999999716e+01 -7.054265506000000248e-03
8.270000000000000284e+01 -7.075920329000000286e-03
8.272499999999999432e+01 -7.098988581999999929e-03
8.275000000000000000e+01 -7.144999729000000091e-03
8.277500000000000568e+01 -7.170964590000000402e-03
8.279999999999999716e+01 -7.192788676000000207e-03
8.282500000000000284e+01 -7.229327667999999735e-03
8.284999999999999432e+01 -7.258168566999999641e-03
8.287500000000000000e+01 -7.291504287999999584e-03
8.290000000000000568e+01 -7.312453241999999909e-03
8.292499999999999716e+01 -7.341545159000000334e-03
8.295000000000000284e+01 -7.380370932999999987e-03
8.297499999999999432e+01 -7.426383003999999927e-03
8.300000000000000000e+01 -7.464033775000000065e-03
8.302500000000000568e+01 -7.479274123999999670e-03
8.304999999999999716e+01 -7.512841244000000029e-03
8.307500000000000284e+01 -7.568286764999999569e-03
8.309999999999999432e+01 -7.564432616000000414e-03
8.312500000000000000e+01 -7.624621786000000158e-03
8.315000000000000568e+01 -7.651308425999999926e-03
8.317499999999999716e+01 -7.694709279999999846e-03
8.320000000000000284e+01 -7.720926171000000102e-03
8.322499999999999432e+01 -7.750709435999999716e-03
8.325000000000000000e+01 -7.792424442000000021e-03
8.327500000000000568e+01 -7.837247227000000704e-03
8.329999999999999716e+01 -7.851462631000000539e-03
8.332500000000000284e+01 -7.886181792999999787e-03
8.334999999999999432e+01 -7.921056854000000161e-03
8.337500000000000000e+01 -7.973230668000000354e-03
8.340000000000000568e+01 -8.007871317000000641e-03
8.342499999999999716e+01 -8.060477402999999610e-03
8.345000000000000284e+01 -8.078424824999999587e-03
8.347499999999999432e+01 -8.104509601999999521e-03
8.350000000000000000e+01 -8.130321423000000727e-03
8.352500000000000568e+01 -8.200309863000000699e-03
8.354999999999999716e+01 -8.206423544999999140e-03
8.357500000000000284e+01 -8.252123369999999486e-03
8.359999999999999432e+01 -8.282532501000000602e-03
8.362500000000000000e+01 -8.330797431000000475e-03
8.365000000000000568e+01 -8.354282969999999794e-03
8.367499999999999716e+01 -8.380723599000000287e-03
8.370000000000000284e+01 -8.437802177999999612e-03
8.372499999999999432e+01 -8.465373006000000838e-03
8.375000000000000000e+01 -8.513616862999999479e-03
8.377500000000000568e+01 -8.544066851000000837e-03
8.379999999999999716e+01 -8.579300188999999452e-03
8.382500000000000284e+01 -8.646629217999999423e-03
8.384999999999999432e+01 -8.681819601000000108e-03
8.387500000000000000e+01 -8.702882368000000590e-03
8.390000000000000568e+01 -8.742376373000000297e-03
8.392499999999999716e+01 -8.775382498000000586e-03
8.395000000000000284e+01 -8.843948319000000807e-03
8.397499999999999432e+01 -8.865180356000000594e-03
8.400000000000000000e+01 -8.912394872999999246e-03
8.402500000000000568e+01 -8.940183776999999915e-03
8.404999999999999716e+01 -9.001703478000000480e-03
8.407500000000000284e+01 -9.039204449000000710e-03
8.409999999999999432e+01 -9.072845919999999315e-03
8.412500000000000000e+01 -9.094597139000000149e-03
8.415000000000000568e+01 -9.137086800999999828e-03
8.417499999999999716e+01 -9.197860853999999600e-03
8.420000000000000284e+01 -9.232412028999999187e-03
8.422499999999999432e+01 -9.268926639999999426e-03
8.425000000000000000e+01 -9.318340963999999227e-03
8.427500000000000568e+01 -9.352473716999999340e-03
8.429999999999999716e+01 -9.387785245000000375e-03
8.432500000000000284e+01 -9.426306618999999443e-03
8.434999999999999432e+01 -9.462744090999999566e-03
8.437500000000000000e+01 -9.529351554000000529e-03
8.440000000000000568e+01 -9.554271813000000252e-03
8.442499999999999716e+01 -9.614954024000000113e-03
8.445000000000000284e+01 -9.641871959000000714e-03
8.447499999999999432e+01 -9.685651503999999704e-03
8.450000000000000000e+01 -9.742929549000000841e-03
8.452500000000000568e+01 -9.786382794999999579e-03
8.454999999999999716e+01 -9.832307652999999759e-03
8.457500000000000284e+01 -9.876463594999999179e-03
8.459999999999999432e+01 -9.903629366000000003e-03
8.462500000000000000e+01 -9.967013530999999441e-03
8.465000000000000568e+01 -1.001313564000000031e-02
8.467499999999999716e+01 -1.005644711000000004e-02
8.470000000000000284e+01 -1.009095357000000005e-02
8.472499999999999432e+01 -1.014114036999999927e-02
8.475000000000000000e+01 -1.017479798000000060e-02
8.477500000000000568e+01 -1.022640996000000017e-02
8.479999999999999716e+01 -1.030801907000000045e-02
8.482500000000000284e+01 -1.034342677999999967e-02
8.484999999999999432e+01 -1.038483613000000007e-02
8.487500000000000000e+01 -1.042759442000000016e-02
8.490000000000000568e+01 -1.047304527999999915e-02
8.492499999999999716e+01 -1.049901100999999989e-02
8.495000000000000284e+01 -1.057891556999999982e-02
8.497499999999999432e+01 -1.060178789999999954e-02
8.500000000000000000e+01 -1.066170764000000035e-02
8.502500000000000568e+01 -1.068082773999999915e-02
8.504999999999999716e+01 -1.075990572000000076e-02
8.507500000000000284e+01 -1.079993238000000015e-02
8.509999999999999432e+01 -1.086325297000000079e-02
8.512500000000000000e+01 -1.089849118000000075e-02
8.515000000000000568e+01 -1.094696916999999929e-02
8.517499999999999716e+01 -1.099134096999999921e-02
8.520000000000000284e+01 -1.104680882000000017e-02
8.522499999999999432e+01 -1.111006557999999998e-02
8.525000000000000000e+01 -1.118038849999999917e-02
8.527500000000000568e+01 -1.118989274000000041e-02
8.529999999999999716e+01 -1.125292882999999987e-02
8.532500000000000284e+01 -1.128572977000000081e-02
8.534999999999999432e+01 -1.137524363000000024e-02
8.537500000000000000e+01 -1.143322285000000077e-02
8.540000000000000568e+01 -1.145205629999999919e-02
8.542499999999999716e+01 -1.151348666000000069e-02
8.545000000000000284e+01 -1.156716498000000086e-02
8.547499999999999432e+01 -1.161881248000000075e-02
8.550000000000000000e+01 -1.169435389000000013e-02
8.552500000000000568e+01 -1.172467559000000062e-02
8.554999999999999716e+01 -1.178040961000000053e-02
8.557500000000000284e+01 -1.184840734999999950e-02
8.559999999999999432e+01 -1.188400082999999975e-02
8.562500000000000000e+01 -1.192328676000000039e-02
8.565000000000000568e+01 -1.199310787999999933e-02
8.567499999999999716e+01 -1.204756591999999946e-02
8.570000000000000284e+01 -1.210365906999999984e-02
8.572499999999999432e+01 -1.214109413000000019e-02
8.575000000000000000e+01 -1.222229566000000017e-02
8.577500000000000568e+01 -1.228216164000000069e-02
8.579999999999999716e+01 -1.233518880000000068e-02
8.582500000000000284e+01 -1.237825357999999994e-02
8.584999999999999432e+01 -1.243984014999999915e-02
8.587500000000000000e+01 -1.249091847999999998e-02
8.590000000000000568e+01 -1.255875172000000053e-02
8.592499999999999716e+01 -1.261774992999999991e-02
8.595000000000000284e+01 -1.264265562999999926e-02
8.597499999999999432e+01 -1.272498814999999985e-02
8.600000000000000000e+01 -1.279965196999999916e-02
8.602500000000000568e+01 -1.284022769999999987e-02
8.604999999999999716e+01 -1.290529005999999958e-02
8.607500000000000284e+01 -1.297705725999999914e-02
8.609999999999999432e+01 -1.305587163999999932e-02
8.612500000000000000e+01 -1.308111523999999984e-02
8.615000000000000568e+01 -1.314048353000000016e-02
8.617499999999999716e+01 -1.319029126999999961e-02
8.620000000000000284e+01 -1.325089024000000032e-02
8.622499999999999432e+01 -1.335186713000000025e-02
8.625000000000000000e+01 -1.340393814000000010e-02
8.627500000000000568e+01 -1.344485047000000023e-02
8.629999999999999716e+01 -1.354683257000000030e-02
8.632500000000000284e+01 -1.358928254000000072e-02
8.634999999999999432e+01 -1.361874025999999967e-02
8.637500000000000000e+01 -1.369828099000000056e-02
8.640000000000000568e+01 -1.374597024999999959e-02
8.642499999999999716e+01 -1.385063681999999970e-02
8.645000000000000284e+01 -1.389831073000000021e-02
8.647499999999999432e+01 -1.396093644000000016e-02
8.650000000000000000e+01 -1.402102638999999998e-02
8.652500000000000568e+01 -1.407452621000000043e-02
8.654999999999999716e+01 -1.416407696999999986e-02
8.657500000000000284e+01 -1.421289513000000004e-02
8.659999999999999432e+01 -1.429910231999999976e-02
8.662500000000000000e+01 -1.432667967000000007e-02
8.665000000000000568e+01 -1.443165822999999993e-02
8.667499999999999716e+01 -1.450801617000000050e-02
8.670000000000000284e+01 -1.456273576000000070e-02
8.672499999999999432e+01 -1.462806544000000084e-02
8.675000000000000000e+01 -1.466548869000000067e-02
8.677500000000000568e+01 -1.475782221999999942e-02
8.679999999999999716e+01 -1.484208090000000042e-02
8.682500000000000284e+01 -1.489214405000000019e-02
8.684999999999999432e+01 -1.499074184999999934e-02
8.687500000000000000e+01 -1.504039331999999958e-02
8.690000000000000568e+01 -1.508116959999999951e-02
8.692499999999999716e+01 -1.517781611000000065e-02
8.695000000000000284e+01 -1.525905133999999955e-02
8.697499999999999432e+01 -1.532157762999999950e-02
8.700000000000000000e+01 -1.537871627999999949e-02
8.702500000000000568e+01 -1.546907435000000053e-02
8.704999999999999716e+01 -1.553047647999999947e-02
8.707500000000000284e+01 -1.561893754999999981e-02
8.709999999999999432e+01 -1.566607922000000028e-02
8.712500000000000000e+01 -1.574006447999999961e-02
8.715000000000000568e+01 -1.584503367000000135e-02
8.717499999999999716e+01 -1.585804458000000111e-02
8.720000000000000284e+01 -1.597822882999999985e-02
8.722499999999999432e+01 -1.609408052999999894e-02
8.725000000000000000e+01 -1.614009019000000114e-02
8.727500000000000568e+01 -1.621626313999999930e-02
8.729999999999999716e+01 -1.629772009999999952e-02
8.732500000000000284e+01 -1.635352674999999978e-02
8.734999999999999432e+01 -1.644401380000000065e-02
8.737500000000000000e+01 -1.652534560999999874e-02
8.740000000000000568e+01 -1.660160012000000060e-02
8.742499999999999716e+01 -1.664915444999999841e-02
8.745000000000000284e+01 -1.674719980999999844e-02
8.747499999999999432e+01 -1.680918208999999941e-02
8.750000000000000000e+01 -1.692985098000000105e-02
8.752500000000000568e+01 -1.698870610000000059e-02
8.754999999999999716e+01 -1.706042791999999933e-02
8.757500000000000284e+01 -1.712936321000000164e-02
8.759999999999999432e+01 -1.722367380999999947e-02
8.762500000000000000e+01 -1.729111280999999847e-02
8.765000000000000568e+01 -1.736813426999999840e-02
8.767499999999999716e+01 -1.744060475999999887e-02
8.770000000000000284e+01 -1.754579572000000004e-02
8.772499999999999432e+01 -1.764304740000000038e-02
8.775000000000000000e+01 -1.772338715999999953e-02
8.777500000000000568e+01 -1.783134105999999858e-02
8.779999999999999716e+01 -1.786174302000000103e-02
8.782500000000000284e+01 -1.802372097000000048e-02
8.784999999999999432e+01 -1.806945370000000162e-02
8.787500000000000000e+01 -1.814872068000000088e-02
8.790000000000000568e+01 -1.825796738000000016e-02
8.792499999999999716e+01 -1.833068910999999940e-02
8.795000000000000284e+01 -1.840732699000000028e-02
8.797499999999999432e+01 -1.852363064000000017e-02
8.800000000000000000e+01 -1.859564034000000046e-02
8.802500000000000568e+01 -1.871484803000000169e-02
8.804999999999999716e+01 -1.877828030999999925e-02
8.807500000000000284e+01 -1.884422437999999991e-02
8.809999999999999432e+01 -1.894887853999999844e-02
8.812500000000000000e+01 -1.904135469999999886e-02
8.815000000000000568e+01 -1.913831199000000025e-02
8.817499999999999716e+01 -1.920942574999999833e-02
8.820000000000000284e+01 -1.930626268999999923e-02
8.822499999999999432e+01 -1.940072409999999900e-02
8.825000000000000000e+01 -1.952621130999999954e-02
8.827500000000000568e+01 -1.960750103999999924e-02
8.829999999999999716e+01 -1.967375910000000033e-02
8.832500000000000284e+01 -1.978606431000000040e-02
8.834999999999999432e+01 -1.989103363999999985e-02
8.837500000000000000e+01 -1.998831133000000121e-02
8.840000000000000568e+01 -2.006059376999999935e-02
8.842499999999999716e+01 -2.015536893000000052e-02
8.845000000000000284e+01 -2.030854815999999854e-02
8.847499999999999432e+01 -2.036446864000000107e-02
8.850000000000000000e+01 -2.046494176000000081e-02
8.852500000000000568e+01 -2.057533371000000097e-02
8.854999999999999716e+01 -2.067071743999999989e-02
8.857500000000000284e+01 -2.073745654999999827e-02
8.859999999999999432e+01 -2.084181582999999893e-02
8.862500000000000000e+01 -2.091957216000000022e-02
8.865000000000000568e+01 -2.106138407000000129e-02
8.867499999999999716e+01 -2.113755795000000007e-02
8.870000000000000284e+01 -2.129304408000000023e-02
8.872499999999999432e+01 -2.137393036999999871e-02
8.875000000000000000e+01 -2.145382326999999839e-02
8.877500000000000568e+01 -2.157999882000000147e-02
8.879999999999999716e+01 -2.166882841000000032e-02
8.882500000000000284e+01 -2.182299686999999988e-02
8.884999999999999432e+01 -2.192105399999999885e-02
8.887500000000000000e+01 -2.200125141999999950e-02
8.890000000000000568e+01 -2.211645489000000145e-02
8.892499999999999716e+01 -2.222077687000000024e-02
8.895000000000000284e+01 -2.229111799999999866e-02
8.897499999999999432e+01 -2.246003189999999997e-02
8.900000000000000000e+01 -2.253142987000000125e-02
8.902500000000000568e+01 -2.266038742000000064e-02
8.904999999999999716e+01 -2.276753323999999856e-02
8.907500000000000284e+01 -2.287293040999999888e-02
8.909999999999999432e+01 -2.295732349000000061e-02
8.912500000000000000e+01 -2.312074109000000072e-02
8.915000000000000568e+01 -2.320052624999999896e-02
8.917499999999999716e+01 -2.336313476000000111e-02
8.920000000000000284e+01 -2.348212591999999932e-02
8.922499999999999432e+01 -2.353663694999999847e-02
8.925000000000000000e+01 -2.365692758000000062e-02
8.927500000000000568e+01 -2.384741295000000066e-02
8.929999999999999716e+01 -2.394064770000000134e-02
8.932500000000000284e+01 -2.403616298999999845e-02
8.934999999999999432e+01 -2.415951201999999923e-02
8.937500000000000000e+01 -2.425827833000000072e-02
8.940000000000000568e+01 -2.438365472000000173e-02
8.942499999999999716e+01 -2.453262252999999921e-02
8.945000000000000284e+01 -2.463751071999999848e-02
8.947499999999999432e+01 -2.473781351000000142e-02
8.950000000000000000e+01 -2.488985611000000056e-02
8.952500000000000568e+01 -2.498400161000000064e-02
8.954999999999999716e+01 -2.510700836999999949e-02
8.957500000000000284e+01 -2.526477645999999910e-02
8.959999999999999432e+01 -2.535303746999999913e-02
8.962500000000000000e+01 -2.548143107000000115e-02
8.965000000000000568e+01 -2.561238157999999945e-02
8.967499999999999716e+01 -2.574059626999999906e-02
8.970000000000000284e+01 -2.586751915000000054e-02
8.972499999999999432e+01 -2.602049535999999968e-02
8.975000000000000000e+01 -2.616204167000000039e-02
8.977500000000000568e+01 -2.627190949999999928e-02
8.979999999999999716e+01 -2.639946208999999905e-02
8.982500000000000284e+01 -2.650681883000000072e-02
8.984999999999999432e+01 -2.672249693999999981e-02
8.987500000000000000e+01 -2.679358529000000141e-02
8.990000000000000568e+01 -2.695860171999999930e-02
8.992499999999999716e+01 -2.706761425000000013e-02
8.995000000000000284e+01 -2.724088892000000109e-02
8.997499999999999432e+01 -2.734232438000000140e-02
9.000000000000000000e+01 -2.746805802999999907e-02
9.002500000000000568e+01 -2.764725728000000035e-02
9.004999999999999716e+01 -2.773385117000000052e-02
9.007500000000000284e+01 -2.794354563000000027e-02
9.009999999999999432e+01 -2.799649446000000014e-02
9.012500000000000000e+01 -2.815467752000000087e-02
9.015000000000000568e+01 -2.832209263000000019e-02
9.017499999999999716e+01 -2.849097941999999967e-02
9.020000000000000284e+01 -2.858658349000000112e-02
9.022499999999999432e+01 -2.870433787999999986e-02
9.025000000000000000e+01 -2.889176267999999867e-02
9.027500000000000568e+01 -2.904195784000000030e-02
9.029999999999999716e+01 -2.919992969000000105e-02
9.032500000000000284e+01 -2.933402539000000073e-02
9.034999999999999432e+01 -2.952160083999999865e-02
9.037500000000000000e+01 -2.964901849999999894e-02
9.040000000000000568e+01 -2.979187100999999838e-02
9.042499999999999716e+01 -2.994979149999999965e-02
9.045000000000000284e+01 -3.010973499999999858e-02
9.047499999999999432e+01 -3.022318465999999926e-02
9.050000000000000000e+01 -3.045842844000000091e-02
9.052500000000000568e+01 -3.056438607000000127e-02
9.054999999999999716e+01 -3.063805447999999945e-02
9.057500000000000284e+01 -3.086137073000000050e-02
9.059999999999999432e+01 -3.099101532999999978e-02
9.062500000000000000e+01 -3.117559203999999834e-02
9.065000000000000568e+01 -3.136136303999999958e-02
9.067499999999999716e+01 -3.151854161999999987e-02
9.070000000000000284e+01 -3.169255584999999820e-02
9.072499999999999432e+01 -3.191668532999999974e-02
9.075000000000000000e+01 -3.200524461999999792e-02
9.077500000000000568e+01 -3.213143829000000146e-02
9.079999999999999716e+01 -3.234316712000000205e-02
9.082500000000000284e+01 -3.242145901000000052e-02
9.084999999999999432e+01 -3.266216621000000292e-02
9.087500000000000000e+01 -3.282572620000000219e-02
9.090000000000000568e+01 -3.297518177000000050e-02
9.092499999999999716e+01 -3.309581159000000300e-02
9.095000000000000284e+01 -3.335474968999999762e-02
9.097499999999999432e+01 -3.352885651000000328e-02
9.100000000000000000e+01 -3.362909715000000216e-02
9.102500000000000568e+01 -3.378211493000000260e-02
9.104999999999999716e+01 -3.396655205000000122e-02
9.107500000000000284e+01 -3.414164413000000259e-02
9.109999999999999432e+01 -3.436536758000000025e-02
9.112500000000000000e+01 -3.456021235000000108e-02
9.115000000000000568e+01 -3.471750020000000103e-02
9.117499999999999716e+01 -3.495648717000000155e-02
9.120000000000000284e+01 -3.514175909000000209e-02
9.122499999999999432e+01 -3.527214372000000292e-02
9.125000000000000000e+01 -3.548765208000000115e-02
9.127500000000000568e+01 -3.565131861000000318e-02
9.129999999999999716e+01 -3.581149208000000000e-02
9.132500000000000284e+01 -3.606431370000000303e-02
9.134999999999999432e+01 -3.623622699000000197e-02
9.137500000000000000e+01 -3.642527553000000223e-02
9.140000000000000568e+01 -3.657590317000000008e-02
9.142499999999999716e+01 -3.679729220999999884e-02
9.145000000000000284e+01 -3.696909005000000026e-02
9.147499999999999432e+01 -3.719640838999999782e-02
9.150000000000000000e+01 -3.740179650000000078e-02
9.152500000000000568e+01 -3.761356864999999827e-02
9.154999999999999716e+01 -3.783670751999999859e-02
9.157500000000000284e+01 -3.797457055999999692e-02
9.159999999999999432e+01 -3.823498714000000270e-02
9.162500000000000000e+01 -3.843630649000000232e-02
9.165000000000000568e+01 -3.859694295999999830e-02
9.167499999999999716e+01 -3.874998945000000111e-02
9.170000000000000284e+01 -3.895906036999999961e-02
9.172499999999999432e+01 -3.924916691000000096e-02
9.175000000000000000e+01 -3.946333024999999772e-02
9.177500000000000568e+01 -3.958676852999999662e-02
9.179999999999999716e+01 -3.984419471999999657e-02
9.182500000000000284e+01 -4.008118276000000035e-02
9.184999999999999432e+01 -4.025966351000000165e-02
9.187500000000000000e+01 -4.048018972999999771e-02
9.190000000000000568e+01 -4.072562595999999757e-02
9.192499999999999716e+01 -4.094063784000000206e-02
9.195000000000000284e+01 -4.117975824999999673e-02
9.197499999999999432e+01 -4.135822557999999788e-02
9.200000000000000000e+01 -4.163066607000000252e-02
9.202500000000000568e+01 -4.188056150999999727e-02
9.204999999999999716e+01 -4.206256583000000243e-02
9.207500000000000284e+01 -4.227147570999999909e-02
9.209999999999999432e+01 -4.248318228999999752e-02
9.212500000000000000e+01 -4.273446639999999713e-02
9.215000000000000568e+01 -4.291284882000000189e-02
9.217499999999999716e+01 -4.324338702999999673e-02
9.220000000000000284e+01 -4.346408026000000285e-02
9.222499999999999432e+01 -4.360544745000000111e-02
9.225000000000000000e+01 -4.389778114000000148e-02
9.227500000000000568e+01 -4.415412003000000057e-02
9.229999999999999716e+01 -4.438210204000000297e-02
9.232500000000000284e+01 -4.468881702000000039e-02
9.234999999999999432e+01 -4.489499629999999658e-02
9.237500000000000000e+01 -4.507728821999999747e-02
9.240000000000000568e+01 -4.533806957000000026e-02
9.242499999999999716e+01 -4.560978235000000269e-02
9.245000000000000284e+01 -4.587013144000000320e-02
9.247499999999999432e+01 -4.611665021999999947e-02
9.250000000000000000e+01 -4.628929340000000059e-02
9.252500000000000568e+01 -4.664784795000000150e-02
9.254999999999999716e+01 -4.682244539000000177e-02
9.257500000000000284e+01 -4.704218137999999910e-02
9.259999999999999432e+01 -4.735871775000000117e-02
9.262500000000000000e+01 -4.768128770999999905e-02
9.265000000000000568e+01 -4.788941297999999708e-02
9.267499999999999716e+01 -4.818043385000000262e-02
9.270000000000000284e+01 -4.841797590000000012e-02
9.272499999999999432e+01 -4.869322973000000249e-02
9.275000000000000000e+01 -4.894496937000000075e-02
9.277500000000000568e+01 -4.932024246999999750e-02
9.279999999999999716e+01 -4.948917559999999743e-02
9.282500000000000284e+01 -4.981859110999999757e-02
9.284999999999999432e+01 -5.012501458000000187e-02
9.287500000000000000e+01 -5.047745564000000185e-02
9.290000000000000568e+01 -5.064177581999999844e-02
9.292499999999999716e+01 -5.089000355000000003e-02
9.295000000000000284e+01 -5.123482213000000313e-02
9.297499999999999432e+01 -5.147294216000000006e-02
9.300000000000000000e+01 -5.171584295000000026e-02
9.302500000000000568e+01 -5.212556320000000243e-02
9.304999999999999716e+01 -5.237285569999999835e-02
9.307500000000000284e+01 -5.266484965999999879e-02
9.309999999999999432e+01 -5.290732456000000333e-02
9.312500000000000000e+01 -5.322249493000000276e-02
9.315000000000000568e+01 -5.363947320999999657e-02
9.317499999999999716e+01 -5.392913413000000045e-02
9.320000000000000284e+01 -5.412944119000000220e-02
9.322499999999999432e+01 -5.455297538000000029e-02
9.325000000000000000e+01 -5.484934634000000059e-02
9.327500000000000568e+01 -5.521631611999999745e-02
9.329999999999999716e+01 -5.542723202000000154e-02
9.332500000000000284e+01 -5.576955530000000244e-02
9.334999999999999432e+01 -5.606232390000000232e-02
9.337500000000000000e+01 -5.645455776000000286e-02
9.340000000000000568e+01 -5.682391079000000123e-02
9.342499999999999716e+01 -5.701304022999999915e-02
9.345000000000000284e+01 -5.744552920999999868e-02
9.347499999999999432e+01 -5.775276949000000132e-02
9.350000000000000000e+01 -5.797690895000000288e-02
9.352500000000000568e+01 -5.833758202000000059e-02
9.354999999999999716e+01 -5.870160238000000225e-02
9.357500000000000284e+01 -5.910778033999999903e-02
9.359999999999999432e+01 -5.937488171000000065e-02
9.362500000000000000e+01 -5.984067131000000289e-02
9.365000000000000568e+01 -6.007948604999999859e-02
9.367499999999999716e+01 -6.044246427000000282e-02
9.370000000000000284e+01 -6.081421136000000199e-02
9.372499999999999432e+01 -6.115105841000000042e-02
9.375000000000000000e+01 -6.156257008999999752e-02
9.377500000000000568e+01 -6.187924136999999741e-02
9.379999999999999716e+01 -6.235068282000000295e-02
9.382500000000000284e+01 -6.266413971999999777e-02
9.384999999999999432e+01 -6.310657648999999647e-02
9.387500000000000000e+01 -6.334293523999999509e-02
9.390000000000000568e+01 -6.366219507999999749e-02
9.392499999999999716e+01 -6.424089968000000483e-02
9.395000000000000284e+01 -6.450895923999999670e-02
9.397499999999999432e+01 -6.494640589000000297e-02
9.400000000000000000e+01 -6.531335860999999687e-02
9.402500000000000568e+01 -6.565584002999999558e-02
9.404999999999999716e+01 -6.604144945999999849e-02
9.407500000000000284e+01 -6.653165609000000202e-02
9.409999999999999432e+01 -6.695151233000000424e-02
9.412500000000000000e+01 -6.720828447000000427e-02
9.415000000000000568e+01 -6.768970769000000332e-02
9.417499999999999716e+01 -6.808882844999999961e-02
9.420000000000000284e+01 -6.840497832000000389e-02
9.422499999999999432e+01 -6.880310643999999753e-02
9.425000000000000000e+01 -6.928871423999999335e-02
9.427500000000000568e+01 -6.969194163000000386e-02
9.429999999999999716e+01 -7.005854445999999680e-02
9.432500000000000284e+01 -7.058702336000000077e-02
9.434999999999999432e+01 -7.104019841000000501e-02
9.437500000000000000e+01 -7.136655754000000018e-02
9.440000000000000568e+01 -7.192661426999999441e-02
9.442499999999999716e+01 -7.236402228999999631e-02
9.445000000000000284e+01 -7.279496099000000442e-02
9.447499999999999432e+01 -7.327569899999999969e-02
9.450000000000000000e+01 -7.363173958999999491e-02
9.452500000000000568e+01 -7.418071973999999791e-02
9.454999999999999716e+01 -7.458161520999999350e-02
9.457500000000000284e+01 -7.498073423999999931e-02
9.459999999999999432e+01 -7.545030532999999484e-02
9.462500000000000000e+01 -7.593176156000000510e-02
9.465000000000000568e+01 -7.646541057000000308e-02
9.467499999999999716e+01 -7.694942660999999628e-02
9.470000000000000284e+01 -7.733016966000000325e-02
9.472499999999999432e+01 -7.792445692999999673e-02
9.475000000000000000e+01 -7.827528949999999763e-02
9.477500000000000568e+01 -7.880983409000000273e-02
9.479999999999999716e+01 -7.931612226999999737e-02
9.482500000000000284e+01 -7.985949304999999387e-02
9.484999999999999432e+01 -8.043022077000000492e-02
9.487500000000000000e+01 -8.081724423000000157e-02
9.490000000000000568e+01 -8.141268348999999849e-02
9.492499999999999716e+01 -8.200659772000000458e-02
9.495000000000000284e+01 -8.232006583999999794e-02
9.497499999999999432e+01 -8.292718302000000319e-02
9.500000000000000000e+01 -8.347408810999999706e-02
9.502500000000000568e+01 -8.394160730999999931e-02
9.504999999999999716e+01 -8.448247268000000365e-02
9.507500000000000284e+01 -8.516341988999999446e-02
9.509999999999999432e+01 -8.556411394000000559e-02
9.512500000000000000e+01 -8.616925452000000207e-02
9.515000000000000568e+01 -8.676177820000000041e-02
9.517499999999999716e+01 -8.730588594999999508e-02
9.520000000000000284e+01 -8.789352374999999384e-02
9.522499999999999432e+01 -8.841892585999999721e-02
9.525000000000000000e+01 -8.896624537000000221e-02
9.527500000000000568e+01 -8.957960008000000196e-02
9.529999999999999716e+01 -9.009785734000000379e-02
9.532500000000000284e+01 -9.060807891000000058e-02
9.534999999999999432e+01 -9.141275252000000129e-02
9.537500000000000000e+01 -9.209008455000000648e-02
9.540000000000000568e+01 -9.262273714999999519e-02
9.542499999999999716e+01 -9.315822380999999597e-02
9.545000000000000284e+01 -9.372328918000000231e-02
9.547499999999999432e+01 -9.424338337000000287e-02
9.550000000000000000e+01 -9.491405907000000086e-02
9.552500000000000568e+01 -9.554993545999999893e-02
9.554999999999999716e+01 -9.631042125000000009e-02
9.557500000000000284e+01 -9.695845912999999372e-02
9.559999999999999432e+01 -9.758757877000000247e-02
9.562500000000000000e+01 -9.818403388999999426e-02
9.565000000000000568e+01 -9.900126713000000078e-02
9.567499999999999716e+01 -9.956402088999999345e-02
9.570000000000000284e+01 -1.003088988000000042e-01
9.572499999999999432e+01 -1.008537498000000032e-01
9.575000000000000000e+01 -1.015479761000000064e-01
9.577500000000000568e+01 -1.022711339000000053e-01
9.579999999999999716e+01 -1.029935871000000058e-01
9.582500000000000284e+01 -1.036094040000000022e-01
9.584999999999999432e+01 -1.044946598000000004e-01
9.587500000000000000e+01 -1.052142174999999985e-01
9.590000000000000568e+01 -1.059670521000000004e-01
9.592499999999999716e+01 -1.065230766000000023e-01
9.595000000000000284e+01 -1.075169200000000019e-01
9.597499999999999432e+01 -1.079703020999999985e-01
9.600000000000000000e+01 -1.087356539000000066e-01
9.602500000000000568e+01 -1.094160076999999981e-01
9.604999999999999716e+01 -1.102505205999999988e-01
9.607500000000000284e+01 -1.110630647000000054e-01
9.609999999999999432e+01 -1.118573117000000033e-01
9.612500000000000000e+01 -1.127935976000000035e-01
9.615000000000000568e+01 -1.134556718999999991e-01
9.617499999999999716e+01 -1.143299458999999935e-01
9.620000000000000284e+01 -1.149867695999999967e-01
9.622499999999999432e+01 -1.158732952000000038e-01
9.625000000000000000e+01 -1.166991430999999996e-01
9.627500000000000568e+01 -1.175803975000000029e-01
9.629999999999999716e+01 -1.183046712000000028e-01
9.632500000000000284e+01 -1.194309711000000052e-01
9.634999999999999432e+01 -1.202617918999999980e-01
9.637500000000000000e+01 -1.209271744000000037e-01
9.640000000000000568e+01 -1.217727376000000000e-01
9.642499999999999716e+01 -1.227386460000000068e-01
9.645000000000000284e+01 -1.237061824000000032e-01
9.647499999999999432e+01 -1.245863873999999982e-01
9.650000000000000000e+01 -1.253509757000000058e-01
9.652500000000000568e+01 -1.265132660999999936e-01
9.654999999999999716e+01 -1.273024003000000071e-01
9.657500000000000284e+01 -1.283401088999999995e-01
9.659999999999999432e+01 -1.292794630000000111e-01
9.662500000000000000e+01 -1.302432823000000128e-01
9.665000000000000568e+01 -1.310910554999999977e-01
9.667499999999999716e+01 -1.321302297999999986e-01
9.670000000000000284e+01 -1.331798388000000055e-01
9.672499999999999432e+01 -1.341167533000000023e-01
9.675000000000000000e+01 -1.350489575999999914e-01
9.677500000000000568e+01 -1.363359276999999981e-01
9.679999999999999716e+01 -1.373046947000000073e-01
9.682500000000000284e+01 -1.381899540000000037e-01
9.684999999999999432e+01 -1.392398354000000116e-01
9.687500000000000000e+01 -1.403013102000000012e-01
9.690000000000000568e+01 -1.413559084000000077e-01
9.692499999999999716e+01 -1.423940636000000093e-01
9.695000000000000284e+01 -1.437500167000000106e-01
9.697499999999999432e+01 -1.448419153999999931e-01
9.700000000000000000e+01 -1.460307842999999939e-01
9.702500000000000568e+01 -1.470137381999999937e-01
9.704999999999999716e+01 -1.482591212000000103e-01
9.707500000000000284e+01 -1.493722036000000031e-01
9.709999999999999432e+01 -1.504194752000000135e-01
9.712500000000000000e+01 -1.518854466000000014e-01
9.715000000000000568e+01 -1.529614377999999886e-01
9.717499999999999716e+01 -1.541741027000000097e-01
9.720000000000000284e+01 -1.554212259999999957e-01
9.722499999999999432e+01 -1.565210901000000099e-01
9.725000000000000000e+01 -1.578445179000000087e-01
9.727500000000000568e+01 -1.591403031999999995e-01
9.729999999999999716e+01 -1.604391672999999907e-01
9.732500000000000284e+01 -1.617572328999999920e-01
9.734999999999999432e+01 -1.632518665999999896e-01
9.737500000000000000e+01 -1.642884903000000063e-01
9.740000000000000568e+01 -1.657367019000000052e-01
9.742499999999999716e+01 -1.671407997999999895e-01
9.745000000000000284e+01 -1.682572343000000026e-01
9.747499999999999432e+01 -1.699239797000000052e-01
9.750000000000000000e+01 -1.713174546000000020e-01
9.752500000000000568e+01 -1.727406915999999959e-01
9.754999999999999716e+01 -1.744606113000000125e-01
9.757500000000000284e+01 -1.755089381000000115e-01
9.759999999999999432e+01 -1.773339543999999934e-01
9.762500000000000000e+01 -1.785935865999999927e-01
9.765000000000000568e+01 -1.801425509000000036e-01
9.767499999999999716e+01 -1.814427691000000120e-01
9.770000000000000284e+01 -1.832627572999999954e-01
9.772499999999999432e+01 -1.848489929000000087e-01
9.775000000000000000e+01 -1.865426277999999993e-01
9.777500000000000568e+01 -1.880845261999999907e-01
9.779999999999999716e+01 -1.898571064000000030e-01
9.782500000000000284e+01 -1.913368277999999978e-01
9.784999999999999432e+01 -1.930293066999999863e-01
9.787500000000000000e+01 -1.946856918000000047e-01
9.790000000000000568e+01 -1.965643123999999964e-01
9.792499999999999716e+01 -1.980937150000000035e-01
9.795000000000000284e+01 -2.000348834000000020e-01
9.797499999999999432e+01 -2.019368431999999935e-01
9.800000000000000000e+01 -2.037417018000000080e-01
9.802500000000000568e+01 -2.056055012000000126e-01
9.804999999999999716e+01 -2.072077240000000098e-01
9.807500000000000284e+01 -2.093129414000000077e-01
9.809999999999999432e+01 -2.110282813000000091e-01
9.812500000000000000e+01 -2.128819259999999991e-01
9.815000000000000568e+01 -2.149844646000000081e-01
9.817499999999999716e+01 -2.171223224999999923e-01
9.820000000000000284e+01 -2.193701715999999968e-01
9.822499999999999432e+01 -2.212135382000000039e-01
9.825000000000000000e+01 -2.233646760000000120e-01
9.827500000000000568e+01 -2.254499171000000080e-01
9.829999999999999716e+01 -2.278572386000000116e-01
9.832500000000000284e+01 -2.298135900000000120e-01
9.834999999999999432e+01 -2.318656245999999865e-01
9.837500000000000000e+01 -2.342198353999999927e-01
9.840000000000000568e+01 -2.363783617000000115e-01
9.842499999999999716e+01 -2.386971995000000124e-01
9.845000000000000284e+01 -2.411030202999999983e-01
9.847499999999999432e+01 -2.434649034999999961e-01
9.850000000000000000e+01 -2.457179033999999929e-01
9.852500000000000568e+01 -2.483567858000000073e-01
9.854999999999999716e+01 -2.509071025999999871e-01
9.857500000000000284e+01 -2.532096970000000113e-01
9.859999999999999432e+01 -2.558450601999999741e-01
9.862500000000000000e+01 -2.587149921999999935e-01
9.865000000000000568e+01 -2.613847367000000088e-01
9.867499999999999716e+01 -2.637659996000000229e-01
9.870000000000000284e+01 -2.665868934000000245e-01
9.872499999999999432e+01 -2.693577629999999723e-01
9.875000000000000000e+01 -2.720600833999999857e-01
9.877500000000000568e+01 -2.749065292999999799e-01
9.879999999999999716e+01 -2.778995056999999935e-01
9.882500000000000284e+01 -2.808871942999999760e-01
9.884999999999999432e+01 -2.837587776000000117e-01
9.887500000000000000e+01 -2.868785913999999937e-01
9.890000000000000568e+01 -2.901180006999999894e-01
9.892499999999999716e+01 -2.927968257999999935e-01
9.895000000000000284e+01 -2.964120729999999981e-01
9.897499999999999432e+01 -2.995395921999999822e-01
9.900000000000000000e+01 -3.026787254000000149e-01
9.902500000000000568e+01 -3.064276544999999796e-01
9.904999999999999716e+01 -3.099024888999999949e-01
9.907500000000000284e+01 -3.131294474999999911e-01
9.909999999999999432e+01 -3.165219905000000167e-01
9.912500000000000000e+01 -3.202954109999999743e-01
9.915000000000000568e+01 -3.238304311999999907e-01
9.917499999999999716e+01 -3.277773059999999905e-01
9.920000000000000284e+01 -3.315873430999999871e-01
9.922499999999999432e+01 -3.352873640999999849e-01
9.925000000000000000e+01 -3.392058740000000183e-01
9.927500000000000568e+01 -3.432549851000000207e-01
9.929999999999999716e+01 -3.474441369999999862e-01
9.932500000000000284e+01 -3.514953684000000078e-01
9.934999999999999432e+01 -3.560264242999999773e-01
9.937500000000000000e+01 -3.598715871000000011e-01
9.940000000000000568e+01 -3.641589143000000250e-01
9.942499999999999716e+01 -3.690479693000000005e-01
9.945000000000000284e+01 -3.734011622999999780e-01
9.947499999999999432e+01 -3.780605436999999736e-01
9.950000000000000000e+01 -3.829049810999999859e-01
9.952500000000000568e+01 -3.876455196999999964e-01
9.954999999999999716e+01 -3.926672850999999853e-01
9.957500000000000284e+01 -3.974918508999999989e-01
9.959999999999999432e+01 -4.027394994999999867e-01
9.962500000000000000e+01 -4.078299727999999957e-01
9.965000000000000568e+01 -4.132967230999999853e-01
9.967499999999999716e+01 -4.186032284999999797e-01
9.970000000000000284e+01 -4.240463432000000088e-01
9.972499999999999432e+01 -4.296596832999999838e-01
9.975000000000000000e+01 -4.354585421000000123e-01
9.977500000000000568e+01 -4.414233189999999807e-01
9.979999999999999716e+01 -4.473727082000000244e-01
9.982500000000000284e+01 -4.534255249999999959e-01
9.984999999999999432e+01 -4.596953111000000036e-01
9.987500000000000000e+01 -4.661773390000000239e-01
9.990000000000000568e+01 -4.726579818000000155e-01
9.992499999999999716e+01 -4.793785607000000115e-01
9.995000000000000284e+01 -4.861900380999999993e-01
9.997499999999999432e+01 -4.930618216000000054e-01
1.000000000000000000e+02 -4.999939111000000214e-01
