0.000000000000000000e+00 -5.000567694999999979e-01
2.500000000000000052e-03 -4.993768989999999852e-01
5.000000000000000104e-03 -4.987176734000000056e-01
7.499999999999999722e-03 -4.980790925999999952e-01
1.000000000000000021e-02 -4.975051051000000113e-01
1.250000000000000069e-02 -4.969222991000000200e-01
1.499999999999999944e-02 -4.959864855000000183e-01
1.750000000000000167e-02 -4.955089308999999775e-01
2.000000000000000042e-02 -4.946735667000000114e-01
2.249999999999999917e-02 -4.943058698999999723e-01
2.500000000000000139e-02 -4.936267039000000190e-01
2.750000000000000014e-02 -4.931360324999999878e-01
2.999999999999999889e-02 -4.921756225999999734e-01
3.250000000000000111e-02 -4.917887798000000199e-01
3.500000000000000333e-02 -4.908937022000000039e-01
3.749999999999999861e-02 -4.901897427999999945e-01
4.000000000000000083e-02 -4.897131270999999786e-01
4.250000000000000305e-02 -4.890803658000000276e-01
4.499999999999999833e-02 -4.883098737000000078e-01
4.750000000000000056e-02 -4.873934173000000203e-01
5.000000000000000278e-02 -4.871471586000000187e-01
5.249999999999999806e-02 -4.864856788999999959e-01
5.500000000000000028e-02 -4.849882207999999806e-01
5.750000000000000250e-02 -4.851879208000000054e-01
5.999999999999999778e-02 -4.843153205999999877e-01
6.250000000000000000e-02 -4.834280100000000191e-01
6.500000000000000222e-02 -4.832314924000000178e-01
6.750000000000000444e-02 -4.823840671999999885e-01
7.000000000000000666e-02 -4.815996386999999990e-01
7.249999999999999500e-02 -4.808275909999999986e-01
7.499999999999999722e-02 -4.796995479000000229e-01
7.749999999999999944e-02 -4.795741621999999871e-01
8.000000000000000167e-02 -4.791640293000000161e-01
8.250000000000000389e-02 -4.783547510000000225e-01
8.500000000000000611e-02 -4.779709133000000221e-01
8.749999999999999445e-02 -4.776332343999999952e-01
8.999999999999999667e-02 -4.764341631999999827e-01
9.249999999999999889e-02 -4.758769901000000080e-01
9.500000000000000111e-02 -4.752972846999999890e-01
9.750000000000000333e-02 -4.750170002999999919e-01
1.000000000000000056e-01 -4.741668659000000119e-01
1.024999999999999939e-01 -4.733511621000000003e-01
1.049999999999999961e-01 -4.729286026000000254e-01
1.074999999999999983e-01 -4.722087650999999831e-01
1.100000000000000006e-01 -4.715907399000000000e-01
1.125000000000000028e-01 -4.707964594999999863e-01
1.150000000000000050e-01 -4.707579042999999741e-01
1.174999999999999933e-01 -4.702391812999999754e-01
1.199999999999999956e-01 -4.691701180999999776e-01
1.224999999999999978e-01 -4.684867600000000021e-01
1.250000000000000000e-01 -4.680086325000000214e-01
1.275000000000000022e-01 -4.672816780999999864e-01
1.300000000000000044e-01 -4.669608143000000267e-01
1.325000000000000067e-01 -4.663204792999999793e-01
1.350000000000000089e-01 -4.650977130999999765e-01
1.375000000000000111e-01 -4.645503237999999979e-01
1.400000000000000133e-01 -4.641467820999999883e-01
1.424999999999999878e-01 -4.634243341000000016e-01
1.449999999999999900e-01 -4.631203515000000270e-01
1.474999999999999922e-01 -4.624761003000000259e-01
1.499999999999999944e-01 -4.619130637000000150e-01
1.524999999999999967e-01 -4.614613587999999988e-01
1.549999999999999989e-01 -4.607416881999999991e-01
1.575000000000000011e-01 -4.600094392999999893e-01
1.600000000000000033e-01 -4.597804705999999908e-01
1.625000000000000056e-01 -4.583942310999999936e-01
1.650000000000000078e-01 -4.583442144000000051e-01
1.675000000000000100e-01 -4.579948362999999856e-01
1.700000000000000122e-01 -4.570793175000000264e-01
1.724999999999999867e-01 -4.562048893999999799e-01
1.749999999999999889e-01 -4.560127527000000236e-01
1.774999999999999911e-01 -4.552974020000000177e-01
1.799999999999999933e-01 -4.547255955000000238e-01
1.824999999999999956e-01 -4.541674601999999838e-01
1.849999999999999978e-01 -4.536794558999999727e-01
1.875000000000000000e-01 -4.534479755999999973e-01
1.900000000000000022e-01 -4.525793048999999790e-01
1.925000000000000044e-01 -4.523481368000000225e-01
1.950000000000000067e-01 -4.506034669999999798e-01
1.975000000000000089e-01 -4.508142660000000190e-01
2.000000000000000111e-01 -4.496777029999999842e-01
2.025000000000000133e-01 -4.494728782999999894e-01
2.049999999999999878e-01 -4.491131984000000243e-01
2.074999999999999900e-01 -4.485209296000000068e-01
2.099999999999999922e-01 -4.478294500000000178e-01
2.124999999999999944e-01 -4.475408905000000104e-01
2.149999999999999967e-01 -4.467265080999999749e-01
2.174999999999999989e-01 -4.462517914999999946e-01
2.200000000000000011e-01 -4.459986334000000108e-01
2.225000000000000033e-01 -4.449646901000000043e-01
2.250000000000000056e-01 -4.449242102000000032e-01
2.275000000000000078e-01 -4.439342870999999913e-01
2.300000000000000100e-01 -4.434789571000000152e-01
2.325000000000000122e-01 -4.430123751999999748e-01
2.349999999999999867e-01 -4.421444715000000247e-01
2.374999999999999889e-01 -4.421111402999999829e-01
2.399999999999999911e-01 -4.413780903000000255e-01
2.424999999999999933e-01 -4.408383820999999814e-01
2.449999999999999956e-01 -4.402620375999999891e-01
2.474999999999999978e-01 -4.396468653999999754e-01
2.500000000000000000e-01 -4.389862365000000155e-01
2.525000000000000022e-01 -4.384143588000000147e-01
2.550000000000000044e-01 -4.376917329000000190e-01
2.575000000000000067e-01 -4.373814824999999740e-01
2.600000000000000089e-01 -4.367665231999999786e-01
2.625000000000000111e-01 -4.365454436999999799e-01
2.650000000000000133e-01 -4.357462939000000257e-01
2.675000000000000155e-01 -4.355818764000000121e-01
2.700000000000000178e-01 -4.344767902000000181e-01
2.725000000000000200e-01 -4.338088763999999875e-01
2.750000000000000222e-01 -4.338779117000000074e-01
2.775000000000000244e-01 -4.334202730000000225e-01
2.800000000000000266e-01 -4.326574409999999760e-01
2.824999999999999734e-01 -4.322285867999999809e-01
2.849999999999999756e-01 -4.315850394999999895e-01
2.874999999999999778e-01 -4.313690064999999851e-01
2.899999999999999800e-01 -4.307712309000000239e-01
2.924999999999999822e-01 -4.296735956000000134e-01
2.949999999999999845e-01 -4.296962034999999847e-01
2.974999999999999867e-01 -4.289825366000000195e-01
2.999999999999999889e-01 -4.280742907000000264e-01
3.024999999999999911e-01 -4.280631230999999981e-01
3.049999999999999933e-01 -4.274542961000000196e-01
3.074999999999999956e-01 -4.262797757999999826e-01
3.099999999999999978e-01 -4.262441366999999981e-01
3.125000000000000000e-01 -4.253371643000000146e-01
3.150000000000000022e-01 -4.248950028999999851e-01
3.175000000000000044e-01 -4.248077536000000043e-01
3.200000000000000067e-01 -4.237702523999999915e-01
3.225000000000000089e-01 -4.239974363999999829e-01
3.250000000000000111e-01 -4.233330302000000156e-01
3.275000000000000133e-01 -4.224529141999999737e-01
3.300000000000000155e-01 -4.225047934000000227e-01
3.325000000000000178e-01 -4.213077483000000067e-01
3.350000000000000200e-01 -4.212506763000000154e-01
3.375000000000000222e-01 -4.211970931999999834e-01
3.400000000000000244e-01 -4.200915950999999926e-01
3.425000000000000266e-01 -4.196850611999999869e-01
3.449999999999999734e-01 -4.186622725999999961e-01
3.474999999999999756e-01 -4.183984034000000074e-01
3.499999999999999778e-01 -4.181357875999999751e-01
3.524999999999999800e-01 -4.176200971999999845e-01
3.549999999999999822e-01 -4.171962155999999755e-01
3.574999999999999845e-01 -4.166449937999999742e-01
3.599999999999999867e-01 -4.159700689999999978e-01
3.624999999999999889e-01 -4.154527547999999904e-01
3.649999999999999911e-01 -4.148244527000000126e-01
3.674999999999999933e-01 -4.144096513000000148e-01
3.699999999999999956e-01 -4.141403358999999895e-01
3.724999999999999978e-01 -4.132762211000000074e-01
3.750000000000000000e-01 -4.131627693000000101e-01
3.775000000000000022e-01 -4.127507660999999994e-01
3.800000000000000044e-01 -4.122638205999999972e-01
3.825000000000000067e-01 -4.116267927999999743e-01
3.850000000000000089e-01 -4.110887219000000092e-01
3.875000000000000111e-01 -4.108070140000000259e-01
3.900000000000000133e-01 -4.102230930999999914e-01
3.925000000000000155e-01 -4.100007256000000044e-01
3.950000000000000178e-01 -4.097704509999999800e-01
3.975000000000000200e-01 -4.084395351999999813e-01
4.000000000000000222e-01 -4.079812441999999817e-01
4.025000000000000244e-01 -4.074930118999999795e-01
4.050000000000000266e-01 -4.076631880000000097e-01
4.074999999999999734e-01 -4.069949888000000127e-01
4.099999999999999756e-01 -4.064028454999999984e-01
4.124999999999999778e-01 -4.059009313999999979e-01
4.149999999999999800e-01 -4.054432102000000149e-01
4.174999999999999822e-01 -4.053946699000000042e-01
4.199999999999999845e-01 -4.047193619000000187e-01
4.224999999999999867e-01 -4.044677604999999954e-01
4.249999999999999889e-01 -4.033540418000000072e-01
4.274999999999999911e-01 -4.029352962000000149e-01
4.299999999999999933e-01 -4.026478345000000236e-01
4.324999999999999956e-01 -4.019617173999999737e-01
4.349999999999999978e-01 -4.018708773999999928e-01
4.375000000000000000e-01 -4.009531056000000260e-01
4.400000000000000022e-01 -4.007472514000000041e-01
4.425000000000000044e-01 -4.003426424000000039e-01
4.450000000000000067e-01 -3.994686812000000087e-01
4.475000000000000089e-01 -3.992910292999999888e-01
4.500000000000000111e-01 -3.994884597000000204e-01
4.525000000000000133e-01 -3.981821776000000201e-01
4.550000000000000155e-01 -3.984253056000000015e-01
4.575000000000000178e-01 -3.977232524000000047e-01
4.600000000000000200e-01 -3.972171274999999890e-01
4.625000000000000222e-01 -3.967674548999999828e-01
4.650000000000000244e-01 -3.962228530999999943e-01
4.675000000000000266e-01 -3.956822594000000137e-01
4.699999999999999734e-01 -3.953504764999999921e-01
4.724999999999999756e-01 -3.944604396999999985e-01
4.749999999999999778e-01 -3.944557631999999758e-01
4.774999999999999800e-01 -3.940837529999999811e-01
4.799999999999999822e-01 -3.936333535000000050e-01
4.824999999999999845e-01 -3.928583118999999790e-01
4.849999999999999867e-01 -3.921925005999999936e-01
4.874999999999999889e-01 -3.924252716000000141e-01
4.899999999999999911e-01 -3.913596250999999970e-01
4.924999999999999933e-01 -3.912330270000000110e-01
4.949999999999999956e-01 -3.902022980000000030e-01
4.974999999999999978e-01 -3.900829842999999908e-01
5.000000000000000000e-01 -3.893741472000000203e-01
5.024999999999999467e-01 -3.900024000000000268e-01
5.050000000000000044e-01 -3.890905987000000121e-01
5.074999999999999512e-01 -3.889077610000000185e-01
5.100000000000000089e-01 -3.878244349000000146e-01
5.124999999999999556e-01 -3.880343056000000179e-01
5.150000000000000133e-01 -3.871486825000000076e-01
5.174999999999999600e-01 -3.872558365000000058e-01
5.200000000000000178e-01 -3.863249744000000208e-01
5.224999999999999645e-01 -3.856220866999999775e-01
5.250000000000000222e-01 -3.854249866000000191e-01
5.274999999999999689e-01 -3.844778621000000118e-01
5.300000000000000266e-01 -3.848115174000000249e-01
5.324999999999999734e-01 -3.842099535999999871e-01
5.350000000000000311e-01 -3.836938218000000012e-01
5.374999999999999778e-01 -3.833681977999999768e-01
5.400000000000000355e-01 -3.827908514000000206e-01
5.424999999999999822e-01 -3.825110070000000140e-01
5.450000000000000400e-01 -3.821848246999999810e-01
5.474999999999999867e-01 -3.815930100000000103e-01
5.500000000000000444e-01 -3.813727713000000241e-01
5.524999999999999911e-01 -3.811028107000000165e-01
5.550000000000000488e-01 -3.805218945000000130e-01
5.574999999999999956e-01 -3.802613135999999838e-01
5.600000000000000533e-01 -3.792513176000000263e-01
5.625000000000000000e-01 -3.788902284999999814e-01
5.649999999999999467e-01 -3.787194245000000126e-01
5.675000000000000044e-01 -3.777982482000000197e-01
5.699999999999999512e-01 -3.779769112999999958e-01
5.725000000000000089e-01 -3.770341180999999819e-01
5.749999999999999556e-01 -3.771708939000000260e-01
5.775000000000000133e-01 -3.768030088000000055e-01
5.799999999999999600e-01 -3.757873333999999788e-01
5.825000000000000178e-01 -3.755678009000000261e-01
5.849999999999999645e-01 -3.752719743999999857e-01
5.875000000000000222e-01 -3.748331265000000023e-01
5.899999999999999689e-01 -3.745815999000000063e-01
5.925000000000000266e-01 -3.740361115999999986e-01
5.949999999999999734e-01 -3.734317274000000242e-01
5.975000000000000311e-01 -3.730693085999999825e-01
5.999999999999999778e-01 -3.727951592000000036e-01
6.025000000000000355e-01 -3.725154742999999824e-01
6.049999999999999822e-01 -3.718106170000000099e-01
6.075000000000000400e-01 -3.715956512999999961e-01
6.099999999999999867e-01 -3.712488581000000232e-01
6.125000000000000444e-01 -3.707411448999999859e-01
6.149999999999999911e-01 -3.702983733999999916e-01
6.175000000000000488e-01 -3.699256331999999925e-01
6.199999999999999956e-01 -3.697191880999999847e-01
6.225000000000000533e-01 -3.693475330000000056e-01
6.250000000000000000e-01 -3.686921590000000193e-01
6.274999999999999467e-01 -3.687164566999999726e-01
6.300000000000000044e-01 -3.677435311999999734e-01
6.324999999999999512e-01 -3.677110520999999910e-01
6.350000000000000089e-01 -3.671971276000000062e-01
6.374999999999999556e-01 -3.668387033000000130e-01
6.400000000000000133e-01 -3.667654193000000062e-01
6.424999999999999600e-01 -3.659494766999999982e-01
6.450000000000000178e-01 -3.659633077000000179e-01
6.474999999999999645e-01 -3.657497491999999739e-01
6.500000000000000222e-01 -3.647696844000000160e-01
6.524999999999999689e-01 -3.643028772999999942e-01
6.550000000000000266e-01 -3.635758460999999886e-01
6.574999999999999734e-01 -3.634323096000000031e-01
6.600000000000000311e-01 -3.630459388000000232e-01
6.624999999999999778e-01 -3.628740977000000090e-01
6.650000000000000355e-01 -3.623798780999999969e-01
6.674999999999999822e-01 -3.621762162000000118e-01
6.700000000000000400e-01 -3.617303210999999741e-01
6.724999999999999867e-01 -3.614478701000000127e-01
6.750000000000000444e-01 -3.613120234000000153e-01
6.774999999999999911e-01 -3.608309255000000104e-01
6.800000000000000488e-01 -3.605272542999999885e-01
6.824999999999999956e-01 -3.598465484000000214e-01
6.850000000000000533e-01 -3.597879586000000129e-01
6.875000000000000000e-01 -3.591628141000000052e-01
6.899999999999999467e-01 -3.584402007999999973e-01
6.925000000000000044e-01 -3.581337546000000205e-01
6.949999999999999512e-01 -3.579084725000000189e-01
6.975000000000000089e-01 -3.583799429999999786e-01
6.999999999999999556e-01 -3.570447347999999854e-01
7.025000000000000133e-01 -3.573096768999999839e-01
7.049999999999999600e-01 -3.567011117000000175e-01
7.075000000000000178e-01 -3.559928180999999969e-01
7.099999999999999645e-01 -3.556554744000000046e-01
7.125000000000000222e-01 -3.555374525000000174e-01
7.149999999999999689e-01 -3.553265883000000236e-01
7.175000000000000266e-01 -3.547744754000000111e-01
7.199999999999999734e-01 -3.541089803999999952e-01
7.225000000000000311e-01 -3.538114687999999730e-01
7.249999999999999778e-01 -3.539092825999999858e-01
7.275000000000000355e-01 -3.537409962999999991e-01
7.299999999999999822e-01 -3.527440648999999873e-01
7.325000000000000400e-01 -3.522744355999999910e-01
7.349999999999999867e-01 -3.519141311000000272e-01
7.375000000000000444e-01 -3.521061047999999860e-01
7.399999999999999911e-01 -3.514539376999999964e-01
7.425000000000000488e-01 -3.511212530999999748e-01
7.449999999999999956e-01 -3.507729426999999789e-01
7.475000000000000533e-01 -3.501079262999999830e-01
7.500000000000000000e-01 -3.497851249000000218e-01
7.524999999999999467e-01 -3.495917104999999858e-01
7.550000000000000044e-01 -3.490888993999999856e-01
7.574999999999999512e-01 -3.489610246000000027e-01
7.600000000000000089e-01 -3.483378938999999730e-01
7.624999999999999556e-01 -3.477869667999999859e-01
7.650000000000000133e-01 -3.477420629999999901e-01
7.674999999999999600e-01 -3.471405034000000223e-01
7.700000000000000178e-01 -3.472325341999999981e-01
7.724999999999999645e-01 -3.468762710000000138e-01
7.750000000000000222e-01 -3.459484489999999912e-01
7.774999999999999689e-01 -3.453086491999999841e-01
7.800000000000000266e-01 -3.458425102000000084e-01
7.824999999999999734e-01 -3.450332235999999941e-01
7.850000000000000311e-01 -3.450402981999999841e-01
7.874999999999999778e-01 -3.446792897000000022e-01
7.900000000000000355e-01 -3.442988712000000229e-01
7.924999999999999822e-01 -3.433708963000000058e-01
7.950000000000000400e-01 -3.434079648000000207e-01
7.974999999999999867e-01 -3.431853561000000052e-01
8.000000000000000444e-01 -3.429062930999999814e-01
8.024999999999999911e-01 -3.424800787000000235e-01
8.050000000000000488e-01 -3.421108032999999882e-01
8.074999999999999956e-01 -3.415638279000000055e-01
8.100000000000000533e-01 -3.413376932000000141e-01
8.125000000000000000e-01 -3.408797204999999830e-01
8.149999999999999467e-01 -3.408807490999999912e-01
8.175000000000000044e-01 -3.409300022999999791e-01
8.199999999999999512e-01 -3.406567711999999859e-01
8.225000000000000089e-01 -3.389790521000000112e-01
8.249999999999999556e-01 -3.391252343000000224e-01
8.275000000000000133e-01 -3.389062161999999989e-01
8.299999999999999600e-01 -3.383519078000000180e-01
8.325000000000000178e-01 -3.380372394000000225e-01
8.349999999999999645e-01 -3.378434210999999854e-01
8.375000000000000222e-01 -3.376623869000000000e-01
8.399999999999999689e-01 -3.370153359999999987e-01
8.425000000000000266e-01 -3.369062260999999836e-01
8.449999999999999734e-01 -3.367610468000000190e-01
8.475000000000000311e-01 -3.364460910000000027e-01
8.499999999999999778e-01 -3.360433463999999981e-01
8.525000000000000355e-01 -3.360299771999999963e-01
8.549999999999999822e-01 -3.354958062000000241e-01
8.575000000000000400e-01 -3.352642692000000202e-01
8.599999999999999867e-01 -3.346163435000000241e-01
8.625000000000000444e-01 -3.342365008000000026e-01
8.649999999999999911e-01 -3.341166804999999851e-01
8.675000000000000488e-01 -3.337561989000000229e-01
8.699999999999999956e-01 -3.331206247999999870e-01
8.725000000000000533e-01 -3.327305541999999727e-01
8.750000000000000000e-01 -3.326786856000000236e-01
8.774999999999999467e-01 -3.323613228000000253e-01
8.800000000000000044e-01 -3.318282060000000144e-01
8.824999999999999512e-01 -3.309713691000000235e-01
8.850000000000000089e-01 -3.312323106999999767e-01
8.874999999999999556e-01 -3.314254239000000157e-01
8.900000000000000133e-01 -3.301921321999999881e-01
8.924999999999999600e-01 -3.306470329999999791e-01
8.950000000000000178e-01 -3.304214511999999937e-01
8.974999999999999645e-01 -3.299328113000000173e-01
9.000000000000000222e-01 -3.294915837999999875e-01
9.024999999999999689e-01 -3.286598089000000167e-01
9.050000000000000266e-01 -3.285631386000000265e-01
9.074999999999999734e-01 -3.281458501999999777e-01
9.100000000000000311e-01 -3.281532567000000067e-01
9.124999999999999778e-01 -3.279106696999999904e-01
9.150000000000000355e-01 -3.272352633000000233e-01
9.174999999999999822e-01 -3.264945958000000092e-01
9.200000000000000400e-01 -3.267766496999999770e-01
9.224999999999999867e-01 -3.266915371999999929e-01
9.250000000000000444e-01 -3.262908621999999759e-01
9.274999999999999911e-01 -3.258208741999999991e-01
9.300000000000000488e-01 -3.253607379999999827e-01
9.324999999999999956e-01 -3.250878689000000210e-01
9.350000000000000533e-01 -3.251934237999999922e-01
9.375000000000000000e-01 -3.249055464000000226e-01
9.399999999999999467e-01 -3.244260579000000089e-01
9.425000000000000044e-01 -3.239961485000000252e-01
9.449999999999999512e-01 -3.235534232000000232e-01
9.475000000000000089e-01 -3.235769332999999803e-01
9.499999999999999556e-01 -3.238855956000000202e-01
9.525000000000000133e-01 -3.230329685000000173e-01
9.549999999999999600e-01 -3.227546068000000101e-01
9.575000000000000178e-01 -3.222777150999999729e-01
9.599999999999999645e-01 -3.216487015000000227e-01
9.625000000000000222e-01 -3.215299540000000067e-01
9.649999999999999689e-01 -3.206646454000000035e-01
9.675000000000000266e-01 -3.210813479999999887e-01
9.699999999999999734e-01 -3.207073725999999847e-01
9.725000000000000311e-01 -3.204059506999999973e-01
9.749999999999999778e-01 -3.200221462000000239e-01
9.775000000000000355e-01 -3.198522598999999911e-01
9.799999999999999822e-01 -3.196334996999999900e-01
9.825000000000000400e-01 -3.191657963999999792e-01
9.849999999999999867e-01 -3.187482656000000247e-01
9.875000000000000444e-01 -3.185118754999999857e-01
9.899999999999999911e-01 -3.180037223000000135e-01
9.925000000000000488e-01 -3.178725907000000128e-01
9.949999999999999956e-01 -3.178818153999999896e-01
9.975000000000000533e-01 -3.171878332999999994e-01
1.000000000000000000e+00 -3.171281898000000155e-01
1.002499999999999947e+00 -3.170873721999999950e-01
1.004999999999999893e+00 -3.166818348000000061e-01
1.007500000000000062e+00 -3.162977027000000163e-01
1.010000000000000009e+00 -3.159915430999999941e-01
1.012499999999999956e+00 -3.158285003999999896e-01
1.014999999999999902e+00 -3.153698925000000264e-01
1.017500000000000071e+00 -3.151524868000000201e-01
1.020000000000000018e+00 -3.147354505000000136e-01
1.022499999999999964e+00 -3.139033267999999932e-01
1.024999999999999911e+00 -3.137919833999999741e-01
1.027500000000000080e+00 -3.136965372000000141e-01
1.030000000000000027e+00 -3.134997653000000106e-01
1.032499999999999973e+00 -3.132589259999999931e-01
1.034999999999999920e+00 -3.127786131999999997e-01
1.037500000000000089e+00 -3.124181520000000045e-01
1.040000000000000036e+00 -3.120982286000000272e-01
1.042499999999999982e+00 -3.121354426999999876e-01
1.044999999999999929e+00 -3.115798631999999735e-01
1.047500000000000098e+00 -3.117198863000000264e-01
1.050000000000000044e+00 -3.111955907999999771e-01
1.052499999999999991e+00 -3.107685170000000219e-01
1.054999999999999938e+00 -3.106515027999999790e-01
1.057500000000000107e+00 -3.101633200000000201e-01
1.060000000000000053e+00 -3.103408898000000193e-01
1.062500000000000000e+00 -3.101005695999999867e-01
1.064999999999999947e+00 -3.098220799999999997e-01
1.067499999999999893e+00 -3.091311843999999809e-01
1.070000000000000062e+00 -3.086780986000000060e-01
1.072500000000000009e+00 -3.082307966000000232e-01
1.074999999999999956e+00 -3.078378528999999864e-01
1.077499999999999902e+00 -3.079859404999999994e-01
1.080000000000000071e+00 -3.076705091999999975e-01
1.082500000000000018e+00 -3.074557265000000261e-01
1.084999999999999964e+00 -3.073951843000000128e-01
1.087499999999999911e+00 -3.069426718000000109e-01
1.090000000000000080e+00 -3.065148187999999774e-01
1.092500000000000027e+00 -3.061880323000000237e-01
1.094999999999999973e+00 -3.060155118999999813e-01
1.097499999999999920e+00 -3.059090161999999946e-01
1.100000000000000089e+00 -3.054477709999999790e-01
1.102500000000000036e+00 -3.052430328999999887e-01
1.104999999999999982e+00 -3.050353747999999809e-01
1.107499999999999929e+00 -3.049205281999999850e-01
1.110000000000000098e+00 -3.046616808000000010e-01
1.112500000000000044e+00 -3.042385423000000255e-01
1.114999999999999991e+00 -3.041289470999999911e-01
1.117499999999999938e+00 -3.037158762000000123e-01
1.120000000000000107e+00 -3.032704059999999924e-01
1.122500000000000053e+00 -3.030169509000000261e-01
1.125000000000000000e+00 -3.030161498000000231e-01
1.127499999999999947e+00 -3.026340366999999976e-01
1.129999999999999893e+00 -3.021832488000000261e-01
1.132500000000000062e+00 -3.019831459999999801e-01
1.135000000000000009e+00 -3.016276728000000240e-01
1.137499999999999956e+00 -3.012482200000000110e-01
1.139999999999999902e+00 -3.011905026999999735e-01
1.142500000000000071e+00 -3.008171317000000178e-01
1.145000000000000018e+00 -3.005721726000000205e-01
1.147499999999999964e+00 -3.003400633000000153e-01
1.149999999999999911e+00 -3.001291053999999847e-01
1.152500000000000080e+00 -2.999319188999999830e-01
1.155000000000000027e+00 -2.996563852999999944e-01
1.157499999999999973e+00 -2.991927886999999897e-01
1.159999999999999920e+00 -2.992518624000000127e-01
1.162500000000000089e+00 -2.988176915999999905e-01
1.165000000000000036e+00 -2.985005526000000242e-01
1.167499999999999982e+00 -2.984468565999999767e-01
1.169999999999999929e+00 -2.979067051000000022e-01
1.172500000000000098e+00 -2.981696468999999738e-01
1.175000000000000044e+00 -2.971983343999999860e-01
1.177499999999999991e+00 -2.972042429000000263e-01
1.179999999999999938e+00 -2.968088897999999753e-01
1.182500000000000107e+00 -2.967110034000000063e-01
1.185000000000000053e+00 -2.961661827000000025e-01
1.187500000000000000e+00 -2.963949811000000101e-01
1.189999999999999947e+00 -2.951437806000000164e-01
1.192499999999999893e+00 -2.958548079000000164e-01
1.195000000000000062e+00 -2.952251395000000112e-01
1.197500000000000009e+00 -2.953921802999999735e-01
1.199999999999999956e+00 -2.948582397000000244e-01
1.202499999999999902e+00 -2.946176526000000018e-01
1.205000000000000071e+00 -2.942427289999999807e-01
1.207500000000000018e+00 -2.940509526000000262e-01
1.209999999999999964e+00 -2.932958096000000126e-01
1.212499999999999911e+00 -2.935400832999999765e-01
1.215000000000000080e+00 -2.929842335999999769e-01
1.217500000000000027e+00 -2.925985193000000262e-01
1.219999999999999973e+00 -2.929249615000000251e-01
1.222499999999999920e+00 -2.922150633000000219e-01
1.225000000000000089e+00 -2.924034347000000200e-01
1.227500000000000036e+00 -2.920157178000000187e-01
1.229999999999999982e+00 -2.918996776000000182e-01
1.232499999999999929e+00 -2.917836062999999980e-01
1.235000000000000098e+00 -2.912838656000000248e-01
1.237500000000000044e+00 -2.909736828000000219e-01
1.239999999999999991e+00 -2.904788258000000067e-01
1.242499999999999938e+00 -2.899085931000000005e-01
1.245000000000000107e+00 -2.901971119000000265e-01
1.247500000000000053e+00 -2.898071331000000028e-01
1.250000000000000000e+00 -2.901631677000000020e-01
1.252499999999999947e+00 -2.897103518999999960e-01
1.254999999999999893e+00 -2.889747059000000173e-01
1.257500000000000062e+00 -2.890173838999999800e-01
1.260000000000000009e+00 -2.886338238999999750e-01
1.262499999999999956e+00 -2.881971691999999918e-01
1.264999999999999902e+00 -2.881243552000000152e-01
1.267500000000000071e+00 -2.880926904000000177e-01
1.270000000000000018e+00 -2.879102091999999891e-01
1.272499999999999964e+00 -2.875261259999999930e-01
1.274999999999999911e+00 -2.869282449000000179e-01
1.277500000000000080e+00 -2.870089745000000137e-01
1.280000000000000027e+00 -2.868983863999999828e-01
1.282499999999999973e+00 -2.865305590000000180e-01
1.284999999999999920e+00 -2.866158098000000098e-01
1.287500000000000089e+00 -2.860048311999999759e-01
1.290000000000000036e+00 -2.857914514000000072e-01
1.292499999999999982e+00 -2.859086610000000084e-01
1.294999999999999929e+00 -2.851658082999999899e-01
1.297500000000000098e+00 -2.854435832000000173e-01
1.300000000000000044e+00 -2.848229169000000005e-01
1.302499999999999991e+00 -2.850225697000000058e-01
1.304999999999999938e+00 -2.842952612999999906e-01
1.307500000000000107e+00 -2.843085163999999887e-01
1.310000000000000053e+00 -2.837292857000000001e-01
1.312500000000000000e+00 -2.838969082000000199e-01
1.314999999999999947e+00 -2.836010824999999902e-01
1.317499999999999893e+00 -2.830505137000000060e-01
1.320000000000000062e+00 -2.831299680000000096e-01
1.322500000000000009e+00 -2.828481660000000120e-01
1.324999999999999956e+00 -2.827179712999999817e-01
1.327499999999999902e+00 -2.820432695999999795e-01
1.330000000000000071e+00 -2.818954237999999890e-01
1.332500000000000018e+00 -2.816244057999999773e-01
1.334999999999999964e+00 -2.817151406000000247e-01
1.337499999999999911e+00 -2.814698829000000235e-01
1.340000000000000080e+00 -2.811245690999999991e-01
1.342500000000000027e+00 -2.806780065000000213e-01
1.344999999999999973e+00 -2.808653342999999913e-01
1.347499999999999920e+00 -2.804848173999999750e-01
1.350000000000000089e+00 -2.802785320999999774e-01
1.352500000000000036e+00 -2.798437743000000144e-01
1.354999999999999982e+00 -2.799437150999999901e-01
1.357499999999999929e+00 -2.795794918000000240e-01
1.360000000000000098e+00 -2.794512644000000101e-01
1.362500000000000044e+00 -2.794017583000000249e-01
1.364999999999999991e+00 -2.785903800000000263e-01
1.367499999999999938e+00 -2.785840103000000179e-01
1.370000000000000107e+00 -2.784400713999999888e-01
1.372500000000000053e+00 -2.783071299000000054e-01
1.375000000000000000e+00 -2.780010063999999725e-01
1.377499999999999947e+00 -2.781480572999999734e-01
1.379999999999999893e+00 -2.774020919999999890e-01
1.382500000000000062e+00 -2.773251234999999926e-01
1.385000000000000009e+00 -2.770560529000000161e-01
1.387499999999999956e+00 -2.765372551999999984e-01
1.389999999999999902e+00 -2.767252471000000158e-01
1.392500000000000071e+00 -2.761107399000000129e-01
1.395000000000000018e+00 -2.762647820999999948e-01
1.397499999999999964e+00 -2.756211058999999963e-01
1.399999999999999911e+00 -2.756177583000000153e-01
1.402500000000000080e+00 -2.754488233999999869e-01
1.405000000000000027e+00 -2.755618266000000038e-01
1.407499999999999973e+00 -2.747021704000000009e-01
1.409999999999999920e+00 -2.751142710000000213e-01
1.412500000000000089e+00 -2.743544613000000187e-01
1.415000000000000036e+00 -2.746935577999999878e-01
1.417499999999999982e+00 -2.744994197999999774e-01
1.419999999999999929e+00 -2.735239972999999880e-01
1.422500000000000098e+00 -2.735842505000000147e-01
1.425000000000000044e+00 -2.729415035000000156e-01
1.427499999999999991e+00 -2.732039928000000173e-01
1.429999999999999938e+00 -2.730639849000000008e-01
1.432500000000000107e+00 -2.727902868000000036e-01
1.435000000000000053e+00 -2.728219640999999807e-01
1.437500000000000000e+00 -2.724624217000000126e-01
1.439999999999999947e+00 -2.724864754999999916e-01
1.442499999999999893e+00 -2.721102133000000145e-01
1.445000000000000062e+00 -2.714231438999999968e-01
1.447500000000000009e+00 -2.712767882000000075e-01
1.449999999999999956e+00 -2.711904459000000212e-01
1.452499999999999902e+00 -2.710945746999999795e-01
1.455000000000000071e+00 -2.706873698000000217e-01
1.457500000000000018e+00 -2.707746329999999868e-01
1.459999999999999964e+00 -2.702908811999999994e-01
1.462499999999999911e+00 -2.701484567999999920e-01
1.465000000000000080e+00 -2.701310633999999822e-01
1.467500000000000027e+00 -2.701187921000000047e-01
1.469999999999999973e+00 -2.696204190000000001e-01
1.472499999999999920e+00 -2.694565875000000110e-01
1.475000000000000089e+00 -2.691281957000000169e-01
1.477500000000000036e+00 -2.686806576999999918e-01
1.479999999999999982e+00 -2.685646465000000038e-01
1.482499999999999929e+00 -2.684299218000000264e-01
1.485000000000000098e+00 -2.687582997999999890e-01
1.487500000000000044e+00 -2.681554716999999810e-01
1.489999999999999991e+00 -2.676508150999999947e-01
1.492499999999999938e+00 -2.680247698000000067e-01
1.495000000000000107e+00 -2.674749014999999730e-01
1.497500000000000053e+00 -2.672948453999999807e-01
1.500000000000000000e+00 -2.668453635999999962e-01
1.502499999999999947e+00 -2.673266978000000127e-01
1.504999999999999893e+00 -2.668527227999999973e-01
1.507500000000000062e+00 -2.666367166999999982e-01
1.510000000000000009e+00 -2.660621940999999824e-01
1.512499999999999956e+00 -2.659055135999999764e-01
1.514999999999999902e+00 -2.664677489999999760e-01
1.517500000000000071e+00 -2.658210967999999896e-01
1.520000000000000018e+00 -2.651836190999999898e-01
1.522499999999999964e+00 -2.648364429999999770e-01
1.524999999999999911e+00 -2.647398845999999750e-01
1.527500000000000080e+00 -2.648771220000000204e-01
1.530000000000000027e+00 -2.646348937999999928e-01
1.532499999999999973e+00 -2.640726883999999774e-01
1.534999999999999920e+00 -2.643825054000000230e-01
1.537500000000000089e+00 -2.639697704000000256e-01
1.540000000000000036e+00 -2.640273910000000002e-01
1.542499999999999982e+00 -2.636510207000000161e-01
1.544999999999999929e+00 -2.635012386999999734e-01
1.547500000000000098e+00 -2.632858664000000126e-01
1.550000000000000044e+00 -2.633915243000000128e-01
1.552499999999999991e+00 -2.629717948999999999e-01
1.554999999999999938e+00 -2.626067354000000131e-01
1.557500000000000107e+00 -2.626535568999999737e-01
1.560000000000000053e+00 -2.622376242000000190e-01
1.562500000000000000e+00 -2.619200508999999788e-01
1.564999999999999947e+00 -2.618080564999999971e-01
1.567499999999999893e+00 -2.615684655000000136e-01
1.570000000000000062e+00 -2.612651122999999909e-01
1.572500000000000009e+00 -2.611882515999999765e-01
1.574999999999999956e+00 -2.606898589000000155e-01
1.577499999999999902e+00 -2.607604260999999979e-01
1.580000000000000071e+00 -2.607048590000000110e-01
1.582500000000000018e+00 -2.605674861999999758e-01
1.584999999999999964e+00 -2.603657891000000224e-01
1.587499999999999911e+00 -2.598621764999999861e-01
1.590000000000000080e+00 -2.596832132999999931e-01
1.592500000000000027e+00 -2.597512882999999939e-01
1.594999999999999973e+00 -2.600173103000000263e-01
1.597499999999999920e+00 -2.589856174999999872e-01
1.600000000000000089e+00 -2.589471582999999799e-01
1.602500000000000036e+00 -2.589397930999999820e-01
1.604999999999999982e+00 -2.584744840000000043e-01
1.607499999999999929e+00 -2.585476203000000028e-01
1.610000000000000098e+00 -2.580490255999999816e-01
1.612500000000000044e+00 -2.578699137000000086e-01
1.614999999999999991e+00 -2.582172618999999947e-01
1.617499999999999938e+00 -2.575848882999999812e-01
1.620000000000000107e+00 -2.580914979999999748e-01
1.622500000000000053e+00 -2.570530584999999868e-01
1.625000000000000000e+00 -2.570880725999999949e-01
1.627499999999999947e+00 -2.567323393000000009e-01
1.629999999999999893e+00 -2.569982612000000222e-01
1.632500000000000062e+00 -2.564892420000000062e-01
1.635000000000000009e+00 -2.563914055000000025e-01
1.637499999999999956e+00 -2.557643949000000250e-01
1.639999999999999902e+00 -2.560676835999999845e-01
1.642500000000000071e+00 -2.558951807000000023e-01
1.645000000000000018e+00 -2.556151770999999795e-01
1.647499999999999964e+00 -2.554530567000000141e-01
1.649999999999999911e+00 -2.547956632000000221e-01
1.652500000000000080e+00 -2.547981329999999822e-01
1.655000000000000027e+00 -2.547720111999999815e-01
1.657499999999999973e+00 -2.547479316999999854e-01
1.659999999999999920e+00 -2.544557948000000236e-01
1.662500000000000089e+00 -2.544484396999999731e-01
1.665000000000000036e+00 -2.540216115999999746e-01
1.667499999999999982e+00 -2.536222799000000250e-01
1.669999999999999929e+00 -2.536106081000000234e-01
1.672500000000000098e+00 -2.539073894000000164e-01
1.675000000000000044e+00 -2.536210293000000227e-01
1.677499999999999991e+00 -2.531953158999999953e-01
1.679999999999999938e+00 -2.527961476999999735e-01
1.682500000000000107e+00 -2.529463953000000154e-01
1.685000000000000053e+00 -2.527705312999999898e-01
1.687500000000000000e+00 -2.521951049999999750e-01
1.689999999999999947e+00 -2.522630872000000135e-01
1.692499999999999893e+00 -2.522635977000000085e-01
1.695000000000000062e+00 -2.519638523000000130e-01
1.697500000000000009e+00 -2.516848985999999844e-01
1.699999999999999956e+00 -2.514074304000000204e-01
1.702499999999999902e+00 -2.514891913999999784e-01
1.705000000000000071e+00 -2.510096097999999776e-01
1.707500000000000018e+00 -2.508483604999999783e-01
1.709999999999999964e+00 -2.507821787000000247e-01
1.712499999999999911e+00 -2.503663890000000225e-01
1.715000000000000080e+00 -2.508629316000000053e-01
1.717500000000000027e+00 -2.500506556000000047e-01
1.719999999999999973e+00 -2.500046737000000130e-01
1.722499999999999920e+00 -2.500531218000000000e-01
1.725000000000000089e+00 -2.497563832999999955e-01
1.727500000000000036e+00 -2.496343397999999936e-01
1.729999999999999982e+00 -2.490494011999999924e-01
1.732499999999999929e+00 -2.496420028000000124e-01
1.735000000000000098e+00 -2.491939058000000040e-01
1.737500000000000044e+00 -2.491043987999999876e-01
1.739999999999999991e+00 -2.486309344000000032e-01
1.742499999999999938e+00 -2.483420013000000037e-01
1.745000000000000107e+00 -2.479728982999999942e-01
1.747500000000000053e+00 -2.476839590999999896e-01
1.750000000000000000e+00 -2.480734111000000019e-01
1.752499999999999947e+00 -2.479156640999999883e-01
1.754999999999999893e+00 -2.474473923999999936e-01
1.757500000000000062e+00 -2.476619223000000036e-01
1.760000000000000009e+00 -2.473275914999999991e-01
1.762499999999999956e+00 -2.471031559999999905e-01
1.764999999999999902e+00 -2.463527453999999894e-01
1.767500000000000071e+00 -2.466356492000000011e-01
1.770000000000000018e+00 -2.463214971999999892e-01
1.772499999999999964e+00 -2.465390242999999926e-01
1.774999999999999911e+00 -2.462247415000000106e-01
1.777500000000000080e+00 -2.458367848999999938e-01
1.780000000000000027e+00 -2.455156830999999928e-01
1.782499999999999973e+00 -2.459503869000000120e-01
1.784999999999999920e+00 -2.452434236000000101e-01
1.787500000000000089e+00 -2.455106649999999890e-01
1.790000000000000036e+00 -2.452848130999999987e-01
1.792499999999999982e+00 -2.450082500999999913e-01
1.794999999999999929e+00 -2.446029821000000049e-01
1.797500000000000098e+00 -2.447406832000000032e-01
1.800000000000000044e+00 -2.445642611000000133e-01
1.802499999999999991e+00 -2.444485656000000007e-01
1.804999999999999938e+00 -2.438076297000000003e-01
1.807500000000000107e+00 -2.443725778999999987e-01
1.810000000000000053e+00 -2.442122660999999917e-01
1.812500000000000000e+00 -2.441069017999999979e-01
1.814999999999999947e+00 -2.433296829999999911e-01
1.817499999999999893e+00 -2.433097415999999902e-01
1.820000000000000062e+00 -2.431715069000000007e-01
1.822500000000000009e+00 -2.435026211000000107e-01
1.824999999999999956e+00 -2.430057250999999863e-01
1.827499999999999902e+00 -2.424682430000000000e-01
1.830000000000000071e+00 -2.427369480999999884e-01
1.832500000000000018e+00 -2.422796540999999915e-01
1.834999999999999964e+00 -2.420279768999999970e-01
1.837499999999999911e+00 -2.418443029000000022e-01
1.840000000000000080e+00 -2.420819099000000030e-01
1.842500000000000027e+00 -2.414757254999999880e-01
1.844999999999999973e+00 -2.416112461999999905e-01
1.847499999999999920e+00 -2.411397322999999926e-01
1.850000000000000089e+00 -2.415321539999999989e-01
1.852500000000000036e+00 -2.415130020000000044e-01
1.854999999999999982e+00 -2.411237801999999986e-01
1.857499999999999929e+00 -2.402796571999999964e-01
1.860000000000000098e+00 -2.403276310999999943e-01
1.862500000000000044e+00 -2.406620205999999984e-01
1.864999999999999991e+00 -2.401065993000000010e-01
1.867499999999999938e+00 -2.398764770000000046e-01
1.870000000000000107e+00 -2.399292157000000036e-01
1.872500000000000053e+00 -2.397808637999999937e-01
1.875000000000000000e+00 -2.397727161000000051e-01
1.877499999999999947e+00 -2.395181372999999891e-01
1.879999999999999893e+00 -2.392776395000000000e-01
1.882500000000000062e+00 -2.393880053999999924e-01
1.885000000000000009e+00 -2.385515095999999891e-01
1.887499999999999956e+00 -2.386380872999999958e-01
1.889999999999999902e+00 -2.384617747999999982e-01
1.892500000000000071e+00 -2.383055770999999989e-01
1.895000000000000018e+00 -2.385208941999999999e-01
1.897499999999999964e+00 -2.382137964000000108e-01
1.899999999999999911e+00 -2.381593877000000026e-01
1.902500000000000080e+00 -2.378126972999999866e-01
1.905000000000000027e+00 -2.377762585000000040e-01
1.907499999999999973e+00 -2.374837478999999862e-01
1.909999999999999920e+00 -2.376415890999999947e-01
1.912500000000000089e+00 -2.375445985999999898e-01
1.915000000000000036e+00 -2.371624055000000064e-01
1.917499999999999982e+00 -2.372084838999999890e-01
1.919999999999999929e+00 -2.367141285999999900e-01
1.922500000000000098e+00 -2.368136523999999909e-01
1.925000000000000044e+00 -2.364601393000000107e-01
1.927499999999999991e+00 -2.363257833999999891e-01
1.929999999999999938e+00 -2.357012719000000089e-01
1.932500000000000107e+00 -2.361291124000000075e-01
1.935000000000000053e+00 -2.360004443000000007e-01
1.937500000000000000e+00 -2.355406683000000057e-01
1.939999999999999947e+00 -2.357635942000000095e-01
1.942499999999999893e+00 -2.356144961999999954e-01
1.945000000000000062e+00 -2.354496521999999981e-01
1.947500000000000009e+00 -2.349086824000000129e-01
1.949999999999999956e+00 -2.349577200999999893e-01
1.952499999999999902e+00 -2.351142021000000026e-01
1.955000000000000071e+00 -2.345470647000000020e-01
1.957500000000000018e+00 -2.346962216000000045e-01
1.959999999999999964e+00 -2.342554844999999997e-01
1.962499999999999911e+00 -2.344990110999999877e-01
1.965000000000000080e+00 -2.339151120000000084e-01
1.967500000000000027e+00 -2.337728115999999912e-01
1.969999999999999973e+00 -2.339053889000000108e-01
1.972499999999999920e+00 -2.334847422000000117e-01
1.975000000000000089e+00 -2.333231312000000057e-01
1.977500000000000036e+00 -2.330186283000000025e-01
1.979999999999999982e+00 -2.331702221999999991e-01
1.982499999999999929e+00 -2.331327307000000126e-01
1.985000000000000098e+00 -2.331009890999999890e-01
1.987500000000000044e+00 -2.326391955999999872e-01
1.989999999999999991e+00 -2.323938254000000037e-01
1.992499999999999938e+00 -2.322060663000000136e-01
1.995000000000000107e+00 -2.322746058000000058e-01
1.997500000000000053e+00 -2.322181918000000012e-01
2.000000000000000000e+00 -2.321091503000000111e-01
2.002499999999999947e+00 -2.316521897999999913e-01
2.004999999999999893e+00 -2.317769338000000012e-01
2.007499999999999840e+00 -2.317477555000000133e-01
2.009999999999999787e+00 -2.312372789000000095e-01
2.012500000000000178e+00 -2.311789854000000088e-01
2.015000000000000124e+00 -2.308029098999999917e-01
2.017500000000000071e+00 -2.307642903000000079e-01
2.020000000000000018e+00 -2.306135462999999997e-01
2.022499999999999964e+00 -2.305999783999999886e-01
2.024999999999999911e+00 -2.309878223000000064e-01
2.027499999999999858e+00 -2.305716104999999960e-01
2.029999999999999805e+00 -2.295439864999999913e-01
2.032500000000000195e+00 -2.300698137999999948e-01
2.035000000000000142e+00 -2.296103298000000126e-01
2.037500000000000089e+00 -2.297962793999999975e-01
2.040000000000000036e+00 -2.297593562999999950e-01
2.042499999999999982e+00 -2.294343862000000067e-01
2.044999999999999929e+00 -2.293622395999999897e-01
2.047499999999999876e+00 -2.293053720000000073e-01
2.049999999999999822e+00 -2.292714101999999976e-01
2.052500000000000213e+00 -2.286527418000000034e-01
2.055000000000000160e+00 -2.289920155000000068e-01
2.057500000000000107e+00 -2.286174052999999928e-01
2.060000000000000053e+00 -2.282884618999999893e-01
2.062500000000000000e+00 -2.286607610999999984e-01
2.064999999999999947e+00 -2.282152377999999981e-01
2.067499999999999893e+00 -2.280962827999999942e-01
2.069999999999999840e+00 -2.279598838999999932e-01
2.072499999999999787e+00 -2.277309173000000020e-01
2.075000000000000178e+00 -2.273816971000000020e-01
2.077500000000000124e+00 -2.273138990999999942e-01
2.080000000000000071e+00 -2.273957215999999892e-01
2.082500000000000018e+00 -2.274439648000000092e-01
2.084999999999999964e+00 -2.269051339000000000e-01
2.087499999999999911e+00 -2.269157136999999935e-01
2.089999999999999858e+00 -2.267330996999999959e-01
2.092499999999999805e+00 -2.267880593000000111e-01
2.095000000000000195e+00 -2.264964560999999932e-01
2.097500000000000142e+00 -2.261572146999999977e-01
2.100000000000000089e+00 -2.258867769000000025e-01
2.102500000000000036e+00 -2.258554600999999884e-01
2.104999999999999982e+00 -2.261405820999999872e-01
2.107499999999999929e+00 -2.260028181000000025e-01
2.109999999999999876e+00 -2.257847979000000005e-01
2.112499999999999822e+00 -2.257155886999999972e-01
2.115000000000000213e+00 -2.255361113999999889e-01
2.117500000000000160e+00 -2.253870142000000132e-01
2.120000000000000107e+00 -2.250465503000000089e-01
2.122500000000000053e+00 -2.251114406999999984e-01
2.125000000000000000e+00 -2.249398099000000095e-01
2.127499999999999947e+00 -2.252278658999999905e-01
2.129999999999999893e+00 -2.247831197999999864e-01
2.132499999999999840e+00 -2.243647763999999933e-01
2.134999999999999787e+00 -2.242776630999999965e-01
2.137500000000000178e+00 -2.241832924000000116e-01
2.140000000000000124e+00 -2.242881277999999867e-01
2.142500000000000071e+00 -2.235247851000000119e-01
2.145000000000000018e+00 -2.238853038999999989e-01
2.147499999999999964e+00 -2.239791556999999877e-01
2.149999999999999911e+00 -2.236990152999999981e-01
2.152499999999999858e+00 -2.236703066999999878e-01
2.154999999999999805e+00 -2.227752819999999911e-01
2.157500000000000195e+00 -2.231390906999999868e-01
2.160000000000000142e+00 -2.227144332000000060e-01
2.162500000000000089e+00 -2.230154203999999973e-01
2.165000000000000036e+00 -2.229828057999999891e-01
2.167499999999999982e+00 -2.225053094999999981e-01
2.169999999999999929e+00 -2.225890892999999870e-01
2.172499999999999876e+00 -2.221265336000000090e-01
2.174999999999999822e+00 -2.222654242999999863e-01
2.177500000000000213e+00 -2.224160068000000101e-01
2.180000000000000160e+00 -2.221553827999999953e-01
2.182500000000000107e+00 -2.222168273000000027e-01
2.185000000000000053e+00 -2.213708791000000009e-01
2.187500000000000000e+00 -2.219290844000000040e-01
2.189999999999999947e+00 -2.212840953999999916e-01
2.192499999999999893e+00 -2.212314394999999878e-01
2.194999999999999840e+00 -2.210757325000000106e-01
2.197499999999999787e+00 -2.213298672000000022e-01
2.200000000000000178e+00 -2.207804331000000064e-01
2.202500000000000124e+00 -2.206716002999999926e-01
2.205000000000000071e+00 -2.204045695999999888e-01
2.207500000000000018e+00 -2.202577572999999955e-01
2.209999999999999964e+00 -2.205886730000000129e-01
2.212499999999999911e+00 -2.202828971000000136e-01
2.214999999999999858e+00 -2.201096234999999901e-01
2.217499999999999805e+00 -2.198909571999999868e-01
2.220000000000000195e+00 -2.201741844000000004e-01
2.222500000000000142e+00 -2.198681369999999913e-01
2.225000000000000089e+00 -2.196680145999999889e-01
2.227500000000000036e+00 -2.192193497999999907e-01
2.229999999999999982e+00 -2.197339338000000031e-01
2.232499999999999929e+00 -2.192793204000000051e-01
2.234999999999999876e+00 -2.194002669000000016e-01
2.237499999999999822e+00 -2.188339324999999946e-01
2.240000000000000213e+00 -2.187212893000000102e-01
2.242500000000000160e+00 -2.186153257000000016e-01
2.245000000000000107e+00 -2.186745817999999897e-01
2.247500000000000053e+00 -2.185159817000000004e-01
2.250000000000000000e+00 -2.186341185000000020e-01
2.252499999999999947e+00 -2.185254440999999936e-01
2.254999999999999893e+00 -2.181172056000000026e-01
2.257499999999999840e+00 -2.178781361000000083e-01
2.259999999999999787e+00 -2.180129600000000056e-01
2.262500000000000178e+00 -2.176340122000000044e-01
2.265000000000000124e+00 -2.174267008999999917e-01
2.267500000000000071e+00 -2.172520259000000065e-01
2.270000000000000018e+00 -2.171977804999999928e-01
2.272499999999999964e+00 -2.170040732999999888e-01
2.274999999999999911e+00 -2.169845253000000085e-01
2.277499999999999858e+00 -2.165184478000000134e-01
2.279999999999999805e+00 -2.166804609999999909e-01
2.282500000000000195e+00 -2.168399721000000002e-01
2.285000000000000142e+00 -2.169300418000000008e-01
2.287500000000000089e+00 -2.165303956000000085e-01
2.290000000000000036e+00 -2.165538747999999902e-01
2.292499999999999982e+00 -2.162365242000000021e-01
2.294999999999999929e+00 -2.165144827999999910e-01
2.297499999999999876e+00 -2.160885207999999891e-01
2.299999999999999822e+00 -2.157962723000000083e-01
2.302500000000000213e+00 -2.158201684999999925e-01
2.305000000000000160e+00 -2.156047399000000087e-01
2.307500000000000107e+00 -2.152903023000000138e-01
2.310000000000000053e+00 -2.153813307999999926e-01
2.312500000000000000e+00 -2.151053072999999927e-01
2.314999999999999947e+00 -2.151842828999999957e-01
2.317499999999999893e+00 -2.152663666000000087e-01
2.319999999999999840e+00 -2.146402487000000081e-01
2.322499999999999787e+00 -2.149408646000000034e-01
2.325000000000000178e+00 -2.148257229999999962e-01
2.327500000000000124e+00 -2.143139208000000018e-01
2.330000000000000071e+00 -2.143259318000000080e-01
2.332500000000000018e+00 -2.143642332000000039e-01
2.334999999999999964e+00 -2.144429972000000129e-01
2.337499999999999911e+00 -2.141171691000000044e-01
2.339999999999999858e+00 -2.138225391999999947e-01
2.342499999999999805e+00 -2.137717442000000023e-01
2.345000000000000195e+00 -2.136872790999999883e-01
2.347500000000000142e+00 -2.137268458000000093e-01
2.350000000000000089e+00 -2.134912985999999901e-01
2.352500000000000036e+00 -2.132131386999999989e-01
2.354999999999999982e+00 -2.130391782000000123e-01
2.357499999999999929e+00 -2.130578736000000029e-01
2.359999999999999876e+00 -2.128837852000000086e-01
2.362499999999999822e+00 -2.129901555000000002e-01
2.365000000000000213e+00 -2.126896006000000006e-01
2.367500000000000160e+00 -2.125948588000000083e-01
2.370000000000000107e+00 -2.127468791000000081e-01
2.372500000000000053e+00 -2.123053322000000021e-01
2.375000000000000000e+00 -2.118933195000000103e-01
2.377499999999999947e+00 -2.120054275000000099e-01
2.379999999999999893e+00 -2.120254399000000012e-01
2.382499999999999840e+00 -2.120657952999999984e-01
2.384999999999999787e+00 -2.118091116999999968e-01
2.387500000000000178e+00 -2.114997795000000125e-01
2.390000000000000124e+00 -2.116057292000000090e-01
2.392500000000000071e+00 -2.118394484999999994e-01
2.395000000000000018e+00 -2.114576850000000063e-01
2.397499999999999964e+00 -2.111975098999999967e-01
2.399999999999999911e+00 -2.110917967000000006e-01
2.402499999999999858e+00 -2.108810080999999892e-01
2.404999999999999805e+00 -2.109275623999999905e-01
2.407500000000000195e+00 -2.108753667000000109e-01
2.410000000000000142e+00 -2.108406121999999994e-01
2.412500000000000089e+00 -2.106666556000000023e-01
2.415000000000000036e+00 -2.103808977000000136e-01
2.417499999999999982e+00 -2.104514086000000006e-01
2.419999999999999929e+00 -2.105746481999999919e-01
2.422499999999999876e+00 -2.104751455999999965e-01
2.424999999999999822e+00 -2.102826905999999885e-01
2.427500000000000213e+00 -2.093199816999999907e-01
2.430000000000000160e+00 -2.101783923999999970e-01
2.432500000000000107e+00 -2.100901758000000008e-01
2.435000000000000053e+00 -2.098689474000000055e-01
2.437500000000000000e+00 -2.099221646999999968e-01
2.439999999999999947e+00 -2.094302197000000032e-01
2.442499999999999893e+00 -2.091373028999999883e-01
2.444999999999999840e+00 -2.092864671999999926e-01
2.447499999999999787e+00 -2.091209764999999998e-01
2.450000000000000178e+00 -2.092485390000000112e-01
2.452500000000000124e+00 -2.086040935000000041e-01
2.455000000000000071e+00 -2.090901551999999886e-01
2.457500000000000018e+00 -2.086503111999999938e-01
2.459999999999999964e+00 -2.084188600000000113e-01
2.462499999999999911e+00 -2.082380869000000079e-01
2.464999999999999858e+00 -2.081143887000000137e-01
2.467499999999999805e+00 -2.082659772999999881e-01
2.470000000000000195e+00 -2.082708077000000046e-01
2.472500000000000142e+00 -2.084274680000000046e-01
2.475000000000000089e+00 -2.081115152000000135e-01
2.477500000000000036e+00 -2.077541059999999939e-01
2.479999999999999982e+00 -2.078222298000000079e-01
2.482499999999999929e+00 -2.076942622000000072e-01
2.484999999999999876e+00 -2.072467110000000001e-01
2.487499999999999822e+00 -2.075654363999999974e-01
2.490000000000000213e+00 -2.074581849000000089e-01
2.492500000000000160e+00 -2.071117084000000108e-01
2.495000000000000107e+00 -2.069362352000000127e-01
2.497500000000000053e+00 -2.069283526000000040e-01
2.500000000000000000e+00 -2.066330041999999978e-01
2.502499999999999947e+00 -2.066273440999999988e-01
2.504999999999999893e+00 -2.066424967000000112e-01
2.507499999999999840e+00 -2.068233372000000125e-01
2.509999999999999787e+00 -2.066816512000000106e-01
2.512500000000000178e+00 -2.061242815000000062e-01
2.515000000000000124e+00 -2.058025535000000128e-01
2.517500000000000071e+00 -2.062431361000000019e-01
2.520000000000000018e+00 -2.059104324000000097e-01
2.522499999999999964e+00 -2.060122773999999990e-01
2.524999999999999911e+00 -2.056137714000000061e-01
2.527499999999999858e+00 -2.054961247000000046e-01
2.529999999999999805e+00 -2.059612787000000000e-01
2.532500000000000195e+00 -2.052908726000000073e-01
2.535000000000000142e+00 -2.053874706999999911e-01
2.537500000000000089e+00 -2.047601891999999979e-01
2.540000000000000036e+00 -2.048635129999999971e-01
2.542499999999999982e+00 -2.052020964000000058e-01
2.544999999999999929e+00 -2.049827482000000090e-01
2.547499999999999876e+00 -2.051762611000000069e-01
2.549999999999999822e+00 -2.049356159999999871e-01
2.552500000000000213e+00 -2.048204194000000089e-01
2.555000000000000160e+00 -2.045588601999999978e-01
2.557500000000000107e+00 -2.046006380000000013e-01
2.560000000000000053e+00 -2.044565148999999971e-01
2.562500000000000000e+00 -2.045316091000000114e-01
2.564999999999999947e+00 -2.043373421999999939e-01
2.567499999999999893e+00 -2.040685080999999901e-01
2.569999999999999840e+00 -2.041305323000000005e-01
2.572499999999999787e+00 -2.038529226999999944e-01
2.575000000000000178e+00 -2.036901966999999924e-01
2.577500000000000124e+00 -2.036980646999999867e-01
2.580000000000000071e+00 -2.039525429999999862e-01
2.582500000000000018e+00 -2.032568858999999895e-01
2.584999999999999964e+00 -2.034405588000000042e-01
2.587499999999999911e+00 -2.030993895000000049e-01
2.589999999999999858e+00 -2.034190539999999880e-01
2.592499999999999805e+00 -2.034202484000000033e-01
2.595000000000000195e+00 -2.025709340000000080e-01
2.597500000000000142e+00 -2.031061425000000031e-01
2.600000000000000089e+00 -2.027085827000000007e-01
2.602500000000000036e+00 -2.025583797000000130e-01
2.604999999999999982e+00 -2.024404988000000072e-01
2.607499999999999929e+00 -2.024389796999999935e-01
2.609999999999999876e+00 -2.023419059000000075e-01
2.612499999999999822e+00 -2.024373774999999875e-01
2.615000000000000213e+00 -2.024572212000000093e-01
2.617500000000000160e+00 -2.022705140000000124e-01
2.620000000000000107e+00 -2.022270184999999942e-01
2.622500000000000053e+00 -2.018814064999999991e-01
2.625000000000000000e+00 -2.019261544000000019e-01
2.627499999999999947e+00 -2.016772313999999899e-01
2.629999999999999893e+00 -2.010777397000000077e-01
2.632499999999999840e+00 -2.016326420000000008e-01
2.634999999999999787e+00 -2.012121259000000106e-01
2.637500000000000178e+00 -2.011070930999999951e-01
2.640000000000000124e+00 -2.010416670999999877e-01
2.642500000000000071e+00 -2.007886818000000073e-01
2.645000000000000018e+00 -2.007391963999999862e-01
2.647499999999999964e+00 -2.007182040000000112e-01
2.649999999999999911e+00 -2.007676596000000091e-01
2.652499999999999858e+00 -2.010790158000000105e-01
2.654999999999999805e+00 -2.005109408000000093e-01
2.657500000000000195e+00 -2.006727692999999979e-01
2.660000000000000142e+00 -2.008032227999999864e-01
2.662500000000000089e+00 -2.006725095999999930e-01
2.665000000000000036e+00 -1.999084217000000052e-01
2.667499999999999982e+00 -1.999184981000000083e-01
2.669999999999999929e+00 -2.001122637999999954e-01
2.672499999999999876e+00 -1.999025398000000009e-01
2.674999999999999822e+00 -1.997768842000000045e-01
2.677500000000000213e+00 -1.996710176000000003e-01
2.680000000000000160e+00 -1.997135801000000099e-01
2.682500000000000107e+00 -2.000724732999999977e-01
2.685000000000000053e+00 -1.995440106999999963e-01
2.687500000000000000e+00 -1.989538148999999978e-01
2.689999999999999947e+00 -1.993656128999999888e-01
2.692499999999999893e+00 -1.992720816999999922e-01
2.694999999999999840e+00 -1.991698150000000000e-01
2.697499999999999787e+00 -1.987794052000000089e-01
2.700000000000000178e+00 -1.986769104999999980e-01
2.702500000000000124e+00 -1.989568412999999925e-01
2.705000000000000071e+00 -1.989576194000000076e-01
2.707500000000000018e+00 -1.985317761000000014e-01
2.709999999999999964e+00 -1.986687668000000073e-01
2.712499999999999911e+00 -1.984898930000000006e-01
2.714999999999999858e+00 -1.983964779999999872e-01
2.717499999999999805e+00 -1.981557640000000120e-01
2.720000000000000195e+00 -1.983149207999999886e-01
2.722500000000000142e+00 -1.981423905999999957e-01
2.725000000000000089e+00 -1.979171076000000029e-01
2.727500000000000036e+00 -1.978309108999999899e-01
2.729999999999999982e+00 -1.977766545000000098e-01
2.732499999999999929e+00 -1.980014720999999922e-01
2.734999999999999876e+00 -1.977463778999999922e-01
2.737499999999999822e+00 -1.972362954000000113e-01
2.740000000000000213e+00 -1.970243047000000136e-01
2.742500000000000160e+00 -1.975530806999999944e-01
2.745000000000000107e+00 -1.973073891999999885e-01
2.747500000000000053e+00 -1.969696273000000053e-01
2.750000000000000000e+00 -1.975151225000000010e-01
2.752499999999999947e+00 -1.970258729999999903e-01
2.754999999999999893e+00 -1.969956867000000056e-01
2.757499999999999840e+00 -1.965242366999999934e-01
2.759999999999999787e+00 -1.968031265000000085e-01
2.762500000000000178e+00 -1.969560022999999882e-01
2.765000000000000124e+00 -1.964140574999999889e-01
2.767500000000000071e+00 -1.961014593000000028e-01
2.770000000000000018e+00 -1.965555751999999989e-01
2.772499999999999964e+00 -1.960779549999999982e-01
2.774999999999999911e+00 -1.961827369999999959e-01
2.777499999999999858e+00 -1.961068511000000070e-01
2.779999999999999805e+00 -1.961886522000000077e-01
2.782500000000000195e+00 -1.957560395999999869e-01
2.785000000000000142e+00 -1.957210300999999986e-01
2.787500000000000089e+00 -1.960587061999999881e-01
2.790000000000000036e+00 -1.957404470999999924e-01
2.792499999999999982e+00 -1.960073344999999911e-01
2.794999999999999929e+00 -1.955624649999999909e-01
2.797499999999999876e+00 -1.955047460000000070e-01
2.799999999999999822e+00 -1.955499135000000055e-01
2.802500000000000213e+00 -1.953233524999999915e-01
2.805000000000000160e+00 -1.949162167000000057e-01
2.807500000000000107e+00 -1.948486359000000112e-01
2.810000000000000053e+00 -1.951843528999999966e-01
2.812500000000000000e+00 -1.949846000999999884e-01
2.814999999999999947e+00 -1.948986420000000108e-01
2.817499999999999893e+00 -1.950848105000000110e-01
2.819999999999999840e+00 -1.947005068999999866e-01
2.822499999999999787e+00 -1.941796111000000102e-01
2.825000000000000178e+00 -1.944325503999999871e-01
2.827500000000000124e+00 -1.941719812999999906e-01
2.830000000000000071e+00 -1.945231350999999942e-01
2.832500000000000018e+00 -1.945172235000000027e-01
2.834999999999999964e+00 -1.938421808000000135e-01
2.837499999999999911e+00 -1.943716611000000094e-01
2.839999999999999858e+00 -1.939587647999999886e-01
2.842499999999999805e+00 -1.939516118000000067e-01
2.845000000000000195e+00 -1.936485095000000101e-01
2.847500000000000142e+00 -1.937628590000000095e-01
2.850000000000000089e+00 -1.937873512999999936e-01
2.852500000000000036e+00 -1.936441882999999919e-01
2.854999999999999982e+00 -1.938378816000000116e-01
2.857499999999999929e+00 -1.934342501999999908e-01
2.859999999999999876e+00 -1.933266697000000089e-01
2.862499999999999822e+00 -1.931021686000000126e-01
2.865000000000000213e+00 -1.937015374999999928e-01
2.867500000000000160e+00 -1.927859208999999907e-01
2.870000000000000107e+00 -1.929608267000000044e-01
2.872500000000000053e+00 -1.929080300999999886e-01
2.875000000000000000e+00 -1.927634360000000102e-01
2.877499999999999947e+00 -1.927747167999999955e-01
2.879999999999999893e+00 -1.928217940999999991e-01
2.882499999999999840e+00 -1.924726793000000047e-01
2.884999999999999787e+00 -1.927647191000000093e-01
2.887500000000000178e+00 -1.921569209000000000e-01
2.890000000000000124e+00 -1.921384117000000114e-01
2.892500000000000071e+00 -1.922018161999999863e-01
2.895000000000000018e+00 -1.923175554000000065e-01
2.897499999999999964e+00 -1.922849074000000102e-01
2.899999999999999911e+00 -1.919730121000000067e-01
2.902499999999999858e+00 -1.915443068000000082e-01
2.904999999999999805e+00 -1.922511219999999965e-01
2.907500000000000195e+00 -1.913474028999999910e-01
2.910000000000000142e+00 -1.917282224000000090e-01
2.912500000000000089e+00 -1.916920608000000081e-01
2.915000000000000036e+00 -1.919051479999999976e-01
2.917499999999999982e+00 -1.912065270999999955e-01
2.919999999999999929e+00 -1.913884429000000109e-01
2.922499999999999876e+00 -1.910491349000000005e-01
2.924999999999999822e+00 -1.907938913999999986e-01
2.927500000000000213e+00 -1.912885652999999908e-01
2.930000000000000160e+00 -1.911866358000000043e-01
2.932500000000000107e+00 -1.910185658999999925e-01
2.935000000000000053e+00 -1.911975686000000063e-01
2.937500000000000000e+00 -1.907300138999999950e-01
2.939999999999999947e+00 -1.907075843000000104e-01
2.942499999999999893e+00 -1.905842235999999912e-01
2.944999999999999840e+00 -1.906405706000000033e-01
2.947499999999999787e+00 -1.906158661000000032e-01
2.950000000000000178e+00 -1.903072239999999971e-01
2.952500000000000124e+00 -1.906734639000000064e-01
2.955000000000000071e+00 -1.903150939999999902e-01
2.957500000000000018e+00 -1.898453477000000000e-01
2.959999999999999964e+00 -1.901793119000000087e-01
2.962499999999999911e+00 -1.901431613000000020e-01
2.964999999999999858e+00 -1.899434653000000028e-01
2.967499999999999805e+00 -1.898776416000000078e-01
2.970000000000000195e+00 -1.898847771999999934e-01
2.972500000000000142e+00 -1.896489406999999905e-01
2.975000000000000089e+00 -1.897750284999999981e-01
2.977500000000000036e+00 -1.892637092999999993e-01
2.979999999999999982e+00 -1.893751277999999871e-01
2.982499999999999929e+00 -1.894161826000000104e-01
2.984999999999999876e+00 -1.893662114999999924e-01
2.987499999999999822e+00 -1.892719590999999979e-01
2.990000000000000213e+00 -1.892393165000000044e-01
2.992500000000000160e+00 -1.885463732000000059e-01
2.995000000000000107e+00 -1.887418982000000078e-01
2.997500000000000053e+00 -1.889600421000000030e-01
3.000000000000000000e+00 -1.883821410000000030e-01
3.002499999999999947e+00 -1.887752155999999903e-01
3.004999999999999893e+00 -1.888344751999999904e-01
3.007499999999999840e+00 -1.884830644000000111e-01
3.009999999999999787e+00 -1.880783870999999940e-01
3.012500000000000178e+00 -1.884068060000000100e-01
3.015000000000000124e+00 -1.885691948000000062e-01
3.017500000000000071e+00 -1.880360674999999870e-01
3.020000000000000018e+00 -1.882545526000000136e-01
3.022499999999999964e+00 -1.878701859999999946e-01
3.024999999999999911e+00 -1.879824790000000079e-01
3.027499999999999858e+00 -1.880575060999999937e-01
3.029999999999999805e+00 -1.882988700999999876e-01
3.032500000000000195e+00 -1.878588069000000083e-01
3.035000000000000142e+00 -1.878330769999999872e-01
3.037500000000000089e+00 -1.880266593000000097e-01
3.040000000000000036e+00 -1.875804983999999898e-01
3.042499999999999982e+00 -1.876333186999999958e-01
3.044999999999999929e+00 -1.873615811000000075e-01
3.047499999999999876e+00 -1.870986142000000130e-01
3.049999999999999822e+00 -1.876612406000000011e-01
3.052500000000000213e+00 -1.877451924000000105e-01
3.055000000000000160e+00 -1.872656822000000054e-01
3.057500000000000107e+00 -1.873922205999999924e-01
3.060000000000000053e+00 -1.867724011999999933e-01
3.062500000000000000e+00 -1.872103596999999953e-01
3.064999999999999947e+00 -1.868948102999999916e-01
3.067499999999999893e+00 -1.867917882000000029e-01
3.069999999999999840e+00 -1.865106273000000092e-01
3.072499999999999787e+00 -1.862206667000000093e-01
3.075000000000000178e+00 -1.864503305999999916e-01
3.077500000000000124e+00 -1.864599848999999865e-01
3.080000000000000071e+00 -1.864631026000000136e-01
3.082500000000000018e+00 -1.865955521000000061e-01
3.084999999999999964e+00 -1.863329098000000017e-01
3.087499999999999911e+00 -1.864538956000000025e-01
3.089999999999999858e+00 -1.865056240999999893e-01
3.092499999999999805e+00 -1.865976605000000121e-01
3.095000000000000195e+00 -1.861718854999999950e-01
3.097500000000000142e+00 -1.859488817999999932e-01
3.100000000000000089e+00 -1.861464084999999991e-01
3.102500000000000036e+00 -1.862553355000000077e-01
3.104999999999999982e+00 -1.858141761999999864e-01
3.107499999999999929e+00 -1.860836462000000080e-01
3.109999999999999876e+00 -1.856830056999999867e-01
3.112499999999999822e+00 -1.855940675999999956e-01
3.115000000000000213e+00 -1.856951049999999992e-01
3.117500000000000160e+00 -1.852931476000000133e-01
3.120000000000000107e+00 -1.853523643999999970e-01
3.122500000000000053e+00 -1.855802454999999906e-01
3.125000000000000000e+00 -1.852478455000000079e-01
3.127499999999999947e+00 -1.849662962999999993e-01
3.129999999999999893e+00 -1.852657011999999936e-01
3.132499999999999840e+00 -1.850963577999999998e-01
3.134999999999999787e+00 -1.852612701999999945e-01
3.137500000000000178e+00 -1.848276476999999862e-01
3.140000000000000124e+00 -1.848608288999999960e-01
3.142500000000000071e+00 -1.849663367000000114e-01
3.145000000000000018e+00 -1.848075661999999952e-01
3.147499999999999964e+00 -1.845390419000000060e-01
3.149999999999999911e+00 -1.849600822999999949e-01
3.152499999999999858e+00 -1.848027888000000063e-01
3.154999999999999805e+00 -1.846569476999999904e-01
3.157500000000000195e+00 -1.843097123999999920e-01
3.160000000000000142e+00 -1.846143890999999981e-01
3.162500000000000089e+00 -1.844869145999999960e-01
3.165000000000000036e+00 -1.838058613999999924e-01
3.167499999999999982e+00 -1.839448975000000097e-01
3.169999999999999929e+00 -1.840862715999999899e-01
3.172499999999999876e+00 -1.837577430000000012e-01
3.174999999999999822e+00 -1.838493945000000129e-01
3.177500000000000213e+00 -1.840639282000000043e-01
3.180000000000000160e+00 -1.834688489000000089e-01
3.182500000000000107e+00 -1.838853430999999872e-01
3.185000000000000053e+00 -1.835666686999999908e-01
3.187500000000000000e+00 -1.837333308999999915e-01
3.189999999999999947e+00 -1.832432984000000042e-01
3.192499999999999893e+00 -1.833305137000000029e-01
3.194999999999999840e+00 -1.835563628999999919e-01
3.197499999999999787e+00 -1.834569494000000134e-01
3.200000000000000178e+00 -1.832795255999999928e-01
3.202500000000000124e+00 -1.830867217000000102e-01
3.205000000000000071e+00 -1.830154816000000018e-01
3.207500000000000018e+00 -1.832145836999999888e-01
3.209999999999999964e+00 -1.833086161999999963e-01
3.212499999999999911e+00 -1.830444317999999904e-01
3.214999999999999858e+00 -1.830233383000000047e-01
3.217499999999999805e+00 -1.824998526000000121e-01
3.220000000000000195e+00 -1.825124540999999989e-01
3.222500000000000142e+00 -1.827452589999999932e-01
3.225000000000000089e+00 -1.830369387000000125e-01
3.227500000000000036e+00 -1.823818131000000120e-01
3.229999999999999982e+00 -1.824015830999999865e-01
3.232499999999999929e+00 -1.823854692000000111e-01
3.234999999999999876e+00 -1.825263175000000071e-01
3.237499999999999822e+00 -1.824138392999999914e-01
3.240000000000000213e+00 -1.822334642000000005e-01
3.242500000000000160e+00 -1.819334008000000058e-01
3.245000000000000107e+00 -1.821603046999999975e-01
3.247500000000000053e+00 -1.822279085000000076e-01
3.250000000000000000e+00 -1.819133343999999874e-01
3.252499999999999947e+00 -1.820480982000000081e-01
3.254999999999999893e+00 -1.817459315000000131e-01
3.257499999999999840e+00 -1.819051885000000091e-01
3.259999999999999787e+00 -1.819061224999999893e-01
3.262500000000000178e+00 -1.815425212000000010e-01
3.265000000000000124e+00 -1.817800609999999928e-01
3.267500000000000071e+00 -1.814838465999999984e-01
3.270000000000000018e+00 -1.817521548999999903e-01
3.272499999999999964e+00 -1.816139475999999919e-01
3.274999999999999911e+00 -1.812564053999999869e-01
3.277499999999999858e+00 -1.812562342000000049e-01
3.279999999999999805e+00 -1.817298574000000000e-01
3.282500000000000195e+00 -1.811566638000000062e-01
3.285000000000000142e+00 -1.810840991000000066e-01
3.287500000000000089e+00 -1.810131675999999967e-01
3.290000000000000036e+00 -1.808577038999999997e-01
3.292499999999999982e+00 -1.809715245999999889e-01
3.294999999999999929e+00 -1.812290698000000033e-01
3.297499999999999876e+00 -1.808636619000000001e-01
3.299999999999999822e+00 -1.809750444000000069e-01
3.302500000000000213e+00 -1.805639029999999978e-01
3.305000000000000160e+00 -1.808526045999999943e-01
3.307500000000000107e+00 -1.802913046999999880e-01
3.310000000000000053e+00 -1.807128691000000065e-01
3.312500000000000000e+00 -1.808193560999999949e-01
3.314999999999999947e+00 -1.807920530000000081e-01
3.317499999999999893e+00 -1.800547993000000124e-01
3.319999999999999840e+00 -1.804022775000000134e-01
3.322499999999999787e+00 -1.803480362000000059e-01
3.325000000000000178e+00 -1.804741249000000047e-01
3.327500000000000124e+00 -1.801911026999999943e-01
3.330000000000000071e+00 -1.798804977000000027e-01
3.332500000000000018e+00 -1.801950241999999980e-01
3.334999999999999964e+00 -1.803079532000000096e-01
3.337499999999999911e+00 -1.799758395000000122e-01
3.339999999999999858e+00 -1.799449502999999895e-01
3.342499999999999805e+00 -1.792992636000000084e-01
3.345000000000000195e+00 -1.794484741000000050e-01
3.347500000000000142e+00 -1.798830348000000079e-01
3.350000000000000089e+00 -1.794550742000000088e-01
3.352500000000000036e+00 -1.795873601000000097e-01
3.354999999999999982e+00 -1.798910183999999912e-01
3.357499999999999929e+00 -1.793679421000000107e-01
3.359999999999999876e+00 -1.795547393999999963e-01
3.362499999999999822e+00 -1.793236880000000089e-01
3.365000000000000213e+00 -1.790638689000000061e-01
3.367500000000000160e+00 -1.792646974000000060e-01
3.370000000000000107e+00 -1.792543951999999996e-01
3.372500000000000053e+00 -1.791155741000000079e-01
3.375000000000000000e+00 -1.790396982000000137e-01
3.377499999999999947e+00 -1.788969534000000028e-01
3.379999999999999893e+00 -1.790592542999999981e-01
3.382499999999999840e+00 -1.788458736999999910e-01
3.384999999999999787e+00 -1.785581877000000095e-01
3.387500000000000178e+00 -1.787793842000000022e-01
3.390000000000000124e+00 -1.787235483999999874e-01
3.392500000000000071e+00 -1.785828019000000044e-01
3.395000000000000018e+00 -1.785858932999999926e-01
3.397499999999999964e+00 -1.782471036999999925e-01
3.399999999999999911e+00 -1.784791353000000080e-01
3.402499999999999858e+00 -1.786215254000000086e-01
3.404999999999999805e+00 -1.784384016999999989e-01
3.407500000000000195e+00 -1.783039613000000079e-01
3.410000000000000142e+00 -1.783318754999999867e-01
3.412500000000000089e+00 -1.778535401000000127e-01
3.415000000000000036e+00 -1.782165481000000107e-01
3.417499999999999982e+00 -1.778599872999999942e-01
3.419999999999999929e+00 -1.777448860999999991e-01
3.422499999999999876e+00 -1.779494147000000026e-01
3.424999999999999822e+00 -1.776693235000000037e-01
3.427500000000000213e+00 -1.777739460999999965e-01
3.430000000000000160e+00 -1.776996091999999972e-01
3.432500000000000107e+00 -1.780791090999999937e-01
3.435000000000000053e+00 -1.778635933000000113e-01
3.437500000000000000e+00 -1.775379726000000102e-01
3.439999999999999947e+00 -1.773415817000000005e-01
3.442499999999999893e+00 -1.776112075999999873e-01
3.444999999999999840e+00 -1.774302345000000058e-01
3.447499999999999787e+00 -1.778247621000000056e-01
3.450000000000000178e+00 -1.772029874999999921e-01
3.452500000000000124e+00 -1.773283304999999921e-01
3.455000000000000071e+00 -1.771736855000000110e-01
3.457500000000000018e+00 -1.771852425000000064e-01
3.459999999999999964e+00 -1.767736028000000126e-01
3.462499999999999911e+00 -1.768776672000000050e-01
3.464999999999999858e+00 -1.767150172999999991e-01
3.467499999999999805e+00 -1.768861647999999953e-01
3.470000000000000195e+00 -1.768792819999999988e-01
3.472500000000000142e+00 -1.764959450999999957e-01
3.475000000000000089e+00 -1.770250104999999963e-01
3.477500000000000036e+00 -1.766493238000000077e-01
3.479999999999999982e+00 -1.764530343999999862e-01
3.482499999999999929e+00 -1.767317720000000092e-01
3.484999999999999876e+00 -1.766177325000000131e-01
3.487499999999999822e+00 -1.767841227999999987e-01
3.490000000000000213e+00 -1.763838148000000106e-01
3.492500000000000160e+00 -1.762176212000000075e-01
3.495000000000000107e+00 -1.763258403000000085e-01
3.497500000000000053e+00 -1.761475919999999917e-01
3.500000000000000000e+00 -1.762764069999999961e-01
3.502499999999999947e+00 -1.759368752000000091e-01
3.504999999999999893e+00 -1.766675098999999916e-01
3.507499999999999840e+00 -1.762196159999999956e-01
3.509999999999999787e+00 -1.756941911999999884e-01
3.512500000000000178e+00 -1.759826017999999992e-01
3.515000000000000124e+00 -1.759429973999999952e-01
3.517500000000000071e+00 -1.759911257000000007e-01
3.520000000000000018e+00 -1.759083412000000124e-01
3.522499999999999964e+00 -1.757247312000000117e-01
3.524999999999999911e+00 -1.755603974000000123e-01
3.527499999999999858e+00 -1.758639932999999933e-01
3.529999999999999805e+00 -1.755990548999999956e-01
3.532500000000000195e+00 -1.752793078999999865e-01
3.535000000000000142e+00 -1.757952922999999890e-01
3.537500000000000089e+00 -1.753936231000000068e-01
3.540000000000000036e+00 -1.756957899000000101e-01
3.542499999999999982e+00 -1.755640168000000001e-01
3.544999999999999929e+00 -1.754211750000000125e-01
3.547499999999999876e+00 -1.751266280000000064e-01
3.549999999999999822e+00 -1.751368308000000040e-01
3.552500000000000213e+00 -1.752880336000000039e-01
3.555000000000000160e+00 -1.751389839999999976e-01
3.557500000000000107e+00 -1.751480878999999991e-01
3.560000000000000053e+00 -1.751883807999999876e-01
3.562500000000000000e+00 -1.749666294999999983e-01
3.564999999999999947e+00 -1.748291251000000102e-01
3.567499999999999893e+00 -1.748961900000000069e-01
3.569999999999999840e+00 -1.748453939000000068e-01
3.572499999999999787e+00 -1.745814004000000030e-01
3.575000000000000178e+00 -1.745770999000000046e-01
3.577500000000000124e+00 -1.748362140999999981e-01
3.580000000000000071e+00 -1.746652834999999904e-01
3.582500000000000018e+00 -1.746736107000000093e-01
3.584999999999999964e+00 -1.744384981000000057e-01
3.587499999999999911e+00 -1.748394812000000076e-01
3.589999999999999858e+00 -1.741341882000000119e-01
3.592499999999999805e+00 -1.742248328000000068e-01
3.595000000000000195e+00 -1.745775715000000006e-01
3.597500000000000142e+00 -1.739973720000000112e-01
3.600000000000000089e+00 -1.744639488999999988e-01
3.602500000000000036e+00 -1.743110482000000128e-01
3.604999999999999982e+00 -1.740997330000000065e-01
3.607499999999999929e+00 -1.740770618999999964e-01
3.609999999999999876e+00 -1.744669547000000098e-01
3.612499999999999822e+00 -1.741869109999999998e-01
3.615000000000000213e+00 -1.739441912999999951e-01
3.617500000000000160e+00 -1.740592160999999971e-01
3.620000000000000107e+00 -1.740968636999999930e-01
3.622500000000000053e+00 -1.738451974999999927e-01
3.625000000000000000e+00 -1.738180786999999894e-01
3.627499999999999947e+00 -1.735010284999999874e-01
3.629999999999999893e+00 -1.742776940000000108e-01
3.632499999999999840e+00 -1.737976588000000044e-01
3.634999999999999787e+00 -1.734561067000000012e-01
3.637500000000000178e+00 -1.734251096999999964e-01
3.640000000000000124e+00 -1.735532377000000015e-01
3.642500000000000071e+00 -1.734936860000000081e-01
3.645000000000000018e+00 -1.740806061999999876e-01
3.647499999999999964e+00 -1.736498209000000015e-01
3.649999999999999911e+00 -1.735925738999999912e-01
3.652499999999999858e+00 -1.736211408999999983e-01
3.654999999999999805e+00 -1.733243852999999945e-01
3.657500000000000195e+00 -1.731014744000000105e-01
3.660000000000000142e+00 -1.733439592000000085e-01
3.662500000000000089e+00 -1.735059060999999958e-01
3.665000000000000036e+00 -1.732266067000000076e-01
3.667499999999999982e+00 -1.731984097000000000e-01
3.669999999999999929e+00 -1.731185353999999954e-01
3.672499999999999876e+00 -1.727470901000000003e-01
3.674999999999999822e+00 -1.728316135000000087e-01
3.677500000000000213e+00 -1.734529855999999981e-01
3.680000000000000160e+00 -1.728017795000000023e-01
3.682500000000000107e+00 -1.729540100999999996e-01
3.685000000000000053e+00 -1.730383621000000094e-01
3.687500000000000000e+00 -1.727436045000000087e-01
3.689999999999999947e+00 -1.727767547000000070e-01
3.692499999999999893e+00 -1.723698386999999999e-01
3.694999999999999840e+00 -1.728088812999999946e-01
3.697499999999999787e+00 -1.726066737999999989e-01
3.700000000000000178e+00 -1.722093043000000046e-01
3.702500000000000124e+00 -1.722532921000000106e-01
3.705000000000000071e+00 -1.724277150999999897e-01
3.707500000000000018e+00 -1.723987365000000105e-01
3.709999999999999964e+00 -1.719661651000000124e-01
3.712499999999999911e+00 -1.720988972999999977e-01
3.714999999999999858e+00 -1.720850660999999893e-01
3.717499999999999805e+00 -1.718801892000000053e-01
3.720000000000000195e+00 -1.719753280999999911e-01
3.722500000000000142e+00 -1.719662341000000039e-01
3.725000000000000089e+00 -1.725107632000000002e-01
3.727500000000000036e+00 -1.723533711000000135e-01
3.729999999999999982e+00 -1.719570155000000045e-01
3.732499999999999929e+00 -1.715687545000000036e-01
3.734999999999999876e+00 -1.718323189000000029e-01
3.737499999999999822e+00 -1.715974224000000048e-01
3.740000000000000213e+00 -1.716582198000000115e-01
3.742500000000000160e+00 -1.718235774999999910e-01
3.745000000000000107e+00 -1.714606418999999882e-01
3.747500000000000053e+00 -1.715092193999999959e-01
3.750000000000000000e+00 -1.716447499000000043e-01
3.752499999999999947e+00 -1.718302714000000120e-01
3.754999999999999893e+00 -1.713272194000000082e-01
3.757499999999999840e+00 -1.712213059000000093e-01
3.759999999999999787e+00 -1.716510628000000038e-01
3.762500000000000178e+00 -1.716202443000000022e-01
3.765000000000000124e+00 -1.714355281000000120e-01
3.767500000000000071e+00 -1.716201880000000068e-01
3.770000000000000018e+00 -1.712654844000000010e-01
3.772499999999999964e+00 -1.713639728999999945e-01
3.774999999999999911e+00 -1.713564881000000095e-01
3.777499999999999858e+00 -1.710637472000000048e-01
3.779999999999999805e+00 -1.711781629000000138e-01
3.782500000000000195e+00 -1.711894723999999868e-01
3.785000000000000142e+00 -1.711739100999999930e-01
3.787500000000000089e+00 -1.711145648000000075e-01
3.790000000000000036e+00 -1.711129989999999879e-01
3.792499999999999982e+00 -1.707924168000000131e-01
3.794999999999999929e+00 -1.709695876000000003e-01
3.797499999999999876e+00 -1.704971762999999974e-01
3.799999999999999822e+00 -1.708247515000000105e-01
3.802500000000000213e+00 -1.705686630999999898e-01
3.805000000000000160e+00 -1.706745732000000126e-01
3.807500000000000107e+00 -1.707836850999999989e-01
3.810000000000000053e+00 -1.707286081999999927e-01
3.812500000000000000e+00 -1.705865057000000018e-01
3.814999999999999947e+00 -1.709283101999999888e-01
3.817499999999999893e+00 -1.702664090999999880e-01
3.819999999999999840e+00 -1.706756096000000000e-01
3.822499999999999787e+00 -1.704140380999999982e-01
3.825000000000000178e+00 -1.703903685000000001e-01
3.827500000000000124e+00 -1.707090507000000035e-01
3.830000000000000071e+00 -1.699676474000000048e-01
3.832500000000000018e+00 -1.705188310000000096e-01
3.834999999999999964e+00 -1.698925758000000008e-01
3.837499999999999911e+00 -1.705999643999999982e-01
3.839999999999999858e+00 -1.700613844999999957e-01
3.842499999999999805e+00 -1.698468572000000065e-01
3.845000000000000195e+00 -1.700570282999999960e-01
3.847500000000000142e+00 -1.703305071000000004e-01
3.850000000000000089e+00 -1.698091320000000015e-01
3.852500000000000036e+00 -1.700539756999999985e-01
3.854999999999999982e+00 -1.699913554999999965e-01
3.857499999999999929e+00 -1.698842670000000055e-01
3.859999999999999876e+00 -1.700309362000000102e-01
3.862499999999999822e+00 -1.698382977000000016e-01
3.865000000000000213e+00 -1.695994339999999934e-01
3.867500000000000160e+00 -1.697051169999999887e-01
3.870000000000000107e+00 -1.698016816000000040e-01
3.872500000000000053e+00 -1.697922694000000010e-01
3.875000000000000000e+00 -1.695736357000000027e-01
3.877499999999999947e+00 -1.696091970999999976e-01
3.879999999999999893e+00 -1.695483949999999906e-01
3.882499999999999840e+00 -1.699815966999999872e-01
3.884999999999999787e+00 -1.694601977999999898e-01
3.887500000000000178e+00 -1.695490386000000071e-01
3.890000000000000124e+00 -1.697182328999999879e-01
3.892500000000000071e+00 -1.694162912000000132e-01
3.895000000000000018e+00 -1.696945564000000017e-01
3.897499999999999964e+00 -1.694229362999999933e-01
3.899999999999999911e+00 -1.691278186000000072e-01
3.902499999999999858e+00 -1.693032084999999964e-01
3.904999999999999805e+00 -1.689693613000000094e-01
3.907500000000000195e+00 -1.690543803000000012e-01
3.910000000000000142e+00 -1.693128869999999953e-01
3.912500000000000089e+00 -1.690507223000000114e-01
3.915000000000000036e+00 -1.691186098000000138e-01
3.917499999999999982e+00 -1.690580445000000043e-01
3.919999999999999929e+00 -1.690408441000000039e-01
3.922499999999999876e+00 -1.695158035999999868e-01
3.924999999999999822e+00 -1.690044370000000074e-01
3.927500000000000213e+00 -1.689909257999999970e-01
3.930000000000000160e+00 -1.688309440999999911e-01
3.932500000000000107e+00 -1.691206751999999869e-01
3.935000000000000053e+00 -1.687312421999999923e-01
3.937500000000000000e+00 -1.688111181999999988e-01
3.939999999999999947e+00 -1.691420044999999983e-01
3.942499999999999893e+00 -1.687936854000000042e-01
3.944999999999999840e+00 -1.691189620000000116e-01
3.947499999999999787e+00 -1.686841987999999903e-01
3.950000000000000178e+00 -1.683992904999999929e-01
3.952500000000000124e+00 -1.685292993999999989e-01
3.955000000000000071e+00 -1.688593452999999911e-01
3.957500000000000018e+00 -1.688678577000000125e-01
3.959999999999999964e+00 -1.686533309999999897e-01
3.962499999999999911e+00 -1.685422250999999982e-01
3.964999999999999858e+00 -1.680606662999999945e-01
3.967499999999999805e+00 -1.686444008000000105e-01
3.970000000000000195e+00 -1.680800578999999961e-01
3.972500000000000142e+00 -1.682131659999999973e-01
3.975000000000000089e+00 -1.679681690000000005e-01
3.977500000000000036e+00 -1.685078788999999910e-01
3.979999999999999982e+00 -1.682328110000000099e-01
3.982499999999999929e+00 -1.682692674000000055e-01
3.984999999999999876e+00 -1.682387183000000064e-01
3.987499999999999822e+00 -1.680425774000000039e-01
3.990000000000000213e+00 -1.680778671000000002e-01
3.992500000000000160e+00 -1.684398987999999875e-01
3.995000000000000107e+00 -1.681584184999999898e-01
3.997500000000000053e+00 -1.675083874999999944e-01
4.000000000000000000e+00 -1.680449652999999877e-01
4.002500000000000391e+00 -1.678348202999999927e-01
4.004999999999999893e+00 -1.679097871000000131e-01
4.007500000000000284e+00 -1.677180198000000066e-01
4.009999999999999787e+00 -1.682583417999999886e-01
4.012500000000000178e+00 -1.676251813000000090e-01
4.014999999999999680e+00 -1.679933781000000070e-01
4.017500000000000071e+00 -1.674836667000000057e-01
4.019999999999999574e+00 -1.675365253999999970e-01
4.022499999999999964e+00 -1.676062543999999876e-01
4.025000000000000355e+00 -1.676935267999999923e-01
4.027499999999999858e+00 -1.672594326999999881e-01
4.030000000000000249e+00 -1.677986107999999976e-01
4.032499999999999751e+00 -1.677562371000000108e-01
4.035000000000000142e+00 -1.676964247000000130e-01
4.037499999999999645e+00 -1.673301662999999995e-01
4.040000000000000036e+00 -1.671226294000000001e-01
4.042500000000000426e+00 -1.673025800000000063e-01
4.044999999999999929e+00 -1.675443007999999900e-01
4.047500000000000320e+00 -1.674940007999999869e-01
4.049999999999999822e+00 -1.670780164000000012e-01
4.052500000000000213e+00 -1.673157405000000042e-01
4.054999999999999716e+00 -1.672595474000000138e-01
4.057500000000000107e+00 -1.673153416000000004e-01
4.059999999999999609e+00 -1.672750644000000064e-01
4.062500000000000000e+00 -1.668508669000000055e-01
4.065000000000000391e+00 -1.674649343000000068e-01
4.067499999999999893e+00 -1.670630395000000101e-01
4.070000000000000284e+00 -1.673043991000000008e-01
4.072499999999999787e+00 -1.670587483000000040e-01
4.075000000000000178e+00 -1.665635266000000114e-01
4.077499999999999680e+00 -1.668753457999999912e-01
4.080000000000000071e+00 -1.673453815000000011e-01
4.082499999999999574e+00 -1.669631823999999931e-01
4.084999999999999964e+00 -1.668949785000000130e-01
4.087500000000000355e+00 -1.668791085999999924e-01
4.089999999999999858e+00 -1.663204310999999991e-01
4.092500000000000249e+00 -1.672067879999999951e-01
4.094999999999999751e+00 -1.668295532000000081e-01
4.097500000000000142e+00 -1.669762888999999917e-01
4.099999999999999645e+00 -1.667771375000000056e-01
4.102500000000000036e+00 -1.666958494999999929e-01
4.105000000000000426e+00 -1.663493856000000104e-01
4.107499999999999929e+00 -1.666345106999999881e-01
4.110000000000000320e+00 -1.664493572999999893e-01
4.112499999999999822e+00 -1.665227196999999881e-01
4.115000000000000213e+00 -1.666143055000000039e-01
4.117499999999999716e+00 -1.664864724000000018e-01
4.120000000000000107e+00 -1.664168326000000087e-01
4.122499999999999609e+00 -1.666044911000000017e-01
4.125000000000000000e+00 -1.662562505999999884e-01
4.127500000000000391e+00 -1.663019652000000126e-01
4.129999999999999893e+00 -1.664284641999999870e-01
4.132500000000000284e+00 -1.665580935000000040e-01
4.134999999999999787e+00 -1.663229162000000039e-01
4.137500000000000178e+00 -1.661365399999999992e-01
4.139999999999999680e+00 -1.661999365999999867e-01
4.142500000000000071e+00 -1.662344869000000058e-01
4.144999999999999574e+00 -1.661590843000000095e-01
4.147499999999999964e+00 -1.661313855999999867e-01
4.150000000000000355e+00 -1.664827355000000064e-01
4.152499999999999858e+00 -1.659606862000000127e-01
4.155000000000000249e+00 -1.661861406000000041e-01
4.157499999999999751e+00 -1.660666362999999868e-01
4.160000000000000142e+00 -1.659022816999999872e-01
4.162499999999999645e+00 -1.658041747000000010e-01
4.165000000000000036e+00 -1.658835414000000008e-01
4.167500000000000426e+00 -1.659484779000000021e-01
4.169999999999999929e+00 -1.658389702999999993e-01
4.172500000000000320e+00 -1.659321605999999893e-01
4.174999999999999822e+00 -1.657681319000000042e-01
4.177500000000000213e+00 -1.657758862000000000e-01
4.179999999999999716e+00 -1.657316668999999909e-01
4.182500000000000107e+00 -1.661293849999999905e-01
4.184999999999999609e+00 -1.662291788999999964e-01
4.187500000000000000e+00 -1.659415422999999945e-01
4.190000000000000391e+00 -1.657252711999999961e-01
4.192499999999999893e+00 -1.659633540999999879e-01
4.195000000000000284e+00 -1.655946695999999940e-01
4.197499999999999787e+00 -1.654599979999999970e-01
4.200000000000000178e+00 -1.655424823999999961e-01
4.202499999999999680e+00 -1.659757963999999864e-01
4.205000000000000071e+00 -1.652978808999999993e-01
4.207499999999999574e+00 -1.651670564999999924e-01
4.209999999999999964e+00 -1.652591511000000013e-01
4.212500000000000355e+00 -1.655384882000000002e-01
4.214999999999999858e+00 -1.656745488999999960e-01
4.217500000000000249e+00 -1.655652702000000032e-01
4.219999999999999751e+00 -1.651263444000000136e-01
4.222500000000000142e+00 -1.655939821999999895e-01
4.224999999999999645e+00 -1.652644412000000007e-01
4.227500000000000036e+00 -1.651744737999999990e-01
4.230000000000000426e+00 -1.651569969999999998e-01
4.232499999999999929e+00 -1.652090813000000047e-01
4.235000000000000320e+00 -1.650684641999999869e-01
4.237499999999999822e+00 -1.649176937000000065e-01
4.240000000000000213e+00 -1.652846413000000070e-01
4.242499999999999716e+00 -1.652223042000000031e-01
4.245000000000000107e+00 -1.651935076999999918e-01
4.247499999999999609e+00 -1.652277823999999951e-01
4.250000000000000000e+00 -1.653859330000000127e-01
4.252500000000000391e+00 -1.650769710999999973e-01
4.254999999999999893e+00 -1.650963236999999917e-01
4.257500000000000284e+00 -1.652232815000000132e-01
4.259999999999999787e+00 -1.648816114999999971e-01
4.262500000000000178e+00 -1.654061537000000026e-01
4.264999999999999680e+00 -1.647734047999999951e-01
4.267500000000000071e+00 -1.650188052999999877e-01
4.269999999999999574e+00 -1.649162295000000111e-01
4.272499999999999964e+00 -1.649911720999999998e-01
4.275000000000000355e+00 -1.649301561000000027e-01
4.277499999999999858e+00 -1.648511977999999878e-01
4.280000000000000249e+00 -1.647242265999999955e-01
4.282499999999999751e+00 -1.647350971000000053e-01
4.285000000000000142e+00 -1.646234916000000048e-01
4.287499999999999645e+00 -1.643457484999999996e-01
4.290000000000000036e+00 -1.644193929999999970e-01
4.292500000000000426e+00 -1.645963896000000037e-01
4.294999999999999929e+00 -1.648062839999999973e-01
4.297500000000000320e+00 -1.647717186000000056e-01
4.299999999999999822e+00 -1.643569455999999984e-01
4.302500000000000213e+00 -1.646527053999999879e-01
4.304999999999999716e+00 -1.641715743000000116e-01
4.307500000000000107e+00 -1.647599620000000098e-01
4.309999999999999609e+00 -1.644990913000000110e-01
4.312500000000000000e+00 -1.640589818000000033e-01
4.315000000000000391e+00 -1.647733500999999934e-01
4.317499999999999893e+00 -1.643911740000000010e-01
4.320000000000000284e+00 -1.644981973000000097e-01
4.322499999999999787e+00 -1.647409316000000012e-01
4.325000000000000178e+00 -1.645095513000000009e-01
4.327499999999999680e+00 -1.644982838000000058e-01
4.330000000000000071e+00 -1.644644878000000032e-01
4.332499999999999574e+00 -1.641279904000000067e-01
4.334999999999999964e+00 -1.640337139999999971e-01
4.337500000000000355e+00 -1.643933468999999870e-01
4.339999999999999858e+00 -1.642400784999999974e-01
4.342500000000000249e+00 -1.643068366000000058e-01
4.344999999999999751e+00 -1.639727384999999926e-01
4.347500000000000142e+00 -1.642316362000000030e-01
4.349999999999999645e+00 -1.642652166000000136e-01
4.352500000000000036e+00 -1.642063900999999881e-01
4.355000000000000426e+00 -1.641587724999999942e-01
4.357499999999999929e+00 -1.642592449999999982e-01
4.360000000000000320e+00 -1.642081888999999961e-01
4.362499999999999822e+00 -1.640799276000000084e-01
4.365000000000000213e+00 -1.639517369999999863e-01
4.367499999999999716e+00 -1.639284210999999991e-01
4.370000000000000107e+00 -1.644713093999999876e-01
4.372499999999999609e+00 -1.640866810999999925e-01
4.375000000000000000e+00 -1.640569335000000017e-01
4.377500000000000391e+00 -1.640464114999999889e-01
4.379999999999999893e+00 -1.638330746999999976e-01
4.382500000000000284e+00 -1.640628865000000047e-01
4.384999999999999787e+00 -1.638868105999999880e-01
4.387500000000000178e+00 -1.635462797999999995e-01
4.389999999999999680e+00 -1.639331981999999910e-01
4.392500000000000071e+00 -1.639243079000000103e-01
4.394999999999999574e+00 -1.637326268000000029e-01
4.397499999999999964e+00 -1.632251315999999897e-01
4.400000000000000355e+00 -1.637819819000000121e-01
4.402499999999999858e+00 -1.639889246000000023e-01
4.405000000000000249e+00 -1.639312609999999948e-01
4.407499999999999751e+00 -1.637718817000000104e-01
4.410000000000000142e+00 -1.634921773000000134e-01
4.412499999999999645e+00 -1.639518510999999901e-01
4.415000000000000036e+00 -1.639730454999999976e-01
4.417500000000000426e+00 -1.637101730999999949e-01
4.419999999999999929e+00 -1.638330018999999971e-01
4.422500000000000320e+00 -1.636419668999999910e-01
4.424999999999999822e+00 -1.634408823999999871e-01
4.427500000000000213e+00 -1.637492044999999952e-01
4.429999999999999716e+00 -1.634618828000000135e-01
4.432500000000000107e+00 -1.637038990000000138e-01
4.434999999999999609e+00 -1.634936160999999888e-01
4.437500000000000000e+00 -1.634574960999999882e-01
4.440000000000000391e+00 -1.637143028999999972e-01
4.442499999999999893e+00 -1.636697750999999978e-01
4.445000000000000284e+00 -1.637775925000000132e-01
4.447499999999999787e+00 -1.633500197999999959e-01
4.450000000000000178e+00 -1.636679295000000034e-01
4.452499999999999680e+00 -1.633280095999999904e-01
4.455000000000000071e+00 -1.634228221000000036e-01
4.457499999999999574e+00 -1.631643245000000131e-01
4.459999999999999964e+00 -1.633580951999999975e-01
4.462500000000000355e+00 -1.632758480000000012e-01
4.464999999999999858e+00 -1.632683967000000125e-01
4.467500000000000249e+00 -1.630212924999999979e-01
4.469999999999999751e+00 -1.634445971000000053e-01
4.472500000000000142e+00 -1.633692340000000021e-01
4.474999999999999645e+00 -1.634940058000000085e-01
4.477500000000000036e+00 -1.633721016999999942e-01
4.480000000000000426e+00 -1.631484521000000076e-01
4.482499999999999929e+00 -1.632158116999999908e-01
4.485000000000000320e+00 -1.632090472000000125e-01
4.487499999999999822e+00 -1.629004028000000104e-01
4.490000000000000213e+00 -1.631291329000000012e-01
4.492499999999999716e+00 -1.632829634000000085e-01
4.495000000000000107e+00 -1.634583001999999896e-01
4.497499999999999609e+00 -1.630142519999999984e-01
4.500000000000000000e+00 -1.632619113000000066e-01
4.502500000000000391e+00 -1.631653359999999942e-01
4.504999999999999893e+00 -1.628839393000000024e-01
4.507500000000000284e+00 -1.630744652999999988e-01
4.509999999999999787e+00 -1.628620400000000135e-01
4.512500000000000178e+00 -1.633582286999999966e-01
4.514999999999999680e+00 -1.627009637999999869e-01
4.517500000000000071e+00 -1.630604820999999871e-01
4.519999999999999574e+00 -1.628464681000000025e-01
4.522499999999999964e+00 -1.629961886000000082e-01
4.525000000000000355e+00 -1.630448386999999999e-01
4.527499999999999858e+00 -1.630718414000000005e-01
4.530000000000000249e+00 -1.628676970999999862e-01
4.532499999999999751e+00 -1.630667775000000097e-01
4.535000000000000142e+00 -1.629903246000000139e-01
4.537499999999999645e+00 -1.629602179999999900e-01
4.540000000000000036e+00 -1.625674936000000015e-01
4.542500000000000426e+00 -1.629937475999999885e-01
4.544999999999999929e+00 -1.631128944999999941e-01
4.547500000000000320e+00 -1.629737135000000059e-01
4.549999999999999822e+00 -1.628151536999999927e-01
4.552500000000000213e+00 -1.627773750000000019e-01
4.554999999999999716e+00 -1.628224044000000093e-01
4.557500000000000107e+00 -1.627296564999999862e-01
4.559999999999999609e+00 -1.629141245000000071e-01
4.562500000000000000e+00 -1.625742528999999936e-01
4.565000000000000391e+00 -1.630062907000000005e-01
4.567499999999999893e+00 -1.630558139999999934e-01
4.570000000000000284e+00 -1.628010064000000034e-01
4.572499999999999787e+00 -1.631179855999999873e-01
4.575000000000000178e+00 -1.628099376999999903e-01
4.577499999999999680e+00 -1.624165791999999942e-01
4.580000000000000071e+00 -1.627776267000000110e-01
4.582499999999999574e+00 -1.625410093999999916e-01
4.584999999999999964e+00 -1.629622075000000114e-01
4.587500000000000355e+00 -1.624665449999999900e-01
4.589999999999999858e+00 -1.624064883999999931e-01
4.592500000000000249e+00 -1.624664258999999888e-01
4.594999999999999751e+00 -1.623663342999999981e-01
4.597500000000000142e+00 -1.624379518999999883e-01
4.599999999999999645e+00 -1.629299329999999990e-01
4.602500000000000036e+00 -1.629432004999999961e-01
4.605000000000000426e+00 -1.623014543999999892e-01
4.607499999999999929e+00 -1.622644568999999926e-01
4.610000000000000320e+00 -1.626978404999999961e-01
4.612499999999999822e+00 -1.624208880000000133e-01
4.615000000000000213e+00 -1.627137928000000067e-01
4.617499999999999716e+00 -1.625490554000000032e-01
4.620000000000000107e+00 -1.623192504000000036e-01
4.622499999999999609e+00 -1.624851075000000034e-01
4.625000000000000000e+00 -1.628259581000000011e-01
4.627500000000000391e+00 -1.626072118999999927e-01
4.629999999999999893e+00 -1.626511623000000129e-01
4.632500000000000284e+00 -1.623067988999999933e-01
4.634999999999999787e+00 -1.622206285999999997e-01
4.637500000000000178e+00 -1.623587944999999866e-01
4.639999999999999680e+00 -1.623246039000000029e-01
4.642500000000000071e+00 -1.623885214999999937e-01
4.644999999999999574e+00 -1.624563906000000002e-01
4.647499999999999964e+00 -1.622363777999999979e-01
4.650000000000000355e+00 -1.624076087000000113e-01
4.652499999999999858e+00 -1.623582397999999982e-01
4.655000000000000249e+00 -1.626275538999999992e-01
4.657499999999999751e+00 -1.622567582999999980e-01
4.660000000000000142e+00 -1.626424167999999948e-01
4.662499999999999645e+00 -1.621082102999999996e-01
4.665000000000000036e+00 -1.623113322999999997e-01
4.667500000000000426e+00 -1.621484904000000116e-01
4.669999999999999929e+00 -1.623285405999999875e-01
4.672500000000000320e+00 -1.623918473000000029e-01
4.674999999999999822e+00 -1.619535296999999874e-01
4.677500000000000213e+00 -1.623722949999999998e-01
4.679999999999999716e+00 -1.622351201999999992e-01
4.682500000000000107e+00 -1.625981585000000063e-01
4.684999999999999609e+00 -1.625042982000000080e-01
4.687500000000000000e+00 -1.623805379999999909e-01
4.690000000000000391e+00 -1.624749129999999986e-01
4.692499999999999893e+00 -1.622744171999999929e-01
4.695000000000000284e+00 -1.623287766000000021e-01
4.697499999999999787e+00 -1.623263030000000051e-01
4.700000000000000178e+00 -1.623723601000000016e-01
4.702499999999999680e+00 -1.621669863000000100e-01
4.705000000000000071e+00 -1.619657254000000102e-01
4.707499999999999574e+00 -1.622740122999999923e-01
4.709999999999999964e+00 -1.623234530999999869e-01
4.712500000000000355e+00 -1.624339419999999978e-01
4.714999999999999858e+00 -1.623517573999999908e-01
4.717500000000000249e+00 -1.623003591999999939e-01
4.719999999999999751e+00 -1.624505415999999980e-01
4.722500000000000142e+00 -1.621737034000000077e-01
4.724999999999999645e+00 -1.621129872000000027e-01
4.727500000000000036e+00 -1.621751553000000123e-01
4.730000000000000426e+00 -1.621139001999999940e-01
4.732499999999999929e+00 -1.623231088000000044e-01
4.735000000000000320e+00 -1.620272808999999870e-01
4.737499999999999822e+00 -1.615357023000000003e-01
4.740000000000000213e+00 -1.619289767000000047e-01
4.742499999999999716e+00 -1.620260081999999879e-01
4.745000000000000107e+00 -1.621118245000000013e-01
4.747499999999999609e+00 -1.618712040999999990e-01
4.750000000000000000e+00 -1.618620765999999878e-01
4.752500000000000391e+00 -1.618340752999999910e-01
4.754999999999999893e+00 -1.622599493000000115e-01
4.757500000000000284e+00 -1.621690305000000054e-01
4.759999999999999787e+00 -1.621220912999999930e-01
4.762500000000000178e+00 -1.617720387999999898e-01
4.764999999999999680e+00 -1.619253914000000072e-01
4.767500000000000071e+00 -1.614170652999999955e-01
4.769999999999999574e+00 -1.619213737000000097e-01
4.772499999999999964e+00 -1.621641000000000055e-01
4.775000000000000355e+00 -1.619747380000000070e-01
4.777499999999999858e+00 -1.618845621999999984e-01
4.780000000000000249e+00 -1.619079203999999883e-01
4.782499999999999751e+00 -1.620224167000000048e-01
4.785000000000000142e+00 -1.621799344000000032e-01
4.787499999999999645e+00 -1.618665321999999962e-01
4.790000000000000036e+00 -1.619848956000000118e-01
4.792500000000000426e+00 -1.618500022999999899e-01
4.794999999999999929e+00 -1.619982949000000061e-01
4.797500000000000320e+00 -1.617163098000000132e-01
4.799999999999999822e+00 -1.617307621999999889e-01
4.802500000000000213e+00 -1.618536550000000129e-01
4.804999999999999716e+00 -1.615168953999999990e-01
4.807500000000000107e+00 -1.616568144999999956e-01
4.809999999999999609e+00 -1.616315346999999958e-01
4.812500000000000000e+00 -1.619965412000000105e-01
4.815000000000000391e+00 -1.621430132999999996e-01
4.817499999999999893e+00 -1.618384263000000045e-01
4.820000000000000284e+00 -1.617286722000000065e-01
4.822499999999999787e+00 -1.621722942000000112e-01
4.825000000000000178e+00 -1.616446206999999913e-01
4.827499999999999680e+00 -1.618463549999999973e-01
4.830000000000000071e+00 -1.614022971999999889e-01
4.832499999999999574e+00 -1.617565679000000090e-01
4.834999999999999964e+00 -1.617305737999999993e-01
4.837500000000000355e+00 -1.617713595999999976e-01
4.839999999999999858e+00 -1.617531145999999975e-01
4.842500000000000249e+00 -1.619216529999999987e-01
4.844999999999999751e+00 -1.617457907000000028e-01
4.847500000000000142e+00 -1.614242549999999887e-01
4.849999999999999645e+00 -1.620228371000000112e-01
4.852500000000000036e+00 -1.616537785000000116e-01
4.855000000000000426e+00 -1.618967820999999974e-01
4.857499999999999929e+00 -1.618669272999999909e-01
4.860000000000000320e+00 -1.619652117000000002e-01
4.862499999999999822e+00 -1.617340039000000063e-01
4.865000000000000213e+00 -1.617291589000000029e-01
4.867499999999999716e+00 -1.615421401000000090e-01
4.870000000000000107e+00 -1.616105858000000117e-01
4.872499999999999609e+00 -1.614264158000000005e-01
4.875000000000000000e+00 -1.615165936999999885e-01
4.877500000000000391e+00 -1.618207033000000072e-01
4.879999999999999893e+00 -1.616417655000000064e-01
4.882500000000000284e+00 -1.615058270999999990e-01
4.884999999999999787e+00 -1.617288724000000011e-01
4.887500000000000178e+00 -1.616600816000000052e-01
4.889999999999999680e+00 -1.618840708000000017e-01
4.892500000000000071e+00 -1.616010159999999862e-01
4.894999999999999574e+00 -1.618270894000000126e-01
4.897499999999999964e+00 -1.618428449000000047e-01
4.900000000000000355e+00 -1.616898606999999932e-01
4.902499999999999858e+00 -1.617804922999999950e-01
4.905000000000000249e+00 -1.617662323000000069e-01
4.907499999999999751e+00 -1.615248304000000135e-01
4.910000000000000142e+00 -1.617325484999999896e-01
4.912499999999999645e+00 -1.616594628999999950e-01
4.915000000000000036e+00 -1.616772089999999884e-01
4.917500000000000426e+00 -1.615415752999999899e-01
4.919999999999999929e+00 -1.613927900999999887e-01
4.922500000000000320e+00 -1.615892359999999972e-01
4.924999999999999822e+00 -1.615692348999999972e-01
4.927500000000000213e+00 -1.614936368999999872e-01
4.929999999999999716e+00 -1.616550130999999946e-01
4.932500000000000107e+00 -1.612972142000000109e-01
4.934999999999999609e+00 -1.616419852000000046e-01
4.937500000000000000e+00 -1.616300041000000021e-01
4.940000000000000391e+00 -1.617650579999999894e-01
4.942499999999999893e+00 -1.615333502999999893e-01
4.945000000000000284e+00 -1.617055843999999909e-01
4.947499999999999787e+00 -1.616347531000000004e-01
4.950000000000000178e+00 -1.616455508000000096e-01
4.952499999999999680e+00 -1.616997095999999912e-01
4.955000000000000071e+00 -1.616945701999999985e-01
4.957499999999999574e+00 -1.617934541000000115e-01
4.959999999999999964e+00 -1.612380824000000101e-01
4.962500000000000355e+00 -1.615815758999999963e-01
4.964999999999999858e+00 -1.616411158000000126e-01
4.967500000000000249e+00 -1.620221447000000092e-01
4.969999999999999751e+00 -1.619926356999999983e-01
4.972500000000000142e+00 -1.613895418000000082e-01
4.974999999999999645e+00 -1.618555620999999889e-01
4.977500000000000036e+00 -1.620539557000000019e-01
4.980000000000000426e+00 -1.615170803000000044e-01
4.982499999999999929e+00 -1.617179792000000005e-01
4.985000000000000320e+00 -1.615912161999999985e-01
4.987499999999999822e+00 -1.612591090999999921e-01
4.990000000000000213e+00 -1.611432976000000128e-01
4.992499999999999716e+00 -1.615820533000000003e-01
4.995000000000000107e+00 -1.612192910999999951e-01
4.997499999999999609e+00 -1.619007084000000096e-01
5.000000000000000000e+00 -1.616107346000000000e-01
5.002500000000000391e+00 -1.613917591000000040e-01
5.004999999999999893e+00 -1.614823854000000114e-01
5.007500000000000284e+00 -1.621361766999999954e-01
5.009999999999999787e+00 -1.617957982999999877e-01
5.012500000000000178e+00 -1.614688080999999997e-01
5.014999999999999680e+00 -1.613592181000000070e-01
5.017500000000000071e+00 -1.615785778999999922e-01
5.019999999999999574e+00 -1.615704320999999943e-01
5.022499999999999964e+00 -1.616458876999999905e-01
5.025000000000000355e+00 -1.613525006000000039e-01
5.027499999999999858e+00 -1.616170845999999883e-01
5.030000000000000249e+00 -1.613617327999999906e-01
5.032499999999999751e+00 -1.616174042000000088e-01
5.035000000000000142e+00 -1.617956748999999916e-01
5.037499999999999645e+00 -1.616772247000000107e-01
5.040000000000000036e+00 -1.614440370999999930e-01
5.042500000000000426e+00 -1.618274521999999993e-01
5.044999999999999929e+00 -1.613460490999999997e-01
5.047500000000000320e+00 -1.620909557000000112e-01
5.049999999999999822e+00 -1.616969165000000097e-01
5.052500000000000213e+00 -1.618291548999999940e-01
5.054999999999999716e+00 -1.617146351000000037e-01
5.057500000000000107e+00 -1.615029752000000096e-01
5.059999999999999609e+00 -1.618698416999999889e-01
5.062500000000000000e+00 -1.612138365000000129e-01
5.065000000000000391e+00 -1.614880545999999861e-01
5.067499999999999893e+00 -1.614962635999999951e-01
5.070000000000000284e+00 -1.619043806999999890e-01
5.072499999999999787e+00 -1.617125987999999959e-01
5.075000000000000178e+00 -1.615263996999999896e-01
5.077499999999999680e+00 -1.612806558999999862e-01
5.080000000000000071e+00 -1.616294263999999981e-01
5.082499999999999574e+00 -1.620954703999999968e-01
5.084999999999999964e+00 -1.612117090999999891e-01
5.087500000000000355e+00 -1.616533955999999994e-01
5.089999999999999858e+00 -1.618882784000000019e-01
5.092500000000000249e+00 -1.616894641000000132e-01
5.094999999999999751e+00 -1.621227415000000005e-01
5.097500000000000142e+00 -1.615864374000000048e-01
5.099999999999999645e+00 -1.615851185999999939e-01
5.102500000000000036e+00 -1.617143849999999883e-01
5.105000000000000426e+00 -1.619505169000000078e-01
5.107499999999999929e+00 -1.617249924999999977e-01
5.110000000000000320e+00 -1.616802716999999889e-01
5.112499999999999822e+00 -1.615974957999999906e-01
5.115000000000000213e+00 -1.616562427999999885e-01
5.117499999999999716e+00 -1.617417935000000084e-01
5.120000000000000107e+00 -1.616282367000000109e-01
5.122499999999999609e+00 -1.614960142000000098e-01
5.125000000000000000e+00 -1.616144197999999921e-01
5.127500000000000391e+00 -1.617932964999999890e-01
5.129999999999999893e+00 -1.616519201999999933e-01
5.132500000000000284e+00 -1.618701589000000052e-01
5.134999999999999787e+00 -1.616219636000000015e-01
5.137500000000000178e+00 -1.617408851000000092e-01
5.139999999999999680e+00 -1.619305060000000018e-01
5.142500000000000071e+00 -1.616895379999999938e-01
5.144999999999999574e+00 -1.616999403999999918e-01
5.147499999999999964e+00 -1.616235504000000101e-01
5.150000000000000355e+00 -1.617382723999999938e-01
5.152499999999999858e+00 -1.618033626000000003e-01
5.155000000000000249e+00 -1.617542287000000023e-01
5.157499999999999751e+00 -1.615235904000000000e-01
5.160000000000000142e+00 -1.617492547000000114e-01
5.162499999999999645e+00 -1.618885942999999938e-01
5.165000000000000036e+00 -1.616959695000000086e-01
5.167500000000000426e+00 -1.617248669999999944e-01
5.169999999999999929e+00 -1.616703159000000001e-01
5.172500000000000320e+00 -1.616652687000000033e-01
5.174999999999999822e+00 -1.618690365999999881e-01
5.177500000000000213e+00 -1.617284200999999921e-01
5.179999999999999716e+00 -1.617143681000000055e-01
5.182500000000000107e+00 -1.620192176999999956e-01
5.184999999999999609e+00 -1.619457421000000119e-01
5.187500000000000000e+00 -1.620675101000000062e-01
5.190000000000000391e+00 -1.615958712999999991e-01
5.192499999999999893e+00 -1.619283136000000123e-01
5.195000000000000284e+00 -1.615773131000000085e-01
5.197499999999999787e+00 -1.616853148000000073e-01
5.200000000000000178e+00 -1.616901478999999975e-01
5.202499999999999680e+00 -1.613676826999999869e-01
5.205000000000000071e+00 -1.619681079999999995e-01
5.207499999999999574e+00 -1.619875034000000102e-01
5.209999999999999964e+00 -1.619838480999999941e-01
5.212500000000000355e+00 -1.618642060000000105e-01
5.214999999999999858e+00 -1.618626960000000004e-01
5.217500000000000249e+00 -1.621392596000000019e-01
5.219999999999999751e+00 -1.616428078999999907e-01
5.222500000000000142e+00 -1.617967438000000036e-01
5.224999999999999645e+00 -1.616896188999999984e-01
5.227500000000000036e+00 -1.623086437000000049e-01
5.230000000000000426e+00 -1.619939361999999938e-01
5.232499999999999929e+00 -1.619953140000000014e-01
5.235000000000000320e+00 -1.619874457000000101e-01
5.237499999999999822e+00 -1.618908213999999957e-01
5.240000000000000213e+00 -1.618682862999999972e-01
5.242499999999999716e+00 -1.618938259000000102e-01
5.245000000000000107e+00 -1.620385991000000137e-01
5.247499999999999609e+00 -1.621029747999999937e-01
5.250000000000000000e+00 -1.624208450000000081e-01
5.252500000000000391e+00 -1.620970435999999903e-01
5.254999999999999893e+00 -1.619989494000000085e-01
5.257500000000000284e+00 -1.617986727999999874e-01
5.259999999999999787e+00 -1.624378998999999879e-01
5.262500000000000178e+00 -1.620254308999999893e-01
5.264999999999999680e+00 -1.622040546999999888e-01
5.267500000000000071e+00 -1.619602498000000113e-01
5.269999999999999574e+00 -1.619255776999999896e-01
5.272499999999999964e+00 -1.620389415000000055e-01
5.275000000000000355e+00 -1.620154498999999970e-01
5.277499999999999858e+00 -1.621706834999999958e-01
5.280000000000000249e+00 -1.621380775000000052e-01
5.282499999999999751e+00 -1.621435182000000030e-01
5.285000000000000142e+00 -1.622916580000000053e-01
5.287499999999999645e+00 -1.623106222000000043e-01
5.290000000000000036e+00 -1.623169174000000103e-01
5.292500000000000426e+00 -1.619169625999999917e-01
5.294999999999999929e+00 -1.618286462000000092e-01
5.297500000000000320e+00 -1.620281018999999989e-01
5.299999999999999822e+00 -1.620550282999999869e-01
5.302500000000000213e+00 -1.618893188999999955e-01
5.304999999999999716e+00 -1.624721278000000046e-01
5.307500000000000107e+00 -1.619675002000000030e-01
5.309999999999999609e+00 -1.623079695999999905e-01
5.312500000000000000e+00 -1.623098581999999901e-01
5.315000000000000391e+00 -1.619824176000000115e-01
5.317499999999999893e+00 -1.622157358999999910e-01
5.320000000000000284e+00 -1.624242110999999933e-01
5.322499999999999787e+00 -1.622541110999999869e-01
5.325000000000000178e+00 -1.624073892000000019e-01
5.327499999999999680e+00 -1.623886310000000055e-01
5.330000000000000071e+00 -1.622061458999999872e-01
5.332499999999999574e+00 -1.624402850999999981e-01
5.334999999999999964e+00 -1.622673668000000069e-01
5.337500000000000355e+00 -1.626404718999999999e-01
5.339999999999999858e+00 -1.624020106000000074e-01
5.342500000000000249e+00 -1.623126877999999940e-01
5.344999999999999751e+00 -1.623243383999999900e-01
5.347500000000000142e+00 -1.622046319999999875e-01
5.349999999999999645e+00 -1.626622763999999999e-01
5.352500000000000036e+00 -1.624227793999999947e-01
5.355000000000000426e+00 -1.626049239000000035e-01
5.357499999999999929e+00 -1.624245998000000135e-01
5.360000000000000320e+00 -1.620759817999999908e-01
5.362499999999999822e+00 -1.625941898000000108e-01
5.365000000000000213e+00 -1.627457462000000132e-01
5.367499999999999716e+00 -1.621475249000000063e-01
5.370000000000000107e+00 -1.625782315000000033e-01
5.372499999999999609e+00 -1.628941869999999958e-01
5.375000000000000000e+00 -1.624423912999999886e-01
5.377500000000000391e+00 -1.625791570000000019e-01
5.379999999999999893e+00 -1.628652781000000105e-01
5.382500000000000284e+00 -1.625704283000000139e-01
5.384999999999999787e+00 -1.624872927999999883e-01
5.387500000000000178e+00 -1.625736845999999902e-01
5.389999999999999680e+00 -1.624556087000000038e-01
5.392500000000000071e+00 -1.624236612000000135e-01
5.394999999999999574e+00 -1.623853013999999872e-01
5.397499999999999964e+00 -1.625817535999999897e-01
5.400000000000000355e+00 -1.628880849999999880e-01
5.402499999999999858e+00 -1.625936900000000129e-01
5.405000000000000249e+00 -1.623779022000000072e-01
5.407499999999999751e+00 -1.625065122999999889e-01
5.410000000000000142e+00 -1.624696177999999935e-01
5.412499999999999645e+00 -1.625677510999999908e-01
5.415000000000000036e+00 -1.624799559000000004e-01
5.417500000000000426e+00 -1.627574941999999913e-01
5.419999999999999929e+00 -1.629699226999999917e-01
5.422500000000000320e+00 -1.626462478000000045e-01
5.424999999999999822e+00 -1.627984457999999968e-01
5.427500000000000213e+00 -1.625751166000000136e-01
5.429999999999999716e+00 -1.624703224999999862e-01
5.432500000000000107e+00 -1.626077797000000102e-01
5.434999999999999609e+00 -1.629642931999999989e-01
5.437500000000000000e+00 -1.630929648999999981e-01
5.440000000000000391e+00 -1.627863754999999968e-01
5.442499999999999893e+00 -1.629195427000000029e-01
5.445000000000000284e+00 -1.628015771999999917e-01
5.447499999999999787e+00 -1.630009581000000096e-01
5.450000000000000178e+00 -1.628781887000000095e-01
5.452499999999999680e+00 -1.628643210999999869e-01
5.455000000000000071e+00 -1.629723204999999897e-01
5.457499999999999574e+00 -1.631067197999999940e-01
5.459999999999999964e+00 -1.627180591000000065e-01
5.462500000000000355e+00 -1.631077445999999931e-01
5.464999999999999858e+00 -1.630206251999999911e-01
5.467500000000000249e+00 -1.628661777000000033e-01
5.469999999999999751e+00 -1.629129162999999880e-01
5.472500000000000142e+00 -1.628283328000000030e-01
5.474999999999999645e+00 -1.632507774999999994e-01
5.477500000000000036e+00 -1.635733487000000097e-01
5.480000000000000426e+00 -1.629436268999999993e-01
5.482499999999999929e+00 -1.634724488000000031e-01
5.485000000000000320e+00 -1.631704724999999967e-01
5.487499999999999822e+00 -1.633922701999999949e-01
5.490000000000000213e+00 -1.633484087000000029e-01
5.492499999999999716e+00 -1.635677503999999893e-01
5.495000000000000107e+00 -1.632271335999999906e-01
5.497499999999999609e+00 -1.630743984999999951e-01
5.500000000000000000e+00 -1.630281660000000021e-01
5.502500000000000391e+00 -1.630921080999999939e-01
5.504999999999999893e+00 -1.629451757000000001e-01
5.507500000000000284e+00 -1.634007430999999955e-01
5.509999999999999787e+00 -1.629565761000000002e-01
5.512500000000000178e+00 -1.631895441000000002e-01
5.514999999999999680e+00 -1.631203072000000087e-01
5.517500000000000071e+00 -1.633112053000000119e-01
5.519999999999999574e+00 -1.633442521000000036e-01
5.522499999999999964e+00 -1.629971065999999968e-01
5.525000000000000355e+00 -1.636570776999999866e-01
5.527499999999999858e+00 -1.632654293999999950e-01
5.530000000000000249e+00 -1.633056472999999953e-01
5.532499999999999751e+00 -1.633812943999999878e-01
5.535000000000000142e+00 -1.636175384999999927e-01
5.537499999999999645e+00 -1.632276589999999972e-01
5.540000000000000036e+00 -1.632325966000000017e-01
5.542500000000000426e+00 -1.636089850000000123e-01
5.544999999999999929e+00 -1.634310515999999880e-01
5.547500000000000320e+00 -1.633251574000000039e-01
5.549999999999999822e+00 -1.636418085000000133e-01
5.552500000000000213e+00 -1.633683643999999935e-01
5.554999999999999716e+00 -1.635853271999999914e-01
5.557500000000000107e+00 -1.632630300000000034e-01
5.559999999999999609e+00 -1.632575065000000103e-01
5.562500000000000000e+00 -1.635966851000000000e-01
5.565000000000000391e+00 -1.636960862999999877e-01
5.567499999999999893e+00 -1.638253665000000137e-01
5.570000000000000284e+00 -1.634693221000000085e-01
5.572499999999999787e+00 -1.639807625999999963e-01
5.575000000000000178e+00 -1.632370361000000103e-01
5.577499999999999680e+00 -1.637089436999999981e-01
5.580000000000000071e+00 -1.634170037999999880e-01
5.582499999999999574e+00 -1.639469661999999883e-01
5.584999999999999964e+00 -1.635138626000000039e-01
5.587500000000000355e+00 -1.636095187999999923e-01
5.589999999999999858e+00 -1.638196430999999953e-01
5.592500000000000249e+00 -1.638413763000000078e-01
5.594999999999999751e+00 -1.638645008000000070e-01
5.597500000000000142e+00 -1.637012093999999918e-01
5.599999999999999645e+00 -1.640001474999999986e-01
5.602500000000000036e+00 -1.637851087999999955e-01
5.605000000000000426e+00 -1.637701316000000074e-01
5.607499999999999929e+00 -1.639588402999999917e-01
5.610000000000000320e+00 -1.636472277000000086e-01
5.612499999999999822e+00 -1.637971555999999940e-01
5.615000000000000213e+00 -1.637732608999999950e-01
5.617499999999999716e+00 -1.640782601000000118e-01
5.620000000000000107e+00 -1.639016860999999992e-01
5.622499999999999609e+00 -1.640746120000000086e-01
5.625000000000000000e+00 -1.642014032000000123e-01
5.627500000000000391e+00 -1.642352128000000022e-01
5.629999999999999893e+00 -1.645212111000000088e-01
5.632500000000000284e+00 -1.643319900999999916e-01
5.634999999999999787e+00 -1.642202571999999972e-01
5.637500000000000178e+00 -1.643677567999999867e-01
5.639999999999999680e+00 -1.643053637000000122e-01
5.642500000000000071e+00 -1.641255963999999901e-01
5.644999999999999574e+00 -1.641047227000000108e-01
5.647499999999999964e+00 -1.644652195999999900e-01
5.650000000000000355e+00 -1.638186030000000071e-01
5.652499999999999858e+00 -1.640552888000000042e-01
5.655000000000000249e+00 -1.644991295000000076e-01
5.657499999999999751e+00 -1.642780271000000014e-01
5.660000000000000142e+00 -1.646204655000000072e-01
5.662499999999999645e+00 -1.649477276999999908e-01
5.665000000000000036e+00 -1.642735432999999912e-01
5.667500000000000426e+00 -1.645046816999999884e-01
5.669999999999999929e+00 -1.640544396999999988e-01
5.672500000000000320e+00 -1.642764991000000008e-01
5.674999999999999822e+00 -1.647361103999999965e-01
5.677500000000000213e+00 -1.642136835999999933e-01
5.679999999999999716e+00 -1.647809010999999879e-01
5.682500000000000107e+00 -1.643597528000000085e-01
5.684999999999999609e+00 -1.646438813999999973e-01
5.687500000000000000e+00 -1.644845242000000096e-01
5.690000000000000391e+00 -1.644694882999999941e-01
5.692499999999999893e+00 -1.643458663000000042e-01
5.695000000000000284e+00 -1.642499020000000032e-01
5.697499999999999787e+00 -1.646836929000000116e-01
5.700000000000000178e+00 -1.647235683000000117e-01
5.702499999999999680e+00 -1.649154559999999881e-01
5.705000000000000071e+00 -1.644643930999999948e-01
5.707499999999999574e+00 -1.646878632000000064e-01
5.709999999999999964e+00 -1.644412236999999999e-01
5.712500000000000355e+00 -1.647456314000000088e-01
5.714999999999999858e+00 -1.650609846999999963e-01
5.717500000000000249e+00 -1.649418347000000118e-01
5.719999999999999751e+00 -1.649865752000000130e-01
5.722500000000000142e+00 -1.648656693999999978e-01
5.724999999999999645e+00 -1.646797009000000034e-01
5.727500000000000036e+00 -1.650299051999999933e-01
5.730000000000000426e+00 -1.649441184000000060e-01
5.732499999999999929e+00 -1.649058528000000023e-01
5.735000000000000320e+00 -1.646578551000000001e-01
5.737499999999999822e+00 -1.650569578999999953e-01
5.740000000000000213e+00 -1.652094873000000130e-01
5.742499999999999716e+00 -1.650878994999999960e-01
5.745000000000000107e+00 -1.649117712000000013e-01
5.747499999999999609e+00 -1.651766363000000126e-01
5.750000000000000000e+00 -1.651979880999999983e-01
5.752500000000000391e+00 -1.651021336999999867e-01
5.754999999999999893e+00 -1.650728918000000101e-01
5.757500000000000284e+00 -1.652465944000000020e-01
5.759999999999999787e+00 -1.650210943000000041e-01
5.762500000000000178e+00 -1.654423549000000049e-01
5.764999999999999680e+00 -1.652466578000000019e-01
5.767500000000000071e+00 -1.652226250000000118e-01
5.769999999999999574e+00 -1.652301264999999908e-01
5.772499999999999964e+00 -1.652829732999999968e-01
5.775000000000000355e+00 -1.656882882999999862e-01
5.777499999999999858e+00 -1.656877019000000117e-01
5.780000000000000249e+00 -1.654970436000000045e-01
5.782499999999999751e+00 -1.657382668999999864e-01
5.785000000000000142e+00 -1.655331282999999987e-01
5.787499999999999645e+00 -1.654938840000000078e-01
5.790000000000000036e+00 -1.655526645000000019e-01
5.792500000000000426e+00 -1.659063765999999884e-01
5.794999999999999929e+00 -1.655329335000000068e-01
5.797500000000000320e+00 -1.655739652000000062e-01
5.799999999999999822e+00 -1.657519729999999969e-01
5.802500000000000213e+00 -1.656096927000000052e-01
5.804999999999999716e+00 -1.654454360000000013e-01
5.807500000000000107e+00 -1.657689297999999922e-01
5.809999999999999609e+00 -1.659894956999999893e-01
5.812500000000000000e+00 -1.655731843999999897e-01
5.815000000000000391e+00 -1.656746280999999987e-01
5.817499999999999893e+00 -1.658768838999999939e-01
5.820000000000000284e+00 -1.660998791999999946e-01
5.822499999999999787e+00 -1.658098751000000037e-01
5.825000000000000178e+00 -1.657292609000000083e-01
5.827499999999999680e+00 -1.656947941999999951e-01
5.830000000000000071e+00 -1.656071057000000069e-01
5.832499999999999574e+00 -1.655341510999999988e-01
5.834999999999999964e+00 -1.656255098999999953e-01
5.837500000000000355e+00 -1.662399816000000030e-01
5.839999999999999858e+00 -1.657803375999999940e-01
5.842500000000000249e+00 -1.662614457999999906e-01
5.844999999999999751e+00 -1.658108397999999983e-01
5.847500000000000142e+00 -1.660963306999999889e-01
5.849999999999999645e+00 -1.661571605999999923e-01
5.852500000000000036e+00 -1.662624343999999921e-01
5.855000000000000426e+00 -1.664701070999999866e-01
5.857499999999999929e+00 -1.662749483000000028e-01
5.860000000000000320e+00 -1.661232870000000084e-01
5.862499999999999822e+00 -1.662329790000000029e-01
5.865000000000000213e+00 -1.661946575000000093e-01
5.867499999999999716e+00 -1.661738128999999953e-01
5.870000000000000107e+00 -1.667458239999999869e-01
5.872499999999999609e+00 -1.661369172999999921e-01
5.875000000000000000e+00 -1.665517045999999890e-01
5.877500000000000391e+00 -1.662087241999999909e-01
5.879999999999999893e+00 -1.664591447000000057e-01
5.882500000000000284e+00 -1.665285759000000032e-01
5.884999999999999787e+00 -1.663894683999999902e-01
5.887500000000000178e+00 -1.667339406999999996e-01
5.889999999999999680e+00 -1.664284779000000103e-01
5.892500000000000071e+00 -1.665893286000000029e-01
5.894999999999999574e+00 -1.667692638000000116e-01
5.897499999999999964e+00 -1.663445280999999998e-01
5.900000000000000355e+00 -1.669544058999999914e-01
5.902499999999999858e+00 -1.668611440999999973e-01
5.905000000000000249e+00 -1.670589668999999944e-01
5.907499999999999751e+00 -1.666590421999999960e-01
5.910000000000000142e+00 -1.666539720000000113e-01
5.912499999999999645e+00 -1.668165923999999911e-01
5.915000000000000036e+00 -1.670404128999999904e-01
5.917500000000000426e+00 -1.666407927000000122e-01
5.919999999999999929e+00 -1.670824730999999896e-01
5.922500000000000320e+00 -1.668349718999999898e-01
5.924999999999999822e+00 -1.671926941000000111e-01
5.927500000000000213e+00 -1.669323164000000026e-01
5.929999999999999716e+00 -1.666892080000000054e-01
5.932500000000000107e+00 -1.667490654999999877e-01
5.934999999999999609e+00 -1.669928612999999895e-01
5.937500000000000000e+00 -1.674460680000000035e-01
5.940000000000000391e+00 -1.670381216000000058e-01
5.942499999999999893e+00 -1.672091716000000117e-01
5.945000000000000284e+00 -1.671300854999999974e-01
5.947499999999999787e+00 -1.673571554999999933e-01
5.950000000000000178e+00 -1.671909158999999867e-01
5.952499999999999680e+00 -1.670691537000000004e-01
5.955000000000000071e+00 -1.673513778999999868e-01
5.957499999999999574e+00 -1.674371608999999927e-01
5.959999999999999964e+00 -1.674856664999999911e-01
5.962500000000000355e+00 -1.674752224999999928e-01
5.964999999999999858e+00 -1.679140185999999924e-01
5.967500000000000249e+00 -1.677270301999999880e-01
5.969999999999999751e+00 -1.678662270000000067e-01
5.972500000000000142e+00 -1.674773667999999993e-01
5.974999999999999645e+00 -1.677952179999999960e-01
5.977500000000000036e+00 -1.675746780000000047e-01
5.980000000000000426e+00 -1.676992325999999978e-01
5.982499999999999929e+00 -1.677665084999999945e-01
5.985000000000000320e+00 -1.676832400999999917e-01
5.987499999999999822e+00 -1.674568929999999956e-01
5.990000000000000213e+00 -1.677357576999999877e-01
5.992499999999999716e+00 -1.677119746999999883e-01
5.995000000000000107e+00 -1.678562479000000052e-01
5.997499999999999609e+00 -1.682390712000000066e-01
6.000000000000000000e+00 -1.683239914000000115e-01
6.002500000000000391e+00 -1.680366727000000004e-01
6.004999999999999893e+00 -1.679071940000000096e-01
6.007500000000000284e+00 -1.679540723000000069e-01
6.009999999999999787e+00 -1.680736932999999933e-01
6.012500000000000178e+00 -1.679159332999999865e-01
6.014999999999999680e+00 -1.678393579999999941e-01
6.017500000000000071e+00 -1.679201164000000135e-01
6.019999999999999574e+00 -1.679766037000000045e-01
6.022499999999999964e+00 -1.682816652000000135e-01
6.025000000000000355e+00 -1.683296156999999904e-01
6.027499999999999858e+00 -1.684465254999999995e-01
6.030000000000000249e+00 -1.684344483000000114e-01
6.032499999999999751e+00 -1.683063388999999910e-01
6.035000000000000142e+00 -1.681675689000000085e-01
6.037499999999999645e+00 -1.687329536999999935e-01
6.040000000000000036e+00 -1.688493991999999999e-01
6.042500000000000426e+00 -1.681519160999999929e-01
6.044999999999999929e+00 -1.684085624999999975e-01
6.047500000000000320e+00 -1.681396166000000136e-01
6.049999999999999822e+00 -1.688600127999999867e-01
6.052500000000000213e+00 -1.688968134999999926e-01
6.054999999999999716e+00 -1.684435843000000044e-01
6.057500000000000107e+00 -1.688723279000000077e-01
6.059999999999999609e+00 -1.684408578000000101e-01
6.062500000000000000e+00 -1.688692038000000062e-01
6.065000000000000391e+00 -1.685340257999999869e-01
6.067499999999999893e+00 -1.688665525999999972e-01
6.070000000000000284e+00 -1.688594811999999945e-01
6.072499999999999787e+00 -1.690861432000000109e-01
6.075000000000000178e+00 -1.691952854999999867e-01
6.077499999999999680e+00 -1.691212112999999906e-01
6.080000000000000071e+00 -1.690320838000000103e-01
6.082499999999999574e+00 -1.692995935000000118e-01
6.084999999999999964e+00 -1.688084675000000034e-01
6.087500000000000355e+00 -1.691141161999999976e-01
6.089999999999999858e+00 -1.692852525999999913e-01
6.092500000000000249e+00 -1.693492370999999941e-01
6.094999999999999751e+00 -1.691034412999999903e-01
6.097500000000000142e+00 -1.689246199999999976e-01
6.099999999999999645e+00 -1.693357604999999877e-01
6.102500000000000036e+00 -1.691268220999999905e-01
6.105000000000000426e+00 -1.694500828000000126e-01
6.107499999999999929e+00 -1.696491113999999967e-01
6.110000000000000320e+00 -1.691769810000000041e-01
6.112499999999999822e+00 -1.692347794000000072e-01
6.115000000000000213e+00 -1.697558345999999885e-01
6.117499999999999716e+00 -1.695229195999999883e-01
6.120000000000000107e+00 -1.692350844000000132e-01
6.122499999999999609e+00 -1.695482596000000008e-01
6.125000000000000000e+00 -1.694847898999999880e-01
6.127500000000000391e+00 -1.695630727999999920e-01
6.129999999999999893e+00 -1.698600376999999939e-01
6.132500000000000284e+00 -1.697495082999999905e-01
6.134999999999999787e+00 -1.696195830999999987e-01
6.137500000000000178e+00 -1.699566348000000060e-01
6.139999999999999680e+00 -1.698507173999999897e-01
6.142500000000000071e+00 -1.701534100000000049e-01
6.144999999999999574e+00 -1.699086492999999920e-01
6.147499999999999964e+00 -1.700026239999999911e-01
6.150000000000000355e+00 -1.701645143000000138e-01
6.152499999999999858e+00 -1.699405526999999971e-01
6.155000000000000249e+00 -1.703505184000000117e-01
6.157499999999999751e+00 -1.700921794999999959e-01
6.160000000000000142e+00 -1.702022250999999931e-01
6.162499999999999645e+00 -1.701969643000000032e-01
6.165000000000000036e+00 -1.700736048000000000e-01
6.167500000000000426e+00 -1.701999359999999961e-01
6.169999999999999929e+00 -1.703773792000000120e-01
6.172500000000000320e+00 -1.705679934000000064e-01
6.174999999999999822e+00 -1.704252049999999963e-01
6.177500000000000213e+00 -1.704322687000000003e-01
6.179999999999999716e+00 -1.702491089000000013e-01
6.182500000000000107e+00 -1.704077459999999988e-01
6.184999999999999609e+00 -1.705959431000000082e-01
6.187500000000000000e+00 -1.703179025000000069e-01
6.190000000000000391e+00 -1.708280597999999872e-01
6.192499999999999893e+00 -1.705719236000000083e-01
6.195000000000000284e+00 -1.704688765000000050e-01
6.197499999999999787e+00 -1.708012269999999999e-01
6.200000000000000178e+00 -1.706963856000000002e-01
6.202499999999999680e+00 -1.707122721999999870e-01
6.205000000000000071e+00 -1.711071936999999932e-01
6.207499999999999574e+00 -1.713012620000000097e-01
6.209999999999999964e+00 -1.710512496999999910e-01
6.212500000000000355e+00 -1.708634660999999999e-01
6.214999999999999858e+00 -1.714416877000000117e-01
6.217500000000000249e+00 -1.710982772000000096e-01
6.219999999999999751e+00 -1.713353431999999898e-01
6.222500000000000142e+00 -1.713650529000000089e-01
6.224999999999999645e+00 -1.713190735000000020e-01
6.227500000000000036e+00 -1.710295819000000050e-01
6.230000000000000426e+00 -1.711091164000000109e-01
6.232499999999999929e+00 -1.714962352000000134e-01
6.235000000000000320e+00 -1.714515309999999904e-01
6.237499999999999822e+00 -1.713447567999999976e-01
6.240000000000000213e+00 -1.714040880000000100e-01
6.242499999999999716e+00 -1.714075338000000115e-01
6.245000000000000107e+00 -1.720184663999999863e-01
6.247499999999999609e+00 -1.715980678000000037e-01
6.250000000000000000e+00 -1.717399692000000089e-01
6.252500000000000391e+00 -1.715285007000000028e-01
6.254999999999999893e+00 -1.716644592999999885e-01
6.257500000000000284e+00 -1.718508953000000006e-01
6.259999999999999787e+00 -1.718509856000000058e-01
6.262500000000000178e+00 -1.719282285000000021e-01
6.264999999999999680e+00 -1.720574719000000086e-01
6.267500000000000071e+00 -1.716043198999999964e-01
6.269999999999999574e+00 -1.721354826000000005e-01
6.272499999999999964e+00 -1.721171659999999881e-01
6.275000000000000355e+00 -1.723950710000000108e-01
6.277499999999999858e+00 -1.720765246000000026e-01
6.280000000000000249e+00 -1.722940721000000008e-01
6.282499999999999751e+00 -1.722431423000000128e-01
6.285000000000000142e+00 -1.720286285000000026e-01
6.287499999999999645e+00 -1.724135732000000032e-01
6.290000000000000036e+00 -1.722942199999999979e-01
6.292500000000000426e+00 -1.724846416999999965e-01
6.294999999999999929e+00 -1.723333378999999943e-01
6.297500000000000320e+00 -1.726733249999999886e-01
6.299999999999999822e+00 -1.725671407000000102e-01
6.302500000000000213e+00 -1.721751413000000008e-01
6.304999999999999716e+00 -1.730838237000000002e-01
6.307500000000000107e+00 -1.728934738000000026e-01
6.309999999999999609e+00 -1.726453745000000040e-01
6.312500000000000000e+00 -1.731696470000000099e-01
6.315000000000000391e+00 -1.728700293000000054e-01
6.317499999999999893e+00 -1.729922744000000068e-01
6.320000000000000284e+00 -1.728977546999999892e-01
6.322499999999999787e+00 -1.726611016000000054e-01
6.325000000000000178e+00 -1.727857872999999933e-01
6.327499999999999680e+00 -1.729270666000000123e-01
6.330000000000000071e+00 -1.727204411999999911e-01
6.332499999999999574e+00 -1.728785245999999998e-01
6.334999999999999964e+00 -1.729147534999999902e-01
6.337500000000000355e+00 -1.733511144999999865e-01
6.339999999999999858e+00 -1.730985016000000098e-01
6.342500000000000249e+00 -1.730976509999999913e-01
6.344999999999999751e+00 -1.733337999000000018e-01
6.347500000000000142e+00 -1.736034210000000078e-01
6.349999999999999645e+00 -1.733093126999999956e-01
6.352500000000000036e+00 -1.735297768000000074e-01
6.355000000000000426e+00 -1.733366225999999899e-01
6.357499999999999929e+00 -1.736655668000000041e-01
6.360000000000000320e+00 -1.734792561999999871e-01
6.362499999999999822e+00 -1.735186310000000065e-01
6.365000000000000213e+00 -1.736574455999999878e-01
6.367499999999999716e+00 -1.740161373999999928e-01
6.370000000000000107e+00 -1.736089584999999935e-01
6.372499999999999609e+00 -1.738582908000000093e-01
6.375000000000000000e+00 -1.740497012999999982e-01
6.377500000000000391e+00 -1.738253258000000134e-01
6.379999999999999893e+00 -1.739444290000000115e-01
6.382500000000000284e+00 -1.744851172000000117e-01
6.384999999999999787e+00 -1.738124934999999982e-01
6.387500000000000178e+00 -1.739850874999999963e-01
6.389999999999999680e+00 -1.740141877999999975e-01
6.392500000000000071e+00 -1.743808202000000085e-01
6.394999999999999574e+00 -1.742396176999999879e-01
6.397499999999999964e+00 -1.740672823999999952e-01
6.400000000000000355e+00 -1.743385050000000047e-01
6.402499999999999858e+00 -1.743219216000000127e-01
6.405000000000000249e+00 -1.746396406000000068e-01
6.407499999999999751e+00 -1.741599900999999950e-01
6.410000000000000142e+00 -1.742791546999999941e-01
6.412499999999999645e+00 -1.744028165000000019e-01
6.415000000000000036e+00 -1.752032045999999954e-01
6.417500000000000426e+00 -1.744711412000000128e-01
6.419999999999999929e+00 -1.748598030999999886e-01
6.422500000000000320e+00 -1.748166334000000044e-01
6.424999999999999822e+00 -1.748457144999999990e-01
6.427500000000000213e+00 -1.745574722999999884e-01
6.429999999999999716e+00 -1.744550643999999984e-01
6.432500000000000107e+00 -1.750462841000000047e-01
6.434999999999999609e+00 -1.746418375999999884e-01
6.437500000000000000e+00 -1.750638069999999880e-01
6.440000000000000391e+00 -1.750650377000000091e-01
6.442499999999999893e+00 -1.752661436999999878e-01
6.445000000000000284e+00 -1.753575373000000048e-01
6.447499999999999787e+00 -1.753241208000000106e-01
6.450000000000000178e+00 -1.751149945999999902e-01
6.452499999999999680e+00 -1.751373569000000130e-01
6.455000000000000071e+00 -1.755352240999999980e-01
6.457499999999999574e+00 -1.752866543999999915e-01
6.459999999999999964e+00 -1.752923788999999899e-01
6.462500000000000355e+00 -1.755601706999999900e-01
6.464999999999999858e+00 -1.757417907000000112e-01
6.467500000000000249e+00 -1.757733556999999947e-01
6.469999999999999751e+00 -1.758192786999999979e-01
6.472500000000000142e+00 -1.755378311000000136e-01
6.474999999999999645e+00 -1.752822276000000068e-01
6.477500000000000036e+00 -1.756900254000000050e-01
6.480000000000000426e+00 -1.756780052999999953e-01
6.482499999999999929e+00 -1.757955247000000110e-01
6.485000000000000320e+00 -1.759214732999999919e-01
6.487499999999999822e+00 -1.763858754000000029e-01
6.490000000000000213e+00 -1.756960533999999963e-01
6.492499999999999716e+00 -1.761250514000000100e-01
6.495000000000000107e+00 -1.766023176000000028e-01
6.497499999999999609e+00 -1.762261857999999903e-01
6.500000000000000000e+00 -1.760793408999999921e-01
6.502500000000000391e+00 -1.764043131999999958e-01
6.504999999999999893e+00 -1.763501148000000129e-01
6.507500000000000284e+00 -1.760604618999999926e-01
6.509999999999999787e+00 -1.766064611000000006e-01
6.512500000000000178e+00 -1.764597011000000049e-01
6.514999999999999680e+00 -1.763584008999999897e-01
6.517500000000000071e+00 -1.766729170000000126e-01
6.519999999999999574e+00 -1.767867555000000035e-01
6.522499999999999964e+00 -1.768680378999999969e-01
6.525000000000000355e+00 -1.768221782999999936e-01
6.527499999999999858e+00 -1.768558138999999918e-01
6.530000000000000249e+00 -1.769829737999999986e-01
6.532499999999999751e+00 -1.767876456999999957e-01
6.535000000000000142e+00 -1.767646435999999932e-01
6.537499999999999645e+00 -1.774548139999999885e-01
6.540000000000000036e+00 -1.771917899999999879e-01
6.542500000000000426e+00 -1.772008982999999926e-01
6.544999999999999929e+00 -1.772994032999999914e-01
6.547500000000000320e+00 -1.773779812000000067e-01
6.549999999999999822e+00 -1.771685157000000010e-01
6.552500000000000213e+00 -1.771983232999999880e-01
6.554999999999999716e+00 -1.775785045999999923e-01
6.557500000000000107e+00 -1.773636621999999941e-01
6.559999999999999609e+00 -1.775466484999999872e-01
6.562500000000000000e+00 -1.778677888999999901e-01
6.565000000000000391e+00 -1.774487874000000021e-01
6.567499999999999893e+00 -1.776442129999999953e-01
6.570000000000000284e+00 -1.779820064000000035e-01
6.572499999999999787e+00 -1.778128549000000114e-01
6.575000000000000178e+00 -1.779406981999999970e-01
6.577499999999999680e+00 -1.779513403000000105e-01
6.580000000000000071e+00 -1.779411945999999911e-01
6.582499999999999574e+00 -1.781699914000000051e-01
6.584999999999999964e+00 -1.780970308000000002e-01
6.587500000000000355e+00 -1.782497670000000034e-01
6.589999999999999858e+00 -1.779370487999999972e-01
6.592500000000000249e+00 -1.782112781000000090e-01
6.594999999999999751e+00 -1.783283505999999907e-01
6.597500000000000142e+00 -1.784507733000000040e-01
6.599999999999999645e+00 -1.783791097999999908e-01
6.602500000000000036e+00 -1.784919245000000099e-01
6.605000000000000426e+00 -1.785781961000000029e-01
6.607499999999999929e+00 -1.788209765000000062e-01
6.610000000000000320e+00 -1.786342032000000080e-01
6.612499999999999822e+00 -1.789477546999999891e-01
6.615000000000000213e+00 -1.788169084000000020e-01
6.617499999999999716e+00 -1.791875870999999898e-01
6.620000000000000107e+00 -1.785562441999999916e-01
6.622499999999999609e+00 -1.790376680000000109e-01
6.625000000000000000e+00 -1.791258658999999864e-01
6.627500000000000391e+00 -1.793395181000000116e-01
6.629999999999999893e+00 -1.792208717000000062e-01
6.632500000000000284e+00 -1.793588336999999977e-01
6.634999999999999787e+00 -1.794774140000000018e-01
6.637500000000000178e+00 -1.790046245999999952e-01
6.639999999999999680e+00 -1.793925490999999928e-01
6.642500000000000071e+00 -1.799973756000000091e-01
6.644999999999999574e+00 -1.789635384000000107e-01
6.647499999999999964e+00 -1.794414669000000129e-01
6.650000000000000355e+00 -1.800062926999999868e-01
6.652499999999999858e+00 -1.796181477999999887e-01
6.655000000000000249e+00 -1.796615662999999918e-01
6.657499999999999751e+00 -1.796359133000000052e-01
6.660000000000000142e+00 -1.801221214000000015e-01
6.662499999999999645e+00 -1.795613114999999871e-01
6.665000000000000036e+00 -1.797395726999999888e-01
6.667500000000000426e+00 -1.802147473000000055e-01
6.669999999999999929e+00 -1.796910921000000050e-01
6.672500000000000320e+00 -1.799356333999999891e-01
6.674999999999999822e+00 -1.801940150999999934e-01
6.677500000000000213e+00 -1.802083620999999913e-01
6.679999999999999716e+00 -1.800074651999999942e-01
6.682500000000000107e+00 -1.800197796999999933e-01
6.684999999999999609e+00 -1.802035493999999960e-01
6.687500000000000000e+00 -1.804131049000000098e-01
6.690000000000000391e+00 -1.805289368999999922e-01
6.692499999999999893e+00 -1.800282870000000091e-01
6.695000000000000284e+00 -1.803446466999999998e-01
6.697499999999999787e+00 -1.807094489000000137e-01
6.700000000000000178e+00 -1.807785120000000023e-01
6.702499999999999680e+00 -1.805615079000000012e-01
6.705000000000000071e+00 -1.807538451000000046e-01
6.707499999999999574e+00 -1.808526460000000058e-01
6.709999999999999964e+00 -1.807930046000000013e-01
6.712500000000000355e+00 -1.810407763000000114e-01
6.714999999999999858e+00 -1.809839474999999920e-01
6.717500000000000249e+00 -1.811562308999999926e-01
6.719999999999999751e+00 -1.812771672999999861e-01
6.722500000000000142e+00 -1.810622563000000018e-01
6.724999999999999645e+00 -1.811432933999999884e-01
6.727500000000000036e+00 -1.813753673000000066e-01
6.730000000000000426e+00 -1.812406494999999895e-01
6.732499999999999929e+00 -1.813796042999999969e-01
6.735000000000000320e+00 -1.813580579000000081e-01
6.737499999999999822e+00 -1.815117726999999903e-01
6.740000000000000213e+00 -1.813780504999999987e-01
6.742499999999999716e+00 -1.817228257999999874e-01
6.745000000000000107e+00 -1.820150184999999865e-01
6.747499999999999609e+00 -1.816168328999999970e-01
6.750000000000000000e+00 -1.814736261000000073e-01
6.752500000000000391e+00 -1.817917639999999946e-01
6.754999999999999893e+00 -1.819701780999999907e-01
6.757500000000000284e+00 -1.824655346000000067e-01
6.759999999999999787e+00 -1.818786092000000132e-01
6.762500000000000178e+00 -1.822991999999999946e-01
6.764999999999999680e+00 -1.823204174999999982e-01
6.767500000000000071e+00 -1.825142382000000119e-01
6.769999999999999574e+00 -1.825336891000000072e-01
6.772499999999999964e+00 -1.826755978000000058e-01
6.775000000000000355e+00 -1.822697487999999921e-01
6.777499999999999858e+00 -1.826427385000000125e-01
6.780000000000000249e+00 -1.824636259000000094e-01
6.782499999999999751e+00 -1.826136915000000083e-01
6.785000000000000142e+00 -1.830253698000000040e-01
6.787499999999999645e+00 -1.832240653999999969e-01
6.790000000000000036e+00 -1.831930056999999945e-01
6.792500000000000426e+00 -1.831164701999999922e-01
6.794999999999999929e+00 -1.832024666000000024e-01
6.797500000000000320e+00 -1.830175578000000081e-01
6.799999999999999822e+00 -1.831959737999999949e-01
6.802500000000000213e+00 -1.833970686999999988e-01
6.804999999999999716e+00 -1.833776578000000101e-01
6.807500000000000107e+00 -1.832615962999999959e-01
6.809999999999999609e+00 -1.836135580000000100e-01
6.812500000000000000e+00 -1.835798547999999975e-01
6.815000000000000391e+00 -1.837374700999999944e-01
6.817499999999999893e+00 -1.837393881999999923e-01
6.820000000000000284e+00 -1.840330672999999917e-01
6.822499999999999787e+00 -1.838829187000000087e-01
6.825000000000000178e+00 -1.834352753999999863e-01
6.827499999999999680e+00 -1.842186842000000102e-01
6.830000000000000071e+00 -1.838814068000000079e-01
6.832499999999999574e+00 -1.843482036999999907e-01
6.834999999999999964e+00 -1.838748300999999974e-01
6.837500000000000355e+00 -1.842017968000000117e-01
6.839999999999999858e+00 -1.842401875999999938e-01
6.842500000000000249e+00 -1.844777619000000091e-01
6.844999999999999751e+00 -1.843539429999999923e-01
6.847500000000000142e+00 -1.843442553999999900e-01
6.849999999999999645e+00 -1.843432949000000098e-01
6.852500000000000036e+00 -1.845944776000000009e-01
6.855000000000000426e+00 -1.847712207999999967e-01
6.857499999999999929e+00 -1.848606923999999985e-01
6.860000000000000320e+00 -1.847451853000000033e-01
6.862499999999999822e+00 -1.846445271000000110e-01
6.865000000000000213e+00 -1.849406312000000108e-01
6.867499999999999716e+00 -1.850013063000000013e-01
6.870000000000000107e+00 -1.854210709000000123e-01
6.872499999999999609e+00 -1.851549080999999874e-01
6.875000000000000000e+00 -1.856461044000000116e-01
6.877500000000000391e+00 -1.856350716000000067e-01
6.879999999999999893e+00 -1.853510462000000081e-01
6.882500000000000284e+00 -1.854356463999999871e-01
6.884999999999999787e+00 -1.858841780999999915e-01
6.887500000000000178e+00 -1.858965650999999941e-01
6.889999999999999680e+00 -1.856019903999999998e-01
6.892500000000000071e+00 -1.858321028000000097e-01
6.894999999999999574e+00 -1.859074283000000105e-01
6.897499999999999964e+00 -1.861650609000000123e-01
6.900000000000000355e+00 -1.857969888000000069e-01
6.902499999999999858e+00 -1.858543619999999952e-01
6.905000000000000249e+00 -1.859573459999999956e-01
6.907499999999999751e+00 -1.861273538000000061e-01
6.910000000000000142e+00 -1.867971904000000072e-01
6.912499999999999645e+00 -1.865098813999999938e-01
6.915000000000000036e+00 -1.861243375999999949e-01
6.917500000000000426e+00 -1.864180025000000129e-01
6.919999999999999929e+00 -1.864839293999999981e-01
6.922500000000000320e+00 -1.867100919000000137e-01
6.924999999999999822e+00 -1.866221362000000106e-01
6.927500000000000213e+00 -1.864882391000000084e-01
6.929999999999999716e+00 -1.866487222999999862e-01
6.932500000000000107e+00 -1.867831124999999870e-01
6.934999999999999609e+00 -1.871236014000000059e-01
6.937500000000000000e+00 -1.864582983999999999e-01
6.940000000000000391e+00 -1.869491026000000000e-01
6.942499999999999893e+00 -1.873374362999999931e-01
6.945000000000000284e+00 -1.873592557000000047e-01
6.947499999999999787e+00 -1.875759247000000074e-01
6.950000000000000178e+00 -1.876405076999999866e-01
6.952499999999999680e+00 -1.875052419000000081e-01
6.955000000000000071e+00 -1.874849550999999892e-01
6.957499999999999574e+00 -1.878966351999999951e-01
6.959999999999999964e+00 -1.877540524999999905e-01
6.962500000000000355e+00 -1.880579149999999922e-01
6.964999999999999858e+00 -1.878609397999999875e-01
6.967500000000000249e+00 -1.880755971999999998e-01
6.969999999999999751e+00 -1.875889259999999892e-01
6.972500000000000142e+00 -1.883320230999999956e-01
6.974999999999999645e+00 -1.879197334999999913e-01
6.977500000000000036e+00 -1.880632080999999900e-01
6.980000000000000426e+00 -1.881423752999999977e-01
6.982499999999999929e+00 -1.884610020999999969e-01
6.985000000000000320e+00 -1.882791920999999924e-01
6.987499999999999822e+00 -1.884748603999999994e-01
6.990000000000000213e+00 -1.883964038000000008e-01
6.992499999999999716e+00 -1.887667393999999943e-01
6.995000000000000107e+00 -1.886923074000000089e-01
6.997499999999999609e+00 -1.884232389999999924e-01
7.000000000000000000e+00 -1.889382695999999862e-01
7.002500000000000391e+00 -1.889291435999999880e-01
7.004999999999999893e+00 -1.887381486999999969e-01
7.007500000000000284e+00 -1.889618618999999999e-01
7.009999999999999787e+00 -1.895181257999999924e-01
7.012500000000000178e+00 -1.888581930000000075e-01
7.014999999999999680e+00 -1.895355447000000026e-01
7.017500000000000071e+00 -1.891688116999999947e-01
7.019999999999999574e+00 -1.894399291999999957e-01
7.022499999999999964e+00 -1.895867616999999949e-01
7.025000000000000355e+00 -1.895516942000000093e-01
7.027499999999999858e+00 -1.893961239999999990e-01
7.030000000000000249e+00 -1.897446638999999990e-01
7.032499999999999751e+00 -1.896120414999999948e-01
7.035000000000000142e+00 -1.899465948999999876e-01
7.037499999999999645e+00 -1.896167283000000092e-01
7.040000000000000036e+00 -1.901140950000000107e-01
7.042500000000000426e+00 -1.901355144999999913e-01
7.044999999999999929e+00 -1.905934089999999914e-01
7.047500000000000320e+00 -1.901708910000000086e-01
7.049999999999999822e+00 -1.901943094999999917e-01
7.052500000000000213e+00 -1.904334383000000075e-01
7.054999999999999716e+00 -1.906201264000000062e-01
7.057500000000000107e+00 -1.907892580999999976e-01
7.059999999999999609e+00 -1.908428111000000094e-01
7.062500000000000000e+00 -1.905747854000000019e-01
7.065000000000000391e+00 -1.908427698999999866e-01
7.067499999999999893e+00 -1.910025877000000039e-01
7.070000000000000284e+00 -1.907192565999999978e-01
7.072499999999999787e+00 -1.909346511999999996e-01
7.075000000000000178e+00 -1.915661106000000058e-01
7.077499999999999680e+00 -1.910592663000000024e-01
7.080000000000000071e+00 -1.912468127999999989e-01
7.082499999999999574e+00 -1.912913984000000067e-01
7.084999999999999964e+00 -1.917444556000000022e-01
7.087500000000000355e+00 -1.914912115000000081e-01
7.089999999999999858e+00 -1.915558968999999945e-01
7.092500000000000249e+00 -1.920142780999999910e-01
7.094999999999999751e+00 -1.917713101999999892e-01
7.097500000000000142e+00 -1.917829272000000085e-01
7.099999999999999645e+00 -1.923874137999999900e-01
7.102500000000000036e+00 -1.921342823999999949e-01
7.105000000000000426e+00 -1.921760807000000015e-01
7.107499999999999929e+00 -1.922232413999999945e-01
7.110000000000000320e+00 -1.921435227999999940e-01
7.112499999999999822e+00 -1.924498470000000072e-01
7.115000000000000213e+00 -1.924513606999999904e-01
7.117499999999999716e+00 -1.923825067999999916e-01
7.120000000000000107e+00 -1.928577113000000121e-01
7.122499999999999609e+00 -1.925685431999999975e-01
7.125000000000000000e+00 -1.928700858999999879e-01
7.127500000000000391e+00 -1.932911818999999976e-01
7.129999999999999893e+00 -1.933231491999999885e-01
7.132500000000000284e+00 -1.933290068000000084e-01
7.134999999999999787e+00 -1.933104267000000098e-01
7.137500000000000178e+00 -1.932105397999999974e-01
7.139999999999999680e+00 -1.935111676000000058e-01
7.142500000000000071e+00 -1.936157836000000076e-01
7.144999999999999574e+00 -1.937198341999999962e-01
7.147499999999999964e+00 -1.935399527999999980e-01
7.150000000000000355e+00 -1.938479117999999946e-01
7.152499999999999858e+00 -1.938232759999999888e-01
7.155000000000000249e+00 -1.935239126999999948e-01
7.157499999999999751e+00 -1.941082664000000069e-01
7.160000000000000142e+00 -1.938316378000000118e-01
7.162499999999999645e+00 -1.939913799000000105e-01
7.165000000000000036e+00 -1.941054144000000092e-01
7.167500000000000426e+00 -1.939376385000000091e-01
7.169999999999999929e+00 -1.939882300000000115e-01
7.172500000000000320e+00 -1.944616227000000031e-01
7.174999999999999822e+00 -1.945102103999999943e-01
7.177500000000000213e+00 -1.944721507999999932e-01
7.179999999999999716e+00 -1.948646803000000094e-01
7.182500000000000107e+00 -1.946614868000000054e-01
7.184999999999999609e+00 -1.948304882000000127e-01
7.187500000000000000e+00 -1.946393258000000126e-01
7.190000000000000391e+00 -1.953124917999999877e-01
7.192499999999999893e+00 -1.953577112999999865e-01
7.195000000000000284e+00 -1.952327358000000013e-01
7.197499999999999787e+00 -1.955779784999999993e-01
7.200000000000000178e+00 -1.954454942999999945e-01
7.202499999999999680e+00 -1.952345870999999955e-01
7.205000000000000071e+00 -1.955180069999999937e-01
7.207499999999999574e+00 -1.954725203999999883e-01
7.209999999999999964e+00 -1.955752142999999943e-01
7.212500000000000355e+00 -1.955614223999999901e-01
7.214999999999999858e+00 -1.957381648000000030e-01
7.217500000000000249e+00 -1.958975809999999873e-01
7.219999999999999751e+00 -1.958985958999999999e-01
7.222500000000000142e+00 -1.960506029000000094e-01
7.224999999999999645e+00 -1.959845508999999986e-01
7.227500000000000036e+00 -1.965643759000000046e-01
7.230000000000000426e+00 -1.960869590000000051e-01
7.232499999999999929e+00 -1.965820614999999882e-01
7.235000000000000320e+00 -1.968739649000000036e-01
7.237499999999999822e+00 -1.963308445999999985e-01
7.240000000000000213e+00 -1.966365937000000008e-01
7.242499999999999716e+00 -1.968611188000000123e-01
7.245000000000000107e+00 -1.967659639000000071e-01
7.247499999999999609e+00 -1.967564546999999997e-01
7.250000000000000000e+00 -1.970879023999999868e-01
7.252500000000000391e+00 -1.972136633999999888e-01
7.254999999999999893e+00 -1.973130167999999907e-01
7.257500000000000284e+00 -1.972152915000000006e-01
7.259999999999999787e+00 -1.972047395000000036e-01
7.262500000000000178e+00 -1.977247362000000008e-01
7.264999999999999680e+00 -1.974986511000000056e-01
7.267500000000000071e+00 -1.978822320999999995e-01
7.269999999999999574e+00 -1.981019981999999902e-01
7.272499999999999964e+00 -1.977592535000000096e-01
7.275000000000000355e+00 -1.983860326000000118e-01
7.277499999999999858e+00 -1.980510235000000063e-01
7.280000000000000249e+00 -1.981171999999999933e-01
7.282499999999999751e+00 -1.977872287000000118e-01
7.285000000000000142e+00 -1.983654293999999874e-01
7.287499999999999645e+00 -1.986906009999999945e-01
7.290000000000000036e+00 -1.986741541000000000e-01
7.292500000000000426e+00 -1.985460528000000113e-01
7.294999999999999929e+00 -1.989097405999999957e-01
7.297500000000000320e+00 -1.987424272999999963e-01
7.299999999999999822e+00 -1.991287448000000071e-01
7.302500000000000213e+00 -1.990049966999999920e-01
7.304999999999999716e+00 -1.992791891000000037e-01
7.307500000000000107e+00 -1.989839208999999998e-01
7.309999999999999609e+00 -1.991744045000000130e-01
7.312500000000000000e+00 -1.995161990000000052e-01
7.315000000000000391e+00 -1.992760781000000037e-01
7.317499999999999893e+00 -1.992567551999999964e-01
7.320000000000000284e+00 -1.995148595000000025e-01
7.322499999999999787e+00 -1.997272243000000058e-01
7.325000000000000178e+00 -1.999579137999999978e-01
7.327499999999999680e+00 -1.999086080999999959e-01
7.330000000000000071e+00 -2.000035823999999907e-01
7.332499999999999574e+00 -2.000031837000000035e-01
7.334999999999999964e+00 -2.000998610999999983e-01
7.337500000000000355e+00 -2.005574807000000126e-01
7.339999999999999858e+00 -1.999060075999999908e-01
7.342500000000000249e+00 -2.002409646999999959e-01
7.344999999999999751e+00 -2.003295989999999971e-01
7.347500000000000142e+00 -2.007783713000000081e-01
7.349999999999999645e+00 -2.001713796000000045e-01
7.352500000000000036e+00 -2.006504835000000042e-01
7.355000000000000426e+00 -2.009084064999999975e-01
7.357499999999999929e+00 -2.006237794999999879e-01
7.360000000000000320e+00 -2.011556818000000135e-01
7.362499999999999822e+00 -2.013676434999999987e-01
7.365000000000000213e+00 -2.016401449000000123e-01
7.367499999999999716e+00 -2.012906269999999997e-01
7.370000000000000107e+00 -2.019171227999999874e-01
7.372499999999999609e+00 -2.012699051000000072e-01
7.375000000000000000e+00 -2.018029964999999981e-01
7.377500000000000391e+00 -2.016180335999999962e-01
7.379999999999999893e+00 -2.019398617000000007e-01
7.382500000000000284e+00 -2.020813976999999984e-01
7.384999999999999787e+00 -2.020688475999999900e-01
7.387500000000000178e+00 -2.021641992000000054e-01
7.389999999999999680e+00 -2.024390187000000008e-01
7.392500000000000071e+00 -2.023466609000000027e-01
7.394999999999999574e+00 -2.023221424999999962e-01
7.397499999999999964e+00 -2.032000435000000105e-01
7.400000000000000355e+00 -2.024661584999999930e-01
7.402499999999999858e+00 -2.031074650999999953e-01
7.405000000000000249e+00 -2.028755724999999899e-01
7.407499999999999751e+00 -2.029702308000000122e-01
7.410000000000000142e+00 -2.030542700000000089e-01
7.412499999999999645e+00 -2.033622807999999893e-01
7.415000000000000036e+00 -2.034627175000000010e-01
7.417500000000000426e+00 -2.034973114999999999e-01
7.419999999999999929e+00 -2.035111292000000016e-01
7.422500000000000320e+00 -2.037572267999999964e-01
7.424999999999999822e+00 -2.036472652000000105e-01
7.427500000000000213e+00 -2.039216698999999910e-01
7.429999999999999716e+00 -2.040001895000000121e-01
7.432500000000000107e+00 -2.037641088999999905e-01
7.434999999999999609e+00 -2.040884122999999939e-01
7.437500000000000000e+00 -2.043664940999999902e-01
7.440000000000000391e+00 -2.041391443999999999e-01
7.442499999999999893e+00 -2.043947287000000002e-01
7.445000000000000284e+00 -2.042034567999999883e-01
7.447499999999999787e+00 -2.047592655000000095e-01
7.450000000000000178e+00 -2.045368159000000019e-01
7.452499999999999680e+00 -2.047505440999999871e-01
7.455000000000000071e+00 -2.051085944000000105e-01
7.457499999999999574e+00 -2.050855849000000064e-01
7.459999999999999964e+00 -2.052911286999999918e-01
7.462500000000000355e+00 -2.053277366000000048e-01
7.464999999999999858e+00 -2.053629140999999880e-01
7.467500000000000249e+00 -2.055231875999999902e-01
7.469999999999999751e+00 -2.053412436000000008e-01
7.472500000000000142e+00 -2.059038826000000044e-01
7.474999999999999645e+00 -2.055738051999999871e-01
7.477500000000000036e+00 -2.058626980999999911e-01
7.480000000000000426e+00 -2.061502799000000108e-01
7.482499999999999929e+00 -2.058032804999999910e-01
7.485000000000000320e+00 -2.058626282999999890e-01
7.487499999999999822e+00 -2.067113537999999973e-01
7.490000000000000213e+00 -2.064244470000000109e-01
7.492499999999999716e+00 -2.067388501000000101e-01
7.495000000000000107e+00 -2.067704028000000027e-01
7.497499999999999609e+00 -2.070577466999999894e-01
7.500000000000000000e+00 -2.070042631000000022e-01
7.502500000000000391e+00 -2.066781336999999885e-01
7.504999999999999893e+00 -2.068837809000000083e-01
7.507500000000000284e+00 -2.069740360000000001e-01
7.509999999999999787e+00 -2.073721441999999970e-01
7.512500000000000178e+00 -2.071395159999999958e-01
7.514999999999999680e+00 -2.075056039000000019e-01
7.517500000000000071e+00 -2.075537348000000004e-01
7.519999999999999574e+00 -2.074933337000000044e-01
7.522499999999999964e+00 -2.079167439000000062e-01
7.525000000000000355e+00 -2.079712119000000081e-01
7.527499999999999858e+00 -2.080356499000000081e-01
7.530000000000000249e+00 -2.079299269000000061e-01
7.532499999999999751e+00 -2.079161424000000036e-01
7.535000000000000142e+00 -2.083371924999999902e-01
7.537499999999999645e+00 -2.084290822000000043e-01
7.540000000000000036e+00 -2.086291060000000086e-01
7.542500000000000426e+00 -2.084561017999999877e-01
7.544999999999999929e+00 -2.088467971000000090e-01
7.547500000000000320e+00 -2.087398306000000092e-01
7.549999999999999822e+00 -2.088066242999999933e-01
7.552500000000000213e+00 -2.089672368999999919e-01
7.554999999999999716e+00 -2.091246442999999955e-01
7.557500000000000107e+00 -2.092468832000000112e-01
7.559999999999999609e+00 -2.096047276999999931e-01
7.562500000000000000e+00 -2.095721885999999867e-01
7.565000000000000391e+00 -2.094865287000000076e-01
7.567499999999999893e+00 -2.096573248999999972e-01
7.570000000000000284e+00 -2.095897949999999954e-01
7.572499999999999787e+00 -2.103306268000000034e-01
7.575000000000000178e+00 -2.101067499000000005e-01
7.577499999999999680e+00 -2.103428579000000131e-01
7.580000000000000071e+00 -2.102358940999999870e-01
7.582499999999999574e+00 -2.106212197000000008e-01
7.584999999999999964e+00 -2.102626595000000043e-01
7.587500000000000355e+00 -2.106435111000000138e-01
7.589999999999999858e+00 -2.106314898999999963e-01
7.592500000000000249e+00 -2.107003281000000006e-01
7.594999999999999751e+00 -2.109137815000000082e-01
7.597500000000000142e+00 -2.110330764999999997e-01
7.599999999999999645e+00 -2.111925071999999903e-01
7.602500000000000036e+00 -2.112698194000000029e-01
7.605000000000000426e+00 -2.114022536999999868e-01
7.607499999999999929e+00 -2.112019215000000005e-01
7.610000000000000320e+00 -2.117838116000000104e-01
7.612499999999999822e+00 -2.118143455000000008e-01
7.615000000000000213e+00 -2.119782759999999933e-01
7.617499999999999716e+00 -2.116845511000000069e-01
7.620000000000000107e+00 -2.122722683000000110e-01
7.622499999999999609e+00 -2.122256901000000029e-01
7.625000000000000000e+00 -2.122170549000000073e-01
7.627500000000000391e+00 -2.124674417999999898e-01
7.629999999999999893e+00 -2.123022612000000087e-01
7.632500000000000284e+00 -2.121587342000000043e-01
7.634999999999999787e+00 -2.129013955999999874e-01
7.637500000000000178e+00 -2.129589832000000071e-01
7.639999999999999680e+00 -2.133136938999999899e-01
7.642500000000000071e+00 -2.130644858999999891e-01
7.644999999999999574e+00 -2.133182818999999897e-01
7.647499999999999964e+00 -2.130036016000000088e-01
7.650000000000000355e+00 -2.136257638999999875e-01
7.652499999999999858e+00 -2.134428953999999989e-01
7.655000000000000249e+00 -2.136806418999999957e-01
7.657499999999999751e+00 -2.135283105999999931e-01
7.660000000000000142e+00 -2.138728931999999971e-01
7.662499999999999645e+00 -2.140615214999999905e-01
7.665000000000000036e+00 -2.142377866999999880e-01
7.667500000000000426e+00 -2.141552223000000033e-01
7.669999999999999929e+00 -2.140813205000000052e-01
7.672500000000000320e+00 -2.143970184000000001e-01
7.674999999999999822e+00 -2.145238103000000063e-01
7.677500000000000213e+00 -2.145932402999999877e-01
7.679999999999999716e+00 -2.146631656999999915e-01
7.682500000000000107e+00 -2.145596402000000125e-01
7.684999999999999609e+00 -2.150691121999999955e-01
7.687500000000000000e+00 -2.150213364000000127e-01
7.690000000000000391e+00 -2.150642777000000005e-01
7.692499999999999893e+00 -2.154814224999999916e-01
7.695000000000000284e+00 -2.155095486999999976e-01
7.697499999999999787e+00 -2.159558588999999917e-01
7.700000000000000178e+00 -2.159092240999999912e-01
7.702499999999999680e+00 -2.156098583999999929e-01
7.705000000000000071e+00 -2.160551213000000137e-01
7.707499999999999574e+00 -2.163747008000000138e-01
7.709999999999999964e+00 -2.161899273000000010e-01
7.712500000000000355e+00 -2.167212531000000109e-01
7.714999999999999858e+00 -2.162513618999999943e-01
7.717500000000000249e+00 -2.166486391000000122e-01
7.719999999999999751e+00 -2.164734056000000018e-01
7.722500000000000142e+00 -2.168629766000000070e-01
7.724999999999999645e+00 -2.172013855999999909e-01
7.727500000000000036e+00 -2.174526860000000061e-01
7.730000000000000426e+00 -2.173644560999999920e-01
7.732499999999999929e+00 -2.175775000999999875e-01
7.735000000000000320e+00 -2.179362995000000136e-01
7.737499999999999822e+00 -2.173469366000000125e-01
7.740000000000000213e+00 -2.179558551000000122e-01
7.742499999999999716e+00 -2.176184318999999923e-01
7.745000000000000107e+00 -2.178355146000000020e-01
7.747499999999999609e+00 -2.183081548999999955e-01
7.750000000000000000e+00 -2.187083811999999960e-01
7.752500000000000391e+00 -2.182677118000000138e-01
7.754999999999999893e+00 -2.188238331000000036e-01
7.757500000000000284e+00 -2.190353669000000003e-01
7.759999999999999787e+00 -2.182782226999999964e-01
7.762500000000000178e+00 -2.189983175999999920e-01
7.764999999999999680e+00 -2.191302774999999980e-01
7.767500000000000071e+00 -2.190979975000000024e-01
7.769999999999999574e+00 -2.191396706000000028e-01
7.772499999999999964e+00 -2.197504064999999951e-01
7.775000000000000355e+00 -2.194564639999999900e-01
7.777499999999999858e+00 -2.196973690000000035e-01
7.780000000000000249e+00 -2.199655677000000031e-01
7.782499999999999751e+00 -2.195813084000000082e-01
7.785000000000000142e+00 -2.202632683999999896e-01
7.787499999999999645e+00 -2.200748438000000029e-01
7.790000000000000036e+00 -2.203125726000000062e-01
7.792500000000000426e+00 -2.207283687000000105e-01
7.794999999999999929e+00 -2.202432584000000027e-01
7.797500000000000320e+00 -2.206488102999999978e-01
7.799999999999999822e+00 -2.213002836000000084e-01
7.802500000000000213e+00 -2.209724663000000033e-01
7.804999999999999716e+00 -2.215327357999999913e-01
7.807500000000000107e+00 -2.212538380000000082e-01
7.809999999999999609e+00 -2.216424519000000093e-01
7.812500000000000000e+00 -2.216628451000000055e-01
7.815000000000000391e+00 -2.215696469000000002e-01
7.817499999999999893e+00 -2.214061914999999880e-01
7.820000000000000284e+00 -2.218728087999999876e-01
7.822499999999999787e+00 -2.214243275999999983e-01
7.825000000000000178e+00 -2.221572622000000108e-01
7.827499999999999680e+00 -2.222377449000000060e-01
7.830000000000000071e+00 -2.226038845999999960e-01
7.832499999999999574e+00 -2.223810720999999935e-01
7.834999999999999964e+00 -2.229448753000000116e-01
7.837500000000000355e+00 -2.228534177000000005e-01
7.839999999999999858e+00 -2.229446669000000048e-01
7.842500000000000249e+00 -2.230854121999999995e-01
7.844999999999999751e+00 -2.229839349000000137e-01
7.847500000000000142e+00 -2.233603946000000118e-01
7.849999999999999645e+00 -2.234256269000000072e-01
7.852500000000000036e+00 -2.231727222999999871e-01
7.855000000000000426e+00 -2.236012094000000006e-01
7.857499999999999929e+00 -2.236920719999999918e-01
7.860000000000000320e+00 -2.238969145999999966e-01
7.862499999999999822e+00 -2.243195030000000034e-01
7.865000000000000213e+00 -2.244527733999999997e-01
7.867499999999999716e+00 -2.244794142000000048e-01
7.870000000000000107e+00 -2.246961105999999986e-01
7.872499999999999609e+00 -2.246352551999999947e-01
7.875000000000000000e+00 -2.252001760000000019e-01
7.877500000000000391e+00 -2.251115211999999977e-01
7.879999999999999893e+00 -2.252999279000000021e-01
7.882500000000000284e+00 -2.252843177999999946e-01
7.884999999999999787e+00 -2.257434734000000054e-01
7.887500000000000178e+00 -2.250724004999999917e-01
7.889999999999999680e+00 -2.255193628999999922e-01
7.892500000000000071e+00 -2.255635558000000096e-01
7.894999999999999574e+00 -2.261904687000000080e-01
7.897499999999999964e+00 -2.257950746999999869e-01
7.900000000000000355e+00 -2.261917509999999965e-01
7.902499999999999858e+00 -2.266657092999999901e-01
7.905000000000000249e+00 -2.267985522000000032e-01
7.907499999999999751e+00 -2.267881330000000029e-01
7.910000000000000142e+00 -2.270851819999999965e-01
7.912499999999999645e+00 -2.271175339000000015e-01
7.915000000000000036e+00 -2.272679710000000131e-01
7.917500000000000426e+00 -2.269821931999999876e-01
7.919999999999999929e+00 -2.273508928000000096e-01
7.922500000000000320e+00 -2.273520266000000067e-01
7.924999999999999822e+00 -2.276092586000000029e-01
7.927500000000000213e+00 -2.276388635999999910e-01
7.929999999999999716e+00 -2.280175137000000074e-01
7.932500000000000107e+00 -2.281932953999999958e-01
7.934999999999999609e+00 -2.279328730000000081e-01
7.937500000000000000e+00 -2.281849494000000034e-01
7.940000000000000391e+00 -2.287198420999999871e-01
7.942499999999999893e+00 -2.283785628999999984e-01
7.945000000000000284e+00 -2.288963521999999862e-01
7.947499999999999787e+00 -2.287153959000000070e-01
7.950000000000000178e+00 -2.290454346999999946e-01
7.952499999999999680e+00 -2.295270577999999895e-01
7.955000000000000071e+00 -2.292205598000000011e-01
7.957499999999999574e+00 -2.294863229999999921e-01
7.959999999999999964e+00 -2.294495993000000011e-01
7.962500000000000355e+00 -2.292704479999999878e-01
7.964999999999999858e+00 -2.298413588000000063e-01
7.967500000000000249e+00 -2.301961362999999927e-01
7.969999999999999751e+00 -2.303002134000000090e-01
7.972500000000000142e+00 -2.303579456000000025e-01
7.974999999999999645e+00 -2.308727225999999966e-01
7.977500000000000036e+00 -2.302486008999999889e-01
7.980000000000000426e+00 -2.308316414999999899e-01
7.982499999999999929e+00 -2.307940954000000100e-01
7.985000000000000320e+00 -2.310271835999999912e-01
7.987499999999999822e+00 -2.310738591000000008e-01
7.990000000000000213e+00 -2.315620485000000062e-01
7.992499999999999716e+00 -2.316058520000000009e-01
7.995000000000000107e+00 -2.317728695999999866e-01
7.997499999999999609e+00 -2.317254055999999895e-01
8.000000000000000000e+00 -2.319060078999999885e-01
8.002499999999999503e+00 -2.321157175999999933e-01
8.005000000000000782e+00 -2.322006967999999949e-01
8.007500000000000284e+00 -2.322934278000000075e-01
8.009999999999999787e+00 -2.325179441000000125e-01
8.012499999999999289e+00 -2.326498196000000018e-01
8.015000000000000568e+00 -2.329477675999999942e-01
8.017500000000000071e+00 -2.325047728000000091e-01
8.019999999999999574e+00 -2.328740886000000010e-01
8.022500000000000853e+00 -2.333011980999999957e-01
8.025000000000000355e+00 -2.335571553000000133e-01
8.027499999999999858e+00 -2.336053429999999931e-01
8.029999999999999361e+00 -2.333916709999999950e-01
8.032500000000000639e+00 -2.337296751000000061e-01
8.035000000000000142e+00 -2.342706803999999865e-01
8.037499999999999645e+00 -2.338664229999999900e-01
8.039999999999999147e+00 -2.344329116999999962e-01
8.042500000000000426e+00 -2.341101096000000048e-01
8.044999999999999929e+00 -2.350586665999999936e-01
8.047499999999999432e+00 -2.345884844999999996e-01
8.050000000000000711e+00 -2.350541520999999967e-01
8.052500000000000213e+00 -2.350249858000000025e-01
8.054999999999999716e+00 -2.351090711000000111e-01
8.057499999999999218e+00 -2.352448404999999965e-01
8.060000000000000497e+00 -2.349296479000000104e-01
8.062500000000000000e+00 -2.352628498999999873e-01
8.064999999999999503e+00 -2.359080484999999949e-01
8.067500000000000782e+00 -2.363512976000000099e-01
8.070000000000000284e+00 -2.361705218000000051e-01
8.072499999999999787e+00 -2.365472778999999914e-01
8.074999999999999289e+00 -2.366536704999999963e-01
8.077500000000000568e+00 -2.365598648999999998e-01
8.080000000000000071e+00 -2.367327599999999865e-01
8.082499999999999574e+00 -2.368184999999999873e-01
8.085000000000000853e+00 -2.371159476999999960e-01
8.087500000000000355e+00 -2.371288814999999994e-01
8.089999999999999858e+00 -2.372502425000000137e-01
8.092499999999999361e+00 -2.371592496000000105e-01
8.095000000000000639e+00 -2.380831814000000102e-01
8.097500000000000142e+00 -2.379230961000000089e-01
8.099999999999999645e+00 -2.378982122999999949e-01
8.102499999999999147e+00 -2.379797905000000102e-01
8.105000000000000426e+00 -2.384460026000000121e-01
8.107499999999999929e+00 -2.386815304000000082e-01
8.109999999999999432e+00 -2.387558408000000076e-01
8.112500000000000711e+00 -2.386639751000000087e-01
8.115000000000000213e+00 -2.384346269000000018e-01
8.117499999999999716e+00 -2.393441840999999959e-01
8.119999999999999218e+00 -2.391212866000000103e-01
8.122500000000000497e+00 -2.391312510999999974e-01
8.125000000000000000e+00 -2.395030731999999996e-01
8.127499999999999503e+00 -2.399462203000000127e-01
8.130000000000000782e+00 -2.400189393000000115e-01
8.132500000000000284e+00 -2.406043716000000054e-01
8.134999999999999787e+00 -2.399560077000000013e-01
8.137499999999999289e+00 -2.400419095000000114e-01
8.140000000000000568e+00 -2.406699646999999886e-01
8.142500000000000071e+00 -2.404249462999999976e-01
8.144999999999999574e+00 -2.409585070999999967e-01
8.147500000000000853e+00 -2.408790886999999936e-01
8.150000000000000355e+00 -2.414404975999999980e-01
8.152499999999999858e+00 -2.415436169999999882e-01
8.154999999999999361e+00 -2.417587978000000082e-01
8.157500000000000639e+00 -2.418414237000000022e-01
8.160000000000000142e+00 -2.418127210000000082e-01
8.162499999999999645e+00 -2.419208495999999875e-01
8.164999999999999147e+00 -2.420806896999999902e-01
8.167500000000000426e+00 -2.418084536000000007e-01
8.169999999999999929e+00 -2.420732523000000136e-01
8.172499999999999432e+00 -2.424393035999999890e-01
8.175000000000000711e+00 -2.430357354000000081e-01
8.177500000000000213e+00 -2.428683557000000104e-01
8.179999999999999716e+00 -2.431562281999999908e-01
8.182499999999999218e+00 -2.431128371999999871e-01
8.185000000000000497e+00 -2.435426294999999963e-01
8.187500000000000000e+00 -2.436728783999999870e-01
8.189999999999999503e+00 -2.437832910999999936e-01
8.192500000000000782e+00 -2.437994971000000122e-01
8.195000000000000284e+00 -2.441112592000000137e-01
8.197499999999999787e+00 -2.443909894999999888e-01
8.199999999999999289e+00 -2.444185828999999865e-01
8.202500000000000568e+00 -2.447692909999999999e-01
8.205000000000000071e+00 -2.447653992999999917e-01
8.207499999999999574e+00 -2.449192429000000004e-01
8.210000000000000853e+00 -2.452571798000000025e-01
8.212500000000000355e+00 -2.456637312999999934e-01
8.214999999999999858e+00 -2.456025260999999960e-01
8.217499999999999361e+00 -2.450808952999999901e-01
8.220000000000000639e+00 -2.457565385000000102e-01
8.222500000000000142e+00 -2.461137616000000083e-01
8.224999999999999645e+00 -2.458650783000000117e-01
8.227499999999999147e+00 -2.466157864000000088e-01
8.230000000000000426e+00 -2.463744962999999955e-01
8.232499999999999929e+00 -2.467837471999999865e-01
8.234999999999999432e+00 -2.468558415000000061e-01
8.237500000000000711e+00 -2.470758080000000079e-01
8.240000000000000213e+00 -2.474632643000000132e-01
8.242499999999999716e+00 -2.474369978000000025e-01
8.244999999999999218e+00 -2.468332951999999969e-01
8.247500000000000497e+00 -2.481594964999999930e-01
8.250000000000000000e+00 -2.479709626000000111e-01
8.252499999999999503e+00 -2.478158267999999997e-01
8.255000000000000782e+00 -2.482354300999999874e-01
8.257500000000000284e+00 -2.484738331000000133e-01
8.259999999999999787e+00 -2.487963578000000064e-01
8.262499999999999289e+00 -2.491898261000000114e-01
8.265000000000000568e+00 -2.488921048000000136e-01
8.267500000000000071e+00 -2.490372389000000131e-01
8.269999999999999574e+00 -2.491485424000000060e-01
8.272500000000000853e+00 -2.498161630000000077e-01
8.275000000000000355e+00 -2.495340373000000112e-01
8.277499999999999858e+00 -2.501187912000000235e-01
8.279999999999999361e+00 -2.498982784000000068e-01
8.282500000000000639e+00 -2.505166336999999910e-01
8.285000000000000142e+00 -2.502235757999999866e-01
8.287499999999999645e+00 -2.507850840999999997e-01
8.289999999999999147e+00 -2.511016596999999795e-01
8.292500000000000426e+00 -2.507991909999999769e-01
8.294999999999999929e+00 -2.511503279999999783e-01
8.297499999999999432e+00 -2.512191093999999736e-01
8.300000000000000711e+00 -2.514164058999999729e-01
8.302500000000000213e+00 -2.516699636999999989e-01
8.304999999999999716e+00 -2.516084518000000214e-01
8.307499999999999218e+00 -2.522722324000000182e-01
8.310000000000000497e+00 -2.522379248000000129e-01
8.312500000000000000e+00 -2.524286437000000105e-01
8.314999999999999503e+00 -2.524550556999999862e-01
8.317500000000000782e+00 -2.528308730000000115e-01
8.320000000000000284e+00 -2.525982350000000043e-01
8.322499999999999787e+00 -2.530641156999999808e-01
8.324999999999999289e+00 -2.533268208000000188e-01
8.327500000000000568e+00 -2.535419402999999905e-01
8.330000000000000071e+00 -2.538425613999999997e-01
8.332499999999999574e+00 -2.541383768000000098e-01
8.335000000000000853e+00 -2.542931563999999978e-01
8.337500000000000355e+00 -2.542349787000000028e-01
8.339999999999999858e+00 -2.543130088000000177e-01
8.342499999999999361e+00 -2.546375401000000038e-01
8.345000000000000639e+00 -2.551420897000000187e-01
8.347500000000000142e+00 -2.550685865000000274e-01
8.349999999999999645e+00 -2.551776740000000210e-01
8.352499999999999147e+00 -2.551590000999999774e-01
8.355000000000000426e+00 -2.549915212000000153e-01
8.357499999999999929e+00 -2.558683252000000241e-01
8.359999999999999432e+00 -2.560183321000000234e-01
8.362500000000000711e+00 -2.561129974999999948e-01
8.365000000000000213e+00 -2.560556118000000270e-01
8.367499999999999716e+00 -2.565203040999999851e-01
8.369999999999999218e+00 -2.568350032999999755e-01
8.372500000000000497e+00 -2.573134351999999958e-01
8.375000000000000000e+00 -2.573211036999999979e-01
8.377499999999999503e+00 -2.571645620999999937e-01
8.380000000000000782e+00 -2.575521807999999746e-01
8.382500000000000284e+00 -2.574146970999999784e-01
8.384999999999999787e+00 -2.576852029000000210e-01
8.387499999999999289e+00 -2.577869727000000055e-01
8.390000000000000568e+00 -2.579211648999999995e-01
8.392500000000000071e+00 -2.583746690000000013e-01
8.394999999999999574e+00 -2.582235036000000150e-01
8.397500000000000853e+00 -2.590716450000000171e-01
8.400000000000000355e+00 -2.589946069999999878e-01
8.402499999999999858e+00 -2.597339054999999730e-01
8.404999999999999361e+00 -2.596663663000000066e-01
8.407500000000000639e+00 -2.597092724000000241e-01
8.410000000000000142e+00 -2.597445506000000126e-01
8.412499999999999645e+00 -2.598827497000000264e-01
8.414999999999999147e+00 -2.601003806000000140e-01
8.417500000000000426e+00 -2.603179164000000156e-01
8.419999999999999929e+00 -2.607710356999999868e-01
8.422499999999999432e+00 -2.609153262000000195e-01
8.425000000000000711e+00 -2.611177883999999949e-01
8.427500000000000213e+00 -2.614423445999999873e-01
8.429999999999999716e+00 -2.614473567000000220e-01
8.432499999999999218e+00 -2.614613351000000252e-01
8.435000000000000497e+00 -2.615513005999999807e-01
8.437500000000000000e+00 -2.618962751000000200e-01
8.439999999999999503e+00 -2.621001533999999800e-01
8.442500000000000782e+00 -2.619515271000000256e-01
8.445000000000000284e+00 -2.627494113000000131e-01
8.447499999999999787e+00 -2.629281635999999867e-01
8.449999999999999289e+00 -2.631210815000000203e-01
8.452500000000000568e+00 -2.634707091999999862e-01
8.455000000000000071e+00 -2.633562750999999813e-01
8.457499999999999574e+00 -2.633456222000000180e-01
8.460000000000000853e+00 -2.637432006000000051e-01
8.462500000000000355e+00 -2.633711516999999724e-01
8.464999999999999858e+00 -2.641033292000000143e-01
8.467499999999999361e+00 -2.641714768000000269e-01
8.470000000000000639e+00 -2.641463661999999823e-01
8.472500000000000142e+00 -2.650379004000000260e-01
8.474999999999999645e+00 -2.648234521000000230e-01
8.477499999999999147e+00 -2.649794893999999901e-01
8.480000000000000426e+00 -2.654318238999999746e-01
8.482499999999999929e+00 -2.652730622000000205e-01
8.484999999999999432e+00 -2.656409934999999778e-01
8.487500000000000711e+00 -2.661743033000000258e-01
8.490000000000000213e+00 -2.661097921999999727e-01
8.492499999999999716e+00 -2.660947227000000082e-01
8.494999999999999218e+00 -2.666113902999999730e-01
8.497500000000000497e+00 -2.665872247000000139e-01
8.500000000000000000e+00 -2.672655244000000097e-01
8.502499999999999503e+00 -2.673388433000000175e-01
8.505000000000000782e+00 -2.672148764000000232e-01
8.507500000000000284e+00 -2.678158669999999852e-01
8.509999999999999787e+00 -2.677390333999999927e-01
8.512499999999999289e+00 -2.678947644999999933e-01
8.515000000000000568e+00 -2.683840907999999748e-01
8.517500000000000071e+00 -2.683514619999999851e-01
8.519999999999999574e+00 -2.688993707999999816e-01
8.522500000000000853e+00 -2.687014678999999906e-01
8.525000000000000355e+00 -2.693753152000000206e-01
8.527499999999999858e+00 -2.695096998000000021e-01
8.529999999999999361e+00 -2.695630386999999795e-01
8.532500000000000639e+00 -2.696742949000000000e-01
8.535000000000000142e+00 -2.697909993000000006e-01
8.537499999999999645e+00 -2.701654868000000209e-01
8.539999999999999147e+00 -2.706451523000000248e-01
8.542500000000000426e+00 -2.710607144000000135e-01
8.544999999999999929e+00 -2.709569112999999918e-01
8.547499999999999432e+00 -2.707554957000000151e-01
8.550000000000000711e+00 -2.713419508000000091e-01
8.552500000000000213e+00 -2.715765417000000070e-01
8.554999999999999716e+00 -2.715580557999999756e-01
8.557499999999999218e+00 -2.718812683999999869e-01
8.560000000000000497e+00 -2.721175457000000186e-01
8.562500000000000000e+00 -2.718951269000000059e-01
8.564999999999999503e+00 -2.725608487999999774e-01
8.567500000000000782e+00 -2.726162966999999826e-01
8.570000000000000284e+00 -2.728945917000000221e-01
8.572499999999999787e+00 -2.729690832000000178e-01
8.574999999999999289e+00 -2.735615692999999737e-01
8.577500000000000568e+00 -2.735488826999999956e-01
8.580000000000000071e+00 -2.735729071999999928e-01
8.582499999999999574e+00 -2.740195690000000184e-01
8.585000000000000853e+00 -2.740858569999999883e-01
8.587500000000000355e+00 -2.746583732000000277e-01
8.589999999999999858e+00 -2.748978876000000016e-01
8.592499999999999361e+00 -2.751756881999999904e-01
8.595000000000000639e+00 -2.750173240000000074e-01
8.597500000000000142e+00 -2.757277416000000203e-01
8.599999999999999645e+00 -2.752843640000000036e-01
8.602499999999999147e+00 -2.762893128999999726e-01
8.605000000000000426e+00 -2.760413462999999901e-01
8.607499999999999929e+00 -2.762372428000000046e-01
8.609999999999999432e+00 -2.766453029000000008e-01
8.612500000000000711e+00 -2.765204782999999833e-01
8.615000000000000213e+00 -2.766189258999999789e-01
8.617499999999999716e+00 -2.770430145000000177e-01
8.619999999999999218e+00 -2.775666696999999905e-01
8.622500000000000497e+00 -2.775519283999999809e-01
8.625000000000000000e+00 -2.779480646999999971e-01
8.627499999999999503e+00 -2.782123105000000041e-01
8.630000000000000782e+00 -2.784121397000000053e-01
8.632500000000000284e+00 -2.785646659000000080e-01
8.634999999999999787e+00 -2.788732564999999997e-01
8.637499999999999289e+00 -2.789890011000000225e-01
8.640000000000000568e+00 -2.796634319999999896e-01
8.642500000000000071e+00 -2.798374753999999798e-01
8.644999999999999574e+00 -2.791945928999999826e-01
8.647500000000000853e+00 -2.800332219000000178e-01
8.650000000000000355e+00 -2.801801676999999824e-01
8.652499999999999858e+00 -2.807831111999999907e-01
8.654999999999999361e+00 -2.806881509999999968e-01
8.657500000000000639e+00 -2.810264532000000259e-01
8.660000000000000142e+00 -2.812220746999999910e-01
8.662499999999999645e+00 -2.807004894999999833e-01
8.664999999999999147e+00 -2.813438628000000108e-01
8.667500000000000426e+00 -2.813547936999999943e-01
8.669999999999999929e+00 -2.816824545000000124e-01
8.672499999999999432e+00 -2.822316167999999736e-01
8.675000000000000711e+00 -2.825996289000000106e-01
8.677500000000000213e+00 -2.825849428000000163e-01
8.679999999999999716e+00 -2.827756365999999910e-01
8.682499999999999218e+00 -2.830198574000000189e-01
8.685000000000000497e+00 -2.832717590000000119e-01
8.687500000000000000e+00 -2.835009379999999801e-01
8.689999999999999503e+00 -2.839342309999999814e-01
8.692500000000000782e+00 -2.847122080999999749e-01
8.695000000000000284e+00 -2.845015311999999907e-01
8.697499999999999787e+00 -2.843824909000000067e-01
8.699999999999999289e+00 -2.850272535999999746e-01
8.702500000000000568e+00 -2.845604668000000226e-01
8.705000000000000071e+00 -2.853397159000000127e-01
8.707499999999999574e+00 -2.859160282000000053e-01
8.710000000000000853e+00 -2.859161720999999767e-01
8.712500000000000355e+00 -2.858044522000000032e-01
8.714999999999999858e+00 -2.863904196000000013e-01
8.717499999999999361e+00 -2.866817403999999958e-01
8.720000000000000639e+00 -2.869369803999999857e-01
8.722500000000000142e+00 -2.870625587000000256e-01
8.724999999999999645e+00 -2.873707114999999868e-01
8.727499999999999147e+00 -2.872115858000000022e-01
8.730000000000000426e+00 -2.875890159999999751e-01
8.732499999999999929e+00 -2.880368034999999938e-01
8.734999999999999432e+00 -2.882263683999999881e-01
8.737500000000000711e+00 -2.881255383999999919e-01
8.740000000000000213e+00 -2.887214244999999901e-01
8.742499999999999716e+00 -2.890085494999999893e-01
8.744999999999999218e+00 -2.893202423999999828e-01
8.747500000000000497e+00 -2.898543419999999871e-01
8.750000000000000000e+00 -2.901248540999999959e-01
8.752499999999999503e+00 -2.900640279000000210e-01
8.755000000000000782e+00 -2.905317801000000255e-01
8.757500000000000284e+00 -2.903160121000000204e-01
8.759999999999999787e+00 -2.910083296000000042e-01
8.762499999999999289e+00 -2.909151374000000234e-01
8.765000000000000568e+00 -2.909021004999999827e-01
8.767500000000000071e+00 -2.916844490000000123e-01
8.769999999999999574e+00 -2.919680061000000104e-01
8.772500000000000853e+00 -2.919372017999999902e-01
8.775000000000000355e+00 -2.922773009999999894e-01
8.777499999999999858e+00 -2.922829579999999816e-01
8.779999999999999361e+00 -2.925840600999999874e-01
8.782500000000000639e+00 -2.933870890999999981e-01
8.785000000000000142e+00 -2.932946837000000029e-01
8.787499999999999645e+00 -2.930628561999999993e-01
8.789999999999999147e+00 -2.933993328999999761e-01
8.792500000000000426e+00 -2.939598927000000028e-01
8.794999999999999929e+00 -2.941051604000000097e-01
8.797499999999999432e+00 -2.946553277000000248e-01
8.800000000000000711e+00 -2.947493569999999896e-01
8.802500000000000213e+00 -2.946332454000000212e-01
8.804999999999999716e+00 -2.954353909999999916e-01
8.807499999999999218e+00 -2.952967910000000029e-01
8.810000000000000497e+00 -2.957412076000000001e-01
8.812500000000000000e+00 -2.960359932000000138e-01
8.814999999999999503e+00 -2.963809955999999746e-01
8.817500000000000782e+00 -2.966718265000000132e-01
8.820000000000000284e+00 -2.971623562999999857e-01
8.822499999999999787e+00 -2.968702454000000102e-01
8.824999999999999289e+00 -2.974547283999999792e-01
8.827500000000000568e+00 -2.978582886999999735e-01
8.830000000000000071e+00 -2.980765650000000155e-01
8.832499999999999574e+00 -2.980871997999999801e-01
8.835000000000000853e+00 -2.981847281000000183e-01
8.837500000000000355e+00 -2.986415701999999839e-01
8.839999999999999858e+00 -2.987958708999999824e-01
8.842499999999999361e+00 -2.994354053000000127e-01
8.845000000000000639e+00 -2.996473252999999892e-01
8.847500000000000142e+00 -2.995866483999999885e-01
8.849999999999999645e+00 -3.005034192000000104e-01
8.852499999999999147e+00 -3.002204042000000128e-01
8.855000000000000426e+00 -3.006606491000000103e-01
8.857499999999999929e+00 -3.008000658000000160e-01
8.859999999999999432e+00 -3.012989846999999943e-01
8.862500000000000711e+00 -3.010456933999999807e-01
8.865000000000000213e+00 -3.017267784000000064e-01
8.867499999999999716e+00 -3.018671538000000099e-01
8.869999999999999218e+00 -3.023577041000000132e-01
8.872500000000000497e+00 -3.022373535000000278e-01
8.875000000000000000e+00 -3.026174582000000224e-01
8.877499999999999503e+00 -3.032252602000000130e-01
8.880000000000000782e+00 -3.031480457999999878e-01
8.882500000000000284e+00 -3.033394475000000257e-01
8.884999999999999787e+00 -3.037539234000000143e-01
8.887499999999999289e+00 -3.043455934000000029e-01
8.890000000000000568e+00 -3.043687146999999871e-01
8.892500000000000071e+00 -3.043572297000000093e-01
8.894999999999999574e+00 -3.048323691000000002e-01
8.897500000000000853e+00 -3.050966441999999890e-01
8.900000000000000355e+00 -3.053458886000000039e-01
8.902499999999999858e+00 -3.060350452999999749e-01
8.904999999999999361e+00 -3.057840471000000115e-01
8.907500000000000639e+00 -3.063620888999999958e-01
8.910000000000000142e+00 -3.062535738000000118e-01
8.912499999999999645e+00 -3.069882553000000125e-01
8.914999999999999147e+00 -3.074740240000000124e-01
8.917500000000000426e+00 -3.076090516000000163e-01
8.919999999999999929e+00 -3.079750824999999970e-01
8.922499999999999432e+00 -3.082256067999999960e-01
8.925000000000000711e+00 -3.080767687000000032e-01
8.927500000000000213e+00 -3.083899192999999817e-01
8.929999999999999716e+00 -3.087099842000000094e-01
8.932499999999999218e+00 -3.089923638000000028e-01
8.935000000000000497e+00 -3.095919135999999905e-01
8.937500000000000000e+00 -3.094434354999999748e-01
8.939999999999999503e+00 -3.096039117000000118e-01
8.942500000000000782e+00 -3.102330556999999822e-01
8.945000000000000284e+00 -3.108900191000000257e-01
8.947499999999999787e+00 -3.105141585000000259e-01
8.949999999999999289e+00 -3.108280896000000237e-01
8.952500000000000568e+00 -3.116733941000000008e-01
8.955000000000000071e+00 -3.116380657000000221e-01
8.957499999999999574e+00 -3.120364287999999875e-01
8.960000000000000853e+00 -3.124227189000000071e-01
8.962500000000000355e+00 -3.124594264000000177e-01
8.964999999999999858e+00 -3.128002487000000054e-01
8.967499999999999361e+00 -3.129130857999999904e-01
8.970000000000000639e+00 -3.136178683999999994e-01
8.972500000000000142e+00 -3.140256987999999749e-01
8.974999999999999645e+00 -3.140365948000000129e-01
8.977499999999999147e+00 -3.139398628000000246e-01
8.980000000000000426e+00 -3.145319992999999759e-01
8.982499999999999929e+00 -3.146988913000000054e-01
8.984999999999999432e+00 -3.151402818999999855e-01
8.987500000000000711e+00 -3.153692461000000002e-01
8.990000000000000213e+00 -3.158065923999999747e-01
8.992499999999999716e+00 -3.165121318999999933e-01
8.994999999999999218e+00 -3.166311301999999994e-01
8.997500000000000497e+00 -3.171437111000000031e-01
9.000000000000000000e+00 -3.169776803000000087e-01
9.002499999999999503e+00 -3.174223621000000217e-01
9.005000000000000782e+00 -3.179041918000000133e-01
9.007500000000000284e+00 -3.181657692000000037e-01
9.009999999999999787e+00 -3.177565629999999919e-01
9.012499999999999289e+00 -3.183524980999999920e-01
9.015000000000000568e+00 -3.186805744000000273e-01
9.017500000000000071e+00 -3.185675661999999853e-01
9.019999999999999574e+00 -3.190141022999999909e-01
9.022500000000000853e+00 -3.194471608000000185e-01
9.025000000000000355e+00 -3.199743227999999884e-01
9.027499999999999858e+00 -3.200657621999999924e-01
9.029999999999999361e+00 -3.203170618999999775e-01
9.032500000000000639e+00 -3.205433241999999794e-01
9.035000000000000142e+00 -3.216344273999999781e-01
9.037499999999999645e+00 -3.214740087999999885e-01
9.039999999999999147e+00 -3.216656864999999921e-01
9.042500000000000426e+00 -3.221342048999999985e-01
9.044999999999999929e+00 -3.225100337999999844e-01
9.047499999999999432e+00 -3.230733612000000199e-01
9.050000000000000711e+00 -3.228800038999999900e-01
9.052500000000000213e+00 -3.232411497000000078e-01
9.054999999999999716e+00 -3.231327077000000214e-01
9.057499999999999218e+00 -3.242128459999999990e-01
9.060000000000000497e+00 -3.242868541999999743e-01
9.062500000000000000e+00 -3.244296566000000048e-01
9.064999999999999503e+00 -3.251441588000000271e-01
9.067500000000000782e+00 -3.255313098000000016e-01
9.070000000000000284e+00 -3.256017782000000249e-01
9.072499999999999787e+00 -3.258920268000000120e-01
9.074999999999999289e+00 -3.266358005000000175e-01
9.077500000000000568e+00 -3.261022452999999821e-01
9.080000000000000071e+00 -3.268377623000000010e-01
9.082499999999999574e+00 -3.272755985999999950e-01
9.085000000000000853e+00 -3.280487421000000126e-01
9.087500000000000355e+00 -3.278830242999999922e-01
9.089999999999999858e+00 -3.280356288999999870e-01
9.092499999999999361e+00 -3.285919995000000093e-01
9.095000000000000639e+00 -3.286778215999999753e-01
9.097500000000000142e+00 -3.290318221999999904e-01
9.099999999999999645e+00 -3.296412463999999765e-01
9.102499999999999147e+00 -3.294782781000000216e-01
9.105000000000000426e+00 -3.299181056000000112e-01
9.107499999999999929e+00 -3.307806460000000115e-01
9.109999999999999432e+00 -3.304016329000000196e-01
9.112500000000000711e+00 -3.304584814000000037e-01
9.115000000000000213e+00 -3.313336927000000154e-01
9.117499999999999716e+00 -3.316695204999999813e-01
9.119999999999999218e+00 -3.318094108999999903e-01
9.122500000000000497e+00 -3.320828277000000273e-01
9.125000000000000000e+00 -3.324471527999999787e-01
9.127499999999999503e+00 -3.329817548999999821e-01
9.130000000000000782e+00 -3.328770781000000012e-01
9.132500000000000284e+00 -3.339344258999999981e-01
9.134999999999999787e+00 -3.338032405999999952e-01
9.137499999999999289e+00 -3.342442729999999806e-01
9.140000000000000568e+00 -3.342877079000000085e-01
9.142500000000000071e+00 -3.346940690999999912e-01
9.144999999999999574e+00 -3.354995552999999742e-01
9.147500000000000853e+00 -3.352255698000000117e-01
9.150000000000000355e+00 -3.357437381999999748e-01
9.152499999999999858e+00 -3.364185603000000024e-01
9.154999999999999361e+00 -3.367874724000000097e-01
9.157500000000000639e+00 -3.373893300999999956e-01
9.160000000000000142e+00 -3.368797144999999826e-01
9.162499999999999645e+00 -3.372983365000000178e-01
9.164999999999999147e+00 -3.381996903000000221e-01
9.167500000000000426e+00 -3.380982330000000258e-01
9.169999999999999929e+00 -3.389086580999999820e-01
9.172499999999999432e+00 -3.389811113000000264e-01
9.175000000000000711e+00 -3.397942174999999954e-01
9.177500000000000213e+00 -3.395036296999999759e-01
9.179999999999999716e+00 -3.400533432999999772e-01
9.182499999999999218e+00 -3.400555565999999752e-01
9.185000000000000497e+00 -3.404967535999999795e-01
9.187500000000000000e+00 -3.411704837999999795e-01
9.189999999999999503e+00 -3.414294736999999857e-01
9.192500000000000782e+00 -3.417249129000000107e-01
9.195000000000000284e+00 -3.421178728000000002e-01
9.197499999999999787e+00 -3.428934940000000209e-01
9.199999999999999289e+00 -3.422226675000000218e-01
9.202500000000000568e+00 -3.430342017999999937e-01
9.205000000000000071e+00 -3.427924876999999815e-01
9.207499999999999574e+00 -3.436184362999999964e-01
9.210000000000000853e+00 -3.438454720999999936e-01
9.212500000000000355e+00 -3.442368497000000138e-01
9.214999999999999858e+00 -3.449223203999999821e-01
9.217499999999999361e+00 -3.449421831000000216e-01
9.220000000000000639e+00 -3.458228593000000073e-01
9.222500000000000142e+00 -3.454830402999999883e-01
9.224999999999999645e+00 -3.462487392999999969e-01
9.227499999999999147e+00 -3.466548582999999795e-01
9.230000000000000426e+00 -3.465541549999999749e-01
9.232499999999999929e+00 -3.473035034999999993e-01
9.234999999999999432e+00 -3.477178047999999744e-01
9.237500000000000711e+00 -3.483307934000000050e-01
9.240000000000000213e+00 -3.483950116999999791e-01
9.242499999999999716e+00 -3.488461634000000200e-01
9.244999999999999218e+00 -3.487892810000000066e-01
9.247500000000000497e+00 -3.493935812000000252e-01
9.250000000000000000e+00 -3.500590768999999880e-01
9.252499999999999503e+00 -3.502382687000000216e-01
9.255000000000000782e+00 -3.506384562000000038e-01
9.257500000000000284e+00 -3.509983499000000062e-01
9.259999999999999787e+00 -3.509104800000000246e-01
9.262499999999999289e+00 -3.516946490000000258e-01
9.265000000000000568e+00 -3.523020867000000167e-01
9.267500000000000071e+00 -3.521716354000000160e-01
9.269999999999999574e+00 -3.531439276000000183e-01
9.272500000000000853e+00 -3.536890478999999976e-01
9.275000000000000355e+00 -3.536142924999999826e-01
9.277499999999999858e+00 -3.536708838000000021e-01
9.279999999999999361e+00 -3.538824260999999805e-01
9.282500000000000639e+00 -3.541372204000000079e-01
9.285000000000000142e+00 -3.553472876000000058e-01
9.287499999999999645e+00 -3.553102329999999753e-01
9.289999999999999147e+00 -3.554659126999999974e-01
9.292500000000000426e+00 -3.558587631999999834e-01
9.294999999999999929e+00 -3.559841688000000004e-01
9.297499999999999432e+00 -3.573823915000000073e-01
9.300000000000000711e+00 -3.566035578000000261e-01
9.302500000000000213e+00 -3.579695466999999742e-01
9.304999999999999716e+00 -3.577604813999999966e-01
9.307499999999999218e+00 -3.582118482000000159e-01
9.310000000000000497e+00 -3.588762530999999867e-01
9.312500000000000000e+00 -3.587966478999999875e-01
9.314999999999999503e+00 -3.591816710999999884e-01
9.317500000000000782e+00 -3.596996277999999769e-01
9.320000000000000284e+00 -3.603468590000000193e-01
9.322499999999999787e+00 -3.603443660999999798e-01
9.324999999999999289e+00 -3.610507203000000165e-01
9.327500000000000568e+00 -3.616043903000000226e-01
9.330000000000000071e+00 -3.616638293000000171e-01
9.332499999999999574e+00 -3.620303327000000126e-01
9.335000000000000853e+00 -3.620607630000000077e-01
9.337500000000000355e+00 -3.628105079999999760e-01
9.339999999999999858e+00 -3.631888054999999893e-01
9.342499999999999361e+00 -3.637582470999999873e-01
9.345000000000000639e+00 -3.636035121000000259e-01
9.347500000000000142e+00 -3.644726186999999729e-01
9.349999999999999645e+00 -3.649650529999999837e-01
9.352499999999999147e+00 -3.653703415999999815e-01
9.355000000000000426e+00 -3.658258279000000113e-01
9.357499999999999929e+00 -3.656898808999999861e-01
9.359999999999999432e+00 -3.663163112999999749e-01
9.362500000000000711e+00 -3.668135798000000114e-01
9.365000000000000213e+00 -3.673088217000000100e-01
9.367499999999999716e+00 -3.670441002000000008e-01
9.369999999999999218e+00 -3.682472304000000141e-01
9.372500000000000497e+00 -3.684928536000000032e-01
9.375000000000000000e+00 -3.691119909999999726e-01
9.377499999999999503e+00 -3.689185926999999920e-01
9.380000000000000782e+00 -3.694028330999999943e-01
9.382500000000000284e+00 -3.700876321000000080e-01
9.384999999999999787e+00 -3.701866491999999953e-01
9.387499999999999289e+00 -3.702152522000000112e-01
9.390000000000000568e+00 -3.712826052000000043e-01
9.392500000000000071e+00 -3.719026491999999906e-01
9.394999999999999574e+00 -3.713168855999999796e-01
9.397500000000000853e+00 -3.724122711999999780e-01
9.400000000000000355e+00 -3.727821660000000259e-01
9.402499999999999858e+00 -3.729840938000000272e-01
9.404999999999999361e+00 -3.735449418999999827e-01
9.407500000000000639e+00 -3.741355579999999792e-01
9.410000000000000142e+00 -3.744168151999999750e-01
9.412499999999999645e+00 -3.747178046999999901e-01
9.414999999999999147e+00 -3.751290784999999905e-01
9.417500000000000426e+00 -3.761169104000000041e-01
9.419999999999999929e+00 -3.760112776000000268e-01
9.422499999999999432e+00 -3.766630045000000093e-01
9.425000000000000711e+00 -3.769590308999999917e-01
9.427500000000000213e+00 -3.771099403000000017e-01
9.429999999999999716e+00 -3.774867692000000163e-01
9.432499999999999218e+00 -3.777188182999999810e-01
9.435000000000000497e+00 -3.784310616000000072e-01
9.437500000000000000e+00 -3.787476639999999839e-01
9.439999999999999503e+00 -3.792682321999999995e-01
9.442500000000000782e+00 -3.797720849999999815e-01
9.445000000000000284e+00 -3.800304277000000064e-01
9.447499999999999787e+00 -3.806222183999999897e-01
9.449999999999999289e+00 -3.813442926999999760e-01
9.452500000000000568e+00 -3.811554987999999922e-01
9.455000000000000071e+00 -3.818506534000000174e-01
9.457499999999999574e+00 -3.829257359000000083e-01
9.460000000000000853e+00 -3.832933312999999842e-01
9.462500000000000355e+00 -3.834821930999999795e-01
9.464999999999999858e+00 -3.835091379000000189e-01
9.467499999999999361e+00 -3.836870318000000224e-01
9.470000000000000639e+00 -3.849192604000000184e-01
9.472500000000000142e+00 -3.849797229999999959e-01
9.474999999999999645e+00 -3.855055137000000243e-01
9.477499999999999147e+00 -3.856880223999999968e-01
9.480000000000000426e+00 -3.862848688000000141e-01
9.482499999999999929e+00 -3.865606229999999921e-01
9.484999999999999432e+00 -3.869176779999999871e-01
9.487500000000000711e+00 -3.877869085000000271e-01
9.490000000000000213e+00 -3.876976534000000085e-01
9.492499999999999716e+00 -3.883259117999999788e-01
9.494999999999999218e+00 -3.885005310999999906e-01
9.497500000000000497e+00 -3.900598592999999781e-01
9.500000000000000000e+00 -3.896212242000000048e-01
9.502499999999999503e+00 -3.903259177999999774e-01
9.505000000000000782e+00 -3.905609408999999865e-01
9.507500000000000284e+00 -3.909871823000000135e-01
9.509999999999999787e+00 -3.909265652000000202e-01
9.512499999999999289e+00 -3.921113741999999736e-01
9.515000000000000568e+00 -3.922626265999999973e-01
9.517500000000000071e+00 -3.928837868999999761e-01
9.519999999999999574e+00 -3.933772191000000085e-01
9.522500000000000853e+00 -3.937126534000000011e-01
9.525000000000000355e+00 -3.943945610999999851e-01
9.527499999999999858e+00 -3.945100724000000225e-01
9.529999999999999361e+00 -3.950921907000000122e-01
9.532500000000000639e+00 -3.957318665999999818e-01
9.535000000000000142e+00 -3.962247916000000147e-01
9.537499999999999645e+00 -3.964968138000000142e-01
9.539999999999999147e+00 -3.970854100000000275e-01
9.542500000000000426e+00 -3.973258559000000245e-01
9.544999999999999929e+00 -3.974756787000000013e-01
9.547499999999999432e+00 -3.988094383999999937e-01
9.550000000000000711e+00 -3.987882444999999998e-01
9.552500000000000213e+00 -3.989878376000000060e-01
9.554999999999999716e+00 -3.994727017999999963e-01
9.557499999999999218e+00 -4.002961982000000085e-01
9.560000000000000497e+00 -4.005305974000000213e-01
9.562500000000000000e+00 -4.005004269999999922e-01
9.564999999999999503e+00 -4.017140374000000014e-01
9.567500000000000782e+00 -4.024068216000000198e-01
9.570000000000000284e+00 -4.021904196000000153e-01
9.572499999999999787e+00 -4.028183481000000010e-01
9.574999999999999289e+00 -4.035343659000000249e-01
9.577500000000000568e+00 -4.037869941000000185e-01
9.580000000000000071e+00 -4.045303118999999947e-01
9.582499999999999574e+00 -4.047659270000000253e-01
9.585000000000000853e+00 -4.050526622000000243e-01
9.587500000000000355e+00 -4.052878356999999876e-01
9.589999999999999858e+00 -4.063864295999999876e-01
9.592499999999999361e+00 -4.073297778000000147e-01
9.595000000000000639e+00 -4.069953850999999956e-01
9.597500000000000142e+00 -4.075674709000000062e-01
9.599999999999999645e+00 -4.086071272999999837e-01
9.602499999999999147e+00 -4.085524826999999970e-01
9.605000000000000426e+00 -4.086763163000000088e-01
9.607499999999999929e+00 -4.095845425999999900e-01
9.609999999999999432e+00 -4.105654710000000152e-01
9.612500000000000711e+00 -4.104128522000000112e-01
9.615000000000000213e+00 -4.111271785999999762e-01
9.617499999999999716e+00 -4.114018010000000114e-01
9.619999999999999218e+00 -4.124979738999999812e-01
9.622500000000000497e+00 -4.125101999999999935e-01
9.625000000000000000e+00 -4.129100658000000035e-01
9.627499999999999503e+00 -4.139309051000000239e-01
9.630000000000000782e+00 -4.136583998999999734e-01
9.632500000000000284e+00 -4.143028952999999737e-01
9.634999999999999787e+00 -4.150292272000000171e-01
9.637499999999999289e+00 -4.155063795000000226e-01
9.640000000000000568e+00 -4.162105354000000257e-01
9.642500000000000071e+00 -4.162494621999999755e-01
9.644999999999999574e+00 -4.174141705000000147e-01
9.647500000000000853e+00 -4.174101816999999937e-01
9.650000000000000355e+00 -4.178092006999999941e-01
9.652499999999999858e+00 -4.185408287999999866e-01
9.654999999999999361e+00 -4.188018633000000213e-01
9.657500000000000639e+00 -4.197452838999999880e-01
9.660000000000000142e+00 -4.197716804000000135e-01
9.662499999999999645e+00 -4.208471642000000124e-01
9.664999999999999147e+00 -4.208098625999999731e-01
9.667500000000000426e+00 -4.216508897999999839e-01
9.669999999999999929e+00 -4.227039452999999947e-01
9.672499999999999432e+00 -4.223678829999999995e-01
9.675000000000000711e+00 -4.233044112000000081e-01
9.677500000000000213e+00 -4.241509730999999950e-01
9.679999999999999716e+00 -4.242606915000000090e-01
9.682499999999999218e+00 -4.249158647999999872e-01
9.685000000000000497e+00 -4.255117213999999870e-01
9.687500000000000000e+00 -4.258586027999999857e-01
9.689999999999999503e+00 -4.262338089000000108e-01
9.692500000000000782e+00 -4.269708613000000041e-01
9.695000000000000284e+00 -4.272486428000000225e-01
9.697499999999999787e+00 -4.276737902000000147e-01
9.699999999999999289e+00 -4.284517843000000270e-01
9.702500000000000568e+00 -4.289114756999999889e-01
9.705000000000000071e+00 -4.290658137000000205e-01
9.707499999999999574e+00 -4.300361617999999830e-01
9.710000000000000853e+00 -4.305998047999999856e-01
9.712500000000000355e+00 -4.309139356000000198e-01
9.714999999999999858e+00 -4.314456386000000143e-01
9.717499999999999361e+00 -4.320276443000000133e-01
9.720000000000000639e+00 -4.321720647999999776e-01
9.722500000000000142e+00 -4.330936145000000015e-01
9.724999999999999645e+00 -4.334026979999999751e-01
9.727499999999999147e+00 -4.345088945999999730e-01
9.730000000000000426e+00 -4.342533666000000236e-01
9.732499999999999929e+00 -4.351957780999999859e-01
9.734999999999999432e+00 -4.360586846999999766e-01
9.737500000000000711e+00 -4.363082328999999815e-01
9.740000000000000213e+00 -4.371530801999999882e-01
9.742499999999999716e+00 -4.375116484000000083e-01
9.744999999999999218e+00 -4.378900996000000267e-01
9.747500000000000497e+00 -4.383117955999999982e-01
9.750000000000000000e+00 -4.390671129000000006e-01
9.752499999999999503e+00 -4.391486112999999913e-01
9.755000000000000782e+00 -4.398061415000000252e-01
9.757500000000000284e+00 -4.407963495000000176e-01
9.759999999999999787e+00 -4.412648949999999903e-01
9.762499999999999289e+00 -4.413790029999999920e-01
9.765000000000000568e+00 -4.421996888999999986e-01
9.767500000000000071e+00 -4.427067947000000170e-01
9.769999999999999574e+00 -4.431800558999999806e-01
9.772500000000000853e+00 -4.441445467999999841e-01
9.775000000000000355e+00 -4.446249653000000079e-01
9.777499999999999858e+00 -4.448104509999999956e-01
9.779999999999999361e+00 -4.451973288000000140e-01
9.782500000000000639e+00 -4.462587510000000091e-01
9.785000000000000142e+00 -4.472929326999999788e-01
9.787499999999999645e+00 -4.471548884000000057e-01
9.789999999999999147e+00 -4.475770736999999944e-01
9.792500000000000426e+00 -4.487457214000000194e-01
9.794999999999999929e+00 -4.490947163999999825e-01
9.797499999999999432e+00 -4.498800539000000209e-01
9.800000000000000711e+00 -4.498872441000000277e-01
9.802500000000000213e+00 -4.506086347000000103e-01
9.804999999999999716e+00 -4.510259166000000208e-01
9.807499999999999218e+00 -4.522440452000000000e-01
9.810000000000000497e+00 -4.522413518999999771e-01
9.812500000000000000e+00 -4.532480367000000232e-01
9.814999999999999503e+00 -4.532341941999999957e-01
9.817500000000000782e+00 -4.539767994000000195e-01
9.820000000000000284e+00 -4.552761251999999925e-01
9.822499999999999787e+00 -4.556394986999999785e-01
9.824999999999999289e+00 -4.561417709000000209e-01
9.827500000000000568e+00 -4.570609224000000137e-01
9.830000000000000071e+00 -4.571004852000000174e-01
9.832499999999999574e+00 -4.578409907000000056e-01
9.835000000000000853e+00 -4.585093610000000042e-01
9.837500000000000355e+00 -4.591906130000000252e-01
9.839999999999999858e+00 -4.587063988000000259e-01
9.842499999999999361e+00 -4.600442711000000129e-01
9.845000000000000639e+00 -4.601267433999999823e-01
9.847500000000000142e+00 -4.613178097999999783e-01
9.849999999999999645e+00 -4.618711911999999753e-01
9.852499999999999147e+00 -4.621456609999999854e-01
9.855000000000000426e+00 -4.625469160999999829e-01
9.857499999999999929e+00 -4.643000856000000232e-01
9.859999999999999432e+00 -4.646800084000000108e-01
9.862500000000000711e+00 -4.653352506999999805e-01
9.865000000000000213e+00 -4.652029466000000002e-01
9.867499999999999716e+00 -4.661978305999999739e-01
9.869999999999999218e+00 -4.668459815000000068e-01
9.872500000000000497e+00 -4.670179526000000081e-01
9.875000000000000000e+00 -4.678012570000000259e-01
9.877499999999999503e+00 -4.685952964000000276e-01
9.880000000000000782e+00 -4.692100375000000101e-01
9.882500000000000284e+00 -4.702049003000000060e-01
9.884999999999999787e+00 -4.701236650000000239e-01
9.887499999999999289e+00 -4.710900120000000024e-01
9.890000000000000568e+00 -4.715928515000000210e-01
9.892500000000000071e+00 -4.714012866999999773e-01
9.894999999999999574e+00 -4.724988296000000032e-01
9.897500000000000853e+00 -4.736345611000000178e-01
9.900000000000000355e+00 -4.741469722000000164e-01
9.902499999999999858e+00 -4.746113149999999781e-01
9.904999999999999361e+00 -4.755195944999999758e-01
9.907500000000000639e+00 -4.755203342000000055e-01
9.910000000000000142e+00 -4.763636526999999732e-01
9.912499999999999645e+00 -4.772008252000000117e-01
9.914999999999999147e+00 -4.778958603999999832e-01
9.917500000000000426e+00 -4.785065204999999766e-01
9.919999999999999929e+00 -4.783881365000000052e-01
9.922499999999999432e+00 -4.795009914000000206e-01
9.925000000000000711e+00 -4.803899119999999745e-01
9.927500000000000213e+00 -4.808870467999999954e-01
9.929999999999999716e+00 -4.817467779999999866e-01
9.932499999999999218e+00 -4.821865604000000194e-01
9.935000000000000497e+00 -4.830802737000000069e-01
9.937500000000000000e+00 -4.832359073999999977e-01
9.939999999999999503e+00 -4.838009604999999880e-01
9.942500000000000782e+00 -4.851784551000000167e-01
9.945000000000000284e+00 -4.853703621000000079e-01
9.947499999999999787e+00 -4.864283792999999911e-01
9.949999999999999289e+00 -4.864882486000000061e-01
9.952500000000000568e+00 -4.873763140999999854e-01
9.955000000000000071e+00 -4.879198472999999869e-01
9.957499999999999574e+00 -4.886265841999999915e-01
9.960000000000000853e+00 -4.896583766000000004e-01
9.962500000000000355e+00 -4.898469013999999788e-01
9.964999999999999858e+00 -4.908354093999999779e-01
9.967499999999999361e+00 -4.917135024000000021e-01
9.970000000000000639e+00 -4.919542263000000193e-01
9.972500000000000142e+00 -4.929109982000000056e-01
9.974999999999999645e+00 -4.929010135999999931e-01
9.977499999999999147e+00 -4.945309366999999789e-01
9.980000000000000426e+00 -4.945940386000000077e-01
9.982499999999999929e+00 -4.951146307000000024e-01
9.984999999999999432e+00 -4.957177178000000128e-01
9.987500000000000711e+00 -4.972622245000000163e-01
9.990000000000000213e+00 -4.973798664999999897e-01
9.992499999999999716e+00 -4.974820683999999771e-01
9.994999999999999218e+00 -4.984231438999999764e-01
9.997500000000000497e+00 -4.992435311999999792e-01
1.000000000000000000e+01 -4.999432305000000021e-01
