0.000000000000000000e+00 1.742550320000000041e-01
2.500000000000000052e-03 1.738126537999999943e-01
5.000000000000000104e-03 1.734831182999999888e-01
7.499999999999999722e-03 1.732664254000000070e-01
1.000000000000000021e-02 1.730751543000000059e-01
1.250000000000000069e-02 1.726532937999999961e-01
1.499999999999999944e-02 1.725636131999999934e-01
1.750000000000000167e-02 1.722171782999999956e-01
2.000000000000000042e-02 1.723898829999999938e-01
2.249999999999999917e-02 1.719892350999999986e-01
2.500000000000000139e-02 1.718255758999999994e-01
2.750000000000000014e-02 1.717177343999999883e-01
2.999999999999999889e-02 1.713231346999999904e-01
3.250000000000000111e-02 1.713115068999999935e-01
3.500000000000000333e-02 1.707540869999999988e-01
3.749999999999999861e-02 1.705255595000000068e-01
4.000000000000000083e-02 1.706449661999999978e-01
4.250000000000000305e-02 1.703044870000000044e-01
4.499999999999999833e-02 1.704236484999999968e-01
4.750000000000000056e-02 1.700921807000000119e-01
5.000000000000000278e-02 1.694574112999999993e-01
5.249999999999999806e-02 1.695459690999999991e-01
5.500000000000000028e-02 1.694074309999999972e-01
5.750000000000000250e-02 1.689686854999999932e-01
5.999999999999999778e-02 1.686498830000000004e-01
6.250000000000000000e-02 1.682797708999999864e-01
6.500000000000000222e-02 1.681651144000000098e-01
6.750000000000000444e-02 1.681171964000000019e-01
7.000000000000000666e-02 1.680731873999999904e-01
7.249999999999999500e-02 1.678606874000000138e-01
7.499999999999999722e-02 1.674374405000000066e-01
7.749999999999999944e-02 1.672722939999999880e-01
8.000000000000000167e-02 1.671866093000000109e-01
8.250000000000000389e-02 1.670553415999999902e-01
8.500000000000000611e-02 1.668045023999999987e-01
8.749999999999999445e-02 1.666672104999999959e-01
8.999999999999999667e-02 1.669342359000000053e-01
9.249999999999999889e-02 1.663157762999999956e-01
9.500000000000000111e-02 1.660900781000000104e-01
9.750000000000000333e-02 1.657002941000000062e-01
1.000000000000000056e-01 1.655809796999999917e-01
1.024999999999999939e-01 1.651528243000000007e-01
1.049999999999999961e-01 1.651560233000000100e-01
1.074999999999999983e-01 1.646470288000000115e-01
1.100000000000000006e-01 1.647372223000000135e-01
1.125000000000000028e-01 1.645539993000000034e-01
1.150000000000000050e-01 1.645463604000000080e-01
1.174999999999999933e-01 1.638534232999999951e-01
1.199999999999999956e-01 1.638726010999999871e-01
1.224999999999999978e-01 1.635135822000000072e-01
1.250000000000000000e-01 1.634974456999999937e-01
1.275000000000000022e-01 1.631356632000000029e-01
1.300000000000000044e-01 1.629110732999999867e-01
1.325000000000000067e-01 1.629111742000000085e-01
1.350000000000000089e-01 1.626390476000000029e-01
1.375000000000000111e-01 1.627505794000000117e-01
1.400000000000000133e-01 1.623728999999999867e-01
1.424999999999999878e-01 1.621226459000000009e-01
1.449999999999999900e-01 1.621390067000000046e-01
1.474999999999999922e-01 1.615895629999999916e-01
1.499999999999999944e-01 1.612018872000000047e-01
1.524999999999999967e-01 1.618211317999999899e-01
1.549999999999999989e-01 1.612623467000000033e-01
1.575000000000000011e-01 1.611655415000000091e-01
1.600000000000000033e-01 1.607941231999999998e-01
1.625000000000000056e-01 1.605164048000000121e-01
1.650000000000000078e-01 1.603456614999999863e-01
1.675000000000000100e-01 1.603304399000000102e-01
1.700000000000000122e-01 1.602025653999999966e-01
1.724999999999999867e-01 1.597156550000000119e-01
1.749999999999999889e-01 1.595923957000000004e-01
1.774999999999999911e-01 1.593621275000000059e-01
1.799999999999999933e-01 1.589743570999999911e-01
1.824999999999999956e-01 1.588717681000000048e-01
1.849999999999999978e-01 1.586468242000000084e-01
1.875000000000000000e-01 1.587332630000000133e-01
1.900000000000000022e-01 1.586388441999999899e-01
1.925000000000000044e-01 1.581393379000000099e-01
1.950000000000000067e-01 1.581788774000000009e-01
1.975000000000000089e-01 1.581982150000000031e-01
2.000000000000000111e-01 1.576205759000000040e-01
2.025000000000000133e-01 1.572839490000000062e-01
2.049999999999999878e-01 1.574256763999999920e-01
2.074999999999999900e-01 1.572348852999999880e-01
2.099999999999999922e-01 1.567888406000000068e-01
2.124999999999999944e-01 1.568038992000000131e-01
2.149999999999999967e-01 1.564999370000000056e-01
2.174999999999999989e-01 1.564581976999999957e-01
2.200000000000000011e-01 1.560381717000000057e-01
2.225000000000000033e-01 1.559392347000000123e-01
2.250000000000000056e-01 1.557706691000000088e-01
2.275000000000000078e-01 1.556221486000000098e-01
2.300000000000000100e-01 1.555271400999999887e-01
2.325000000000000122e-01 1.554810132999999983e-01
2.349999999999999867e-01 1.552540957000000110e-01
2.374999999999999889e-01 1.547652640999999940e-01
2.399999999999999911e-01 1.549455536000000078e-01
2.424999999999999933e-01 1.546160628999999898e-01
2.449999999999999956e-01 1.543567147000000084e-01
2.474999999999999978e-01 1.542321019000000015e-01
2.500000000000000000e-01 1.537941931000000040e-01
2.525000000000000022e-01 1.535688219999999937e-01
2.550000000000000044e-01 1.531354373999999907e-01
2.575000000000000067e-01 1.535204189999999913e-01
2.600000000000000089e-01 1.534461460000000055e-01
2.625000000000000111e-01 1.531605525999999995e-01
2.650000000000000133e-01 1.526214075000000003e-01
2.675000000000000155e-01 1.527349981999999995e-01
2.700000000000000178e-01 1.527143673999999951e-01
2.725000000000000200e-01 1.523053276999999928e-01
2.750000000000000222e-01 1.523077582000000041e-01
2.775000000000000244e-01 1.520729580000000081e-01
2.800000000000000266e-01 1.516274247000000130e-01
2.824999999999999734e-01 1.518660661000000023e-01
2.849999999999999756e-01 1.514609420999999956e-01
2.874999999999999778e-01 1.513537963000000097e-01
2.899999999999999800e-01 1.511056848000000008e-01
2.924999999999999822e-01 1.511077717000000042e-01
2.949999999999999845e-01 1.509978302999999966e-01
2.974999999999999867e-01 1.505359421999999947e-01
2.999999999999999889e-01 1.503835088000000098e-01
3.024999999999999911e-01 1.502817412999999935e-01
3.049999999999999933e-01 1.500488403000000137e-01
3.074999999999999956e-01 1.498884615999999947e-01
3.099999999999999978e-01 1.498758544000000081e-01
3.125000000000000000e-01 1.493473613999999894e-01
3.150000000000000022e-01 1.490288969000000130e-01
3.175000000000000044e-01 1.491250665999999947e-01
3.200000000000000067e-01 1.490728393000000096e-01
3.225000000000000089e-01 1.489530842000000022e-01
3.250000000000000111e-01 1.487055646000000064e-01
3.275000000000000133e-01 1.486082518999999880e-01
3.300000000000000155e-01 1.480949005999999957e-01
3.325000000000000178e-01 1.479841135999999946e-01
3.350000000000000200e-01 1.480289465000000082e-01
3.375000000000000222e-01 1.478931709999999899e-01
3.400000000000000244e-01 1.473532610000000131e-01
3.425000000000000266e-01 1.474873389999999951e-01
3.449999999999999734e-01 1.473067921000000002e-01
3.474999999999999756e-01 1.468132171000000041e-01
3.499999999999999778e-01 1.467969422000000024e-01
3.524999999999999800e-01 1.467723355999999979e-01
3.549999999999999822e-01 1.465889110999999967e-01
3.574999999999999845e-01 1.466120794000000116e-01
3.599999999999999867e-01 1.462066881999999901e-01
3.624999999999999889e-01 1.460191594999999953e-01
3.649999999999999911e-01 1.457852162999999923e-01
3.674999999999999933e-01 1.456221940999999909e-01
3.699999999999999956e-01 1.457399275000000050e-01
3.724999999999999978e-01 1.455222528000000015e-01
3.750000000000000000e-01 1.451653371000000137e-01
3.775000000000000022e-01 1.451008572999999968e-01
3.800000000000000044e-01 1.449748255999999957e-01
3.825000000000000067e-01 1.448652366000000025e-01
3.850000000000000089e-01 1.445527655999999939e-01
3.875000000000000111e-01 1.441167117999999914e-01
3.900000000000000133e-01 1.446125070000000012e-01
3.925000000000000155e-01 1.440773821000000121e-01
3.950000000000000178e-01 1.439279606999999961e-01
3.975000000000000200e-01 1.438556105000000085e-01
4.000000000000000222e-01 1.436892604999999989e-01
4.025000000000000244e-01 1.435661534000000072e-01
4.050000000000000266e-01 1.435000328999999908e-01
4.074999999999999734e-01 1.430181594999999917e-01
4.099999999999999756e-01 1.429595986999999957e-01
4.124999999999999778e-01 1.428839390999999959e-01
4.149999999999999800e-01 1.423868071999999929e-01
4.174999999999999822e-01 1.426242866999999914e-01
4.199999999999999845e-01 1.420713768999999904e-01
4.224999999999999867e-01 1.420681766999999929e-01
4.249999999999999889e-01 1.420478155999999881e-01
4.274999999999999911e-01 1.418968415000000094e-01
4.299999999999999933e-01 1.413542020000000121e-01
4.324999999999999956e-01 1.413573921999999872e-01
4.349999999999999978e-01 1.412038975000000085e-01
4.375000000000000000e-01 1.411681734000000132e-01
4.400000000000000022e-01 1.408641851000000111e-01
4.425000000000000044e-01 1.406923654999999995e-01
4.450000000000000067e-01 1.408274898999999913e-01
4.475000000000000089e-01 1.403582218999999964e-01
4.500000000000000111e-01 1.402629414000000074e-01
4.525000000000000133e-01 1.400036554999999905e-01
4.550000000000000155e-01 1.398921351999999896e-01
4.575000000000000178e-01 1.397655791999999897e-01
4.600000000000000200e-01 1.397687998000000098e-01
4.625000000000000222e-01 1.398217727999999938e-01
4.650000000000000244e-01 1.394168151000000078e-01
4.675000000000000266e-01 1.391221414999999906e-01
4.699999999999999734e-01 1.392590096999999916e-01
4.724999999999999756e-01 1.389537305999999917e-01
4.749999999999999778e-01 1.388422887000000105e-01
4.774999999999999800e-01 1.385225968000000085e-01
4.799999999999999822e-01 1.384478745999999927e-01
4.824999999999999845e-01 1.382214562000000091e-01
4.849999999999999867e-01 1.379584778999999872e-01
4.874999999999999889e-01 1.381033577000000123e-01
4.899999999999999911e-01 1.379175759000000057e-01
4.924999999999999933e-01 1.379977595999999918e-01
4.949999999999999956e-01 1.373750008000000078e-01
4.974999999999999978e-01 1.374917918000000128e-01
5.000000000000000000e-01 1.370897983000000098e-01
5.024999999999999467e-01 1.369284245999999872e-01
5.050000000000000044e-01 1.371569713999999940e-01
5.074999999999999512e-01 1.368877269999999868e-01
5.100000000000000089e-01 1.364579294000000109e-01
5.124999999999999556e-01 1.365055081999999864e-01
5.150000000000000133e-01 1.364661621000000102e-01
5.174999999999999600e-01 1.362763297000000040e-01
5.200000000000000178e-01 1.357821372999999943e-01
5.224999999999999645e-01 1.359470633000000039e-01
5.250000000000000222e-01 1.356338958999999955e-01
5.274999999999999689e-01 1.352751972000000025e-01
5.300000000000000266e-01 1.355294820999999872e-01
5.324999999999999734e-01 1.353561322999999872e-01
5.350000000000000311e-01 1.351463085000000064e-01
5.374999999999999778e-01 1.348918890999999953e-01
5.400000000000000355e-01 1.346169388000000022e-01
5.424999999999999822e-01 1.346077562999999921e-01
5.450000000000000400e-01 1.344992114000000127e-01
5.474999999999999867e-01 1.343740261999999963e-01
5.500000000000000444e-01 1.339268618999999994e-01
5.524999999999999911e-01 1.339896344000000017e-01
5.550000000000000488e-01 1.339906435999999867e-01
5.574999999999999956e-01 1.340120454000000016e-01
5.600000000000000533e-01 1.336284553000000042e-01
5.625000000000000000e-01 1.334618073999999932e-01
5.649999999999999467e-01 1.331027502999999890e-01
5.675000000000000044e-01 1.330567646999999964e-01
5.699999999999999512e-01 1.327599546000000075e-01
5.725000000000000089e-01 1.331207511999999982e-01
5.749999999999999556e-01 1.329288170000000047e-01
5.775000000000000133e-01 1.324206655999999871e-01
5.799999999999999600e-01 1.324320938999999919e-01
5.825000000000000178e-01 1.321930162999999936e-01
5.849999999999999645e-01 1.321753394999999887e-01
5.875000000000000222e-01 1.320225183000000024e-01
5.899999999999999689e-01 1.317465592000000019e-01
5.925000000000000266e-01 1.317917930999999987e-01
5.949999999999999734e-01 1.314594386999999864e-01
5.975000000000000311e-01 1.312538564000000074e-01
5.999999999999999778e-01 1.309619493999999995e-01
6.025000000000000355e-01 1.311331125000000097e-01
6.049999999999999822e-01 1.306937677999999992e-01
6.075000000000000400e-01 1.307009997999999951e-01
6.099999999999999867e-01 1.307361673000000113e-01
6.125000000000000444e-01 1.304120521999999893e-01
6.149999999999999911e-01 1.303851927000000133e-01
6.175000000000000488e-01 1.302315162999999887e-01
6.199999999999999956e-01 1.301863538999999959e-01
6.225000000000000533e-01 1.299217497000000054e-01
6.250000000000000000e-01 1.301720862000000090e-01
6.274999999999999467e-01 1.296499459999999881e-01
6.300000000000000044e-01 1.295800008000000114e-01
6.324999999999999512e-01 1.293272799999999889e-01
6.350000000000000089e-01 1.292064870000000087e-01
6.374999999999999556e-01 1.290037863999999868e-01
6.400000000000000133e-01 1.291007023999999892e-01
6.424999999999999600e-01 1.289439400000000069e-01
6.450000000000000178e-01 1.285350024999999952e-01
6.474999999999999645e-01 1.286620662000000082e-01
6.500000000000000222e-01 1.284717837000000085e-01
6.524999999999999689e-01 1.285767560999999948e-01
6.550000000000000266e-01 1.281536514000000127e-01
6.574999999999999734e-01 1.281026896000000137e-01
6.600000000000000311e-01 1.277357383999999929e-01
6.624999999999999778e-01 1.276775035000000114e-01
6.650000000000000355e-01 1.274653735000000065e-01
6.674999999999999822e-01 1.276498678000000109e-01
6.700000000000000400e-01 1.274666382999999903e-01
6.724999999999999867e-01 1.268825282999999915e-01
6.750000000000000444e-01 1.269128258999999981e-01
6.774999999999999911e-01 1.267187750999999862e-01
6.800000000000000488e-01 1.267305824999999941e-01
6.824999999999999956e-01 1.266501409000000133e-01
6.850000000000000533e-01 1.264169243999999914e-01
6.875000000000000000e-01 1.263245902000000032e-01
6.899999999999999467e-01 1.260183125000000071e-01
6.925000000000000044e-01 1.258656172000000018e-01
6.949999999999999512e-01 1.259194714999999909e-01
6.975000000000000089e-01 1.259680559999999949e-01
6.999999999999999556e-01 1.254754399000000131e-01
7.025000000000000133e-01 1.252401133000000111e-01
7.049999999999999600e-01 1.255069950000000101e-01
7.075000000000000178e-01 1.252105753999999960e-01
7.099999999999999645e-01 1.251118458999999905e-01
7.125000000000000222e-01 1.249261430999999978e-01
7.149999999999999689e-01 1.248032007999999998e-01
7.175000000000000266e-01 1.247266778000000048e-01
7.199999999999999734e-01 1.244097844999999952e-01
7.225000000000000311e-01 1.244646029999999931e-01
7.249999999999999778e-01 1.240681517999999983e-01
7.275000000000000355e-01 1.242178726999999955e-01
7.299999999999999822e-01 1.238945030999999974e-01
7.325000000000000400e-01 1.236294042000000010e-01
7.349999999999999867e-01 1.236488775999999984e-01
7.375000000000000444e-01 1.234811672999999999e-01
7.399999999999999911e-01 1.234320012000000022e-01
7.425000000000000488e-01 1.232808189999999998e-01
7.449999999999999956e-01 1.232493147000000011e-01
7.475000000000000533e-01 1.232722249999999992e-01
7.500000000000000000e-01 1.227272070000000048e-01
7.524999999999999467e-01 1.228914096999999955e-01
7.550000000000000044e-01 1.228219200000000011e-01
7.574999999999999512e-01 1.224411413000000004e-01
7.600000000000000089e-01 1.225184183000000010e-01
7.624999999999999556e-01 1.222194865000000019e-01
7.650000000000000133e-01 1.219125181000000058e-01
7.674999999999999600e-01 1.218291687999999984e-01
7.700000000000000178e-01 1.218706519000000016e-01
7.724999999999999645e-01 1.218224834000000006e-01
7.750000000000000222e-01 1.214482858999999942e-01
7.774999999999999689e-01 1.215395875000000042e-01
7.800000000000000266e-01 1.213290050000000037e-01
7.824999999999999734e-01 1.211897787999999948e-01
7.850000000000000311e-01 1.208425996000000030e-01
7.874999999999999778e-01 1.207561172999999932e-01
7.900000000000000355e-01 1.205574851000000003e-01
7.924999999999999822e-01 1.208147103000000028e-01
7.950000000000000400e-01 1.206381952000000063e-01
7.974999999999999867e-01 1.203750078000000029e-01
8.000000000000000444e-01 1.202386139999999937e-01
8.024999999999999911e-01 1.200121504000000033e-01
8.050000000000000488e-01 1.199389876000000049e-01
8.074999999999999956e-01 1.198144513999999938e-01
8.100000000000000533e-01 1.200024764999999966e-01
8.125000000000000000e-01 1.194940485999999996e-01
8.149999999999999467e-01 1.195034957000000037e-01
8.175000000000000044e-01 1.189048973000000065e-01
8.199999999999999512e-01 1.193425677999999934e-01
8.225000000000000089e-01 1.189560588999999946e-01
8.249999999999999556e-01 1.190353692000000047e-01
8.275000000000000133e-01 1.189134455000000062e-01
8.299999999999999600e-01 1.185336414000000005e-01
8.325000000000000178e-01 1.185020373999999960e-01
8.349999999999999645e-01 1.184300291000000005e-01
8.375000000000000222e-01 1.185043322000000066e-01
8.399999999999999689e-01 1.183429062999999948e-01
8.425000000000000266e-01 1.178838613999999979e-01
8.449999999999999734e-01 1.177743710000000027e-01
8.475000000000000311e-01 1.177259769000000011e-01
8.499999999999999778e-01 1.176812064999999963e-01
8.525000000000000355e-01 1.177290623000000064e-01
8.549999999999999822e-01 1.175360024000000059e-01
8.575000000000000400e-01 1.169382573999999952e-01
8.599999999999999867e-01 1.172322278999999995e-01
8.625000000000000444e-01 1.169292467999999974e-01
8.649999999999999911e-01 1.166046314000000056e-01
8.675000000000000488e-01 1.171852411000000038e-01
8.699999999999999956e-01 1.163543932000000031e-01
8.725000000000000533e-01 1.165822452999999981e-01
8.750000000000000000e-01 1.163771076999999959e-01
8.774999999999999467e-01 1.162463247000000005e-01
8.800000000000000044e-01 1.163284195999999965e-01
8.824999999999999512e-01 1.162078837999999947e-01
8.850000000000000089e-01 1.161173642000000034e-01
8.874999999999999556e-01 1.156697198999999954e-01
8.900000000000000133e-01 1.157689848999999965e-01
8.924999999999999600e-01 1.155163490000000043e-01
8.950000000000000178e-01 1.154567841000000011e-01
8.974999999999999645e-01 1.154607418999999968e-01
9.000000000000000222e-01 1.153994235999999951e-01
9.024999999999999689e-01 1.150652610000000020e-01
9.050000000000000266e-01 1.150303580999999936e-01
9.074999999999999734e-01 1.151440688999999934e-01
9.100000000000000311e-01 1.143972473999999989e-01
9.124999999999999778e-01 1.147609809000000036e-01
9.150000000000000355e-01 1.145875115000000027e-01
9.174999999999999822e-01 1.144327019999999973e-01
9.200000000000000400e-01 1.144065984000000036e-01
9.224999999999999867e-01 1.140979641000000044e-01
9.250000000000000444e-01 1.141630529000000061e-01
9.274999999999999911e-01 1.138472199000000046e-01
9.300000000000000488e-01 1.134465320000000027e-01
9.324999999999999956e-01 1.137138932999999935e-01
9.350000000000000533e-01 1.134526153999999981e-01
9.375000000000000000e-01 1.133446265000000036e-01
9.399999999999999467e-01 1.132241390999999958e-01
9.425000000000000044e-01 1.129932651999999982e-01
9.449999999999999512e-01 1.129511405000000052e-01
9.475000000000000089e-01 1.126530971999999964e-01
9.499999999999999556e-01 1.128274234000000015e-01
9.525000000000000133e-01 1.127970791999999972e-01
9.549999999999999600e-01 1.125834099999999949e-01
9.575000000000000178e-01 1.125822392999999977e-01
9.599999999999999645e-01 1.122050366999999965e-01
9.625000000000000222e-01 1.121771909999999955e-01
9.649999999999999689e-01 1.118453363999999950e-01
9.675000000000000266e-01 1.121237615000000021e-01
9.699999999999999734e-01 1.118679387000000025e-01
9.725000000000000311e-01 1.118752910999999961e-01
9.749999999999999778e-01 1.117853473999999986e-01
9.775000000000000355e-01 1.114865035000000004e-01
9.799999999999999822e-01 1.112996957000000064e-01
9.825000000000000400e-01 1.110433432999999998e-01
9.849999999999999867e-01 1.112430268000000055e-01
9.875000000000000444e-01 1.109763509000000065e-01
9.899999999999999911e-01 1.109723284999999948e-01
9.925000000000000488e-01 1.107178773999999977e-01
9.949999999999999956e-01 1.105768986000000009e-01
9.975000000000000533e-01 1.104345213000000048e-01
1.000000000000000000e+00 1.104323554000000013e-01
1.002499999999999947e+00 1.104006468000000019e-01
1.004999999999999893e+00 1.101555886000000067e-01
1.007500000000000062e+00 1.099588746000000061e-01
1.010000000000000009e+00 1.099270771000000063e-01
1.012499999999999956e+00 1.098640807999999996e-01
1.014999999999999902e+00 1.097806122000000023e-01
1.017500000000000071e+00 1.095873608999999999e-01
1.020000000000000018e+00 1.095428289999999943e-01
1.022499999999999964e+00 1.094663173000000045e-01
1.024999999999999911e+00 1.093091677000000012e-01
1.027500000000000080e+00 1.093263124999999947e-01
1.030000000000000027e+00 1.090172222999999940e-01
1.032499999999999973e+00 1.088077516000000022e-01
1.034999999999999920e+00 1.087191925000000059e-01
1.037500000000000089e+00 1.087218744999999959e-01
1.040000000000000036e+00 1.086000552000000036e-01
1.042499999999999982e+00 1.082948277999999931e-01
1.044999999999999929e+00 1.083855519000000017e-01
1.047500000000000098e+00 1.081462848000000060e-01
1.050000000000000044e+00 1.080430760999999962e-01
1.052499999999999991e+00 1.080871674000000032e-01
1.054999999999999938e+00 1.078115620999999941e-01
1.057500000000000107e+00 1.078904935999999981e-01
1.060000000000000053e+00 1.075862469000000016e-01
1.062500000000000000e+00 1.074383973000000020e-01
1.064999999999999947e+00 1.072874010999999989e-01
1.067499999999999893e+00 1.074401682000000052e-01
1.070000000000000062e+00 1.071987992999999945e-01
1.072500000000000009e+00 1.070571894000000024e-01
1.074999999999999956e+00 1.069366488000000059e-01
1.077499999999999902e+00 1.068667281000000024e-01
1.080000000000000071e+00 1.065676017999999947e-01
1.082500000000000018e+00 1.065296733999999967e-01
1.084999999999999964e+00 1.064770891000000053e-01
1.087499999999999911e+00 1.064487570000000050e-01
1.090000000000000080e+00 1.065325741999999937e-01
1.092500000000000027e+00 1.061126802999999980e-01
1.094999999999999973e+00 1.062320932999999967e-01
1.097499999999999920e+00 1.061724304999999979e-01
1.100000000000000089e+00 1.057670183000000014e-01
1.102500000000000036e+00 1.057419629999999944e-01
1.104999999999999982e+00 1.054901144999999957e-01
1.107499999999999929e+00 1.055382737999999987e-01
1.110000000000000098e+00 1.053934514999999988e-01
1.112500000000000044e+00 1.051443581000000016e-01
1.114999999999999991e+00 1.050466315000000012e-01
1.117499999999999938e+00 1.051332192999999970e-01
1.120000000000000107e+00 1.047665668999999966e-01
1.122500000000000053e+00 1.047145109999999962e-01
1.125000000000000000e+00 1.047702474000000022e-01
1.127499999999999947e+00 1.046402277000000047e-01
1.129999999999999893e+00 1.047018621999999954e-01
1.132500000000000062e+00 1.043686412999999952e-01
1.135000000000000009e+00 1.042394861000000006e-01
1.137499999999999956e+00 1.041414095999999984e-01
1.139999999999999902e+00 1.040516680999999943e-01
1.142500000000000071e+00 1.040663336000000050e-01
1.145000000000000018e+00 1.036420962000000057e-01
1.147499999999999964e+00 1.036406965000000041e-01
1.149999999999999911e+00 1.036389013999999970e-01
1.152500000000000080e+00 1.033599278000000010e-01
1.155000000000000027e+00 1.034633870000000039e-01
1.157499999999999973e+00 1.032160327999999960e-01
1.159999999999999920e+00 1.031113428999999998e-01
1.162500000000000089e+00 1.029793316999999958e-01
1.165000000000000036e+00 1.030142106000000030e-01
1.167499999999999982e+00 1.031370035000000046e-01
1.169999999999999929e+00 1.025315199000000066e-01
1.172500000000000098e+00 1.027523491000000011e-01
1.175000000000000044e+00 1.023192755000000009e-01
1.177499999999999991e+00 1.025838354999999980e-01
1.179999999999999938e+00 1.022281404999999949e-01
1.182500000000000107e+00 1.022346845000000060e-01
1.185000000000000053e+00 1.023414388000000036e-01
1.187500000000000000e+00 1.020817098999999978e-01
1.189999999999999947e+00 1.020579949999999986e-01
1.192499999999999893e+00 1.018245480000000008e-01
1.195000000000000062e+00 1.017415747000000037e-01
1.197500000000000009e+00 1.012885921000000050e-01
1.199999999999999956e+00 1.014634697999999974e-01
1.202499999999999902e+00 1.014112800000000064e-01
1.205000000000000071e+00 1.011277748000000004e-01
1.207500000000000018e+00 1.010208964999999987e-01
1.209999999999999964e+00 1.009839094999999964e-01
1.212499999999999911e+00 1.010789069000000012e-01
1.215000000000000080e+00 1.006470953000000029e-01
1.217500000000000027e+00 1.007479346000000053e-01
1.219999999999999973e+00 1.008239917999999985e-01
1.222499999999999920e+00 1.004018227000000041e-01
1.225000000000000089e+00 1.003206296000000025e-01
1.227500000000000036e+00 1.002317286000000002e-01
1.229999999999999982e+00 1.000800760000000039e-01
1.232499999999999929e+00 1.000989022000000062e-01
1.235000000000000098e+00 9.987445121999999342e-02
1.237500000000000044e+00 1.001656759000000008e-01
1.239999999999999991e+00 9.981908026999999906e-02
1.242499999999999938e+00 9.976238232999999622e-02
1.245000000000000107e+00 9.942940747999999551e-02
1.247500000000000053e+00 9.962297962999999701e-02
1.250000000000000000e+00 9.931867141000000343e-02
1.252499999999999947e+00 9.926603941000000653e-02
1.254999999999999893e+00 9.908476730000000121e-02
1.257500000000000062e+00 9.923436446000000188e-02
1.260000000000000009e+00 9.892844081000000400e-02
1.262499999999999956e+00 9.888605958000000473e-02
1.264999999999999902e+00 9.895700150000000250e-02
1.267500000000000071e+00 9.866468050000000434e-02
1.270000000000000018e+00 9.853123296999999337e-02
1.272499999999999964e+00 9.838280551000000429e-02
1.274999999999999911e+00 9.857563833000000664e-02
1.277500000000000080e+00 9.823264312000000442e-02
1.280000000000000027e+00 9.835182368000000563e-02
1.282499999999999973e+00 9.819376472999999383e-02
1.284999999999999920e+00 9.795756294000000641e-02
1.287500000000000089e+00 9.807455254999999927e-02
1.290000000000000036e+00 9.763880177000000549e-02
1.292499999999999982e+00 9.761688629999999700e-02
1.294999999999999929e+00 9.744087918999999598e-02
1.297500000000000098e+00 9.741529938000000055e-02
1.300000000000000044e+00 9.717677277000000280e-02
1.302499999999999991e+00 9.741000064999999486e-02
1.304999999999999938e+00 9.692103918000000151e-02
1.307500000000000107e+00 9.713680886000000680e-02
1.310000000000000053e+00 9.695992081000000262e-02
1.312500000000000000e+00 9.687189357000000611e-02
1.314999999999999947e+00 9.657180090000000439e-02
1.317499999999999893e+00 9.663891210000000176e-02
1.320000000000000062e+00 9.666608823000000239e-02
1.322500000000000009e+00 9.632244480000000386e-02
1.324999999999999956e+00 9.647787095000000257e-02
1.327499999999999902e+00 9.609687299999999932e-02
1.330000000000000071e+00 9.615374057999999391e-02
1.332500000000000018e+00 9.586027255000000025e-02
1.334999999999999964e+00 9.598421196999999683e-02
1.337499999999999911e+00 9.600298597999999684e-02
1.340000000000000080e+00 9.571702806000000063e-02
1.342500000000000027e+00 9.567456138999999582e-02
1.344999999999999973e+00 9.544068345999999481e-02
1.347499999999999920e+00 9.550777543999999786e-02
1.350000000000000089e+00 9.509213855999999743e-02
1.352500000000000036e+00 9.520480017000000628e-02
1.354999999999999982e+00 9.508613820000000327e-02
1.357499999999999929e+00 9.494577552999999837e-02
1.360000000000000098e+00 9.487929155999999531e-02
1.362500000000000044e+00 9.486510135999999538e-02
1.364999999999999991e+00 9.478406505000000482e-02
1.367499999999999938e+00 9.475446306000000207e-02
1.370000000000000107e+00 9.449619822999999474e-02
1.372500000000000053e+00 9.452720805000000559e-02
1.375000000000000000e+00 9.436354329000000429e-02
1.377499999999999947e+00 9.425013248999999926e-02
1.379999999999999893e+00 9.398958359999999568e-02
1.382500000000000062e+00 9.400279927999999341e-02
1.385000000000000009e+00 9.380589398999999995e-02
1.387499999999999956e+00 9.389653922000000541e-02
1.389999999999999902e+00 9.397365353999999338e-02
1.392500000000000071e+00 9.363998480000000624e-02
1.395000000000000018e+00 9.346881701999999736e-02
1.397499999999999964e+00 9.323765795999999773e-02
1.399999999999999911e+00 9.333718379000000009e-02
1.402500000000000080e+00 9.351856473000000336e-02
1.405000000000000027e+00 9.308046170000000563e-02
1.407499999999999973e+00 9.323646629000000019e-02
1.409999999999999920e+00 9.282336667000000430e-02
1.412500000000000089e+00 9.284753199999999651e-02
1.415000000000000036e+00 9.269999764000000364e-02
1.417499999999999982e+00 9.275579172999999511e-02
1.419999999999999929e+00 9.241388426999999628e-02
1.422500000000000098e+00 9.262262052000000412e-02
1.425000000000000044e+00 9.250159384999999401e-02
1.427499999999999991e+00 9.223737240000000337e-02
1.429999999999999938e+00 9.223136804999999827e-02
1.432500000000000107e+00 9.206547884999999320e-02
1.435000000000000053e+00 9.205845744000000497e-02
1.437500000000000000e+00 9.201456815000000344e-02
1.439999999999999947e+00 9.177147482000000411e-02
1.442499999999999893e+00 9.175393913000000345e-02
1.445000000000000062e+00 9.164252085000000603e-02
1.447500000000000009e+00 9.167300912999999662e-02
1.449999999999999956e+00 9.160107626999999808e-02
1.452499999999999902e+00 9.134290944999999551e-02
1.455000000000000071e+00 9.111558524000000492e-02
1.457500000000000018e+00 9.115078445999999501e-02
1.459999999999999964e+00 9.121886242000000478e-02
1.462499999999999911e+00 9.085217219999999760e-02
1.465000000000000080e+00 9.095090423000000424e-02
1.467500000000000027e+00 9.057483372999999838e-02
1.469999999999999973e+00 9.084988336999999525e-02
1.472499999999999920e+00 9.060554503999999898e-02
1.475000000000000089e+00 9.045649138000000367e-02
1.477500000000000036e+00 9.046416979999999386e-02
1.479999999999999982e+00 9.037225325999999337e-02
1.482499999999999929e+00 9.020430993000000397e-02
1.485000000000000098e+00 9.001584659000000377e-02
1.487500000000000044e+00 8.996775013999999682e-02
1.489999999999999991e+00 8.986481687000000274e-02
1.492499999999999938e+00 8.987259995000000667e-02
1.495000000000000107e+00 8.975046338999999318e-02
1.497500000000000053e+00 8.967062699000000192e-02
1.500000000000000000e+00 8.952916111000000510e-02
1.502499999999999947e+00 8.953037720999999782e-02
1.504999999999999893e+00 8.934219286000000260e-02
1.507500000000000062e+00 8.916918077999999581e-02
1.510000000000000009e+00 8.929207894000000534e-02
1.512499999999999956e+00 8.902675880999999514e-02
1.514999999999999902e+00 8.894048646999999641e-02
1.517500000000000071e+00 8.889691979000000077e-02
1.520000000000000018e+00 8.871097327999999393e-02
1.522499999999999964e+00 8.861223011999999621e-02
1.524999999999999911e+00 8.846265744999999570e-02
1.527500000000000080e+00 8.862728005000000686e-02
1.530000000000000027e+00 8.848326341999999956e-02
1.532499999999999973e+00 8.812466591999999765e-02
1.534999999999999920e+00 8.829241971000000022e-02
1.537500000000000089e+00 8.808718477999999408e-02
1.540000000000000036e+00 8.820275919999999437e-02
1.542499999999999982e+00 8.791955292000000477e-02
1.544999999999999929e+00 8.785224370999999977e-02
1.547500000000000098e+00 8.799754915999999372e-02
1.550000000000000044e+00 8.766702400999999700e-02
1.552499999999999991e+00 8.757265976000000451e-02
1.554999999999999938e+00 8.757562557999999664e-02
1.557500000000000107e+00 8.739455757000000324e-02
1.560000000000000053e+00 8.724741101999999859e-02
1.562500000000000000e+00 8.729349596999999572e-02
1.564999999999999947e+00 8.706640055000000600e-02
1.567499999999999893e+00 8.685683601999999448e-02
1.570000000000000062e+00 8.704614959999999735e-02
1.572500000000000009e+00 8.690946203999999620e-02
1.574999999999999956e+00 8.697767096000000309e-02
1.577499999999999902e+00 8.680356538000000288e-02
1.580000000000000071e+00 8.678167055999999602e-02
1.582500000000000018e+00 8.657297180999999620e-02
1.584999999999999964e+00 8.640305314000000514e-02
1.587499999999999911e+00 8.632647822000000248e-02
1.590000000000000080e+00 8.643748589999999954e-02
1.592500000000000027e+00 8.614961352000000128e-02
1.594999999999999973e+00 8.596698073000000329e-02
1.597499999999999920e+00 8.602950573999999795e-02
1.600000000000000089e+00 8.604417737000000233e-02
1.602500000000000036e+00 8.571054390000000522e-02
1.604999999999999982e+00 8.563093218999999479e-02
1.607499999999999929e+00 8.551435218000000282e-02
1.610000000000000098e+00 8.565389324000000082e-02
1.612500000000000044e+00 8.545599718000000677e-02
1.614999999999999991e+00 8.531444549000000155e-02
1.617499999999999938e+00 8.525980075000000324e-02
1.620000000000000107e+00 8.533002861999999800e-02
1.622500000000000053e+00 8.509793079999999899e-02
1.625000000000000000e+00 8.514897672000000528e-02
1.627499999999999947e+00 8.475412391999999351e-02
1.629999999999999893e+00 8.462221803000000153e-02
1.632500000000000062e+00 8.476814939000000548e-02
1.635000000000000009e+00 8.450954895999999994e-02
1.637499999999999956e+00 8.469529961999999745e-02
1.639999999999999902e+00 8.448650983000000059e-02
1.642500000000000071e+00 8.426184157999999647e-02
1.645000000000000018e+00 8.426593740000000443e-02
1.647499999999999964e+00 8.402107943000000634e-02
1.649999999999999911e+00 8.404633829999999528e-02
1.652500000000000080e+00 8.383242458999999591e-02
1.655000000000000027e+00 8.383075073000000044e-02
1.657499999999999973e+00 8.388611389000000251e-02
1.659999999999999920e+00 8.360861698999999536e-02
1.662500000000000089e+00 8.371328124000000648e-02
1.665000000000000036e+00 8.352437355000000285e-02
1.667499999999999982e+00 8.333052867000000086e-02
1.669999999999999929e+00 8.338726331000000103e-02
1.672500000000000098e+00 8.348927755000000450e-02
1.675000000000000044e+00 8.312787911999999779e-02
1.677499999999999991e+00 8.308597952000000564e-02
1.679999999999999938e+00 8.275460008000000423e-02
1.682500000000000107e+00 8.299574465999999540e-02
1.685000000000000053e+00 8.284039931999999384e-02
1.687500000000000000e+00 8.278673619000000150e-02
1.689999999999999947e+00 8.267887244999999607e-02
1.692499999999999893e+00 8.260669281999999392e-02
1.695000000000000062e+00 8.262704927000000255e-02
1.697500000000000009e+00 8.226511714999999725e-02
1.699999999999999956e+00 8.238033663999999590e-02
1.702499999999999902e+00 8.228007695000000288e-02
1.705000000000000071e+00 8.201503319000000292e-02
1.707500000000000018e+00 8.212311519999999920e-02
1.709999999999999964e+00 8.181546800000000230e-02
1.712499999999999911e+00 8.197836266999999899e-02
1.715000000000000080e+00 8.201178951000000217e-02
1.717500000000000027e+00 8.188920695000000138e-02
1.719999999999999973e+00 8.177190315000000542e-02
1.722499999999999920e+00 8.146606820000000526e-02
1.725000000000000089e+00 8.141552893999999541e-02
1.727500000000000036e+00 8.123948285000000269e-02
1.729999999999999982e+00 8.136465659000000072e-02
1.732499999999999929e+00 8.114103433000000032e-02
1.735000000000000098e+00 8.141279486999999926e-02
1.737500000000000044e+00 8.108340825000000252e-02
1.739999999999999991e+00 8.083488642000000168e-02
1.742499999999999938e+00 8.100620696999999426e-02
1.745000000000000107e+00 8.076182825000000065e-02
1.747500000000000053e+00 8.058250134000000120e-02
1.750000000000000000e+00 8.043778846000000649e-02
1.752499999999999947e+00 8.043015644999999825e-02
1.754999999999999893e+00 8.036884458000000120e-02
1.757500000000000062e+00 8.042771669999999873e-02
1.760000000000000009e+00 8.025973380999999740e-02
1.762499999999999956e+00 8.014959631000000140e-02
1.764999999999999902e+00 7.985417823000000304e-02
1.767500000000000071e+00 7.991318145999999623e-02
1.770000000000000018e+00 7.965878966000000672e-02
1.772499999999999964e+00 7.991273947999999461e-02
1.774999999999999911e+00 7.964644946000000447e-02
1.777500000000000080e+00 7.955512339999999682e-02
1.780000000000000027e+00 7.960574222999999838e-02
1.782499999999999973e+00 7.938881122999999485e-02
1.784999999999999920e+00 7.937930315999999764e-02
1.787500000000000089e+00 7.930778913000000041e-02
1.790000000000000036e+00 7.929527103000000299e-02
1.792499999999999982e+00 7.911221913999999522e-02
1.794999999999999929e+00 7.904029104000000194e-02
1.797500000000000098e+00 7.897152680999999785e-02
1.800000000000000044e+00 7.894612942999999772e-02
1.802499999999999991e+00 7.880943399999999766e-02
1.804999999999999938e+00 7.867003441000000596e-02
1.807500000000000107e+00 7.862127946999999950e-02
1.810000000000000053e+00 7.869639237999999370e-02
1.812500000000000000e+00 7.840356331999999429e-02
1.814999999999999947e+00 7.861591880000000365e-02
1.817499999999999893e+00 7.817628559000000532e-02
1.820000000000000062e+00 7.815460539999999345e-02
1.822500000000000009e+00 7.813799943999999442e-02
1.824999999999999956e+00 7.806459524000000649e-02
1.827499999999999902e+00 7.797210420000000308e-02
1.830000000000000071e+00 7.810112339999999986e-02
1.832500000000000018e+00 7.770475474999999355e-02
1.834999999999999964e+00 7.758140281000000527e-02
1.837499999999999911e+00 7.763485485000000408e-02
1.840000000000000080e+00 7.755046701999999958e-02
1.842500000000000027e+00 7.749887257000000196e-02
1.844999999999999973e+00 7.725918596000000416e-02
1.847499999999999920e+00 7.717607663999999368e-02
1.850000000000000089e+00 7.724775327999999774e-02
1.852500000000000036e+00 7.715927572000000345e-02
1.854999999999999982e+00 7.694130681999999943e-02
1.857499999999999929e+00 7.697354527999999974e-02
1.860000000000000098e+00 7.704834678999999964e-02
1.862500000000000044e+00 7.694732210000000683e-02
1.864999999999999991e+00 7.691916889000000035e-02
1.867499999999999938e+00 7.655205688999999758e-02
1.870000000000000107e+00 7.644493046000000458e-02
1.872500000000000053e+00 7.653372998000000649e-02
1.875000000000000000e+00 7.642759787000000249e-02
1.877499999999999947e+00 7.621783468999999978e-02
1.879999999999999893e+00 7.593851895000000574e-02
1.882500000000000062e+00 7.623484691000000091e-02
1.885000000000000009e+00 7.608348366999999335e-02
1.887499999999999956e+00 7.618950237999999597e-02
1.889999999999999902e+00 7.611514317999999724e-02
1.892500000000000071e+00 7.568988159999999465e-02
1.895000000000000018e+00 7.559308749000000216e-02
1.897499999999999964e+00 7.563071218000000373e-02
1.899999999999999911e+00 7.547214275999999944e-02
1.902500000000000080e+00 7.557441276000000097e-02
1.905000000000000027e+00 7.541329982000000154e-02
1.907499999999999973e+00 7.553648362999999810e-02
1.909999999999999920e+00 7.511827525000000505e-02
1.912500000000000089e+00 7.521689516000000519e-02
1.915000000000000036e+00 7.501455130999999665e-02
1.917499999999999982e+00 7.511906137000000372e-02
1.919999999999999929e+00 7.501510477999999427e-02
1.922500000000000098e+00 7.491598859999999693e-02
1.925000000000000044e+00 7.490886654999999450e-02
1.927499999999999991e+00 7.459550396000000361e-02
1.929999999999999938e+00 7.451868407999999444e-02
1.932500000000000107e+00 7.455354591000000475e-02
1.935000000000000053e+00 7.457558664999999753e-02
1.937500000000000000e+00 7.428685017000000168e-02
1.939999999999999947e+00 7.427811714000000232e-02
1.942499999999999893e+00 7.407369708000000053e-02
1.945000000000000062e+00 7.393706921999999848e-02
1.947500000000000009e+00 7.391674597000000291e-02
1.949999999999999956e+00 7.415029643999999920e-02
1.952499999999999902e+00 7.394629947000000425e-02
1.955000000000000071e+00 7.395919919000000509e-02
1.957500000000000018e+00 7.383611856999999778e-02
1.959999999999999964e+00 7.365761675000000175e-02
1.962499999999999911e+00 7.365568244999999570e-02
1.965000000000000080e+00 7.348274186000000596e-02
1.967500000000000027e+00 7.342728263999999394e-02
1.969999999999999973e+00 7.334031085999999366e-02
1.972499999999999920e+00 7.336412942999999409e-02
1.975000000000000089e+00 7.340270309999999410e-02
1.977500000000000036e+00 7.313356270000000159e-02
1.979999999999999982e+00 7.297307296999999693e-02
1.982499999999999929e+00 7.295224314999999848e-02
1.985000000000000098e+00 7.293436235000000378e-02
1.987500000000000044e+00 7.264711879999999344e-02
1.989999999999999991e+00 7.261381762000000684e-02
1.992499999999999938e+00 7.257146875999999358e-02
1.995000000000000107e+00 7.255427877999999497e-02
1.997500000000000053e+00 7.245403677999999459e-02
2.000000000000000000e+00 7.226856641999999942e-02
2.002499999999999947e+00 7.243656653999999695e-02
2.004999999999999893e+00 7.231287206000000523e-02
2.007499999999999840e+00 7.218451921000000604e-02
2.009999999999999787e+00 7.199164103999999842e-02
2.012500000000000178e+00 7.207159209999999816e-02
2.015000000000000124e+00 7.174532612999999504e-02
2.017500000000000071e+00 7.180020071999999864e-02
2.020000000000000018e+00 7.173791594999999466e-02
2.022499999999999964e+00 7.171563877000000642e-02
2.024999999999999911e+00 7.156018772000000139e-02
2.027499999999999858e+00 7.166317020000000093e-02
2.029999999999999805e+00 7.142399519000000585e-02
2.032500000000000195e+00 7.146035432000000243e-02
2.035000000000000142e+00 7.130576829000000172e-02
2.037500000000000089e+00 7.128533314000000398e-02
2.040000000000000036e+00 7.106662414000000649e-02
2.042499999999999982e+00 7.103432933000000671e-02
2.044999999999999929e+00 7.090854891999999465e-02
2.047499999999999876e+00 7.085889830000000056e-02
2.049999999999999822e+00 7.091006209000000338e-02
2.052500000000000213e+00 7.065640902000000501e-02
2.055000000000000160e+00 7.059270085999999611e-02
2.057500000000000107e+00 7.064316706999999862e-02
2.060000000000000053e+00 7.035569903999999708e-02
2.062500000000000000e+00 7.054284630000000333e-02
2.064999999999999947e+00 7.025157496999999418e-02
2.067499999999999893e+00 7.049623899000000138e-02
2.069999999999999840e+00 7.019826734999999596e-02
2.072499999999999787e+00 7.007166182000000576e-02
2.075000000000000178e+00 7.010627976000000094e-02
2.077500000000000124e+00 7.005457728000000217e-02
2.080000000000000071e+00 6.982937211999999672e-02
2.082500000000000018e+00 6.987071784999999979e-02
2.084999999999999964e+00 6.975587205000000068e-02
2.087499999999999911e+00 6.969733454000000272e-02
2.089999999999999858e+00 6.969411678999999638e-02
2.092499999999999805e+00 6.929543106999999647e-02
2.095000000000000195e+00 6.921526425000000537e-02
2.097500000000000142e+00 6.956053161000000373e-02
2.100000000000000089e+00 6.938342592000000530e-02
2.102500000000000036e+00 6.918276374000000006e-02
2.104999999999999982e+00 6.911037087999999384e-02
2.107499999999999929e+00 6.915478811000000392e-02
2.109999999999999876e+00 6.887627105999999388e-02
2.112499999999999822e+00 6.899452467000000144e-02
2.115000000000000213e+00 6.871417971000000346e-02
2.117500000000000160e+00 6.876016349999999888e-02
2.120000000000000107e+00 6.855268295999999983e-02
2.122500000000000053e+00 6.850914707999999909e-02
2.125000000000000000e+00 6.861192993999999656e-02
2.127499999999999947e+00 6.856409058000000056e-02
2.129999999999999893e+00 6.846474120999999913e-02
2.132499999999999840e+00 6.834207237999999351e-02
2.134999999999999787e+00 6.806304004999999546e-02
2.137500000000000178e+00 6.821984022999999508e-02
2.140000000000000124e+00 6.810304501000000177e-02
2.142500000000000071e+00 6.795474492000000422e-02
2.145000000000000018e+00 6.786497282999999492e-02
2.147499999999999964e+00 6.774737027999999661e-02
2.149999999999999911e+00 6.789381531999999497e-02
2.152499999999999858e+00 6.772419173999999487e-02
2.154999999999999805e+00 6.773432472000000260e-02
2.157500000000000195e+00 6.755577385000000046e-02
2.160000000000000142e+00 6.751801882999999838e-02
2.162500000000000089e+00 6.741360085000000502e-02
2.165000000000000036e+00 6.742678653000000466e-02
2.167499999999999982e+00 6.711576904999999593e-02
2.169999999999999929e+00 6.722369249000000047e-02
2.172499999999999876e+00 6.707952476999999580e-02
2.174999999999999822e+00 6.703363831000000439e-02
2.177500000000000213e+00 6.696056892000000482e-02
2.180000000000000160e+00 6.700352012999999385e-02
2.182500000000000107e+00 6.685127980999999719e-02
2.185000000000000053e+00 6.668227395999999640e-02
2.187500000000000000e+00 6.671831391999999417e-02
2.189999999999999947e+00 6.658240529999999435e-02
2.192499999999999893e+00 6.661254660000000272e-02
2.194999999999999840e+00 6.662312539999999672e-02
2.197499999999999787e+00 6.629983740000000569e-02
2.200000000000000178e+00 6.635013855000000682e-02
2.202500000000000124e+00 6.630321365999999883e-02
2.205000000000000071e+00 6.601207326999999903e-02
2.207500000000000018e+00 6.593672184000000380e-02
2.209999999999999964e+00 6.591915230000000570e-02
2.212499999999999911e+00 6.587383770999999388e-02
2.214999999999999858e+00 6.579281488999999539e-02
2.217499999999999805e+00 6.560526054000000162e-02
2.220000000000000195e+00 6.568294074000000093e-02
2.222500000000000142e+00 6.558054471999999469e-02
2.225000000000000089e+00 6.542847089000000671e-02
2.227500000000000036e+00 6.543028720999999326e-02
2.229999999999999982e+00 6.550347276000000052e-02
2.232499999999999929e+00 6.518802188000000220e-02
2.234999999999999876e+00 6.533805047000000588e-02
2.237499999999999822e+00 6.512041130000000011e-02
2.240000000000000213e+00 6.506957340999999784e-02
2.242500000000000160e+00 6.492514144000000043e-02
2.245000000000000107e+00 6.482283073000000284e-02
2.247500000000000053e+00 6.494061986999999370e-02
2.250000000000000000e+00 6.473285812000000028e-02
2.252499999999999947e+00 6.472506459000000600e-02
2.254999999999999893e+00 6.476750778999999791e-02
2.257499999999999840e+00 6.453770866999999911e-02
2.259999999999999787e+00 6.454467597000000667e-02
2.262500000000000178e+00 6.434635482999999379e-02
2.265000000000000124e+00 6.437732066000000086e-02
2.267500000000000071e+00 6.434697610999999540e-02
2.270000000000000018e+00 6.420281544000000507e-02
2.272499999999999964e+00 6.421625679999999614e-02
2.274999999999999911e+00 6.424889140999999471e-02
2.277499999999999858e+00 6.393038702000000684e-02
2.279999999999999805e+00 6.387033974000000391e-02
2.282500000000000195e+00 6.370572301000000659e-02
2.285000000000000142e+00 6.364622504000000403e-02
2.287500000000000089e+00 6.372583615000000645e-02
2.290000000000000036e+00 6.382508421999999459e-02
2.292499999999999982e+00 6.362598260000000561e-02
2.294999999999999929e+00 6.345598870999999419e-02
2.297499999999999876e+00 6.342050735000000217e-02
2.299999999999999822e+00 6.330449975000000673e-02
2.302500000000000213e+00 6.332997054000000237e-02
2.305000000000000160e+00 6.326583768000000607e-02
2.307500000000000107e+00 6.302448295000000200e-02
2.310000000000000053e+00 6.283686575999999913e-02
2.312500000000000000e+00 6.298924217000000103e-02
2.314999999999999947e+00 6.278370183999999743e-02
2.317499999999999893e+00 6.279812636999999864e-02
2.319999999999999840e+00 6.259915095000000151e-02
2.322499999999999787e+00 6.269792858000000635e-02
2.325000000000000178e+00 6.258876045000000277e-02
2.327500000000000124e+00 6.253117458000000128e-02
2.330000000000000071e+00 6.222293638000000321e-02
2.332500000000000018e+00 6.248427345000000244e-02
2.334999999999999964e+00 6.232064654999999731e-02
2.337499999999999911e+00 6.228454991000000052e-02
2.339999999999999858e+00 6.215631256999999688e-02
2.342499999999999805e+00 6.212039022000000188e-02
2.345000000000000195e+00 6.190267018000000093e-02
2.347500000000000142e+00 6.201428104000000080e-02
2.350000000000000089e+00 6.203620010000000101e-02
2.352500000000000036e+00 6.175047158000000064e-02
2.354999999999999982e+00 6.185168067999999991e-02
2.357499999999999929e+00 6.154959553000000083e-02
2.359999999999999876e+00 6.154191984000000060e-02
2.362499999999999822e+00 6.164413164000000223e-02
2.365000000000000213e+00 6.133624346000000199e-02
2.367500000000000160e+00 6.132836040999999766e-02
2.370000000000000107e+00 6.138354517999999871e-02
2.372500000000000053e+00 6.137191529000000229e-02
2.375000000000000000e+00 6.130439185000000069e-02
2.377499999999999947e+00 6.107679224999999767e-02
2.379999999999999893e+00 6.115237392000000272e-02
2.382499999999999840e+00 6.098898917000000058e-02
2.384999999999999787e+00 6.095205614000000216e-02
2.387500000000000178e+00 6.068000130000000131e-02
2.390000000000000124e+00 6.074204250999999666e-02
2.392500000000000071e+00 6.070513402000000253e-02
2.395000000000000018e+00 6.062223804999999910e-02
2.397499999999999964e+00 6.058822826000000161e-02
2.399999999999999911e+00 6.036449505000000132e-02
2.402499999999999858e+00 6.031689934000000058e-02
2.404999999999999805e+00 6.039768319000000246e-02
2.407500000000000195e+00 6.041841537999999984e-02
2.410000000000000142e+00 6.025750263000000106e-02
2.412500000000000089e+00 6.010134112999999945e-02
2.415000000000000036e+00 6.014673514999999832e-02
2.417499999999999982e+00 6.006413064999999857e-02
2.419999999999999929e+00 6.001760681999999958e-02
2.422499999999999876e+00 5.986010905999999965e-02
2.424999999999999822e+00 5.973179426999999930e-02
2.427500000000000213e+00 5.977185128999999708e-02
2.430000000000000160e+00 5.968815162999999840e-02
2.432500000000000107e+00 5.957655922999999937e-02
2.435000000000000053e+00 5.963189412000000078e-02
2.437500000000000000e+00 5.926999522000000326e-02
2.439999999999999947e+00 5.939645363999999927e-02
2.442499999999999893e+00 5.947730367000000212e-02
2.444999999999999840e+00 5.927223059000000238e-02
2.447499999999999787e+00 5.923135211999999705e-02
2.450000000000000178e+00 5.920516991000000090e-02
2.452500000000000124e+00 5.888757614000000168e-02
2.455000000000000071e+00 5.896995069000000173e-02
2.457500000000000018e+00 5.876036543000000278e-02
2.459999999999999964e+00 5.879794739000000076e-02
2.462499999999999911e+00 5.865042160000000226e-02
2.464999999999999858e+00 5.859264004999999859e-02
2.467499999999999805e+00 5.865892319999999743e-02
2.470000000000000195e+00 5.854622093999999749e-02
2.472500000000000142e+00 5.836945986000000031e-02
2.475000000000000089e+00 5.842025923000000037e-02
2.477500000000000036e+00 5.832089015999999959e-02
2.479999999999999982e+00 5.823829427999999836e-02
2.482499999999999929e+00 5.811904534000000150e-02
2.484999999999999876e+00 5.817507946000000096e-02
2.487499999999999822e+00 5.778976277999999661e-02
2.490000000000000213e+00 5.796108863999999833e-02
2.492500000000000160e+00 5.780954154000000206e-02
2.495000000000000107e+00 5.777208915999999805e-02
2.497500000000000053e+00 5.782375844999999848e-02
2.500000000000000000e+00 5.764637101000000263e-02
2.502499999999999947e+00 5.769295172000000332e-02
2.504999999999999893e+00 5.760775457999999655e-02
2.507499999999999840e+00 5.748651644999999699e-02
2.509999999999999787e+00 5.739342523999999696e-02
2.512500000000000178e+00 5.724845796999999958e-02
2.515000000000000124e+00 5.740234721999999679e-02
2.517500000000000071e+00 5.720448905000000139e-02
2.520000000000000018e+00 5.733464368999999922e-02
2.522499999999999964e+00 5.713173945999999725e-02
2.524999999999999911e+00 5.695502108000000119e-02
2.527499999999999858e+00 5.691271482000000159e-02
2.529999999999999805e+00 5.678930562000000098e-02
2.532500000000000195e+00 5.686745566999999724e-02
2.535000000000000142e+00 5.677608264000000293e-02
2.537500000000000089e+00 5.672083911999999811e-02
2.540000000000000036e+00 5.656022932000000225e-02
2.542499999999999982e+00 5.663915111000000085e-02
2.544999999999999929e+00 5.651095804999999722e-02
2.547499999999999876e+00 5.626766768000000113e-02
2.549999999999999822e+00 5.642012307000000143e-02
2.552500000000000213e+00 5.631341211000000235e-02
2.555000000000000160e+00 5.613512879000000233e-02
2.557500000000000107e+00 5.603416393999999939e-02
2.560000000000000053e+00 5.615965599000000141e-02
2.562500000000000000e+00 5.604149405000000139e-02
2.564999999999999947e+00 5.577827615000000017e-02
2.567499999999999893e+00 5.584303873000000251e-02
2.569999999999999840e+00 5.580496442999999945e-02
2.572499999999999787e+00 5.573338538000000009e-02
2.575000000000000178e+00 5.562565255000000153e-02
2.577500000000000124e+00 5.557574434999999757e-02
2.580000000000000071e+00 5.551251073999999980e-02
2.582500000000000018e+00 5.530323537000000206e-02
2.584999999999999964e+00 5.527078380000000069e-02
2.587499999999999911e+00 5.536882988999999866e-02
2.589999999999999858e+00 5.531308092000000037e-02
2.592499999999999805e+00 5.503079975999999873e-02
2.595000000000000195e+00 5.513431444999999931e-02
2.597500000000000142e+00 5.507213393999999679e-02
2.600000000000000089e+00 5.485638000000000319e-02
2.602500000000000036e+00 5.497406707000000031e-02
2.604999999999999982e+00 5.478659047000000032e-02
2.607499999999999929e+00 5.466749870999999816e-02
2.609999999999999876e+00 5.464331734999999801e-02
2.612499999999999822e+00 5.456130858000000222e-02
2.615000000000000213e+00 5.464089881999999870e-02
2.617500000000000160e+00 5.441051669000000063e-02
2.620000000000000107e+00 5.446003452999999966e-02
2.622500000000000053e+00 5.442286049000000236e-02
2.625000000000000000e+00 5.412425433999999702e-02
2.627499999999999947e+00 5.424219493000000114e-02
2.629999999999999893e+00 5.404436200999999940e-02
2.632499999999999840e+00 5.409364305000000095e-02
2.634999999999999787e+00 5.405462768000000168e-02
2.637500000000000178e+00 5.403170055999999971e-02
2.640000000000000124e+00 5.392820965000000299e-02
2.642500000000000071e+00 5.386343325000000209e-02
2.645000000000000018e+00 5.372902278999999726e-02
2.647499999999999964e+00 5.360919365999999853e-02
2.649999999999999911e+00 5.370861428999999798e-02
2.652499999999999858e+00 5.353644317000000319e-02
2.654999999999999805e+00 5.347031280999999664e-02
2.657500000000000195e+00 5.339599542000000171e-02
2.660000000000000142e+00 5.330693302000000244e-02
2.662500000000000089e+00 5.315636398999999679e-02
2.665000000000000036e+00 5.317264404000000139e-02
2.667499999999999982e+00 5.322996204000000203e-02
2.669999999999999929e+00 5.307180772999999657e-02
2.672499999999999876e+00 5.293729994000000161e-02
2.674999999999999822e+00 5.299110367999999849e-02
2.677500000000000213e+00 5.269670533000000295e-02
2.680000000000000160e+00 5.277735918999999776e-02
2.682500000000000107e+00 5.267252213000000322e-02
2.685000000000000053e+00 5.284451686999999676e-02
2.687500000000000000e+00 5.269099384999999941e-02
2.689999999999999947e+00 5.254835230999999746e-02
2.692499999999999893e+00 5.244705077000000326e-02
2.694999999999999840e+00 5.248734400999999911e-02
2.697499999999999787e+00 5.244434016999999920e-02
2.700000000000000178e+00 5.225888428000000085e-02
2.702500000000000124e+00 5.222706274000000343e-02
2.705000000000000071e+00 5.212779114999999824e-02
2.707500000000000018e+00 5.202992899000000171e-02
2.709999999999999964e+00 5.192179025000000225e-02
2.712499999999999911e+00 5.203139418999999655e-02
2.714999999999999858e+00 5.188330954999999939e-02
2.717499999999999805e+00 5.196595046000000023e-02
2.720000000000000195e+00 5.169912265999999923e-02
2.722500000000000142e+00 5.160692979999999958e-02
2.725000000000000089e+00 5.158472530000000195e-02
2.727500000000000036e+00 5.152519248000000246e-02
2.729999999999999982e+00 5.148268049000000179e-02
2.732499999999999929e+00 5.152260216000000004e-02
2.734999999999999876e+00 5.147721101000000271e-02
2.737499999999999822e+00 5.129355706000000154e-02
2.740000000000000213e+00 5.140351875000000181e-02
2.742500000000000160e+00 5.115360230999999730e-02
2.745000000000000107e+00 5.119180693000000004e-02
2.747500000000000053e+00 5.117798695999999786e-02
2.750000000000000000e+00 5.106740257000000338e-02
2.752499999999999947e+00 5.097439198999999949e-02
2.754999999999999893e+00 5.074205847999999769e-02
2.757499999999999840e+00 5.081635554999999749e-02
2.759999999999999787e+00 5.067671468999999929e-02
2.762500000000000178e+00 5.061892507000000097e-02
2.765000000000000124e+00 5.066643567000000264e-02
2.767500000000000071e+00 5.046667987000000299e-02
2.770000000000000018e+00 5.044951833999999913e-02
2.772499999999999964e+00 5.043659865999999825e-02
2.774999999999999911e+00 5.038537938999999855e-02
2.777499999999999858e+00 5.025240949999999762e-02
2.779999999999999805e+00 5.027335045999999780e-02
2.782500000000000195e+00 5.001221486000000105e-02
2.785000000000000142e+00 5.002516322000000182e-02
2.787500000000000089e+00 4.994704189000000183e-02
2.790000000000000036e+00 4.984416023999999751e-02
2.792499999999999982e+00 4.991802546000000118e-02
2.794999999999999929e+00 4.967106270999999823e-02
2.797499999999999876e+00 4.966759385999999776e-02
2.799999999999999822e+00 4.968677123000000279e-02
2.802500000000000213e+00 4.959920578000000246e-02
2.805000000000000160e+00 4.954868603999999788e-02
2.807500000000000107e+00 4.950351204000000283e-02
2.810000000000000053e+00 4.940065241000000246e-02
2.812500000000000000e+00 4.922888858999999867e-02
2.814999999999999947e+00 4.935454048000000038e-02
2.817499999999999893e+00 4.916342549000000256e-02
2.819999999999999840e+00 4.909751395999999851e-02
2.822499999999999787e+00 4.906033802999999749e-02
2.825000000000000178e+00 4.905059927000000181e-02
2.827500000000000124e+00 4.894796355000000099e-02
2.830000000000000071e+00 4.876525732999999890e-02
2.832500000000000018e+00 4.902223801999999742e-02
2.834999999999999964e+00 4.872719589999999906e-02
2.837499999999999911e+00 4.883810161999999760e-02
2.839999999999999858e+00 4.852891631000000316e-02
2.842499999999999805e+00 4.846723411000000009e-02
2.845000000000000195e+00 4.864253793000000020e-02
2.847500000000000142e+00 4.839887551000000149e-02
2.850000000000000089e+00 4.832130937999999654e-02
2.852500000000000036e+00 4.828489728000000258e-02
2.854999999999999982e+00 4.821007623000000269e-02
2.857499999999999929e+00 4.824100349000000343e-02
2.859999999999999876e+00 4.809822491000000089e-02
2.862499999999999822e+00 4.807030811000000126e-02
2.865000000000000213e+00 4.792764605000000150e-02
2.867500000000000160e+00 4.801427051999999918e-02
2.870000000000000107e+00 4.793864963999999729e-02
2.872500000000000053e+00 4.790676757000000147e-02
2.875000000000000000e+00 4.764443983999999688e-02
2.877499999999999947e+00 4.772338372999999911e-02
2.879999999999999893e+00 4.763663986000000322e-02
2.882499999999999840e+00 4.766198529000000017e-02
2.884999999999999787e+00 4.744292282999999777e-02
2.887500000000000178e+00 4.744616212000000305e-02
2.890000000000000124e+00 4.723296022000000177e-02
2.892500000000000071e+00 4.730227509999999913e-02
2.895000000000000018e+00 4.716071347999999802e-02
2.897499999999999964e+00 4.722304135000000153e-02
2.899999999999999911e+00 4.715550283000000120e-02
2.902499999999999858e+00 4.701793383999999798e-02
2.904999999999999805e+00 4.698931564000000116e-02
2.907500000000000195e+00 4.699951438000000287e-02
2.910000000000000142e+00 4.676441213000000208e-02
2.912500000000000089e+00 4.670470251000000128e-02
2.915000000000000036e+00 4.671822384999999717e-02
2.917499999999999982e+00 4.659368229000000056e-02
2.919999999999999929e+00 4.657658664000000059e-02
2.922499999999999876e+00 4.654981156000000120e-02
2.924999999999999822e+00 4.645422604999999844e-02
2.927500000000000213e+00 4.631731574999999740e-02
2.930000000000000160e+00 4.644701746999999742e-02
2.932500000000000107e+00 4.640650315000000026e-02
2.935000000000000053e+00 4.616783784000000335e-02
2.937500000000000000e+00 4.608991979999999683e-02
2.939999999999999947e+00 4.608005056000000210e-02
2.942499999999999893e+00 4.606651508000000200e-02
2.944999999999999840e+00 4.590187454999999916e-02
2.947499999999999787e+00 4.595706248999999882e-02
2.950000000000000178e+00 4.576774091000000017e-02
2.952500000000000124e+00 4.572745456999999930e-02
2.955000000000000071e+00 4.573912934999999763e-02
2.957500000000000018e+00 4.557718280999999844e-02
2.959999999999999964e+00 4.563686662000000088e-02
2.962499999999999911e+00 4.558196551000000263e-02
2.964999999999999858e+00 4.558115492999999935e-02
2.967499999999999805e+00 4.545140454999999774e-02
2.970000000000000195e+00 4.533901841000000099e-02
2.972500000000000142e+00 4.538973195999999877e-02
2.975000000000000089e+00 4.523849824000000103e-02
2.977500000000000036e+00 4.504422128999999858e-02
2.979999999999999982e+00 4.496472941000000112e-02
2.982499999999999929e+00 4.503989045000000163e-02
2.984999999999999876e+00 4.491907753999999781e-02
2.987499999999999822e+00 4.486520917999999719e-02
2.990000000000000213e+00 4.483552597999999889e-02
2.992500000000000160e+00 4.484512739000000303e-02
2.995000000000000107e+00 4.466077169999999735e-02
2.997500000000000053e+00 4.471039998999999654e-02
3.000000000000000000e+00 4.454591162000000326e-02
3.002499999999999947e+00 4.458290415999999895e-02
3.004999999999999893e+00 4.447673410999999910e-02
3.007499999999999840e+00 4.439804693999999802e-02
3.009999999999999787e+00 4.452150358999999724e-02
3.012500000000000178e+00 4.420886689999999758e-02
3.015000000000000124e+00 4.426485488000000273e-02
3.017500000000000071e+00 4.423402862999999824e-02
3.020000000000000018e+00 4.402284585999999972e-02
3.022499999999999964e+00 4.403283847000000195e-02
3.024999999999999911e+00 4.391881687000000201e-02
3.027499999999999858e+00 4.398002121999999847e-02
3.029999999999999805e+00 4.375787568000000238e-02
3.032500000000000195e+00 4.373812954999999753e-02
3.035000000000000142e+00 4.365706325999999665e-02
3.037500000000000089e+00 4.373192154999999692e-02
3.040000000000000036e+00 4.351678419999999853e-02
3.042499999999999982e+00 4.363917066999999789e-02
3.044999999999999929e+00 4.349591575000000265e-02
3.047499999999999876e+00 4.335670149999999723e-02
3.049999999999999822e+00 4.333676179999999822e-02
3.052500000000000213e+00 4.316197321000000281e-02
3.055000000000000160e+00 4.316263881000000080e-02
3.057500000000000107e+00 4.316628003999999769e-02
3.060000000000000053e+00 4.316604646000000295e-02
3.062500000000000000e+00 4.306482479999999835e-02
3.064999999999999947e+00 4.308789585000000200e-02
3.067499999999999893e+00 4.292813498999999838e-02
3.069999999999999840e+00 4.311555474999999998e-02
3.072499999999999787e+00 4.285789621000000299e-02
3.075000000000000178e+00 4.276853575999999685e-02
3.077500000000000124e+00 4.270391920000000258e-02
3.080000000000000071e+00 4.264683259000000282e-02
3.082500000000000018e+00 4.249135713999999814e-02
3.084999999999999964e+00 4.265288064000000157e-02
3.087499999999999911e+00 4.240397441000000323e-02
3.089999999999999858e+00 4.237359506999999886e-02
3.092499999999999805e+00 4.239645520000000223e-02
3.095000000000000195e+00 4.236665978000000304e-02
3.097500000000000142e+00 4.204193749000000035e-02
3.100000000000000089e+00 4.209148447999999654e-02
3.102500000000000036e+00 4.216573801000000205e-02
3.104999999999999982e+00 4.209584462999999693e-02
3.107499999999999929e+00 4.180642186999999899e-02
3.109999999999999876e+00 4.195775689999999697e-02
3.112499999999999822e+00 4.181338898999999859e-02
3.115000000000000213e+00 4.166804933999999905e-02
3.117500000000000160e+00 4.174232762999999929e-02
3.120000000000000107e+00 4.160617736000000316e-02
3.122500000000000053e+00 4.163077772999999870e-02
3.125000000000000000e+00 4.152609033000000116e-02
3.127499999999999947e+00 4.136018064000000077e-02
3.129999999999999893e+00 4.138602389999999909e-02
3.132499999999999840e+00 4.133982776999999692e-02
3.134999999999999787e+00 4.136813044999999855e-02
3.137500000000000178e+00 4.124660775999999807e-02
3.140000000000000124e+00 4.110953431000000102e-02
3.142500000000000071e+00 4.114704436999999659e-02
3.145000000000000018e+00 4.110987966000000104e-02
3.147499999999999964e+00 4.100500152000000065e-02
3.149999999999999911e+00 4.097623209000000183e-02
3.152499999999999858e+00 4.080651693000000163e-02
3.154999999999999805e+00 4.068039377999999734e-02
3.157500000000000195e+00 4.067200112000000228e-02
3.160000000000000142e+00 4.064828053999999802e-02
3.162500000000000089e+00 4.068396318999999844e-02
3.165000000000000036e+00 4.041513173999999875e-02
3.167499999999999982e+00 4.058463538999999842e-02
3.169999999999999929e+00 4.034522469000000056e-02
3.172499999999999876e+00 4.025223851999999714e-02
3.174999999999999822e+00 4.027663231999999843e-02
3.177500000000000213e+00 4.019740723999999654e-02
3.180000000000000160e+00 4.019516674000000317e-02
3.182500000000000107e+00 4.009382803000000051e-02
3.185000000000000053e+00 4.012549488000000109e-02
3.187500000000000000e+00 4.008475984999999853e-02
3.189999999999999947e+00 3.991406556000000327e-02
3.192499999999999893e+00 3.980206089999999836e-02
3.194999999999999840e+00 4.000906793000000294e-02
3.197499999999999787e+00 3.968147269999999782e-02
3.200000000000000178e+00 3.964143635999999721e-02
3.202500000000000124e+00 3.974511858000000231e-02
3.205000000000000071e+00 3.956449858999999680e-02
3.207500000000000018e+00 3.961270514999999659e-02
3.209999999999999964e+00 3.930368664000000178e-02
3.212499999999999911e+00 3.935379801000000316e-02
3.214999999999999858e+00 3.931596083999999713e-02
3.217499999999999805e+00 3.918973498000000166e-02
3.220000000000000195e+00 3.915740178999999738e-02
3.222500000000000142e+00 3.922597701000000298e-02
3.225000000000000089e+00 3.911390339999999688e-02
3.227500000000000036e+00 3.910508190999999883e-02
3.229999999999999982e+00 3.896993214999999733e-02
3.232499999999999929e+00 3.900089362999999837e-02
3.234999999999999876e+00 3.881252003999999950e-02
3.237499999999999822e+00 3.879892828999999960e-02
3.240000000000000213e+00 3.871954858999999971e-02
3.242500000000000160e+00 3.876178830000000242e-02
3.245000000000000107e+00 3.862396622000000002e-02
3.247500000000000053e+00 3.849264172999999900e-02
3.250000000000000000e+00 3.856357051999999980e-02
3.252499999999999947e+00 3.837747418999999660e-02
3.254999999999999893e+00 3.844578146000000168e-02
3.257499999999999840e+00 3.845764394000000114e-02
3.259999999999999787e+00 3.818142129000000329e-02
3.262500000000000178e+00 3.823076964000000216e-02
3.265000000000000124e+00 3.815121081000000247e-02
3.267500000000000071e+00 3.808886286000000287e-02
3.270000000000000018e+00 3.801354272000000145e-02
3.272499999999999964e+00 3.802711782999999846e-02
3.274999999999999911e+00 3.783959088000000276e-02
3.277499999999999858e+00 3.766089952999999990e-02
3.279999999999999805e+00 3.776116466999999977e-02
3.282500000000000195e+00 3.777298443000000339e-02
3.285000000000000142e+00 3.786064984000000327e-02
3.287500000000000089e+00 3.746205791999999979e-02
3.290000000000000036e+00 3.755698553999999717e-02
3.292499999999999982e+00 3.740962385999999779e-02
3.294999999999999929e+00 3.749259855999999974e-02
3.297499999999999876e+00 3.737933230999999912e-02
3.299999999999999822e+00 3.722079893000000000e-02
3.302500000000000213e+00 3.729581205000000177e-02
3.305000000000000160e+00 3.704573909000000165e-02
3.307500000000000107e+00 3.702609217999999758e-02
3.310000000000000053e+00 3.701664570000000321e-02
3.312500000000000000e+00 3.699679376000000047e-02
3.314999999999999947e+00 3.694951519999999795e-02
3.317499999999999893e+00 3.677708949999999866e-02
3.319999999999999840e+00 3.697394158000000264e-02
3.322499999999999787e+00 3.685046570000000132e-02
3.325000000000000178e+00 3.673381776000000237e-02
3.327500000000000124e+00 3.671374116000000049e-02
3.330000000000000071e+00 3.646881099000000293e-02
3.332500000000000018e+00 3.651686633000000154e-02
3.334999999999999964e+00 3.646558747999999878e-02
3.337499999999999911e+00 3.636404605000000123e-02
3.339999999999999858e+00 3.633164565000000096e-02
3.342499999999999805e+00 3.631139877999999682e-02
3.345000000000000195e+00 3.613896868000000123e-02
3.347500000000000142e+00 3.613178655000000294e-02
3.350000000000000089e+00 3.610035248000000030e-02
3.352500000000000036e+00 3.614522234999999889e-02
3.354999999999999982e+00 3.604106368999999976e-02
3.357499999999999929e+00 3.592296080000000058e-02
3.359999999999999876e+00 3.583222451999999725e-02
3.362499999999999822e+00 3.578845844999999776e-02
3.365000000000000213e+00 3.573149261999999937e-02
3.367500000000000160e+00 3.569386615000000318e-02
3.370000000000000107e+00 3.556841388999999742e-02
3.372500000000000053e+00 3.547328855000000253e-02
3.375000000000000000e+00 3.560421781999999896e-02
3.377499999999999947e+00 3.533326504999999979e-02
3.379999999999999893e+00 3.536807317000000006e-02
3.382499999999999840e+00 3.556360993999999748e-02
3.384999999999999787e+00 3.534985418000000101e-02
3.387500000000000178e+00 3.532855270000000159e-02
3.390000000000000124e+00 3.521304799999999680e-02
3.392500000000000071e+00 3.497816883000000321e-02
3.395000000000000018e+00 3.502584460000000149e-02
3.397499999999999964e+00 3.496454806000000304e-02
3.399999999999999911e+00 3.476825475999999887e-02
3.402499999999999858e+00 3.496920895999999779e-02
3.404999999999999805e+00 3.491295610999999716e-02
3.407500000000000195e+00 3.476409074000000321e-02
3.410000000000000142e+00 3.476194861999999663e-02
3.412500000000000089e+00 3.469159960999999848e-02
3.415000000000000036e+00 3.463390581999999801e-02
3.417499999999999982e+00 3.459567739000000280e-02
3.419999999999999929e+00 3.442509738999999930e-02
3.422499999999999876e+00 3.433655079999999721e-02
3.424999999999999822e+00 3.434972247999999728e-02
3.427500000000000213e+00 3.441587388999999692e-02
3.430000000000000160e+00 3.426549428999999675e-02
3.432500000000000107e+00 3.417122424999999991e-02
3.435000000000000053e+00 3.416526218000000281e-02
3.437500000000000000e+00 3.410604929000000257e-02
3.439999999999999947e+00 3.393092396999999871e-02
3.442499999999999893e+00 3.389444960000000118e-02
3.444999999999999840e+00 3.395004501999999980e-02
3.447499999999999787e+00 3.388291705000000265e-02
3.450000000000000178e+00 3.376566928000000051e-02
3.452500000000000124e+00 3.364908541000000142e-02
3.455000000000000071e+00 3.365542506000000073e-02
3.457500000000000018e+00 3.361158715999999769e-02
3.459999999999999964e+00 3.354030372999999843e-02
3.462499999999999911e+00 3.342060797000000194e-02
3.464999999999999858e+00 3.340137633000000300e-02
3.467499999999999805e+00 3.335239302000000267e-02
3.470000000000000195e+00 3.347687469999999915e-02
3.472500000000000142e+00 3.325560251999999661e-02
3.475000000000000089e+00 3.329596918999999655e-02
3.477500000000000036e+00 3.316230614000000021e-02
3.479999999999999982e+00 3.305212572999999959e-02
3.482499999999999929e+00 3.301172757999999707e-02
3.484999999999999876e+00 3.300214918000000247e-02
3.487499999999999822e+00 3.291970244999999767e-02
3.490000000000000213e+00 3.287026473000000115e-02
3.492500000000000160e+00 3.277864736999999695e-02
3.495000000000000107e+00 3.277741441999999783e-02
3.497500000000000053e+00 3.267270391999999718e-02
3.500000000000000000e+00 3.256597859000000261e-02
3.502499999999999947e+00 3.251154233999999782e-02
3.504999999999999893e+00 3.242075758000000085e-02
3.507499999999999840e+00 3.245738873000000163e-02
3.509999999999999787e+00 3.232658647000000163e-02
3.512500000000000178e+00 3.234055841999999847e-02
3.515000000000000124e+00 3.224071116999999848e-02
3.517500000000000071e+00 3.233815882999999808e-02
3.520000000000000018e+00 3.226103409000000144e-02
3.522499999999999964e+00 3.210573975000000080e-02
3.524999999999999911e+00 3.206661077999999748e-02
3.527499999999999858e+00 3.206154274999999804e-02
3.529999999999999805e+00 3.178518886000000071e-02
3.532500000000000195e+00 3.183956400000000075e-02
3.535000000000000142e+00 3.189534951999999784e-02
3.537500000000000089e+00 3.179105153999999683e-02
3.540000000000000036e+00 3.156474358999999952e-02
3.542499999999999982e+00 3.176918667999999862e-02
3.544999999999999929e+00 3.153072705999999947e-02
3.547499999999999876e+00 3.149879149999999794e-02
3.549999999999999822e+00 3.137302086999999712e-02
3.552500000000000213e+00 3.132867419000000264e-02
3.555000000000000160e+00 3.140666702000000088e-02
3.557500000000000107e+00 3.131805278000000109e-02
3.560000000000000053e+00 3.122625511000000006e-02
3.562500000000000000e+00 3.120693037000000017e-02
3.564999999999999947e+00 3.111247663000000011e-02
3.567499999999999893e+00 3.106508313000000063e-02
3.569999999999999840e+00 3.104889229000000125e-02
3.572499999999999787e+00 3.083287235999999931e-02
3.575000000000000178e+00 3.089781965000000172e-02
3.577500000000000124e+00 3.083140011000000055e-02
3.580000000000000071e+00 3.073817649999999874e-02
3.582500000000000018e+00 3.070603930999999884e-02
3.584999999999999964e+00 3.069727342000000067e-02
3.587499999999999911e+00 3.051429753000000147e-02
3.589999999999999858e+00 3.058542864999999958e-02
3.592499999999999805e+00 3.062365996000000062e-02
3.595000000000000195e+00 3.037530215999999922e-02
3.597500000000000142e+00 3.038398462999999938e-02
3.600000000000000089e+00 3.036673525999999956e-02
3.602500000000000036e+00 3.030779280000000034e-02
3.604999999999999982e+00 3.027747868000000078e-02
3.607499999999999929e+00 3.013838467000000063e-02
3.609999999999999876e+00 2.995363112999999827e-02
3.612499999999999822e+00 3.003166474999999919e-02
3.615000000000000213e+00 2.989455167999999913e-02
3.617500000000000160e+00 2.993397013999999842e-02
3.620000000000000107e+00 2.984088509000000153e-02
3.622500000000000053e+00 2.981895812999999992e-02
3.625000000000000000e+00 2.978026542000000026e-02
3.627499999999999947e+00 2.977197428999999937e-02
3.629999999999999893e+00 2.973443652000000090e-02
3.632499999999999840e+00 2.951042037999999923e-02
3.634999999999999787e+00 2.952727095000000010e-02
3.637500000000000178e+00 2.945022569000000159e-02
3.640000000000000124e+00 2.937224873999999888e-02
3.642500000000000071e+00 2.937909204999999968e-02
3.645000000000000018e+00 2.927928651999999951e-02
3.647499999999999964e+00 2.912061767999999870e-02
3.649999999999999911e+00 2.910258010000000076e-02
3.652499999999999858e+00 2.915313179999999907e-02
3.654999999999999805e+00 2.908227008000000002e-02
3.657500000000000195e+00 2.908070818999999863e-02
3.660000000000000142e+00 2.902584085999999897e-02
3.662500000000000089e+00 2.887677066999999945e-02
3.665000000000000036e+00 2.883804077000000007e-02
3.667499999999999982e+00 2.888179964000000058e-02
3.669999999999999929e+00 2.881923649000000046e-02
3.672499999999999876e+00 2.863174451000000120e-02
3.674999999999999822e+00 2.856423950000000142e-02
3.677500000000000213e+00 2.852793076000000039e-02
3.680000000000000160e+00 2.851249938000000039e-02
3.682500000000000107e+00 2.853756028999999972e-02
3.685000000000000053e+00 2.838147741000000140e-02
3.687500000000000000e+00 2.834183305999999833e-02
3.689999999999999947e+00 2.832450212000000092e-02
3.692499999999999893e+00 2.826940667000000032e-02
3.694999999999999840e+00 2.816926609999999970e-02
3.697499999999999787e+00 2.798784396999999882e-02
3.700000000000000178e+00 2.801177739999999999e-02
3.702500000000000124e+00 2.792267141999999966e-02
3.705000000000000071e+00 2.798115969000000008e-02
3.707500000000000018e+00 2.786447783000000136e-02
3.709999999999999964e+00 2.787919925000000021e-02
3.712499999999999911e+00 2.767067546999999947e-02
3.714999999999999858e+00 2.769542984000000069e-02
3.717499999999999805e+00 2.756427900000000056e-02
3.720000000000000195e+00 2.759669969000000042e-02
3.722500000000000142e+00 2.751987934000000094e-02
3.725000000000000089e+00 2.755533866000000123e-02
3.727500000000000036e+00 2.749233539000000073e-02
3.729999999999999982e+00 2.741639226999999929e-02
3.732499999999999929e+00 2.731612192999999938e-02
3.734999999999999876e+00 2.737981746000000063e-02
3.737499999999999822e+00 2.735455331000000156e-02
3.740000000000000213e+00 2.717731849000000130e-02
3.742500000000000160e+00 2.715848267000000107e-02
3.745000000000000107e+00 2.708954799000000066e-02
3.747500000000000053e+00 2.708260158000000070e-02
3.750000000000000000e+00 2.708460618999999903e-02
3.752499999999999947e+00 2.688760100000000056e-02
3.754999999999999893e+00 2.685717602000000162e-02
3.757499999999999840e+00 2.662571668000000141e-02
3.759999999999999787e+00 2.652984520999999984e-02
3.762500000000000178e+00 2.649381983000000107e-02
3.765000000000000124e+00 2.657084315999999960e-02
3.767500000000000071e+00 2.662529179999999912e-02
3.770000000000000018e+00 2.658257136999999867e-02
3.772499999999999964e+00 2.648329217999999957e-02
3.774999999999999911e+00 2.637499374999999896e-02
3.777499999999999858e+00 2.633988804999999947e-02
3.779999999999999805e+00 2.634372765999999991e-02
3.782500000000000195e+00 2.621991347999999902e-02
3.785000000000000142e+00 2.599998614000000041e-02
3.787500000000000089e+00 2.603152875000000130e-02
3.790000000000000036e+00 2.588682252999999905e-02
3.792499999999999982e+00 2.585691889000000035e-02
3.794999999999999929e+00 2.586392850999999840e-02
3.797499999999999876e+00 2.590115341999999973e-02
3.799999999999999822e+00 2.576653947999999958e-02
3.802500000000000213e+00 2.588584232999999873e-02
3.805000000000000160e+00 2.571637340999999993e-02
3.807500000000000107e+00 2.546120203000000123e-02
3.810000000000000053e+00 2.546763330000000047e-02
3.812500000000000000e+00 2.553566130000000170e-02
3.814999999999999947e+00 2.550330741999999942e-02
3.817499999999999893e+00 2.539073915999999834e-02
3.819999999999999840e+00 2.518505433999999876e-02
3.822499999999999787e+00 2.522858679000000021e-02
3.825000000000000178e+00 2.526697073999999849e-02
3.827500000000000124e+00 2.521429860000000064e-02
3.830000000000000071e+00 2.519293544000000135e-02
3.832500000000000018e+00 2.498708050000000153e-02
3.834999999999999964e+00 2.498111932999999910e-02
3.837499999999999911e+00 2.499947581999999863e-02
3.839999999999999858e+00 2.477212047999999972e-02
3.842499999999999805e+00 2.499007412000000053e-02
3.845000000000000195e+00 2.484040357999999990e-02
3.847500000000000142e+00 2.465225992999999990e-02
3.850000000000000089e+00 2.463007468999999991e-02
3.852500000000000036e+00 2.453874261000000070e-02
3.854999999999999982e+00 2.449564452999999919e-02
3.857499999999999929e+00 2.442384629999999959e-02
3.859999999999999876e+00 2.434257189999999849e-02
3.862499999999999822e+00 2.445721500000000090e-02
3.865000000000000213e+00 2.449771300000000082e-02
3.867500000000000160e+00 2.443606692999999996e-02
3.870000000000000107e+00 2.436444508000000161e-02
3.872500000000000053e+00 2.419173889000000160e-02
3.875000000000000000e+00 2.421014507999999857e-02
3.877499999999999947e+00 2.411940720000000163e-02
3.879999999999999893e+00 2.415677259000000021e-02
3.882499999999999840e+00 2.396278774999999889e-02
3.884999999999999787e+00 2.383777063000000127e-02
3.887500000000000178e+00 2.383123431000000111e-02
3.890000000000000124e+00 2.385890586999999882e-02
3.892500000000000071e+00 2.372806023000000042e-02
3.895000000000000018e+00 2.374544178999999852e-02
3.897499999999999964e+00 2.367683171999999947e-02
3.899999999999999911e+00 2.347606630000000083e-02
3.902499999999999858e+00 2.346587206000000023e-02
3.904999999999999805e+00 2.352961816000000150e-02
3.907500000000000195e+00 2.330148943999999986e-02
3.910000000000000142e+00 2.335672583000000108e-02
3.912500000000000089e+00 2.324853052000000128e-02
3.915000000000000036e+00 2.323880366000000142e-02
3.917499999999999982e+00 2.327087984000000137e-02
3.919999999999999929e+00 2.310703680000000121e-02
3.922499999999999876e+00 2.308831709999999843e-02
3.924999999999999822e+00 2.299191743000000149e-02
3.927500000000000213e+00 2.299043284999999909e-02
3.930000000000000160e+00 2.286942595999999842e-02
3.932500000000000107e+00 2.289972311999999982e-02
3.935000000000000053e+00 2.272675085999999872e-02
3.937500000000000000e+00 2.282398993000000001e-02
3.939999999999999947e+00 2.271646094999999962e-02
3.942499999999999893e+00 2.262270946000000116e-02
3.944999999999999840e+00 2.256625711999999881e-02
3.947499999999999787e+00 2.251928331999999977e-02
3.950000000000000178e+00 2.238491076000000135e-02
3.952500000000000124e+00 2.239509584000000039e-02
3.955000000000000071e+00 2.229755878000000066e-02
3.957500000000000018e+00 2.227387281000000122e-02
3.959999999999999964e+00 2.217889340000000001e-02
3.962499999999999911e+00 2.214855753000000149e-02
3.964999999999999858e+00 2.211721129999999827e-02
3.967499999999999805e+00 2.205432967000000091e-02
3.970000000000000195e+00 2.209212812999999942e-02
3.972500000000000142e+00 2.196321920999999913e-02
3.975000000000000089e+00 2.194436662999999996e-02
3.977500000000000036e+00 2.187827574999999872e-02
3.979999999999999982e+00 2.190135871999999984e-02
3.982499999999999929e+00 2.186624914999999933e-02
3.984999999999999876e+00 2.170993077000000007e-02
3.987499999999999822e+00 2.164747755999999954e-02
3.990000000000000213e+00 2.163588564000000145e-02
3.992500000000000160e+00 2.148973796000000144e-02
3.995000000000000107e+00 2.143421494999999885e-02
3.997500000000000053e+00 2.142055739000000084e-02
4.000000000000000000e+00 2.134668307000000056e-02
4.002500000000000391e+00 2.134489603999999846e-02
4.004999999999999893e+00 2.119120568999999926e-02
4.007500000000000284e+00 2.110576421999999994e-02
4.009999999999999787e+00 2.114632576000000097e-02
4.012500000000000178e+00 2.121194072999999999e-02
4.014999999999999680e+00 2.113084018999999980e-02
4.017500000000000071e+00 2.095308455000000070e-02
4.019999999999999574e+00 2.102206082000000059e-02
4.022499999999999964e+00 2.094595791000000012e-02
4.025000000000000355e+00 2.085807015000000139e-02
4.027499999999999858e+00 2.079964938000000013e-02
4.030000000000000249e+00 2.069390415999999844e-02
4.032499999999999751e+00 2.066024908999999909e-02
4.035000000000000142e+00 2.060916552000000013e-02
4.037499999999999645e+00 2.054388907000000153e-02
4.040000000000000036e+00 2.046408749000000124e-02
4.042500000000000426e+00 2.051765151999999925e-02
4.044999999999999929e+00 2.040109089000000098e-02
4.047500000000000320e+00 2.032744561000000144e-02
4.049999999999999822e+00 2.033754206999999897e-02
4.052500000000000213e+00 2.026183234000000083e-02
4.054999999999999716e+00 2.022271059999999898e-02
4.057500000000000107e+00 2.015855945999999940e-02
4.059999999999999609e+00 2.001738990000000162e-02
4.062500000000000000e+00 1.993455003999999864e-02
4.065000000000000391e+00 1.987722475999999933e-02
4.067499999999999893e+00 1.991714174999999892e-02
4.070000000000000284e+00 1.986032567999999887e-02
4.072499999999999787e+00 1.982000911999999906e-02
4.075000000000000178e+00 1.978472884999999890e-02
4.077499999999999680e+00 1.963698825000000092e-02
4.080000000000000071e+00 1.975090440000000155e-02
4.082499999999999574e+00 1.956855164999999827e-02
4.084999999999999964e+00 1.954206698000000159e-02
4.087500000000000355e+00 1.954270635000000117e-02
4.089999999999999858e+00 1.926397981000000162e-02
4.092500000000000249e+00 1.948122166999999988e-02
4.094999999999999751e+00 1.921719984000000089e-02
4.097500000000000142e+00 1.916149582999999990e-02
4.099999999999999645e+00 1.921240840999999949e-02
4.102500000000000036e+00 1.914358401999999987e-02
4.105000000000000426e+00 1.914725626999999944e-02
4.107499999999999929e+00 1.896598483000000099e-02
4.110000000000000320e+00 1.899653680000000164e-02
4.112499999999999822e+00 1.892075629000000009e-02
4.115000000000000213e+00 1.886452639000000056e-02
4.117499999999999716e+00 1.882590099999999905e-02
4.120000000000000107e+00 1.864961949999999896e-02
4.122499999999999609e+00 1.861458185999999987e-02
4.125000000000000000e+00 1.856301749000000001e-02
4.127500000000000391e+00 1.879558507999999975e-02
4.129999999999999893e+00 1.852647198000000051e-02
4.132500000000000284e+00 1.835422160999999885e-02
4.134999999999999787e+00 1.832705272000000052e-02
4.137500000000000178e+00 1.836167152000000094e-02
4.139999999999999680e+00 1.821281254000000141e-02
4.142500000000000071e+00 1.821062973000000043e-02
4.144999999999999574e+00 1.830547662000000034e-02
4.147499999999999964e+00 1.815571435000000108e-02
4.150000000000000355e+00 1.808065300999999944e-02
4.152499999999999858e+00 1.794894055000000044e-02
4.155000000000000249e+00 1.800727952999999978e-02
4.157499999999999751e+00 1.792224259999999902e-02
4.160000000000000142e+00 1.792999900999999938e-02
4.162499999999999645e+00 1.784570587999999985e-02
4.165000000000000036e+00 1.769610146999999953e-02
4.167500000000000426e+00 1.778190396000000131e-02
4.169999999999999929e+00 1.771237150000000080e-02
4.172500000000000320e+00 1.779821675000000172e-02
4.174999999999999822e+00 1.769747024999999974e-02
4.177500000000000213e+00 1.743833426000000048e-02
4.179999999999999716e+00 1.737348491000000050e-02
4.182500000000000107e+00 1.741216762999999931e-02
4.184999999999999609e+00 1.722906189999999851e-02
4.187500000000000000e+00 1.745090230000000131e-02
4.190000000000000391e+00 1.732049973000000104e-02
4.192499999999999893e+00 1.727019379999999993e-02
4.195000000000000284e+00 1.706758779999999892e-02
4.197499999999999787e+00 1.714260634000000158e-02
4.200000000000000178e+00 1.699330915000000011e-02
4.202499999999999680e+00 1.701930206999999889e-02
4.205000000000000071e+00 1.692724199000000124e-02
4.207499999999999574e+00 1.693914413000000008e-02
4.209999999999999964e+00 1.686973208999999890e-02
4.212500000000000355e+00 1.673924758999999901e-02
4.214999999999999858e+00 1.657342490000000140e-02
4.217500000000000249e+00 1.669030679000000142e-02
4.219999999999999751e+00 1.646553912000000078e-02
4.222500000000000142e+00 1.657375784999999893e-02
4.224999999999999645e+00 1.646122665000000068e-02
4.227500000000000036e+00 1.640796258000000105e-02
4.230000000000000426e+00 1.632416064000000167e-02
4.232499999999999929e+00 1.637011425000000145e-02
4.235000000000000320e+00 1.618096818000000145e-02
4.237499999999999822e+00 1.620622614999999919e-02
4.240000000000000213e+00 1.598296260999999829e-02
4.242499999999999716e+00 1.602595536000000001e-02
4.245000000000000107e+00 1.611435464999999914e-02
4.247499999999999609e+00 1.592966666000000114e-02
4.250000000000000000e+00 1.601207749999999930e-02
4.252500000000000391e+00 1.590928492999999985e-02
4.254999999999999893e+00 1.573234575999999871e-02
4.257500000000000284e+00 1.585578115000000135e-02
4.259999999999999787e+00 1.563218119000000031e-02
4.262500000000000178e+00 1.562560584000000086e-02
4.264999999999999680e+00 1.569877101999999844e-02
4.267500000000000071e+00 1.553739869999999981e-02
4.269999999999999574e+00 1.544845696999999976e-02
4.272499999999999964e+00 1.559854169000000033e-02
4.275000000000000355e+00 1.547881301999999917e-02
4.277499999999999858e+00 1.541468816000000040e-02
4.280000000000000249e+00 1.525304698999999965e-02
4.282499999999999751e+00 1.527142230999999940e-02
4.285000000000000142e+00 1.509920881000000048e-02
4.287499999999999645e+00 1.510875144000000010e-02
4.290000000000000036e+00 1.491766863000000033e-02
4.292500000000000426e+00 1.503362370000000010e-02
4.294999999999999929e+00 1.490175405000000036e-02
4.297500000000000320e+00 1.493190167999999991e-02
4.299999999999999822e+00 1.475655319999999958e-02
4.302500000000000213e+00 1.487688550999999998e-02
4.304999999999999716e+00 1.483343510999999941e-02
4.307500000000000107e+00 1.465898594999999992e-02
4.309999999999999609e+00 1.459752723000000071e-02
4.312500000000000000e+00 1.463340898000000008e-02
4.315000000000000391e+00 1.454262268000000059e-02
4.317499999999999893e+00 1.454128491000000051e-02
4.320000000000000284e+00 1.445226146000000086e-02
4.322499999999999787e+00 1.441731987999999957e-02
4.325000000000000178e+00 1.432464867999999961e-02
4.327499999999999680e+00 1.428087050000000080e-02
4.330000000000000071e+00 1.439638128999999947e-02
4.332499999999999574e+00 1.411455573999999963e-02
4.334999999999999964e+00 1.402439978999999934e-02
4.337500000000000355e+00 1.401905888999999995e-02
4.339999999999999858e+00 1.403303636000000076e-02
4.342500000000000249e+00 1.394501585999999987e-02
4.344999999999999751e+00 1.396359687000000085e-02
4.347500000000000142e+00 1.381154968999999920e-02
4.349999999999999645e+00 1.382688039999999986e-02
4.352500000000000036e+00 1.383142694000000054e-02
4.355000000000000426e+00 1.371673820999999918e-02
4.357499999999999929e+00 1.350054388000000022e-02
4.360000000000000320e+00 1.343802017000000036e-02
4.362499999999999822e+00 1.348159829000000060e-02
4.365000000000000213e+00 1.337365048000000063e-02
4.367499999999999716e+00 1.332397230999999953e-02
4.370000000000000107e+00 1.325678978000000008e-02
4.372499999999999609e+00 1.325926124000000039e-02
4.375000000000000000e+00 1.320573080000000087e-02
4.377500000000000391e+00 1.321754332999999955e-02
4.379999999999999893e+00 1.306345754999999921e-02
4.382500000000000284e+00 1.308001355999999921e-02
4.384999999999999787e+00 1.305152491999999990e-02
4.387500000000000178e+00 1.299518860000000060e-02
4.389999999999999680e+00 1.292802499999999924e-02
4.392500000000000071e+00 1.293084157000000053e-02
4.394999999999999574e+00 1.292079858999999921e-02
4.397499999999999964e+00 1.271016162999999942e-02
4.400000000000000355e+00 1.272503879000000046e-02
4.402499999999999858e+00 1.269157196000000008e-02
4.405000000000000249e+00 1.264571463999999978e-02
4.407499999999999751e+00 1.257128465999999938e-02
4.410000000000000142e+00 1.246297491999999972e-02
4.412499999999999645e+00 1.241336692000000012e-02
4.415000000000000036e+00 1.238082905000000011e-02
4.417500000000000426e+00 1.237255196000000036e-02
4.419999999999999929e+00 1.231104061999999978e-02
4.422500000000000320e+00 1.232267865999999920e-02
4.424999999999999822e+00 1.229928530000000061e-02
4.427500000000000213e+00 1.209316474000000051e-02
4.429999999999999716e+00 1.207778072999999945e-02
4.432500000000000107e+00 1.198127528000000018e-02
4.434999999999999609e+00 1.186322989999999931e-02
4.437500000000000000e+00 1.183519824000000067e-02
4.440000000000000391e+00 1.191265256999999959e-02
4.442499999999999893e+00 1.178915485999999964e-02
4.445000000000000284e+00 1.175717362000000023e-02
4.447499999999999787e+00 1.167541926999999917e-02
4.450000000000000178e+00 1.157411338000000067e-02
4.452499999999999680e+00 1.160574953000000076e-02
4.455000000000000071e+00 1.158308780999999996e-02
4.457499999999999574e+00 1.142056701999999944e-02
4.459999999999999964e+00 1.136665698000000058e-02
4.462500000000000355e+00 1.136311786000000074e-02
4.464999999999999858e+00 1.129657788999999940e-02
4.467500000000000249e+00 1.135717703000000030e-02
4.469999999999999751e+00 1.125153941999999969e-02
4.472500000000000142e+00 1.119187534000000081e-02
4.474999999999999645e+00 1.115366274999999956e-02
4.477500000000000036e+00 1.101168387999999949e-02
4.480000000000000426e+00 1.096779529999999947e-02
4.482499999999999929e+00 1.102710774000000005e-02
4.485000000000000320e+00 1.088767988000000075e-02
4.487499999999999822e+00 1.071507636999999985e-02
4.490000000000000213e+00 1.080093105000000039e-02
4.492499999999999716e+00 1.083004115999999968e-02
4.495000000000000107e+00 1.071031191000000084e-02
4.497499999999999609e+00 1.077262904999999951e-02
4.500000000000000000e+00 1.062502094999999945e-02
4.502500000000000391e+00 1.057573640999999974e-02
4.504999999999999893e+00 1.048435609999999983e-02
4.507500000000000284e+00 1.049287953000000058e-02
4.509999999999999787e+00 1.039882926000000075e-02
4.512500000000000178e+00 1.041962524000000084e-02
4.514999999999999680e+00 1.021488119000000042e-02
4.517500000000000071e+00 1.031456749000000082e-02
4.519999999999999574e+00 1.017186307000000033e-02
4.522499999999999964e+00 1.000900006000000030e-02
4.525000000000000355e+00 1.009950649000000006e-02
4.527499999999999858e+00 1.006112250999999930e-02
4.530000000000000249e+00 1.003560686000000077e-02
4.532499999999999751e+00 9.857917770000000288e-03
4.535000000000000142e+00 9.824232286000000175e-03
4.537499999999999645e+00 9.790793673000000238e-03
4.540000000000000036e+00 9.806182817000000732e-03
4.542500000000000426e+00 9.660263655999999644e-03
4.544999999999999929e+00 9.596460674999999704e-03
4.547500000000000320e+00 9.663786497000000780e-03
4.549999999999999822e+00 9.484565290000000065e-03
4.552500000000000213e+00 9.420375006999999468e-03
4.554999999999999716e+00 9.456215109999999147e-03
4.557500000000000107e+00 9.369013453999999741e-03
4.559999999999999609e+00 9.316369705000000778e-03
4.562500000000000000e+00 9.216967221000000807e-03
4.565000000000000391e+00 9.150447238999999400e-03
4.567499999999999893e+00 9.059075720000000359e-03
4.570000000000000284e+00 8.982855418999999286e-03
4.572499999999999787e+00 8.927095520000000867e-03
4.575000000000000178e+00 9.016618368000000813e-03
4.577499999999999680e+00 8.787718454999999401e-03
4.580000000000000071e+00 8.800764729000000106e-03
4.582499999999999574e+00 8.922504224000000345e-03
4.584999999999999964e+00 8.734186639000000169e-03
4.587500000000000355e+00 8.714644019000000047e-03
4.589999999999999858e+00 8.738822687000000547e-03
4.592500000000000249e+00 8.597671337000000261e-03
4.594999999999999751e+00 8.565948880000000265e-03
4.597500000000000142e+00 8.615763652999999800e-03
4.599999999999999645e+00 8.407211163000000154e-03
4.602500000000000036e+00 8.442964378000000075e-03
4.605000000000000426e+00 8.428522823000000538e-03
4.607499999999999929e+00 8.226109797999999959e-03
4.610000000000000320e+00 8.191269154999999969e-03
4.612499999999999822e+00 8.186801368999999454e-03
4.615000000000000213e+00 8.037045668000000406e-03
4.617499999999999716e+00 8.136923234000000699e-03
4.620000000000000107e+00 7.998517107999999695e-03
4.622499999999999609e+00 8.014242591000000221e-03
4.625000000000000000e+00 7.893048251000000029e-03
4.627500000000000391e+00 7.862981430999999369e-03
4.629999999999999893e+00 7.745543227000000093e-03
4.632500000000000284e+00 7.692907930000000317e-03
4.634999999999999787e+00 7.788552498999999976e-03
4.637500000000000178e+00 7.650235529000000076e-03
4.639999999999999680e+00 7.550891245000000002e-03
4.642500000000000071e+00 7.602249624000000268e-03
4.644999999999999574e+00 7.508526728999999865e-03
4.647499999999999964e+00 7.490502835000000144e-03
4.650000000000000355e+00 7.393925200999999607e-03
4.652499999999999858e+00 7.367852977000000254e-03
4.655000000000000249e+00 7.341585262000000119e-03
4.657499999999999751e+00 7.346254037000000264e-03
4.660000000000000142e+00 7.249628563999999629e-03
4.662499999999999645e+00 7.154417679999999606e-03
4.665000000000000036e+00 7.046891436000000432e-03
4.667500000000000426e+00 7.108140962999999826e-03
4.669999999999999929e+00 7.005177183999999717e-03
4.672500000000000320e+00 6.845754277999999658e-03
4.674999999999999822e+00 6.830252311000000257e-03
4.677500000000000213e+00 6.737863543999999746e-03
4.679999999999999716e+00 6.799037269999999751e-03
4.682500000000000107e+00 6.720271501000000050e-03
4.684999999999999609e+00 6.517264091000000113e-03
4.687500000000000000e+00 6.650951746000000053e-03
4.690000000000000391e+00 6.573516768000000135e-03
4.692499999999999893e+00 6.464668118000000199e-03
4.695000000000000284e+00 6.464595541000000070e-03
4.697499999999999787e+00 6.273831568999999574e-03
4.700000000000000178e+00 6.412647189000000164e-03
4.702499999999999680e+00 6.359053530000000412e-03
4.705000000000000071e+00 6.191427583000000054e-03
4.707499999999999574e+00 6.165847476999999736e-03
4.709999999999999964e+00 6.097076937999999606e-03
4.712500000000000355e+00 6.082961347999999921e-03
4.714999999999999858e+00 6.038380529999999927e-03
4.717500000000000249e+00 6.006079079000000223e-03
4.719999999999999751e+00 5.926460302000000242e-03
4.722500000000000142e+00 5.889307824999999615e-03
4.724999999999999645e+00 5.751894328999999570e-03
4.727500000000000036e+00 5.685119722999999910e-03
4.730000000000000426e+00 5.635121715000000059e-03
4.732499999999999929e+00 5.706710757000000266e-03
4.735000000000000320e+00 5.610934153000000403e-03
4.737499999999999822e+00 5.507987037999999627e-03
4.740000000000000213e+00 5.392343655000000381e-03
4.742499999999999716e+00 5.523920732000000416e-03
4.745000000000000107e+00 5.474273602999999745e-03
4.747499999999999609e+00 5.319572913999999660e-03
4.750000000000000000e+00 5.194626431999999940e-03
4.752500000000000391e+00 5.319656968999999895e-03
4.754999999999999893e+00 5.183157881999999814e-03
4.757500000000000284e+00 5.012895976000000288e-03
4.759999999999999787e+00 4.976829175999999619e-03
4.762500000000000178e+00 5.067416152000000194e-03
4.764999999999999680e+00 4.930078273000000275e-03
4.767500000000000071e+00 4.882551667000000102e-03
4.769999999999999574e+00 4.847062953999999729e-03
4.772499999999999964e+00 4.833781375000000338e-03
4.775000000000000355e+00 4.664000187000000297e-03
4.777499999999999858e+00 4.546934651999999868e-03
4.780000000000000249e+00 4.691605839000000285e-03
4.782499999999999751e+00 4.610069986000000022e-03
4.785000000000000142e+00 4.520951242999999946e-03
4.787499999999999645e+00 4.530236473999999826e-03
4.790000000000000036e+00 4.604130730999999796e-03
4.792500000000000426e+00 4.279381896000000393e-03
4.794999999999999929e+00 4.339209255999999966e-03
4.797500000000000320e+00 4.326016079000000354e-03
4.799999999999999822e+00 4.181877750000000116e-03
4.802500000000000213e+00 4.214748931000000115e-03
4.804999999999999716e+00 4.113279897999999948e-03
4.807500000000000107e+00 4.082736350999999903e-03
4.809999999999999609e+00 3.955807137000000306e-03
4.812500000000000000e+00 3.930369837000000088e-03
4.815000000000000391e+00 3.894626329999999973e-03
4.817499999999999893e+00 3.852303060999999820e-03
4.820000000000000284e+00 3.747191666999999914e-03
4.822499999999999787e+00 3.711181478999999849e-03
4.825000000000000178e+00 3.748166173000000000e-03
4.827499999999999680e+00 3.620719193000000204e-03
4.830000000000000071e+00 3.630447930999999937e-03
4.832499999999999574e+00 3.542007690000000073e-03
4.834999999999999964e+00 3.567021718999999810e-03
4.837500000000000355e+00 3.417505622000000052e-03
4.839999999999999858e+00 3.274267172000000156e-03
4.842500000000000249e+00 3.312133123000000033e-03
4.844999999999999751e+00 3.351922480000000051e-03
4.847500000000000142e+00 3.142662626000000160e-03
4.849999999999999645e+00 3.062824032999999883e-03
4.852500000000000036e+00 3.054493191999999805e-03
4.855000000000000426e+00 3.069851325000000179e-03
4.857499999999999929e+00 2.949679575000000060e-03
4.860000000000000320e+00 2.961581095000000077e-03
4.862499999999999822e+00 2.779712634999999786e-03
4.865000000000000213e+00 2.849009791999999874e-03
4.867499999999999716e+00 2.817180202999999914e-03
4.870000000000000107e+00 2.700601869999999950e-03
4.872499999999999609e+00 2.734768676000000169e-03
4.875000000000000000e+00 2.614297608999999970e-03
4.877500000000000391e+00 2.702593867000000101e-03
4.879999999999999893e+00 2.537909413000000169e-03
4.882500000000000284e+00 2.531783183999999822e-03
4.884999999999999787e+00 2.485811530000000148e-03
4.887500000000000178e+00 2.427802571000000059e-03
4.889999999999999680e+00 2.297840815999999987e-03
4.892500000000000071e+00 2.236904470999999915e-03
4.894999999999999574e+00 2.222839742999999958e-03
4.897499999999999964e+00 2.167211317000000085e-03
4.900000000000000355e+00 2.153890974999999892e-03
4.902499999999999858e+00 2.093611479999999813e-03
4.905000000000000249e+00 2.028958876999999942e-03
4.907499999999999751e+00 1.905021958000000090e-03
4.910000000000000142e+00 2.007029183000000154e-03
4.912499999999999645e+00 1.757719813000000039e-03
4.915000000000000036e+00 1.725431080000000041e-03
4.917500000000000426e+00 1.759249704000000062e-03
4.919999999999999929e+00 1.668155388999999905e-03
4.922500000000000320e+00 1.647035508999999953e-03
4.924999999999999822e+00 1.611805640000000053e-03
4.927500000000000213e+00 1.570390146999999913e-03
4.929999999999999716e+00 1.492807853999999915e-03
4.932500000000000107e+00 1.522919361000000041e-03
4.934999999999999609e+00 1.337505584999999948e-03
4.937500000000000000e+00 1.359063126999999907e-03
4.940000000000000391e+00 1.196155374999999981e-03
4.942499999999999893e+00 1.229746729999999996e-03
4.945000000000000284e+00 1.181981412000000006e-03
4.947499999999999787e+00 1.144179130000000074e-03
4.950000000000000178e+00 1.105372131999999988e-03
4.952499999999999680e+00 1.046858138999999998e-03
4.955000000000000071e+00 9.435041667999999847e-04
4.957499999999999574e+00 9.910789934999999877e-04
4.959999999999999964e+00 7.551730445999999507e-04
4.962500000000000355e+00 8.185913275000000159e-04
4.964999999999999858e+00 7.448938786999999674e-04
4.967500000000000249e+00 6.590277239000000200e-04
4.969999999999999751e+00 7.114605346000000326e-04
4.972500000000000142e+00 5.674339265999999620e-04
4.974999999999999645e+00 4.846044137999999863e-04
4.977500000000000036e+00 4.261927790999999973e-04
4.980000000000000426e+00 4.329207793999999927e-04
4.982499999999999929e+00 3.543104678000000046e-04
4.985000000000000320e+00 2.812826396999999973e-04
4.987499999999999822e+00 2.205634157999999902e-04
4.990000000000000213e+00 3.164624943999999910e-04
4.992499999999999716e+00 1.382550158000000042e-04
4.995000000000000107e+00 -3.134778056000000058e-06
4.997499999999999609e+00 1.467611714999999921e-04
5.000000000000000000e+00 0.000000000000000000e+00
5.002500000000000391e+00 -1.467611714999999921e-04
5.004999999999999893e+00 3.134778056000000058e-06
5.007500000000000284e+00 -1.382550158000000042e-04
5.009999999999999787e+00 -3.164624943999999910e-04
5.012500000000000178e+00 -2.205634157999999902e-04
5.014999999999999680e+00 -2.812826396999999973e-04
5.017500000000000071e+00 -3.543104678000000046e-04
5.019999999999999574e+00 -4.329207793999999927e-04
5.022499999999999964e+00 -4.261927790999999973e-04
5.025000000000000355e+00 -4.846044137999999863e-04
5.027499999999999858e+00 -5.674339265999999620e-04
5.030000000000000249e+00 -7.114605346000000326e-04
5.032499999999999751e+00 -6.590277239000000200e-04
5.035000000000000142e+00 -7.448938786999999674e-04
5.037499999999999645e+00 -8.185913275000000159e-04
5.040000000000000036e+00 -7.551730445999999507e-04
5.042500000000000426e+00 -9.910789934999999877e-04
5.044999999999999929e+00 -9.435041667999999847e-04
5.047500000000000320e+00 -1.046858138999999998e-03
5.049999999999999822e+00 -1.105372131999999988e-03
5.052500000000000213e+00 -1.144179130000000074e-03
5.054999999999999716e+00 -1.181981412000000006e-03
5.057500000000000107e+00 -1.229746729999999996e-03
5.059999999999999609e+00 -1.196155374999999981e-03
5.062500000000000000e+00 -1.359063126999999907e-03
5.065000000000000391e+00 -1.337505584999999948e-03
5.067499999999999893e+00 -1.522919361000000041e-03
5.070000000000000284e+00 -1.492807853999999915e-03
5.072499999999999787e+00 -1.570390146999999913e-03
5.075000000000000178e+00 -1.611805640000000053e-03
5.077499999999999680e+00 -1.647035508999999953e-03
5.080000000000000071e+00 -1.668155388999999905e-03
5.082499999999999574e+00 -1.759249704000000062e-03
5.084999999999999964e+00 -1.725431080000000041e-03
5.087500000000000355e+00 -1.757719813000000039e-03
5.089999999999999858e+00 -2.007029183000000154e-03
5.092500000000000249e+00 -1.905021958000000090e-03
5.094999999999999751e+00 -2.028958876999999942e-03
5.097500000000000142e+00 -2.093611479999999813e-03
5.099999999999999645e+00 -2.153890974999999892e-03
5.102500000000000036e+00 -2.167211317000000085e-03
5.105000000000000426e+00 -2.222839742999999958e-03
5.107499999999999929e+00 -2.236904470999999915e-03
5.110000000000000320e+00 -2.297840815999999987e-03
5.112499999999999822e+00 -2.427802571000000059e-03
5.115000000000000213e+00 -2.485811530000000148e-03
5.117499999999999716e+00 -2.531783183999999822e-03
5.120000000000000107e+00 -2.537909413000000169e-03
5.122499999999999609e+00 -2.702593867000000101e-03
5.125000000000000000e+00 -2.614297608999999970e-03
5.127500000000000391e+00 -2.734768676000000169e-03
5.129999999999999893e+00 -2.700601869999999950e-03
5.132500000000000284e+00 -2.817180202999999914e-03
5.134999999999999787e+00 -2.849009791999999874e-03
5.137500000000000178e+00 -2.779712634999999786e-03
5.139999999999999680e+00 -2.961581095000000077e-03
5.142500000000000071e+00 -2.949679575000000060e-03
5.144999999999999574e+00 -3.069851325000000179e-03
5.147499999999999964e+00 -3.054493191999999805e-03
5.150000000000000355e+00 -3.062824032999999883e-03
5.152499999999999858e+00 -3.142662626000000160e-03
5.155000000000000249e+00 -3.351922480000000051e-03
5.157499999999999751e+00 -3.312133123000000033e-03
5.160000000000000142e+00 -3.274267172000000156e-03
5.162499999999999645e+00 -3.417505622000000052e-03
5.165000000000000036e+00 -3.567021718999999810e-03
5.167500000000000426e+00 -3.542007690000000073e-03
5.169999999999999929e+00 -3.630447930999999937e-03
5.172500000000000320e+00 -3.620719193000000204e-03
5.174999999999999822e+00 -3.748166173000000000e-03
5.177500000000000213e+00 -3.711181478999999849e-03
5.179999999999999716e+00 -3.747191666999999914e-03
5.182500000000000107e+00 -3.852303060999999820e-03
5.184999999999999609e+00 -3.894626329999999973e-03
5.187500000000000000e+00 -3.930369837000000088e-03
5.190000000000000391e+00 -3.955807137000000306e-03
5.192499999999999893e+00 -4.082736350999999903e-03
5.195000000000000284e+00 -4.113279897999999948e-03
5.197499999999999787e+00 -4.214748931000000115e-03
5.200000000000000178e+00 -4.181877750000000116e-03
5.202499999999999680e+00 -4.326016079000000354e-03
5.205000000000000071e+00 -4.339209255999999966e-03
5.207499999999999574e+00 -4.279381896000000393e-03
5.209999999999999964e+00 -4.604130730999999796e-03
5.212500000000000355e+00 -4.530236473999999826e-03
5.214999999999999858e+00 -4.520951242999999946e-03
5.217500000000000249e+00 -4.610069986000000022e-03
5.219999999999999751e+00 -4.691605839000000285e-03
5.222500000000000142e+00 -4.546934651999999868e-03
5.224999999999999645e+00 -4.664000187000000297e-03
5.227500000000000036e+00 -4.833781375000000338e-03
5.230000000000000426e+00 -4.847062953999999729e-03
5.232499999999999929e+00 -4.882551667000000102e-03
5.235000000000000320e+00 -4.930078273000000275e-03
5.237499999999999822e+00 -5.067416152000000194e-03
5.240000000000000213e+00 -4.976829175999999619e-03
5.242499999999999716e+00 -5.012895976000000288e-03
5.245000000000000107e+00 -5.183157881999999814e-03
5.247499999999999609e+00 -5.319656968999999895e-03
5.250000000000000000e+00 -5.194626431999999940e-03
5.252500000000000391e+00 -5.319572913999999660e-03
5.254999999999999893e+00 -5.474273602999999745e-03
5.257500000000000284e+00 -5.523920732000000416e-03
5.259999999999999787e+00 -5.392343655000000381e-03
5.262500000000000178e+00 -5.507987037999999627e-03
5.264999999999999680e+00 -5.610934153000000403e-03
5.267500000000000071e+00 -5.706710757000000266e-03
5.269999999999999574e+00 -5.635121715000000059e-03
5.272499999999999964e+00 -5.685119722999999910e-03
5.275000000000000355e+00 -5.751894328999999570e-03
5.277499999999999858e+00 -5.889307824999999615e-03
5.280000000000000249e+00 -5.926460302000000242e-03
5.282499999999999751e+00 -6.006079079000000223e-03
5.285000000000000142e+00 -6.038380529999999927e-03
5.287499999999999645e+00 -6.082961347999999921e-03
5.290000000000000036e+00 -6.097076937999999606e-03
5.292500000000000426e+00 -6.165847476999999736e-03
5.294999999999999929e+00 -6.191427583000000054e-03
5.297500000000000320e+00 -6.359053530000000412e-03
5.299999999999999822e+00 -6.412647189000000164e-03
5.302500000000000213e+00 -6.273831568999999574e-03
5.304999999999999716e+00 -6.464595541000000070e-03
5.307500000000000107e+00 -6.464668118000000199e-03
5.309999999999999609e+00 -6.573516768000000135e-03
5.312500000000000000e+00 -6.650951746000000053e-03
5.315000000000000391e+00 -6.517264091000000113e-03
5.317499999999999893e+00 -6.720271501000000050e-03
5.320000000000000284e+00 -6.799037269999999751e-03
5.322499999999999787e+00 -6.737863543999999746e-03
5.325000000000000178e+00 -6.830252311000000257e-03
5.327499999999999680e+00 -6.845754277999999658e-03
5.330000000000000071e+00 -7.005177183999999717e-03
5.332499999999999574e+00 -7.108140962999999826e-03
5.334999999999999964e+00 -7.046891436000000432e-03
5.337500000000000355e+00 -7.154417679999999606e-03
5.339999999999999858e+00 -7.249628563999999629e-03
5.342500000000000249e+00 -7.346254037000000264e-03
5.344999999999999751e+00 -7.341585262000000119e-03
5.347500000000000142e+00 -7.367852977000000254e-03
5.349999999999999645e+00 -7.393925200999999607e-03
5.352500000000000036e+00 -7.490502835000000144e-03
5.355000000000000426e+00 -7.508526728999999865e-03
5.357499999999999929e+00 -7.602249624000000268e-03
5.360000000000000320e+00 -7.550891245000000002e-03
5.362499999999999822e+00 -7.650235529000000076e-03
5.365000000000000213e+00 -7.788552498999999976e-03
5.367499999999999716e+00 -7.692907930000000317e-03
5.370000000000000107e+00 -7.745543227000000093e-03
5.372499999999999609e+00 -7.862981430999999369e-03
5.375000000000000000e+00 -7.893048251000000029e-03
5.377500000000000391e+00 -8.014242591000000221e-03
5.379999999999999893e+00 -7.998517107999999695e-03
5.382500000000000284e+00 -8.136923234000000699e-03
5.384999999999999787e+00 -8.037045668000000406e-03
5.387500000000000178e+00 -8.186801368999999454e-03
5.389999999999999680e+00 -8.191269154999999969e-03
5.392500000000000071e+00 -8.226109797999999959e-03
5.394999999999999574e+00 -8.428522823000000538e-03
5.397499999999999964e+00 -8.442964378000000075e-03
5.400000000000000355e+00 -8.407211163000000154e-03
5.402499999999999858e+00 -8.615763652999999800e-03
5.405000000000000249e+00 -8.565948880000000265e-03
5.407499999999999751e+00 -8.597671337000000261e-03
5.410000000000000142e+00 -8.738822687000000547e-03
5.412499999999999645e+00 -8.714644019000000047e-03
5.415000000000000036e+00 -8.734186639000000169e-03
5.417500000000000426e+00 -8.922504224000000345e-03
5.419999999999999929e+00 -8.800764729000000106e-03
5.422500000000000320e+00 -8.787718454999999401e-03
5.424999999999999822e+00 -9.016618368000000813e-03
5.427500000000000213e+00 -8.927095520000000867e-03
5.429999999999999716e+00 -8.982855418999999286e-03
5.432500000000000107e+00 -9.059075720000000359e-03
5.434999999999999609e+00 -9.150447238999999400e-03
5.437500000000000000e+00 -9.216967221000000807e-03
5.440000000000000391e+00 -9.316369705000000778e-03
5.442499999999999893e+00 -9.369013453999999741e-03
5.445000000000000284e+00 -9.456215109999999147e-03
5.447499999999999787e+00 -9.420375006999999468e-03
5.450000000000000178e+00 -9.484565290000000065e-03
5.452499999999999680e+00 -9.663786497000000780e-03
5.455000000000000071e+00 -9.596460674999999704e-03
5.457499999999999574e+00 -9.660263655999999644e-03
5.459999999999999964e+00 -9.806182817000000732e-03
5.462500000000000355e+00 -9.790793673000000238e-03
5.464999999999999858e+00 -9.824232286000000175e-03
5.467500000000000249e+00 -9.857917770000000288e-03
5.469999999999999751e+00 -1.003560686000000077e-02
5.472500000000000142e+00 -1.006112250999999930e-02
5.474999999999999645e+00 -1.009950649000000006e-02
5.477500000000000036e+00 -1.000900006000000030e-02
5.480000000000000426e+00 -1.017186307000000033e-02
5.482499999999999929e+00 -1.031456749000000082e-02
5.485000000000000320e+00 -1.021488119000000042e-02
5.487499999999999822e+00 -1.041962524000000084e-02
5.490000000000000213e+00 -1.039882926000000075e-02
5.492499999999999716e+00 -1.049287953000000058e-02
5.495000000000000107e+00 -1.048435609999999983e-02
5.497499999999999609e+00 -1.057573640999999974e-02
5.500000000000000000e+00 -1.062502094999999945e-02
5.502500000000000391e+00 -1.077262904999999951e-02
5.504999999999999893e+00 -1.071031191000000084e-02
5.507500000000000284e+00 -1.083004115999999968e-02
5.509999999999999787e+00 -1.080093105000000039e-02
5.512500000000000178e+00 -1.071507636999999985e-02
5.514999999999999680e+00 -1.088767988000000075e-02
5.517500000000000071e+00 -1.102710774000000005e-02
5.519999999999999574e+00 -1.096779529999999947e-02
5.522499999999999964e+00 -1.101168387999999949e-02
5.525000000000000355e+00 -1.115366274999999956e-02
5.527499999999999858e+00 -1.119187534000000081e-02
5.530000000000000249e+00 -1.125153941999999969e-02
5.532499999999999751e+00 -1.135717703000000030e-02
5.535000000000000142e+00 -1.129657788999999940e-02
5.537499999999999645e+00 -1.136311786000000074e-02
5.540000000000000036e+00 -1.136665698000000058e-02
5.542500000000000426e+00 -1.142056701999999944e-02
5.544999999999999929e+00 -1.158308780999999996e-02
5.547500000000000320e+00 -1.160574953000000076e-02
5.549999999999999822e+00 -1.157411338000000067e-02
5.552500000000000213e+00 -1.167541926999999917e-02
5.554999999999999716e+00 -1.175717362000000023e-02
5.557500000000000107e+00 -1.178915485999999964e-02
5.559999999999999609e+00 -1.191265256999999959e-02
5.562500000000000000e+00 -1.183519824000000067e-02
5.565000000000000391e+00 -1.186322989999999931e-02
5.567499999999999893e+00 -1.198127528000000018e-02
5.570000000000000284e+00 -1.207778072999999945e-02
5.572499999999999787e+00 -1.209316474000000051e-02
5.575000000000000178e+00 -1.229928530000000061e-02
5.577499999999999680e+00 -1.232267865999999920e-02
5.580000000000000071e+00 -1.231104061999999978e-02
5.582499999999999574e+00 -1.237255196000000036e-02
5.584999999999999964e+00 -1.238082905000000011e-02
5.587500000000000355e+00 -1.241336692000000012e-02
5.589999999999999858e+00 -1.246297491999999972e-02
5.592500000000000249e+00 -1.257128465999999938e-02
5.594999999999999751e+00 -1.264571463999999978e-02
5.597500000000000142e+00 -1.269157196000000008e-02
5.599999999999999645e+00 -1.272503879000000046e-02
5.602500000000000036e+00 -1.271016162999999942e-02
5.605000000000000426e+00 -1.292079858999999921e-02
5.607499999999999929e+00 -1.293084157000000053e-02
5.610000000000000320e+00 -1.292802499999999924e-02
5.612499999999999822e+00 -1.299518860000000060e-02
5.615000000000000213e+00 -1.305152491999999990e-02
5.617499999999999716e+00 -1.308001355999999921e-02
5.620000000000000107e+00 -1.306345754999999921e-02
5.622499999999999609e+00 -1.321754332999999955e-02
5.625000000000000000e+00 -1.320573080000000087e-02
5.627500000000000391e+00 -1.325926124000000039e-02
5.629999999999999893e+00 -1.325678978000000008e-02
5.632500000000000284e+00 -1.332397230999999953e-02
5.634999999999999787e+00 -1.337365048000000063e-02
5.637500000000000178e+00 -1.348159829000000060e-02
5.639999999999999680e+00 -1.343802017000000036e-02
5.642500000000000071e+00 -1.350054388000000022e-02
5.644999999999999574e+00 -1.371673820999999918e-02
5.647499999999999964e+00 -1.383142694000000054e-02
5.650000000000000355e+00 -1.382688039999999986e-02
5.652499999999999858e+00 -1.381154968999999920e-02
5.655000000000000249e+00 -1.396359687000000085e-02
5.657499999999999751e+00 -1.394501585999999987e-02
5.660000000000000142e+00 -1.403303636000000076e-02
5.662499999999999645e+00 -1.401905888999999995e-02
5.665000000000000036e+00 -1.402439978999999934e-02
5.667500000000000426e+00 -1.411455573999999963e-02
5.669999999999999929e+00 -1.439638128999999947e-02
5.672500000000000320e+00 -1.428087050000000080e-02
5.674999999999999822e+00 -1.432464867999999961e-02
5.677500000000000213e+00 -1.441731987999999957e-02
5.679999999999999716e+00 -1.445226146000000086e-02
5.682500000000000107e+00 -1.454128491000000051e-02
5.684999999999999609e+00 -1.454262268000000059e-02
5.687500000000000000e+00 -1.463340898000000008e-02
5.690000000000000391e+00 -1.459752723000000071e-02
5.692499999999999893e+00 -1.465898594999999992e-02
5.695000000000000284e+00 -1.483343510999999941e-02
5.697499999999999787e+00 -1.487688550999999998e-02
5.700000000000000178e+00 -1.475655319999999958e-02
5.702499999999999680e+00 -1.493190167999999991e-02
5.705000000000000071e+00 -1.490175405000000036e-02
5.707499999999999574e+00 -1.503362370000000010e-02
5.709999999999999964e+00 -1.491766863000000033e-02
5.712500000000000355e+00 -1.510875144000000010e-02
5.714999999999999858e+00 -1.509920881000000048e-02
5.717500000000000249e+00 -1.527142230999999940e-02
5.719999999999999751e+00 -1.525304698999999965e-02
5.722500000000000142e+00 -1.541468816000000040e-02
5.724999999999999645e+00 -1.547881301999999917e-02
5.727500000000000036e+00 -1.559854169000000033e-02
5.730000000000000426e+00 -1.544845696999999976e-02
5.732499999999999929e+00 -1.553739869999999981e-02
5.735000000000000320e+00 -1.569877101999999844e-02
5.737499999999999822e+00 -1.562560584000000086e-02
5.740000000000000213e+00 -1.563218119000000031e-02
5.742499999999999716e+00 -1.585578115000000135e-02
5.745000000000000107e+00 -1.573234575999999871e-02
5.747499999999999609e+00 -1.590928492999999985e-02
5.750000000000000000e+00 -1.601207749999999930e-02
5.752500000000000391e+00 -1.592966666000000114e-02
5.754999999999999893e+00 -1.611435464999999914e-02
5.757500000000000284e+00 -1.602595536000000001e-02
5.759999999999999787e+00 -1.598296260999999829e-02
5.762500000000000178e+00 -1.620622614999999919e-02
5.764999999999999680e+00 -1.618096818000000145e-02
5.767500000000000071e+00 -1.637011425000000145e-02
5.769999999999999574e+00 -1.632416064000000167e-02
5.772499999999999964e+00 -1.640796258000000105e-02
5.775000000000000355e+00 -1.646122665000000068e-02
5.777499999999999858e+00 -1.657375784999999893e-02
5.780000000000000249e+00 -1.646553912000000078e-02
5.782499999999999751e+00 -1.669030679000000142e-02
5.785000000000000142e+00 -1.657342490000000140e-02
5.787499999999999645e+00 -1.673924758999999901e-02
5.790000000000000036e+00 -1.686973208999999890e-02
5.792500000000000426e+00 -1.693914413000000008e-02
5.794999999999999929e+00 -1.692724199000000124e-02
5.797500000000000320e+00 -1.701930206999999889e-02
5.799999999999999822e+00 -1.699330915000000011e-02
5.802500000000000213e+00 -1.714260634000000158e-02
5.804999999999999716e+00 -1.706758779999999892e-02
5.807500000000000107e+00 -1.727019379999999993e-02
5.809999999999999609e+00 -1.732049973000000104e-02
5.812500000000000000e+00 -1.745090230000000131e-02
5.815000000000000391e+00 -1.722906189999999851e-02
5.817499999999999893e+00 -1.741216762999999931e-02
5.820000000000000284e+00 -1.737348491000000050e-02
5.822499999999999787e+00 -1.743833426000000048e-02
5.825000000000000178e+00 -1.769747024999999974e-02
5.827499999999999680e+00 -1.779821675000000172e-02
5.830000000000000071e+00 -1.771237150000000080e-02
5.832499999999999574e+00 -1.778190396000000131e-02
5.834999999999999964e+00 -1.769610146999999953e-02
5.837500000000000355e+00 -1.784570587999999985e-02
5.839999999999999858e+00 -1.792999900999999938e-02
5.842500000000000249e+00 -1.792224259999999902e-02
5.844999999999999751e+00 -1.800727952999999978e-02
5.847500000000000142e+00 -1.794894055000000044e-02
5.849999999999999645e+00 -1.808065300999999944e-02
5.852500000000000036e+00 -1.815571435000000108e-02
5.855000000000000426e+00 -1.830547662000000034e-02
5.857499999999999929e+00 -1.821062973000000043e-02
5.860000000000000320e+00 -1.821281254000000141e-02
5.862499999999999822e+00 -1.836167152000000094e-02
5.865000000000000213e+00 -1.832705272000000052e-02
5.867499999999999716e+00 -1.835422160999999885e-02
5.870000000000000107e+00 -1.852647198000000051e-02
5.872499999999999609e+00 -1.879558507999999975e-02
5.875000000000000000e+00 -1.856301749000000001e-02
5.877500000000000391e+00 -1.861458185999999987e-02
5.879999999999999893e+00 -1.864961949999999896e-02
5.882500000000000284e+00 -1.882590099999999905e-02
5.884999999999999787e+00 -1.886452639000000056e-02
5.887500000000000178e+00 -1.892075629000000009e-02
5.889999999999999680e+00 -1.899653680000000164e-02
5.892500000000000071e+00 -1.896598483000000099e-02
5.894999999999999574e+00 -1.914725626999999944e-02
5.897499999999999964e+00 -1.914358401999999987e-02
5.900000000000000355e+00 -1.921240840999999949e-02
5.902499999999999858e+00 -1.916149582999999990e-02
5.905000000000000249e+00 -1.921719984000000089e-02
5.907499999999999751e+00 -1.948122166999999988e-02
5.910000000000000142e+00 -1.926397981000000162e-02
5.912499999999999645e+00 -1.954270635000000117e-02
5.915000000000000036e+00 -1.954206698000000159e-02
5.917500000000000426e+00 -1.956855164999999827e-02
5.919999999999999929e+00 -1.975090440000000155e-02
5.922500000000000320e+00 -1.963698825000000092e-02
5.924999999999999822e+00 -1.978472884999999890e-02
5.927500000000000213e+00 -1.982000911999999906e-02
5.929999999999999716e+00 -1.986032567999999887e-02
5.932500000000000107e+00 -1.991714174999999892e-02
5.934999999999999609e+00 -1.987722475999999933e-02
5.937500000000000000e+00 -1.993455003999999864e-02
5.940000000000000391e+00 -2.001738990000000162e-02
5.942499999999999893e+00 -2.015855945999999940e-02
5.945000000000000284e+00 -2.022271059999999898e-02
5.947499999999999787e+00 -2.026183234000000083e-02
5.950000000000000178e+00 -2.033754206999999897e-02
5.952499999999999680e+00 -2.032744561000000144e-02
5.955000000000000071e+00 -2.040109089000000098e-02
5.957499999999999574e+00 -2.051765151999999925e-02
5.959999999999999964e+00 -2.046408749000000124e-02
5.962500000000000355e+00 -2.054388907000000153e-02
5.964999999999999858e+00 -2.060916552000000013e-02
5.967500000000000249e+00 -2.066024908999999909e-02
5.969999999999999751e+00 -2.069390415999999844e-02
5.972500000000000142e+00 -2.079964938000000013e-02
5.974999999999999645e+00 -2.085807015000000139e-02
5.977500000000000036e+00 -2.094595791000000012e-02
5.980000000000000426e+00 -2.102206082000000059e-02
5.982499999999999929e+00 -2.095308455000000070e-02
5.985000000000000320e+00 -2.113084018999999980e-02
5.987499999999999822e+00 -2.121194072999999999e-02
5.990000000000000213e+00 -2.114632576000000097e-02
5.992499999999999716e+00 -2.110576421999999994e-02
5.995000000000000107e+00 -2.119120568999999926e-02
5.997499999999999609e+00 -2.134489603999999846e-02
6.000000000000000000e+00 -2.134668307000000056e-02
6.002500000000000391e+00 -2.142055739000000084e-02
6.004999999999999893e+00 -2.143421494999999885e-02
6.007500000000000284e+00 -2.148973796000000144e-02
6.009999999999999787e+00 -2.163588564000000145e-02
6.012500000000000178e+00 -2.164747755999999954e-02
6.014999999999999680e+00 -2.170993077000000007e-02
6.017500000000000071e+00 -2.186624914999999933e-02
6.019999999999999574e+00 -2.190135871999999984e-02
6.022499999999999964e+00 -2.187827574999999872e-02
6.025000000000000355e+00 -2.194436662999999996e-02
6.027499999999999858e+00 -2.196321920999999913e-02
6.030000000000000249e+00 -2.209212812999999942e-02
6.032499999999999751e+00 -2.205432967000000091e-02
6.035000000000000142e+00 -2.211721129999999827e-02
6.037499999999999645e+00 -2.214855753000000149e-02
6.040000000000000036e+00 -2.217889340000000001e-02
6.042500000000000426e+00 -2.227387281000000122e-02
6.044999999999999929e+00 -2.229755878000000066e-02
6.047500000000000320e+00 -2.239509584000000039e-02
6.049999999999999822e+00 -2.238491076000000135e-02
6.052500000000000213e+00 -2.251928331999999977e-02
6.054999999999999716e+00 -2.256625711999999881e-02
6.057500000000000107e+00 -2.262270946000000116e-02
6.059999999999999609e+00 -2.271646094999999962e-02
6.062500000000000000e+00 -2.282398993000000001e-02
6.065000000000000391e+00 -2.272675085999999872e-02
6.067499999999999893e+00 -2.289972311999999982e-02
6.070000000000000284e+00 -2.286942595999999842e-02
6.072499999999999787e+00 -2.299043284999999909e-02
6.075000000000000178e+00 -2.299191743000000149e-02
6.077499999999999680e+00 -2.308831709999999843e-02
6.080000000000000071e+00 -2.310703680000000121e-02
6.082499999999999574e+00 -2.327087984000000137e-02
6.084999999999999964e+00 -2.323880366000000142e-02
6.087500000000000355e+00 -2.324853052000000128e-02
6.089999999999999858e+00 -2.335672583000000108e-02
6.092500000000000249e+00 -2.330148943999999986e-02
6.094999999999999751e+00 -2.352961816000000150e-02
6.097500000000000142e+00 -2.346587206000000023e-02
6.099999999999999645e+00 -2.347606630000000083e-02
6.102500000000000036e+00 -2.367683171999999947e-02
6.105000000000000426e+00 -2.374544178999999852e-02
6.107499999999999929e+00 -2.372806023000000042e-02
6.110000000000000320e+00 -2.385890586999999882e-02
6.112499999999999822e+00 -2.383123431000000111e-02
6.115000000000000213e+00 -2.383777063000000127e-02
6.117499999999999716e+00 -2.396278774999999889e-02
6.120000000000000107e+00 -2.415677259000000021e-02
6.122499999999999609e+00 -2.411940720000000163e-02
6.125000000000000000e+00 -2.421014507999999857e-02
6.127500000000000391e+00 -2.419173889000000160e-02
6.129999999999999893e+00 -2.436444508000000161e-02
6.132500000000000284e+00 -2.443606692999999996e-02
6.134999999999999787e+00 -2.449771300000000082e-02
6.137500000000000178e+00 -2.445721500000000090e-02
6.139999999999999680e+00 -2.434257189999999849e-02
6.142500000000000071e+00 -2.442384629999999959e-02
6.144999999999999574e+00 -2.449564452999999919e-02
6.147499999999999964e+00 -2.453874261000000070e-02
6.150000000000000355e+00 -2.463007468999999991e-02
6.152499999999999858e+00 -2.465225992999999990e-02
6.155000000000000249e+00 -2.484040357999999990e-02
6.157499999999999751e+00 -2.499007412000000053e-02
6.160000000000000142e+00 -2.477212047999999972e-02
6.162499999999999645e+00 -2.499947581999999863e-02
6.165000000000000036e+00 -2.498111932999999910e-02
6.167500000000000426e+00 -2.498708050000000153e-02
6.169999999999999929e+00 -2.519293544000000135e-02
6.172500000000000320e+00 -2.521429860000000064e-02
6.174999999999999822e+00 -2.526697073999999849e-02
6.177500000000000213e+00 -2.522858679000000021e-02
6.179999999999999716e+00 -2.518505433999999876e-02
6.182500000000000107e+00 -2.539073915999999834e-02
6.184999999999999609e+00 -2.550330741999999942e-02
6.187500000000000000e+00 -2.553566130000000170e-02
6.190000000000000391e+00 -2.546763330000000047e-02
6.192499999999999893e+00 -2.546120203000000123e-02
6.195000000000000284e+00 -2.571637340999999993e-02
6.197499999999999787e+00 -2.588584232999999873e-02
6.200000000000000178e+00 -2.576653947999999958e-02
6.202499999999999680e+00 -2.590115341999999973e-02
6.205000000000000071e+00 -2.586392850999999840e-02
6.207499999999999574e+00 -2.585691889000000035e-02
6.209999999999999964e+00 -2.588682252999999905e-02
6.212500000000000355e+00 -2.603152875000000130e-02
6.214999999999999858e+00 -2.599998614000000041e-02
6.217500000000000249e+00 -2.621991347999999902e-02
6.219999999999999751e+00 -2.634372765999999991e-02
6.222500000000000142e+00 -2.633988804999999947e-02
6.224999999999999645e+00 -2.637499374999999896e-02
6.227500000000000036e+00 -2.648329217999999957e-02
6.230000000000000426e+00 -2.658257136999999867e-02
6.232499999999999929e+00 -2.662529179999999912e-02
6.235000000000000320e+00 -2.657084315999999960e-02
6.237499999999999822e+00 -2.649381983000000107e-02
6.240000000000000213e+00 -2.652984520999999984e-02
6.242499999999999716e+00 -2.662571668000000141e-02
6.245000000000000107e+00 -2.685717602000000162e-02
6.247499999999999609e+00 -2.688760100000000056e-02
6.250000000000000000e+00 -2.708460618999999903e-02
6.252500000000000391e+00 -2.708260158000000070e-02
6.254999999999999893e+00 -2.708954799000000066e-02
6.257500000000000284e+00 -2.715848267000000107e-02
6.259999999999999787e+00 -2.717731849000000130e-02
6.262500000000000178e+00 -2.735455331000000156e-02
6.264999999999999680e+00 -2.737981746000000063e-02
6.267500000000000071e+00 -2.731612192999999938e-02
6.269999999999999574e+00 -2.741639226999999929e-02
6.272499999999999964e+00 -2.749233539000000073e-02
6.275000000000000355e+00 -2.755533866000000123e-02
6.277499999999999858e+00 -2.751987934000000094e-02
6.280000000000000249e+00 -2.759669969000000042e-02
6.282499999999999751e+00 -2.756427900000000056e-02
6.285000000000000142e+00 -2.769542984000000069e-02
6.287499999999999645e+00 -2.767067546999999947e-02
6.290000000000000036e+00 -2.787919925000000021e-02
6.292500000000000426e+00 -2.786447783000000136e-02
6.294999999999999929e+00 -2.798115969000000008e-02
6.297500000000000320e+00 -2.792267141999999966e-02
6.299999999999999822e+00 -2.801177739999999999e-02
6.302500000000000213e+00 -2.798784396999999882e-02
6.304999999999999716e+00 -2.816926609999999970e-02
6.307500000000000107e+00 -2.826940667000000032e-02
6.309999999999999609e+00 -2.832450212000000092e-02
6.312500000000000000e+00 -2.834183305999999833e-02
6.315000000000000391e+00 -2.838147741000000140e-02
6.317499999999999893e+00 -2.853756028999999972e-02
6.320000000000000284e+00 -2.851249938000000039e-02
6.322499999999999787e+00 -2.852793076000000039e-02
6.325000000000000178e+00 -2.856423950000000142e-02
6.327499999999999680e+00 -2.863174451000000120e-02
6.330000000000000071e+00 -2.881923649000000046e-02
6.332499999999999574e+00 -2.888179964000000058e-02
6.334999999999999964e+00 -2.883804077000000007e-02
6.337500000000000355e+00 -2.887677066999999945e-02
6.339999999999999858e+00 -2.902584085999999897e-02
6.342500000000000249e+00 -2.908070818999999863e-02
6.344999999999999751e+00 -2.908227008000000002e-02
6.347500000000000142e+00 -2.915313179999999907e-02
6.349999999999999645e+00 -2.910258010000000076e-02
6.352500000000000036e+00 -2.912061767999999870e-02
6.355000000000000426e+00 -2.927928651999999951e-02
6.357499999999999929e+00 -2.937909204999999968e-02
6.360000000000000320e+00 -2.937224873999999888e-02
6.362499999999999822e+00 -2.945022569000000159e-02
6.365000000000000213e+00 -2.952727095000000010e-02
6.367499999999999716e+00 -2.951042037999999923e-02
6.370000000000000107e+00 -2.973443652000000090e-02
6.372499999999999609e+00 -2.977197428999999937e-02
6.375000000000000000e+00 -2.978026542000000026e-02
6.377500000000000391e+00 -2.981895812999999992e-02
6.379999999999999893e+00 -2.984088509000000153e-02
6.382500000000000284e+00 -2.993397013999999842e-02
6.384999999999999787e+00 -2.989455167999999913e-02
6.387500000000000178e+00 -3.003166474999999919e-02
6.389999999999999680e+00 -2.995363112999999827e-02
6.392500000000000071e+00 -3.013838467000000063e-02
6.394999999999999574e+00 -3.027747868000000078e-02
6.397499999999999964e+00 -3.030779280000000034e-02
6.400000000000000355e+00 -3.036673525999999956e-02
6.402499999999999858e+00 -3.038398462999999938e-02
6.405000000000000249e+00 -3.037530215999999922e-02
6.407499999999999751e+00 -3.062365996000000062e-02
6.410000000000000142e+00 -3.058542864999999958e-02
6.412499999999999645e+00 -3.051429753000000147e-02
6.415000000000000036e+00 -3.069727342000000067e-02
6.417500000000000426e+00 -3.070603930999999884e-02
6.419999999999999929e+00 -3.073817649999999874e-02
6.422500000000000320e+00 -3.083140011000000055e-02
6.424999999999999822e+00 -3.089781965000000172e-02
6.427500000000000213e+00 -3.083287235999999931e-02
6.429999999999999716e+00 -3.104889229000000125e-02
6.432500000000000107e+00 -3.106508313000000063e-02
6.434999999999999609e+00 -3.111247663000000011e-02
6.437500000000000000e+00 -3.120693037000000017e-02
6.440000000000000391e+00 -3.122625511000000006e-02
6.442499999999999893e+00 -3.131805278000000109e-02
6.445000000000000284e+00 -3.140666702000000088e-02
6.447499999999999787e+00 -3.132867419000000264e-02
6.450000000000000178e+00 -3.137302086999999712e-02
6.452499999999999680e+00 -3.149879149999999794e-02
6.455000000000000071e+00 -3.153072705999999947e-02
6.457499999999999574e+00 -3.176918667999999862e-02
6.459999999999999964e+00 -3.156474358999999952e-02
6.462500000000000355e+00 -3.179105153999999683e-02
6.464999999999999858e+00 -3.189534951999999784e-02
6.467500000000000249e+00 -3.183956400000000075e-02
6.469999999999999751e+00 -3.178518886000000071e-02
6.472500000000000142e+00 -3.206154274999999804e-02
6.474999999999999645e+00 -3.206661077999999748e-02
6.477500000000000036e+00 -3.210573975000000080e-02
6.480000000000000426e+00 -3.226103409000000144e-02
6.482499999999999929e+00 -3.233815882999999808e-02
6.485000000000000320e+00 -3.224071116999999848e-02
6.487499999999999822e+00 -3.234055841999999847e-02
6.490000000000000213e+00 -3.232658647000000163e-02
6.492499999999999716e+00 -3.245738873000000163e-02
6.495000000000000107e+00 -3.242075758000000085e-02
6.497499999999999609e+00 -3.251154233999999782e-02
6.500000000000000000e+00 -3.256597859000000261e-02
6.502500000000000391e+00 -3.267270391999999718e-02
6.504999999999999893e+00 -3.277741441999999783e-02
6.507500000000000284e+00 -3.277864736999999695e-02
6.509999999999999787e+00 -3.287026473000000115e-02
6.512500000000000178e+00 -3.291970244999999767e-02
6.514999999999999680e+00 -3.300214918000000247e-02
6.517500000000000071e+00 -3.301172757999999707e-02
6.519999999999999574e+00 -3.305212572999999959e-02
6.522499999999999964e+00 -3.316230614000000021e-02
6.525000000000000355e+00 -3.329596918999999655e-02
6.527499999999999858e+00 -3.325560251999999661e-02
6.530000000000000249e+00 -3.347687469999999915e-02
6.532499999999999751e+00 -3.335239302000000267e-02
6.535000000000000142e+00 -3.340137633000000300e-02
6.537499999999999645e+00 -3.342060797000000194e-02
6.540000000000000036e+00 -3.354030372999999843e-02
6.542500000000000426e+00 -3.361158715999999769e-02
6.544999999999999929e+00 -3.365542506000000073e-02
6.547500000000000320e+00 -3.364908541000000142e-02
6.549999999999999822e+00 -3.376566928000000051e-02
6.552500000000000213e+00 -3.388291705000000265e-02
6.554999999999999716e+00 -3.395004501999999980e-02
6.557500000000000107e+00 -3.389444960000000118e-02
6.559999999999999609e+00 -3.393092396999999871e-02
6.562500000000000000e+00 -3.410604929000000257e-02
6.565000000000000391e+00 -3.416526218000000281e-02
6.567499999999999893e+00 -3.417122424999999991e-02
6.570000000000000284e+00 -3.426549428999999675e-02
6.572499999999999787e+00 -3.441587388999999692e-02
6.575000000000000178e+00 -3.434972247999999728e-02
6.577499999999999680e+00 -3.433655079999999721e-02
6.580000000000000071e+00 -3.442509738999999930e-02
6.582499999999999574e+00 -3.459567739000000280e-02
6.584999999999999964e+00 -3.463390581999999801e-02
6.587500000000000355e+00 -3.469159960999999848e-02
6.589999999999999858e+00 -3.476194861999999663e-02
6.592500000000000249e+00 -3.476409074000000321e-02
6.594999999999999751e+00 -3.491295610999999716e-02
6.597500000000000142e+00 -3.496920895999999779e-02
6.599999999999999645e+00 -3.476825475999999887e-02
6.602500000000000036e+00 -3.496454806000000304e-02
6.605000000000000426e+00 -3.502584460000000149e-02
6.607499999999999929e+00 -3.497816883000000321e-02
6.610000000000000320e+00 -3.521304799999999680e-02
6.612499999999999822e+00 -3.532855270000000159e-02
6.615000000000000213e+00 -3.534985418000000101e-02
6.617499999999999716e+00 -3.556360993999999748e-02
6.620000000000000107e+00 -3.536807317000000006e-02
6.622499999999999609e+00 -3.533326504999999979e-02
6.625000000000000000e+00 -3.560421781999999896e-02
6.627500000000000391e+00 -3.547328855000000253e-02
6.629999999999999893e+00 -3.556841388999999742e-02
6.632500000000000284e+00 -3.569386615000000318e-02
6.634999999999999787e+00 -3.573149261999999937e-02
6.637500000000000178e+00 -3.578845844999999776e-02
6.639999999999999680e+00 -3.583222451999999725e-02
6.642500000000000071e+00 -3.592296080000000058e-02
6.644999999999999574e+00 -3.604106368999999976e-02
6.647499999999999964e+00 -3.614522234999999889e-02
6.650000000000000355e+00 -3.610035248000000030e-02
6.652499999999999858e+00 -3.613178655000000294e-02
6.655000000000000249e+00 -3.613896868000000123e-02
6.657499999999999751e+00 -3.631139877999999682e-02
6.660000000000000142e+00 -3.633164565000000096e-02
6.662499999999999645e+00 -3.636404605000000123e-02
6.665000000000000036e+00 -3.646558747999999878e-02
6.667500000000000426e+00 -3.651686633000000154e-02
6.669999999999999929e+00 -3.646881099000000293e-02
6.672500000000000320e+00 -3.671374116000000049e-02
6.674999999999999822e+00 -3.673381776000000237e-02
6.677500000000000213e+00 -3.685046570000000132e-02
6.679999999999999716e+00 -3.697394158000000264e-02
6.682500000000000107e+00 -3.677708949999999866e-02
6.684999999999999609e+00 -3.694951519999999795e-02
6.687500000000000000e+00 -3.699679376000000047e-02
6.690000000000000391e+00 -3.701664570000000321e-02
6.692499999999999893e+00 -3.702609217999999758e-02
6.695000000000000284e+00 -3.704573909000000165e-02
6.697499999999999787e+00 -3.729581205000000177e-02
6.700000000000000178e+00 -3.722079893000000000e-02
6.702499999999999680e+00 -3.737933230999999912e-02
6.705000000000000071e+00 -3.749259855999999974e-02
6.707499999999999574e+00 -3.740962385999999779e-02
6.709999999999999964e+00 -3.755698553999999717e-02
6.712500000000000355e+00 -3.746205791999999979e-02
6.714999999999999858e+00 -3.786064984000000327e-02
6.717500000000000249e+00 -3.777298443000000339e-02
6.719999999999999751e+00 -3.776116466999999977e-02
6.722500000000000142e+00 -3.766089952999999990e-02
6.724999999999999645e+00 -3.783959088000000276e-02
6.727500000000000036e+00 -3.802711782999999846e-02
6.730000000000000426e+00 -3.801354272000000145e-02
6.732499999999999929e+00 -3.808886286000000287e-02
6.735000000000000320e+00 -3.815121081000000247e-02
6.737499999999999822e+00 -3.823076964000000216e-02
6.740000000000000213e+00 -3.818142129000000329e-02
6.742499999999999716e+00 -3.845764394000000114e-02
6.745000000000000107e+00 -3.844578146000000168e-02
6.747499999999999609e+00 -3.837747418999999660e-02
6.750000000000000000e+00 -3.856357051999999980e-02
6.752500000000000391e+00 -3.849264172999999900e-02
6.754999999999999893e+00 -3.862396622000000002e-02
6.757500000000000284e+00 -3.876178830000000242e-02
6.759999999999999787e+00 -3.871954858999999971e-02
6.762500000000000178e+00 -3.879892828999999960e-02
6.764999999999999680e+00 -3.881252003999999950e-02
6.767500000000000071e+00 -3.900089362999999837e-02
6.769999999999999574e+00 -3.896993214999999733e-02
6.772499999999999964e+00 -3.910508190999999883e-02
6.775000000000000355e+00 -3.911390339999999688e-02
6.777499999999999858e+00 -3.922597701000000298e-02
6.780000000000000249e+00 -3.915740178999999738e-02
6.782499999999999751e+00 -3.918973498000000166e-02
6.785000000000000142e+00 -3.931596083999999713e-02
6.787499999999999645e+00 -3.935379801000000316e-02
6.790000000000000036e+00 -3.930368664000000178e-02
6.792500000000000426e+00 -3.961270514999999659e-02
6.794999999999999929e+00 -3.956449858999999680e-02
6.797500000000000320e+00 -3.974511858000000231e-02
6.799999999999999822e+00 -3.964143635999999721e-02
6.802500000000000213e+00 -3.968147269999999782e-02
6.804999999999999716e+00 -4.000906793000000294e-02
6.807500000000000107e+00 -3.980206089999999836e-02
6.809999999999999609e+00 -3.991406556000000327e-02
6.812500000000000000e+00 -4.008475984999999853e-02
6.815000000000000391e+00 -4.012549488000000109e-02
6.817499999999999893e+00 -4.009382803000000051e-02
6.820000000000000284e+00 -4.019516674000000317e-02
6.822499999999999787e+00 -4.019740723999999654e-02
6.825000000000000178e+00 -4.027663231999999843e-02
6.827499999999999680e+00 -4.025223851999999714e-02
6.830000000000000071e+00 -4.034522469000000056e-02
6.832499999999999574e+00 -4.058463538999999842e-02
6.834999999999999964e+00 -4.041513173999999875e-02
6.837500000000000355e+00 -4.068396318999999844e-02
6.839999999999999858e+00 -4.064828053999999802e-02
6.842500000000000249e+00 -4.067200112000000228e-02
6.844999999999999751e+00 -4.068039377999999734e-02
6.847500000000000142e+00 -4.080651693000000163e-02
6.849999999999999645e+00 -4.097623209000000183e-02
6.852500000000000036e+00 -4.100500152000000065e-02
6.855000000000000426e+00 -4.110987966000000104e-02
6.857499999999999929e+00 -4.114704436999999659e-02
6.860000000000000320e+00 -4.110953431000000102e-02
6.862499999999999822e+00 -4.124660775999999807e-02
6.865000000000000213e+00 -4.136813044999999855e-02
6.867499999999999716e+00 -4.133982776999999692e-02
6.870000000000000107e+00 -4.138602389999999909e-02
6.872499999999999609e+00 -4.136018064000000077e-02
6.875000000000000000e+00 -4.152609033000000116e-02
6.877500000000000391e+00 -4.163077772999999870e-02
6.879999999999999893e+00 -4.160617736000000316e-02
6.882500000000000284e+00 -4.174232762999999929e-02
6.884999999999999787e+00 -4.166804933999999905e-02
6.887500000000000178e+00 -4.181338898999999859e-02
6.889999999999999680e+00 -4.195775689999999697e-02
6.892500000000000071e+00 -4.180642186999999899e-02
6.894999999999999574e+00 -4.209584462999999693e-02
6.897499999999999964e+00 -4.216573801000000205e-02
6.900000000000000355e+00 -4.209148447999999654e-02
6.902499999999999858e+00 -4.204193749000000035e-02
6.905000000000000249e+00 -4.236665978000000304e-02
6.907499999999999751e+00 -4.239645520000000223e-02
6.910000000000000142e+00 -4.237359506999999886e-02
6.912499999999999645e+00 -4.240397441000000323e-02
6.915000000000000036e+00 -4.265288064000000157e-02
6.917500000000000426e+00 -4.249135713999999814e-02
6.919999999999999929e+00 -4.264683259000000282e-02
6.922500000000000320e+00 -4.270391920000000258e-02
6.924999999999999822e+00 -4.276853575999999685e-02
6.927500000000000213e+00 -4.285789621000000299e-02
6.929999999999999716e+00 -4.311555474999999998e-02
6.932500000000000107e+00 -4.292813498999999838e-02
6.934999999999999609e+00 -4.308789585000000200e-02
6.937500000000000000e+00 -4.306482479999999835e-02
6.940000000000000391e+00 -4.316604646000000295e-02
6.942499999999999893e+00 -4.316628003999999769e-02
6.945000000000000284e+00 -4.316263881000000080e-02
6.947499999999999787e+00 -4.316197321000000281e-02
6.950000000000000178e+00 -4.333676179999999822e-02
6.952499999999999680e+00 -4.335670149999999723e-02
6.955000000000000071e+00 -4.349591575000000265e-02
6.957499999999999574e+00 -4.363917066999999789e-02
6.959999999999999964e+00 -4.351678419999999853e-02
6.962500000000000355e+00 -4.373192154999999692e-02
6.964999999999999858e+00 -4.365706325999999665e-02
6.967500000000000249e+00 -4.373812954999999753e-02
6.969999999999999751e+00 -4.375787568000000238e-02
6.972500000000000142e+00 -4.398002121999999847e-02
6.974999999999999645e+00 -4.391881687000000201e-02
6.977500000000000036e+00 -4.403283847000000195e-02
6.980000000000000426e+00 -4.402284585999999972e-02
6.982499999999999929e+00 -4.423402862999999824e-02
6.985000000000000320e+00 -4.426485488000000273e-02
6.987499999999999822e+00 -4.420886689999999758e-02
6.990000000000000213e+00 -4.452150358999999724e-02
6.992499999999999716e+00 -4.439804693999999802e-02
6.995000000000000107e+00 -4.447673410999999910e-02
6.997499999999999609e+00 -4.458290415999999895e-02
7.000000000000000000e+00 -4.454591162000000326e-02
7.002500000000000391e+00 -4.471039998999999654e-02
7.004999999999999893e+00 -4.466077169999999735e-02
7.007500000000000284e+00 -4.484512739000000303e-02
7.009999999999999787e+00 -4.483552597999999889e-02
7.012500000000000178e+00 -4.486520917999999719e-02
7.014999999999999680e+00 -4.491907753999999781e-02
7.017500000000000071e+00 -4.503989045000000163e-02
7.019999999999999574e+00 -4.496472941000000112e-02
7.022499999999999964e+00 -4.504422128999999858e-02
7.025000000000000355e+00 -4.523849824000000103e-02
7.027499999999999858e+00 -4.538973195999999877e-02
7.030000000000000249e+00 -4.533901841000000099e-02
7.032499999999999751e+00 -4.545140454999999774e-02
7.035000000000000142e+00 -4.558115492999999935e-02
7.037499999999999645e+00 -4.558196551000000263e-02
7.040000000000000036e+00 -4.563686662000000088e-02
7.042500000000000426e+00 -4.557718280999999844e-02
7.044999999999999929e+00 -4.573912934999999763e-02
7.047500000000000320e+00 -4.572745456999999930e-02
7.049999999999999822e+00 -4.576774091000000017e-02
7.052500000000000213e+00 -4.595706248999999882e-02
7.054999999999999716e+00 -4.590187454999999916e-02
7.057500000000000107e+00 -4.606651508000000200e-02
7.059999999999999609e+00 -4.608005056000000210e-02
7.062500000000000000e+00 -4.608991979999999683e-02
7.065000000000000391e+00 -4.616783784000000335e-02
7.067499999999999893e+00 -4.640650315000000026e-02
7.070000000000000284e+00 -4.644701746999999742e-02
7.072499999999999787e+00 -4.631731574999999740e-02
7.075000000000000178e+00 -4.645422604999999844e-02
7.077499999999999680e+00 -4.654981156000000120e-02
7.080000000000000071e+00 -4.657658664000000059e-02
7.082499999999999574e+00 -4.659368229000000056e-02
7.084999999999999964e+00 -4.671822384999999717e-02
7.087500000000000355e+00 -4.670470251000000128e-02
7.089999999999999858e+00 -4.676441213000000208e-02
7.092500000000000249e+00 -4.699951438000000287e-02
7.094999999999999751e+00 -4.698931564000000116e-02
7.097500000000000142e+00 -4.701793383999999798e-02
7.099999999999999645e+00 -4.715550283000000120e-02
7.102500000000000036e+00 -4.722304135000000153e-02
7.105000000000000426e+00 -4.716071347999999802e-02
7.107499999999999929e+00 -4.730227509999999913e-02
7.110000000000000320e+00 -4.723296022000000177e-02
7.112499999999999822e+00 -4.744616212000000305e-02
7.115000000000000213e+00 -4.744292282999999777e-02
7.117499999999999716e+00 -4.766198529000000017e-02
7.120000000000000107e+00 -4.763663986000000322e-02
7.122499999999999609e+00 -4.772338372999999911e-02
7.125000000000000000e+00 -4.764443983999999688e-02
7.127500000000000391e+00 -4.790676757000000147e-02
7.129999999999999893e+00 -4.793864963999999729e-02
7.132500000000000284e+00 -4.801427051999999918e-02
7.134999999999999787e+00 -4.792764605000000150e-02
7.137500000000000178e+00 -4.807030811000000126e-02
7.139999999999999680e+00 -4.809822491000000089e-02
7.142500000000000071e+00 -4.824100349000000343e-02
7.144999999999999574e+00 -4.821007623000000269e-02
7.147499999999999964e+00 -4.828489728000000258e-02
7.150000000000000355e+00 -4.832130937999999654e-02
7.152499999999999858e+00 -4.839887551000000149e-02
7.155000000000000249e+00 -4.864253793000000020e-02
7.157499999999999751e+00 -4.846723411000000009e-02
7.160000000000000142e+00 -4.852891631000000316e-02
7.162499999999999645e+00 -4.883810161999999760e-02
7.165000000000000036e+00 -4.872719589999999906e-02
7.167500000000000426e+00 -4.902223801999999742e-02
7.169999999999999929e+00 -4.876525732999999890e-02
7.172500000000000320e+00 -4.894796355000000099e-02
7.174999999999999822e+00 -4.905059927000000181e-02
7.177500000000000213e+00 -4.906033802999999749e-02
7.179999999999999716e+00 -4.909751395999999851e-02
7.182500000000000107e+00 -4.916342549000000256e-02
7.184999999999999609e+00 -4.935454048000000038e-02
7.187500000000000000e+00 -4.922888858999999867e-02
7.190000000000000391e+00 -4.940065241000000246e-02
7.192499999999999893e+00 -4.950351204000000283e-02
7.195000000000000284e+00 -4.954868603999999788e-02
7.197499999999999787e+00 -4.959920578000000246e-02
7.200000000000000178e+00 -4.968677123000000279e-02
7.202499999999999680e+00 -4.966759385999999776e-02
7.205000000000000071e+00 -4.967106270999999823e-02
7.207499999999999574e+00 -4.991802546000000118e-02
7.209999999999999964e+00 -4.984416023999999751e-02
7.212500000000000355e+00 -4.994704189000000183e-02
7.214999999999999858e+00 -5.002516322000000182e-02
7.217500000000000249e+00 -5.001221486000000105e-02
7.219999999999999751e+00 -5.027335045999999780e-02
7.222500000000000142e+00 -5.025240949999999762e-02
7.224999999999999645e+00 -5.038537938999999855e-02
7.227500000000000036e+00 -5.043659865999999825e-02
7.230000000000000426e+00 -5.044951833999999913e-02
7.232499999999999929e+00 -5.046667987000000299e-02
7.235000000000000320e+00 -5.066643567000000264e-02
7.237499999999999822e+00 -5.061892507000000097e-02
7.240000000000000213e+00 -5.067671468999999929e-02
7.242499999999999716e+00 -5.081635554999999749e-02
7.245000000000000107e+00 -5.074205847999999769e-02
7.247499999999999609e+00 -5.097439198999999949e-02
7.250000000000000000e+00 -5.106740257000000338e-02
7.252500000000000391e+00 -5.117798695999999786e-02
7.254999999999999893e+00 -5.119180693000000004e-02
7.257500000000000284e+00 -5.115360230999999730e-02
7.259999999999999787e+00 -5.140351875000000181e-02
7.262500000000000178e+00 -5.129355706000000154e-02
7.264999999999999680e+00 -5.147721101000000271e-02
7.267500000000000071e+00 -5.152260216000000004e-02
7.269999999999999574e+00 -5.148268049000000179e-02
7.272499999999999964e+00 -5.152519248000000246e-02
7.275000000000000355e+00 -5.158472530000000195e-02
7.277499999999999858e+00 -5.160692979999999958e-02
7.280000000000000249e+00 -5.169912265999999923e-02
7.282499999999999751e+00 -5.196595046000000023e-02
7.285000000000000142e+00 -5.188330954999999939e-02
7.287499999999999645e+00 -5.203139418999999655e-02
7.290000000000000036e+00 -5.192179025000000225e-02
7.292500000000000426e+00 -5.202992899000000171e-02
7.294999999999999929e+00 -5.212779114999999824e-02
7.297500000000000320e+00 -5.222706274000000343e-02
7.299999999999999822e+00 -5.225888428000000085e-02
7.302500000000000213e+00 -5.244434016999999920e-02
7.304999999999999716e+00 -5.248734400999999911e-02
7.307500000000000107e+00 -5.244705077000000326e-02
7.309999999999999609e+00 -5.254835230999999746e-02
7.312500000000000000e+00 -5.269099384999999941e-02
7.315000000000000391e+00 -5.284451686999999676e-02
7.317499999999999893e+00 -5.267252213000000322e-02
7.320000000000000284e+00 -5.277735918999999776e-02
7.322499999999999787e+00 -5.269670533000000295e-02
7.325000000000000178e+00 -5.299110367999999849e-02
7.327499999999999680e+00 -5.293729994000000161e-02
7.330000000000000071e+00 -5.307180772999999657e-02
7.332499999999999574e+00 -5.322996204000000203e-02
7.334999999999999964e+00 -5.317264404000000139e-02
7.337500000000000355e+00 -5.315636398999999679e-02
7.339999999999999858e+00 -5.330693302000000244e-02
7.342500000000000249e+00 -5.339599542000000171e-02
7.344999999999999751e+00 -5.347031280999999664e-02
7.347500000000000142e+00 -5.353644317000000319e-02
7.349999999999999645e+00 -5.370861428999999798e-02
7.352500000000000036e+00 -5.360919365999999853e-02
7.355000000000000426e+00 -5.372902278999999726e-02
7.357499999999999929e+00 -5.386343325000000209e-02
7.360000000000000320e+00 -5.392820965000000299e-02
7.362499999999999822e+00 -5.403170055999999971e-02
7.365000000000000213e+00 -5.405462768000000168e-02
7.367499999999999716e+00 -5.409364305000000095e-02
7.370000000000000107e+00 -5.404436200999999940e-02
7.372499999999999609e+00 -5.424219493000000114e-02
7.375000000000000000e+00 -5.412425433999999702e-02
7.377500000000000391e+00 -5.442286049000000236e-02
7.379999999999999893e+00 -5.446003452999999966e-02
7.382500000000000284e+00 -5.441051669000000063e-02
7.384999999999999787e+00 -5.464089881999999870e-02
7.387500000000000178e+00 -5.456130858000000222e-02
7.389999999999999680e+00 -5.464331734999999801e-02
7.392500000000000071e+00 -5.466749870999999816e-02
7.394999999999999574e+00 -5.478659047000000032e-02
7.397499999999999964e+00 -5.497406707000000031e-02
7.400000000000000355e+00 -5.485638000000000319e-02
7.402499999999999858e+00 -5.507213393999999679e-02
7.405000000000000249e+00 -5.513431444999999931e-02
7.407499999999999751e+00 -5.503079975999999873e-02
7.410000000000000142e+00 -5.531308092000000037e-02
7.412499999999999645e+00 -5.536882988999999866e-02
7.415000000000000036e+00 -5.527078380000000069e-02
7.417500000000000426e+00 -5.530323537000000206e-02
7.419999999999999929e+00 -5.551251073999999980e-02
7.422500000000000320e+00 -5.557574434999999757e-02
7.424999999999999822e+00 -5.562565255000000153e-02
7.427500000000000213e+00 -5.573338538000000009e-02
7.429999999999999716e+00 -5.580496442999999945e-02
7.432500000000000107e+00 -5.584303873000000251e-02
7.434999999999999609e+00 -5.577827615000000017e-02
7.437500000000000000e+00 -5.604149405000000139e-02
7.440000000000000391e+00 -5.615965599000000141e-02
7.442499999999999893e+00 -5.603416393999999939e-02
7.445000000000000284e+00 -5.613512879000000233e-02
7.447499999999999787e+00 -5.631341211000000235e-02
7.450000000000000178e+00 -5.642012307000000143e-02
7.452499999999999680e+00 -5.626766768000000113e-02
7.455000000000000071e+00 -5.651095804999999722e-02
7.457499999999999574e+00 -5.663915111000000085e-02
7.459999999999999964e+00 -5.656022932000000225e-02
7.462500000000000355e+00 -5.672083911999999811e-02
7.464999999999999858e+00 -5.677608264000000293e-02
7.467500000000000249e+00 -5.686745566999999724e-02
7.469999999999999751e+00 -5.678930562000000098e-02
7.472500000000000142e+00 -5.691271482000000159e-02
7.474999999999999645e+00 -5.695502108000000119e-02
7.477500000000000036e+00 -5.713173945999999725e-02
7.480000000000000426e+00 -5.733464368999999922e-02
7.482499999999999929e+00 -5.720448905000000139e-02
7.485000000000000320e+00 -5.740234721999999679e-02
7.487499999999999822e+00 -5.724845796999999958e-02
7.490000000000000213e+00 -5.739342523999999696e-02
7.492499999999999716e+00 -5.748651644999999699e-02
7.495000000000000107e+00 -5.760775457999999655e-02
7.497499999999999609e+00 -5.769295172000000332e-02
7.500000000000000000e+00 -5.764637101000000263e-02
7.502500000000000391e+00 -5.782375844999999848e-02
7.504999999999999893e+00 -5.777208915999999805e-02
7.507500000000000284e+00 -5.780954154000000206e-02
7.509999999999999787e+00 -5.796108863999999833e-02
7.512500000000000178e+00 -5.778976277999999661e-02
7.514999999999999680e+00 -5.817507946000000096e-02
7.517500000000000071e+00 -5.811904534000000150e-02
7.519999999999999574e+00 -5.823829427999999836e-02
7.522499999999999964e+00 -5.832089015999999959e-02
7.525000000000000355e+00 -5.842025923000000037e-02
7.527499999999999858e+00 -5.836945986000000031e-02
7.530000000000000249e+00 -5.854622093999999749e-02
7.532499999999999751e+00 -5.865892319999999743e-02
7.535000000000000142e+00 -5.859264004999999859e-02
7.537499999999999645e+00 -5.865042160000000226e-02
7.540000000000000036e+00 -5.879794739000000076e-02
7.542500000000000426e+00 -5.876036543000000278e-02
7.544999999999999929e+00 -5.896995069000000173e-02
7.547500000000000320e+00 -5.888757614000000168e-02
7.549999999999999822e+00 -5.920516991000000090e-02
7.552500000000000213e+00 -5.923135211999999705e-02
7.554999999999999716e+00 -5.927223059000000238e-02
7.557500000000000107e+00 -5.947730367000000212e-02
7.559999999999999609e+00 -5.939645363999999927e-02
7.562500000000000000e+00 -5.926999522000000326e-02
7.565000000000000391e+00 -5.963189412000000078e-02
7.567499999999999893e+00 -5.957655922999999937e-02
7.570000000000000284e+00 -5.968815162999999840e-02
7.572499999999999787e+00 -5.977185128999999708e-02
7.575000000000000178e+00 -5.973179426999999930e-02
7.577499999999999680e+00 -5.986010905999999965e-02
7.580000000000000071e+00 -6.001760681999999958e-02
7.582499999999999574e+00 -6.006413064999999857e-02
7.584999999999999964e+00 -6.014673514999999832e-02
7.587500000000000355e+00 -6.010134112999999945e-02
7.589999999999999858e+00 -6.025750263000000106e-02
7.592500000000000249e+00 -6.041841537999999984e-02
7.594999999999999751e+00 -6.039768319000000246e-02
7.597500000000000142e+00 -6.031689934000000058e-02
7.599999999999999645e+00 -6.036449505000000132e-02
7.602500000000000036e+00 -6.058822826000000161e-02
7.605000000000000426e+00 -6.062223804999999910e-02
7.607499999999999929e+00 -6.070513402000000253e-02
7.610000000000000320e+00 -6.074204250999999666e-02
7.612499999999999822e+00 -6.068000130000000131e-02
7.615000000000000213e+00 -6.095205614000000216e-02
7.617499999999999716e+00 -6.098898917000000058e-02
7.620000000000000107e+00 -6.115237392000000272e-02
7.622499999999999609e+00 -6.107679224999999767e-02
7.625000000000000000e+00 -6.130439185000000069e-02
7.627500000000000391e+00 -6.137191529000000229e-02
7.629999999999999893e+00 -6.138354517999999871e-02
7.632500000000000284e+00 -6.132836040999999766e-02
7.634999999999999787e+00 -6.133624346000000199e-02
7.637500000000000178e+00 -6.164413164000000223e-02
7.639999999999999680e+00 -6.154191984000000060e-02
7.642500000000000071e+00 -6.154959553000000083e-02
7.644999999999999574e+00 -6.185168067999999991e-02
7.647499999999999964e+00 -6.175047158000000064e-02
7.650000000000000355e+00 -6.203620010000000101e-02
7.652499999999999858e+00 -6.201428104000000080e-02
7.655000000000000249e+00 -6.190267018000000093e-02
7.657499999999999751e+00 -6.212039022000000188e-02
7.660000000000000142e+00 -6.215631256999999688e-02
7.662499999999999645e+00 -6.228454991000000052e-02
7.665000000000000036e+00 -6.232064654999999731e-02
7.667500000000000426e+00 -6.248427345000000244e-02
7.669999999999999929e+00 -6.222293638000000321e-02
7.672500000000000320e+00 -6.253117458000000128e-02
7.674999999999999822e+00 -6.258876045000000277e-02
7.677500000000000213e+00 -6.269792858000000635e-02
7.679999999999999716e+00 -6.259915095000000151e-02
7.682500000000000107e+00 -6.279812636999999864e-02
7.684999999999999609e+00 -6.278370183999999743e-02
7.687500000000000000e+00 -6.298924217000000103e-02
7.690000000000000391e+00 -6.283686575999999913e-02
7.692499999999999893e+00 -6.302448295000000200e-02
7.695000000000000284e+00 -6.326583768000000607e-02
7.697499999999999787e+00 -6.332997054000000237e-02
7.700000000000000178e+00 -6.330449975000000673e-02
7.702499999999999680e+00 -6.342050735000000217e-02
7.705000000000000071e+00 -6.345598870999999419e-02
7.707499999999999574e+00 -6.362598260000000561e-02
7.709999999999999964e+00 -6.382508421999999459e-02
7.712500000000000355e+00 -6.372583615000000645e-02
7.714999999999999858e+00 -6.364622504000000403e-02
7.717500000000000249e+00 -6.370572301000000659e-02
7.719999999999999751e+00 -6.387033974000000391e-02
7.722500000000000142e+00 -6.393038702000000684e-02
7.724999999999999645e+00 -6.424889140999999471e-02
7.727500000000000036e+00 -6.421625679999999614e-02
7.730000000000000426e+00 -6.420281544000000507e-02
7.732499999999999929e+00 -6.434697610999999540e-02
7.735000000000000320e+00 -6.437732066000000086e-02
7.737499999999999822e+00 -6.434635482999999379e-02
7.740000000000000213e+00 -6.454467597000000667e-02
7.742499999999999716e+00 -6.453770866999999911e-02
7.745000000000000107e+00 -6.476750778999999791e-02
7.747499999999999609e+00 -6.472506459000000600e-02
7.750000000000000000e+00 -6.473285812000000028e-02
7.752500000000000391e+00 -6.494061986999999370e-02
7.754999999999999893e+00 -6.482283073000000284e-02
7.757500000000000284e+00 -6.492514144000000043e-02
7.759999999999999787e+00 -6.506957340999999784e-02
7.762500000000000178e+00 -6.512041130000000011e-02
7.764999999999999680e+00 -6.533805047000000588e-02
7.767500000000000071e+00 -6.518802188000000220e-02
7.769999999999999574e+00 -6.550347276000000052e-02
7.772499999999999964e+00 -6.543028720999999326e-02
7.775000000000000355e+00 -6.542847089000000671e-02
7.777499999999999858e+00 -6.558054471999999469e-02
7.780000000000000249e+00 -6.568294074000000093e-02
7.782499999999999751e+00 -6.560526054000000162e-02
7.785000000000000142e+00 -6.579281488999999539e-02
7.787499999999999645e+00 -6.587383770999999388e-02
7.790000000000000036e+00 -6.591915230000000570e-02
7.792500000000000426e+00 -6.593672184000000380e-02
7.794999999999999929e+00 -6.601207326999999903e-02
7.797500000000000320e+00 -6.630321365999999883e-02
7.799999999999999822e+00 -6.635013855000000682e-02
7.802500000000000213e+00 -6.629983740000000569e-02
7.804999999999999716e+00 -6.662312539999999672e-02
7.807500000000000107e+00 -6.661254660000000272e-02
7.809999999999999609e+00 -6.658240529999999435e-02
7.812500000000000000e+00 -6.671831391999999417e-02
7.815000000000000391e+00 -6.668227395999999640e-02
7.817499999999999893e+00 -6.685127980999999719e-02
7.820000000000000284e+00 -6.700352012999999385e-02
7.822499999999999787e+00 -6.696056892000000482e-02
7.825000000000000178e+00 -6.703363831000000439e-02
7.827499999999999680e+00 -6.707952476999999580e-02
7.830000000000000071e+00 -6.722369249000000047e-02
7.832499999999999574e+00 -6.711576904999999593e-02
7.834999999999999964e+00 -6.742678653000000466e-02
7.837500000000000355e+00 -6.741360085000000502e-02
7.839999999999999858e+00 -6.751801882999999838e-02
7.842500000000000249e+00 -6.755577385000000046e-02
7.844999999999999751e+00 -6.773432472000000260e-02
7.847500000000000142e+00 -6.772419173999999487e-02
7.849999999999999645e+00 -6.789381531999999497e-02
7.852500000000000036e+00 -6.774737027999999661e-02
7.855000000000000426e+00 -6.786497282999999492e-02
7.857499999999999929e+00 -6.795474492000000422e-02
7.860000000000000320e+00 -6.810304501000000177e-02
7.862499999999999822e+00 -6.821984022999999508e-02
7.865000000000000213e+00 -6.806304004999999546e-02
7.867499999999999716e+00 -6.834207237999999351e-02
7.870000000000000107e+00 -6.846474120999999913e-02
7.872499999999999609e+00 -6.856409058000000056e-02
7.875000000000000000e+00 -6.861192993999999656e-02
7.877500000000000391e+00 -6.850914707999999909e-02
7.879999999999999893e+00 -6.855268295999999983e-02
7.882500000000000284e+00 -6.876016349999999888e-02
7.884999999999999787e+00 -6.871417971000000346e-02
7.887500000000000178e+00 -6.899452467000000144e-02
7.889999999999999680e+00 -6.887627105999999388e-02
7.892500000000000071e+00 -6.915478811000000392e-02
7.894999999999999574e+00 -6.911037087999999384e-02
7.897499999999999964e+00 -6.918276374000000006e-02
7.900000000000000355e+00 -6.938342592000000530e-02
7.902499999999999858e+00 -6.956053161000000373e-02
7.905000000000000249e+00 -6.921526425000000537e-02
7.907499999999999751e+00 -6.929543106999999647e-02
7.910000000000000142e+00 -6.969411678999999638e-02
7.912499999999999645e+00 -6.969733454000000272e-02
7.915000000000000036e+00 -6.975587205000000068e-02
7.917500000000000426e+00 -6.987071784999999979e-02
7.919999999999999929e+00 -6.982937211999999672e-02
7.922500000000000320e+00 -7.005457728000000217e-02
7.924999999999999822e+00 -7.010627976000000094e-02
7.927500000000000213e+00 -7.007166182000000576e-02
7.929999999999999716e+00 -7.019826734999999596e-02
7.932500000000000107e+00 -7.049623899000000138e-02
7.934999999999999609e+00 -7.025157496999999418e-02
7.937500000000000000e+00 -7.054284630000000333e-02
7.940000000000000391e+00 -7.035569903999999708e-02
7.942499999999999893e+00 -7.064316706999999862e-02
7.945000000000000284e+00 -7.059270085999999611e-02
7.947499999999999787e+00 -7.065640902000000501e-02
7.950000000000000178e+00 -7.091006209000000338e-02
7.952499999999999680e+00 -7.085889830000000056e-02
7.955000000000000071e+00 -7.090854891999999465e-02
7.957499999999999574e+00 -7.103432933000000671e-02
7.959999999999999964e+00 -7.106662414000000649e-02
7.962500000000000355e+00 -7.128533314000000398e-02
7.964999999999999858e+00 -7.130576829000000172e-02
7.967500000000000249e+00 -7.146035432000000243e-02
7.969999999999999751e+00 -7.142399519000000585e-02
7.972500000000000142e+00 -7.166317020000000093e-02
7.974999999999999645e+00 -7.156018772000000139e-02
7.977500000000000036e+00 -7.171563877000000642e-02
7.980000000000000426e+00 -7.173791594999999466e-02
7.982499999999999929e+00 -7.180020071999999864e-02
7.985000000000000320e+00 -7.174532612999999504e-02
7.987499999999999822e+00 -7.207159209999999816e-02
7.990000000000000213e+00 -7.199164103999999842e-02
7.992499999999999716e+00 -7.218451921000000604e-02
7.995000000000000107e+00 -7.231287206000000523e-02
7.997499999999999609e+00 -7.243656653999999695e-02
8.000000000000000000e+00 -7.226856641999999942e-02
8.002499999999999503e+00 -7.245403677999999459e-02
8.005000000000000782e+00 -7.255427877999999497e-02
8.007500000000000284e+00 -7.257146875999999358e-02
8.009999999999999787e+00 -7.261381762000000684e-02
8.012499999999999289e+00 -7.264711879999999344e-02
8.015000000000000568e+00 -7.293436235000000378e-02
8.017500000000000071e+00 -7.295224314999999848e-02
8.019999999999999574e+00 -7.297307296999999693e-02
8.022500000000000853e+00 -7.313356270000000159e-02
8.025000000000000355e+00 -7.340270309999999410e-02
8.027499999999999858e+00 -7.336412942999999409e-02
8.029999999999999361e+00 -7.334031085999999366e-02
8.032500000000000639e+00 -7.342728263999999394e-02
8.035000000000000142e+00 -7.348274186000000596e-02
8.037499999999999645e+00 -7.365568244999999570e-02
8.039999999999999147e+00 -7.365761675000000175e-02
8.042500000000000426e+00 -7.383611856999999778e-02
8.044999999999999929e+00 -7.395919919000000509e-02
8.047499999999999432e+00 -7.394629947000000425e-02
8.050000000000000711e+00 -7.415029643999999920e-02
8.052500000000000213e+00 -7.391674597000000291e-02
8.054999999999999716e+00 -7.393706921999999848e-02
8.057499999999999218e+00 -7.407369708000000053e-02
8.060000000000000497e+00 -7.427811714000000232e-02
8.062500000000000000e+00 -7.428685017000000168e-02
8.064999999999999503e+00 -7.457558664999999753e-02
8.067500000000000782e+00 -7.455354591000000475e-02
8.070000000000000284e+00 -7.451868407999999444e-02
8.072499999999999787e+00 -7.459550396000000361e-02
8.074999999999999289e+00 -7.490886654999999450e-02
8.077500000000000568e+00 -7.491598859999999693e-02
8.080000000000000071e+00 -7.501510477999999427e-02
8.082499999999999574e+00 -7.511906137000000372e-02
8.085000000000000853e+00 -7.501455130999999665e-02
8.087500000000000355e+00 -7.521689516000000519e-02
8.089999999999999858e+00 -7.511827525000000505e-02
8.092499999999999361e+00 -7.553648362999999810e-02
8.095000000000000639e+00 -7.541329982000000154e-02
8.097500000000000142e+00 -7.557441276000000097e-02
8.099999999999999645e+00 -7.547214275999999944e-02
8.102499999999999147e+00 -7.563071218000000373e-02
8.105000000000000426e+00 -7.559308749000000216e-02
8.107499999999999929e+00 -7.568988159999999465e-02
8.109999999999999432e+00 -7.611514317999999724e-02
8.112500000000000711e+00 -7.618950237999999597e-02
8.115000000000000213e+00 -7.608348366999999335e-02
8.117499999999999716e+00 -7.623484691000000091e-02
8.119999999999999218e+00 -7.593851895000000574e-02
8.122500000000000497e+00 -7.621783468999999978e-02
8.125000000000000000e+00 -7.642759787000000249e-02
8.127499999999999503e+00 -7.653372998000000649e-02
8.130000000000000782e+00 -7.644493046000000458e-02
8.132500000000000284e+00 -7.655205688999999758e-02
8.134999999999999787e+00 -7.691916889000000035e-02
8.137499999999999289e+00 -7.694732210000000683e-02
8.140000000000000568e+00 -7.704834678999999964e-02
8.142500000000000071e+00 -7.697354527999999974e-02
8.144999999999999574e+00 -7.694130681999999943e-02
8.147500000000000853e+00 -7.715927572000000345e-02
8.150000000000000355e+00 -7.724775327999999774e-02
8.152499999999999858e+00 -7.717607663999999368e-02
8.154999999999999361e+00 -7.725918596000000416e-02
8.157500000000000639e+00 -7.749887257000000196e-02
8.160000000000000142e+00 -7.755046701999999958e-02
8.162499999999999645e+00 -7.763485485000000408e-02
8.164999999999999147e+00 -7.758140281000000527e-02
8.167500000000000426e+00 -7.770475474999999355e-02
8.169999999999999929e+00 -7.810112339999999986e-02
8.172499999999999432e+00 -7.797210420000000308e-02
8.175000000000000711e+00 -7.806459524000000649e-02
8.177500000000000213e+00 -7.813799943999999442e-02
8.179999999999999716e+00 -7.815460539999999345e-02
8.182499999999999218e+00 -7.817628559000000532e-02
8.185000000000000497e+00 -7.861591880000000365e-02
8.187500000000000000e+00 -7.840356331999999429e-02
8.189999999999999503e+00 -7.869639237999999370e-02
8.192500000000000782e+00 -7.862127946999999950e-02
8.195000000000000284e+00 -7.867003441000000596e-02
8.197499999999999787e+00 -7.880943399999999766e-02
8.199999999999999289e+00 -7.894612942999999772e-02
8.202500000000000568e+00 -7.897152680999999785e-02
8.205000000000000071e+00 -7.904029104000000194e-02
8.207499999999999574e+00 -7.911221913999999522e-02
8.210000000000000853e+00 -7.929527103000000299e-02
8.212500000000000355e+00 -7.930778913000000041e-02
8.214999999999999858e+00 -7.937930315999999764e-02
8.217499999999999361e+00 -7.938881122999999485e-02
8.220000000000000639e+00 -7.960574222999999838e-02
8.222500000000000142e+00 -7.955512339999999682e-02
8.224999999999999645e+00 -7.964644946000000447e-02
8.227499999999999147e+00 -7.991273947999999461e-02
8.230000000000000426e+00 -7.965878966000000672e-02
8.232499999999999929e+00 -7.991318145999999623e-02
8.234999999999999432e+00 -7.985417823000000304e-02
8.237500000000000711e+00 -8.014959631000000140e-02
8.240000000000000213e+00 -8.025973380999999740e-02
8.242499999999999716e+00 -8.042771669999999873e-02
8.244999999999999218e+00 -8.036884458000000120e-02
8.247500000000000497e+00 -8.043015644999999825e-02
8.250000000000000000e+00 -8.043778846000000649e-02
8.252499999999999503e+00 -8.058250134000000120e-02
8.255000000000000782e+00 -8.076182825000000065e-02
8.257500000000000284e+00 -8.100620696999999426e-02
8.259999999999999787e+00 -8.083488642000000168e-02
8.262499999999999289e+00 -8.108340825000000252e-02
8.265000000000000568e+00 -8.141279486999999926e-02
8.267500000000000071e+00 -8.114103433000000032e-02
8.269999999999999574e+00 -8.136465659000000072e-02
8.272500000000000853e+00 -8.123948285000000269e-02
8.275000000000000355e+00 -8.141552893999999541e-02
8.277499999999999858e+00 -8.146606820000000526e-02
8.279999999999999361e+00 -8.177190315000000542e-02
8.282500000000000639e+00 -8.188920695000000138e-02
8.285000000000000142e+00 -8.201178951000000217e-02
8.287499999999999645e+00 -8.197836266999999899e-02
8.289999999999999147e+00 -8.181546800000000230e-02
8.292500000000000426e+00 -8.212311519999999920e-02
8.294999999999999929e+00 -8.201503319000000292e-02
8.297499999999999432e+00 -8.228007695000000288e-02
8.300000000000000711e+00 -8.238033663999999590e-02
8.302500000000000213e+00 -8.226511714999999725e-02
8.304999999999999716e+00 -8.262704927000000255e-02
8.307499999999999218e+00 -8.260669281999999392e-02
8.310000000000000497e+00 -8.267887244999999607e-02
8.312500000000000000e+00 -8.278673619000000150e-02
8.314999999999999503e+00 -8.284039931999999384e-02
8.317500000000000782e+00 -8.299574465999999540e-02
8.320000000000000284e+00 -8.275460008000000423e-02
8.322499999999999787e+00 -8.308597952000000564e-02
8.324999999999999289e+00 -8.312787911999999779e-02
8.327500000000000568e+00 -8.348927755000000450e-02
8.330000000000000071e+00 -8.338726331000000103e-02
8.332499999999999574e+00 -8.333052867000000086e-02
8.335000000000000853e+00 -8.352437355000000285e-02
8.337500000000000355e+00 -8.371328124000000648e-02
8.339999999999999858e+00 -8.360861698999999536e-02
8.342499999999999361e+00 -8.388611389000000251e-02
8.345000000000000639e+00 -8.383075073000000044e-02
8.347500000000000142e+00 -8.383242458999999591e-02
8.349999999999999645e+00 -8.404633829999999528e-02
8.352499999999999147e+00 -8.402107943000000634e-02
8.355000000000000426e+00 -8.426593740000000443e-02
8.357499999999999929e+00 -8.426184157999999647e-02
8.359999999999999432e+00 -8.448650983000000059e-02
8.362500000000000711e+00 -8.469529961999999745e-02
8.365000000000000213e+00 -8.450954895999999994e-02
8.367499999999999716e+00 -8.476814939000000548e-02
8.369999999999999218e+00 -8.462221803000000153e-02
8.372500000000000497e+00 -8.475412391999999351e-02
8.375000000000000000e+00 -8.514897672000000528e-02
8.377499999999999503e+00 -8.509793079999999899e-02
8.380000000000000782e+00 -8.533002861999999800e-02
8.382500000000000284e+00 -8.525980075000000324e-02
8.384999999999999787e+00 -8.531444549000000155e-02
8.387499999999999289e+00 -8.545599718000000677e-02
8.390000000000000568e+00 -8.565389324000000082e-02
8.392500000000000071e+00 -8.551435218000000282e-02
8.394999999999999574e+00 -8.563093218999999479e-02
8.397500000000000853e+00 -8.571054390000000522e-02
8.400000000000000355e+00 -8.604417737000000233e-02
8.402499999999999858e+00 -8.602950573999999795e-02
8.404999999999999361e+00 -8.596698073000000329e-02
8.407500000000000639e+00 -8.614961352000000128e-02
8.410000000000000142e+00 -8.643748589999999954e-02
8.412499999999999645e+00 -8.632647822000000248e-02
8.414999999999999147e+00 -8.640305314000000514e-02
8.417500000000000426e+00 -8.657297180999999620e-02
8.419999999999999929e+00 -8.678167055999999602e-02
8.422499999999999432e+00 -8.680356538000000288e-02
8.425000000000000711e+00 -8.697767096000000309e-02
8.427500000000000213e+00 -8.690946203999999620e-02
8.429999999999999716e+00 -8.704614959999999735e-02
8.432499999999999218e+00 -8.685683601999999448e-02
8.435000000000000497e+00 -8.706640055000000600e-02
8.437500000000000000e+00 -8.729349596999999572e-02
8.439999999999999503e+00 -8.724741101999999859e-02
8.442500000000000782e+00 -8.739455757000000324e-02
8.445000000000000284e+00 -8.757562557999999664e-02
8.447499999999999787e+00 -8.757265976000000451e-02
8.449999999999999289e+00 -8.766702400999999700e-02
8.452500000000000568e+00 -8.799754915999999372e-02
8.455000000000000071e+00 -8.785224370999999977e-02
8.457499999999999574e+00 -8.791955292000000477e-02
8.460000000000000853e+00 -8.820275919999999437e-02
8.462500000000000355e+00 -8.808718477999999408e-02
8.464999999999999858e+00 -8.829241971000000022e-02
8.467499999999999361e+00 -8.812466591999999765e-02
8.470000000000000639e+00 -8.848326341999999956e-02
8.472500000000000142e+00 -8.862728005000000686e-02
8.474999999999999645e+00 -8.846265744999999570e-02
8.477499999999999147e+00 -8.861223011999999621e-02
8.480000000000000426e+00 -8.871097327999999393e-02
8.482499999999999929e+00 -8.889691979000000077e-02
8.484999999999999432e+00 -8.894048646999999641e-02
8.487500000000000711e+00 -8.902675880999999514e-02
8.490000000000000213e+00 -8.929207894000000534e-02
8.492499999999999716e+00 -8.916918077999999581e-02
8.494999999999999218e+00 -8.934219286000000260e-02
8.497500000000000497e+00 -8.953037720999999782e-02
8.500000000000000000e+00 -8.952916111000000510e-02
8.502499999999999503e+00 -8.967062699000000192e-02
8.505000000000000782e+00 -8.975046338999999318e-02
8.507500000000000284e+00 -8.987259995000000667e-02
8.509999999999999787e+00 -8.986481687000000274e-02
8.512499999999999289e+00 -8.996775013999999682e-02
8.515000000000000568e+00 -9.001584659000000377e-02
8.517500000000000071e+00 -9.020430993000000397e-02
8.519999999999999574e+00 -9.037225325999999337e-02
8.522500000000000853e+00 -9.046416979999999386e-02
8.525000000000000355e+00 -9.045649138000000367e-02
8.527499999999999858e+00 -9.060554503999999898e-02
8.529999999999999361e+00 -9.084988336999999525e-02
8.532500000000000639e+00 -9.057483372999999838e-02
8.535000000000000142e+00 -9.095090423000000424e-02
8.537499999999999645e+00 -9.085217219999999760e-02
8.539999999999999147e+00 -9.121886242000000478e-02
8.542500000000000426e+00 -9.115078445999999501e-02
8.544999999999999929e+00 -9.111558524000000492e-02
8.547499999999999432e+00 -9.134290944999999551e-02
8.550000000000000711e+00 -9.160107626999999808e-02
8.552500000000000213e+00 -9.167300912999999662e-02
8.554999999999999716e+00 -9.164252085000000603e-02
8.557499999999999218e+00 -9.175393913000000345e-02
8.560000000000000497e+00 -9.177147482000000411e-02
8.562500000000000000e+00 -9.201456815000000344e-02
8.564999999999999503e+00 -9.205845744000000497e-02
8.567500000000000782e+00 -9.206547884999999320e-02
8.570000000000000284e+00 -9.223136804999999827e-02
8.572499999999999787e+00 -9.223737240000000337e-02
8.574999999999999289e+00 -9.250159384999999401e-02
8.577500000000000568e+00 -9.262262052000000412e-02
8.580000000000000071e+00 -9.241388426999999628e-02
8.582499999999999574e+00 -9.275579172999999511e-02
8.585000000000000853e+00 -9.269999764000000364e-02
8.587500000000000355e+00 -9.284753199999999651e-02
8.589999999999999858e+00 -9.282336667000000430e-02
8.592499999999999361e+00 -9.323646629000000019e-02
8.595000000000000639e+00 -9.308046170000000563e-02
8.597500000000000142e+00 -9.351856473000000336e-02
8.599999999999999645e+00 -9.333718379000000009e-02
8.602499999999999147e+00 -9.323765795999999773e-02
8.605000000000000426e+00 -9.346881701999999736e-02
8.607499999999999929e+00 -9.363998480000000624e-02
8.609999999999999432e+00 -9.397365353999999338e-02
8.612500000000000711e+00 -9.389653922000000541e-02
8.615000000000000213e+00 -9.380589398999999995e-02
8.617499999999999716e+00 -9.400279927999999341e-02
8.619999999999999218e+00 -9.398958359999999568e-02
8.622500000000000497e+00 -9.425013248999999926e-02
8.625000000000000000e+00 -9.436354329000000429e-02
8.627499999999999503e+00 -9.452720805000000559e-02
8.630000000000000782e+00 -9.449619822999999474e-02
8.632500000000000284e+00 -9.475446306000000207e-02
8.634999999999999787e+00 -9.478406505000000482e-02
8.637499999999999289e+00 -9.486510135999999538e-02
8.640000000000000568e+00 -9.487929155999999531e-02
8.642500000000000071e+00 -9.494577552999999837e-02
8.644999999999999574e+00 -9.508613820000000327e-02
8.647500000000000853e+00 -9.520480017000000628e-02
8.650000000000000355e+00 -9.509213855999999743e-02
8.652499999999999858e+00 -9.550777543999999786e-02
8.654999999999999361e+00 -9.544068345999999481e-02
8.657500000000000639e+00 -9.567456138999999582e-02
8.660000000000000142e+00 -9.571702806000000063e-02
8.662499999999999645e+00 -9.600298597999999684e-02
8.664999999999999147e+00 -9.598421196999999683e-02
8.667500000000000426e+00 -9.586027255000000025e-02
8.669999999999999929e+00 -9.615374057999999391e-02
8.672499999999999432e+00 -9.609687299999999932e-02
8.675000000000000711e+00 -9.647787095000000257e-02
8.677500000000000213e+00 -9.632244480000000386e-02
8.679999999999999716e+00 -9.666608823000000239e-02
8.682499999999999218e+00 -9.663891210000000176e-02
8.685000000000000497e+00 -9.657180090000000439e-02
8.687500000000000000e+00 -9.687189357000000611e-02
8.689999999999999503e+00 -9.695992081000000262e-02
8.692500000000000782e+00 -9.713680886000000680e-02
8.695000000000000284e+00 -9.692103918000000151e-02
8.697499999999999787e+00 -9.741000064999999486e-02
8.699999999999999289e+00 -9.717677277000000280e-02
8.702500000000000568e+00 -9.741529938000000055e-02
8.705000000000000071e+00 -9.744087918999999598e-02
8.707499999999999574e+00 -9.761688629999999700e-02
8.710000000000000853e+00 -9.763880177000000549e-02
8.712500000000000355e+00 -9.807455254999999927e-02
8.714999999999999858e+00 -9.795756294000000641e-02
8.717499999999999361e+00 -9.819376472999999383e-02
8.720000000000000639e+00 -9.835182368000000563e-02
8.722500000000000142e+00 -9.823264312000000442e-02
8.724999999999999645e+00 -9.857563833000000664e-02
8.727499999999999147e+00 -9.838280551000000429e-02
8.730000000000000426e+00 -9.853123296999999337e-02
8.732499999999999929e+00 -9.866468050000000434e-02
8.734999999999999432e+00 -9.895700150000000250e-02
8.737500000000000711e+00 -9.888605958000000473e-02
8.740000000000000213e+00 -9.892844081000000400e-02
8.742499999999999716e+00 -9.923436446000000188e-02
8.744999999999999218e+00 -9.908476730000000121e-02
8.747500000000000497e+00 -9.926603941000000653e-02
8.750000000000000000e+00 -9.931867141000000343e-02
8.752499999999999503e+00 -9.962297962999999701e-02
8.755000000000000782e+00 -9.942940747999999551e-02
8.757500000000000284e+00 -9.976238232999999622e-02
8.759999999999999787e+00 -9.981908026999999906e-02
8.762499999999999289e+00 -1.001656759000000008e-01
8.765000000000000568e+00 -9.987445121999999342e-02
8.767500000000000071e+00 -1.000989022000000062e-01
8.769999999999999574e+00 -1.000800760000000039e-01
8.772500000000000853e+00 -1.002317286000000002e-01
8.775000000000000355e+00 -1.003206296000000025e-01
8.777499999999999858e+00 -1.004018227000000041e-01
8.779999999999999361e+00 -1.008239917999999985e-01
8.782500000000000639e+00 -1.007479346000000053e-01
8.785000000000000142e+00 -1.006470953000000029e-01
8.787499999999999645e+00 -1.010789069000000012e-01
8.789999999999999147e+00 -1.009839094999999964e-01
8.792500000000000426e+00 -1.010208964999999987e-01
8.794999999999999929e+00 -1.011277748000000004e-01
8.797499999999999432e+00 -1.014112800000000064e-01
8.800000000000000711e+00 -1.014634697999999974e-01
8.802500000000000213e+00 -1.012885921000000050e-01
8.804999999999999716e+00 -1.017415747000000037e-01
8.807499999999999218e+00 -1.018245480000000008e-01
8.810000000000000497e+00 -1.020579949999999986e-01
8.812500000000000000e+00 -1.020817098999999978e-01
8.814999999999999503e+00 -1.023414388000000036e-01
8.817500000000000782e+00 -1.022346845000000060e-01
8.820000000000000284e+00 -1.022281404999999949e-01
8.822499999999999787e+00 -1.025838354999999980e-01
8.824999999999999289e+00 -1.023192755000000009e-01
8.827500000000000568e+00 -1.027523491000000011e-01
8.830000000000000071e+00 -1.025315199000000066e-01
8.832499999999999574e+00 -1.031370035000000046e-01
8.835000000000000853e+00 -1.030142106000000030e-01
8.837500000000000355e+00 -1.029793316999999958e-01
8.839999999999999858e+00 -1.031113428999999998e-01
8.842499999999999361e+00 -1.032160327999999960e-01
8.845000000000000639e+00 -1.034633870000000039e-01
8.847500000000000142e+00 -1.033599278000000010e-01
8.849999999999999645e+00 -1.036389013999999970e-01
8.852499999999999147e+00 -1.036406965000000041e-01
8.855000000000000426e+00 -1.036420962000000057e-01
8.857499999999999929e+00 -1.040663336000000050e-01
8.859999999999999432e+00 -1.040516680999999943e-01
8.862500000000000711e+00 -1.041414095999999984e-01
8.865000000000000213e+00 -1.042394861000000006e-01
8.867499999999999716e+00 -1.043686412999999952e-01
8.869999999999999218e+00 -1.047018621999999954e-01
8.872500000000000497e+00 -1.046402277000000047e-01
8.875000000000000000e+00 -1.047702474000000022e-01
8.877499999999999503e+00 -1.047145109999999962e-01
8.880000000000000782e+00 -1.047665668999999966e-01
8.882500000000000284e+00 -1.051332192999999970e-01
8.884999999999999787e+00 -1.050466315000000012e-01
8.887499999999999289e+00 -1.051443581000000016e-01
8.890000000000000568e+00 -1.053934514999999988e-01
8.892500000000000071e+00 -1.055382737999999987e-01
8.894999999999999574e+00 -1.054901144999999957e-01
8.897500000000000853e+00 -1.057419629999999944e-01
8.900000000000000355e+00 -1.057670183000000014e-01
8.902499999999999858e+00 -1.061724304999999979e-01
8.904999999999999361e+00 -1.062320932999999967e-01
8.907500000000000639e+00 -1.061126802999999980e-01
8.910000000000000142e+00 -1.065325741999999937e-01
8.912499999999999645e+00 -1.064487570000000050e-01
8.914999999999999147e+00 -1.064770891000000053e-01
8.917500000000000426e+00 -1.065296733999999967e-01
8.919999999999999929e+00 -1.065676017999999947e-01
8.922499999999999432e+00 -1.068667281000000024e-01
8.925000000000000711e+00 -1.069366488000000059e-01
8.927500000000000213e+00 -1.070571894000000024e-01
8.929999999999999716e+00 -1.071987992999999945e-01
8.932499999999999218e+00 -1.074401682000000052e-01
8.935000000000000497e+00 -1.072874010999999989e-01
8.937500000000000000e+00 -1.074383973000000020e-01
8.939999999999999503e+00 -1.075862469000000016e-01
8.942500000000000782e+00 -1.078904935999999981e-01
8.945000000000000284e+00 -1.078115620999999941e-01
8.947499999999999787e+00 -1.080871674000000032e-01
8.949999999999999289e+00 -1.080430760999999962e-01
8.952500000000000568e+00 -1.081462848000000060e-01
8.955000000000000071e+00 -1.083855519000000017e-01
8.957499999999999574e+00 -1.082948277999999931e-01
8.960000000000000853e+00 -1.086000552000000036e-01
8.962500000000000355e+00 -1.087218744999999959e-01
8.964999999999999858e+00 -1.087191925000000059e-01
8.967499999999999361e+00 -1.088077516000000022e-01
8.970000000000000639e+00 -1.090172222999999940e-01
8.972500000000000142e+00 -1.093263124999999947e-01
8.974999999999999645e+00 -1.093091677000000012e-01
8.977499999999999147e+00 -1.094663173000000045e-01
8.980000000000000426e+00 -1.095428289999999943e-01
8.982499999999999929e+00 -1.095873608999999999e-01
8.984999999999999432e+00 -1.097806122000000023e-01
8.987500000000000711e+00 -1.098640807999999996e-01
8.990000000000000213e+00 -1.099270771000000063e-01
8.992499999999999716e+00 -1.099588746000000061e-01
8.994999999999999218e+00 -1.101555886000000067e-01
8.997500000000000497e+00 -1.104006468000000019e-01
9.000000000000000000e+00 -1.104323554000000013e-01
9.002499999999999503e+00 -1.104345213000000048e-01
9.005000000000000782e+00 -1.105768986000000009e-01
9.007500000000000284e+00 -1.107178773999999977e-01
9.009999999999999787e+00 -1.109723284999999948e-01
9.012499999999999289e+00 -1.109763509000000065e-01
9.015000000000000568e+00 -1.112430268000000055e-01
9.017500000000000071e+00 -1.110433432999999998e-01
9.019999999999999574e+00 -1.112996957000000064e-01
9.022500000000000853e+00 -1.114865035000000004e-01
9.025000000000000355e+00 -1.117853473999999986e-01
9.027499999999999858e+00 -1.118752910999999961e-01
9.029999999999999361e+00 -1.118679387000000025e-01
9.032500000000000639e+00 -1.121237615000000021e-01
9.035000000000000142e+00 -1.118453363999999950e-01
9.037499999999999645e+00 -1.121771909999999955e-01
9.039999999999999147e+00 -1.122050366999999965e-01
9.042500000000000426e+00 -1.125822392999999977e-01
9.044999999999999929e+00 -1.125834099999999949e-01
9.047499999999999432e+00 -1.127970791999999972e-01
9.050000000000000711e+00 -1.128274234000000015e-01
9.052500000000000213e+00 -1.126530971999999964e-01
9.054999999999999716e+00 -1.129511405000000052e-01
9.057499999999999218e+00 -1.129932651999999982e-01
9.060000000000000497e+00 -1.132241390999999958e-01
9.062500000000000000e+00 -1.133446265000000036e-01
9.064999999999999503e+00 -1.134526153999999981e-01
9.067500000000000782e+00 -1.137138932999999935e-01
9.070000000000000284e+00 -1.134465320000000027e-01
9.072499999999999787e+00 -1.138472199000000046e-01
9.074999999999999289e+00 -1.141630529000000061e-01
9.077500000000000568e+00 -1.140979641000000044e-01
9.080000000000000071e+00 -1.144065984000000036e-01
9.082499999999999574e+00 -1.144327019999999973e-01
9.085000000000000853e+00 -1.145875115000000027e-01
9.087500000000000355e+00 -1.147609809000000036e-01
9.089999999999999858e+00 -1.143972473999999989e-01
9.092499999999999361e+00 -1.151440688999999934e-01
9.095000000000000639e+00 -1.150303580999999936e-01
9.097500000000000142e+00 -1.150652610000000020e-01
9.099999999999999645e+00 -1.153994235999999951e-01
9.102499999999999147e+00 -1.154607418999999968e-01
9.105000000000000426e+00 -1.154567841000000011e-01
9.107499999999999929e+00 -1.155163490000000043e-01
9.109999999999999432e+00 -1.157689848999999965e-01
9.112500000000000711e+00 -1.156697198999999954e-01
9.115000000000000213e+00 -1.161173642000000034e-01
9.117499999999999716e+00 -1.162078837999999947e-01
9.119999999999999218e+00 -1.163284195999999965e-01
9.122500000000000497e+00 -1.162463247000000005e-01
9.125000000000000000e+00 -1.163771076999999959e-01
9.127499999999999503e+00 -1.165822452999999981e-01
9.130000000000000782e+00 -1.163543932000000031e-01
9.132500000000000284e+00 -1.171852411000000038e-01
9.134999999999999787e+00 -1.166046314000000056e-01
9.137499999999999289e+00 -1.169292467999999974e-01
9.140000000000000568e+00 -1.172322278999999995e-01
9.142500000000000071e+00 -1.169382573999999952e-01
9.144999999999999574e+00 -1.175360024000000059e-01
9.147500000000000853e+00 -1.177290623000000064e-01
9.150000000000000355e+00 -1.176812064999999963e-01
9.152499999999999858e+00 -1.177259769000000011e-01
9.154999999999999361e+00 -1.177743710000000027e-01
9.157500000000000639e+00 -1.178838613999999979e-01
9.160000000000000142e+00 -1.183429062999999948e-01
9.162499999999999645e+00 -1.185043322000000066e-01
9.164999999999999147e+00 -1.184300291000000005e-01
9.167500000000000426e+00 -1.185020373999999960e-01
9.169999999999999929e+00 -1.185336414000000005e-01
9.172499999999999432e+00 -1.189134455000000062e-01
9.175000000000000711e+00 -1.190353692000000047e-01
9.177500000000000213e+00 -1.189560588999999946e-01
9.179999999999999716e+00 -1.193425677999999934e-01
9.182499999999999218e+00 -1.189048973000000065e-01
9.185000000000000497e+00 -1.195034957000000037e-01
9.187500000000000000e+00 -1.194940485999999996e-01
9.189999999999999503e+00 -1.200024764999999966e-01
9.192500000000000782e+00 -1.198144513999999938e-01
9.195000000000000284e+00 -1.199389876000000049e-01
9.197499999999999787e+00 -1.200121504000000033e-01
9.199999999999999289e+00 -1.202386139999999937e-01
9.202500000000000568e+00 -1.203750078000000029e-01
9.205000000000000071e+00 -1.206381952000000063e-01
9.207499999999999574e+00 -1.208147103000000028e-01
9.210000000000000853e+00 -1.205574851000000003e-01
9.212500000000000355e+00 -1.207561172999999932e-01
9.214999999999999858e+00 -1.208425996000000030e-01
9.217499999999999361e+00 -1.211897787999999948e-01
9.220000000000000639e+00 -1.213290050000000037e-01
9.222500000000000142e+00 -1.215395875000000042e-01
9.224999999999999645e+00 -1.214482858999999942e-01
9.227499999999999147e+00 -1.218224834000000006e-01
9.230000000000000426e+00 -1.218706519000000016e-01
9.232499999999999929e+00 -1.218291687999999984e-01
9.234999999999999432e+00 -1.219125181000000058e-01
9.237500000000000711e+00 -1.222194865000000019e-01
9.240000000000000213e+00 -1.225184183000000010e-01
9.242499999999999716e+00 -1.224411413000000004e-01
9.244999999999999218e+00 -1.228219200000000011e-01
9.247500000000000497e+00 -1.228914096999999955e-01
9.250000000000000000e+00 -1.227272070000000048e-01
9.252499999999999503e+00 -1.232722249999999992e-01
9.255000000000000782e+00 -1.232493147000000011e-01
9.257500000000000284e+00 -1.232808189999999998e-01
9.259999999999999787e+00 -1.234320012000000022e-01
9.262499999999999289e+00 -1.234811672999999999e-01
9.265000000000000568e+00 -1.236488775999999984e-01
9.267500000000000071e+00 -1.236294042000000010e-01
9.269999999999999574e+00 -1.238945030999999974e-01
9.272500000000000853e+00 -1.242178726999999955e-01
9.275000000000000355e+00 -1.240681517999999983e-01
9.277499999999999858e+00 -1.244646029999999931e-01
9.279999999999999361e+00 -1.244097844999999952e-01
9.282500000000000639e+00 -1.247266778000000048e-01
9.285000000000000142e+00 -1.248032007999999998e-01
9.287499999999999645e+00 -1.249261430999999978e-01
9.289999999999999147e+00 -1.251118458999999905e-01
9.292500000000000426e+00 -1.252105753999999960e-01
9.294999999999999929e+00 -1.255069950000000101e-01
9.297499999999999432e+00 -1.252401133000000111e-01
9.300000000000000711e+00 -1.254754399000000131e-01
9.302500000000000213e+00 -1.259680559999999949e-01
9.304999999999999716e+00 -1.259194714999999909e-01
9.307499999999999218e+00 -1.258656172000000018e-01
9.310000000000000497e+00 -1.260183125000000071e-01
9.312500000000000000e+00 -1.263245902000000032e-01
9.314999999999999503e+00 -1.264169243999999914e-01
9.317500000000000782e+00 -1.266501409000000133e-01
9.320000000000000284e+00 -1.267305824999999941e-01
9.322499999999999787e+00 -1.267187750999999862e-01
9.324999999999999289e+00 -1.269128258999999981e-01
9.327500000000000568e+00 -1.268825282999999915e-01
9.330000000000000071e+00 -1.274666382999999903e-01
9.332499999999999574e+00 -1.276498678000000109e-01
9.335000000000000853e+00 -1.274653735000000065e-01
9.337500000000000355e+00 -1.276775035000000114e-01
9.339999999999999858e+00 -1.277357383999999929e-01
9.342499999999999361e+00 -1.281026896000000137e-01
9.345000000000000639e+00 -1.281536514000000127e-01
9.347500000000000142e+00 -1.285767560999999948e-01
9.349999999999999645e+00 -1.284717837000000085e-01
9.352499999999999147e+00 -1.286620662000000082e-01
9.355000000000000426e+00 -1.285350024999999952e-01
9.357499999999999929e+00 -1.289439400000000069e-01
9.359999999999999432e+00 -1.291007023999999892e-01
9.362500000000000711e+00 -1.290037863999999868e-01
9.365000000000000213e+00 -1.292064870000000087e-01
9.367499999999999716e+00 -1.293272799999999889e-01
9.369999999999999218e+00 -1.295800008000000114e-01
9.372500000000000497e+00 -1.296499459999999881e-01
9.375000000000000000e+00 -1.301720862000000090e-01
9.377499999999999503e+00 -1.299217497000000054e-01
9.380000000000000782e+00 -1.301863538999999959e-01
9.382500000000000284e+00 -1.302315162999999887e-01
9.384999999999999787e+00 -1.303851927000000133e-01
9.387499999999999289e+00 -1.304120521999999893e-01
9.390000000000000568e+00 -1.307361673000000113e-01
9.392500000000000071e+00 -1.307009997999999951e-01
9.394999999999999574e+00 -1.306937677999999992e-01
9.397500000000000853e+00 -1.311331125000000097e-01
9.400000000000000355e+00 -1.309619493999999995e-01
9.402499999999999858e+00 -1.312538564000000074e-01
9.404999999999999361e+00 -1.314594386999999864e-01
9.407500000000000639e+00 -1.317917930999999987e-01
9.410000000000000142e+00 -1.317465592000000019e-01
9.412499999999999645e+00 -1.320225183000000024e-01
9.414999999999999147e+00 -1.321753394999999887e-01
9.417500000000000426e+00 -1.321930162999999936e-01
9.419999999999999929e+00 -1.324320938999999919e-01
9.422499999999999432e+00 -1.324206655999999871e-01
9.425000000000000711e+00 -1.329288170000000047e-01
9.427500000000000213e+00 -1.331207511999999982e-01
9.429999999999999716e+00 -1.327599546000000075e-01
9.432499999999999218e+00 -1.330567646999999964e-01
9.435000000000000497e+00 -1.331027502999999890e-01
9.437500000000000000e+00 -1.334618073999999932e-01
9.439999999999999503e+00 -1.336284553000000042e-01
9.442500000000000782e+00 -1.340120454000000016e-01
9.445000000000000284e+00 -1.339906435999999867e-01
9.447499999999999787e+00 -1.339896344000000017e-01
9.449999999999999289e+00 -1.339268618999999994e-01
9.452500000000000568e+00 -1.343740261999999963e-01
9.455000000000000071e+00 -1.344992114000000127e-01
9.457499999999999574e+00 -1.346077562999999921e-01
9.460000000000000853e+00 -1.346169388000000022e-01
9.462500000000000355e+00 -1.348918890999999953e-01
9.464999999999999858e+00 -1.351463085000000064e-01
9.467499999999999361e+00 -1.353561322999999872e-01
9.470000000000000639e+00 -1.355294820999999872e-01
9.472500000000000142e+00 -1.352751972000000025e-01
9.474999999999999645e+00 -1.356338958999999955e-01
9.477499999999999147e+00 -1.359470633000000039e-01
9.480000000000000426e+00 -1.357821372999999943e-01
9.482499999999999929e+00 -1.362763297000000040e-01
9.484999999999999432e+00 -1.364661621000000102e-01
9.487500000000000711e+00 -1.365055081999999864e-01
9.490000000000000213e+00 -1.364579294000000109e-01
9.492499999999999716e+00 -1.368877269999999868e-01
9.494999999999999218e+00 -1.371569713999999940e-01
9.497500000000000497e+00 -1.369284245999999872e-01
9.500000000000000000e+00 -1.370897983000000098e-01
9.502499999999999503e+00 -1.374917918000000128e-01
9.505000000000000782e+00 -1.373750008000000078e-01
9.507500000000000284e+00 -1.379977595999999918e-01
9.509999999999999787e+00 -1.379175759000000057e-01
9.512499999999999289e+00 -1.381033577000000123e-01
9.515000000000000568e+00 -1.379584778999999872e-01
9.517500000000000071e+00 -1.382214562000000091e-01
9.519999999999999574e+00 -1.384478745999999927e-01
9.522500000000000853e+00 -1.385225968000000085e-01
9.525000000000000355e+00 -1.388422887000000105e-01
9.527499999999999858e+00 -1.389537305999999917e-01
9.529999999999999361e+00 -1.392590096999999916e-01
9.532500000000000639e+00 -1.391221414999999906e-01
9.535000000000000142e+00 -1.394168151000000078e-01
9.537499999999999645e+00 -1.398217727999999938e-01
9.539999999999999147e+00 -1.397687998000000098e-01
9.542500000000000426e+00 -1.397655791999999897e-01
9.544999999999999929e+00 -1.398921351999999896e-01
9.547499999999999432e+00 -1.400036554999999905e-01
9.550000000000000711e+00 -1.402629414000000074e-01
9.552500000000000213e+00 -1.403582218999999964e-01
9.554999999999999716e+00 -1.408274898999999913e-01
9.557499999999999218e+00 -1.406923654999999995e-01
9.560000000000000497e+00 -1.408641851000000111e-01
9.562500000000000000e+00 -1.411681734000000132e-01
9.564999999999999503e+00 -1.412038975000000085e-01
9.567500000000000782e+00 -1.413573921999999872e-01
9.570000000000000284e+00 -1.413542020000000121e-01
9.572499999999999787e+00 -1.418968415000000094e-01
9.574999999999999289e+00 -1.420478155999999881e-01
9.577500000000000568e+00 -1.420681766999999929e-01
9.580000000000000071e+00 -1.420713768999999904e-01
9.582499999999999574e+00 -1.426242866999999914e-01
9.585000000000000853e+00 -1.423868071999999929e-01
9.587500000000000355e+00 -1.428839390999999959e-01
9.589999999999999858e+00 -1.429595986999999957e-01
9.592499999999999361e+00 -1.430181594999999917e-01
9.595000000000000639e+00 -1.435000328999999908e-01
9.597500000000000142e+00 -1.435661534000000072e-01
9.599999999999999645e+00 -1.436892604999999989e-01
9.602499999999999147e+00 -1.438556105000000085e-01
9.605000000000000426e+00 -1.439279606999999961e-01
9.607499999999999929e+00 -1.440773821000000121e-01
9.609999999999999432e+00 -1.446125070000000012e-01
9.612500000000000711e+00 -1.441167117999999914e-01
9.615000000000000213e+00 -1.445527655999999939e-01
9.617499999999999716e+00 -1.448652366000000025e-01
9.619999999999999218e+00 -1.449748255999999957e-01
9.622500000000000497e+00 -1.451008572999999968e-01
9.625000000000000000e+00 -1.451653371000000137e-01
9.627499999999999503e+00 -1.455222528000000015e-01
9.630000000000000782e+00 -1.457399275000000050e-01
9.632500000000000284e+00 -1.456221940999999909e-01
9.634999999999999787e+00 -1.457852162999999923e-01
9.637499999999999289e+00 -1.460191594999999953e-01
9.640000000000000568e+00 -1.462066881999999901e-01
9.642500000000000071e+00 -1.466120794000000116e-01
9.644999999999999574e+00 -1.465889110999999967e-01
9.647500000000000853e+00 -1.467723355999999979e-01
9.650000000000000355e+00 -1.467969422000000024e-01
9.652499999999999858e+00 -1.468132171000000041e-01
9.654999999999999361e+00 -1.473067921000000002e-01
9.657500000000000639e+00 -1.474873389999999951e-01
9.660000000000000142e+00 -1.473532610000000131e-01
9.662499999999999645e+00 -1.478931709999999899e-01
9.664999999999999147e+00 -1.480289465000000082e-01
9.667500000000000426e+00 -1.479841135999999946e-01
9.669999999999999929e+00 -1.480949005999999957e-01
9.672499999999999432e+00 -1.486082518999999880e-01
9.675000000000000711e+00 -1.487055646000000064e-01
9.677500000000000213e+00 -1.489530842000000022e-01
9.679999999999999716e+00 -1.490728393000000096e-01
9.682499999999999218e+00 -1.491250665999999947e-01
9.685000000000000497e+00 -1.490288969000000130e-01
9.687500000000000000e+00 -1.493473613999999894e-01
9.689999999999999503e+00 -1.498758544000000081e-01
9.692500000000000782e+00 -1.498884615999999947e-01
9.695000000000000284e+00 -1.500488403000000137e-01
9.697499999999999787e+00 -1.502817412999999935e-01
9.699999999999999289e+00 -1.503835088000000098e-01
9.702500000000000568e+00 -1.505359421999999947e-01
9.705000000000000071e+00 -1.509978302999999966e-01
9.707499999999999574e+00 -1.511077717000000042e-01
9.710000000000000853e+00 -1.511056848000000008e-01
9.712500000000000355e+00 -1.513537963000000097e-01
9.714999999999999858e+00 -1.514609420999999956e-01
9.717499999999999361e+00 -1.518660661000000023e-01
9.720000000000000639e+00 -1.516274247000000130e-01
9.722500000000000142e+00 -1.520729580000000081e-01
9.724999999999999645e+00 -1.523077582000000041e-01
9.727499999999999147e+00 -1.523053276999999928e-01
9.730000000000000426e+00 -1.527143673999999951e-01
9.732499999999999929e+00 -1.527349981999999995e-01
9.734999999999999432e+00 -1.526214075000000003e-01
9.737500000000000711e+00 -1.531605525999999995e-01
9.740000000000000213e+00 -1.534461460000000055e-01
9.742499999999999716e+00 -1.535204189999999913e-01
9.744999999999999218e+00 -1.531354373999999907e-01
9.747500000000000497e+00 -1.535688219999999937e-01
9.750000000000000000e+00 -1.537941931000000040e-01
9.752499999999999503e+00 -1.542321019000000015e-01
9.755000000000000782e+00 -1.543567147000000084e-01
9.757500000000000284e+00 -1.546160628999999898e-01
9.759999999999999787e+00 -1.549455536000000078e-01
9.762499999999999289e+00 -1.547652640999999940e-01
9.765000000000000568e+00 -1.552540957000000110e-01
9.767500000000000071e+00 -1.554810132999999983e-01
9.769999999999999574e+00 -1.555271400999999887e-01
9.772500000000000853e+00 -1.556221486000000098e-01
9.775000000000000355e+00 -1.557706691000000088e-01
9.777499999999999858e+00 -1.559392347000000123e-01
9.779999999999999361e+00 -1.560381717000000057e-01
9.782500000000000639e+00 -1.564581976999999957e-01
9.785000000000000142e+00 -1.564999370000000056e-01
9.787499999999999645e+00 -1.568038992000000131e-01
9.789999999999999147e+00 -1.567888406000000068e-01
9.792500000000000426e+00 -1.572348852999999880e-01
9.794999999999999929e+00 -1.574256763999999920e-01
9.797499999999999432e+00 -1.572839490000000062e-01
9.800000000000000711e+00 -1.576205759000000040e-01
9.802500000000000213e+00 -1.581982150000000031e-01
9.804999999999999716e+00 -1.581788774000000009e-01
9.807499999999999218e+00 -1.581393379000000099e-01
9.810000000000000497e+00 -1.586388441999999899e-01
9.812500000000000000e+00 -1.587332630000000133e-01
9.814999999999999503e+00 -1.586468242000000084e-01
9.817500000000000782e+00 -1.588717681000000048e-01
9.820000000000000284e+00 -1.589743570999999911e-01
9.822499999999999787e+00 -1.593621275000000059e-01
9.824999999999999289e+00 -1.595923957000000004e-01
9.827500000000000568e+00 -1.597156550000000119e-01
9.830000000000000071e+00 -1.602025653999999966e-01
9.832499999999999574e+00 -1.603304399000000102e-01
9.835000000000000853e+00 -1.603456614999999863e-01
9.837500000000000355e+00 -1.605164048000000121e-01
9.839999999999999858e+00 -1.607941231999999998e-01
9.842499999999999361e+00 -1.611655415000000091e-01
9.845000000000000639e+00 -1.612623467000000033e-01
9.847500000000000142e+00 -1.618211317999999899e-01
9.849999999999999645e+00 -1.612018872000000047e-01
9.852499999999999147e+00 -1.615895629999999916e-01
9.855000000000000426e+00 -1.621390067000000046e-01
9.857499999999999929e+00 -1.621226459000000009e-01
9.859999999999999432e+00 -1.623728999999999867e-01
9.862500000000000711e+00 -1.627505794000000117e-01
9.865000000000000213e+00 -1.626390476000000029e-01
9.867499999999999716e+00 -1.629111742000000085e-01
9.869999999999999218e+00 -1.629110732999999867e-01
9.872500000000000497e+00 -1.631356632000000029e-01
9.875000000000000000e+00 -1.634974456999999937e-01
9.877499999999999503e+00 -1.635135822000000072e-01
9.880000000000000782e+00 -1.638726010999999871e-01
9.882500000000000284e+00 -1.638534232999999951e-01
9.884999999999999787e+00 -1.645463604000000080e-01
9.887499999999999289e+00 -1.645539993000000034e-01
9.890000000000000568e+00 -1.647372223000000135e-01
9.892500000000000071e+00 -1.646470288000000115e-01
9.894999999999999574e+00 -1.651560233000000100e-01
9.897500000000000853e+00 -1.651528243000000007e-01
9.900000000000000355e+00 -1.655809796999999917e-01
9.902499999999999858e+00 -1.657002941000000062e-01
9.904999999999999361e+00 -1.660900781000000104e-01
9.907500000000000639e+00 -1.663157762999999956e-01
9.910000000000000142e+00 -1.669342359000000053e-01
9.912499999999999645e+00 -1.666672104999999959e-01
9.914999999999999147e+00 -1.668045023999999987e-01
9.917500000000000426e+00 -1.670553415999999902e-01
9.919999999999999929e+00 -1.671866093000000109e-01
9.922499999999999432e+00 -1.672722939999999880e-01
9.925000000000000711e+00 -1.674374405000000066e-01
9.927500000000000213e+00 -1.678606874000000138e-01
9.929999999999999716e+00 -1.680731873999999904e-01
9.932499999999999218e+00 -1.681171964000000019e-01
9.935000000000000497e+00 -1.681651144000000098e-01
9.937500000000000000e+00 -1.682797708999999864e-01
9.939999999999999503e+00 -1.686498830000000004e-01
9.942500000000000782e+00 -1.689686854999999932e-01
9.945000000000000284e+00 -1.694074309999999972e-01
9.947499999999999787e+00 -1.695459690999999991e-01
9.949999999999999289e+00 -1.694574112999999993e-01
9.952500000000000568e+00 -1.700921807000000119e-01
9.955000000000000071e+00 -1.704236484999999968e-01
9.957499999999999574e+00 -1.703044870000000044e-01
9.960000000000000853e+00 -1.706449661999999978e-01
9.962500000000000355e+00 -1.705255595000000068e-01
9.964999999999999858e+00 -1.707540869999999988e-01
9.967499999999999361e+00 -1.713115068999999935e-01
9.970000000000000639e+00 -1.713231346999999904e-01
9.972500000000000142e+00 -1.717177343999999883e-01
9.974999999999999645e+00 -1.718255758999999994e-01
9.977499999999999147e+00 -1.719892350999999986e-01
9.980000000000000426e+00 -1.723898829999999938e-01
9.982499999999999929e+00 -1.722171782999999956e-01
9.984999999999999432e+00 -1.725636131999999934e-01
9.987500000000000711e+00 -1.726532937999999961e-01
9.990000000000000213e+00 -1.730751543000000059e-01
9.992499999999999716e+00 -1.732664254000000070e-01
9.994999999999999218e+00 -1.734831182999999888e-01
9.997500000000000497e+00 -1.738126537999999943e-01
1.000000000000000000e+01 -1.742550320000000041e-01
