0.000000000000000000e+00 2.574647136000000058e-01
2.500000000000000139e-02 2.546146518999999886e-01
5.000000000000000278e-02 2.516840235000000203e-01
7.499999999999999722e-02 2.486728283000000095e-01
1.000000000000000056e-01 2.451961521000000088e-01
1.250000000000000000e-01 2.426707663999999876e-01
1.499999999999999944e-01 2.395019510999999990e-01
1.749999999999999889e-01 2.368841952999999889e-01
2.000000000000000111e-01 2.341077713999999976e-01
2.250000000000000056e-01 2.315794045000000023e-01
2.500000000000000000e-01 2.289478661999999887e-01
2.750000000000000222e-01 2.261942597999999915e-01
2.999999999999999889e-01 2.233811300000000111e-01
3.250000000000000111e-01 2.210868367999999917e-01
3.499999999999999778e-01 2.180939459000000025e-01
3.750000000000000000e-01 2.164313438999999895e-01
4.000000000000000222e-01 2.133535333000000089e-01
4.249999999999999889e-01 2.114058420999999910e-01
4.500000000000000111e-01 2.092147635000000117e-01
4.749999999999999778e-01 2.066082633999999918e-01
5.000000000000000000e-01 2.046040083000000009e-01
5.250000000000000222e-01 2.026563483000000110e-01
5.500000000000000444e-01 2.003758424000000038e-01
5.749999999999999556e-01 1.982203774999999890e-01
5.999999999999999778e-01 1.961692005000000016e-01
6.250000000000000000e-01 1.940712599999999954e-01
6.500000000000000222e-01 1.923004691000000099e-01
6.750000000000000444e-01 1.904071099000000100e-01
6.999999999999999556e-01 1.884962386000000045e-01
7.249999999999999778e-01 1.865532430000000075e-01
7.500000000000000000e-01 1.846120933000000019e-01
7.750000000000000222e-01 1.829198723999999887e-01
8.000000000000000444e-01 1.811246086999999949e-01
8.249999999999999556e-01 1.791625911999999987e-01
8.499999999999999778e-01 1.775592510000000013e-01
8.750000000000000000e-01 1.758036786999999934e-01
9.000000000000000222e-01 1.741981129999999878e-01
9.250000000000000444e-01 1.728682833999999890e-01
9.499999999999999556e-01 1.709152345999999933e-01
9.749999999999999778e-01 1.691335174999999968e-01
1.000000000000000000e+00 1.678004197999999891e-01
1.024999999999999911e+00 1.662830520999999950e-01
1.050000000000000044e+00 1.646264987000000124e-01
1.074999999999999956e+00 1.632586760999999997e-01
1.100000000000000089e+00 1.617785552999999876e-01
1.125000000000000000e+00 1.602787311999999964e-01
1.149999999999999911e+00 1.588937350999999887e-01
1.175000000000000044e+00 1.574569938000000002e-01
1.199999999999999956e+00 1.561146536999999945e-01
1.225000000000000089e+00 1.546246216999999923e-01
1.250000000000000000e+00 1.535216272000000104e-01
1.274999999999999911e+00 1.522179113999999889e-01
1.300000000000000044e+00 1.507286416999999989e-01
1.324999999999999956e+00 1.493837148000000115e-01
1.350000000000000089e+00 1.482066267999999909e-01
1.375000000000000000e+00 1.470354704999999873e-01
1.399999999999999911e+00 1.457230016999999933e-01
1.425000000000000044e+00 1.444306568000000013e-01
1.449999999999999956e+00 1.433475110999999913e-01
1.475000000000000089e+00 1.420966096000000067e-01
1.500000000000000000e+00 1.410937364000000027e-01
1.524999999999999911e+00 1.398705843999999976e-01
1.550000000000000044e+00 1.385683685000000109e-01
1.574999999999999956e+00 1.373924988000000125e-01
1.600000000000000089e+00 1.363653649000000079e-01
1.625000000000000000e+00 1.353381139000000011e-01
1.649999999999999911e+00 1.342325880000000138e-01
1.675000000000000044e+00 1.332795099000000094e-01
1.699999999999999956e+00 1.322030070000000113e-01
1.725000000000000089e+00 1.311801137999999978e-01
1.750000000000000000e+00 1.301503717999999976e-01
1.774999999999999911e+00 1.291497585999999975e-01
1.800000000000000044e+00 1.279886597000000070e-01
1.824999999999999956e+00 1.271673014999999962e-01
1.850000000000000089e+00 1.260590098999999908e-01
1.875000000000000000e+00 1.252101503999999976e-01
1.899999999999999911e+00 1.240306870999999950e-01
1.925000000000000044e+00 1.233164479000000008e-01
1.949999999999999956e+00 1.222376891999999993e-01
1.975000000000000089e+00 1.213487136000000050e-01
2.000000000000000000e+00 1.204149694999999964e-01
2.024999999999999911e+00 1.197116581000000068e-01
2.049999999999999822e+00 1.188374960999999952e-01
2.075000000000000178e+00 1.178781329000000017e-01
2.100000000000000089e+00 1.167966809000000050e-01
2.125000000000000000e+00 1.160477027999999994e-01
2.149999999999999911e+00 1.151950565000000037e-01
2.174999999999999822e+00 1.145745142999999994e-01
2.200000000000000178e+00 1.137150516000000056e-01
2.225000000000000089e+00 1.127068434000000063e-01
2.250000000000000000e+00 1.120456182999999967e-01
2.274999999999999911e+00 1.109859970000000029e-01
2.299999999999999822e+00 1.103464137000000067e-01
2.325000000000000178e+00 1.096558544999999968e-01
2.350000000000000089e+00 1.088643343000000041e-01
2.375000000000000000e+00 1.081424463999999946e-01
2.399999999999999911e+00 1.073634469000000063e-01
2.424999999999999822e+00 1.065364483999999973e-01
2.450000000000000178e+00 1.058174818000000017e-01
2.475000000000000089e+00 1.048535745999999991e-01
2.500000000000000000e+00 1.041296627999999946e-01
2.524999999999999911e+00 1.035552755000000019e-01
2.549999999999999822e+00 1.027588207000000031e-01
2.575000000000000178e+00 1.021450715999999981e-01
2.600000000000000089e+00 1.013189953000000060e-01
2.625000000000000000e+00 1.006827052999999944e-01
2.649999999999999911e+00 9.993454099000000090e-02
2.674999999999999822e+00 9.934683841999999987e-02
2.700000000000000178e+00 9.867924898999999583e-02
2.725000000000000089e+00 9.791641097000000626e-02
2.750000000000000000e+00 9.727696634999999370e-02
2.774999999999999911e+00 9.659110840000000031e-02
2.799999999999999822e+00 9.605707585999999354e-02
2.825000000000000178e+00 9.532038939999999683e-02
2.850000000000000089e+00 9.469668802000000274e-02
2.875000000000000000e+00 9.401562346000000292e-02
2.899999999999999911e+00 9.345738985000000276e-02
2.924999999999999822e+00 9.287194315999999783e-02
2.950000000000000178e+00 9.227606115000000497e-02
2.975000000000000089e+00 9.177064623000000254e-02
3.000000000000000000e+00 9.093375867000000334e-02
3.024999999999999911e+00 9.046863972999999448e-02
3.049999999999999822e+00 8.977516805000000655e-02
3.075000000000000178e+00 8.912874031999999669e-02
3.100000000000000089e+00 8.858058598000000117e-02
3.125000000000000000e+00 8.805529161000000271e-02
3.149999999999999911e+00 8.738450996999999609e-02
3.174999999999999822e+00 8.677939648999999367e-02
3.200000000000000178e+00 8.636041344000000564e-02
3.225000000000000089e+00 8.581125014000000328e-02
3.250000000000000000e+00 8.520172172999999904e-02
3.274999999999999911e+00 8.460924414999999865e-02
3.299999999999999822e+00 8.415937695000000329e-02
3.325000000000000178e+00 8.362869622000000669e-02
3.350000000000000089e+00 8.311541348999999801e-02
3.375000000000000000e+00 8.252790329999999674e-02
3.399999999999999911e+00 8.201858873999999522e-02
3.424999999999999822e+00 8.157358985000000284e-02
3.450000000000000178e+00 8.089283066999999883e-02
3.475000000000000089e+00 8.029803580000000052e-02
3.500000000000000000e+00 7.996060884000000257e-02
3.524999999999999911e+00 7.939776126000000489e-02
3.549999999999999822e+00 7.882035128999999307e-02
3.575000000000000178e+00 7.828787134999999620e-02
3.600000000000000089e+00 7.781191494000000430e-02
3.625000000000000000e+00 7.739217932000000411e-02
3.649999999999999911e+00 7.681082008999999544e-02
3.674999999999999822e+00 7.641878901000000168e-02
3.700000000000000178e+00 7.592399260000000372e-02
3.725000000000000089e+00 7.546536459000000030e-02
3.750000000000000000e+00 7.485000863999999310e-02
3.774999999999999911e+00 7.457426554000000374e-02
3.799999999999999822e+00 7.420245865999999801e-02
3.825000000000000178e+00 7.370188373000000071e-02
3.850000000000000089e+00 7.313250086000000483e-02
3.875000000000000000e+00 7.271486630000000007e-02
3.899999999999999911e+00 7.215940117999999903e-02
3.924999999999999822e+00 7.167137427000000449e-02
3.950000000000000178e+00 7.126312181999999718e-02
3.975000000000000089e+00 7.095557494000000187e-02
4.000000000000000000e+00 7.041283469999999600e-02
4.025000000000000355e+00 7.013205942000000359e-02
4.049999999999999822e+00 6.969625984999999746e-02
4.075000000000000178e+00 6.922173547000000371e-02
4.099999999999999645e+00 6.879460838999999772e-02
4.125000000000000000e+00 6.837821609999999994e-02
4.150000000000000355e+00 6.788168299999999822e-02
4.174999999999999822e+00 6.752041541999999341e-02
4.200000000000000178e+00 6.692795411000000694e-02
4.224999999999999645e+00 6.671141340000000253e-02
4.250000000000000000e+00 6.626416506000000484e-02
4.275000000000000355e+00 6.584856575000000434e-02
4.299999999999999822e+00 6.540322325000000325e-02
4.325000000000000178e+00 6.486426890999999473e-02
4.349999999999999645e+00 6.459185761999999831e-02
4.375000000000000000e+00 6.429498631999999714e-02
4.400000000000000355e+00 6.382449817999999442e-02
4.424999999999999822e+00 6.344232465000000654e-02
4.450000000000000178e+00 6.305126494000000414e-02
4.474999999999999645e+00 6.280597592000000673e-02
4.500000000000000000e+00 6.236149707000000070e-02
4.525000000000000355e+00 6.192196427999999836e-02
4.549999999999999822e+00 6.157866266999999921e-02
4.575000000000000178e+00 6.126191830000000255e-02
4.599999999999999645e+00 6.081906565999999764e-02
4.625000000000000000e+00 6.052011870000000016e-02
4.650000000000000355e+00 6.006637134000000072e-02
4.674999999999999822e+00 5.984851228000000189e-02
4.700000000000000178e+00 5.938878262999999769e-02
4.724999999999999645e+00 5.910576434999999934e-02
4.750000000000000000e+00 5.869506131999999848e-02
4.775000000000000355e+00 5.833184253999999791e-02
4.799999999999999822e+00 5.796167078000000195e-02
4.825000000000000178e+00 5.756656150000000194e-02
4.849999999999999645e+00 5.725105173000000214e-02
4.875000000000000000e+00 5.697583231000000192e-02
4.900000000000000355e+00 5.666026887000000234e-02
4.924999999999999822e+00 5.623902423999999761e-02
4.950000000000000178e+00 5.588512075999999690e-02
4.974999999999999645e+00 5.562435536000000236e-02
5.000000000000000000e+00 5.530527852000000077e-02
5.025000000000000355e+00 5.488833499000000254e-02
5.049999999999999822e+00 5.460703273999999857e-02
5.075000000000000178e+00 5.430645004000000248e-02
5.099999999999999645e+00 5.395995040999999881e-02
5.125000000000000000e+00 5.363152824999999763e-02
5.150000000000000355e+00 5.334423882000000061e-02
5.174999999999999822e+00 5.301408201999999875e-02
5.200000000000000178e+00 5.265763283000000211e-02
5.224999999999999645e+00 5.240980746999999995e-02
5.250000000000000000e+00 5.208165018000000118e-02
5.275000000000000355e+00 5.167774653999999968e-02
5.299999999999999822e+00 5.147587368999999996e-02
5.325000000000000178e+00 5.122724663000000067e-02
5.349999999999999645e+00 5.093688328999999848e-02
5.375000000000000000e+00 5.053495020999999865e-02
5.400000000000000355e+00 5.029599188000000165e-02
5.424999999999999822e+00 4.998796426999999737e-02
5.450000000000000178e+00 4.965409508000000194e-02
5.474999999999999645e+00 4.941380486000000044e-02
5.500000000000000000e+00 4.902880198000000161e-02
5.525000000000000355e+00 4.884552042999999732e-02
5.549999999999999822e+00 4.856085313999999875e-02
5.575000000000000178e+00 4.813719144999999838e-02
5.599999999999999645e+00 4.788078126999999878e-02
5.625000000000000000e+00 4.764796956999999694e-02
5.650000000000000355e+00 4.736563651000000319e-02
5.674999999999999822e+00 4.708638417000000215e-02
5.700000000000000178e+00 4.688510763999999970e-02
5.724999999999999645e+00 4.656434867999999921e-02
5.750000000000000000e+00 4.629601267999999825e-02
5.775000000000000355e+00 4.593185957999999791e-02
5.799999999999999822e+00 4.576813379999999931e-02
5.825000000000000178e+00 4.552110030999999973e-02
5.849999999999999645e+00 4.520681264000000338e-02
5.875000000000000000e+00 4.496815871999999825e-02
5.900000000000000355e+00 4.474833891999999841e-02
5.924999999999999822e+00 4.441222639999999749e-02
5.950000000000000178e+00 4.413373244999999750e-02
5.974999999999999645e+00 4.388433130000000265e-02
6.000000000000000000e+00 4.367544907999999781e-02
6.025000000000000355e+00 4.338860454000000033e-02
6.049999999999999822e+00 4.316329136000000150e-02
6.075000000000000178e+00 4.291938594999999967e-02
6.099999999999999645e+00 4.267000524000000294e-02
6.125000000000000000e+00 4.246168684999999943e-02
6.150000000000000355e+00 4.215580926000000311e-02
6.174999999999999822e+00 4.194442785000000035e-02
6.200000000000000178e+00 4.168096434000000128e-02
6.224999999999999645e+00 4.149633248000000191e-02
6.250000000000000000e+00 4.123703241999999991e-02
6.275000000000000355e+00 4.099578063999999994e-02
6.299999999999999822e+00 4.077548380999999889e-02
6.325000000000000178e+00 4.052145665000000258e-02
6.349999999999999645e+00 4.025066182999999936e-02
6.375000000000000000e+00 4.003854711000000288e-02
6.400000000000000355e+00 3.976025544999999689e-02
6.424999999999999822e+00 3.964273068000000178e-02
6.450000000000000178e+00 3.926057360000000107e-02
6.474999999999999645e+00 3.912551551000000016e-02
6.500000000000000000e+00 3.887230816000000061e-02
6.525000000000000355e+00 3.867986696000000335e-02
6.549999999999999822e+00 3.848165885000000286e-02
6.575000000000000178e+00 3.822221715000000131e-02
6.599999999999999645e+00 3.800159453000000187e-02
6.625000000000000000e+00 3.788362823000000074e-02
6.650000000000000355e+00 3.758259164000000291e-02
6.674999999999999822e+00 3.739320771000000099e-02
6.700000000000000178e+00 3.711995651999999701e-02
6.724999999999999645e+00 3.690881608999999758e-02
6.750000000000000000e+00 3.672459588000000219e-02
6.775000000000000355e+00 3.653325588999999790e-02
6.799999999999999822e+00 3.629490971999999732e-02
6.825000000000000178e+00 3.608366996000000188e-02
6.849999999999999645e+00 3.597837317000000118e-02
6.875000000000000000e+00 3.571889442000000109e-02
6.900000000000000355e+00 3.549884521999999848e-02
6.924999999999999822e+00 3.524283847000000275e-02
6.950000000000000178e+00 3.509392685999999928e-02
6.974999999999999645e+00 3.490278826999999862e-02
7.000000000000000000e+00 3.473826453000000009e-02
7.025000000000000355e+00 3.451351981999999791e-02
7.049999999999999822e+00 3.426992133000000135e-02
7.075000000000000178e+00 3.413673021000000057e-02
7.099999999999999645e+00 3.386286408999999997e-02
7.125000000000000000e+00 3.375678012000000311e-02
7.150000000000000355e+00 3.357746427999999672e-02
7.174999999999999822e+00 3.331129600999999801e-02
7.200000000000000178e+00 3.316236035000000304e-02
7.224999999999999645e+00 3.295514528000000054e-02
7.250000000000000000e+00 3.279395831999999678e-02
7.275000000000000355e+00 3.246105618000000304e-02
7.299999999999999822e+00 3.238046616000000294e-02
7.325000000000000178e+00 3.229444558999999826e-02
7.349999999999999645e+00 3.201408994999999785e-02
7.375000000000000000e+00 3.189375407000000218e-02
7.400000000000000355e+00 3.167572922999999790e-02
7.424999999999999822e+00 3.154384837000000219e-02
7.450000000000000178e+00 3.131820089000000168e-02
7.474999999999999645e+00 3.110911372000000133e-02
7.500000000000000000e+00 3.095083842000000141e-02
7.525000000000000355e+00 3.081604308999999833e-02
7.549999999999999822e+00 3.063890359999999966e-02
7.575000000000000178e+00 3.039561829999999978e-02
7.599999999999999645e+00 3.029517074999999934e-02
7.625000000000000000e+00 3.014047812000000132e-02
7.650000000000000355e+00 2.994593375000000057e-02
7.674999999999999822e+00 2.970284211999999965e-02
7.700000000000000178e+00 2.963978823999999929e-02
7.724999999999999645e+00 2.936524428999999839e-02
7.750000000000000000e+00 2.926044703000000094e-02
7.775000000000000355e+00 2.909382209999999969e-02
7.799999999999999822e+00 2.894614063999999959e-02
7.825000000000000178e+00 2.884091030000000139e-02
7.849999999999999645e+00 2.858445314000000043e-02
7.875000000000000000e+00 2.848062893000000151e-02
7.900000000000000355e+00 2.830702359000000085e-02
7.924999999999999822e+00 2.814308294000000127e-02
7.950000000000000178e+00 2.797284753000000082e-02
7.974999999999999645e+00 2.786094534999999928e-02
8.000000000000000000e+00 2.762293956000000036e-02
8.025000000000000355e+00 2.752151729999999935e-02
8.050000000000000711e+00 2.734459335999999893e-02
8.074999999999999289e+00 2.717242916000000078e-02
8.099999999999999645e+00 2.706515429000000070e-02
8.125000000000000000e+00 2.686432010999999925e-02
8.150000000000000355e+00 2.677030441000000094e-02
8.175000000000000711e+00 2.660713169000000072e-02
8.199999999999999289e+00 2.642015630000000073e-02
8.224999999999999645e+00 2.632661529000000084e-02
8.250000000000000000e+00 2.615636073000000145e-02
8.275000000000000355e+00 2.603100506000000092e-02
8.300000000000000711e+00 2.583032855000000003e-02
8.324999999999999289e+00 2.575726486000000023e-02
8.349999999999999645e+00 2.558955439999999887e-02
8.375000000000000000e+00 2.543305988000000087e-02
8.400000000000000355e+00 2.530541872000000025e-02
8.425000000000000711e+00 2.512805629999999985e-02
8.449999999999999289e+00 2.501687793000000049e-02
8.474999999999999645e+00 2.484390271000000081e-02
8.500000000000000000e+00 2.474352393000000053e-02
8.525000000000000355e+00 2.456999558000000014e-02
8.550000000000000711e+00 2.443212369999999897e-02
8.574999999999999289e+00 2.426724124000000093e-02
8.599999999999999645e+00 2.416227421999999833e-02
8.625000000000000000e+00 2.400578867000000005e-02
8.650000000000000355e+00 2.396571678000000011e-02
8.675000000000000711e+00 2.383668397999999869e-02
8.699999999999999289e+00 2.361071495000000020e-02
8.724999999999999645e+00 2.353041286999999968e-02
8.750000000000000000e+00 2.342883172999999861e-02
8.775000000000000355e+00 2.322871858999999914e-02
8.800000000000000711e+00 2.312492304999999929e-02
8.824999999999999289e+00 2.301919122999999956e-02
8.849999999999999645e+00 2.286775199000000078e-02
8.875000000000000000e+00 2.272824173000000114e-02
8.900000000000000355e+00 2.266746684000000081e-02
8.925000000000000711e+00 2.252716567000000170e-02
8.949999999999999289e+00 2.232509895000000036e-02
8.974999999999999645e+00 2.226690584000000014e-02
9.000000000000000000e+00 2.211926947999999851e-02
9.025000000000000355e+00 2.203282993999999828e-02
9.050000000000000711e+00 2.186399903999999839e-02
9.074999999999999289e+00 2.177968623000000117e-02
9.099999999999999645e+00 2.164325740999999831e-02
9.125000000000000000e+00 2.150415435999999958e-02
9.150000000000000355e+00 2.139489927000000000e-02
9.175000000000000711e+00 2.128275778999999882e-02
9.199999999999999289e+00 2.117690874000000001e-02
9.224999999999999645e+00 2.100376798000000086e-02
9.250000000000000000e+00 2.094352706999999883e-02
9.275000000000000355e+00 2.076481369999999896e-02
9.300000000000000711e+00 2.071040873000000102e-02
9.324999999999999289e+00 2.056173135999999832e-02
9.349999999999999645e+00 2.049259206999999930e-02
9.375000000000000000e+00 2.034616787000000093e-02
9.400000000000000355e+00 2.029143876999999971e-02
9.425000000000000711e+00 2.010384797000000154e-02
9.449999999999999289e+00 1.999564020999999858e-02
9.474999999999999645e+00 1.988245295000000065e-02
9.500000000000000000e+00 1.979725515000000172e-02
9.525000000000000355e+00 1.967065243000000116e-02
9.550000000000000711e+00 1.956972698000000038e-02
9.574999999999999289e+00 1.945034902000000038e-02
9.599999999999999645e+00 1.933438075000000131e-02
9.625000000000000000e+00 1.919956905000000033e-02
9.650000000000000355e+00 1.910996565000000133e-02
9.675000000000000711e+00 1.907261766999999997e-02
9.699999999999999289e+00 1.889568514000000005e-02
9.724999999999999645e+00 1.877883160000000037e-02
9.750000000000000000e+00 1.872946026000000055e-02
9.775000000000000355e+00 1.863728720000000158e-02
9.800000000000000711e+00 1.850414972000000158e-02
9.824999999999999289e+00 1.843317728000000086e-02
9.849999999999999645e+00 1.832502277999999846e-02
9.875000000000000000e+00 1.818523349000000094e-02
9.900000000000000355e+00 1.809254873999999874e-02
9.925000000000000711e+00 1.798537944999999832e-02
9.949999999999999289e+00 1.786998000000000059e-02
9.974999999999999645e+00 1.780187139999999876e-02
1.000000000000000000e+01 1.773089657000000152e-02
1.002500000000000036e+01 1.763221807000000044e-02
1.005000000000000071e+01 1.752808428999999904e-02
1.007499999999999929e+01 1.742065547000000089e-02
1.009999999999999964e+01 1.730103528999999904e-02
1.012500000000000000e+01 1.724510053000000154e-02
1.015000000000000036e+01 1.715571835999999892e-02
1.017500000000000071e+01 1.704490310999999883e-02
1.019999999999999929e+01 1.695201073999999877e-02
1.022499999999999964e+01 1.688516261000000060e-02
1.025000000000000000e+01 1.680149896999999851e-02
1.027500000000000036e+01 1.666453869999999851e-02
1.030000000000000071e+01 1.658530282000000161e-02
1.032499999999999929e+01 1.649938290999999890e-02
1.034999999999999964e+01 1.643850592999999971e-02
1.037500000000000000e+01 1.630179996999999922e-02
1.040000000000000036e+01 1.624126932999999870e-02
1.042500000000000071e+01 1.614580649999999840e-02
1.044999999999999929e+01 1.605266396000000137e-02
1.047499999999999964e+01 1.593688669999999974e-02
1.050000000000000000e+01 1.591207872000000023e-02
1.052500000000000036e+01 1.575633367000000076e-02
1.055000000000000071e+01 1.570261380000000095e-02
1.057499999999999929e+01 1.560744026999999999e-02
1.059999999999999964e+01 1.554704869000000066e-02
1.062500000000000000e+01 1.543045929000000024e-02
1.065000000000000036e+01 1.538344227000000043e-02
1.067500000000000071e+01 1.529304803999999990e-02
1.069999999999999929e+01 1.522493404000000057e-02
1.072499999999999964e+01 1.511858831000000014e-02
1.075000000000000000e+01 1.502068045999999969e-02
1.077500000000000036e+01 1.492555188999999949e-02
1.080000000000000071e+01 1.484073349000000069e-02
1.082499999999999929e+01 1.477956667999999994e-02
1.084999999999999964e+01 1.472569909000000059e-02
1.087500000000000000e+01 1.460246274000000059e-02
1.090000000000000036e+01 1.452246924999999952e-02
1.092500000000000071e+01 1.447170983000000029e-02
1.094999999999999929e+01 1.435412760999999968e-02
1.097499999999999964e+01 1.428670353000000004e-02
1.100000000000000000e+01 1.420472937000000040e-02
1.102500000000000036e+01 1.414112470999999947e-02
1.105000000000000071e+01 1.405806983000000045e-02
1.107499999999999929e+01 1.399750481000000026e-02
1.109999999999999964e+01 1.391086107999999974e-02
1.112500000000000000e+01 1.383877721000000005e-02
1.115000000000000036e+01 1.374952875999999914e-02
1.117500000000000071e+01 1.369682086999999930e-02
1.119999999999999929e+01 1.361109670999999938e-02
1.122499999999999964e+01 1.352563833999999993e-02
1.125000000000000000e+01 1.347133015000000038e-02
1.127500000000000036e+01 1.335784295000000052e-02
1.130000000000000071e+01 1.331763902000000083e-02
1.132499999999999929e+01 1.327702535999999989e-02
1.134999999999999964e+01 1.318921363999999916e-02
1.137500000000000000e+01 1.308799042999999988e-02
1.140000000000000036e+01 1.308088232000000073e-02
1.142500000000000071e+01 1.300293792000000066e-02
1.144999999999999929e+01 1.291265976000000038e-02
1.147499999999999964e+01 1.282337941999999939e-02
1.150000000000000000e+01 1.275189197000000003e-02
1.152500000000000036e+01 1.267820520000000062e-02
1.155000000000000071e+01 1.262503438000000047e-02
1.157499999999999929e+01 1.254740543999999930e-02
1.159999999999999964e+01 1.250767977999999933e-02
1.162500000000000000e+01 1.240388901999999946e-02
1.165000000000000036e+01 1.232624862000000071e-02
1.167500000000000071e+01 1.229097428999999936e-02
1.169999999999999929e+01 1.221242649999999992e-02
1.172499999999999964e+01 1.217307398999999991e-02
1.175000000000000000e+01 1.207119192000000001e-02
1.177500000000000036e+01 1.203825990999999977e-02
1.180000000000000071e+01 1.197722160999999987e-02
1.182499999999999929e+01 1.189924543000000015e-02
1.184999999999999964e+01 1.178688435000000041e-02
1.187500000000000000e+01 1.175857267999999914e-02
1.190000000000000036e+01 1.169554503000000065e-02
1.192500000000000071e+01 1.166416431000000080e-02
1.194999999999999929e+01 1.153655573000000011e-02
1.197499999999999964e+01 1.152444011000000081e-02
1.200000000000000000e+01 1.145266848000000073e-02
1.202500000000000036e+01 1.139431947000000070e-02
1.205000000000000071e+01 1.131376008999999960e-02
1.207499999999999929e+01 1.123273160000000034e-02
1.209999999999999964e+01 1.120769282000000019e-02
1.212500000000000000e+01 1.114895498000000040e-02
1.215000000000000036e+01 1.106355619000000054e-02
1.217500000000000071e+01 1.102400402000000036e-02
1.219999999999999929e+01 1.097179313000000087e-02
1.222499999999999964e+01 1.090061080999999918e-02
1.225000000000000000e+01 1.085585629999999933e-02
1.227500000000000036e+01 1.079304818999999964e-02
1.230000000000000071e+01 1.073764305000000051e-02
1.232499999999999929e+01 1.066790287999999989e-02
1.234999999999999964e+01 1.060069368999999942e-02
1.237500000000000000e+01 1.055032149000000030e-02
1.240000000000000036e+01 1.047444135999999956e-02
1.242500000000000071e+01 1.041130284999999996e-02
1.244999999999999929e+01 1.034270139999999942e-02
1.247499999999999964e+01 1.032481988999999975e-02
1.250000000000000000e+01 1.025517670999999929e-02
1.252500000000000036e+01 1.022366775000000012e-02
1.255000000000000071e+01 1.015918830000000009e-02
1.257499999999999929e+01 1.007852180999999937e-02
1.259999999999999964e+01 1.006652042000000073e-02
1.262500000000000000e+01 1.001198394999999915e-02
1.265000000000000036e+01 9.937640937999999910e-03
1.267500000000000071e+01 9.891184375000000584e-03
1.269999999999999929e+01 9.842235710999999720e-03
1.272499999999999964e+01 9.764840618000000458e-03
1.275000000000000000e+01 9.731328133999999491e-03
1.277500000000000036e+01 9.659420231999999232e-03
1.280000000000000071e+01 9.630934710999999177e-03
1.282499999999999929e+01 9.564650904000000786e-03
1.284999999999999964e+01 9.517134850999999646e-03
1.287500000000000000e+01 9.472586886999999345e-03
1.290000000000000036e+01 9.438470850000000092e-03
1.292500000000000071e+01 9.369109545000000455e-03
1.294999999999999929e+01 9.332708013999999400e-03
1.297499999999999964e+01 9.280524398999999772e-03
1.300000000000000000e+01 9.200180861999999668e-03
1.302500000000000036e+01 9.158488955000000306e-03
1.305000000000000071e+01 9.119829097999999912e-03
1.307499999999999929e+01 9.055616497999999584e-03
1.309999999999999964e+01 9.008775062000000736e-03
1.312500000000000000e+01 8.974628208999999718e-03
1.315000000000000036e+01 8.945190122999999507e-03
1.317500000000000071e+01 8.891664493000000710e-03
1.319999999999999929e+01 8.813300258999999873e-03
1.322499999999999964e+01 8.784807138999999390e-03
1.325000000000000000e+01 8.758946634000000162e-03
1.327500000000000036e+01 8.688538295999999675e-03
1.330000000000000071e+01 8.654767803000000537e-03
1.332499999999999929e+01 8.587039374999999239e-03
1.334999999999999964e+01 8.559282082000000194e-03
1.337500000000000000e+01 8.513160185000000213e-03
1.340000000000000036e+01 8.433316265000000839e-03
1.342500000000000071e+01 8.390865936000000552e-03
1.344999999999999929e+01 8.388958037000000464e-03
1.347499999999999964e+01 8.315360911000000202e-03
1.350000000000000000e+01 8.261181497999999998e-03
1.352500000000000036e+01 8.231246547000000205e-03
1.355000000000000071e+01 8.199459334000000488e-03
1.357499999999999929e+01 8.151998032999999144e-03
1.359999999999999964e+01 8.099138076000000214e-03
1.362500000000000000e+01 8.055600688000000287e-03
1.365000000000000036e+01 8.024223727000000597e-03
1.367500000000000071e+01 7.969177621999999281e-03
1.369999999999999929e+01 7.930651651000000801e-03
1.372499999999999964e+01 7.868159160999999360e-03
1.375000000000000000e+01 7.852767558999999148e-03
1.377500000000000036e+01 7.813032790000000449e-03
1.380000000000000071e+01 7.764006789000000262e-03
1.382499999999999929e+01 7.706313509000000360e-03
1.384999999999999964e+01 7.694214224999999970e-03
1.387500000000000000e+01 7.646789057000000396e-03
1.390000000000000036e+01 7.598627366999999994e-03
1.392500000000000071e+01 7.555860402999999871e-03
1.394999999999999929e+01 7.509386631999999916e-03
1.397499999999999964e+01 7.467748417000000249e-03
1.400000000000000000e+01 7.436173475000000185e-03
1.402500000000000036e+01 7.395752914999999608e-03
1.405000000000000071e+01 7.379069541999999822e-03
1.407499999999999929e+01 7.342898627999999706e-03
1.409999999999999964e+01 7.276273229000000155e-03
1.412500000000000000e+01 7.261711599999999892e-03
1.415000000000000036e+01 7.223114436999999652e-03
1.417500000000000071e+01 7.180480181999999642e-03
1.419999999999999929e+01 7.108823688999999640e-03
1.422499999999999964e+01 7.092730006000000191e-03
1.425000000000000000e+01 7.052673243999999647e-03
1.427500000000000036e+01 7.007042227000000179e-03
1.430000000000000071e+01 6.973258103999999992e-03
1.432499999999999929e+01 6.945568521999999703e-03
1.434999999999999964e+01 6.905769291000000108e-03
1.437500000000000000e+01 6.849617724000000261e-03
1.440000000000000036e+01 6.827477912000000024e-03
1.442500000000000071e+01 6.802912327000000363e-03
1.444999999999999929e+01 6.756460972999999738e-03
1.447499999999999964e+01 6.716507154000000285e-03
1.450000000000000000e+01 6.679991252999999997e-03
1.452500000000000036e+01 6.626511911000000123e-03
1.455000000000000071e+01 6.604492685000000300e-03
1.457499999999999929e+01 6.576322441999999865e-03
1.459999999999999964e+01 6.545440607000000202e-03
1.462500000000000000e+01 6.511326583000000279e-03
1.465000000000000036e+01 6.466048930000000035e-03
1.467500000000000071e+01 6.416668797000000223e-03
1.469999999999999929e+01 6.406330782000000355e-03
1.472499999999999964e+01 6.373674317000000214e-03
1.475000000000000000e+01 6.337067214999999622e-03
1.477500000000000036e+01 6.312922684999999756e-03
1.480000000000000071e+01 6.275329028000000385e-03
1.482499999999999929e+01 6.224338289999999975e-03
1.484999999999999964e+01 6.203183087000000220e-03
1.487500000000000000e+01 6.165586235999999734e-03
1.490000000000000036e+01 6.132789956999999681e-03
1.492500000000000071e+01 6.099284850999999591e-03
1.494999999999999929e+01 6.069839958000000125e-03
1.497499999999999964e+01 6.028838939000000056e-03
1.500000000000000000e+01 6.008582125999999655e-03
1.502500000000000036e+01 5.966410014000000060e-03
1.505000000000000071e+01 5.931620177999999584e-03
1.507499999999999929e+01 5.908031757999999793e-03
1.509999999999999964e+01 5.870346985999999774e-03
1.512500000000000000e+01 5.856766543999999790e-03
1.515000000000000036e+01 5.804924856000000417e-03
1.517500000000000071e+01 5.789550061000000268e-03
1.519999999999999929e+01 5.755110083999999578e-03
1.522499999999999964e+01 5.737399988000000187e-03
1.525000000000000000e+01 5.695705443000000090e-03
1.527500000000000036e+01 5.661336888999999803e-03
1.530000000000000071e+01 5.599202727000000303e-03
1.532499999999999929e+01 5.606429429999999596e-03
1.534999999999999964e+01 5.553798894999999874e-03
1.537500000000000000e+01 5.541399750000000277e-03
1.540000000000000036e+01 5.535846449000000023e-03
1.542500000000000071e+01 5.484527179999999606e-03
1.544999999999999929e+01 5.443741089000000283e-03
1.547499999999999964e+01 5.421558406000000045e-03
1.550000000000000000e+01 5.387630511000000150e-03
1.552500000000000036e+01 5.381180557999999670e-03
1.555000000000000071e+01 5.340992561999999624e-03
1.557499999999999929e+01 5.335428942000000271e-03
1.559999999999999964e+01 5.284648210999999887e-03
1.562500000000000000e+01 5.248731319000000430e-03
1.565000000000000036e+01 5.226665921999999916e-03
1.567500000000000071e+01 5.202265961000000251e-03
1.569999999999999929e+01 5.179897660999999674e-03
1.572499999999999964e+01 5.153174614000000098e-03
1.575000000000000000e+01 5.121951060999999777e-03
1.577500000000000036e+01 5.110051414000000083e-03
1.580000000000000071e+01 5.058001359999999766e-03
1.582499999999999929e+01 5.041470674000000061e-03
1.584999999999999964e+01 4.999913402999999618e-03
1.587500000000000000e+01 4.980187375999999867e-03
1.590000000000000036e+01 4.953118618000000410e-03
1.592500000000000071e+01 4.946978535000000343e-03
1.594999999999999929e+01 4.903707771000000160e-03
1.597499999999999964e+01 4.871617223000000371e-03
1.600000000000000000e+01 4.843947688999999772e-03
1.602499999999999858e+01 4.828858039999999949e-03
1.605000000000000071e+01 4.810413113000000344e-03
1.607499999999999929e+01 4.780219980999999597e-03
1.610000000000000142e+01 4.756109906999999963e-03
1.612500000000000000e+01 4.726595620000000227e-03
1.614999999999999858e+01 4.707233954999999991e-03
1.617500000000000071e+01 4.687451236999999951e-03
1.619999999999999929e+01 4.660352720999999705e-03
1.622500000000000142e+01 4.640233314000000164e-03
1.625000000000000000e+01 4.622072203000000129e-03
1.627499999999999858e+01 4.587016923999999961e-03
1.630000000000000071e+01 4.559344257999999733e-03
1.632499999999999929e+01 4.538803947999999790e-03
1.635000000000000142e+01 4.511030957000000154e-03
1.637500000000000000e+01 4.488165619999999814e-03
1.639999999999999858e+01 4.467678557999999606e-03
1.642500000000000071e+01 4.443878562000000421e-03
1.644999999999999929e+01 4.420997385000000057e-03
1.647500000000000142e+01 4.390637521999999834e-03
1.650000000000000000e+01 4.366133115000000314e-03
1.652499999999999858e+01 4.348854757000000099e-03
1.655000000000000071e+01 4.320128422999999947e-03
1.657499999999999929e+01 4.306422223000000264e-03
1.660000000000000142e+01 4.281293924999999591e-03
1.662500000000000000e+01 4.237644869000000043e-03
1.664999999999999858e+01 4.228990656999999723e-03
1.667500000000000071e+01 4.210016767000000423e-03
1.669999999999999929e+01 4.180456865000000376e-03
1.672500000000000142e+01 4.143613713999999733e-03
1.675000000000000000e+01 4.150512177999999587e-03
1.677499999999999858e+01 4.135096910999999827e-03
1.680000000000000071e+01 4.084203760000000225e-03
1.682499999999999929e+01 4.098702796000000363e-03
1.685000000000000142e+01 4.067695401000000210e-03
1.687500000000000000e+01 4.033042508999999838e-03
1.689999999999999858e+01 4.017397936999999968e-03
1.692500000000000071e+01 3.999794069000000250e-03
1.694999999999999929e+01 3.978987881999999747e-03
1.697500000000000142e+01 3.949558651999999712e-03
1.700000000000000000e+01 3.936696085000000039e-03
1.702499999999999858e+01 3.908994752000000301e-03
1.705000000000000071e+01 3.890522694999999816e-03
1.707499999999999929e+01 3.865668851000000125e-03
1.710000000000000142e+01 3.849804976000000076e-03
1.712500000000000000e+01 3.838011647000000130e-03
1.714999999999999858e+01 3.804582399000000070e-03
1.717500000000000071e+01 3.790949584999999886e-03
1.719999999999999929e+01 3.755595272999999804e-03
1.722500000000000142e+01 3.750515798000000119e-03
1.725000000000000000e+01 3.736434918000000084e-03
1.727499999999999858e+01 3.701736217000000176e-03
1.730000000000000071e+01 3.691137007000000123e-03
1.732499999999999929e+01 3.663496961000000090e-03
1.735000000000000142e+01 3.638009318999999801e-03
1.737500000000000000e+01 3.631315397000000125e-03
1.739999999999999858e+01 3.613792976999999785e-03
1.742500000000000071e+01 3.579412635000000197e-03
1.744999999999999929e+01 3.587327527000000026e-03
1.747500000000000142e+01 3.558048192999999949e-03
1.750000000000000000e+01 3.537559800999999851e-03
1.752499999999999858e+01 3.519603167999999817e-03
1.755000000000000071e+01 3.501314112000000148e-03
1.757499999999999929e+01 3.476178225999999871e-03
1.760000000000000142e+01 3.449766064000000122e-03
1.762500000000000000e+01 3.442585907000000021e-03
1.764999999999999858e+01 3.427887721999999839e-03
1.767500000000000071e+01 3.403797245999999957e-03
1.769999999999999929e+01 3.398796886999999860e-03
1.772500000000000142e+01 3.366078260000000041e-03
1.775000000000000000e+01 3.341142420000000127e-03
1.777499999999999858e+01 3.331578932000000149e-03
1.780000000000000071e+01 3.323835372000000059e-03
1.782499999999999929e+01 3.300357468000000155e-03
1.785000000000000142e+01 3.284349500999999942e-03
1.787500000000000000e+01 3.262049217999999935e-03
1.789999999999999858e+01 3.250143566999999945e-03
1.792500000000000071e+01 3.221683754999999944e-03
1.794999999999999929e+01 3.212570861000000125e-03
1.797500000000000142e+01 3.201398458000000169e-03
1.800000000000000000e+01 3.180781376999999941e-03
1.802499999999999858e+01 3.162303625000000094e-03
1.805000000000000071e+01 3.141421780000000063e-03
1.807499999999999929e+01 3.128696327999999811e-03
1.810000000000000142e+01 3.123659730000000103e-03
1.812500000000000000e+01 3.095553265999999824e-03
1.814999999999999858e+01 3.084684682000000174e-03
1.817500000000000071e+01 3.061246605999999853e-03
1.819999999999999929e+01 3.056426964000000159e-03
1.822500000000000142e+01 3.035621688999999915e-03
1.825000000000000000e+01 3.024258962000000214e-03
1.827499999999999858e+01 3.014223604000000091e-03
1.830000000000000071e+01 2.974684967000000048e-03
1.832499999999999929e+01 2.982278451000000032e-03
1.835000000000000142e+01 2.962293384000000158e-03
1.837500000000000000e+01 2.921102323000000084e-03
1.839999999999999858e+01 2.923843589999999999e-03
1.842500000000000071e+01 2.908766464000000010e-03
1.844999999999999929e+01 2.883973862000000204e-03
1.847500000000000142e+01 2.872711238999999927e-03
1.850000000000000000e+01 2.869800032999999910e-03
1.852499999999999858e+01 2.848466175000000187e-03
1.855000000000000071e+01 2.845826210000000113e-03
1.857499999999999929e+01 2.817048791999999819e-03
1.860000000000000142e+01 2.799086269999999897e-03
1.862500000000000000e+01 2.798242865999999839e-03
1.864999999999999858e+01 2.774147775000000184e-03
1.867500000000000071e+01 2.757875612000000067e-03
1.869999999999999929e+01 2.735674168000000201e-03
1.872500000000000142e+01 2.725592321999999786e-03
1.875000000000000000e+01 2.717730238000000149e-03
1.877499999999999858e+01 2.701332107999999867e-03
1.880000000000000071e+01 2.694023305999999895e-03
1.882499999999999929e+01 2.688281014000000208e-03
1.885000000000000142e+01 2.658916653999999873e-03
1.887500000000000000e+01 2.650147583000000105e-03
1.889999999999999858e+01 2.624020246999999792e-03
1.892500000000000071e+01 2.630004511000000149e-03
1.894999999999999929e+01 2.610333516999999940e-03
1.897500000000000142e+01 2.604219171999999811e-03
1.900000000000000000e+01 2.579133720000000105e-03
1.902499999999999858e+01 2.565947814000000063e-03
1.905000000000000071e+01 2.551424849000000130e-03
1.907499999999999929e+01 2.539904552999999905e-03
1.910000000000000142e+01 2.528775829000000190e-03
1.912500000000000000e+01 2.526201011000000010e-03
1.914999999999999858e+01 2.513945066999999801e-03
1.917500000000000071e+01 2.492697762999999869e-03
1.919999999999999929e+01 2.480992183000000142e-03
1.922500000000000142e+01 2.456972491000000182e-03
1.925000000000000000e+01 2.436192873000000200e-03
1.927499999999999858e+01 2.431536455000000117e-03
1.930000000000000071e+01 2.423203479999999892e-03
1.932499999999999929e+01 2.399555177999999987e-03
1.935000000000000142e+01 2.402478057000000198e-03
1.937500000000000000e+01 2.388388844000000066e-03
1.939999999999999858e+01 2.370370598999999891e-03
1.942500000000000071e+01 2.359751661000000170e-03
1.944999999999999929e+01 2.352031543000000086e-03
1.947500000000000142e+01 2.331535584999999862e-03
1.950000000000000000e+01 2.329974749999999886e-03
1.952499999999999858e+01 2.312641071999999975e-03
1.955000000000000071e+01 2.305756480000000202e-03
1.957499999999999929e+01 2.283563179999999887e-03
1.960000000000000142e+01 2.277111308000000136e-03
1.962500000000000000e+01 2.267343226000000187e-03
1.964999999999999858e+01 2.254361582000000142e-03
1.967500000000000071e+01 2.247991134999999859e-03
1.969999999999999929e+01 2.224201295999999987e-03
1.972500000000000142e+01 2.225373971000000131e-03
1.975000000000000000e+01 2.207154147000000080e-03
1.977499999999999858e+01 2.190354324999999828e-03
1.980000000000000071e+01 2.185697892999999802e-03
1.982499999999999929e+01 2.167773080000000123e-03
1.985000000000000142e+01 2.166788502999999946e-03
1.987500000000000000e+01 2.154302678000000193e-03
1.989999999999999858e+01 2.143226326999999806e-03
1.992500000000000071e+01 2.128371983999999967e-03
1.994999999999999929e+01 2.101204558000000118e-03
1.997500000000000142e+01 2.104962453000000077e-03
2.000000000000000000e+01 2.095040095999999887e-03
2.002499999999999858e+01 2.077863435000000102e-03
2.005000000000000071e+01 2.065254595000000099e-03
2.007499999999999929e+01 2.065038247999999819e-03
2.010000000000000142e+01 2.054362886000000044e-03
2.012500000000000000e+01 2.042289876000000053e-03
2.014999999999999858e+01 2.030638394000000135e-03
2.017500000000000071e+01 2.019006427999999864e-03
2.019999999999999929e+01 2.004041629999999893e-03
2.022500000000000142e+01 1.996182923000000206e-03
2.025000000000000000e+01 1.992190226999999980e-03
2.027499999999999858e+01 1.982949461999999798e-03
2.030000000000000071e+01 1.974182375999999906e-03
2.032499999999999929e+01 1.951526246999999966e-03
2.035000000000000142e+01 1.940131406999999995e-03
2.037500000000000000e+01 1.937845722000000040e-03
2.039999999999999858e+01 1.922497167999999987e-03
2.042500000000000071e+01 1.912906130999999935e-03
2.044999999999999929e+01 1.905990977999999980e-03
2.047500000000000142e+01 1.894402516999999994e-03
2.050000000000000000e+01 1.886647472000000042e-03
2.052499999999999858e+01 1.874317675000000032e-03
2.055000000000000071e+01 1.867126174999999937e-03
2.057499999999999929e+01 1.852277478000000088e-03
2.060000000000000142e+01 1.848191340000000056e-03
2.062500000000000000e+01 1.831030491999999970e-03
2.064999999999999858e+01 1.838917620999999929e-03
2.067500000000000071e+01 1.817692273000000086e-03
2.069999999999999929e+01 1.811157781000000003e-03
2.072500000000000142e+01 1.797939570000000025e-03
2.075000000000000000e+01 1.789805730999999896e-03
2.077499999999999858e+01 1.783331170999999946e-03
2.080000000000000071e+01 1.763620225999999996e-03
2.082499999999999929e+01 1.759863924999999956e-03
2.085000000000000142e+01 1.753553795999999998e-03
2.087500000000000000e+01 1.747096253999999918e-03
2.089999999999999858e+01 1.734931300999999985e-03
2.092500000000000071e+01 1.723024158000000102e-03
2.094999999999999929e+01 1.723155443000000051e-03
2.097500000000000142e+01 1.702278337999999945e-03
2.100000000000000000e+01 1.702287224000000000e-03
2.102499999999999858e+01 1.691072447000000010e-03
2.105000000000000071e+01 1.682295606000000065e-03
2.107499999999999929e+01 1.673644378999999960e-03
2.110000000000000142e+01 1.660311933999999989e-03
2.112500000000000000e+01 1.658140698000000034e-03
2.114999999999999858e+01 1.649308816999999925e-03
2.117500000000000071e+01 1.640545639000000029e-03
2.119999999999999929e+01 1.621300986999999957e-03
2.122500000000000142e+01 1.630172306999999902e-03
2.125000000000000000e+01 1.612286825000000057e-03
2.127499999999999858e+01 1.600723572999999955e-03
2.130000000000000071e+01 1.599788387999999959e-03
2.132499999999999929e+01 1.586636111999999979e-03
2.135000000000000142e+01 1.575200975999999911e-03
2.137500000000000000e+01 1.578603798000000101e-03
2.139999999999999858e+01 1.561680712999999939e-03
2.142500000000000071e+01 1.557350877000000062e-03
2.144999999999999929e+01 1.542718203000000054e-03
2.147500000000000142e+01 1.529630478999999960e-03
2.150000000000000000e+01 1.523332936000000018e-03
2.152499999999999858e+01 1.523506033000000077e-03
2.155000000000000071e+01 1.517780026999999933e-03
2.157499999999999929e+01 1.502128310999999985e-03
2.160000000000000142e+01 1.495294791999999965e-03
2.162500000000000000e+01 1.486903849000000000e-03
2.164999999999999858e+01 1.483148186000000012e-03
2.167500000000000071e+01 1.473514896000000093e-03
2.169999999999999929e+01 1.468109652999999987e-03
2.172500000000000142e+01 1.465484401000000103e-03
2.175000000000000000e+01 1.459289430999999911e-03
2.177499999999999858e+01 1.446999971000000051e-03
2.180000000000000071e+01 1.439762936999999972e-03
2.182499999999999929e+01 1.431457953000000007e-03
2.185000000000000142e+01 1.426949314000000102e-03
2.187500000000000000e+01 1.416767216999999983e-03
2.189999999999999858e+01 1.414369310000000018e-03
2.192500000000000071e+01 1.400681819999999951e-03
2.194999999999999929e+01 1.398733594000000106e-03
2.197500000000000142e+01 1.385407534999999989e-03
2.200000000000000000e+01 1.383737549000000093e-03
2.202499999999999858e+01 1.372360172999999945e-03
2.205000000000000071e+01 1.364356204999999994e-03
2.207499999999999929e+01 1.361894195000000083e-03
2.210000000000000142e+01 1.349197823000000077e-03
2.212500000000000000e+01 1.347882461000000009e-03
2.214999999999999858e+01 1.338370090000000042e-03
2.217500000000000071e+01 1.329759104000000037e-03
2.219999999999999929e+01 1.327863673999999999e-03
2.222500000000000142e+01 1.318833806999999969e-03
2.225000000000000000e+01 1.311653376000000096e-03
2.227499999999999858e+01 1.306686002000000037e-03
2.230000000000000071e+01 1.299692988000000033e-03
2.232499999999999929e+01 1.285780498000000001e-03
2.235000000000000142e+01 1.278892317000000041e-03
2.237500000000000000e+01 1.280855064999999971e-03
2.239999999999999858e+01 1.266438638999999988e-03
2.242500000000000071e+01 1.267780425000000072e-03
2.244999999999999929e+01 1.255927501999999944e-03
2.247500000000000142e+01 1.254406724999999933e-03
2.250000000000000000e+01 1.244721799999999904e-03
2.252499999999999858e+01 1.241753173999999909e-03
2.255000000000000071e+01 1.231592943000000022e-03
2.257499999999999929e+01 1.222754669000000087e-03
2.260000000000000142e+01 1.219906564999999896e-03
2.262500000000000000e+01 1.212930497000000050e-03
2.264999999999999858e+01 1.202914494999999997e-03
2.267500000000000071e+01 1.200054639999999923e-03
2.269999999999999929e+01 1.194970688999999909e-03
2.272500000000000142e+01 1.186446427000000100e-03
2.275000000000000000e+01 1.183085639999999997e-03
2.277499999999999858e+01 1.174171653000000105e-03
2.280000000000000071e+01 1.168825886000000001e-03
2.282499999999999929e+01 1.167345988999999922e-03
2.285000000000000142e+01 1.156996153000000018e-03
2.287500000000000000e+01 1.153272583999999943e-03
2.289999999999999858e+01 1.147977819000000092e-03
2.292500000000000071e+01 1.139260676999999909e-03
2.294999999999999929e+01 1.133408558999999963e-03
2.297500000000000142e+01 1.126663395999999906e-03
2.300000000000000000e+01 1.121514869000000102e-03
2.302499999999999858e+01 1.116846959999999965e-03
2.305000000000000071e+01 1.116336520999999977e-03
2.307499999999999929e+01 1.104660475999999980e-03
2.310000000000000142e+01 1.097802543999999931e-03
2.312500000000000000e+01 1.091419451000000089e-03
2.314999999999999858e+01 1.086549546000000008e-03
2.317500000000000071e+01 1.085617508000000014e-03
2.319999999999999929e+01 1.071816313000000008e-03
2.322500000000000142e+01 1.071747553000000023e-03
2.325000000000000000e+01 1.061006232999999908e-03
2.327499999999999858e+01 1.055361147999999945e-03
2.330000000000000071e+01 1.050601126999999892e-03
2.332499999999999929e+01 1.048924605000000091e-03
2.335000000000000142e+01 1.047437776999999952e-03
2.337500000000000000e+01 1.042498125999999923e-03
2.339999999999999858e+01 1.034583269999999949e-03
2.342500000000000071e+01 1.027992869999999918e-03
2.344999999999999929e+01 1.020579226999999934e-03
2.347500000000000142e+01 1.020086958999999981e-03
2.350000000000000000e+01 1.008233774000000032e-03
2.352499999999999858e+01 1.006200717000000017e-03
2.355000000000000071e+01 9.981144390000000130e-04
2.357499999999999929e+01 9.938558462999999999e-04
2.360000000000000142e+01 9.893965468999999218e-04
2.362500000000000000e+01 9.859953621000000848e-04
2.364999999999999858e+01 9.754333990999999524e-04
2.367500000000000071e+01 9.727242307000000168e-04
2.369999999999999929e+01 9.732697100000000040e-04
2.372500000000000142e+01 9.680802483999999654e-04
2.375000000000000000e+01 9.611910323000000429e-04
2.377499999999999858e+01 9.537596373999999554e-04
2.380000000000000071e+01 9.488104497999999987e-04
2.382499999999999929e+01 9.470824727000000430e-04
2.385000000000000142e+01 9.428912914999999827e-04
2.387500000000000000e+01 9.375650962000000189e-04
2.389999999999999858e+01 9.286294726999999539e-04
2.392500000000000071e+01 9.306443541999999533e-04
2.394999999999999929e+01 9.206783179000000220e-04
2.397500000000000142e+01 9.173720490999999564e-04
2.400000000000000000e+01 9.149546350000000057e-04
2.402499999999999858e+01 9.037410531999999670e-04
2.405000000000000071e+01 9.027757499000000361e-04
2.407499999999999929e+01 8.996350146000000030e-04
2.410000000000000142e+01 8.896077173000000457e-04
2.412500000000000000e+01 8.853442766999999750e-04
2.414999999999999858e+01 8.898943884999999804e-04
2.417500000000000071e+01 8.839066346999999721e-04
2.419999999999999929e+01 8.696470633999999617e-04
2.422500000000000142e+01 8.691578958000000009e-04
2.425000000000000000e+01 8.694499279999999813e-04
2.427499999999999858e+01 8.554532937000000267e-04
2.430000000000000071e+01 8.552897316000000532e-04
2.432499999999999929e+01 8.519125588000000041e-04
2.435000000000000142e+01 8.477517202999999791e-04
2.437500000000000000e+01 8.463619498000000529e-04
2.439999999999999858e+01 8.356581226999999822e-04
2.442500000000000071e+01 8.366137656000000034e-04
2.444999999999999929e+01 8.309647361999999505e-04
2.447500000000000142e+01 8.281182293999999472e-04
2.450000000000000000e+01 8.255353646000000017e-04
2.452499999999999858e+01 8.204870459000000076e-04
2.455000000000000071e+01 8.162957563000000335e-04
2.457499999999999929e+01 8.066731468000000460e-04
2.460000000000000142e+01 8.089811318000000168e-04
2.462500000000000000e+01 8.009686837000000361e-04
2.464999999999999858e+01 7.950701869999999465e-04
2.467500000000000071e+01 7.927231844999999737e-04
2.469999999999999929e+01 7.890469113000000414e-04
2.472500000000000142e+01 7.846596535000000417e-04
2.475000000000000000e+01 7.807600409999999706e-04
2.477499999999999858e+01 7.770904158000000372e-04
2.480000000000000071e+01 7.742385538000000084e-04
2.482499999999999929e+01 7.686609290999999551e-04
2.485000000000000142e+01 7.660171396999999622e-04
2.487500000000000000e+01 7.604177470000000449e-04
2.489999999999999858e+01 7.541584243999999507e-04
2.492500000000000071e+01 7.541531593999999551e-04
2.494999999999999929e+01 7.498388040999999764e-04
2.497500000000000142e+01 7.425383018999999517e-04
2.500000000000000000e+01 7.428790535999999813e-04
2.502499999999999858e+01 7.386009366999999638e-04
2.505000000000000071e+01 7.340567427999999690e-04
2.507499999999999929e+01 7.300235737000000495e-04
2.510000000000000142e+01 7.266728804000000116e-04
2.512500000000000000e+01 7.254394689000000229e-04
2.514999999999999858e+01 7.185302408000000503e-04
2.517500000000000071e+01 7.163564092999999498e-04
2.519999999999999929e+01 7.140321173999999559e-04
2.522500000000000142e+01 7.079348662999999584e-04
2.525000000000000000e+01 7.068856898999999541e-04
2.527499999999999858e+01 7.019677367000000043e-04
2.530000000000000071e+01 7.008372918000000144e-04
2.532499999999999929e+01 6.930480247000000028e-04
2.535000000000000142e+01 6.905049514000000024e-04
2.537500000000000000e+01 6.875384214999999584e-04
2.539999999999999858e+01 6.814410564999999606e-04
2.542500000000000071e+01 6.785475273000000440e-04
2.544999999999999929e+01 6.763943185000000037e-04
2.547500000000000142e+01 6.736457273999999938e-04
2.550000000000000000e+01 6.708532651000000124e-04
2.552499999999999858e+01 6.665528369999999597e-04
2.555000000000000071e+01 6.643580161000000065e-04
2.557499999999999929e+01 6.574767441999999559e-04
2.560000000000000142e+01 6.553089379000000226e-04
2.562500000000000000e+01 6.532480077999999486e-04
2.564999999999999858e+01 6.518144025000000355e-04
2.567500000000000071e+01 6.431576889999999526e-04
2.569999999999999929e+01 6.417980056000000206e-04
2.572500000000000142e+01 6.368221673999999990e-04
2.575000000000000000e+01 6.365853261000000351e-04
2.577499999999999858e+01 6.324313040999999863e-04
2.580000000000000071e+01 6.304839020000000153e-04
2.582499999999999929e+01 6.269845732999999475e-04
2.585000000000000142e+01 6.240115525999999921e-04
2.587500000000000000e+01 6.226257651999999579e-04
2.589999999999999858e+01 6.167957337000000125e-04
2.592500000000000071e+01 6.111964150000000163e-04
2.594999999999999929e+01 6.094836546000000381e-04
2.597500000000000142e+01 6.091766279000000164e-04
2.600000000000000000e+01 6.039488258999999590e-04
2.602499999999999858e+01 6.023311443000000124e-04
2.605000000000000071e+01 5.963409586000000505e-04
2.607499999999999929e+01 5.945171365000000239e-04
2.610000000000000142e+01 5.907015004999999598e-04
2.612500000000000000e+01 5.912804242000000137e-04
2.614999999999999858e+01 5.866073145999999711e-04
2.617500000000000071e+01 5.847970620000000419e-04
2.619999999999999929e+01 5.794850968999999859e-04
2.622500000000000142e+01 5.773263086999999918e-04
2.625000000000000000e+01 5.735610451000000077e-04
2.627499999999999858e+01 5.704485487000000247e-04
2.630000000000000071e+01 5.677271383999999777e-04
2.632499999999999929e+01 5.632076092000000466e-04
2.635000000000000142e+01 5.633379349999999676e-04
2.637500000000000000e+01 5.591174777000000335e-04
2.639999999999999858e+01 5.569113430000000335e-04
2.642500000000000071e+01 5.530732517999999674e-04
2.644999999999999929e+01 5.504923593999999686e-04
2.647500000000000142e+01 5.472191411999999819e-04
2.650000000000000000e+01 5.433492843000000370e-04
2.652499999999999858e+01 5.430734130999999906e-04
2.655000000000000071e+01 5.421275699000000165e-04
2.657499999999999929e+01 5.353609276999999602e-04
2.660000000000000142e+01 5.333125875999999944e-04
2.662500000000000000e+01 5.339506517999999822e-04
2.664999999999999858e+01 5.284839988999999894e-04
2.667500000000000071e+01 5.270429653999999858e-04
2.669999999999999929e+01 5.245981861000000284e-04
2.672500000000000142e+01 5.199748330000000113e-04
2.675000000000000000e+01 5.161659458999999983e-04
2.677499999999999858e+01 5.170380885000000178e-04
2.680000000000000071e+01 5.143361551999999903e-04
2.682499999999999929e+01 5.102465075000000390e-04
2.685000000000000142e+01 5.058538646999999810e-04
2.687500000000000000e+01 5.056712047999999474e-04
2.689999999999999858e+01 5.018565599000000214e-04
2.692500000000000071e+01 5.002412174000000307e-04
2.694999999999999929e+01 4.992794460999999727e-04
2.697500000000000142e+01 4.946657645999999941e-04
2.700000000000000000e+01 4.938896527000000191e-04
2.702499999999999858e+01 4.894110960999999540e-04
2.705000000000000071e+01 4.891848211999999660e-04
2.707499999999999929e+01 4.843857567999999923e-04
2.710000000000000142e+01 4.829218816000000131e-04
2.712500000000000000e+01 4.803281743000000241e-04
2.714999999999999858e+01 4.769004462999999858e-04
2.717500000000000071e+01 4.789091267999999891e-04
2.719999999999999929e+01 4.723522265999999877e-04
2.722500000000000142e+01 4.686901070000000199e-04
2.725000000000000000e+01 4.683930488000000105e-04
2.727499999999999858e+01 4.634583195000000042e-04
2.730000000000000071e+01 4.633944008000000160e-04
2.732499999999999929e+01 4.604976604000000180e-04
2.735000000000000142e+01 4.573008623000000155e-04
2.737500000000000000e+01 4.554728810999999870e-04
2.739999999999999858e+01 4.525737251999999915e-04
2.742500000000000071e+01 4.514073919999999750e-04
2.744999999999999929e+01 4.482966133000000240e-04
2.747500000000000142e+01 4.459363845999999806e-04
2.750000000000000000e+01 4.431308217000000014e-04
2.752499999999999858e+01 4.429323819000000073e-04
2.755000000000000071e+01 4.402122095000000229e-04
2.757499999999999929e+01 4.365580445000000155e-04
2.760000000000000142e+01 4.346145076999999844e-04
2.762500000000000000e+01 4.321524271999999762e-04
2.764999999999999858e+01 4.287883305000000228e-04
2.767500000000000071e+01 4.299680676999999849e-04
2.769999999999999929e+01 4.234275952000000009e-04
2.772500000000000142e+01 4.249775154999999938e-04
2.775000000000000000e+01 4.196903407000000200e-04
2.777499999999999858e+01 4.231760262999999809e-04
2.780000000000000071e+01 4.183201502000000269e-04
2.782499999999999929e+01 4.163859837999999802e-04
2.785000000000000142e+01 4.164089610999999885e-04
2.787500000000000000e+01 4.106443092999999939e-04
2.789999999999999858e+01 4.085847442999999729e-04
2.792500000000000071e+01 4.066198846000000124e-04
2.794999999999999929e+01 4.043605488000000031e-04
2.797500000000000142e+01 4.028807393000000082e-04
2.800000000000000000e+01 4.004674504000000105e-04
2.802499999999999858e+01 3.997479389000000035e-04
2.805000000000000071e+01 3.962031950999999859e-04
2.807499999999999929e+01 3.976428948000000174e-04
2.810000000000000142e+01 3.924942543999999944e-04
2.812500000000000000e+01 3.910461575999999817e-04
2.814999999999999858e+01 3.906639034999999914e-04
2.817500000000000071e+01 3.884759296000000008e-04
2.819999999999999929e+01 3.833177420999999839e-04
2.822500000000000142e+01 3.828822043000000108e-04
2.825000000000000000e+01 3.814889597000000018e-04
2.827499999999999858e+01 3.790959781999999798e-04
2.830000000000000071e+01 3.762136425999999833e-04
2.832499999999999929e+01 3.741304669000000238e-04
2.835000000000000142e+01 3.759751267000000104e-04
2.837500000000000000e+01 3.700140959000000162e-04
2.839999999999999858e+01 3.700968311000000068e-04
2.842500000000000071e+01 3.672269100000000066e-04
2.844999999999999929e+01 3.638653719999999773e-04
2.847500000000000142e+01 3.632310225999999887e-04
2.850000000000000000e+01 3.612532232000000053e-04
2.852499999999999858e+01 3.597717089000000029e-04
2.855000000000000071e+01 3.580248442000000253e-04
2.857499999999999929e+01 3.554678777000000174e-04
2.860000000000000142e+01 3.556441272999999806e-04
2.862500000000000000e+01 3.523282229999999816e-04
2.864999999999999858e+01 3.503082640999999743e-04
2.867500000000000071e+01 3.473101687999999992e-04
2.869999999999999929e+01 3.468873085999999795e-04
2.872500000000000142e+01 3.440088654000000097e-04
2.875000000000000000e+01 3.426870603999999910e-04
2.877499999999999858e+01 3.419911754999999890e-04
2.880000000000000071e+01 3.393084620000000220e-04
2.882499999999999929e+01 3.381334208999999761e-04
2.885000000000000142e+01 3.376517619000000232e-04
2.887500000000000000e+01 3.341090887999999823e-04
2.889999999999999858e+01 3.336953626999999804e-04
2.892500000000000071e+01 3.319857837999999747e-04
2.894999999999999929e+01 3.293205492000000098e-04
2.897500000000000142e+01 3.281357423999999978e-04
2.900000000000000000e+01 3.263328276000000108e-04
2.902499999999999858e+01 3.254137235000000190e-04
2.905000000000000071e+01 3.242515447999999904e-04
2.907499999999999929e+01 3.233133062000000200e-04
2.910000000000000142e+01 3.194318521000000005e-04
2.912500000000000000e+01 3.177176594000000100e-04
2.914999999999999858e+01 3.139672369999999858e-04
2.917500000000000071e+01 3.142179470999999788e-04
2.919999999999999929e+01 3.114006982999999976e-04
2.922500000000000142e+01 3.120146882000000236e-04
2.925000000000000000e+01 3.104101607000000237e-04
2.927499999999999858e+01 3.093258178000000253e-04
2.930000000000000071e+01 3.096384715999999835e-04
2.932499999999999929e+01 3.052418647000000118e-04
2.935000000000000142e+01 3.030168158999999874e-04
2.937500000000000000e+01 3.031615561999999905e-04
2.939999999999999858e+01 3.014639339000000002e-04
2.942500000000000071e+01 2.975359930000000199e-04
2.944999999999999929e+01 2.986316296000000045e-04
2.947500000000000142e+01 2.963556578999999858e-04
2.950000000000000000e+01 2.937036685000000156e-04
2.952499999999999858e+01 2.929483825000000043e-04
2.955000000000000071e+01 2.897862943999999770e-04
2.957499999999999929e+01 2.880631957000000113e-04
2.960000000000000142e+01 2.907667228000000020e-04
2.962500000000000000e+01 2.885548230000000206e-04
2.964999999999999858e+01 2.857433452999999968e-04
2.967500000000000071e+01 2.856438634000000166e-04
2.969999999999999929e+01 2.823595581000000096e-04
2.972500000000000142e+01 2.803003249000000073e-04
2.975000000000000000e+01 2.789938086000000035e-04
2.977499999999999858e+01 2.802594904000000014e-04
2.980000000000000071e+01 2.772439548999999889e-04
2.982499999999999929e+01 2.758423765000000060e-04
2.985000000000000142e+01 2.748153344999999955e-04
2.987500000000000000e+01 2.743929320000000009e-04
2.989999999999999858e+01 2.711266033000000238e-04
2.992500000000000071e+01 2.707791761999999748e-04
2.994999999999999929e+01 2.676724572000000217e-04
2.997500000000000142e+01 2.667177481999999768e-04
3.000000000000000000e+01 2.669806738999999803e-04
3.002499999999999858e+01 2.643216138000000089e-04
3.005000000000000071e+01 2.626561723000000060e-04
3.007499999999999929e+01 2.613697968999999927e-04
3.010000000000000142e+01 2.587553812000000040e-04
3.012500000000000000e+01 2.603129971999999944e-04
3.014999999999999858e+01 2.596833447999999942e-04
3.017500000000000071e+01 2.565065249000000251e-04
3.019999999999999929e+01 2.553756669000000271e-04
3.022500000000000142e+01 2.549895837000000173e-04
3.025000000000000000e+01 2.541579319000000108e-04
3.027499999999999858e+01 2.521371217000000007e-04
3.030000000000000071e+01 2.507080046999999776e-04
3.032499999999999929e+01 2.495516097999999749e-04
3.035000000000000142e+01 2.466024347000000169e-04
3.037500000000000000e+01 2.465538864999999771e-04
3.039999999999999858e+01 2.446472406999999883e-04
3.042500000000000071e+01 2.444038145000000228e-04
3.044999999999999929e+01 2.431720737999999878e-04
3.047500000000000142e+01 2.401709931999999989e-04
3.050000000000000000e+01 2.406428380999999948e-04
3.052499999999999858e+01 2.387284482999999955e-04
3.055000000000000071e+01 2.388334173000000108e-04
3.057499999999999929e+01 2.358689670999999889e-04
3.060000000000000142e+01 2.356554451999999999e-04
3.062500000000000000e+01 2.331287935999999867e-04
3.064999999999999858e+01 2.320584649000000002e-04
3.067500000000000071e+01 2.328653859000000118e-04
3.069999999999999929e+01 2.304450876000000011e-04
3.072500000000000142e+01 2.291005525000000000e-04
3.075000000000000000e+01 2.283069534999999906e-04
3.077499999999999858e+01 2.271928658000000017e-04
3.080000000000000071e+01 2.253683233000000131e-04
3.082499999999999929e+01 2.247982586999999917e-04
3.085000000000000142e+01 2.218572316000000020e-04
3.087500000000000000e+01 2.237103528000000002e-04
3.089999999999999858e+01 2.224457261999999980e-04
3.092500000000000071e+01 2.202225557999999976e-04
3.094999999999999929e+01 2.190425984999999881e-04
3.097500000000000142e+01 2.184326258999999993e-04
3.100000000000000000e+01 2.167082243999999918e-04
3.102499999999999858e+01 2.150091811999999924e-04
3.105000000000000071e+01 2.159645427000000050e-04
3.107499999999999929e+01 2.138623260999999965e-04
3.110000000000000142e+01 2.116628920000000074e-04
3.112500000000000000e+01 2.115716707999999897e-04
3.114999999999999858e+01 2.098280986000000019e-04
3.117500000000000071e+01 2.091921685000000032e-04
3.119999999999999929e+01 2.091238816000000030e-04
3.122500000000000142e+01 2.060799083000000088e-04
3.125000000000000000e+01 2.056337686000000119e-04
3.127499999999999858e+01 2.035352701000000056e-04
3.130000000000000071e+01 2.047133285999999967e-04
3.132499999999999929e+01 2.030957444000000079e-04
3.135000000000000142e+01 2.031107787999999928e-04
3.137500000000000000e+01 2.007492179000000033e-04
3.139999999999999858e+01 2.005980901999999955e-04
3.142500000000000071e+01 1.994757638000000104e-04
3.144999999999999929e+01 1.993600375000000014e-04
3.147500000000000142e+01 1.970153799000000047e-04
3.150000000000000000e+01 1.949725376999999929e-04
3.152499999999999858e+01 1.953398682000000055e-04
3.155000000000000071e+01 1.944942519999999942e-04
3.157499999999999929e+01 1.931939497999999938e-04
3.160000000000000142e+01 1.914124673000000088e-04
3.162500000000000000e+01 1.912513780000000098e-04
3.164999999999999858e+01 1.904639905000000087e-04
3.167500000000000071e+01 1.896132213999999930e-04
3.169999999999999929e+01 1.879754260000000073e-04
3.172500000000000142e+01 1.871492912999999975e-04
3.175000000000000000e+01 1.873382594999999941e-04
3.177499999999999858e+01 1.859892073000000122e-04
3.180000000000000071e+01 1.839020644000000104e-04
3.182499999999999929e+01 1.833462815999999942e-04
3.185000000000000142e+01 1.821226463999999889e-04
3.187500000000000000e+01 1.808995861999999899e-04
3.189999999999999858e+01 1.806845355999999998e-04
3.192500000000000071e+01 1.803496818000000065e-04
3.194999999999999929e+01 1.784341035999999908e-04
3.197500000000000142e+01 1.779240431999999867e-04
3.200000000000000000e+01 1.780156185000000043e-04
3.202499999999999858e+01 1.767756171000000069e-04
3.204999999999999716e+01 1.750810175999999890e-04
3.207500000000000284e+01 1.735596263000000036e-04
3.210000000000000142e+01 1.738540292000000087e-04
3.212500000000000000e+01 1.730228985000000126e-04
3.214999999999999858e+01 1.700643585999999990e-04
3.217499999999999716e+01 1.721078169999999989e-04
3.220000000000000284e+01 1.703881569999999917e-04
3.222500000000000142e+01 1.686960007000000070e-04
3.225000000000000000e+01 1.691318371999999900e-04
3.227499999999999858e+01 1.675786570999999959e-04
3.229999999999999716e+01 1.671107232000000121e-04
3.232500000000000284e+01 1.654636701999999870e-04
3.235000000000000142e+01 1.649122902999999906e-04
3.237500000000000000e+01 1.637866218999999967e-04
3.239999999999999858e+01 1.622628275999999910e-04
3.242499999999999716e+01 1.636222709999999875e-04
3.245000000000000284e+01 1.612242992999999994e-04
3.247500000000000142e+01 1.612118027000000004e-04
3.250000000000000000e+01 1.598486927999999906e-04
3.252499999999999858e+01 1.596273486999999947e-04
3.254999999999999716e+01 1.590520707999999988e-04
3.257500000000000284e+01 1.571474417000000127e-04
3.260000000000000142e+01 1.566872204000000076e-04
3.262500000000000000e+01 1.577779712999999881e-04
3.264999999999999858e+01 1.556190313999999931e-04
3.267499999999999716e+01 1.542408776000000093e-04
3.270000000000000284e+01 1.546760867999999890e-04
3.272500000000000142e+01 1.526453418000000054e-04
3.275000000000000000e+01 1.524303230999999909e-04
3.277499999999999858e+01 1.512299295000000111e-04
3.279999999999999716e+01 1.519870791000000080e-04
3.282500000000000284e+01 1.491319748999999945e-04
3.285000000000000142e+01 1.484469342000000131e-04
3.287500000000000000e+01 1.477917153000000126e-04
3.289999999999999858e+01 1.472541381000000058e-04
3.292499999999999716e+01 1.462968859000000020e-04
3.295000000000000284e+01 1.459573968000000015e-04
3.297500000000000142e+01 1.447180687999999912e-04
3.300000000000000000e+01 1.443411950999999908e-04
3.302499999999999858e+01 1.435798236000000098e-04
3.304999999999999716e+01 1.426746171000000025e-04
3.307500000000000284e+01 1.416162586000000096e-04
3.310000000000000142e+01 1.420295680000000123e-04
3.312500000000000000e+01 1.396516547999999969e-04
3.314999999999999858e+01 1.397460693999999883e-04
3.317499999999999716e+01 1.384525864999999962e-04
3.320000000000000284e+01 1.383177642999999953e-04
3.322500000000000142e+01 1.382289885999999908e-04
3.325000000000000000e+01 1.364212837000000026e-04
3.327499999999999858e+01 1.366937482999999948e-04
3.329999999999999716e+01 1.360197084000000099e-04
3.332500000000000284e+01 1.357681457000000031e-04
3.335000000000000142e+01 1.332467139999999977e-04
3.337500000000000000e+01 1.342092299999999910e-04
3.339999999999999858e+01 1.326412983000000096e-04
3.342499999999999716e+01 1.329555085000000045e-04
3.345000000000000284e+01 1.317285793999999934e-04
3.347500000000000142e+01 1.308115250000000079e-04
3.350000000000000000e+01 1.302603914999999972e-04
3.352499999999999858e+01 1.295075037999999872e-04
3.354999999999999716e+01 1.284210290000000019e-04
3.357500000000000284e+01 1.282078681000000070e-04
3.360000000000000142e+01 1.272957036999999977e-04
3.362500000000000000e+01 1.266457539000000090e-04
3.364999999999999858e+01 1.269453049999999994e-04
3.367499999999999716e+01 1.264853114999999948e-04
3.370000000000000284e+01 1.248684475000000121e-04
3.372500000000000142e+01 1.236792109000000119e-04
3.375000000000000000e+01 1.237926407000000087e-04
3.377499999999999858e+01 1.229299448000000102e-04
3.379999999999999716e+01 1.229816490999999939e-04
3.382500000000000284e+01 1.218414819999999997e-04
3.385000000000000142e+01 1.220431346999999980e-04
3.387500000000000000e+01 1.209017247000000018e-04
3.389999999999999858e+01 1.204315218999999957e-04
3.392499999999999716e+01 1.196752312000000037e-04
3.395000000000000284e+01 1.184603939999999986e-04
3.397500000000000142e+01 1.181484439999999956e-04
3.400000000000000000e+01 1.172131366999999973e-04
3.402499999999999858e+01 1.168390824000000014e-04
3.404999999999999716e+01 1.165767579000000052e-04
3.407500000000000284e+01 1.165897665000000048e-04
3.410000000000000142e+01 1.154349869000000013e-04
3.412500000000000000e+01 1.146858879000000014e-04
3.414999999999999858e+01 1.146738162999999983e-04
3.417499999999999716e+01 1.134140884999999940e-04
3.420000000000000284e+01 1.125213485999999972e-04
3.422500000000000142e+01 1.123936064999999951e-04
3.425000000000000000e+01 1.121366095000000024e-04
3.427499999999999858e+01 1.109025538999999934e-04
3.429999999999999716e+01 1.099408709000000055e-04
3.432500000000000284e+01 1.105487996999999996e-04
3.435000000000000142e+01 1.096431751000000041e-04
3.437500000000000000e+01 1.093254602000000026e-04
3.439999999999999858e+01 1.080254606999999961e-04
3.442499999999999716e+01 1.082163907999999949e-04
3.445000000000000284e+01 1.077143625999999989e-04
3.447500000000000142e+01 1.069012384999999942e-04
3.450000000000000000e+01 1.068955318000000044e-04
3.452499999999999858e+01 1.063512274000000062e-04
3.454999999999999716e+01 1.054296125999999934e-04
3.457500000000000284e+01 1.048270218000000014e-04
3.460000000000000142e+01 1.042230642999999980e-04
3.462500000000000000e+01 1.039571408000000035e-04
3.464999999999999858e+01 1.029264268000000017e-04
3.467499999999999716e+01 1.024368431000000041e-04
3.470000000000000284e+01 1.022905605999999997e-04
3.472500000000000142e+01 1.015294776999999958e-04
3.475000000000000000e+01 1.009575193999999953e-04
3.477499999999999858e+01 1.007511575000000057e-04
3.479999999999999716e+01 9.986002391999999634e-05
3.482500000000000284e+01 9.873469378999999901e-05
3.485000000000000142e+01 9.973916958000000063e-05
3.487500000000000000e+01 9.816722579000000237e-05
3.489999999999999858e+01 9.796444916999999444e-05
3.492499999999999716e+01 9.742586570000000398e-05
3.495000000000000284e+01 9.700072243999999363e-05
3.497500000000000142e+01 9.716377869999999397e-05
3.500000000000000000e+01 9.601049518000000162e-05
3.502499999999999858e+01 9.566541135000000131e-05
3.504999999999999716e+01 9.492132042000000288e-05
3.507500000000000284e+01 9.429532162999999475e-05
3.510000000000000142e+01 9.373978638999999819e-05
3.512500000000000000e+01 9.375107387000000550e-05
3.514999999999999858e+01 9.282451137999999551e-05
3.517499999999999716e+01 9.181721496000000080e-05
3.520000000000000284e+01 9.099747849000000555e-05
3.522500000000000142e+01 9.176094581999999988e-05
3.525000000000000000e+01 9.114896496999999901e-05
3.527499999999999858e+01 9.023334234000000462e-05
3.529999999999999716e+01 9.036697926000000205e-05
3.532500000000000284e+01 8.994198539999999917e-05
3.535000000000000142e+01 8.911294155000000462e-05
3.537500000000000000e+01 8.819386388999999606e-05
3.539999999999999858e+01 8.891757645000000049e-05
3.542499999999999716e+01 8.801462242999999865e-05
3.545000000000000284e+01 8.852676442999999826e-05
3.547500000000000142e+01 8.706265921999999980e-05
3.550000000000000000e+01 8.643569282000000047e-05
3.552499999999999858e+01 8.629962028999999587e-05
3.554999999999999716e+01 8.558705493999999709e-05
3.557500000000000284e+01 8.533855938000000447e-05
3.560000000000000142e+01 8.568007567000000325e-05
3.562500000000000000e+01 8.413860525999999689e-05
3.564999999999999858e+01 8.390705921000000261e-05
3.567499999999999716e+01 8.303826796000000063e-05
3.570000000000000284e+01 8.300248882999999975e-05
3.572500000000000142e+01 8.330390999000000470e-05
3.575000000000000000e+01 8.255511433000000104e-05
3.577499999999999858e+01 8.202297691999999561e-05
3.579999999999999716e+01 8.139262653999999907e-05
3.582500000000000284e+01 8.265532261999999734e-05
3.585000000000000142e+01 8.063808901999999920e-05
3.587500000000000000e+01 8.054388263000000303e-05
3.589999999999999858e+01 7.995309013000000576e-05
3.592499999999999716e+01 8.026757860000000662e-05
3.595000000000000284e+01 7.910831564000000624e-05
3.597500000000000142e+01 7.908810303000000366e-05
3.600000000000000000e+01 7.868950187000000381e-05
3.602499999999999858e+01 7.814884300999999363e-05
3.604999999999999716e+01 7.733021839000000629e-05
3.607500000000000284e+01 7.737637204000000278e-05
3.610000000000000142e+01 7.674871812999999618e-05
3.612500000000000000e+01 7.614607296000000622e-05
3.614999999999999858e+01 7.594890366000000409e-05
3.617499999999999716e+01 7.553330122000000298e-05
3.620000000000000284e+01 7.523321836000000640e-05
3.622500000000000142e+01 7.454715812999999620e-05
3.625000000000000000e+01 7.448780670999999602e-05
3.627499999999999858e+01 7.559080169000000223e-05
3.629999999999999716e+01 7.365846883000000107e-05
3.632500000000000284e+01 7.336948204999999598e-05
3.635000000000000142e+01 7.357119460999999422e-05
3.637500000000000000e+01 7.266067607000000362e-05
3.639999999999999858e+01 7.198533443999999542e-05
3.642499999999999716e+01 7.203010694000000025e-05
3.645000000000000284e+01 7.115728026000000476e-05
3.647500000000000142e+01 7.099897188999999766e-05
3.650000000000000000e+01 7.017396330999999942e-05
3.652499999999999858e+01 7.027773461000000560e-05
3.654999999999999716e+01 7.046124101000000427e-05
3.657500000000000284e+01 6.973638938000000203e-05
3.660000000000000142e+01 6.927735624000000403e-05
3.662500000000000000e+01 6.898914804999999354e-05
3.664999999999999858e+01 6.838016715999999996e-05
3.667499999999999716e+01 6.799353936000000602e-05
3.670000000000000284e+01 6.799104391999999505e-05
3.672500000000000142e+01 6.735871648000000492e-05
3.675000000000000000e+01 6.759963636000000133e-05
3.677499999999999858e+01 6.676794299000000270e-05
3.679999999999999716e+01 6.646677059999999955e-05
3.682500000000000284e+01 6.616871074999999998e-05
3.685000000000000142e+01 6.635587925999999743e-05
3.687500000000000000e+01 6.552729855000000029e-05
3.689999999999999858e+01 6.529128508999999683e-05
3.692499999999999716e+01 6.463777341999999858e-05
3.695000000000000284e+01 6.441891745999999937e-05
3.697500000000000142e+01 6.453720327000000295e-05
3.700000000000000000e+01 6.402234706999999588e-05
3.702499999999999858e+01 6.333252284999999935e-05
3.704999999999999716e+01 6.318895502000000425e-05
3.707500000000000284e+01 6.308302764999999823e-05
3.710000000000000142e+01 6.251422577999999339e-05
3.712500000000000000e+01 6.219641811999999340e-05
3.714999999999999858e+01 6.197809178999999372e-05
3.717499999999999716e+01 6.140888525999999524e-05
3.720000000000000284e+01 6.172004787999999865e-05
3.722500000000000142e+01 6.115672401999999535e-05
3.725000000000000000e+01 6.026409898999999864e-05
3.727499999999999858e+01 6.033740763999999741e-05
3.729999999999999716e+01 6.015721006999999671e-05
3.732500000000000284e+01 5.981915702000000016e-05
3.735000000000000142e+01 5.981063871999999773e-05
3.737500000000000000e+01 5.911266777999999692e-05
3.739999999999999858e+01 5.866380769999999937e-05
3.742499999999999716e+01 5.879316213000000197e-05
3.745000000000000284e+01 5.823396943999999939e-05
3.747500000000000142e+01 5.807009590999999882e-05
3.750000000000000000e+01 5.773328892999999944e-05
3.752499999999999858e+01 5.794465541999999731e-05
3.754999999999999716e+01 5.681577908999999667e-05
3.757500000000000284e+01 5.673592270999999791e-05
3.760000000000000142e+01 5.671029132000000134e-05
3.762500000000000000e+01 5.665401371000000337e-05
3.764999999999999858e+01 5.600906124000000133e-05
3.767499999999999716e+01 5.558831073999999893e-05
3.770000000000000284e+01 5.521860036000000063e-05
3.772500000000000142e+01 5.519950632999999967e-05
3.775000000000000000e+01 5.485625247999999899e-05
3.777499999999999858e+01 5.450832907999999914e-05
3.779999999999999716e+01 5.439634848999999909e-05
3.782500000000000284e+01 5.353513250000000069e-05
3.785000000000000142e+01 5.360936707999999702e-05
3.787500000000000000e+01 5.326233993999999702e-05
3.789999999999999858e+01 5.313675678999999852e-05
3.792499999999999716e+01 5.236164239999999820e-05
3.795000000000000284e+01 5.280195951999999915e-05
3.797500000000000142e+01 5.203172249000000030e-05
3.800000000000000000e+01 5.180013454999999911e-05
3.802499999999999858e+01 5.166314161999999816e-05
3.804999999999999716e+01 5.148368274000000107e-05
3.807500000000000284e+01 5.101938028000000194e-05
3.810000000000000142e+01 5.090343950999999908e-05
3.812500000000000000e+01 5.050360044000000117e-05
3.814999999999999858e+01 5.013110811999999829e-05
3.817499999999999716e+01 4.991925971000000053e-05
3.820000000000000284e+01 5.008724779000000210e-05
3.822500000000000142e+01 4.941161570999999845e-05
3.825000000000000000e+01 4.975683756999999907e-05
3.827499999999999858e+01 4.889534447000000152e-05
3.829999999999999716e+01 4.900438718000000264e-05
3.832500000000000284e+01 4.884088205999999826e-05
3.835000000000000142e+01 4.840682654999999701e-05
3.837500000000000000e+01 4.817130200000000292e-05
3.839999999999999858e+01 4.783116639999999709e-05
3.842499999999999716e+01 4.742695945999999830e-05
3.845000000000000284e+01 4.730039041000000090e-05
3.847500000000000142e+01 4.712311546999999908e-05
3.850000000000000000e+01 4.670913024999999745e-05
3.852499999999999858e+01 4.679502337999999804e-05
3.854999999999999716e+01 4.632763181999999735e-05
3.857500000000000284e+01 4.579394201000000015e-05
3.860000000000000142e+01 4.594819629000000238e-05
3.862500000000000000e+01 4.628570016999999671e-05
3.864999999999999858e+01 4.530929738999999839e-05
3.867499999999999716e+01 4.545681335999999752e-05
3.870000000000000284e+01 4.491738782999999801e-05
3.872500000000000142e+01 4.502010897999999774e-05
3.875000000000000000e+01 4.423652098999999663e-05
3.877499999999999858e+01 4.413345847999999697e-05
3.879999999999999716e+01 4.391983532000000279e-05
3.882500000000000284e+01 4.350139677999999884e-05
3.885000000000000142e+01 4.380247537000000140e-05
3.887500000000000000e+01 4.329717061000000017e-05
3.889999999999999858e+01 4.380859176999999803e-05
3.892499999999999716e+01 4.281088343000000315e-05
3.895000000000000284e+01 4.265902336999999919e-05
3.897500000000000142e+01 4.250089423999999768e-05
3.900000000000000000e+01 4.246086312999999851e-05
3.902499999999999858e+01 4.204232290999999672e-05
3.904999999999999716e+01 4.198715060000000302e-05
3.907500000000000284e+01 4.181540494000000088e-05
3.910000000000000142e+01 4.164132355000000067e-05
3.912500000000000000e+01 4.188093765999999723e-05
3.914999999999999858e+01 4.074066202999999996e-05
3.917499999999999716e+01 4.068613480000000254e-05
3.920000000000000284e+01 4.014951804999999739e-05
3.922500000000000142e+01 4.008300185999999677e-05
3.925000000000000000e+01 3.992101791000000026e-05
3.927499999999999858e+01 3.973934162999999875e-05
3.929999999999999716e+01 3.982190260000000081e-05
3.932500000000000284e+01 3.950691534000000133e-05
3.935000000000000142e+01 3.946932273999999909e-05
3.937500000000000000e+01 3.960426032000000134e-05
3.939999999999999858e+01 3.892873116999999732e-05
3.942499999999999716e+01 3.829579977999999726e-05
3.945000000000000284e+01 3.892170539999999712e-05
3.947500000000000142e+01 3.833377517000000084e-05
3.950000000000000000e+01 3.841624322999999684e-05
3.952499999999999858e+01 3.809777134999999763e-05
3.954999999999999716e+01 3.817100244000000219e-05
3.957500000000000284e+01 3.737732739999999901e-05
3.960000000000000142e+01 3.696830544000000255e-05
3.962500000000000000e+01 3.710470908000000059e-05
3.964999999999999858e+01 3.713248426999999887e-05
3.967499999999999716e+01 3.672030987999999748e-05
3.970000000000000284e+01 3.659934896999999826e-05
3.972500000000000142e+01 3.636838654999999780e-05
3.975000000000000000e+01 3.627772821999999942e-05
3.977499999999999858e+01 3.626729831999999986e-05
3.979999999999999716e+01 3.541564151000000022e-05
3.982500000000000284e+01 3.558028264000000191e-05
3.985000000000000142e+01 3.559900753999999898e-05
3.987500000000000000e+01 3.528409088000000065e-05
3.989999999999999858e+01 3.545513899000000231e-05
3.992499999999999716e+01 3.488383892000000106e-05
3.995000000000000284e+01 3.473305463000000119e-05
3.997500000000000142e+01 3.456965277000000080e-05
4.000000000000000000e+01 3.428364076999999762e-05
4.002499999999999858e+01 3.403941552999999995e-05
4.004999999999999716e+01 3.394025892999999661e-05
4.007500000000000284e+01 3.376982524000000073e-05
4.010000000000000142e+01 3.376207316000000329e-05
4.012500000000000000e+01 3.307449487999999824e-05
4.014999999999999858e+01 3.330547954999999789e-05
4.017499999999999716e+01 3.311780571000000139e-05
4.020000000000000284e+01 3.317246794999999791e-05
4.022500000000000142e+01 3.287259534999999790e-05
4.025000000000000000e+01 3.254479262999999771e-05
4.027499999999999858e+01 3.251813556000000236e-05
4.029999999999999716e+01 3.235594645999999752e-05
4.032500000000000284e+01 3.213407965000000257e-05
4.035000000000000142e+01 3.192896628999999735e-05
4.037500000000000000e+01 3.193892643999999691e-05
4.039999999999999858e+01 3.159470583000000026e-05
4.042499999999999716e+01 3.153878107000000048e-05
4.045000000000000284e+01 3.129537447000000272e-05
4.047500000000000142e+01 3.144701682000000193e-05
4.050000000000000000e+01 3.123832976999999807e-05
4.052499999999999858e+01 3.068784341999999818e-05
4.054999999999999716e+01 3.049124773999999951e-05
4.057500000000000284e+01 3.027476432999999937e-05
4.060000000000000142e+01 3.009929622000000023e-05
4.062500000000000000e+01 3.032445351000000007e-05
4.064999999999999858e+01 2.995491631999999834e-05
4.067499999999999716e+01 3.010266653999999997e-05
4.070000000000000284e+01 2.957611812999999995e-05
4.072500000000000142e+01 2.949875304000000028e-05
4.075000000000000000e+01 2.911244425999999849e-05
4.077499999999999858e+01 2.923256091999999997e-05
4.079999999999999716e+01 2.897044107000000060e-05
4.082500000000000284e+01 2.879022601999999833e-05
4.085000000000000142e+01 2.875694728999999929e-05
4.087500000000000000e+01 2.855655235999999945e-05
4.089999999999999858e+01 2.833531401000000105e-05
4.092499999999999716e+01 2.831382639000000094e-05
4.095000000000000284e+01 2.806814965999999913e-05
4.097500000000000142e+01 2.788871234999999960e-05
4.100000000000000000e+01 2.772351795999999970e-05
4.102499999999999858e+01 2.774147445999999953e-05
4.104999999999999716e+01 2.737389920999999923e-05
4.107500000000000284e+01 2.738053036999999883e-05
4.110000000000000142e+01 2.743516044000000084e-05
4.112500000000000000e+01 2.723726747999999901e-05
4.114999999999999858e+01 2.691107517999999905e-05
4.117499999999999716e+01 2.680149221999999842e-05
4.120000000000000284e+01 2.675098438000000155e-05
4.122500000000000142e+01 2.646169146999999833e-05
4.125000000000000000e+01 2.651963021000000112e-05
4.127499999999999858e+01 2.615084211000000006e-05
4.129999999999999716e+01 2.601380546000000061e-05
4.132500000000000284e+01 2.606985551000000066e-05
4.135000000000000142e+01 2.613505426999999937e-05
4.137500000000000000e+01 2.590403049000000163e-05
4.139999999999999858e+01 2.541545141999999955e-05
4.142499999999999716e+01 2.543676938999999857e-05
4.145000000000000284e+01 2.524006172000000002e-05
4.147500000000000142e+01 2.518059617000000024e-05
4.150000000000000000e+01 2.512345913999999969e-05
4.152499999999999858e+01 2.496486076999999940e-05
4.154999999999999716e+01 2.486459887999999840e-05
4.157500000000000284e+01 2.451314085999999870e-05
4.160000000000000142e+01 2.454710943000000138e-05
4.162500000000000000e+01 2.430173042999999940e-05
4.164999999999999858e+01 2.423238033000000156e-05
4.167499999999999716e+01 2.416431874000000152e-05
4.170000000000000284e+01 2.394879152999999971e-05
4.172500000000000142e+01 2.379122244999999923e-05
4.175000000000000000e+01 2.369494849999999840e-05
4.177499999999999858e+01 2.354710838999999871e-05
4.179999999999999716e+01 2.345050633999999905e-05
4.182500000000000284e+01 2.350613170000000120e-05
4.185000000000000142e+01 2.306041276999999985e-05
4.187500000000000000e+01 2.310535760999999922e-05
4.189999999999999858e+01 2.281067933999999831e-05
4.192499999999999716e+01 2.263860163999999872e-05
4.195000000000000284e+01 2.254214014999999903e-05
4.197500000000000142e+01 2.261432820000000113e-05
4.200000000000000000e+01 2.243369850000000095e-05
4.202499999999999858e+01 2.237554856000000114e-05
4.204999999999999716e+01 2.214787415000000147e-05
4.207500000000000284e+01 2.204281400999999989e-05
4.210000000000000142e+01 2.203419645000000119e-05
4.212500000000000000e+01 2.177358354999999834e-05
4.214999999999999858e+01 2.171517756999999895e-05
4.217499999999999716e+01 2.154985383999999870e-05
4.220000000000000284e+01 2.123582038999999883e-05
4.222500000000000142e+01 2.129278426999999872e-05
4.225000000000000000e+01 2.121850180999999895e-05
4.227499999999999858e+01 2.135752318999999970e-05
4.229999999999999716e+01 2.130084494999999836e-05
4.232500000000000284e+01 2.091543959999999933e-05
4.235000000000000142e+01 2.076378530999999959e-05
4.237500000000000000e+01 2.071156846000000125e-05
4.239999999999999858e+01 2.050294451000000140e-05
4.242499999999999716e+01 2.051057013999999860e-05
4.245000000000000284e+01 2.022006435999999837e-05
4.247500000000000142e+01 2.019535909999999924e-05
4.250000000000000000e+01 2.035615848000000018e-05
4.252499999999999858e+01 1.998758137999999965e-05
4.254999999999999716e+01 1.987183261999999853e-05
4.257500000000000284e+01 1.957558375999999978e-05
4.260000000000000142e+01 1.958913308000000077e-05
4.262500000000000000e+01 1.934590278999999904e-05
4.264999999999999858e+01 1.939352363999999841e-05
4.267499999999999716e+01 1.941771853999999867e-05
4.270000000000000284e+01 1.913122435000000034e-05
4.272500000000000142e+01 1.922403435000000124e-05
4.275000000000000000e+01 1.908086693999999964e-05
4.277499999999999858e+01 1.908347572000000035e-05
4.279999999999999716e+01 1.880222813999999848e-05
4.282500000000000284e+01 1.887478464999999927e-05
4.285000000000000142e+01 1.857994668999999867e-05
4.287500000000000000e+01 1.858561411999999996e-05
4.289999999999999858e+01 1.844483741000000081e-05
4.292499999999999716e+01 1.825857697999999906e-05
4.295000000000000284e+01 1.815933376000000127e-05
4.297500000000000142e+01 1.805860511999999844e-05
4.300000000000000000e+01 1.798855376000000085e-05
4.302499999999999858e+01 1.771852584000000041e-05
4.304999999999999716e+01 1.780438364000000095e-05
4.307500000000000284e+01 1.775701934999999882e-05
4.310000000000000142e+01 1.750447236999999853e-05
4.312500000000000000e+01 1.741954535999999836e-05
4.314999999999999858e+01 1.719204565999999908e-05
4.317499999999999716e+01 1.721835971999999975e-05
4.320000000000000284e+01 1.730634455000000152e-05
4.322500000000000142e+01 1.705465025000000011e-05
4.325000000000000000e+01 1.704333930000000147e-05
4.327499999999999858e+01 1.687429514999999909e-05
4.329999999999999716e+01 1.670159199000000112e-05
4.332500000000000284e+01 1.660852542999999960e-05
4.335000000000000142e+01 1.658165602999999994e-05
4.337500000000000000e+01 1.654371311999999899e-05
4.339999999999999858e+01 1.637743804000000002e-05
4.342499999999999716e+01 1.635369376999999986e-05
4.345000000000000284e+01 1.618433649000000022e-05
4.347500000000000142e+01 1.631699489000000138e-05
4.350000000000000000e+01 1.594376680000000125e-05
4.352499999999999858e+01 1.635739598999999951e-05
4.354999999999999716e+01 1.593794032999999903e-05
4.357500000000000284e+01 1.578357002999999987e-05
4.360000000000000142e+01 1.568703346999999955e-05
4.362500000000000000e+01 1.552429488000000150e-05
4.364999999999999858e+01 1.528031296999999945e-05
4.367499999999999716e+01 1.537740693999999970e-05
4.370000000000000284e+01 1.528810259999999863e-05
4.372500000000000142e+01 1.522622655999999979e-05
4.375000000000000000e+01 1.510721556999999948e-05
4.377499999999999858e+01 1.509069403000000078e-05
4.379999999999999716e+01 1.492304739999999925e-05
4.382500000000000284e+01 1.475550811999999940e-05
4.385000000000000142e+01 1.501099464999999980e-05
4.387500000000000000e+01 1.463837422000000040e-05
4.389999999999999858e+01 1.456403058000000020e-05
4.392499999999999716e+01 1.440278347000000079e-05
4.395000000000000284e+01 1.433067491999999951e-05
4.397500000000000142e+01 1.430830502999999969e-05
4.400000000000000000e+01 1.418317669000000078e-05
4.402499999999999858e+01 1.419262078999999968e-05
4.404999999999999716e+01 1.412852060999999950e-05
4.407500000000000284e+01 1.415686820000000062e-05
4.410000000000000142e+01 1.397583889999999932e-05
4.412500000000000000e+01 1.400991280000000017e-05
4.414999999999999858e+01 1.360842865000000039e-05
4.417499999999999716e+01 1.367971750999999986e-05
4.420000000000000284e+01 1.353816986000000061e-05
4.422500000000000142e+01 1.332338040000000026e-05
4.425000000000000000e+01 1.331383746999999924e-05
4.427499999999999858e+01 1.336617003999999977e-05
4.429999999999999716e+01 1.328590171999999960e-05
4.432500000000000284e+01 1.316184032000000049e-05
4.435000000000000142e+01 1.305295915000000048e-05
4.437500000000000000e+01 1.285409587000000079e-05
4.439999999999999858e+01 1.296603625000000003e-05
4.442499999999999716e+01 1.279987619000000029e-05
4.445000000000000284e+01 1.277097562999999926e-05
4.447500000000000142e+01 1.268142578000000017e-05
4.450000000000000000e+01 1.259006572999999994e-05
4.452499999999999858e+01 1.255837421000000016e-05
4.454999999999999716e+01 1.237882791000000062e-05
4.457500000000000284e+01 1.232071457000000059e-05
4.460000000000000142e+01 1.223153096000000020e-05
4.462500000000000000e+01 1.234514844999999997e-05
4.464999999999999858e+01 1.207838431000000031e-05
4.467499999999999716e+01 1.197138894999999936e-05
4.470000000000000284e+01 1.197842618999999988e-05
4.472500000000000142e+01 1.187512796999999963e-05
4.475000000000000000e+01 1.170555770000000050e-05
4.477499999999999858e+01 1.173380920000000055e-05
4.479999999999999716e+01 1.162274197999999994e-05
4.482500000000000284e+01 1.145322962999999916e-05
4.485000000000000142e+01 1.162442027999999991e-05
4.487500000000000000e+01 1.152560036000000070e-05
4.489999999999999858e+01 1.138200887000000066e-05
4.492499999999999716e+01 1.116503128000000064e-05
4.495000000000000284e+01 1.122660704000000035e-05
4.497500000000000142e+01 1.121925957000000082e-05
4.500000000000000000e+01 1.106966600000000041e-05
4.502499999999999858e+01 1.095529796000000018e-05
4.504999999999999716e+01 1.089129121000000032e-05
4.507500000000000284e+01 1.090203230000000068e-05
4.510000000000000142e+01 1.081269700000000081e-05
4.512500000000000000e+01 1.068978000000000084e-05
4.514999999999999858e+01 1.074799770000000081e-05
4.517499999999999716e+01 1.061411277999999993e-05
4.520000000000000284e+01 1.037343425000000001e-05
4.522500000000000142e+01 1.043150087999999979e-05
4.525000000000000000e+01 1.025237360999999923e-05
4.527499999999999858e+01 1.026397365000000024e-05
4.529999999999999716e+01 1.030835679000000044e-05
4.532500000000000284e+01 1.017309753000000020e-05
4.535000000000000142e+01 1.001473779000000009e-05
4.537500000000000000e+01 1.004783798999999970e-05
4.539999999999999858e+01 1.006630014999999957e-05
4.542499999999999716e+01 9.866288021999999839e-06
4.545000000000000284e+01 9.721783030000000309e-06
4.547500000000000142e+01 9.736235787999999858e-06
4.550000000000000000e+01 9.753213000999999262e-06
4.552499999999999858e+01 9.671491568000000397e-06
4.554999999999999716e+01 9.609086284000000681e-06
4.557500000000000284e+01 9.420830420999999787e-06
4.560000000000000142e+01 9.386651344000000800e-06
4.562500000000000000e+01 9.294695619999999916e-06
4.564999999999999858e+01 9.263383592000000731e-06
4.567499999999999716e+01 9.146923639000000347e-06
4.570000000000000284e+01 9.170828017000000660e-06
4.572500000000000142e+01 9.163553315000000824e-06
4.575000000000000000e+01 9.064859158999999996e-06
4.577499999999999858e+01 8.971743541999999773e-06
4.579999999999999716e+01 8.849590565000000337e-06
4.582500000000000284e+01 8.809154504000000428e-06
4.585000000000000142e+01 8.745045723000000076e-06
4.587500000000000000e+01 8.659324006999999778e-06
4.589999999999999858e+01 8.690299377000000218e-06
4.592499999999999716e+01 8.663180407999999569e-06
4.595000000000000284e+01 8.457224681000000168e-06
4.597500000000000142e+01 8.507367269999999287e-06
4.600000000000000000e+01 8.366677257000000698e-06
4.602499999999999858e+01 8.310760612999999438e-06
4.604999999999999716e+01 8.265853919000000158e-06
4.607500000000000284e+01 8.203183244000000285e-06
4.610000000000000142e+01 8.260049610000000714e-06
4.612500000000000000e+01 8.105611901000000662e-06
4.614999999999999858e+01 7.871403522000000423e-06
4.617499999999999716e+01 7.867421997999999805e-06
4.620000000000000284e+01 8.013693107000000545e-06
4.622500000000000142e+01 7.860435662000000141e-06
4.625000000000000000e+01 7.756526366999999804e-06
4.627499999999999858e+01 7.739610561999999542e-06
4.629999999999999716e+01 7.576354591999999608e-06
4.632500000000000284e+01 7.541069410999999784e-06
4.635000000000000142e+01 7.485260371999999966e-06
4.637500000000000000e+01 7.373321665000000334e-06
4.639999999999999858e+01 7.434795515000000304e-06
4.642499999999999716e+01 7.395060667999999769e-06
4.645000000000000284e+01 7.199452914000000357e-06
4.647500000000000142e+01 7.226719673999999779e-06
4.650000000000000000e+01 7.107907528000000369e-06
4.652499999999999858e+01 6.962355731000000068e-06
4.654999999999999716e+01 6.923617257000000321e-06
4.657500000000000284e+01 7.002807578999999752e-06
4.660000000000000142e+01 6.779192359999999638e-06
4.662500000000000000e+01 6.836110050000000321e-06
4.664999999999999858e+01 6.765873599000000358e-06
4.667499999999999716e+01 6.709364666000000025e-06
4.670000000000000284e+01 6.635695997999999936e-06
4.672500000000000142e+01 6.485631140000000093e-06
4.675000000000000000e+01 6.607507876000000036e-06
4.677499999999999858e+01 6.519882697999999742e-06
4.679999999999999716e+01 6.400860368000000221e-06
4.682500000000000284e+01 6.342070077000000423e-06
4.685000000000000142e+01 6.291995463000000232e-06
4.687500000000000000e+01 6.283276880999999935e-06
4.689999999999999858e+01 6.265299321000000362e-06
4.692499999999999716e+01 6.215341449999999821e-06
4.695000000000000284e+01 6.069921528000000275e-06
4.697500000000000142e+01 6.033057753000000266e-06
4.700000000000000000e+01 5.908421177999999578e-06
4.702499999999999858e+01 5.989387931000000151e-06
4.704999999999999716e+01 5.945958990000000009e-06
4.707500000000000284e+01 5.804149728000000016e-06
4.710000000000000142e+01 5.752618909999999974e-06
4.712500000000000000e+01 5.753345076000000076e-06
4.714999999999999858e+01 5.704291865999999676e-06
4.717499999999999716e+01 5.523040194999999691e-06
4.720000000000000284e+01 5.549173680000000404e-06
4.722500000000000142e+01 5.504226423999999887e-06
4.725000000000000000e+01 5.513992661999999913e-06
4.727499999999999858e+01 5.559133971000000366e-06
4.729999999999999716e+01 5.428470859000000055e-06
4.732500000000000284e+01 5.232434774000000228e-06
4.735000000000000142e+01 5.190867493000000276e-06
4.737500000000000000e+01 5.218869013999999744e-06
4.739999999999999858e+01 5.127860263000000021e-06
4.742499999999999716e+01 5.074909457000000213e-06
4.745000000000000284e+01 4.955131354999999709e-06
4.747500000000000142e+01 4.891063303000000034e-06
4.750000000000000000e+01 4.854540095000000138e-06
4.752499999999999858e+01 4.962935290999999749e-06
4.754999999999999716e+01 4.793367184999999576e-06
4.757500000000000284e+01 4.727359243000000325e-06
4.760000000000000142e+01 4.789761237999999650e-06
4.762500000000000000e+01 4.617985537000000031e-06
4.764999999999999858e+01 4.611408537999999856e-06
4.767499999999999716e+01 4.567693554999999926e-06
4.770000000000000284e+01 4.428615437000000243e-06
4.772500000000000142e+01 4.548940175000000339e-06
4.775000000000000000e+01 4.336254055999999666e-06
4.777499999999999858e+01 4.316311526000000171e-06
4.779999999999999716e+01 4.296843287000000099e-06
4.782500000000000284e+01 4.240328046999999652e-06
4.785000000000000142e+01 4.228156170999999958e-06
4.787500000000000000e+01 4.088409056999999822e-06
4.789999999999999858e+01 4.004190792999999665e-06
4.792499999999999716e+01 3.976195329999999937e-06
4.795000000000000284e+01 3.923723573000000082e-06
4.797500000000000142e+01 3.931412764000000309e-06
4.800000000000000000e+01 3.834574214000000369e-06
4.802499999999999858e+01 3.847114156000000084e-06
4.804999999999999716e+01 3.806183999000000166e-06
4.807500000000000284e+01 3.710948550999999952e-06
4.810000000000000142e+01 3.696547541000000077e-06
4.812500000000000000e+01 3.618105805999999812e-06
4.814999999999999858e+01 3.501948982999999793e-06
4.817499999999999716e+01 3.492151896000000200e-06
4.820000000000000284e+01 3.490021024999999972e-06
4.822500000000000142e+01 3.414823718000000174e-06
4.825000000000000000e+01 3.349770278000000067e-06
4.827499999999999858e+01 3.232168485999999978e-06
4.829999999999999716e+01 3.289626605000000076e-06
4.832500000000000284e+01 3.135019678999999971e-06
4.835000000000000142e+01 3.242024913000000103e-06
4.837500000000000000e+01 3.132943993999999818e-06
4.839999999999999858e+01 3.047639006000000092e-06
4.842499999999999716e+01 2.989406574999999943e-06
4.845000000000000284e+01 2.944318998999999906e-06
4.847500000000000142e+01 2.964239463000000037e-06
4.850000000000000000e+01 2.861276866000000181e-06
4.852499999999999858e+01 2.881821315999999910e-06
4.854999999999999716e+01 2.767531778999999948e-06
4.857500000000000284e+01 2.761796777999999927e-06
4.860000000000000142e+01 2.610337889999999824e-06
4.862500000000000000e+01 2.655893230000000064e-06
4.864999999999999858e+01 2.591412710000000025e-06
4.867499999999999716e+01 2.552990705000000009e-06
4.870000000000000284e+01 2.481737773999999906e-06
4.872500000000000142e+01 2.403351666999999837e-06
4.875000000000000000e+01 2.328068677999999877e-06
4.877499999999999858e+01 2.331637052999999884e-06
4.879999999999999716e+01 2.269099780000000059e-06
4.882500000000000284e+01 2.186442632999999899e-06
4.885000000000000142e+01 2.149165085999999877e-06
4.887500000000000000e+01 2.154649661000000134e-06
4.889999999999999858e+01 2.056638121999999936e-06
4.892499999999999716e+01 2.004705133999999828e-06
4.895000000000000284e+01 1.971935915999999970e-06
4.897500000000000142e+01 1.838658144000000071e-06
4.900000000000000000e+01 1.946426414999999906e-06
4.902499999999999858e+01 1.780105172000000032e-06
4.904999999999999716e+01 1.746249368999999944e-06
4.907500000000000284e+01 1.756572199999999999e-06
4.910000000000000142e+01 1.653345518000000065e-06
4.912500000000000000e+01 1.644209889000000051e-06
4.914999999999999858e+01 1.637244075000000080e-06
4.917499999999999716e+01 1.608064573000000033e-06
4.920000000000000284e+01 1.572418081999999919e-06
4.922500000000000142e+01 1.458304169000000064e-06
4.925000000000000000e+01 1.343343422000000089e-06
4.927499999999999858e+01 1.324568065000000083e-06
4.929999999999999716e+01 1.335151365999999914e-06
4.932500000000000284e+01 1.281288898000000086e-06
4.935000000000000142e+01 1.230008259999999975e-06
4.937500000000000000e+01 1.189989614999999957e-06
4.939999999999999858e+01 1.146666899000000064e-06
4.942499999999999716e+01 1.004067246999999930e-06
4.945000000000000284e+01 1.070168959000000095e-06
4.947500000000000142e+01 1.030574006000000075e-06
4.950000000000000000e+01 9.121058488999999882e-07
4.952499999999999858e+01 8.724326720000000420e-07
4.954999999999999716e+01 8.549498532000000021e-07
4.957500000000000284e+01 8.899320148999999578e-07
4.960000000000000142e+01 7.662629605999999946e-07
4.962500000000000000e+01 7.051158956000000121e-07
4.964999999999999858e+01 6.523013229000000506e-07
4.967499999999999716e+01 6.747233147000000452e-07
4.970000000000000284e+01 5.533967807999999985e-07
4.972500000000000142e+01 4.831697856999999579e-07
4.975000000000000000e+01 5.022810139999999941e-07
4.977499999999999858e+01 3.806452098999999774e-07
4.979999999999999716e+01 3.409395491000000078e-07
4.982500000000000284e+01 3.336362975999999995e-07
4.985000000000000142e+01 2.903979069999999844e-07
4.987500000000000000e+01 2.368443870000000007e-07
4.989999999999999858e+01 1.116294822999999998e-07
4.992499999999999716e+01 1.714097896999999918e-07
4.995000000000000284e+01 2.270859017000000028e-07
4.997500000000000142e+01 9.341586513999999524e-09
5.000000000000000000e+01 0.000000000000000000e+00
5.002499999999999858e+01 -9.341586513999999524e-09
5.004999999999999716e+01 -2.270859017000000028e-07
5.007500000000000284e+01 -1.714097896999999918e-07
5.010000000000000142e+01 -1.116294822999999998e-07
5.012500000000000000e+01 -2.368443870000000007e-07
5.014999999999999858e+01 -2.903979069999999844e-07
5.017499999999999716e+01 -3.336362975999999995e-07
5.020000000000000284e+01 -3.409395491000000078e-07
5.022500000000000142e+01 -3.806452098999999774e-07
5.025000000000000000e+01 -5.022810139999999941e-07
5.027499999999999858e+01 -4.831697856999999579e-07
5.029999999999999716e+01 -5.533967807999999985e-07
5.032500000000000284e+01 -6.747233147000000452e-07
5.035000000000000142e+01 -6.523013229000000506e-07
5.037500000000000000e+01 -7.051158956000000121e-07
5.039999999999999858e+01 -7.662629605999999946e-07
5.042499999999999716e+01 -8.899320148999999578e-07
5.045000000000000284e+01 -8.549498532000000021e-07
5.047500000000000142e+01 -8.724326720000000420e-07
5.050000000000000000e+01 -9.121058488999999882e-07
5.052499999999999858e+01 -1.030574006000000075e-06
5.054999999999999716e+01 -1.070168959000000095e-06
5.057500000000000284e+01 -1.004067246999999930e-06
5.060000000000000142e+01 -1.146666899000000064e-06
5.062500000000000000e+01 -1.189989614999999957e-06
5.064999999999999858e+01 -1.230008259999999975e-06
5.067499999999999716e+01 -1.281288898000000086e-06
5.070000000000000284e+01 -1.335151365999999914e-06
5.072500000000000142e+01 -1.324568065000000083e-06
5.075000000000000000e+01 -1.343343422000000089e-06
5.077499999999999858e+01 -1.458304169000000064e-06
5.079999999999999716e+01 -1.572418081999999919e-06
5.082500000000000284e+01 -1.608064573000000033e-06
5.085000000000000142e+01 -1.637244075000000080e-06
5.087500000000000000e+01 -1.644209889000000051e-06
5.089999999999999858e+01 -1.653345518000000065e-06
5.092499999999999716e+01 -1.756572199999999999e-06
5.095000000000000284e+01 -1.746249368999999944e-06
5.097500000000000142e+01 -1.780105172000000032e-06
5.100000000000000000e+01 -1.946426414999999906e-06
5.102499999999999858e+01 -1.838658144000000071e-06
5.104999999999999716e+01 -1.971935915999999970e-06
5.107500000000000284e+01 -2.004705133999999828e-06
5.110000000000000142e+01 -2.056638121999999936e-06
5.112500000000000000e+01 -2.154649661000000134e-06
5.114999999999999858e+01 -2.149165085999999877e-06
5.117499999999999716e+01 -2.186442632999999899e-06
5.120000000000000284e+01 -2.269099780000000059e-06
5.122500000000000142e+01 -2.331637052999999884e-06
5.125000000000000000e+01 -2.328068677999999877e-06
5.127499999999999858e+01 -2.403351666999999837e-06
5.129999999999999716e+01 -2.481737773999999906e-06
5.132500000000000284e+01 -2.552990705000000009e-06
5.135000000000000142e+01 -2.591412710000000025e-06
5.137500000000000000e+01 -2.655893230000000064e-06
5.139999999999999858e+01 -2.610337889999999824e-06
5.142499999999999716e+01 -2.761796777999999927e-06
5.145000000000000284e+01 -2.767531778999999948e-06
5.147500000000000142e+01 -2.881821315999999910e-06
5.150000000000000000e+01 -2.861276866000000181e-06
5.152499999999999858e+01 -2.964239463000000037e-06
5.154999999999999716e+01 -2.944318998999999906e-06
5.157500000000000284e+01 -2.989406574999999943e-06
5.160000000000000142e+01 -3.047639006000000092e-06
5.162500000000000000e+01 -3.132943993999999818e-06
5.164999999999999858e+01 -3.242024913000000103e-06
5.167499999999999716e+01 -3.135019678999999971e-06
5.170000000000000284e+01 -3.289626605000000076e-06
5.172500000000000142e+01 -3.232168485999999978e-06
5.175000000000000000e+01 -3.349770278000000067e-06
5.177499999999999858e+01 -3.414823718000000174e-06
5.179999999999999716e+01 -3.490021024999999972e-06
5.182500000000000284e+01 -3.492151896000000200e-06
5.185000000000000142e+01 -3.501948982999999793e-06
5.187500000000000000e+01 -3.618105805999999812e-06
5.189999999999999858e+01 -3.696547541000000077e-06
5.192499999999999716e+01 -3.710948550999999952e-06
5.195000000000000284e+01 -3.806183999000000166e-06
5.197500000000000142e+01 -3.847114156000000084e-06
5.200000000000000000e+01 -3.834574214000000369e-06
5.202499999999999858e+01 -3.931412764000000309e-06
5.204999999999999716e+01 -3.923723573000000082e-06
5.207500000000000284e+01 -3.976195329999999937e-06
5.210000000000000142e+01 -4.004190792999999665e-06
5.212500000000000000e+01 -4.088409056999999822e-06
5.214999999999999858e+01 -4.228156170999999958e-06
5.217499999999999716e+01 -4.240328046999999652e-06
5.220000000000000284e+01 -4.296843287000000099e-06
5.222500000000000142e+01 -4.316311526000000171e-06
5.225000000000000000e+01 -4.336254055999999666e-06
5.227499999999999858e+01 -4.548940175000000339e-06
5.229999999999999716e+01 -4.428615437000000243e-06
5.232500000000000284e+01 -4.567693554999999926e-06
5.235000000000000142e+01 -4.611408537999999856e-06
5.237500000000000000e+01 -4.617985537000000031e-06
5.239999999999999858e+01 -4.789761237999999650e-06
5.242499999999999716e+01 -4.727359243000000325e-06
5.245000000000000284e+01 -4.793367184999999576e-06
5.247500000000000142e+01 -4.962935290999999749e-06
5.250000000000000000e+01 -4.854540095000000138e-06
5.252499999999999858e+01 -4.891063303000000034e-06
5.254999999999999716e+01 -4.955131354999999709e-06
5.257500000000000284e+01 -5.074909457000000213e-06
5.260000000000000142e+01 -5.127860263000000021e-06
5.262500000000000000e+01 -5.218869013999999744e-06
5.264999999999999858e+01 -5.190867493000000276e-06
5.267499999999999716e+01 -5.232434774000000228e-06
5.270000000000000284e+01 -5.428470859000000055e-06
5.272500000000000142e+01 -5.559133971000000366e-06
5.275000000000000000e+01 -5.513992661999999913e-06
5.277499999999999858e+01 -5.504226423999999887e-06
5.279999999999999716e+01 -5.549173680000000404e-06
5.282500000000000284e+01 -5.523040194999999691e-06
5.285000000000000142e+01 -5.704291865999999676e-06
5.287500000000000000e+01 -5.753345076000000076e-06
5.289999999999999858e+01 -5.752618909999999974e-06
5.292499999999999716e+01 -5.804149728000000016e-06
5.295000000000000284e+01 -5.945958990000000009e-06
5.297500000000000142e+01 -5.989387931000000151e-06
5.300000000000000000e+01 -5.908421177999999578e-06
5.302499999999999858e+01 -6.033057753000000266e-06
5.304999999999999716e+01 -6.069921528000000275e-06
5.307500000000000284e+01 -6.215341449999999821e-06
5.310000000000000142e+01 -6.265299321000000362e-06
5.312500000000000000e+01 -6.283276880999999935e-06
5.314999999999999858e+01 -6.291995463000000232e-06
5.317499999999999716e+01 -6.342070077000000423e-06
5.320000000000000284e+01 -6.400860368000000221e-06
5.322500000000000142e+01 -6.519882697999999742e-06
5.325000000000000000e+01 -6.607507876000000036e-06
5.327499999999999858e+01 -6.485631140000000093e-06
5.329999999999999716e+01 -6.635695997999999936e-06
5.332500000000000284e+01 -6.709364666000000025e-06
5.335000000000000142e+01 -6.765873599000000358e-06
5.337500000000000000e+01 -6.836110050000000321e-06
5.339999999999999858e+01 -6.779192359999999638e-06
5.342499999999999716e+01 -7.002807578999999752e-06
5.345000000000000284e+01 -6.923617257000000321e-06
5.347500000000000142e+01 -6.962355731000000068e-06
5.350000000000000000e+01 -7.107907528000000369e-06
5.352499999999999858e+01 -7.226719673999999779e-06
5.354999999999999716e+01 -7.199452914000000357e-06
5.357500000000000284e+01 -7.395060667999999769e-06
5.360000000000000142e+01 -7.434795515000000304e-06
5.362500000000000000e+01 -7.373321665000000334e-06
5.364999999999999858e+01 -7.485260371999999966e-06
5.367499999999999716e+01 -7.541069410999999784e-06
5.370000000000000284e+01 -7.576354591999999608e-06
5.372500000000000142e+01 -7.739610561999999542e-06
5.375000000000000000e+01 -7.756526366999999804e-06
5.377499999999999858e+01 -7.860435662000000141e-06
5.379999999999999716e+01 -8.013693107000000545e-06
5.382500000000000284e+01 -7.867421997999999805e-06
5.385000000000000142e+01 -7.871403522000000423e-06
5.387500000000000000e+01 -8.105611901000000662e-06
5.389999999999999858e+01 -8.260049610000000714e-06
5.392499999999999716e+01 -8.203183244000000285e-06
5.395000000000000284e+01 -8.265853919000000158e-06
5.397500000000000142e+01 -8.310760612999999438e-06
5.400000000000000000e+01 -8.366677257000000698e-06
5.402499999999999858e+01 -8.507367269999999287e-06
5.404999999999999716e+01 -8.457224681000000168e-06
5.407500000000000284e+01 -8.663180407999999569e-06
5.410000000000000142e+01 -8.690299377000000218e-06
5.412500000000000000e+01 -8.659324006999999778e-06
5.414999999999999858e+01 -8.745045723000000076e-06
5.417499999999999716e+01 -8.809154504000000428e-06
5.420000000000000284e+01 -8.849590565000000337e-06
5.422500000000000142e+01 -8.971743541999999773e-06
5.425000000000000000e+01 -9.064859158999999996e-06
5.427499999999999858e+01 -9.163553315000000824e-06
5.429999999999999716e+01 -9.170828017000000660e-06
5.432500000000000284e+01 -9.146923639000000347e-06
5.435000000000000142e+01 -9.263383592000000731e-06
5.437500000000000000e+01 -9.294695619999999916e-06
5.439999999999999858e+01 -9.386651344000000800e-06
5.442499999999999716e+01 -9.420830420999999787e-06
5.445000000000000284e+01 -9.609086284000000681e-06
5.447500000000000142e+01 -9.671491568000000397e-06
5.450000000000000000e+01 -9.753213000999999262e-06
5.452499999999999858e+01 -9.736235787999999858e-06
5.454999999999999716e+01 -9.721783030000000309e-06
5.457500000000000284e+01 -9.866288021999999839e-06
5.460000000000000142e+01 -1.006630014999999957e-05
5.462500000000000000e+01 -1.004783798999999970e-05
5.464999999999999858e+01 -1.001473779000000009e-05
5.467499999999999716e+01 -1.017309753000000020e-05
5.470000000000000284e+01 -1.030835679000000044e-05
5.472500000000000142e+01 -1.026397365000000024e-05
5.475000000000000000e+01 -1.025237360999999923e-05
5.477499999999999858e+01 -1.043150087999999979e-05
5.479999999999999716e+01 -1.037343425000000001e-05
5.482500000000000284e+01 -1.061411277999999993e-05
5.485000000000000142e+01 -1.074799770000000081e-05
5.487500000000000000e+01 -1.068978000000000084e-05
5.489999999999999858e+01 -1.081269700000000081e-05
5.492499999999999716e+01 -1.090203230000000068e-05
5.495000000000000284e+01 -1.089129121000000032e-05
5.497500000000000142e+01 -1.095529796000000018e-05
5.500000000000000000e+01 -1.106966600000000041e-05
5.502499999999999858e+01 -1.121925957000000082e-05
5.504999999999999716e+01 -1.122660704000000035e-05
5.507500000000000284e+01 -1.116503128000000064e-05
5.510000000000000142e+01 -1.138200887000000066e-05
5.512500000000000000e+01 -1.152560036000000070e-05
5.514999999999999858e+01 -1.162442027999999991e-05
5.517499999999999716e+01 -1.145322962999999916e-05
5.520000000000000284e+01 -1.162274197999999994e-05
5.522500000000000142e+01 -1.173380920000000055e-05
5.525000000000000000e+01 -1.170555770000000050e-05
5.527499999999999858e+01 -1.187512796999999963e-05
5.529999999999999716e+01 -1.197842618999999988e-05
5.532500000000000284e+01 -1.197138894999999936e-05
5.535000000000000142e+01 -1.207838431000000031e-05
5.537500000000000000e+01 -1.234514844999999997e-05
5.539999999999999858e+01 -1.223153096000000020e-05
5.542499999999999716e+01 -1.232071457000000059e-05
5.545000000000000284e+01 -1.237882791000000062e-05
5.547500000000000142e+01 -1.255837421000000016e-05
5.550000000000000000e+01 -1.259006572999999994e-05
5.552499999999999858e+01 -1.268142578000000017e-05
5.554999999999999716e+01 -1.277097562999999926e-05
5.557500000000000284e+01 -1.279987619000000029e-05
5.560000000000000142e+01 -1.296603625000000003e-05
5.562500000000000000e+01 -1.285409587000000079e-05
5.564999999999999858e+01 -1.305295915000000048e-05
5.567499999999999716e+01 -1.316184032000000049e-05
5.570000000000000284e+01 -1.328590171999999960e-05
5.572500000000000142e+01 -1.336617003999999977e-05
5.575000000000000000e+01 -1.331383746999999924e-05
5.577499999999999858e+01 -1.332338040000000026e-05
5.579999999999999716e+01 -1.353816986000000061e-05
5.582500000000000284e+01 -1.367971750999999986e-05
5.585000000000000142e+01 -1.360842865000000039e-05
5.587500000000000000e+01 -1.400991280000000017e-05
5.589999999999999858e+01 -1.397583889999999932e-05
5.592499999999999716e+01 -1.415686820000000062e-05
5.595000000000000284e+01 -1.412852060999999950e-05
5.597500000000000142e+01 -1.419262078999999968e-05
5.600000000000000000e+01 -1.418317669000000078e-05
5.602499999999999858e+01 -1.430830502999999969e-05
5.604999999999999716e+01 -1.433067491999999951e-05
5.607500000000000284e+01 -1.440278347000000079e-05
5.610000000000000142e+01 -1.456403058000000020e-05
5.612500000000000000e+01 -1.463837422000000040e-05
5.614999999999999858e+01 -1.501099464999999980e-05
5.617499999999999716e+01 -1.475550811999999940e-05
5.620000000000000284e+01 -1.492304739999999925e-05
5.622500000000000142e+01 -1.509069403000000078e-05
5.625000000000000000e+01 -1.510721556999999948e-05
5.627499999999999858e+01 -1.522622655999999979e-05
5.629999999999999716e+01 -1.528810259999999863e-05
5.632500000000000284e+01 -1.537740693999999970e-05
5.635000000000000142e+01 -1.528031296999999945e-05
5.637500000000000000e+01 -1.552429488000000150e-05
5.639999999999999858e+01 -1.568703346999999955e-05
5.642499999999999716e+01 -1.578357002999999987e-05
5.645000000000000284e+01 -1.593794032999999903e-05
5.647500000000000142e+01 -1.635739598999999951e-05
5.650000000000000000e+01 -1.594376680000000125e-05
5.652499999999999858e+01 -1.631699489000000138e-05
5.654999999999999716e+01 -1.618433649000000022e-05
5.657500000000000284e+01 -1.635369376999999986e-05
5.660000000000000142e+01 -1.637743804000000002e-05
5.662500000000000000e+01 -1.654371311999999899e-05
5.664999999999999858e+01 -1.658165602999999994e-05
5.667499999999999716e+01 -1.660852542999999960e-05
5.670000000000000284e+01 -1.670159199000000112e-05
5.672500000000000142e+01 -1.687429514999999909e-05
5.675000000000000000e+01 -1.704333930000000147e-05
5.677499999999999858e+01 -1.705465025000000011e-05
5.679999999999999716e+01 -1.730634455000000152e-05
5.682500000000000284e+01 -1.721835971999999975e-05
5.685000000000000142e+01 -1.719204565999999908e-05
5.687500000000000000e+01 -1.741954535999999836e-05
5.689999999999999858e+01 -1.750447236999999853e-05
5.692499999999999716e+01 -1.775701934999999882e-05
5.695000000000000284e+01 -1.780438364000000095e-05
5.697500000000000142e+01 -1.771852584000000041e-05
5.700000000000000000e+01 -1.798855376000000085e-05
5.702499999999999858e+01 -1.805860511999999844e-05
5.704999999999999716e+01 -1.815933376000000127e-05
5.707500000000000284e+01 -1.825857697999999906e-05
5.710000000000000142e+01 -1.844483741000000081e-05
5.712500000000000000e+01 -1.858561411999999996e-05
5.714999999999999858e+01 -1.857994668999999867e-05
5.717499999999999716e+01 -1.887478464999999927e-05
5.720000000000000284e+01 -1.880222813999999848e-05
5.722500000000000142e+01 -1.908347572000000035e-05
5.725000000000000000e+01 -1.908086693999999964e-05
5.727499999999999858e+01 -1.922403435000000124e-05
5.729999999999999716e+01 -1.913122435000000034e-05
5.732500000000000284e+01 -1.941771853999999867e-05
5.735000000000000142e+01 -1.939352363999999841e-05
5.737500000000000000e+01 -1.934590278999999904e-05
5.739999999999999858e+01 -1.958913308000000077e-05
5.742499999999999716e+01 -1.957558375999999978e-05
5.745000000000000284e+01 -1.987183261999999853e-05
5.747500000000000142e+01 -1.998758137999999965e-05
5.750000000000000000e+01 -2.035615848000000018e-05
5.752499999999999858e+01 -2.019535909999999924e-05
5.754999999999999716e+01 -2.022006435999999837e-05
5.757500000000000284e+01 -2.051057013999999860e-05
5.760000000000000142e+01 -2.050294451000000140e-05
5.762500000000000000e+01 -2.071156846000000125e-05
5.764999999999999858e+01 -2.076378530999999959e-05
5.767499999999999716e+01 -2.091543959999999933e-05
5.770000000000000284e+01 -2.130084494999999836e-05
5.772500000000000142e+01 -2.135752318999999970e-05
5.775000000000000000e+01 -2.121850180999999895e-05
5.777499999999999858e+01 -2.129278426999999872e-05
5.779999999999999716e+01 -2.123582038999999883e-05
5.782500000000000284e+01 -2.154985383999999870e-05
5.785000000000000142e+01 -2.171517756999999895e-05
5.787500000000000000e+01 -2.177358354999999834e-05
5.789999999999999858e+01 -2.203419645000000119e-05
5.792499999999999716e+01 -2.204281400999999989e-05
5.795000000000000284e+01 -2.214787415000000147e-05
5.797500000000000142e+01 -2.237554856000000114e-05
5.800000000000000000e+01 -2.243369850000000095e-05
5.802499999999999858e+01 -2.261432820000000113e-05
5.804999999999999716e+01 -2.254214014999999903e-05
5.807500000000000284e+01 -2.263860163999999872e-05
5.810000000000000142e+01 -2.281067933999999831e-05
5.812500000000000000e+01 -2.310535760999999922e-05
5.814999999999999858e+01 -2.306041276999999985e-05
5.817499999999999716e+01 -2.350613170000000120e-05
5.820000000000000284e+01 -2.345050633999999905e-05
5.822500000000000142e+01 -2.354710838999999871e-05
5.825000000000000000e+01 -2.369494849999999840e-05
5.827499999999999858e+01 -2.379122244999999923e-05
5.829999999999999716e+01 -2.394879152999999971e-05
5.832500000000000284e+01 -2.416431874000000152e-05
5.835000000000000142e+01 -2.423238033000000156e-05
5.837500000000000000e+01 -2.430173042999999940e-05
5.839999999999999858e+01 -2.454710943000000138e-05
5.842499999999999716e+01 -2.451314085999999870e-05
5.845000000000000284e+01 -2.486459887999999840e-05
5.847500000000000142e+01 -2.496486076999999940e-05
5.850000000000000000e+01 -2.512345913999999969e-05
5.852499999999999858e+01 -2.518059617000000024e-05
5.854999999999999716e+01 -2.524006172000000002e-05
5.857500000000000284e+01 -2.543676938999999857e-05
5.860000000000000142e+01 -2.541545141999999955e-05
5.862500000000000000e+01 -2.590403049000000163e-05
5.864999999999999858e+01 -2.613505426999999937e-05
5.867499999999999716e+01 -2.606985551000000066e-05
5.870000000000000284e+01 -2.601380546000000061e-05
5.872500000000000142e+01 -2.615084211000000006e-05
5.875000000000000000e+01 -2.651963021000000112e-05
5.877499999999999858e+01 -2.646169146999999833e-05
5.879999999999999716e+01 -2.675098438000000155e-05
5.882500000000000284e+01 -2.680149221999999842e-05
5.885000000000000142e+01 -2.691107517999999905e-05
5.887500000000000000e+01 -2.723726747999999901e-05
5.889999999999999858e+01 -2.743516044000000084e-05
5.892499999999999716e+01 -2.738053036999999883e-05
5.895000000000000284e+01 -2.737389920999999923e-05
5.897500000000000142e+01 -2.774147445999999953e-05
5.900000000000000000e+01 -2.772351795999999970e-05
5.902499999999999858e+01 -2.788871234999999960e-05
5.904999999999999716e+01 -2.806814965999999913e-05
5.907500000000000284e+01 -2.831382639000000094e-05
5.910000000000000142e+01 -2.833531401000000105e-05
5.912500000000000000e+01 -2.855655235999999945e-05
5.914999999999999858e+01 -2.875694728999999929e-05
5.917499999999999716e+01 -2.879022601999999833e-05
5.920000000000000284e+01 -2.897044107000000060e-05
5.922500000000000142e+01 -2.923256091999999997e-05
5.925000000000000000e+01 -2.911244425999999849e-05
5.927499999999999858e+01 -2.949875304000000028e-05
5.929999999999999716e+01 -2.957611812999999995e-05
5.932500000000000284e+01 -3.010266653999999997e-05
5.935000000000000142e+01 -2.995491631999999834e-05
5.937500000000000000e+01 -3.032445351000000007e-05
5.939999999999999858e+01 -3.009929622000000023e-05
5.942499999999999716e+01 -3.027476432999999937e-05
5.945000000000000284e+01 -3.049124773999999951e-05
5.947500000000000142e+01 -3.068784341999999818e-05
5.950000000000000000e+01 -3.123832976999999807e-05
5.952499999999999858e+01 -3.144701682000000193e-05
5.954999999999999716e+01 -3.129537447000000272e-05
5.957500000000000284e+01 -3.153878107000000048e-05
5.960000000000000142e+01 -3.159470583000000026e-05
5.962500000000000000e+01 -3.193892643999999691e-05
5.964999999999999858e+01 -3.192896628999999735e-05
5.967499999999999716e+01 -3.213407965000000257e-05
5.970000000000000284e+01 -3.235594645999999752e-05
5.972500000000000142e+01 -3.251813556000000236e-05
5.975000000000000000e+01 -3.254479262999999771e-05
5.977499999999999858e+01 -3.287259534999999790e-05
5.979999999999999716e+01 -3.317246794999999791e-05
5.982500000000000284e+01 -3.311780571000000139e-05
5.985000000000000142e+01 -3.330547954999999789e-05
5.987500000000000000e+01 -3.307449487999999824e-05
5.989999999999999858e+01 -3.376207316000000329e-05
5.992499999999999716e+01 -3.376982524000000073e-05
5.995000000000000284e+01 -3.394025892999999661e-05
5.997500000000000142e+01 -3.403941552999999995e-05
6.000000000000000000e+01 -3.428364076999999762e-05
6.002499999999999858e+01 -3.456965277000000080e-05
6.004999999999999716e+01 -3.473305463000000119e-05
6.007500000000000284e+01 -3.488383892000000106e-05
6.010000000000000142e+01 -3.545513899000000231e-05
6.012500000000000000e+01 -3.528409088000000065e-05
6.014999999999999858e+01 -3.559900753999999898e-05
6.017499999999999716e+01 -3.558028264000000191e-05
6.020000000000000284e+01 -3.541564151000000022e-05
6.022500000000000142e+01 -3.626729831999999986e-05
6.025000000000000000e+01 -3.627772821999999942e-05
6.027499999999999858e+01 -3.636838654999999780e-05
6.029999999999999716e+01 -3.659934896999999826e-05
6.032500000000000284e+01 -3.672030987999999748e-05
6.035000000000000142e+01 -3.713248426999999887e-05
6.037500000000000000e+01 -3.710470908000000059e-05
6.039999999999999858e+01 -3.696830544000000255e-05
6.042499999999999716e+01 -3.737732739999999901e-05
6.045000000000000284e+01 -3.817100244000000219e-05
6.047500000000000142e+01 -3.809777134999999763e-05
6.050000000000000000e+01 -3.841624322999999684e-05
6.052499999999999858e+01 -3.833377517000000084e-05
6.054999999999999716e+01 -3.892170539999999712e-05
6.057500000000000284e+01 -3.829579977999999726e-05
6.060000000000000142e+01 -3.892873116999999732e-05
6.062500000000000000e+01 -3.960426032000000134e-05
6.064999999999999858e+01 -3.946932273999999909e-05
6.067499999999999716e+01 -3.950691534000000133e-05
6.070000000000000284e+01 -3.982190260000000081e-05
6.072500000000000142e+01 -3.973934162999999875e-05
6.075000000000000000e+01 -3.992101791000000026e-05
6.077499999999999858e+01 -4.008300185999999677e-05
6.079999999999999716e+01 -4.014951804999999739e-05
6.082500000000000284e+01 -4.068613480000000254e-05
6.085000000000000142e+01 -4.074066202999999996e-05
6.087500000000000000e+01 -4.188093765999999723e-05
6.089999999999999858e+01 -4.164132355000000067e-05
6.092499999999999716e+01 -4.181540494000000088e-05
6.095000000000000284e+01 -4.198715060000000302e-05
6.097500000000000142e+01 -4.204232290999999672e-05
6.100000000000000000e+01 -4.246086312999999851e-05
6.102499999999999858e+01 -4.250089423999999768e-05
6.104999999999999716e+01 -4.265902336999999919e-05
6.107500000000000284e+01 -4.281088343000000315e-05
6.110000000000000142e+01 -4.380859176999999803e-05
6.112500000000000000e+01 -4.329717061000000017e-05
6.114999999999999858e+01 -4.380247537000000140e-05
6.117499999999999716e+01 -4.350139677999999884e-05
6.120000000000000284e+01 -4.391983532000000279e-05
6.122500000000000142e+01 -4.413345847999999697e-05
6.125000000000000000e+01 -4.423652098999999663e-05
6.127499999999999858e+01 -4.502010897999999774e-05
6.129999999999999716e+01 -4.491738782999999801e-05
6.132500000000000284e+01 -4.545681335999999752e-05
6.135000000000000142e+01 -4.530929738999999839e-05
6.137500000000000000e+01 -4.628570016999999671e-05
6.139999999999999858e+01 -4.594819629000000238e-05
6.142499999999999716e+01 -4.579394201000000015e-05
6.145000000000000284e+01 -4.632763181999999735e-05
6.147500000000000142e+01 -4.679502337999999804e-05
6.150000000000000000e+01 -4.670913024999999745e-05
6.152499999999999858e+01 -4.712311546999999908e-05
6.154999999999999716e+01 -4.730039041000000090e-05
6.157500000000000284e+01 -4.742695945999999830e-05
6.160000000000000142e+01 -4.783116639999999709e-05
6.162500000000000000e+01 -4.817130200000000292e-05
6.164999999999999858e+01 -4.840682654999999701e-05
6.167499999999999716e+01 -4.884088205999999826e-05
6.170000000000000284e+01 -4.900438718000000264e-05
6.172500000000000142e+01 -4.889534447000000152e-05
6.175000000000000000e+01 -4.975683756999999907e-05
6.177499999999999858e+01 -4.941161570999999845e-05
6.179999999999999716e+01 -5.008724779000000210e-05
6.182500000000000284e+01 -4.991925971000000053e-05
6.185000000000000142e+01 -5.013110811999999829e-05
6.187500000000000000e+01 -5.050360044000000117e-05
6.189999999999999858e+01 -5.090343950999999908e-05
6.192499999999999716e+01 -5.101938028000000194e-05
6.195000000000000284e+01 -5.148368274000000107e-05
6.197500000000000142e+01 -5.166314161999999816e-05
6.200000000000000000e+01 -5.180013454999999911e-05
6.202499999999999858e+01 -5.203172249000000030e-05
6.204999999999999716e+01 -5.280195951999999915e-05
6.207500000000000284e+01 -5.236164239999999820e-05
6.210000000000000142e+01 -5.313675678999999852e-05
6.212500000000000000e+01 -5.326233993999999702e-05
6.214999999999999858e+01 -5.360936707999999702e-05
6.217499999999999716e+01 -5.353513250000000069e-05
6.220000000000000284e+01 -5.439634848999999909e-05
6.222500000000000142e+01 -5.450832907999999914e-05
6.225000000000000000e+01 -5.485625247999999899e-05
6.227499999999999858e+01 -5.519950632999999967e-05
6.229999999999999716e+01 -5.521860036000000063e-05
6.232500000000000284e+01 -5.558831073999999893e-05
6.235000000000000142e+01 -5.600906124000000133e-05
6.237500000000000000e+01 -5.665401371000000337e-05
6.239999999999999858e+01 -5.671029132000000134e-05
6.242499999999999716e+01 -5.673592270999999791e-05
6.245000000000000284e+01 -5.681577908999999667e-05
6.247500000000000142e+01 -5.794465541999999731e-05
6.250000000000000000e+01 -5.773328892999999944e-05
6.252499999999999858e+01 -5.807009590999999882e-05
6.254999999999999716e+01 -5.823396943999999939e-05
6.257500000000000284e+01 -5.879316213000000197e-05
6.260000000000000142e+01 -5.866380769999999937e-05
6.262500000000000000e+01 -5.911266777999999692e-05
6.264999999999999858e+01 -5.981063871999999773e-05
6.267499999999999716e+01 -5.981915702000000016e-05
6.270000000000000284e+01 -6.015721006999999671e-05
6.272500000000000142e+01 -6.033740763999999741e-05
6.275000000000000000e+01 -6.026409898999999864e-05
6.277499999999999858e+01 -6.115672401999999535e-05
6.279999999999999716e+01 -6.172004787999999865e-05
6.282500000000000284e+01 -6.140888525999999524e-05
6.285000000000000142e+01 -6.197809178999999372e-05
6.287500000000000000e+01 -6.219641811999999340e-05
6.289999999999999858e+01 -6.251422577999999339e-05
6.292499999999999716e+01 -6.308302764999999823e-05
6.295000000000000284e+01 -6.318895502000000425e-05
6.297500000000000142e+01 -6.333252284999999935e-05
6.300000000000000000e+01 -6.402234706999999588e-05
6.302499999999999858e+01 -6.453720327000000295e-05
6.304999999999999716e+01 -6.441891745999999937e-05
6.307500000000000284e+01 -6.463777341999999858e-05
6.310000000000000142e+01 -6.529128508999999683e-05
6.312500000000000000e+01 -6.552729855000000029e-05
6.314999999999999858e+01 -6.635587925999999743e-05
6.317499999999999716e+01 -6.616871074999999998e-05
6.320000000000000284e+01 -6.646677059999999955e-05
6.322500000000000142e+01 -6.676794299000000270e-05
6.325000000000000000e+01 -6.759963636000000133e-05
6.327499999999999858e+01 -6.735871648000000492e-05
6.329999999999999716e+01 -6.799104391999999505e-05
6.332500000000000284e+01 -6.799353936000000602e-05
6.335000000000000142e+01 -6.838016715999999996e-05
6.337500000000000000e+01 -6.898914804999999354e-05
6.339999999999999858e+01 -6.927735624000000403e-05
6.342499999999999716e+01 -6.973638938000000203e-05
6.345000000000000284e+01 -7.046124101000000427e-05
6.347500000000000142e+01 -7.027773461000000560e-05
6.350000000000000000e+01 -7.017396330999999942e-05
6.352499999999999858e+01 -7.099897188999999766e-05
6.354999999999999716e+01 -7.115728026000000476e-05
6.357500000000000284e+01 -7.203010694000000025e-05
6.360000000000000142e+01 -7.198533443999999542e-05
6.362500000000000000e+01 -7.266067607000000362e-05
6.364999999999999858e+01 -7.357119460999999422e-05
6.367499999999999716e+01 -7.336948204999999598e-05
6.370000000000000284e+01 -7.365846883000000107e-05
6.372500000000000142e+01 -7.559080169000000223e-05
6.375000000000000000e+01 -7.448780670999999602e-05
6.377499999999999858e+01 -7.454715812999999620e-05
6.379999999999999716e+01 -7.523321836000000640e-05
6.382500000000000284e+01 -7.553330122000000298e-05
6.385000000000000142e+01 -7.594890366000000409e-05
6.387500000000000000e+01 -7.614607296000000622e-05
6.389999999999999858e+01 -7.674871812999999618e-05
6.392499999999999716e+01 -7.737637204000000278e-05
6.395000000000000284e+01 -7.733021839000000629e-05
6.397500000000000142e+01 -7.814884300999999363e-05
6.400000000000000000e+01 -7.868950187000000381e-05
6.402500000000000568e+01 -7.908810303000000366e-05
6.404999999999999716e+01 -7.910831564000000624e-05
6.407500000000000284e+01 -8.026757860000000662e-05
6.409999999999999432e+01 -7.995309013000000576e-05
6.412500000000000000e+01 -8.054388263000000303e-05
6.415000000000000568e+01 -8.063808901999999920e-05
6.417499999999999716e+01 -8.265532261999999734e-05
6.420000000000000284e+01 -8.139262653999999907e-05
6.422499999999999432e+01 -8.202297691999999561e-05
6.425000000000000000e+01 -8.255511433000000104e-05
6.427500000000000568e+01 -8.330390999000000470e-05
6.429999999999999716e+01 -8.300248882999999975e-05
6.432500000000000284e+01 -8.303826796000000063e-05
6.434999999999999432e+01 -8.390705921000000261e-05
6.437500000000000000e+01 -8.413860525999999689e-05
6.440000000000000568e+01 -8.568007567000000325e-05
6.442499999999999716e+01 -8.533855938000000447e-05
6.445000000000000284e+01 -8.558705493999999709e-05
6.447499999999999432e+01 -8.629962028999999587e-05
6.450000000000000000e+01 -8.643569282000000047e-05
6.452500000000000568e+01 -8.706265921999999980e-05
6.454999999999999716e+01 -8.852676442999999826e-05
6.457500000000000284e+01 -8.801462242999999865e-05
6.459999999999999432e+01 -8.891757645000000049e-05
6.462500000000000000e+01 -8.819386388999999606e-05
6.465000000000000568e+01 -8.911294155000000462e-05
6.467499999999999716e+01 -8.994198539999999917e-05
6.470000000000000284e+01 -9.036697926000000205e-05
6.472499999999999432e+01 -9.023334234000000462e-05
6.475000000000000000e+01 -9.114896496999999901e-05
6.477500000000000568e+01 -9.176094581999999988e-05
6.479999999999999716e+01 -9.099747849000000555e-05
6.482500000000000284e+01 -9.181721496000000080e-05
6.484999999999999432e+01 -9.282451137999999551e-05
6.487500000000000000e+01 -9.375107387000000550e-05
6.490000000000000568e+01 -9.373978638999999819e-05
6.492499999999999716e+01 -9.429532162999999475e-05
6.495000000000000284e+01 -9.492132042000000288e-05
6.497499999999999432e+01 -9.566541135000000131e-05
6.500000000000000000e+01 -9.601049518000000162e-05
6.502500000000000568e+01 -9.716377869999999397e-05
6.504999999999999716e+01 -9.700072243999999363e-05
6.507500000000000284e+01 -9.742586570000000398e-05
6.509999999999999432e+01 -9.796444916999999444e-05
6.512500000000000000e+01 -9.816722579000000237e-05
6.515000000000000568e+01 -9.973916958000000063e-05
6.517499999999999716e+01 -9.873469378999999901e-05
6.520000000000000284e+01 -9.986002391999999634e-05
6.522499999999999432e+01 -1.007511575000000057e-04
6.525000000000000000e+01 -1.009575193999999953e-04
6.527500000000000568e+01 -1.015294776999999958e-04
6.529999999999999716e+01 -1.022905605999999997e-04
6.532500000000000284e+01 -1.024368431000000041e-04
6.534999999999999432e+01 -1.029264268000000017e-04
6.537500000000000000e+01 -1.039571408000000035e-04
6.540000000000000568e+01 -1.042230642999999980e-04
6.542499999999999716e+01 -1.048270218000000014e-04
6.545000000000000284e+01 -1.054296125999999934e-04
6.547499999999999432e+01 -1.063512274000000062e-04
6.550000000000000000e+01 -1.068955318000000044e-04
6.552500000000000568e+01 -1.069012384999999942e-04
6.554999999999999716e+01 -1.077143625999999989e-04
6.557500000000000284e+01 -1.082163907999999949e-04
6.559999999999999432e+01 -1.080254606999999961e-04
6.562500000000000000e+01 -1.093254602000000026e-04
6.565000000000000568e+01 -1.096431751000000041e-04
6.567499999999999716e+01 -1.105487996999999996e-04
6.570000000000000284e+01 -1.099408709000000055e-04
6.572499999999999432e+01 -1.109025538999999934e-04
6.575000000000000000e+01 -1.121366095000000024e-04
6.577500000000000568e+01 -1.123936064999999951e-04
6.579999999999999716e+01 -1.125213485999999972e-04
6.582500000000000284e+01 -1.134140884999999940e-04
6.584999999999999432e+01 -1.146738162999999983e-04
6.587500000000000000e+01 -1.146858879000000014e-04
6.590000000000000568e+01 -1.154349869000000013e-04
6.592499999999999716e+01 -1.165897665000000048e-04
6.595000000000000284e+01 -1.165767579000000052e-04
6.597499999999999432e+01 -1.168390824000000014e-04
6.600000000000000000e+01 -1.172131366999999973e-04
6.602500000000000568e+01 -1.181484439999999956e-04
6.604999999999999716e+01 -1.184603939999999986e-04
6.607500000000000284e+01 -1.196752312000000037e-04
6.609999999999999432e+01 -1.204315218999999957e-04
6.612500000000000000e+01 -1.209017247000000018e-04
6.615000000000000568e+01 -1.220431346999999980e-04
6.617499999999999716e+01 -1.218414819999999997e-04
6.620000000000000284e+01 -1.229816490999999939e-04
6.622499999999999432e+01 -1.229299448000000102e-04
6.625000000000000000e+01 -1.237926407000000087e-04
6.627500000000000568e+01 -1.236792109000000119e-04
6.629999999999999716e+01 -1.248684475000000121e-04
6.632500000000000284e+01 -1.264853114999999948e-04
6.634999999999999432e+01 -1.269453049999999994e-04
6.637500000000000000e+01 -1.266457539000000090e-04
6.640000000000000568e+01 -1.272957036999999977e-04
6.642499999999999716e+01 -1.282078681000000070e-04
6.645000000000000284e+01 -1.284210290000000019e-04
6.647499999999999432e+01 -1.295075037999999872e-04
6.650000000000000000e+01 -1.302603914999999972e-04
6.652500000000000568e+01 -1.308115250000000079e-04
6.654999999999999716e+01 -1.317285793999999934e-04
6.657500000000000284e+01 -1.329555085000000045e-04
6.659999999999999432e+01 -1.326412983000000096e-04
6.662500000000000000e+01 -1.342092299999999910e-04
6.665000000000000568e+01 -1.332467139999999977e-04
6.667499999999999716e+01 -1.357681457000000031e-04
6.670000000000000284e+01 -1.360197084000000099e-04
6.672499999999999432e+01 -1.366937482999999948e-04
6.675000000000000000e+01 -1.364212837000000026e-04
6.677500000000000568e+01 -1.382289885999999908e-04
6.679999999999999716e+01 -1.383177642999999953e-04
6.682500000000000284e+01 -1.384525864999999962e-04
6.684999999999999432e+01 -1.397460693999999883e-04
6.687500000000000000e+01 -1.396516547999999969e-04
6.690000000000000568e+01 -1.420295680000000123e-04
6.692499999999999716e+01 -1.416162586000000096e-04
6.695000000000000284e+01 -1.426746171000000025e-04
6.697499999999999432e+01 -1.435798236000000098e-04
6.700000000000000000e+01 -1.443411950999999908e-04
6.702500000000000568e+01 -1.447180687999999912e-04
6.704999999999999716e+01 -1.459573968000000015e-04
6.707500000000000284e+01 -1.462968859000000020e-04
6.709999999999999432e+01 -1.472541381000000058e-04
6.712500000000000000e+01 -1.477917153000000126e-04
6.715000000000000568e+01 -1.484469342000000131e-04
6.717499999999999716e+01 -1.491319748999999945e-04
6.720000000000000284e+01 -1.519870791000000080e-04
6.722499999999999432e+01 -1.512299295000000111e-04
6.725000000000000000e+01 -1.524303230999999909e-04
6.727500000000000568e+01 -1.526453418000000054e-04
6.729999999999999716e+01 -1.546760867999999890e-04
6.732500000000000284e+01 -1.542408776000000093e-04
6.734999999999999432e+01 -1.556190313999999931e-04
6.737500000000000000e+01 -1.577779712999999881e-04
6.740000000000000568e+01 -1.566872204000000076e-04
6.742499999999999716e+01 -1.571474417000000127e-04
6.745000000000000284e+01 -1.590520707999999988e-04
6.747499999999999432e+01 -1.596273486999999947e-04
6.750000000000000000e+01 -1.598486927999999906e-04
6.752500000000000568e+01 -1.612118027000000004e-04
6.754999999999999716e+01 -1.612242992999999994e-04
6.757500000000000284e+01 -1.636222709999999875e-04
6.759999999999999432e+01 -1.622628275999999910e-04
6.762500000000000000e+01 -1.637866218999999967e-04
6.765000000000000568e+01 -1.649122902999999906e-04
6.767499999999999716e+01 -1.654636701999999870e-04
6.770000000000000284e+01 -1.671107232000000121e-04
6.772499999999999432e+01 -1.675786570999999959e-04
6.775000000000000000e+01 -1.691318371999999900e-04
6.777500000000000568e+01 -1.686960007000000070e-04
6.779999999999999716e+01 -1.703881569999999917e-04
6.782500000000000284e+01 -1.721078169999999989e-04
6.784999999999999432e+01 -1.700643585999999990e-04
6.787500000000000000e+01 -1.730228985000000126e-04
6.790000000000000568e+01 -1.738540292000000087e-04
6.792499999999999716e+01 -1.735596263000000036e-04
6.795000000000000284e+01 -1.750810175999999890e-04
6.797499999999999432e+01 -1.767756171000000069e-04
6.800000000000000000e+01 -1.780156185000000043e-04
6.802500000000000568e+01 -1.779240431999999867e-04
6.804999999999999716e+01 -1.784341035999999908e-04
6.807500000000000284e+01 -1.803496818000000065e-04
6.809999999999999432e+01 -1.806845355999999998e-04
6.812500000000000000e+01 -1.808995861999999899e-04
6.815000000000000568e+01 -1.821226463999999889e-04
6.817499999999999716e+01 -1.833462815999999942e-04
6.820000000000000284e+01 -1.839020644000000104e-04
6.822499999999999432e+01 -1.859892073000000122e-04
6.825000000000000000e+01 -1.873382594999999941e-04
6.827500000000000568e+01 -1.871492912999999975e-04
6.829999999999999716e+01 -1.879754260000000073e-04
6.832500000000000284e+01 -1.896132213999999930e-04
6.834999999999999432e+01 -1.904639905000000087e-04
6.837500000000000000e+01 -1.912513780000000098e-04
6.840000000000000568e+01 -1.914124673000000088e-04
6.842499999999999716e+01 -1.931939497999999938e-04
6.845000000000000284e+01 -1.944942519999999942e-04
6.847499999999999432e+01 -1.953398682000000055e-04
6.850000000000000000e+01 -1.949725376999999929e-04
6.852500000000000568e+01 -1.970153799000000047e-04
6.854999999999999716e+01 -1.993600375000000014e-04
6.857500000000000284e+01 -1.994757638000000104e-04
6.859999999999999432e+01 -2.005980901999999955e-04
6.862500000000000000e+01 -2.007492179000000033e-04
6.865000000000000568e+01 -2.031107787999999928e-04
6.867499999999999716e+01 -2.030957444000000079e-04
6.870000000000000284e+01 -2.047133285999999967e-04
6.872499999999999432e+01 -2.035352701000000056e-04
6.875000000000000000e+01 -2.056337686000000119e-04
6.877500000000000568e+01 -2.060799083000000088e-04
6.879999999999999716e+01 -2.091238816000000030e-04
6.882500000000000284e+01 -2.091921685000000032e-04
6.884999999999999432e+01 -2.098280986000000019e-04
6.887500000000000000e+01 -2.115716707999999897e-04
6.890000000000000568e+01 -2.116628920000000074e-04
6.892499999999999716e+01 -2.138623260999999965e-04
6.895000000000000284e+01 -2.159645427000000050e-04
6.897499999999999432e+01 -2.150091811999999924e-04
6.900000000000000000e+01 -2.167082243999999918e-04
6.902500000000000568e+01 -2.184326258999999993e-04
6.904999999999999716e+01 -2.190425984999999881e-04
6.907500000000000284e+01 -2.202225557999999976e-04
6.909999999999999432e+01 -2.224457261999999980e-04
6.912500000000000000e+01 -2.237103528000000002e-04
6.915000000000000568e+01 -2.218572316000000020e-04
6.917499999999999716e+01 -2.247982586999999917e-04
6.920000000000000284e+01 -2.253683233000000131e-04
6.922499999999999432e+01 -2.271928658000000017e-04
6.925000000000000000e+01 -2.283069534999999906e-04
6.927500000000000568e+01 -2.291005525000000000e-04
6.929999999999999716e+01 -2.304450876000000011e-04
6.932500000000000284e+01 -2.328653859000000118e-04
6.934999999999999432e+01 -2.320584649000000002e-04
6.937500000000000000e+01 -2.331287935999999867e-04
6.940000000000000568e+01 -2.356554451999999999e-04
6.942499999999999716e+01 -2.358689670999999889e-04
6.945000000000000284e+01 -2.388334173000000108e-04
6.947499999999999432e+01 -2.387284482999999955e-04
6.950000000000000000e+01 -2.406428380999999948e-04
6.952500000000000568e+01 -2.401709931999999989e-04
6.954999999999999716e+01 -2.431720737999999878e-04
6.957500000000000284e+01 -2.444038145000000228e-04
6.959999999999999432e+01 -2.446472406999999883e-04
6.962500000000000000e+01 -2.465538864999999771e-04
6.965000000000000568e+01 -2.466024347000000169e-04
6.967499999999999716e+01 -2.495516097999999749e-04
6.970000000000000284e+01 -2.507080046999999776e-04
6.972499999999999432e+01 -2.521371217000000007e-04
6.975000000000000000e+01 -2.541579319000000108e-04
6.977500000000000568e+01 -2.549895837000000173e-04
6.979999999999999716e+01 -2.553756669000000271e-04
6.982500000000000284e+01 -2.565065249000000251e-04
6.984999999999999432e+01 -2.596833447999999942e-04
6.987500000000000000e+01 -2.603129971999999944e-04
6.990000000000000568e+01 -2.587553812000000040e-04
6.992499999999999716e+01 -2.613697968999999927e-04
6.995000000000000284e+01 -2.626561723000000060e-04
6.997499999999999432e+01 -2.643216138000000089e-04
7.000000000000000000e+01 -2.669806738999999803e-04
7.002500000000000568e+01 -2.667177481999999768e-04
7.004999999999999716e+01 -2.676724572000000217e-04
7.007500000000000284e+01 -2.707791761999999748e-04
7.009999999999999432e+01 -2.711266033000000238e-04
7.012500000000000000e+01 -2.743929320000000009e-04
7.015000000000000568e+01 -2.748153344999999955e-04
7.017499999999999716e+01 -2.758423765000000060e-04
7.020000000000000284e+01 -2.772439548999999889e-04
7.022499999999999432e+01 -2.802594904000000014e-04
7.025000000000000000e+01 -2.789938086000000035e-04
7.027500000000000568e+01 -2.803003249000000073e-04
7.029999999999999716e+01 -2.823595581000000096e-04
7.032500000000000284e+01 -2.856438634000000166e-04
7.034999999999999432e+01 -2.857433452999999968e-04
7.037500000000000000e+01 -2.885548230000000206e-04
7.040000000000000568e+01 -2.907667228000000020e-04
7.042499999999999716e+01 -2.880631957000000113e-04
7.045000000000000284e+01 -2.897862943999999770e-04
7.047499999999999432e+01 -2.929483825000000043e-04
7.050000000000000000e+01 -2.937036685000000156e-04
7.052500000000000568e+01 -2.963556578999999858e-04
7.054999999999999716e+01 -2.986316296000000045e-04
7.057500000000000284e+01 -2.975359930000000199e-04
7.059999999999999432e+01 -3.014639339000000002e-04
7.062500000000000000e+01 -3.031615561999999905e-04
7.065000000000000568e+01 -3.030168158999999874e-04
7.067499999999999716e+01 -3.052418647000000118e-04
7.070000000000000284e+01 -3.096384715999999835e-04
7.072499999999999432e+01 -3.093258178000000253e-04
7.075000000000000000e+01 -3.104101607000000237e-04
7.077500000000000568e+01 -3.120146882000000236e-04
7.079999999999999716e+01 -3.114006982999999976e-04
7.082500000000000284e+01 -3.142179470999999788e-04
7.084999999999999432e+01 -3.139672369999999858e-04
7.087500000000000000e+01 -3.177176594000000100e-04
7.090000000000000568e+01 -3.194318521000000005e-04
7.092499999999999716e+01 -3.233133062000000200e-04
7.095000000000000284e+01 -3.242515447999999904e-04
7.097499999999999432e+01 -3.254137235000000190e-04
7.100000000000000000e+01 -3.263328276000000108e-04
7.102500000000000568e+01 -3.281357423999999978e-04
7.104999999999999716e+01 -3.293205492000000098e-04
7.107500000000000284e+01 -3.319857837999999747e-04
7.109999999999999432e+01 -3.336953626999999804e-04
7.112500000000000000e+01 -3.341090887999999823e-04
7.115000000000000568e+01 -3.376517619000000232e-04
7.117499999999999716e+01 -3.381334208999999761e-04
7.120000000000000284e+01 -3.393084620000000220e-04
7.122499999999999432e+01 -3.419911754999999890e-04
7.125000000000000000e+01 -3.426870603999999910e-04
7.127500000000000568e+01 -3.440088654000000097e-04
7.129999999999999716e+01 -3.468873085999999795e-04
7.132500000000000284e+01 -3.473101687999999992e-04
7.134999999999999432e+01 -3.503082640999999743e-04
7.137500000000000000e+01 -3.523282229999999816e-04
7.140000000000000568e+01 -3.556441272999999806e-04
7.142499999999999716e+01 -3.554678777000000174e-04
7.145000000000000284e+01 -3.580248442000000253e-04
7.147499999999999432e+01 -3.597717089000000029e-04
7.150000000000000000e+01 -3.612532232000000053e-04
7.152500000000000568e+01 -3.632310225999999887e-04
7.154999999999999716e+01 -3.638653719999999773e-04
7.157500000000000284e+01 -3.672269100000000066e-04
7.159999999999999432e+01 -3.700968311000000068e-04
7.162500000000000000e+01 -3.700140959000000162e-04
7.165000000000000568e+01 -3.759751267000000104e-04
7.167499999999999716e+01 -3.741304669000000238e-04
7.170000000000000284e+01 -3.762136425999999833e-04
7.172499999999999432e+01 -3.790959781999999798e-04
7.175000000000000000e+01 -3.814889597000000018e-04
7.177500000000000568e+01 -3.828822043000000108e-04
7.179999999999999716e+01 -3.833177420999999839e-04
7.182500000000000284e+01 -3.884759296000000008e-04
7.184999999999999432e+01 -3.906639034999999914e-04
7.187500000000000000e+01 -3.910461575999999817e-04
7.190000000000000568e+01 -3.924942543999999944e-04
7.192499999999999716e+01 -3.976428948000000174e-04
7.195000000000000284e+01 -3.962031950999999859e-04
7.197499999999999432e+01 -3.997479389000000035e-04
7.200000000000000000e+01 -4.004674504000000105e-04
7.202500000000000568e+01 -4.028807393000000082e-04
7.204999999999999716e+01 -4.043605488000000031e-04
7.207500000000000284e+01 -4.066198846000000124e-04
7.209999999999999432e+01 -4.085847442999999729e-04
7.212500000000000000e+01 -4.106443092999999939e-04
7.215000000000000568e+01 -4.164089610999999885e-04
7.217499999999999716e+01 -4.163859837999999802e-04
7.220000000000000284e+01 -4.183201502000000269e-04
7.222499999999999432e+01 -4.231760262999999809e-04
7.225000000000000000e+01 -4.196903407000000200e-04
7.227500000000000568e+01 -4.249775154999999938e-04
7.229999999999999716e+01 -4.234275952000000009e-04
7.232500000000000284e+01 -4.299680676999999849e-04
7.234999999999999432e+01 -4.287883305000000228e-04
7.237500000000000000e+01 -4.321524271999999762e-04
7.240000000000000568e+01 -4.346145076999999844e-04
7.242499999999999716e+01 -4.365580445000000155e-04
7.245000000000000284e+01 -4.402122095000000229e-04
7.247499999999999432e+01 -4.429323819000000073e-04
7.250000000000000000e+01 -4.431308217000000014e-04
7.252500000000000568e+01 -4.459363845999999806e-04
7.254999999999999716e+01 -4.482966133000000240e-04
7.257500000000000284e+01 -4.514073919999999750e-04
7.259999999999999432e+01 -4.525737251999999915e-04
7.262500000000000000e+01 -4.554728810999999870e-04
7.265000000000000568e+01 -4.573008623000000155e-04
7.267499999999999716e+01 -4.604976604000000180e-04
7.270000000000000284e+01 -4.633944008000000160e-04
7.272499999999999432e+01 -4.634583195000000042e-04
7.275000000000000000e+01 -4.683930488000000105e-04
7.277500000000000568e+01 -4.686901070000000199e-04
7.279999999999999716e+01 -4.723522265999999877e-04
7.282500000000000284e+01 -4.789091267999999891e-04
7.284999999999999432e+01 -4.769004462999999858e-04
7.287500000000000000e+01 -4.803281743000000241e-04
7.290000000000000568e+01 -4.829218816000000131e-04
7.292499999999999716e+01 -4.843857567999999923e-04
7.295000000000000284e+01 -4.891848211999999660e-04
7.297499999999999432e+01 -4.894110960999999540e-04
7.300000000000000000e+01 -4.938896527000000191e-04
7.302500000000000568e+01 -4.946657645999999941e-04
7.304999999999999716e+01 -4.992794460999999727e-04
7.307500000000000284e+01 -5.002412174000000307e-04
7.309999999999999432e+01 -5.018565599000000214e-04
7.312500000000000000e+01 -5.056712047999999474e-04
7.315000000000000568e+01 -5.058538646999999810e-04
7.317499999999999716e+01 -5.102465075000000390e-04
7.320000000000000284e+01 -5.143361551999999903e-04
7.322499999999999432e+01 -5.170380885000000178e-04
7.325000000000000000e+01 -5.161659458999999983e-04
7.327500000000000568e+01 -5.199748330000000113e-04
7.329999999999999716e+01 -5.245981861000000284e-04
7.332500000000000284e+01 -5.270429653999999858e-04
7.334999999999999432e+01 -5.284839988999999894e-04
7.337500000000000000e+01 -5.339506517999999822e-04
7.340000000000000568e+01 -5.333125875999999944e-04
7.342499999999999716e+01 -5.353609276999999602e-04
7.345000000000000284e+01 -5.421275699000000165e-04
7.347499999999999432e+01 -5.430734130999999906e-04
7.350000000000000000e+01 -5.433492843000000370e-04
7.352500000000000568e+01 -5.472191411999999819e-04
7.354999999999999716e+01 -5.504923593999999686e-04
7.357500000000000284e+01 -5.530732517999999674e-04
7.359999999999999432e+01 -5.569113430000000335e-04
7.362500000000000000e+01 -5.591174777000000335e-04
7.365000000000000568e+01 -5.633379349999999676e-04
7.367499999999999716e+01 -5.632076092000000466e-04
7.370000000000000284e+01 -5.677271383999999777e-04
7.372499999999999432e+01 -5.704485487000000247e-04
7.375000000000000000e+01 -5.735610451000000077e-04
7.377500000000000568e+01 -5.773263086999999918e-04
7.379999999999999716e+01 -5.794850968999999859e-04
7.382500000000000284e+01 -5.847970620000000419e-04
7.384999999999999432e+01 -5.866073145999999711e-04
7.387500000000000000e+01 -5.912804242000000137e-04
7.390000000000000568e+01 -5.907015004999999598e-04
7.392499999999999716e+01 -5.945171365000000239e-04
7.395000000000000284e+01 -5.963409586000000505e-04
7.397499999999999432e+01 -6.023311443000000124e-04
7.400000000000000000e+01 -6.039488258999999590e-04
7.402500000000000568e+01 -6.091766279000000164e-04
7.404999999999999716e+01 -6.094836546000000381e-04
7.407500000000000284e+01 -6.111964150000000163e-04
7.409999999999999432e+01 -6.167957337000000125e-04
7.412500000000000000e+01 -6.226257651999999579e-04
7.415000000000000568e+01 -6.240115525999999921e-04
7.417499999999999716e+01 -6.269845732999999475e-04
7.420000000000000284e+01 -6.304839020000000153e-04
7.422499999999999432e+01 -6.324313040999999863e-04
7.425000000000000000e+01 -6.365853261000000351e-04
7.427500000000000568e+01 -6.368221673999999990e-04
7.429999999999999716e+01 -6.417980056000000206e-04
7.432500000000000284e+01 -6.431576889999999526e-04
7.434999999999999432e+01 -6.518144025000000355e-04
7.437500000000000000e+01 -6.532480077999999486e-04
7.440000000000000568e+01 -6.553089379000000226e-04
7.442499999999999716e+01 -6.574767441999999559e-04
7.445000000000000284e+01 -6.643580161000000065e-04
7.447499999999999432e+01 -6.665528369999999597e-04
7.450000000000000000e+01 -6.708532651000000124e-04
7.452500000000000568e+01 -6.736457273999999938e-04
7.454999999999999716e+01 -6.763943185000000037e-04
7.457500000000000284e+01 -6.785475273000000440e-04
7.459999999999999432e+01 -6.814410564999999606e-04
7.462500000000000000e+01 -6.875384214999999584e-04
7.465000000000000568e+01 -6.905049514000000024e-04
7.467499999999999716e+01 -6.930480247000000028e-04
7.470000000000000284e+01 -7.008372918000000144e-04
7.472499999999999432e+01 -7.019677367000000043e-04
7.475000000000000000e+01 -7.068856898999999541e-04
7.477500000000000568e+01 -7.079348662999999584e-04
7.479999999999999716e+01 -7.140321173999999559e-04
7.482500000000000284e+01 -7.163564092999999498e-04
7.484999999999999432e+01 -7.185302408000000503e-04
7.487500000000000000e+01 -7.254394689000000229e-04
7.490000000000000568e+01 -7.266728804000000116e-04
7.492499999999999716e+01 -7.300235737000000495e-04
7.495000000000000284e+01 -7.340567427999999690e-04
7.497499999999999432e+01 -7.386009366999999638e-04
7.500000000000000000e+01 -7.428790535999999813e-04
7.502500000000000568e+01 -7.425383018999999517e-04
7.504999999999999716e+01 -7.498388040999999764e-04
7.507500000000000284e+01 -7.541531593999999551e-04
7.509999999999999432e+01 -7.541584243999999507e-04
7.512500000000000000e+01 -7.604177470000000449e-04
7.515000000000000568e+01 -7.660171396999999622e-04
7.517499999999999716e+01 -7.686609290999999551e-04
7.520000000000000284e+01 -7.742385538000000084e-04
7.522499999999999432e+01 -7.770904158000000372e-04
7.525000000000000000e+01 -7.807600409999999706e-04
7.527500000000000568e+01 -7.846596535000000417e-04
7.529999999999999716e+01 -7.890469113000000414e-04
7.532500000000000284e+01 -7.927231844999999737e-04
7.534999999999999432e+01 -7.950701869999999465e-04
7.537500000000000000e+01 -8.009686837000000361e-04
7.540000000000000568e+01 -8.089811318000000168e-04
7.542499999999999716e+01 -8.066731468000000460e-04
7.545000000000000284e+01 -8.162957563000000335e-04
7.547499999999999432e+01 -8.204870459000000076e-04
7.550000000000000000e+01 -8.255353646000000017e-04
7.552500000000000568e+01 -8.281182293999999472e-04
7.554999999999999716e+01 -8.309647361999999505e-04
7.557500000000000284e+01 -8.366137656000000034e-04
7.559999999999999432e+01 -8.356581226999999822e-04
7.562500000000000000e+01 -8.463619498000000529e-04
7.565000000000000568e+01 -8.477517202999999791e-04
7.567499999999999716e+01 -8.519125588000000041e-04
7.570000000000000284e+01 -8.552897316000000532e-04
7.572499999999999432e+01 -8.554532937000000267e-04
7.575000000000000000e+01 -8.694499279999999813e-04
7.577500000000000568e+01 -8.691578958000000009e-04
7.579999999999999716e+01 -8.696470633999999617e-04
7.582500000000000284e+01 -8.839066346999999721e-04
7.584999999999999432e+01 -8.898943884999999804e-04
7.587500000000000000e+01 -8.853442766999999750e-04
7.590000000000000568e+01 -8.896077173000000457e-04
7.592499999999999716e+01 -8.996350146000000030e-04
7.595000000000000284e+01 -9.027757499000000361e-04
7.597499999999999432e+01 -9.037410531999999670e-04
7.600000000000000000e+01 -9.149546350000000057e-04
7.602500000000000568e+01 -9.173720490999999564e-04
7.604999999999999716e+01 -9.206783179000000220e-04
7.607500000000000284e+01 -9.306443541999999533e-04
7.609999999999999432e+01 -9.286294726999999539e-04
7.612500000000000000e+01 -9.375650962000000189e-04
7.615000000000000568e+01 -9.428912914999999827e-04
7.617499999999999716e+01 -9.470824727000000430e-04
7.620000000000000284e+01 -9.488104497999999987e-04
7.622499999999999432e+01 -9.537596373999999554e-04
7.625000000000000000e+01 -9.611910323000000429e-04
7.627500000000000568e+01 -9.680802483999999654e-04
7.629999999999999716e+01 -9.732697100000000040e-04
7.632500000000000284e+01 -9.727242307000000168e-04
7.634999999999999432e+01 -9.754333990999999524e-04
7.637500000000000000e+01 -9.859953621000000848e-04
7.640000000000000568e+01 -9.893965468999999218e-04
7.642499999999999716e+01 -9.938558462999999999e-04
7.645000000000000284e+01 -9.981144390000000130e-04
7.647499999999999432e+01 -1.006200717000000017e-03
7.650000000000000000e+01 -1.008233774000000032e-03
7.652500000000000568e+01 -1.020086958999999981e-03
7.654999999999999716e+01 -1.020579226999999934e-03
7.657500000000000284e+01 -1.027992869999999918e-03
7.659999999999999432e+01 -1.034583269999999949e-03
7.662500000000000000e+01 -1.042498125999999923e-03
7.665000000000000568e+01 -1.047437776999999952e-03
7.667499999999999716e+01 -1.048924605000000091e-03
7.670000000000000284e+01 -1.050601126999999892e-03
7.672499999999999432e+01 -1.055361147999999945e-03
7.675000000000000000e+01 -1.061006232999999908e-03
7.677500000000000568e+01 -1.071747553000000023e-03
7.679999999999999716e+01 -1.071816313000000008e-03
7.682500000000000284e+01 -1.085617508000000014e-03
7.684999999999999432e+01 -1.086549546000000008e-03
7.687500000000000000e+01 -1.091419451000000089e-03
7.690000000000000568e+01 -1.097802543999999931e-03
7.692499999999999716e+01 -1.104660475999999980e-03
7.695000000000000284e+01 -1.116336520999999977e-03
7.697499999999999432e+01 -1.116846959999999965e-03
7.700000000000000000e+01 -1.121514869000000102e-03
7.702500000000000568e+01 -1.126663395999999906e-03
7.704999999999999716e+01 -1.133408558999999963e-03
7.707500000000000284e+01 -1.139260676999999909e-03
7.709999999999999432e+01 -1.147977819000000092e-03
7.712500000000000000e+01 -1.153272583999999943e-03
7.715000000000000568e+01 -1.156996153000000018e-03
7.717499999999999716e+01 -1.167345988999999922e-03
7.720000000000000284e+01 -1.168825886000000001e-03
7.722499999999999432e+01 -1.174171653000000105e-03
7.725000000000000000e+01 -1.183085639999999997e-03
7.727500000000000568e+01 -1.186446427000000100e-03
7.729999999999999716e+01 -1.194970688999999909e-03
7.732500000000000284e+01 -1.200054639999999923e-03
7.734999999999999432e+01 -1.202914494999999997e-03
7.737500000000000000e+01 -1.212930497000000050e-03
7.740000000000000568e+01 -1.219906564999999896e-03
7.742499999999999716e+01 -1.222754669000000087e-03
7.745000000000000284e+01 -1.231592943000000022e-03
7.747499999999999432e+01 -1.241753173999999909e-03
7.750000000000000000e+01 -1.244721799999999904e-03
7.752500000000000568e+01 -1.254406724999999933e-03
7.754999999999999716e+01 -1.255927501999999944e-03
7.757500000000000284e+01 -1.267780425000000072e-03
7.759999999999999432e+01 -1.266438638999999988e-03
7.762500000000000000e+01 -1.280855064999999971e-03
7.765000000000000568e+01 -1.278892317000000041e-03
7.767499999999999716e+01 -1.285780498000000001e-03
7.770000000000000284e+01 -1.299692988000000033e-03
7.772499999999999432e+01 -1.306686002000000037e-03
7.775000000000000000e+01 -1.311653376000000096e-03
7.777500000000000568e+01 -1.318833806999999969e-03
7.779999999999999716e+01 -1.327863673999999999e-03
7.782500000000000284e+01 -1.329759104000000037e-03
7.784999999999999432e+01 -1.338370090000000042e-03
7.787500000000000000e+01 -1.347882461000000009e-03
7.790000000000000568e+01 -1.349197823000000077e-03
7.792499999999999716e+01 -1.361894195000000083e-03
7.795000000000000284e+01 -1.364356204999999994e-03
7.797499999999999432e+01 -1.372360172999999945e-03
7.800000000000000000e+01 -1.383737549000000093e-03
7.802500000000000568e+01 -1.385407534999999989e-03
7.804999999999999716e+01 -1.398733594000000106e-03
7.807500000000000284e+01 -1.400681819999999951e-03
7.809999999999999432e+01 -1.414369310000000018e-03
7.812500000000000000e+01 -1.416767216999999983e-03
7.815000000000000568e+01 -1.426949314000000102e-03
7.817499999999999716e+01 -1.431457953000000007e-03
7.820000000000000284e+01 -1.439762936999999972e-03
7.822499999999999432e+01 -1.446999971000000051e-03
7.825000000000000000e+01 -1.459289430999999911e-03
7.827500000000000568e+01 -1.465484401000000103e-03
7.829999999999999716e+01 -1.468109652999999987e-03
7.832500000000000284e+01 -1.473514896000000093e-03
7.834999999999999432e+01 -1.483148186000000012e-03
7.837500000000000000e+01 -1.486903849000000000e-03
7.840000000000000568e+01 -1.495294791999999965e-03
7.842499999999999716e+01 -1.502128310999999985e-03
7.845000000000000284e+01 -1.517780026999999933e-03
7.847499999999999432e+01 -1.523506033000000077e-03
7.850000000000000000e+01 -1.523332936000000018e-03
7.852500000000000568e+01 -1.529630478999999960e-03
7.854999999999999716e+01 -1.542718203000000054e-03
7.857500000000000284e+01 -1.557350877000000062e-03
7.859999999999999432e+01 -1.561680712999999939e-03
7.862500000000000000e+01 -1.578603798000000101e-03
7.865000000000000568e+01 -1.575200975999999911e-03
7.867499999999999716e+01 -1.586636111999999979e-03
7.870000000000000284e+01 -1.599788387999999959e-03
7.872499999999999432e+01 -1.600723572999999955e-03
7.875000000000000000e+01 -1.612286825000000057e-03
7.877500000000000568e+01 -1.630172306999999902e-03
7.879999999999999716e+01 -1.621300986999999957e-03
7.882500000000000284e+01 -1.640545639000000029e-03
7.884999999999999432e+01 -1.649308816999999925e-03
7.887500000000000000e+01 -1.658140698000000034e-03
7.890000000000000568e+01 -1.660311933999999989e-03
7.892499999999999716e+01 -1.673644378999999960e-03
7.895000000000000284e+01 -1.682295606000000065e-03
7.897499999999999432e+01 -1.691072447000000010e-03
7.900000000000000000e+01 -1.702287224000000000e-03
7.902500000000000568e+01 -1.702278337999999945e-03
7.904999999999999716e+01 -1.723155443000000051e-03
7.907500000000000284e+01 -1.723024158000000102e-03
7.909999999999999432e+01 -1.734931300999999985e-03
7.912500000000000000e+01 -1.747096253999999918e-03
7.915000000000000568e+01 -1.753553795999999998e-03
7.917499999999999716e+01 -1.759863924999999956e-03
7.920000000000000284e+01 -1.763620225999999996e-03
7.922499999999999432e+01 -1.783331170999999946e-03
7.925000000000000000e+01 -1.789805730999999896e-03
7.927500000000000568e+01 -1.797939570000000025e-03
7.929999999999999716e+01 -1.811157781000000003e-03
7.932500000000000284e+01 -1.817692273000000086e-03
7.934999999999999432e+01 -1.838917620999999929e-03
7.937500000000000000e+01 -1.831030491999999970e-03
7.940000000000000568e+01 -1.848191340000000056e-03
7.942499999999999716e+01 -1.852277478000000088e-03
7.945000000000000284e+01 -1.867126174999999937e-03
7.947499999999999432e+01 -1.874317675000000032e-03
7.950000000000000000e+01 -1.886647472000000042e-03
7.952500000000000568e+01 -1.894402516999999994e-03
7.954999999999999716e+01 -1.905990977999999980e-03
7.957500000000000284e+01 -1.912906130999999935e-03
7.959999999999999432e+01 -1.922497167999999987e-03
7.962500000000000000e+01 -1.937845722000000040e-03
7.965000000000000568e+01 -1.940131406999999995e-03
7.967499999999999716e+01 -1.951526246999999966e-03
7.970000000000000284e+01 -1.974182375999999906e-03
7.972499999999999432e+01 -1.982949461999999798e-03
7.975000000000000000e+01 -1.992190226999999980e-03
7.977500000000000568e+01 -1.996182923000000206e-03
7.979999999999999716e+01 -2.004041629999999893e-03
7.982500000000000284e+01 -2.019006427999999864e-03
7.984999999999999432e+01 -2.030638394000000135e-03
7.987500000000000000e+01 -2.042289876000000053e-03
7.990000000000000568e+01 -2.054362886000000044e-03
7.992499999999999716e+01 -2.065038247999999819e-03
7.995000000000000284e+01 -2.065254595000000099e-03
7.997499999999999432e+01 -2.077863435000000102e-03
8.000000000000000000e+01 -2.095040095999999887e-03
8.002500000000000568e+01 -2.104962453000000077e-03
8.004999999999999716e+01 -2.101204558000000118e-03
8.007500000000000284e+01 -2.128371983999999967e-03
8.009999999999999432e+01 -2.143226326999999806e-03
8.012500000000000000e+01 -2.154302678000000193e-03
8.015000000000000568e+01 -2.166788502999999946e-03
8.017499999999999716e+01 -2.167773080000000123e-03
8.020000000000000284e+01 -2.185697892999999802e-03
8.022499999999999432e+01 -2.190354324999999828e-03
8.025000000000000000e+01 -2.207154147000000080e-03
8.027500000000000568e+01 -2.225373971000000131e-03
8.029999999999999716e+01 -2.224201295999999987e-03
8.032500000000000284e+01 -2.247991134999999859e-03
8.034999999999999432e+01 -2.254361582000000142e-03
8.037500000000000000e+01 -2.267343226000000187e-03
8.040000000000000568e+01 -2.277111308000000136e-03
8.042499999999999716e+01 -2.283563179999999887e-03
8.045000000000000284e+01 -2.305756480000000202e-03
8.047499999999999432e+01 -2.312641071999999975e-03
8.050000000000000000e+01 -2.329974749999999886e-03
8.052500000000000568e+01 -2.331535584999999862e-03
8.054999999999999716e+01 -2.352031543000000086e-03
8.057500000000000284e+01 -2.359751661000000170e-03
8.059999999999999432e+01 -2.370370598999999891e-03
8.062500000000000000e+01 -2.388388844000000066e-03
8.065000000000000568e+01 -2.402478057000000198e-03
8.067499999999999716e+01 -2.399555177999999987e-03
8.070000000000000284e+01 -2.423203479999999892e-03
8.072499999999999432e+01 -2.431536455000000117e-03
8.075000000000000000e+01 -2.436192873000000200e-03
8.077500000000000568e+01 -2.456972491000000182e-03
8.079999999999999716e+01 -2.480992183000000142e-03
8.082500000000000284e+01 -2.492697762999999869e-03
8.084999999999999432e+01 -2.513945066999999801e-03
8.087500000000000000e+01 -2.526201011000000010e-03
8.090000000000000568e+01 -2.528775829000000190e-03
8.092499999999999716e+01 -2.539904552999999905e-03
8.095000000000000284e+01 -2.551424849000000130e-03
8.097499999999999432e+01 -2.565947814000000063e-03
8.100000000000000000e+01 -2.579133720000000105e-03
8.102500000000000568e+01 -2.604219171999999811e-03
8.104999999999999716e+01 -2.610333516999999940e-03
8.107500000000000284e+01 -2.630004511000000149e-03
8.109999999999999432e+01 -2.624020246999999792e-03
8.112500000000000000e+01 -2.650147583000000105e-03
8.115000000000000568e+01 -2.658916653999999873e-03
8.117499999999999716e+01 -2.688281014000000208e-03
8.120000000000000284e+01 -2.694023305999999895e-03
8.122499999999999432e+01 -2.701332107999999867e-03
8.125000000000000000e+01 -2.717730238000000149e-03
8.127500000000000568e+01 -2.725592321999999786e-03
8.129999999999999716e+01 -2.735674168000000201e-03
8.132500000000000284e+01 -2.757875612000000067e-03
8.134999999999999432e+01 -2.774147775000000184e-03
8.137500000000000000e+01 -2.798242865999999839e-03
8.140000000000000568e+01 -2.799086269999999897e-03
8.142499999999999716e+01 -2.817048791999999819e-03
8.145000000000000284e+01 -2.845826210000000113e-03
8.147499999999999432e+01 -2.848466175000000187e-03
8.150000000000000000e+01 -2.869800032999999910e-03
8.152500000000000568e+01 -2.872711238999999927e-03
8.154999999999999716e+01 -2.883973862000000204e-03
8.157500000000000284e+01 -2.908766464000000010e-03
8.159999999999999432e+01 -2.923843589999999999e-03
8.162500000000000000e+01 -2.921102323000000084e-03
8.165000000000000568e+01 -2.962293384000000158e-03
8.167499999999999716e+01 -2.982278451000000032e-03
8.170000000000000284e+01 -2.974684967000000048e-03
8.172499999999999432e+01 -3.014223604000000091e-03
8.175000000000000000e+01 -3.024258962000000214e-03
8.177500000000000568e+01 -3.035621688999999915e-03
8.179999999999999716e+01 -3.056426964000000159e-03
8.182500000000000284e+01 -3.061246605999999853e-03
8.184999999999999432e+01 -3.084684682000000174e-03
8.187500000000000000e+01 -3.095553265999999824e-03
8.190000000000000568e+01 -3.123659730000000103e-03
8.192499999999999716e+01 -3.128696327999999811e-03
8.195000000000000284e+01 -3.141421780000000063e-03
8.197499999999999432e+01 -3.162303625000000094e-03
8.200000000000000000e+01 -3.180781376999999941e-03
8.202500000000000568e+01 -3.201398458000000169e-03
8.204999999999999716e+01 -3.212570861000000125e-03
8.207500000000000284e+01 -3.221683754999999944e-03
8.209999999999999432e+01 -3.250143566999999945e-03
8.212500000000000000e+01 -3.262049217999999935e-03
8.215000000000000568e+01 -3.284349500999999942e-03
8.217499999999999716e+01 -3.300357468000000155e-03
8.220000000000000284e+01 -3.323835372000000059e-03
8.222499999999999432e+01 -3.331578932000000149e-03
8.225000000000000000e+01 -3.341142420000000127e-03
8.227500000000000568e+01 -3.366078260000000041e-03
8.229999999999999716e+01 -3.398796886999999860e-03
8.232500000000000284e+01 -3.403797245999999957e-03
8.234999999999999432e+01 -3.427887721999999839e-03
8.237500000000000000e+01 -3.442585907000000021e-03
8.240000000000000568e+01 -3.449766064000000122e-03
8.242499999999999716e+01 -3.476178225999999871e-03
8.245000000000000284e+01 -3.501314112000000148e-03
8.247499999999999432e+01 -3.519603167999999817e-03
8.250000000000000000e+01 -3.537559800999999851e-03
8.252500000000000568e+01 -3.558048192999999949e-03
8.254999999999999716e+01 -3.587327527000000026e-03
8.257500000000000284e+01 -3.579412635000000197e-03
8.259999999999999432e+01 -3.613792976999999785e-03
8.262500000000000000e+01 -3.631315397000000125e-03
8.265000000000000568e+01 -3.638009318999999801e-03
8.267499999999999716e+01 -3.663496961000000090e-03
8.270000000000000284e+01 -3.691137007000000123e-03
8.272499999999999432e+01 -3.701736217000000176e-03
8.275000000000000000e+01 -3.736434918000000084e-03
8.277500000000000568e+01 -3.750515798000000119e-03
8.279999999999999716e+01 -3.755595272999999804e-03
8.282500000000000284e+01 -3.790949584999999886e-03
8.284999999999999432e+01 -3.804582399000000070e-03
8.287500000000000000e+01 -3.838011647000000130e-03
8.290000000000000568e+01 -3.849804976000000076e-03
8.292499999999999716e+01 -3.865668851000000125e-03
8.295000000000000284e+01 -3.890522694999999816e-03
8.297499999999999432e+01 -3.908994752000000301e-03
8.300000000000000000e+01 -3.936696085000000039e-03
8.302500000000000568e+01 -3.949558651999999712e-03
8.304999999999999716e+01 -3.978987881999999747e-03
8.307500000000000284e+01 -3.999794069000000250e-03
8.309999999999999432e+01 -4.017397936999999968e-03
8.312500000000000000e+01 -4.033042508999999838e-03
8.315000000000000568e+01 -4.067695401000000210e-03
8.317499999999999716e+01 -4.098702796000000363e-03
8.320000000000000284e+01 -4.084203760000000225e-03
8.322499999999999432e+01 -4.135096910999999827e-03
8.325000000000000000e+01 -4.150512177999999587e-03
8.327500000000000568e+01 -4.143613713999999733e-03
8.329999999999999716e+01 -4.180456865000000376e-03
8.332500000000000284e+01 -4.210016767000000423e-03
8.334999999999999432e+01 -4.228990656999999723e-03
8.337500000000000000e+01 -4.237644869000000043e-03
8.340000000000000568e+01 -4.281293924999999591e-03
8.342499999999999716e+01 -4.306422223000000264e-03
8.345000000000000284e+01 -4.320128422999999947e-03
8.347499999999999432e+01 -4.348854757000000099e-03
8.350000000000000000e+01 -4.366133115000000314e-03
8.352500000000000568e+01 -4.390637521999999834e-03
8.354999999999999716e+01 -4.420997385000000057e-03
8.357500000000000284e+01 -4.443878562000000421e-03
8.359999999999999432e+01 -4.467678557999999606e-03
8.362500000000000000e+01 -4.488165619999999814e-03
8.365000000000000568e+01 -4.511030957000000154e-03
8.367499999999999716e+01 -4.538803947999999790e-03
8.370000000000000284e+01 -4.559344257999999733e-03
8.372499999999999432e+01 -4.587016923999999961e-03
8.375000000000000000e+01 -4.622072203000000129e-03
8.377500000000000568e+01 -4.640233314000000164e-03
8.379999999999999716e+01 -4.660352720999999705e-03
8.382500000000000284e+01 -4.687451236999999951e-03
8.384999999999999432e+01 -4.707233954999999991e-03
8.387500000000000000e+01 -4.726595620000000227e-03
8.390000000000000568e+01 -4.756109906999999963e-03
8.392499999999999716e+01 -4.780219980999999597e-03
8.395000000000000284e+01 -4.810413113000000344e-03
8.397499999999999432e+01 -4.828858039999999949e-03
8.400000000000000000e+01 -4.843947688999999772e-03
8.402500000000000568e+01 -4.871617223000000371e-03
8.404999999999999716e+01 -4.903707771000000160e-03
8.407500000000000284e+01 -4.946978535000000343e-03
8.409999999999999432e+01 -4.953118618000000410e-03
8.412500000000000000e+01 -4.980187375999999867e-03
8.415000000000000568e+01 -4.999913402999999618e-03
8.417499999999999716e+01 -5.041470674000000061e-03
8.420000000000000284e+01 -5.058001359999999766e-03
8.422499999999999432e+01 -5.110051414000000083e-03
8.425000000000000000e+01 -5.121951060999999777e-03
8.427500000000000568e+01 -5.153174614000000098e-03
8.429999999999999716e+01 -5.179897660999999674e-03
8.432500000000000284e+01 -5.202265961000000251e-03
8.434999999999999432e+01 -5.226665921999999916e-03
8.437500000000000000e+01 -5.248731319000000430e-03
8.440000000000000568e+01 -5.284648210999999887e-03
8.442499999999999716e+01 -5.335428942000000271e-03
8.445000000000000284e+01 -5.340992561999999624e-03
8.447499999999999432e+01 -5.381180557999999670e-03
8.450000000000000000e+01 -5.387630511000000150e-03
8.452500000000000568e+01 -5.421558406000000045e-03
8.454999999999999716e+01 -5.443741089000000283e-03
8.457500000000000284e+01 -5.484527179999999606e-03
8.459999999999999432e+01 -5.535846449000000023e-03
8.462500000000000000e+01 -5.541399750000000277e-03
8.465000000000000568e+01 -5.553798894999999874e-03
8.467499999999999716e+01 -5.606429429999999596e-03
8.470000000000000284e+01 -5.599202727000000303e-03
8.472499999999999432e+01 -5.661336888999999803e-03
8.475000000000000000e+01 -5.695705443000000090e-03
8.477500000000000568e+01 -5.737399988000000187e-03
8.479999999999999716e+01 -5.755110083999999578e-03
8.482500000000000284e+01 -5.789550061000000268e-03
8.484999999999999432e+01 -5.804924856000000417e-03
8.487500000000000000e+01 -5.856766543999999790e-03
8.490000000000000568e+01 -5.870346985999999774e-03
8.492499999999999716e+01 -5.908031757999999793e-03
8.495000000000000284e+01 -5.931620177999999584e-03
8.497499999999999432e+01 -5.966410014000000060e-03
8.500000000000000000e+01 -6.008582125999999655e-03
8.502500000000000568e+01 -6.028838939000000056e-03
8.504999999999999716e+01 -6.069839958000000125e-03
8.507500000000000284e+01 -6.099284850999999591e-03
8.509999999999999432e+01 -6.132789956999999681e-03
8.512500000000000000e+01 -6.165586235999999734e-03
8.515000000000000568e+01 -6.203183087000000220e-03
8.517499999999999716e+01 -6.224338289999999975e-03
8.520000000000000284e+01 -6.275329028000000385e-03
8.522499999999999432e+01 -6.312922684999999756e-03
8.525000000000000000e+01 -6.337067214999999622e-03
8.527500000000000568e+01 -6.373674317000000214e-03
8.529999999999999716e+01 -6.406330782000000355e-03
8.532500000000000284e+01 -6.416668797000000223e-03
8.534999999999999432e+01 -6.466048930000000035e-03
8.537500000000000000e+01 -6.511326583000000279e-03
8.540000000000000568e+01 -6.545440607000000202e-03
8.542499999999999716e+01 -6.576322441999999865e-03
8.545000000000000284e+01 -6.604492685000000300e-03
8.547499999999999432e+01 -6.626511911000000123e-03
8.550000000000000000e+01 -6.679991252999999997e-03
8.552500000000000568e+01 -6.716507154000000285e-03
8.554999999999999716e+01 -6.756460972999999738e-03
8.557500000000000284e+01 -6.802912327000000363e-03
8.559999999999999432e+01 -6.827477912000000024e-03
8.562500000000000000e+01 -6.849617724000000261e-03
8.565000000000000568e+01 -6.905769291000000108e-03
8.567499999999999716e+01 -6.945568521999999703e-03
8.570000000000000284e+01 -6.973258103999999992e-03
8.572499999999999432e+01 -7.007042227000000179e-03
8.575000000000000000e+01 -7.052673243999999647e-03
8.577500000000000568e+01 -7.092730006000000191e-03
8.579999999999999716e+01 -7.108823688999999640e-03
8.582500000000000284e+01 -7.180480181999999642e-03
8.584999999999999432e+01 -7.223114436999999652e-03
8.587500000000000000e+01 -7.261711599999999892e-03
8.590000000000000568e+01 -7.276273229000000155e-03
8.592499999999999716e+01 -7.342898627999999706e-03
8.595000000000000284e+01 -7.379069541999999822e-03
8.597499999999999432e+01 -7.395752914999999608e-03
8.600000000000000000e+01 -7.436173475000000185e-03
8.602500000000000568e+01 -7.467748417000000249e-03
8.604999999999999716e+01 -7.509386631999999916e-03
8.607500000000000284e+01 -7.555860402999999871e-03
8.609999999999999432e+01 -7.598627366999999994e-03
8.612500000000000000e+01 -7.646789057000000396e-03
8.615000000000000568e+01 -7.694214224999999970e-03
8.617499999999999716e+01 -7.706313509000000360e-03
8.620000000000000284e+01 -7.764006789000000262e-03
8.622499999999999432e+01 -7.813032790000000449e-03
8.625000000000000000e+01 -7.852767558999999148e-03
8.627500000000000568e+01 -7.868159160999999360e-03
8.629999999999999716e+01 -7.930651651000000801e-03
8.632500000000000284e+01 -7.969177621999999281e-03
8.634999999999999432e+01 -8.024223727000000597e-03
8.637500000000000000e+01 -8.055600688000000287e-03
8.640000000000000568e+01 -8.099138076000000214e-03
8.642499999999999716e+01 -8.151998032999999144e-03
8.645000000000000284e+01 -8.199459334000000488e-03
8.647499999999999432e+01 -8.231246547000000205e-03
8.650000000000000000e+01 -8.261181497999999998e-03
8.652500000000000568e+01 -8.315360911000000202e-03
8.654999999999999716e+01 -8.388958037000000464e-03
8.657500000000000284e+01 -8.390865936000000552e-03
8.659999999999999432e+01 -8.433316265000000839e-03
8.662500000000000000e+01 -8.513160185000000213e-03
8.665000000000000568e+01 -8.559282082000000194e-03
8.667499999999999716e+01 -8.587039374999999239e-03
8.670000000000000284e+01 -8.654767803000000537e-03
8.672499999999999432e+01 -8.688538295999999675e-03
8.675000000000000000e+01 -8.758946634000000162e-03
8.677500000000000568e+01 -8.784807138999999390e-03
8.679999999999999716e+01 -8.813300258999999873e-03
8.682500000000000284e+01 -8.891664493000000710e-03
8.684999999999999432e+01 -8.945190122999999507e-03
8.687500000000000000e+01 -8.974628208999999718e-03
8.690000000000000568e+01 -9.008775062000000736e-03
8.692499999999999716e+01 -9.055616497999999584e-03
8.695000000000000284e+01 -9.119829097999999912e-03
8.697499999999999432e+01 -9.158488955000000306e-03
8.700000000000000000e+01 -9.200180861999999668e-03
8.702500000000000568e+01 -9.280524398999999772e-03
8.704999999999999716e+01 -9.332708013999999400e-03
8.707500000000000284e+01 -9.369109545000000455e-03
8.709999999999999432e+01 -9.438470850000000092e-03
8.712500000000000000e+01 -9.472586886999999345e-03
8.715000000000000568e+01 -9.517134850999999646e-03
8.717499999999999716e+01 -9.564650904000000786e-03
8.720000000000000284e+01 -9.630934710999999177e-03
8.722499999999999432e+01 -9.659420231999999232e-03
8.725000000000000000e+01 -9.731328133999999491e-03
8.727500000000000568e+01 -9.764840618000000458e-03
8.729999999999999716e+01 -9.842235710999999720e-03
8.732500000000000284e+01 -9.891184375000000584e-03
8.734999999999999432e+01 -9.937640937999999910e-03
8.737500000000000000e+01 -1.001198394999999915e-02
8.740000000000000568e+01 -1.006652042000000073e-02
8.742499999999999716e+01 -1.007852180999999937e-02
8.745000000000000284e+01 -1.015918830000000009e-02
8.747499999999999432e+01 -1.022366775000000012e-02
8.750000000000000000e+01 -1.025517670999999929e-02
8.752500000000000568e+01 -1.032481988999999975e-02
8.754999999999999716e+01 -1.034270139999999942e-02
8.757500000000000284e+01 -1.041130284999999996e-02
8.759999999999999432e+01 -1.047444135999999956e-02
8.762500000000000000e+01 -1.055032149000000030e-02
8.765000000000000568e+01 -1.060069368999999942e-02
8.767499999999999716e+01 -1.066790287999999989e-02
8.770000000000000284e+01 -1.073764305000000051e-02
8.772499999999999432e+01 -1.079304818999999964e-02
8.775000000000000000e+01 -1.085585629999999933e-02
8.777500000000000568e+01 -1.090061080999999918e-02
8.779999999999999716e+01 -1.097179313000000087e-02
8.782500000000000284e+01 -1.102400402000000036e-02
8.784999999999999432e+01 -1.106355619000000054e-02
8.787500000000000000e+01 -1.114895498000000040e-02
8.790000000000000568e+01 -1.120769282000000019e-02
8.792499999999999716e+01 -1.123273160000000034e-02
8.795000000000000284e+01 -1.131376008999999960e-02
8.797499999999999432e+01 -1.139431947000000070e-02
8.800000000000000000e+01 -1.145266848000000073e-02
8.802500000000000568e+01 -1.152444011000000081e-02
8.804999999999999716e+01 -1.153655573000000011e-02
8.807500000000000284e+01 -1.166416431000000080e-02
8.809999999999999432e+01 -1.169554503000000065e-02
8.812500000000000000e+01 -1.175857267999999914e-02
8.815000000000000568e+01 -1.178688435000000041e-02
8.817499999999999716e+01 -1.189924543000000015e-02
8.820000000000000284e+01 -1.197722160999999987e-02
8.822499999999999432e+01 -1.203825990999999977e-02
8.825000000000000000e+01 -1.207119192000000001e-02
8.827500000000000568e+01 -1.217307398999999991e-02
8.829999999999999716e+01 -1.221242649999999992e-02
8.832500000000000284e+01 -1.229097428999999936e-02
8.834999999999999432e+01 -1.232624862000000071e-02
8.837500000000000000e+01 -1.240388901999999946e-02
8.840000000000000568e+01 -1.250767977999999933e-02
8.842499999999999716e+01 -1.254740543999999930e-02
8.845000000000000284e+01 -1.262503438000000047e-02
8.847499999999999432e+01 -1.267820520000000062e-02
8.850000000000000000e+01 -1.275189197000000003e-02
8.852500000000000568e+01 -1.282337941999999939e-02
8.854999999999999716e+01 -1.291265976000000038e-02
8.857500000000000284e+01 -1.300293792000000066e-02
8.859999999999999432e+01 -1.308088232000000073e-02
8.862500000000000000e+01 -1.308799042999999988e-02
8.865000000000000568e+01 -1.318921363999999916e-02
8.867499999999999716e+01 -1.327702535999999989e-02
8.870000000000000284e+01 -1.331763902000000083e-02
8.872499999999999432e+01 -1.335784295000000052e-02
8.875000000000000000e+01 -1.347133015000000038e-02
8.877500000000000568e+01 -1.352563833999999993e-02
8.879999999999999716e+01 -1.361109670999999938e-02
8.882500000000000284e+01 -1.369682086999999930e-02
8.884999999999999432e+01 -1.374952875999999914e-02
8.887500000000000000e+01 -1.383877721000000005e-02
8.890000000000000568e+01 -1.391086107999999974e-02
8.892499999999999716e+01 -1.399750481000000026e-02
8.895000000000000284e+01 -1.405806983000000045e-02
8.897499999999999432e+01 -1.414112470999999947e-02
8.900000000000000000e+01 -1.420472937000000040e-02
8.902500000000000568e+01 -1.428670353000000004e-02
8.904999999999999716e+01 -1.435412760999999968e-02
8.907500000000000284e+01 -1.447170983000000029e-02
8.909999999999999432e+01 -1.452246924999999952e-02
8.912500000000000000e+01 -1.460246274000000059e-02
8.915000000000000568e+01 -1.472569909000000059e-02
8.917499999999999716e+01 -1.477956667999999994e-02
8.920000000000000284e+01 -1.484073349000000069e-02
8.922499999999999432e+01 -1.492555188999999949e-02
8.925000000000000000e+01 -1.502068045999999969e-02
8.927500000000000568e+01 -1.511858831000000014e-02
8.929999999999999716e+01 -1.522493404000000057e-02
8.932500000000000284e+01 -1.529304803999999990e-02
8.934999999999999432e+01 -1.538344227000000043e-02
8.937500000000000000e+01 -1.543045929000000024e-02
8.940000000000000568e+01 -1.554704869000000066e-02
8.942499999999999716e+01 -1.560744026999999999e-02
8.945000000000000284e+01 -1.570261380000000095e-02
8.947499999999999432e+01 -1.575633367000000076e-02
8.950000000000000000e+01 -1.591207872000000023e-02
8.952500000000000568e+01 -1.593688669999999974e-02
8.954999999999999716e+01 -1.605266396000000137e-02
8.957500000000000284e+01 -1.614580649999999840e-02
8.959999999999999432e+01 -1.624126932999999870e-02
8.962500000000000000e+01 -1.630179996999999922e-02
8.965000000000000568e+01 -1.643850592999999971e-02
8.967499999999999716e+01 -1.649938290999999890e-02
8.970000000000000284e+01 -1.658530282000000161e-02
8.972499999999999432e+01 -1.666453869999999851e-02
8.975000000000000000e+01 -1.680149896999999851e-02
8.977500000000000568e+01 -1.688516261000000060e-02
8.979999999999999716e+01 -1.695201073999999877e-02
8.982500000000000284e+01 -1.704490310999999883e-02
8.984999999999999432e+01 -1.715571835999999892e-02
8.987500000000000000e+01 -1.724510053000000154e-02
8.990000000000000568e+01 -1.730103528999999904e-02
8.992499999999999716e+01 -1.742065547000000089e-02
8.995000000000000284e+01 -1.752808428999999904e-02
8.997499999999999432e+01 -1.763221807000000044e-02
9.000000000000000000e+01 -1.773089657000000152e-02
9.002500000000000568e+01 -1.780187139999999876e-02
9.004999999999999716e+01 -1.786998000000000059e-02
9.007500000000000284e+01 -1.798537944999999832e-02
9.009999999999999432e+01 -1.809254873999999874e-02
9.012500000000000000e+01 -1.818523349000000094e-02
9.015000000000000568e+01 -1.832502277999999846e-02
9.017499999999999716e+01 -1.843317728000000086e-02
9.020000000000000284e+01 -1.850414972000000158e-02
9.022499999999999432e+01 -1.863728720000000158e-02
9.025000000000000000e+01 -1.872946026000000055e-02
9.027500000000000568e+01 -1.877883160000000037e-02
9.029999999999999716e+01 -1.889568514000000005e-02
9.032500000000000284e+01 -1.907261766999999997e-02
9.034999999999999432e+01 -1.910996565000000133e-02
9.037500000000000000e+01 -1.919956905000000033e-02
9.040000000000000568e+01 -1.933438075000000131e-02
9.042499999999999716e+01 -1.945034902000000038e-02
9.045000000000000284e+01 -1.956972698000000038e-02
9.047499999999999432e+01 -1.967065243000000116e-02
9.050000000000000000e+01 -1.979725515000000172e-02
9.052500000000000568e+01 -1.988245295000000065e-02
9.054999999999999716e+01 -1.999564020999999858e-02
9.057500000000000284e+01 -2.010384797000000154e-02
9.059999999999999432e+01 -2.029143876999999971e-02
9.062500000000000000e+01 -2.034616787000000093e-02
9.065000000000000568e+01 -2.049259206999999930e-02
9.067499999999999716e+01 -2.056173135999999832e-02
9.070000000000000284e+01 -2.071040873000000102e-02
9.072499999999999432e+01 -2.076481369999999896e-02
9.075000000000000000e+01 -2.094352706999999883e-02
9.077500000000000568e+01 -2.100376798000000086e-02
9.079999999999999716e+01 -2.117690874000000001e-02
9.082500000000000284e+01 -2.128275778999999882e-02
9.084999999999999432e+01 -2.139489927000000000e-02
9.087500000000000000e+01 -2.150415435999999958e-02
9.090000000000000568e+01 -2.164325740999999831e-02
9.092499999999999716e+01 -2.177968623000000117e-02
9.095000000000000284e+01 -2.186399903999999839e-02
9.097499999999999432e+01 -2.203282993999999828e-02
9.100000000000000000e+01 -2.211926947999999851e-02
9.102500000000000568e+01 -2.226690584000000014e-02
9.104999999999999716e+01 -2.232509895000000036e-02
9.107500000000000284e+01 -2.252716567000000170e-02
9.109999999999999432e+01 -2.266746684000000081e-02
9.112500000000000000e+01 -2.272824173000000114e-02
9.115000000000000568e+01 -2.286775199000000078e-02
9.117499999999999716e+01 -2.301919122999999956e-02
9.120000000000000284e+01 -2.312492304999999929e-02
9.122499999999999432e+01 -2.322871858999999914e-02
9.125000000000000000e+01 -2.342883172999999861e-02
9.127500000000000568e+01 -2.353041286999999968e-02
9.129999999999999716e+01 -2.361071495000000020e-02
9.132500000000000284e+01 -2.383668397999999869e-02
9.134999999999999432e+01 -2.396571678000000011e-02
9.137500000000000000e+01 -2.400578867000000005e-02
9.140000000000000568e+01 -2.416227421999999833e-02
9.142499999999999716e+01 -2.426724124000000093e-02
9.145000000000000284e+01 -2.443212369999999897e-02
9.147499999999999432e+01 -2.456999558000000014e-02
9.150000000000000000e+01 -2.474352393000000053e-02
9.152500000000000568e+01 -2.484390271000000081e-02
9.154999999999999716e+01 -2.501687793000000049e-02
9.157500000000000284e+01 -2.512805629999999985e-02
9.159999999999999432e+01 -2.530541872000000025e-02
9.162500000000000000e+01 -2.543305988000000087e-02
9.165000000000000568e+01 -2.558955439999999887e-02
9.167499999999999716e+01 -2.575726486000000023e-02
9.170000000000000284e+01 -2.583032855000000003e-02
9.172499999999999432e+01 -2.603100506000000092e-02
9.175000000000000000e+01 -2.615636073000000145e-02
9.177500000000000568e+01 -2.632661529000000084e-02
9.179999999999999716e+01 -2.642015630000000073e-02
9.182500000000000284e+01 -2.660713169000000072e-02
9.184999999999999432e+01 -2.677030441000000094e-02
9.187500000000000000e+01 -2.686432010999999925e-02
9.190000000000000568e+01 -2.706515429000000070e-02
9.192499999999999716e+01 -2.717242916000000078e-02
9.195000000000000284e+01 -2.734459335999999893e-02
9.197499999999999432e+01 -2.752151729999999935e-02
9.200000000000000000e+01 -2.762293956000000036e-02
9.202500000000000568e+01 -2.786094534999999928e-02
9.204999999999999716e+01 -2.797284753000000082e-02
9.207500000000000284e+01 -2.814308294000000127e-02
9.209999999999999432e+01 -2.830702359000000085e-02
9.212500000000000000e+01 -2.848062893000000151e-02
9.215000000000000568e+01 -2.858445314000000043e-02
9.217499999999999716e+01 -2.884091030000000139e-02
9.220000000000000284e+01 -2.894614063999999959e-02
9.222499999999999432e+01 -2.909382209999999969e-02
9.225000000000000000e+01 -2.926044703000000094e-02
9.227500000000000568e+01 -2.936524428999999839e-02
9.229999999999999716e+01 -2.963978823999999929e-02
9.232500000000000284e+01 -2.970284211999999965e-02
9.234999999999999432e+01 -2.994593375000000057e-02
9.237500000000000000e+01 -3.014047812000000132e-02
9.240000000000000568e+01 -3.029517074999999934e-02
9.242499999999999716e+01 -3.039561829999999978e-02
9.245000000000000284e+01 -3.063890359999999966e-02
9.247499999999999432e+01 -3.081604308999999833e-02
9.250000000000000000e+01 -3.095083842000000141e-02
9.252500000000000568e+01 -3.110911372000000133e-02
9.254999999999999716e+01 -3.131820089000000168e-02
9.257500000000000284e+01 -3.154384837000000219e-02
9.259999999999999432e+01 -3.167572922999999790e-02
9.262500000000000000e+01 -3.189375407000000218e-02
9.265000000000000568e+01 -3.201408994999999785e-02
9.267499999999999716e+01 -3.229444558999999826e-02
9.270000000000000284e+01 -3.238046616000000294e-02
9.272499999999999432e+01 -3.246105618000000304e-02
9.275000000000000000e+01 -3.279395831999999678e-02
9.277500000000000568e+01 -3.295514528000000054e-02
9.279999999999999716e+01 -3.316236035000000304e-02
9.282500000000000284e+01 -3.331129600999999801e-02
9.284999999999999432e+01 -3.357746427999999672e-02
9.287500000000000000e+01 -3.375678012000000311e-02
9.290000000000000568e+01 -3.386286408999999997e-02
9.292499999999999716e+01 -3.413673021000000057e-02
9.295000000000000284e+01 -3.426992133000000135e-02
9.297499999999999432e+01 -3.451351981999999791e-02
9.300000000000000000e+01 -3.473826453000000009e-02
9.302500000000000568e+01 -3.490278826999999862e-02
9.304999999999999716e+01 -3.509392685999999928e-02
9.307500000000000284e+01 -3.524283847000000275e-02
9.309999999999999432e+01 -3.549884521999999848e-02
9.312500000000000000e+01 -3.571889442000000109e-02
9.315000000000000568e+01 -3.597837317000000118e-02
9.317499999999999716e+01 -3.608366996000000188e-02
9.320000000000000284e+01 -3.629490971999999732e-02
9.322499999999999432e+01 -3.653325588999999790e-02
9.325000000000000000e+01 -3.672459588000000219e-02
9.327500000000000568e+01 -3.690881608999999758e-02
9.329999999999999716e+01 -3.711995651999999701e-02
9.332500000000000284e+01 -3.739320771000000099e-02
9.334999999999999432e+01 -3.758259164000000291e-02
9.337500000000000000e+01 -3.788362823000000074e-02
9.340000000000000568e+01 -3.800159453000000187e-02
9.342499999999999716e+01 -3.822221715000000131e-02
9.345000000000000284e+01 -3.848165885000000286e-02
9.347499999999999432e+01 -3.867986696000000335e-02
9.350000000000000000e+01 -3.887230816000000061e-02
9.352500000000000568e+01 -3.912551551000000016e-02
9.354999999999999716e+01 -3.926057360000000107e-02
9.357500000000000284e+01 -3.964273068000000178e-02
9.359999999999999432e+01 -3.976025544999999689e-02
9.362500000000000000e+01 -4.003854711000000288e-02
9.365000000000000568e+01 -4.025066182999999936e-02
9.367499999999999716e+01 -4.052145665000000258e-02
9.370000000000000284e+01 -4.077548380999999889e-02
9.372499999999999432e+01 -4.099578063999999994e-02
9.375000000000000000e+01 -4.123703241999999991e-02
9.377500000000000568e+01 -4.149633248000000191e-02
9.379999999999999716e+01 -4.168096434000000128e-02
9.382500000000000284e+01 -4.194442785000000035e-02
9.384999999999999432e+01 -4.215580926000000311e-02
9.387500000000000000e+01 -4.246168684999999943e-02
9.390000000000000568e+01 -4.267000524000000294e-02
9.392499999999999716e+01 -4.291938594999999967e-02
9.395000000000000284e+01 -4.316329136000000150e-02
9.397499999999999432e+01 -4.338860454000000033e-02
9.400000000000000000e+01 -4.367544907999999781e-02
9.402500000000000568e+01 -4.388433130000000265e-02
9.404999999999999716e+01 -4.413373244999999750e-02
9.407500000000000284e+01 -4.441222639999999749e-02
9.409999999999999432e+01 -4.474833891999999841e-02
9.412500000000000000e+01 -4.496815871999999825e-02
9.415000000000000568e+01 -4.520681264000000338e-02
9.417499999999999716e+01 -4.552110030999999973e-02
9.420000000000000284e+01 -4.576813379999999931e-02
9.422499999999999432e+01 -4.593185957999999791e-02
9.425000000000000000e+01 -4.629601267999999825e-02
9.427500000000000568e+01 -4.656434867999999921e-02
9.429999999999999716e+01 -4.688510763999999970e-02
9.432500000000000284e+01 -4.708638417000000215e-02
9.434999999999999432e+01 -4.736563651000000319e-02
9.437500000000000000e+01 -4.764796956999999694e-02
9.440000000000000568e+01 -4.788078126999999878e-02
9.442499999999999716e+01 -4.813719144999999838e-02
9.445000000000000284e+01 -4.856085313999999875e-02
9.447499999999999432e+01 -4.884552042999999732e-02
9.450000000000000000e+01 -4.902880198000000161e-02
9.452500000000000568e+01 -4.941380486000000044e-02
9.454999999999999716e+01 -4.965409508000000194e-02
9.457500000000000284e+01 -4.998796426999999737e-02
9.459999999999999432e+01 -5.029599188000000165e-02
9.462500000000000000e+01 -5.053495020999999865e-02
9.465000000000000568e+01 -5.093688328999999848e-02
9.467499999999999716e+01 -5.122724663000000067e-02
9.470000000000000284e+01 -5.147587368999999996e-02
9.472499999999999432e+01 -5.167774653999999968e-02
9.475000000000000000e+01 -5.208165018000000118e-02
9.477500000000000568e+01 -5.240980746999999995e-02
9.479999999999999716e+01 -5.265763283000000211e-02
9.482500000000000284e+01 -5.301408201999999875e-02
9.484999999999999432e+01 -5.334423882000000061e-02
9.487500000000000000e+01 -5.363152824999999763e-02
9.490000000000000568e+01 -5.395995040999999881e-02
9.492499999999999716e+01 -5.430645004000000248e-02
9.495000000000000284e+01 -5.460703273999999857e-02
9.497499999999999432e+01 -5.488833499000000254e-02
9.500000000000000000e+01 -5.530527852000000077e-02
9.502500000000000568e+01 -5.562435536000000236e-02
9.504999999999999716e+01 -5.588512075999999690e-02
9.507500000000000284e+01 -5.623902423999999761e-02
9.509999999999999432e+01 -5.666026887000000234e-02
9.512500000000000000e+01 -5.697583231000000192e-02
9.515000000000000568e+01 -5.725105173000000214e-02
9.517499999999999716e+01 -5.756656150000000194e-02
9.520000000000000284e+01 -5.796167078000000195e-02
9.522499999999999432e+01 -5.833184253999999791e-02
9.525000000000000000e+01 -5.869506131999999848e-02
9.527500000000000568e+01 -5.910576434999999934e-02
9.529999999999999716e+01 -5.938878262999999769e-02
9.532500000000000284e+01 -5.984851228000000189e-02
9.534999999999999432e+01 -6.006637134000000072e-02
9.537500000000000000e+01 -6.052011870000000016e-02
9.540000000000000568e+01 -6.081906565999999764e-02
9.542499999999999716e+01 -6.126191830000000255e-02
9.545000000000000284e+01 -6.157866266999999921e-02
9.547499999999999432e+01 -6.192196427999999836e-02
9.550000000000000000e+01 -6.236149707000000070e-02
9.552500000000000568e+01 -6.280597592000000673e-02
9.554999999999999716e+01 -6.305126494000000414e-02
9.557500000000000284e+01 -6.344232465000000654e-02
9.559999999999999432e+01 -6.382449817999999442e-02
9.562500000000000000e+01 -6.429498631999999714e-02
9.565000000000000568e+01 -6.459185761999999831e-02
9.567499999999999716e+01 -6.486426890999999473e-02
9.570000000000000284e+01 -6.540322325000000325e-02
9.572499999999999432e+01 -6.584856575000000434e-02
9.575000000000000000e+01 -6.626416506000000484e-02
9.577500000000000568e+01 -6.671141340000000253e-02
9.579999999999999716e+01 -6.692795411000000694e-02
9.582500000000000284e+01 -6.752041541999999341e-02
9.584999999999999432e+01 -6.788168299999999822e-02
9.587500000000000000e+01 -6.837821609999999994e-02
9.590000000000000568e+01 -6.879460838999999772e-02
9.592499999999999716e+01 -6.922173547000000371e-02
9.595000000000000284e+01 -6.969625984999999746e-02
9.597499999999999432e+01 -7.013205942000000359e-02
9.600000000000000000e+01 -7.041283469999999600e-02
9.602500000000000568e+01 -7.095557494000000187e-02
9.604999999999999716e+01 -7.126312181999999718e-02
9.607500000000000284e+01 -7.167137427000000449e-02
9.609999999999999432e+01 -7.215940117999999903e-02
9.612500000000000000e+01 -7.271486630000000007e-02
9.615000000000000568e+01 -7.313250086000000483e-02
9.617499999999999716e+01 -7.370188373000000071e-02
9.620000000000000284e+01 -7.420245865999999801e-02
9.622499999999999432e+01 -7.457426554000000374e-02
9.625000000000000000e+01 -7.485000863999999310e-02
9.627500000000000568e+01 -7.546536459000000030e-02
9.629999999999999716e+01 -7.592399260000000372e-02
9.632500000000000284e+01 -7.641878901000000168e-02
9.634999999999999432e+01 -7.681082008999999544e-02
9.637500000000000000e+01 -7.739217932000000411e-02
9.640000000000000568e+01 -7.781191494000000430e-02
9.642499999999999716e+01 -7.828787134999999620e-02
9.645000000000000284e+01 -7.882035128999999307e-02
9.647499999999999432e+01 -7.939776126000000489e-02
9.650000000000000000e+01 -7.996060884000000257e-02
9.652500000000000568e+01 -8.029803580000000052e-02
9.654999999999999716e+01 -8.089283066999999883e-02
9.657500000000000284e+01 -8.157358985000000284e-02
9.659999999999999432e+01 -8.201858873999999522e-02
9.662500000000000000e+01 -8.252790329999999674e-02
9.665000000000000568e+01 -8.311541348999999801e-02
9.667499999999999716e+01 -8.362869622000000669e-02
9.670000000000000284e+01 -8.415937695000000329e-02
9.672499999999999432e+01 -8.460924414999999865e-02
9.675000000000000000e+01 -8.520172172999999904e-02
9.677500000000000568e+01 -8.581125014000000328e-02
9.679999999999999716e+01 -8.636041344000000564e-02
9.682500000000000284e+01 -8.677939648999999367e-02
9.684999999999999432e+01 -8.738450996999999609e-02
9.687500000000000000e+01 -8.805529161000000271e-02
9.690000000000000568e+01 -8.858058598000000117e-02
9.692499999999999716e+01 -8.912874031999999669e-02
9.695000000000000284e+01 -8.977516805000000655e-02
9.697499999999999432e+01 -9.046863972999999448e-02
9.700000000000000000e+01 -9.093375867000000334e-02
9.702500000000000568e+01 -9.177064623000000254e-02
9.704999999999999716e+01 -9.227606115000000497e-02
9.707500000000000284e+01 -9.287194315999999783e-02
9.709999999999999432e+01 -9.345738985000000276e-02
9.712500000000000000e+01 -9.401562346000000292e-02
9.715000000000000568e+01 -9.469668802000000274e-02
9.717499999999999716e+01 -9.532038939999999683e-02
9.720000000000000284e+01 -9.605707585999999354e-02
9.722499999999999432e+01 -9.659110840000000031e-02
9.725000000000000000e+01 -9.727696634999999370e-02
9.727500000000000568e+01 -9.791641097000000626e-02
9.729999999999999716e+01 -9.867924898999999583e-02
9.732500000000000284e+01 -9.934683841999999987e-02
9.734999999999999432e+01 -9.993454099000000090e-02
9.737500000000000000e+01 -1.006827052999999944e-01
9.740000000000000568e+01 -1.013189953000000060e-01
9.742499999999999716e+01 -1.021450715999999981e-01
9.745000000000000284e+01 -1.027588207000000031e-01
9.747499999999999432e+01 -1.035552755000000019e-01
9.750000000000000000e+01 -1.041296627999999946e-01
9.752500000000000568e+01 -1.048535745999999991e-01
9.754999999999999716e+01 -1.058174818000000017e-01
9.757500000000000284e+01 -1.065364483999999973e-01
9.759999999999999432e+01 -1.073634469000000063e-01
9.762500000000000000e+01 -1.081424463999999946e-01
9.765000000000000568e+01 -1.088643343000000041e-01
9.767499999999999716e+01 -1.096558544999999968e-01
9.770000000000000284e+01 -1.103464137000000067e-01
9.772499999999999432e+01 -1.109859970000000029e-01
9.775000000000000000e+01 -1.120456182999999967e-01
9.777500000000000568e+01 -1.127068434000000063e-01
9.779999999999999716e+01 -1.137150516000000056e-01
9.782500000000000284e+01 -1.145745142999999994e-01
9.784999999999999432e+01 -1.151950565000000037e-01
9.787500000000000000e+01 -1.160477027999999994e-01
9.790000000000000568e+01 -1.167966809000000050e-01
9.792499999999999716e+01 -1.178781329000000017e-01
9.795000000000000284e+01 -1.188374960999999952e-01
9.797499999999999432e+01 -1.197116581000000068e-01
9.800000000000000000e+01 -1.204149694999999964e-01
9.802500000000000568e+01 -1.213487136000000050e-01
9.804999999999999716e+01 -1.222376891999999993e-01
9.807500000000000284e+01 -1.233164479000000008e-01
9.809999999999999432e+01 -1.240306870999999950e-01
9.812500000000000000e+01 -1.252101503999999976e-01
9.815000000000000568e+01 -1.260590098999999908e-01
9.817499999999999716e+01 -1.271673014999999962e-01
9.820000000000000284e+01 -1.279886597000000070e-01
9.822499999999999432e+01 -1.291497585999999975e-01
9.825000000000000000e+01 -1.301503717999999976e-01
9.827500000000000568e+01 -1.311801137999999978e-01
9.829999999999999716e+01 -1.322030070000000113e-01
9.832500000000000284e+01 -1.332795099000000094e-01
9.834999999999999432e+01 -1.342325880000000138e-01
9.837500000000000000e+01 -1.353381139000000011e-01
9.840000000000000568e+01 -1.363653649000000079e-01
9.842499999999999716e+01 -1.373924988000000125e-01
9.845000000000000284e+01 -1.385683685000000109e-01
9.847499999999999432e+01 -1.398705843999999976e-01
9.850000000000000000e+01 -1.410937364000000027e-01
9.852500000000000568e+01 -1.420966096000000067e-01
9.854999999999999716e+01 -1.433475110999999913e-01
9.857500000000000284e+01 -1.444306568000000013e-01
9.859999999999999432e+01 -1.457230016999999933e-01
9.862500000000000000e+01 -1.470354704999999873e-01
9.865000000000000568e+01 -1.482066267999999909e-01
9.867499999999999716e+01 -1.493837148000000115e-01
9.870000000000000284e+01 -1.507286416999999989e-01
9.872499999999999432e+01 -1.522179113999999889e-01
9.875000000000000000e+01 -1.535216272000000104e-01
9.877500000000000568e+01 -1.546246216999999923e-01
9.879999999999999716e+01 -1.561146536999999945e-01
9.882500000000000284e+01 -1.574569938000000002e-01
9.884999999999999432e+01 -1.588937350999999887e-01
9.887500000000000000e+01 -1.602787311999999964e-01
9.890000000000000568e+01 -1.617785552999999876e-01
9.892499999999999716e+01 -1.632586760999999997e-01
9.895000000000000284e+01 -1.646264987000000124e-01
9.897499999999999432e+01 -1.662830520999999950e-01
9.900000000000000000e+01 -1.678004197999999891e-01
9.902500000000000568e+01 -1.691335174999999968e-01
9.904999999999999716e+01 -1.709152345999999933e-01
9.907500000000000284e+01 -1.728682833999999890e-01
9.909999999999999432e+01 -1.741981129999999878e-01
9.912500000000000000e+01 -1.758036786999999934e-01
9.915000000000000568e+01 -1.775592510000000013e-01
9.917499999999999716e+01 -1.791625911999999987e-01
9.920000000000000284e+01 -1.811246086999999949e-01
9.922499999999999432e+01 -1.829198723999999887e-01
9.925000000000000000e+01 -1.846120933000000019e-01
9.927500000000000568e+01 -1.865532430000000075e-01
9.929999999999999716e+01 -1.884962386000000045e-01
9.932500000000000284e+01 -1.904071099000000100e-01
9.934999999999999432e+01 -1.923004691000000099e-01
9.937500000000000000e+01 -1.940712599999999954e-01
9.940000000000000568e+01 -1.961692005000000016e-01
9.942499999999999716e+01 -1.982203774999999890e-01
9.945000000000000284e+01 -2.003758424000000038e-01
9.947499999999999432e+01 -2.026563483000000110e-01
9.950000000000000000e+01 -2.046040083000000009e-01
9.952500000000000568e+01 -2.066082633999999918e-01
9.954999999999999716e+01 -2.092147635000000117e-01
9.957500000000000284e+01 -2.114058420999999910e-01
9.959999999999999432e+01 -2.133535333000000089e-01
9.962500000000000000e+01 -2.164313438999999895e-01
9.965000000000000568e+01 -2.180939459000000025e-01
9.967499999999999716e+01 -2.210868367999999917e-01
9.970000000000000284e+01 -2.233811300000000111e-01
9.972499999999999432e+01 -2.261942597999999915e-01
9.975000000000000000e+01 -2.289478661999999887e-01
9.977500000000000568e+01 -2.315794045000000023e-01
9.979999999999999716e+01 -2.341077713999999976e-01
9.982500000000000284e+01 -2.368841952999999889e-01
9.984999999999999432e+01 -2.395019510999999990e-01
9.987500000000000000e+01 -2.426707663999999876e-01
9.990000000000000568e+01 -2.451961521000000088e-01
9.992499999999999716e+01 -2.486728283000000095e-01
9.995000000000000284e+01 -2.516840235000000203e-01
9.997499999999999432e+01 -2.546146518999999886e-01
1.000000000000000000e+02 -2.574647136000000058e-01
