0.000000000000000000e+00 -4.999610962000000103e-01
2.500000000000000052e-03 -4.994305739000000077e-01
5.000000000000000104e-03 -4.986450390000000121e-01
7.499999999999999722e-03 -4.976044914000000152e-01
1.000000000000000021e-02 -4.965592669000000181e-01
1.250000000000000069e-02 -4.966021793000000017e-01
1.499999999999999944e-02 -4.956615256999999941e-01
1.750000000000000167e-02 -4.953396196000000029e-01
2.000000000000000042e-02 -4.948116573999999934e-01
2.249999999999999917e-02 -4.938609583999999941e-01
2.500000000000000139e-02 -4.932004172000000186e-01
2.750000000000000014e-02 -4.926765305999999955e-01
2.999999999999999889e-02 -4.915198071999999918e-01
3.250000000000000111e-02 -4.907470361999999864e-01
3.500000000000000333e-02 -4.903466262999999770e-01
3.749999999999999861e-02 -4.895276445999999781e-01
4.000000000000000083e-02 -4.892631487999999917e-01
4.250000000000000305e-02 -4.878558407999999957e-01
4.499999999999999833e-02 -4.872558069999999852e-01
4.750000000000000056e-02 -4.866012954999999751e-01
5.000000000000000278e-02 -4.865083982000000251e-01
5.249999999999999806e-02 -4.856409689000000252e-01
5.500000000000000028e-02 -4.843601935999999886e-01
5.750000000000000250e-02 -4.838183060999999840e-01
5.999999999999999778e-02 -4.834378594000000029e-01
6.250000000000000000e-02 -4.822852925000000179e-01
6.500000000000000222e-02 -4.825591525999999853e-01
6.750000000000000444e-02 -4.815863309000000259e-01
7.000000000000000666e-02 -4.813023036999999893e-01
7.249999999999999500e-02 -4.805663626000000188e-01
7.499999999999999722e-02 -4.794386567999999738e-01
7.749999999999999944e-02 -4.783951202999999763e-01
8.000000000000000167e-02 -4.781264328000000008e-01
8.250000000000000389e-02 -4.775365079000000179e-01
8.500000000000000611e-02 -4.771546664999999909e-01
8.749999999999999445e-02 -4.757711405999999754e-01
8.999999999999999667e-02 -4.759522493000000187e-01
9.249999999999999889e-02 -4.749965898999999880e-01
9.500000000000000111e-02 -4.746585540000000103e-01
9.750000000000000333e-02 -4.741333582000000213e-01
1.000000000000000056e-01 -4.737159047000000234e-01
1.024999999999999939e-01 -4.727229934000000133e-01
1.049999999999999961e-01 -4.715215790000000240e-01
1.074999999999999983e-01 -4.715832942000000028e-01
1.100000000000000006e-01 -4.706047109000000006e-01
1.125000000000000028e-01 -4.699650317999999882e-01
1.150000000000000050e-01 -4.694803073000000104e-01
1.174999999999999933e-01 -4.689636439000000045e-01
1.199999999999999956e-01 -4.679770256999999933e-01
1.224999999999999978e-01 -4.673397309000000277e-01
1.250000000000000000e-01 -4.665997103000000257e-01
1.275000000000000022e-01 -4.653424957000000250e-01
1.300000000000000044e-01 -4.649776059999999878e-01
1.325000000000000067e-01 -4.646343635999999888e-01
1.350000000000000089e-01 -4.648728368999999749e-01
1.375000000000000111e-01 -4.633428224000000206e-01
1.400000000000000133e-01 -4.625659954999999934e-01
1.424999999999999878e-01 -4.618539607000000102e-01
1.449999999999999900e-01 -4.621512044000000152e-01
1.474999999999999922e-01 -4.607013105000000164e-01
1.499999999999999944e-01 -4.605608049000000093e-01
1.524999999999999967e-01 -4.600274100000000255e-01
1.549999999999999989e-01 -4.591301044000000164e-01
1.575000000000000011e-01 -4.589392063000000133e-01
1.600000000000000033e-01 -4.577830413000000265e-01
1.625000000000000056e-01 -4.575577029999999823e-01
1.650000000000000078e-01 -4.569720668000000208e-01
1.675000000000000100e-01 -4.566394489999999751e-01
1.700000000000000122e-01 -4.554704220999999942e-01
1.724999999999999867e-01 -4.549019879999999794e-01
1.749999999999999889e-01 -4.542270937999999814e-01
1.774999999999999911e-01 -4.530841121999999999e-01
1.799999999999999933e-01 -4.532480718999999936e-01
1.824999999999999956e-01 -4.524813735000000059e-01
1.849999999999999978e-01 -4.519290212000000029e-01
1.875000000000000000e-01 -4.520014639000000112e-01
1.900000000000000022e-01 -4.512315008000000183e-01
1.925000000000000044e-01 -4.500809195000000096e-01
1.950000000000000067e-01 -4.493464051000000126e-01
1.975000000000000089e-01 -4.489218348999999830e-01
2.000000000000000111e-01 -4.483461311999999976e-01
2.025000000000000133e-01 -4.477210685999999940e-01
2.049999999999999878e-01 -4.468912245000000172e-01
2.074999999999999900e-01 -4.467393706000000186e-01
2.099999999999999922e-01 -4.462141873000000092e-01
2.124999999999999944e-01 -4.450930794999999884e-01
2.149999999999999967e-01 -4.448682292000000205e-01
2.174999999999999989e-01 -4.442172354000000212e-01
2.200000000000000011e-01 -4.439194085000000012e-01
2.225000000000000033e-01 -4.435106037000000057e-01
2.250000000000000056e-01 -4.424353081999999882e-01
2.275000000000000078e-01 -4.418709639000000244e-01
2.300000000000000100e-01 -4.415424291999999751e-01
2.325000000000000122e-01 -4.405148473000000120e-01
2.349999999999999867e-01 -4.406628466999999993e-01
2.374999999999999889e-01 -4.397541907999999999e-01
2.399999999999999911e-01 -4.386919054999999790e-01
2.424999999999999933e-01 -4.380151766000000002e-01
2.449999999999999956e-01 -4.378768337000000233e-01
2.474999999999999978e-01 -4.371715279000000232e-01
2.500000000000000000e-01 -4.369539768999999851e-01
2.525000000000000022e-01 -4.363261178000000240e-01
2.550000000000000044e-01 -4.357897964999999929e-01
2.575000000000000067e-01 -4.350736036999999778e-01
2.600000000000000089e-01 -4.346401463999999826e-01
2.625000000000000111e-01 -4.340909642999999929e-01
2.650000000000000133e-01 -4.335688628000000100e-01
2.675000000000000155e-01 -4.333878937999999792e-01
2.700000000000000178e-01 -4.329750406999999801e-01
2.725000000000000200e-01 -4.318977001000000038e-01
2.750000000000000222e-01 -4.316065218999999842e-01
2.775000000000000244e-01 -4.302546485000000032e-01
2.800000000000000266e-01 -4.302631973000000110e-01
2.824999999999999734e-01 -4.297260445000000151e-01
2.849999999999999756e-01 -4.290951357000000188e-01
2.874999999999999778e-01 -4.286942323999999860e-01
2.899999999999999800e-01 -4.280549531000000241e-01
2.924999999999999822e-01 -4.272424392999999987e-01
2.949999999999999845e-01 -4.267642442999999841e-01
2.974999999999999867e-01 -4.263279328999999840e-01
2.999999999999999889e-01 -4.254057140999999986e-01
3.024999999999999911e-01 -4.249321919999999864e-01
3.049999999999999933e-01 -4.246048143000000219e-01
3.074999999999999956e-01 -4.244045642000000007e-01
3.099999999999999978e-01 -4.237373068999999992e-01
3.125000000000000000e-01 -4.228006509000000190e-01
3.150000000000000022e-01 -4.224064391999999835e-01
3.175000000000000044e-01 -4.217366344999999850e-01
3.200000000000000067e-01 -4.212171948000000277e-01
3.225000000000000089e-01 -4.208493838999999848e-01
3.250000000000000111e-01 -4.205951500999999815e-01
3.275000000000000133e-01 -4.197530758999999945e-01
3.300000000000000155e-01 -4.191292962000000011e-01
3.325000000000000178e-01 -4.186627421999999932e-01
3.350000000000000200e-01 -4.182661362999999799e-01
3.375000000000000222e-01 -4.180071369000000203e-01
3.400000000000000244e-01 -4.173306279999999813e-01
3.425000000000000266e-01 -4.168676309000000080e-01
3.449999999999999734e-01 -4.157792967000000228e-01
3.474999999999999756e-01 -4.153235832000000127e-01
3.499999999999999778e-01 -4.151075275000000175e-01
3.524999999999999800e-01 -4.147593258000000227e-01
3.549999999999999822e-01 -4.141906182000000269e-01
3.574999999999999845e-01 -4.135943697999999724e-01
3.599999999999999867e-01 -4.128968293999999983e-01
3.624999999999999889e-01 -4.126156814999999978e-01
3.649999999999999911e-01 -4.122352485999999927e-01
3.674999999999999933e-01 -4.115754253000000196e-01
3.699999999999999956e-01 -4.104541434000000266e-01
3.724999999999999978e-01 -4.103460228999999959e-01
3.750000000000000000e-01 -4.099977065000000032e-01
3.775000000000000022e-01 -4.090915045999999888e-01
3.800000000000000044e-01 -4.088092881000000012e-01
3.825000000000000067e-01 -4.080397213999999995e-01
3.850000000000000089e-01 -4.083713636999999896e-01
3.875000000000000111e-01 -4.076244719000000072e-01
3.900000000000000133e-01 -4.063170857999999774e-01
3.925000000000000155e-01 -4.062259563999999767e-01
3.950000000000000178e-01 -4.057872941999999816e-01
3.975000000000000200e-01 -4.055060074999999875e-01
4.000000000000000222e-01 -4.052405883999999903e-01
4.025000000000000244e-01 -4.044117628000000186e-01
4.050000000000000266e-01 -4.042442529999999978e-01
4.074999999999999734e-01 -4.032512549000000224e-01
4.099999999999999756e-01 -4.027256428000000055e-01
4.124999999999999778e-01 -4.023319343000000270e-01
4.149999999999999800e-01 -4.018313789999999885e-01
4.174999999999999822e-01 -4.011693963999999890e-01
4.199999999999999845e-01 -4.005344185999999973e-01
4.224999999999999867e-01 -4.007290884999999969e-01
4.249999999999999889e-01 -4.000758531999999978e-01
4.274999999999999911e-01 -3.988649919999999738e-01
4.299999999999999933e-01 -3.989570427999999946e-01
4.324999999999999956e-01 -3.984632099000000038e-01
4.349999999999999978e-01 -3.979894588999999816e-01
4.375000000000000000e-01 -3.975506239000000108e-01
4.400000000000000022e-01 -3.971459716999999889e-01
4.425000000000000044e-01 -3.962639935999999752e-01
4.450000000000000067e-01 -3.955831999000000154e-01
4.475000000000000089e-01 -3.954561525999999994e-01
4.500000000000000111e-01 -3.948067813000000204e-01
4.525000000000000133e-01 -3.946673950999999847e-01
4.550000000000000155e-01 -3.942479919999999916e-01
4.575000000000000178e-01 -3.936693860000000100e-01
4.600000000000000200e-01 -3.930040550000000188e-01
4.625000000000000222e-01 -3.925482097999999920e-01
4.650000000000000244e-01 -3.925719366000000043e-01
4.675000000000000266e-01 -3.919298199999999843e-01
4.699999999999999734e-01 -3.912883889000000059e-01
4.724999999999999756e-01 -3.908573981999999836e-01
4.749999999999999778e-01 -3.900785907000000052e-01
4.774999999999999800e-01 -3.896993876000000023e-01
4.799999999999999822e-01 -3.893298615999999934e-01
4.824999999999999845e-01 -3.891196854999999788e-01
4.849999999999999867e-01 -3.881680375000000072e-01
4.874999999999999889e-01 -3.881894410000000240e-01
4.899999999999999911e-01 -3.874539557000000189e-01
4.924999999999999933e-01 -3.870340013999999940e-01
4.949999999999999956e-01 -3.866240430999999811e-01
4.974999999999999978e-01 -3.862493995999999874e-01
5.000000000000000000e-01 -3.856916082999999884e-01
5.024999999999999467e-01 -3.848879635999999937e-01
5.050000000000000044e-01 -3.848443885000000231e-01
5.074999999999999512e-01 -3.842358196999999809e-01
5.100000000000000089e-01 -3.839465224999999982e-01
5.124999999999999556e-01 -3.836200297999999842e-01
5.150000000000000133e-01 -3.826541421999999915e-01
5.174999999999999600e-01 -3.823672864000000060e-01
5.200000000000000178e-01 -3.817177890999999823e-01
5.224999999999999645e-01 -3.817934973000000065e-01
5.250000000000000222e-01 -3.804150896999999865e-01
5.274999999999999689e-01 -3.806061179999999933e-01
5.300000000000000266e-01 -3.806735573999999733e-01
5.324999999999999734e-01 -3.800393649000000096e-01
5.350000000000000311e-01 -3.794021740999999892e-01
5.374999999999999778e-01 -3.787290594000000121e-01
5.400000000000000355e-01 -3.782274728999999724e-01
5.424999999999999822e-01 -3.778806695999999965e-01
5.450000000000000400e-01 -3.779683207000000267e-01
5.474999999999999867e-01 -3.765187386000000136e-01
5.500000000000000444e-01 -3.766969890999999904e-01
5.524999999999999911e-01 -3.761684158999999972e-01
5.550000000000000488e-01 -3.759244675999999785e-01
5.574999999999999956e-01 -3.751347986999999939e-01
5.600000000000000533e-01 -3.747315938999999929e-01
5.625000000000000000e-01 -3.744249970999999899e-01
5.649999999999999467e-01 -3.740497429999999901e-01
5.675000000000000044e-01 -3.734057773000000191e-01
5.699999999999999512e-01 -3.730504977999999916e-01
5.725000000000000089e-01 -3.725618071999999836e-01
5.749999999999999556e-01 -3.723424801999999922e-01
5.775000000000000133e-01 -3.719258751000000252e-01
5.799999999999999600e-01 -3.714445204999999861e-01
5.825000000000000178e-01 -3.710449652999999737e-01
5.849999999999999645e-01 -3.705228778999999917e-01
5.875000000000000222e-01 -3.696603205999999808e-01
5.899999999999999689e-01 -3.696054502000000186e-01
5.925000000000000266e-01 -3.690155849999999793e-01
5.949999999999999734e-01 -3.686763962999999866e-01
5.975000000000000311e-01 -3.679542377000000197e-01
5.999999999999999778e-01 -3.678723246999999752e-01
6.025000000000000355e-01 -3.675167281000000230e-01
6.049999999999999822e-01 -3.666979490000000230e-01
6.075000000000000400e-01 -3.671174153999999801e-01
6.099999999999999867e-01 -3.657329630999999748e-01
6.125000000000000444e-01 -3.658014808999999756e-01
6.149999999999999911e-01 -3.653890750000000076e-01
6.175000000000000488e-01 -3.649945352000000254e-01
6.199999999999999956e-01 -3.645362966999999843e-01
6.225000000000000533e-01 -3.637791960000000269e-01
6.250000000000000000e-01 -3.635393306999999963e-01
6.274999999999999467e-01 -3.636663896999999812e-01
6.300000000000000044e-01 -3.622945890000000002e-01
6.324999999999999512e-01 -3.627313241999999827e-01
6.350000000000000089e-01 -3.617809316000000219e-01
6.374999999999999556e-01 -3.617044280999999750e-01
6.400000000000000133e-01 -3.610365473000000103e-01
6.424999999999999600e-01 -3.605667496000000138e-01
6.450000000000000178e-01 -3.600679931999999916e-01
6.474999999999999645e-01 -3.594087250999999927e-01
6.500000000000000222e-01 -3.596977043999999846e-01
6.524999999999999689e-01 -3.591051485999999793e-01
6.550000000000000266e-01 -3.585214529999999900e-01
6.574999999999999734e-01 -3.581861577000000074e-01
6.600000000000000311e-01 -3.585600623999999903e-01
6.624999999999999778e-01 -3.571339908999999757e-01
6.650000000000000355e-01 -3.568361114999999972e-01
6.674999999999999822e-01 -3.568375133999999727e-01
6.700000000000000400e-01 -3.565873346000000277e-01
6.724999999999999867e-01 -3.555963871999999748e-01
6.750000000000000444e-01 -3.561667547999999850e-01
6.774999999999999911e-01 -3.546343384000000265e-01
6.800000000000000488e-01 -3.550533048999999775e-01
6.824999999999999956e-01 -3.545124097999999835e-01
6.850000000000000533e-01 -3.541590813000000115e-01
6.875000000000000000e-01 -3.533332961999999799e-01
6.899999999999999467e-01 -3.530989398000000112e-01
6.925000000000000044e-01 -3.526043273000000200e-01
6.949999999999999512e-01 -3.520152355000000233e-01
6.975000000000000089e-01 -3.521868864000000099e-01
6.999999999999999556e-01 -3.517775805000000200e-01
7.025000000000000133e-01 -3.512774083999999908e-01
7.049999999999999600e-01 -3.505860972000000020e-01
7.075000000000000178e-01 -3.502328122000000210e-01
7.099999999999999645e-01 -3.499741888999999828e-01
7.125000000000000222e-01 -3.495013066000000057e-01
7.149999999999999689e-01 -3.489604508999999966e-01
7.175000000000000266e-01 -3.485099770999999791e-01
7.199999999999999734e-01 -3.480865085000000025e-01
7.225000000000000311e-01 -3.480409973999999962e-01
7.249999999999999778e-01 -3.475361428000000030e-01
7.275000000000000355e-01 -3.471590881000000128e-01
7.299999999999999822e-01 -3.468512178000000001e-01
7.325000000000000400e-01 -3.464071137999999994e-01
7.349999999999999867e-01 -3.459388662999999808e-01
7.375000000000000444e-01 -3.455982096999999920e-01
7.399999999999999911e-01 -3.451162298000000073e-01
7.425000000000000488e-01 -3.450750953999999759e-01
7.449999999999999956e-01 -3.447462383000000075e-01
7.475000000000000533e-01 -3.443028255000000204e-01
7.500000000000000000e-01 -3.438815519000000265e-01
7.524999999999999467e-01 -3.432028065000000128e-01
7.550000000000000044e-01 -3.426397152999999807e-01
7.574999999999999512e-01 -3.426557585000000183e-01
7.600000000000000089e-01 -3.426101252000000041e-01
7.624999999999999556e-01 -3.417405184999999790e-01
7.650000000000000133e-01 -3.416410431999999942e-01
7.674999999999999600e-01 -3.414288688000000072e-01
7.700000000000000178e-01 -3.412460715000000255e-01
7.724999999999999645e-01 -3.401604113000000207e-01
7.750000000000000222e-01 -3.402148171000000110e-01
7.774999999999999689e-01 -3.397216713999999804e-01
7.800000000000000266e-01 -3.392413199000000046e-01
7.824999999999999734e-01 -3.392065296999999813e-01
7.850000000000000311e-01 -3.385010210000000130e-01
7.874999999999999778e-01 -3.384721387999999886e-01
7.900000000000000355e-01 -3.375379949999999796e-01
7.924999999999999822e-01 -3.377905853000000014e-01
7.950000000000000400e-01 -3.367603258999999905e-01
7.974999999999999867e-01 -3.369159185999999750e-01
8.000000000000000444e-01 -3.362668927999999946e-01
8.024999999999999911e-01 -3.357408577000000061e-01
8.050000000000000488e-01 -3.353584649999999945e-01
8.074999999999999956e-01 -3.347707113000000234e-01
8.100000000000000533e-01 -3.347520140999999949e-01
8.125000000000000000e-01 -3.343151609000000191e-01
8.149999999999999467e-01 -3.338872681000000231e-01
8.175000000000000044e-01 -3.335487981999999962e-01
8.199999999999999512e-01 -3.332084438999999843e-01
8.225000000000000089e-01 -3.327960390999999962e-01
8.249999999999999556e-01 -3.328388373000000233e-01
8.275000000000000133e-01 -3.323014784000000166e-01
8.299999999999999600e-01 -3.319145840000000125e-01
8.325000000000000178e-01 -3.316832019000000020e-01
8.349999999999999645e-01 -3.311857671999999808e-01
8.375000000000000222e-01 -3.307498528999999743e-01
8.399999999999999689e-01 -3.303812662999999761e-01
8.425000000000000266e-01 -3.301572571999999983e-01
8.449999999999999734e-01 -3.300438339000000276e-01
8.475000000000000311e-01 -3.294655447000000015e-01
8.499999999999999778e-01 -3.289558152000000013e-01
8.525000000000000355e-01 -3.286648681000000072e-01
8.549999999999999822e-01 -3.285986680999999909e-01
8.575000000000000400e-01 -3.278771691999999849e-01
8.599999999999999867e-01 -3.275191201000000052e-01
8.625000000000000444e-01 -3.273525693000000070e-01
8.649999999999999911e-01 -3.270535171999999768e-01
8.675000000000000488e-01 -3.268830441999999725e-01
8.699999999999999956e-01 -3.261790184999999731e-01
8.725000000000000533e-01 -3.264090441999999981e-01
8.750000000000000000e-01 -3.256277832000000205e-01
8.774999999999999467e-01 -3.248997813999999762e-01
8.800000000000000044e-01 -3.250066275999999865e-01
8.824999999999999512e-01 -3.247774272000000240e-01
8.850000000000000089e-01 -3.245706163000000033e-01
8.874999999999999556e-01 -3.241270473000000263e-01
8.900000000000000133e-01 -3.234298479000000115e-01
8.924999999999999600e-01 -3.228085003000000230e-01
8.950000000000000178e-01 -3.225135720000000261e-01
8.974999999999999645e-01 -3.225033776999999824e-01
9.000000000000000222e-01 -3.220121738999999761e-01
9.024999999999999689e-01 -3.219356495999999845e-01
9.050000000000000266e-01 -3.219355408999999835e-01
9.074999999999999734e-01 -3.214056601999999985e-01
9.100000000000000311e-01 -3.208882224999999866e-01
9.124999999999999778e-01 -3.202464374999999808e-01
9.150000000000000355e-01 -3.199989675000000089e-01
9.174999999999999822e-01 -3.196347587999999740e-01
9.200000000000000400e-01 -3.192707283999999812e-01
9.224999999999999867e-01 -3.192307911999999748e-01
9.250000000000000444e-01 -3.187379492999999897e-01
9.274999999999999911e-01 -3.187839069999999775e-01
9.300000000000000488e-01 -3.181074204000000072e-01
9.324999999999999956e-01 -3.177944556000000254e-01
9.350000000000000533e-01 -3.172905891000000200e-01
9.375000000000000000e-01 -3.169679322999999771e-01
9.399999999999999467e-01 -3.168621428000000240e-01
9.425000000000000044e-01 -3.166456582000000131e-01
9.449999999999999512e-01 -3.160417931999999763e-01
9.475000000000000089e-01 -3.161461108999999992e-01
9.499999999999999556e-01 -3.155099037999999911e-01
9.525000000000000133e-01 -3.148709313999999981e-01
9.549999999999999600e-01 -3.146001955000000128e-01
9.575000000000000178e-01 -3.146275211999999821e-01
9.599999999999999645e-01 -3.144106138000000161e-01
9.625000000000000222e-01 -3.140587555000000086e-01
9.649999999999999689e-01 -3.137559185000000084e-01
9.675000000000000266e-01 -3.130376169999999902e-01
9.699999999999999734e-01 -3.122659018999999758e-01
9.725000000000000311e-01 -3.130124839999999797e-01
9.749999999999999778e-01 -3.126986115000000011e-01
9.775000000000000355e-01 -3.121134597999999927e-01
9.799999999999999822e-01 -3.116003312999999775e-01
9.825000000000000400e-01 -3.116018740000000009e-01
9.849999999999999867e-01 -3.105661840999999757e-01
9.875000000000000444e-01 -3.107730571999999802e-01
9.899999999999999911e-01 -3.104076349000000068e-01
9.925000000000000488e-01 -3.100504464000000127e-01
9.949999999999999956e-01 -3.103042645999999904e-01
9.975000000000000533e-01 -3.093722285000000127e-01
1.000000000000000000e+00 -3.086745820999999834e-01
1.002499999999999947e+00 -3.085889316000000049e-01
1.004999999999999893e+00 -3.087785865000000074e-01
1.007500000000000062e+00 -3.082745423000000096e-01
1.010000000000000009e+00 -3.075205797000000185e-01
1.012499999999999956e+00 -3.073980347999999974e-01
1.014999999999999902e+00 -3.073665848000000089e-01
1.017500000000000071e+00 -3.068491347999999785e-01
1.020000000000000018e+00 -3.067362021000000216e-01
1.022499999999999964e+00 -3.064030099000000229e-01
1.024999999999999911e+00 -3.059425370000000144e-01
1.027500000000000080e+00 -3.058136879000000197e-01
1.030000000000000027e+00 -3.053512545000000022e-01
1.032499999999999973e+00 -3.052894404000000006e-01
1.034999999999999920e+00 -3.052169617000000112e-01
1.037500000000000089e+00 -3.041524070000000135e-01
1.040000000000000036e+00 -3.043160816000000102e-01
1.042499999999999982e+00 -3.039007992000000158e-01
1.044999999999999929e+00 -3.035287911999999810e-01
1.047500000000000098e+00 -3.030950258999999813e-01
1.050000000000000044e+00 -3.029399718999999935e-01
1.052499999999999991e+00 -3.029789625000000042e-01
1.054999999999999938e+00 -3.024593467999999730e-01
1.057500000000000107e+00 -3.018392673999999998e-01
1.060000000000000053e+00 -3.021023793000000013e-01
1.062500000000000000e+00 -3.015030222000000260e-01
1.064999999999999947e+00 -3.012377247999999952e-01
1.067499999999999893e+00 -3.008399440999999785e-01
1.070000000000000062e+00 -2.999517897000000266e-01
1.072500000000000009e+00 -3.002092834000000265e-01
1.074999999999999956e+00 -3.000822858000000148e-01
1.077499999999999902e+00 -2.997784914000000134e-01
1.080000000000000071e+00 -2.997743019999999925e-01
1.082500000000000018e+00 -2.989054917000000255e-01
1.084999999999999964e+00 -2.989466619000000214e-01
1.087499999999999911e+00 -2.987560988999999889e-01
1.090000000000000080e+00 -2.981539387000000096e-01
1.092500000000000027e+00 -2.980317794999999825e-01
1.094999999999999973e+00 -2.979409526999999835e-01
1.097499999999999920e+00 -2.975476210999999926e-01
1.100000000000000089e+00 -2.970327561000000172e-01
1.102500000000000036e+00 -2.963554608999999784e-01
1.104999999999999982e+00 -2.965701231999999798e-01
1.107499999999999929e+00 -2.961225853000000185e-01
1.110000000000000098e+00 -2.956195855000000039e-01
1.112500000000000044e+00 -2.957965934999999824e-01
1.114999999999999991e+00 -2.951811705999999869e-01
1.117499999999999938e+00 -2.946323424999999774e-01
1.120000000000000107e+00 -2.951458565999999784e-01
1.122500000000000053e+00 -2.943776426999999973e-01
1.125000000000000000e+00 -2.935979958000000112e-01
1.127499999999999947e+00 -2.937120017000000027e-01
1.129999999999999893e+00 -2.937446172000000022e-01
1.132500000000000062e+00 -2.930871465000000065e-01
1.135000000000000009e+00 -2.934528751000000102e-01
1.137499999999999956e+00 -2.926823979000000020e-01
1.139999999999999902e+00 -2.924176633000000192e-01
1.142500000000000071e+00 -2.918355098000000036e-01
1.145000000000000018e+00 -2.914571699999999876e-01
1.147499999999999964e+00 -2.916097377999999907e-01
1.149999999999999911e+00 -2.912491943000000139e-01
1.152500000000000080e+00 -2.908839813999999913e-01
1.155000000000000027e+00 -2.906769484000000237e-01
1.157499999999999973e+00 -2.907160957000000101e-01
1.159999999999999920e+00 -2.900458666999999879e-01
1.162500000000000089e+00 -2.896923976999999928e-01
1.165000000000000036e+00 -2.896758332000000102e-01
1.167499999999999982e+00 -2.892560724000000083e-01
1.169999999999999929e+00 -2.889789744999999854e-01
1.172500000000000098e+00 -2.884040276000000014e-01
1.175000000000000044e+00 -2.882801850999999749e-01
1.177499999999999991e+00 -2.881943003999999919e-01
1.179999999999999938e+00 -2.880781747999999753e-01
1.182500000000000107e+00 -2.878211616999999944e-01
1.185000000000000053e+00 -2.872361955000000133e-01
1.187500000000000000e+00 -2.868756223000000216e-01
1.189999999999999947e+00 -2.868048892000000238e-01
1.192499999999999893e+00 -2.864763559999999876e-01
1.195000000000000062e+00 -2.863409735999999928e-01
1.197500000000000009e+00 -2.857277047999999819e-01
1.199999999999999956e+00 -2.859054775000000048e-01
1.202499999999999902e+00 -2.852335196999999933e-01
1.205000000000000071e+00 -2.850545662999999785e-01
1.207500000000000018e+00 -2.849814192999999829e-01
1.209999999999999964e+00 -2.845532320999999976e-01
1.212499999999999911e+00 -2.842663722000000059e-01
1.215000000000000080e+00 -2.841784392000000214e-01
1.217500000000000027e+00 -2.838286804999999857e-01
1.219999999999999973e+00 -2.834451662999999955e-01
1.222499999999999920e+00 -2.831486782000000035e-01
1.225000000000000089e+00 -2.829802236999999776e-01
1.227500000000000036e+00 -2.829166699999999812e-01
1.229999999999999982e+00 -2.827061748999999957e-01
1.232499999999999929e+00 -2.818935450000000231e-01
1.235000000000000098e+00 -2.815958774999999803e-01
1.237500000000000044e+00 -2.817959998999999827e-01
1.239999999999999991e+00 -2.815122514000000242e-01
1.242499999999999938e+00 -2.815019281999999734e-01
1.245000000000000107e+00 -2.808737760000000194e-01
1.247500000000000053e+00 -2.804939651999999728e-01
1.250000000000000000e+00 -2.802265199999999790e-01
1.252499999999999947e+00 -2.801382447999999914e-01
1.254999999999999893e+00 -2.803942523999999881e-01
1.257500000000000062e+00 -2.794175528999999769e-01
1.260000000000000009e+00 -2.792334055999999842e-01
1.262499999999999956e+00 -2.789372746000000070e-01
1.264999999999999902e+00 -2.786118880999999825e-01
1.267500000000000071e+00 -2.784513938000000022e-01
1.270000000000000018e+00 -2.783980687000000009e-01
1.272499999999999964e+00 -2.777359403999999921e-01
1.274999999999999911e+00 -2.779159767000000114e-01
1.277500000000000080e+00 -2.778968363000000052e-01
1.280000000000000027e+00 -2.772212118999999864e-01
1.282499999999999973e+00 -2.770045761000000106e-01
1.284999999999999920e+00 -2.767662578999999790e-01
1.287500000000000089e+00 -2.763893061000000095e-01
1.290000000000000036e+00 -2.765104541999999777e-01
1.292499999999999982e+00 -2.758232381999999872e-01
1.294999999999999929e+00 -2.758377889999999999e-01
1.297500000000000098e+00 -2.754927457999999940e-01
1.300000000000000044e+00 -2.753679795999999791e-01
1.302499999999999991e+00 -2.747444752000000046e-01
1.304999999999999938e+00 -2.744001151000000083e-01
1.307500000000000107e+00 -2.744786799999999749e-01
1.310000000000000053e+00 -2.743985538000000002e-01
1.312500000000000000e+00 -2.739444639999999986e-01
1.314999999999999947e+00 -2.734270100000000259e-01
1.317499999999999893e+00 -2.732192846000000008e-01
1.320000000000000062e+00 -2.730069070999999736e-01
1.322500000000000009e+00 -2.730000873999999800e-01
1.324999999999999956e+00 -2.727703264999999933e-01
1.327499999999999902e+00 -2.726126802000000127e-01
1.330000000000000071e+00 -2.724584742999999754e-01
1.332500000000000018e+00 -2.722170530999999949e-01
1.334999999999999964e+00 -2.720173924000000021e-01
1.337499999999999911e+00 -2.715139448000000177e-01
1.340000000000000080e+00 -2.714747795999999935e-01
1.342500000000000027e+00 -2.709725091999999891e-01
1.344999999999999973e+00 -2.705938756999999861e-01
1.347499999999999920e+00 -2.705042319000000028e-01
1.350000000000000089e+00 -2.703561039999999860e-01
1.352500000000000036e+00 -2.698477463999999770e-01
1.354999999999999982e+00 -2.698561790999999821e-01
1.357499999999999929e+00 -2.694044277000000043e-01
1.360000000000000098e+00 -2.690179147000000270e-01
1.362500000000000044e+00 -2.686007758999999773e-01
1.364999999999999991e+00 -2.686611555000000262e-01
1.367499999999999938e+00 -2.680863654999999790e-01
1.370000000000000107e+00 -2.683716326999999735e-01
1.372500000000000053e+00 -2.679813864999999740e-01
1.375000000000000000e+00 -2.679715967999999893e-01
1.377499999999999947e+00 -2.675653533999999834e-01
1.379999999999999893e+00 -2.674661454000000216e-01
1.382500000000000062e+00 -2.670119548000000065e-01
1.385000000000000009e+00 -2.669099543999999824e-01
1.387499999999999956e+00 -2.667352199999999951e-01
1.389999999999999902e+00 -2.661682294000000115e-01
1.392500000000000071e+00 -2.660836826999999905e-01
1.395000000000000018e+00 -2.660248177000000269e-01
1.397499999999999964e+00 -2.656479327999999862e-01
1.399999999999999911e+00 -2.652334961000000213e-01
1.402500000000000080e+00 -2.647666314000000076e-01
1.405000000000000027e+00 -2.651142730000000114e-01
1.407499999999999973e+00 -2.648902094000000207e-01
1.409999999999999920e+00 -2.645397000999999970e-01
1.412500000000000089e+00 -2.637079660000000159e-01
1.415000000000000036e+00 -2.637165624999999736e-01
1.417499999999999982e+00 -2.633513420999999965e-01
1.419999999999999929e+00 -2.634335859999999974e-01
1.422500000000000098e+00 -2.632319566999999916e-01
1.425000000000000044e+00 -2.627006343000000133e-01
1.427499999999999991e+00 -2.630284438000000113e-01
1.429999999999999938e+00 -2.622791877000000271e-01
1.432500000000000107e+00 -2.624643190000000015e-01
1.435000000000000053e+00 -2.619079782000000023e-01
1.437500000000000000e+00 -2.616327359999999769e-01
1.439999999999999947e+00 -2.617340296999999816e-01
1.442499999999999893e+00 -2.616576358000000102e-01
1.445000000000000062e+00 -2.614046428999999838e-01
1.447500000000000009e+00 -2.609774557999999800e-01
1.449999999999999956e+00 -2.608978218999999932e-01
1.452499999999999902e+00 -2.609273671999999822e-01
1.455000000000000071e+00 -2.600102113000000159e-01
1.457500000000000018e+00 -2.604944781999999903e-01
1.459999999999999964e+00 -2.601383109000000027e-01
1.462499999999999911e+00 -2.593381881999999861e-01
1.465000000000000080e+00 -2.595604387000000068e-01
1.467500000000000027e+00 -2.592738372000000235e-01
1.469999999999999973e+00 -2.587073028999999913e-01
1.472499999999999920e+00 -2.588144490000000020e-01
1.475000000000000089e+00 -2.587296212999999900e-01
1.477500000000000036e+00 -2.582604212999999871e-01
1.479999999999999982e+00 -2.579092505999999729e-01
1.482499999999999929e+00 -2.580812258999999886e-01
1.485000000000000098e+00 -2.579255511999999917e-01
1.487500000000000044e+00 -2.573349663999999759e-01
1.489999999999999991e+00 -2.571106551999999823e-01
1.492499999999999938e+00 -2.571954049999999881e-01
1.495000000000000107e+00 -2.568701533000000148e-01
1.497500000000000053e+00 -2.569180352000000056e-01
1.500000000000000000e+00 -2.563599921999999975e-01
1.502499999999999947e+00 -2.560119412999999899e-01
1.504999999999999893e+00 -2.559752562000000009e-01
1.507500000000000062e+00 -2.556356692000000264e-01
1.510000000000000009e+00 -2.555476242999999981e-01
1.512499999999999956e+00 -2.550502033000000002e-01
1.514999999999999902e+00 -2.553660363999999960e-01
1.517500000000000071e+00 -2.548640442999999811e-01
1.520000000000000018e+00 -2.546944112000000260e-01
1.522499999999999964e+00 -2.543009419000000215e-01
1.524999999999999911e+00 -2.540441069000000107e-01
1.527500000000000080e+00 -2.542053082999999880e-01
1.530000000000000027e+00 -2.536945230000000051e-01
1.532499999999999973e+00 -2.532328634000000078e-01
1.534999999999999920e+00 -2.532079449999999898e-01
1.537500000000000089e+00 -2.532164154000000056e-01
1.540000000000000036e+00 -2.526094240999999796e-01
1.542499999999999982e+00 -2.526541256000000013e-01
1.544999999999999929e+00 -2.525496175999999982e-01
1.547500000000000098e+00 -2.520181136999999905e-01
1.550000000000000044e+00 -2.520405069000000164e-01
1.552499999999999991e+00 -2.518963562000000045e-01
1.554999999999999938e+00 -2.516218991999999988e-01
1.557500000000000107e+00 -2.513917793000000067e-01
1.560000000000000053e+00 -2.512092511999999833e-01
1.562500000000000000e+00 -2.511302802000000001e-01
1.564999999999999947e+00 -2.510591079000000225e-01
1.567499999999999893e+00 -2.507866515000000129e-01
1.570000000000000062e+00 -2.501855553999999815e-01
1.572500000000000009e+00 -2.500794566999999802e-01
1.574999999999999956e+00 -2.496989202999999879e-01
1.577499999999999902e+00 -2.494748556999999978e-01
1.580000000000000071e+00 -2.493117514000000035e-01
1.582500000000000018e+00 -2.489747237000000113e-01
1.584999999999999964e+00 -2.491659716999999885e-01
1.587499999999999911e+00 -2.487968255999999934e-01
1.590000000000000080e+00 -2.483271468999999898e-01
1.592500000000000027e+00 -2.484940717999999937e-01
1.594999999999999973e+00 -2.483649370999999884e-01
1.597499999999999920e+00 -2.478414858999999915e-01
1.600000000000000089e+00 -2.477026135000000018e-01
1.602500000000000036e+00 -2.477763501999999951e-01
1.604999999999999982e+00 -2.473234327000000121e-01
1.607499999999999929e+00 -2.472356192999999869e-01
1.610000000000000098e+00 -2.466490628999999934e-01
1.612500000000000044e+00 -2.468400416000000042e-01
1.614999999999999991e+00 -2.468988057000000014e-01
1.617499999999999938e+00 -2.462641849999999966e-01
1.620000000000000107e+00 -2.464528497000000040e-01
1.622500000000000053e+00 -2.455977893000000079e-01
1.625000000000000000e+00 -2.458003327999999932e-01
1.627499999999999947e+00 -2.450306795999999954e-01
1.629999999999999893e+00 -2.454569667000000011e-01
1.632500000000000062e+00 -2.453424992000000082e-01
1.635000000000000009e+00 -2.450241300000000066e-01
1.637499999999999956e+00 -2.445371155999999935e-01
1.639999999999999902e+00 -2.447388792000000091e-01
1.642500000000000071e+00 -2.441415237000000016e-01
1.645000000000000018e+00 -2.440910599999999986e-01
1.647499999999999964e+00 -2.441061817999999883e-01
1.649999999999999911e+00 -2.434510561000000073e-01
1.652500000000000080e+00 -2.433077482000000069e-01
1.655000000000000027e+00 -2.432528146999999863e-01
1.657499999999999973e+00 -2.432318906000000003e-01
1.659999999999999920e+00 -2.428559527999999967e-01
1.662500000000000089e+00 -2.425892926999999866e-01
1.665000000000000036e+00 -2.420588422000000128e-01
1.667499999999999982e+00 -2.423650155000000028e-01
1.669999999999999929e+00 -2.423311952999999963e-01
1.672500000000000098e+00 -2.418489880999999952e-01
1.675000000000000044e+00 -2.415615714999999886e-01
1.677499999999999991e+00 -2.418633148999999871e-01
1.679999999999999938e+00 -2.413685889999999945e-01
1.682500000000000107e+00 -2.411189826000000036e-01
1.685000000000000053e+00 -2.407772361000000139e-01
1.687500000000000000e+00 -2.406769619999999943e-01
1.689999999999999947e+00 -2.404585837000000059e-01
1.692499999999999893e+00 -2.401585267000000135e-01
1.695000000000000062e+00 -2.398893128000000041e-01
1.697500000000000009e+00 -2.396465758000000112e-01
1.699999999999999956e+00 -2.398789346000000100e-01
1.702499999999999902e+00 -2.394400827000000009e-01
1.705000000000000071e+00 -2.393156842999999978e-01
1.707500000000000018e+00 -2.389416676999999989e-01
1.709999999999999964e+00 -2.389913077999999969e-01
1.712499999999999911e+00 -2.387027176000000028e-01
1.715000000000000080e+00 -2.385929357000000084e-01
1.717500000000000027e+00 -2.385148465999999967e-01
1.719999999999999973e+00 -2.381128354000000003e-01
1.722499999999999920e+00 -2.382915045000000009e-01
1.725000000000000089e+00 -2.376764219999999983e-01
1.727500000000000036e+00 -2.378328550000000097e-01
1.729999999999999982e+00 -2.378077121999999932e-01
1.732499999999999929e+00 -2.377725631000000006e-01
1.735000000000000098e+00 -2.375723016999999881e-01
1.737500000000000044e+00 -2.369798475000000071e-01
1.739999999999999991e+00 -2.366614224999999960e-01
1.742499999999999938e+00 -2.365611330999999873e-01
1.745000000000000107e+00 -2.368533482000000079e-01
1.747500000000000053e+00 -2.363852623000000097e-01
1.750000000000000000e+00 -2.362786641000000076e-01
1.752499999999999947e+00 -2.359928404999999951e-01
1.754999999999999893e+00 -2.359652211000000110e-01
1.757500000000000062e+00 -2.353612384000000057e-01
1.760000000000000009e+00 -2.350586212000000119e-01
1.762499999999999956e+00 -2.349934562999999865e-01
1.764999999999999902e+00 -2.349569447000000033e-01
1.767500000000000071e+00 -2.344673858000000111e-01
1.770000000000000018e+00 -2.346297478999999908e-01
1.772499999999999964e+00 -2.341411573999999940e-01
1.774999999999999911e+00 -2.347104653000000041e-01
1.777500000000000080e+00 -2.337527231000000039e-01
1.780000000000000027e+00 -2.338583925000000119e-01
1.782499999999999973e+00 -2.337490883999999991e-01
1.784999999999999920e+00 -2.330063703999999958e-01
1.787500000000000089e+00 -2.335923782000000060e-01
1.790000000000000036e+00 -2.328116708999999895e-01
1.792499999999999982e+00 -2.332821790999999867e-01
1.794999999999999929e+00 -2.325638938000000044e-01
1.797500000000000098e+00 -2.326808646000000091e-01
1.800000000000000044e+00 -2.322245696000000137e-01
1.802499999999999991e+00 -2.320057994999999984e-01
1.804999999999999938e+00 -2.322617198999999966e-01
1.807500000000000107e+00 -2.320118039999999882e-01
1.810000000000000053e+00 -2.315564035000000076e-01
1.812500000000000000e+00 -2.314522263999999885e-01
1.814999999999999947e+00 -2.310487096000000129e-01
1.817499999999999893e+00 -2.310044383000000034e-01
1.820000000000000062e+00 -2.305383937999999910e-01
1.822500000000000009e+00 -2.307729048999999921e-01
1.824999999999999956e+00 -2.304136182000000033e-01
1.827499999999999902e+00 -2.304459194000000044e-01
1.830000000000000071e+00 -2.299973744999999903e-01
1.832500000000000018e+00 -2.298169864999999867e-01
1.834999999999999964e+00 -2.298924461999999891e-01
1.837499999999999911e+00 -2.296113636999999874e-01
1.840000000000000080e+00 -2.293491015999999938e-01
1.842500000000000027e+00 -2.294694163999999870e-01
1.844999999999999973e+00 -2.291196744000000007e-01
1.847499999999999920e+00 -2.290285210999999932e-01
1.850000000000000089e+00 -2.285986932999999888e-01
1.852500000000000036e+00 -2.288061708999999944e-01
1.854999999999999982e+00 -2.285240476000000021e-01
1.857499999999999929e+00 -2.286163283000000046e-01
1.860000000000000098e+00 -2.280606887000000138e-01
1.862500000000000044e+00 -2.281429513000000076e-01
1.864999999999999991e+00 -2.279873370000000121e-01
1.867499999999999938e+00 -2.277632598000000064e-01
1.870000000000000107e+00 -2.275314420000000004e-01
1.872500000000000053e+00 -2.271632858000000033e-01
1.875000000000000000e+00 -2.269818651999999937e-01
1.877499999999999947e+00 -2.268885006999999954e-01
1.879999999999999893e+00 -2.268153478000000112e-01
1.882500000000000062e+00 -2.265422478999999933e-01
1.885000000000000009e+00 -2.260223081000000134e-01
1.887499999999999956e+00 -2.263648474999999938e-01
1.889999999999999902e+00 -2.260892599999999864e-01
1.892500000000000071e+00 -2.258325103000000111e-01
1.895000000000000018e+00 -2.257899416999999964e-01
1.897499999999999964e+00 -2.256554329999999886e-01
1.899999999999999911e+00 -2.255833771000000099e-01
1.902500000000000080e+00 -2.251862352000000012e-01
1.905000000000000027e+00 -2.249847356000000131e-01
1.907499999999999973e+00 -2.249003175000000021e-01
1.909999999999999920e+00 -2.247509960000000084e-01
1.912500000000000089e+00 -2.243898329000000025e-01
1.915000000000000036e+00 -2.243244092999999995e-01
1.917499999999999982e+00 -2.241816667000000041e-01
1.919999999999999929e+00 -2.237695460000000136e-01
1.922500000000000098e+00 -2.239102474999999925e-01
1.925000000000000044e+00 -2.233836137999999916e-01
1.927499999999999991e+00 -2.234538708000000096e-01
1.929999999999999938e+00 -2.232531416999999907e-01
1.932500000000000107e+00 -2.233080272999999893e-01
1.935000000000000053e+00 -2.228952315999999934e-01
1.937500000000000000e+00 -2.230934397000000069e-01
1.939999999999999947e+00 -2.228700687999999874e-01
1.942499999999999893e+00 -2.223462719000000032e-01
1.945000000000000062e+00 -2.226227419000000041e-01
1.947500000000000009e+00 -2.220688459000000059e-01
1.949999999999999956e+00 -2.219632944999999913e-01
1.952499999999999902e+00 -2.219985264999999874e-01
1.955000000000000071e+00 -2.222637704000000047e-01
1.957500000000000018e+00 -2.218493001999999881e-01
1.959999999999999964e+00 -2.212274368999999907e-01
1.962499999999999911e+00 -2.217082747000000131e-01
1.965000000000000080e+00 -2.209372812000000019e-01
1.967500000000000027e+00 -2.207057118999999901e-01
1.969999999999999973e+00 -2.206301086999999939e-01
1.972499999999999920e+00 -2.208136749000000065e-01
1.975000000000000089e+00 -2.203954348999999924e-01
1.977500000000000036e+00 -2.202783161000000101e-01
1.979999999999999982e+00 -2.200270334999999966e-01
1.982499999999999929e+00 -2.203441224000000087e-01
1.985000000000000098e+00 -2.195276304000000067e-01
1.987500000000000044e+00 -2.195850420999999886e-01
1.989999999999999991e+00 -2.196838459999999882e-01
1.992499999999999938e+00 -2.195381560999999926e-01
1.995000000000000107e+00 -2.188615714000000101e-01
1.997500000000000053e+00 -2.189954098000000127e-01
2.000000000000000000e+00 -2.188337026999999935e-01
2.002499999999999947e+00 -2.186267185000000113e-01
2.004999999999999893e+00 -2.183711151999999933e-01
2.007499999999999840e+00 -2.189498142000000092e-01
2.009999999999999787e+00 -2.184444073000000042e-01
2.012500000000000178e+00 -2.182699582000000027e-01
2.015000000000000124e+00 -2.179884454000000082e-01
2.017500000000000071e+00 -2.178402208000000118e-01
2.020000000000000018e+00 -2.177130119000000030e-01
2.022499999999999964e+00 -2.173938971000000109e-01
2.024999999999999911e+00 -2.173990524999999951e-01
2.027499999999999858e+00 -2.170024314000000010e-01
2.029999999999999805e+00 -2.175641503999999893e-01
2.032500000000000195e+00 -2.170480774999999918e-01
2.035000000000000142e+00 -2.166706092000000028e-01
2.037500000000000089e+00 -2.162496469000000088e-01
2.040000000000000036e+00 -2.163416046999999953e-01
2.042499999999999982e+00 -2.160085872999999990e-01
2.044999999999999929e+00 -2.160700703000000000e-01
2.047499999999999876e+00 -2.162171496999999998e-01
2.049999999999999822e+00 -2.155250908000000132e-01
2.052500000000000213e+00 -2.154530292999999874e-01
2.055000000000000160e+00 -2.152808924999999873e-01
2.057500000000000107e+00 -2.155230801999999946e-01
2.060000000000000053e+00 -2.150425266000000057e-01
2.062500000000000000e+00 -2.151900219000000003e-01
2.064999999999999947e+00 -2.153735619999999906e-01
2.067499999999999893e+00 -2.148564000000000029e-01
2.069999999999999840e+00 -2.147336431000000101e-01
2.072499999999999787e+00 -2.144854412999999960e-01
2.075000000000000178e+00 -2.144605545000000113e-01
2.077500000000000124e+00 -2.143197236999999922e-01
2.080000000000000071e+00 -2.138185223999999884e-01
2.082500000000000018e+00 -2.138355144000000096e-01
2.084999999999999964e+00 -2.139824811000000104e-01
2.087499999999999911e+00 -2.136043424999999885e-01
2.089999999999999858e+00 -2.134882177000000103e-01
2.092499999999999805e+00 -2.133389300000000099e-01
2.095000000000000195e+00 -2.132073733000000026e-01
2.097500000000000142e+00 -2.130237614999999918e-01
2.100000000000000089e+00 -2.130121590000000065e-01
2.102500000000000036e+00 -2.126485281000000116e-01
2.104999999999999982e+00 -2.122420630000000086e-01
2.107499999999999929e+00 -2.126836304999999983e-01
2.109999999999999876e+00 -2.121426584999999976e-01
2.112499999999999822e+00 -2.125191643999999880e-01
2.115000000000000213e+00 -2.118918231999999957e-01
2.117500000000000160e+00 -2.118082842000000021e-01
2.120000000000000107e+00 -2.116726090999999921e-01
2.122500000000000053e+00 -2.112125757999999964e-01
2.125000000000000000e+00 -2.111455638999999995e-01
2.127499999999999947e+00 -2.107300481000000114e-01
2.129999999999999893e+00 -2.111062397000000035e-01
2.132499999999999840e+00 -2.109579068000000113e-01
2.134999999999999787e+00 -2.107854291000000047e-01
2.137500000000000178e+00 -2.107364706000000032e-01
2.140000000000000124e+00 -2.102206047999999883e-01
2.142500000000000071e+00 -2.104749086999999907e-01
2.145000000000000018e+00 -2.100379662999999897e-01
2.147499999999999964e+00 -2.101666453000000101e-01
2.149999999999999911e+00 -2.096918439999999884e-01
2.152499999999999858e+00 -2.095371561000000105e-01
2.154999999999999805e+00 -2.096456795999999956e-01
2.157500000000000195e+00 -2.095441651999999932e-01
2.160000000000000142e+00 -2.092100701000000063e-01
2.162500000000000089e+00 -2.094239320999999876e-01
2.165000000000000036e+00 -2.087776759999999954e-01
2.167499999999999982e+00 -2.087634268000000126e-01
2.169999999999999929e+00 -2.087210912999999946e-01
2.172499999999999876e+00 -2.087227077999999902e-01
2.174999999999999822e+00 -2.081151001000000056e-01
2.177500000000000213e+00 -2.082730678999999974e-01
2.180000000000000160e+00 -2.081516180000000105e-01
2.182500000000000107e+00 -2.086334457000000031e-01
2.185000000000000053e+00 -2.076493839000000119e-01
2.187500000000000000e+00 -2.076101197999999926e-01
2.189999999999999947e+00 -2.075440308000000011e-01
2.192499999999999893e+00 -2.076195600999999891e-01
2.194999999999999840e+00 -2.076248445999999970e-01
2.197499999999999787e+00 -2.074187267000000001e-01
2.200000000000000178e+00 -2.067646794000000121e-01
2.202500000000000124e+00 -2.065684396999999950e-01
2.205000000000000071e+00 -2.072344610999999892e-01
2.207500000000000018e+00 -2.063389807000000076e-01
2.209999999999999964e+00 -2.066841719999999993e-01
2.212499999999999911e+00 -2.065520780000000001e-01
2.214999999999999858e+00 -2.063457283000000031e-01
2.217499999999999805e+00 -2.057279458000000061e-01
2.220000000000000195e+00 -2.060944584999999940e-01
2.222500000000000142e+00 -2.058778418999999971e-01
2.225000000000000089e+00 -2.056155993000000071e-01
2.227500000000000036e+00 -2.057336539000000075e-01
2.229999999999999982e+00 -2.055115678999999973e-01
2.232499999999999929e+00 -2.051256633999999912e-01
2.234999999999999876e+00 -2.049339561999999892e-01
2.237499999999999822e+00 -2.050204452999999927e-01
2.240000000000000213e+00 -2.049663103999999902e-01
2.242500000000000160e+00 -2.047158380000000111e-01
2.245000000000000107e+00 -2.047400164000000022e-01
2.247500000000000053e+00 -2.045688052000000090e-01
2.250000000000000000e+00 -2.042418356000000046e-01
2.252499999999999947e+00 -2.041747090000000098e-01
2.254999999999999893e+00 -2.041933935999999949e-01
2.257499999999999840e+00 -2.040062074000000003e-01
2.259999999999999787e+00 -2.039023466000000062e-01
2.262500000000000178e+00 -2.032688928999999978e-01
2.265000000000000124e+00 -2.035359482000000109e-01
2.267500000000000071e+00 -2.040218456000000014e-01
2.270000000000000018e+00 -2.033271435000000016e-01
2.272499999999999964e+00 -2.032262159999999873e-01
2.274999999999999911e+00 -2.030847252999999908e-01
2.277499999999999858e+00 -2.028212134000000055e-01
2.279999999999999805e+00 -2.029082483000000103e-01
2.282500000000000195e+00 -2.025582683000000106e-01
2.285000000000000142e+00 -2.022850392999999969e-01
2.287500000000000089e+00 -2.025368992999999895e-01
2.290000000000000036e+00 -2.021965306999999878e-01
2.292499999999999982e+00 -2.022745753999999896e-01
2.294999999999999929e+00 -2.018867179000000123e-01
2.297499999999999876e+00 -2.019799550999999971e-01
2.299999999999999822e+00 -2.016819615000000065e-01
2.302500000000000213e+00 -2.014351209999999948e-01
2.305000000000000160e+00 -2.015169247999999969e-01
2.307500000000000107e+00 -2.015236407999999868e-01
2.310000000000000053e+00 -2.015865639999999959e-01
2.312500000000000000e+00 -2.007610569000000122e-01
2.314999999999999947e+00 -2.005530204000000039e-01
2.317499999999999893e+00 -2.010522747000000054e-01
2.319999999999999840e+00 -2.008035397000000055e-01
2.322499999999999787e+00 -2.005781068999999972e-01
2.325000000000000178e+00 -2.003704115000000119e-01
2.327500000000000124e+00 -2.002570244000000110e-01
2.330000000000000071e+00 -2.000871174999999946e-01
2.332500000000000018e+00 -2.000256766999999880e-01
2.334999999999999964e+00 -1.995659602000000032e-01
2.337499999999999911e+00 -1.997881646999999927e-01
2.339999999999999858e+00 -1.999614701000000105e-01
2.342499999999999805e+00 -1.996466070000000037e-01
2.345000000000000195e+00 -1.992324907999999950e-01
2.347500000000000142e+00 -1.991783843999999914e-01
2.350000000000000089e+00 -1.989447753999999957e-01
2.352500000000000036e+00 -1.989905270000000004e-01
2.354999999999999982e+00 -1.988719210000000071e-01
2.357499999999999929e+00 -1.986845436999999936e-01
2.359999999999999876e+00 -1.986765726999999981e-01
2.362499999999999822e+00 -1.987983215999999942e-01
2.365000000000000213e+00 -1.987135938000000046e-01
2.367500000000000160e+00 -1.981656109000000110e-01
2.370000000000000107e+00 -1.979984294999999894e-01
2.372500000000000053e+00 -1.982551133000000076e-01
2.375000000000000000e+00 -1.980272835000000120e-01
2.377499999999999947e+00 -1.976909366000000057e-01
2.379999999999999893e+00 -1.975501708000000078e-01
2.382499999999999840e+00 -1.976913831999999871e-01
2.384999999999999787e+00 -1.975059154000000095e-01
2.387500000000000178e+00 -1.972057949999999893e-01
2.390000000000000124e+00 -1.971249733999999865e-01
2.392500000000000071e+00 -1.970372175000000003e-01
2.395000000000000018e+00 -1.969939551000000066e-01
2.397499999999999964e+00 -1.966208677999999876e-01
2.399999999999999911e+00 -1.965863707000000127e-01
2.402499999999999858e+00 -1.964640796999999883e-01
2.404999999999999805e+00 -1.963795455000000023e-01
2.407500000000000195e+00 -1.965381135000000001e-01
2.410000000000000142e+00 -1.961860002999999963e-01
2.412500000000000089e+00 -1.960342951000000056e-01
2.415000000000000036e+00 -1.959401367999999977e-01
2.417499999999999982e+00 -1.959698971000000123e-01
2.419999999999999929e+00 -1.958861812000000091e-01
2.422499999999999876e+00 -1.959139886000000053e-01
2.424999999999999822e+00 -1.957055077000000032e-01
2.427500000000000213e+00 -1.952594129999999928e-01
2.430000000000000160e+00 -1.956543387000000134e-01
2.432500000000000107e+00 -1.951104311000000091e-01
2.435000000000000053e+00 -1.952837393999999893e-01
2.437500000000000000e+00 -1.950972790000000123e-01
2.439999999999999947e+00 -1.950177650999999901e-01
2.442499999999999893e+00 -1.952119271999999961e-01
2.444999999999999840e+00 -1.945118080999999888e-01
2.447499999999999787e+00 -1.944390333000000082e-01
2.450000000000000178e+00 -1.942688720999999896e-01
2.452500000000000124e+00 -1.940148070000000113e-01
2.455000000000000071e+00 -1.943275264000000058e-01
2.457500000000000018e+00 -1.939392218000000057e-01
2.459999999999999964e+00 -1.937699146999999900e-01
2.462499999999999911e+00 -1.935976439000000049e-01
2.464999999999999858e+00 -1.936346736000000013e-01
2.467499999999999805e+00 -1.938741928000000114e-01
2.470000000000000195e+00 -1.935995846000000131e-01
2.472500000000000142e+00 -1.933440198999999970e-01
2.475000000000000089e+00 -1.931849278999999975e-01
2.477500000000000036e+00 -1.932008919000000047e-01
2.479999999999999982e+00 -1.928225242999999922e-01
2.482499999999999929e+00 -1.929449199000000115e-01
2.484999999999999876e+00 -1.926116605000000037e-01
2.487499999999999822e+00 -1.925328127000000000e-01
2.490000000000000213e+00 -1.926097742000000002e-01
2.492500000000000160e+00 -1.923924515999999862e-01
2.495000000000000107e+00 -1.921072533000000027e-01
2.497500000000000053e+00 -1.921050888999999984e-01
2.500000000000000000e+00 -1.919411299000000071e-01
2.502499999999999947e+00 -1.919964627999999895e-01
2.504999999999999893e+00 -1.917367976999999890e-01
2.507499999999999840e+00 -1.915901334000000011e-01
2.509999999999999787e+00 -1.914785383000000007e-01
2.512500000000000178e+00 -1.914660048000000059e-01
2.515000000000000124e+00 -1.912561456000000104e-01
2.517500000000000071e+00 -1.912146842999999929e-01
2.520000000000000018e+00 -1.910530807999999969e-01
2.522499999999999964e+00 -1.906973335000000103e-01
2.524999999999999911e+00 -1.906047498000000007e-01
2.527499999999999858e+00 -1.903661017999999927e-01
2.529999999999999805e+00 -1.907489084000000001e-01
2.532500000000000195e+00 -1.904499497999999902e-01
2.535000000000000142e+00 -1.907420374000000085e-01
2.537500000000000089e+00 -1.903160489000000066e-01
2.540000000000000036e+00 -1.905773880999999947e-01
2.542499999999999982e+00 -1.903407145000000078e-01
2.544999999999999929e+00 -1.898052732999999936e-01
2.547499999999999876e+00 -1.900933505000000079e-01
2.549999999999999822e+00 -1.896312044000000030e-01
2.552500000000000213e+00 -1.898140446999999897e-01
2.555000000000000160e+00 -1.896545949000000009e-01
2.557500000000000107e+00 -1.891112386000000090e-01
2.560000000000000053e+00 -1.890846522000000085e-01
2.562500000000000000e+00 -1.890238350000000012e-01
2.564999999999999947e+00 -1.890702588000000017e-01
2.567499999999999893e+00 -1.891815692000000104e-01
2.569999999999999840e+00 -1.891570317999999862e-01
2.572499999999999787e+00 -1.889759313000000107e-01
2.575000000000000178e+00 -1.887831983000000102e-01
2.577500000000000124e+00 -1.885560111000000039e-01
2.580000000000000071e+00 -1.884105883999999953e-01
2.582500000000000018e+00 -1.882235144000000138e-01
2.584999999999999964e+00 -1.880732887000000075e-01
2.587499999999999911e+00 -1.882488107999999993e-01
2.589999999999999858e+00 -1.879903492999999981e-01
2.592499999999999805e+00 -1.880523141999999870e-01
2.595000000000000195e+00 -1.879570889999999939e-01
2.597500000000000142e+00 -1.877198076000000104e-01
2.600000000000000089e+00 -1.875989190000000029e-01
2.602500000000000036e+00 -1.876861411999999896e-01
2.604999999999999982e+00 -1.875569659999999916e-01
2.607499999999999929e+00 -1.873072852000000066e-01
2.609999999999999876e+00 -1.871562575999999867e-01
2.612499999999999822e+00 -1.873634344000000007e-01
2.615000000000000213e+00 -1.869756119000000050e-01
2.617500000000000160e+00 -1.867040625999999981e-01
2.620000000000000107e+00 -1.867259320000000111e-01
2.622500000000000053e+00 -1.869094652999999939e-01
2.625000000000000000e+00 -1.866290433999999998e-01
2.627499999999999947e+00 -1.864424647000000046e-01
2.629999999999999893e+00 -1.861676029999999871e-01
2.632499999999999840e+00 -1.862148878000000063e-01
2.634999999999999787e+00 -1.863522960000000006e-01
2.637500000000000178e+00 -1.858423552000000034e-01
2.640000000000000124e+00 -1.862693856000000037e-01
2.642500000000000071e+00 -1.856431048999999944e-01
2.645000000000000018e+00 -1.859358896999999955e-01
2.647499999999999964e+00 -1.855285708999999950e-01
2.649999999999999911e+00 -1.850920913999999917e-01
2.652499999999999858e+00 -1.854223560000000104e-01
2.654999999999999805e+00 -1.854130417000000031e-01
2.657500000000000195e+00 -1.850312776999999964e-01
2.660000000000000142e+00 -1.853600549999999958e-01
2.662500000000000089e+00 -1.848359102000000087e-01
2.665000000000000036e+00 -1.847242675000000112e-01
2.667499999999999982e+00 -1.849715378000000021e-01
2.669999999999999929e+00 -1.851952239999999916e-01
2.672499999999999876e+00 -1.848292138000000029e-01
2.674999999999999822e+00 -1.845957655000000086e-01
2.677500000000000213e+00 -1.844996124000000126e-01
2.680000000000000160e+00 -1.847097678999999881e-01
2.682500000000000107e+00 -1.840924680000000091e-01
2.685000000000000053e+00 -1.841783345999999932e-01
2.687500000000000000e+00 -1.836557863999999929e-01
2.689999999999999947e+00 -1.840116931999999927e-01
2.692499999999999893e+00 -1.836025622000000135e-01
2.694999999999999840e+00 -1.838236853999999920e-01
2.697499999999999787e+00 -1.835681314000000008e-01
2.700000000000000178e+00 -1.838001947000000025e-01
2.702500000000000124e+00 -1.831160626999999985e-01
2.705000000000000071e+00 -1.833528765999999921e-01
2.707500000000000018e+00 -1.832410074999999972e-01
2.709999999999999964e+00 -1.829759921000000122e-01
2.712499999999999911e+00 -1.831888248000000108e-01
2.714999999999999858e+00 -1.832417869999999893e-01
2.717499999999999805e+00 -1.827497027999999968e-01
2.720000000000000195e+00 -1.826427335999999957e-01
2.722500000000000142e+00 -1.829372881999999922e-01
2.725000000000000089e+00 -1.827676776999999919e-01
2.727500000000000036e+00 -1.822510739000000046e-01
2.729999999999999982e+00 -1.822345891999999912e-01
2.732499999999999929e+00 -1.822716574999999894e-01
2.734999999999999876e+00 -1.821460490000000043e-01
2.737499999999999822e+00 -1.821371193000000110e-01
2.740000000000000213e+00 -1.819456160000000045e-01
2.742500000000000160e+00 -1.820054194000000070e-01
2.745000000000000107e+00 -1.819478476999999983e-01
2.747500000000000053e+00 -1.816768170999999987e-01
2.750000000000000000e+00 -1.816634598000000100e-01
2.752499999999999947e+00 -1.816495100999999945e-01
2.754999999999999893e+00 -1.813806892000000004e-01
2.757499999999999840e+00 -1.809480202000000038e-01
2.759999999999999787e+00 -1.812221276000000048e-01
2.762500000000000178e+00 -1.808808171000000076e-01
2.765000000000000124e+00 -1.813937650000000124e-01
2.767500000000000071e+00 -1.809196100000000085e-01
2.770000000000000018e+00 -1.809204648000000137e-01
2.772499999999999964e+00 -1.804520171000000006e-01
2.774999999999999911e+00 -1.805187954999999955e-01
2.777499999999999858e+00 -1.805392603000000040e-01
2.779999999999999805e+00 -1.802471855999999983e-01
2.782500000000000195e+00 -1.802563121000000101e-01
2.785000000000000142e+00 -1.803192959000000095e-01
2.787500000000000089e+00 -1.801901039999999898e-01
2.790000000000000036e+00 -1.801748033999999998e-01
2.792499999999999982e+00 -1.803085671000000112e-01
2.794999999999999929e+00 -1.798740866999999910e-01
2.797499999999999876e+00 -1.796373223000000130e-01
2.799999999999999822e+00 -1.794825223000000025e-01
2.802500000000000213e+00 -1.798378559999999904e-01
2.805000000000000160e+00 -1.796630275999999971e-01
2.807500000000000107e+00 -1.794987027000000124e-01
2.810000000000000053e+00 -1.793839371000000016e-01
2.812500000000000000e+00 -1.795395179000000008e-01
2.814999999999999947e+00 -1.790131755000000102e-01
2.817499999999999893e+00 -1.787776976999999878e-01
2.819999999999999840e+00 -1.789933931000000089e-01
2.822499999999999787e+00 -1.791197116999999894e-01
2.825000000000000178e+00 -1.788949096999999933e-01
2.827500000000000124e+00 -1.790011374000000099e-01
2.830000000000000071e+00 -1.784181415999999964e-01
2.832500000000000018e+00 -1.785754055000000062e-01
2.834999999999999964e+00 -1.782262018999999920e-01
2.837499999999999911e+00 -1.784970636000000055e-01
2.839999999999999858e+00 -1.785149886999999880e-01
2.842499999999999805e+00 -1.781407787000000020e-01
2.845000000000000195e+00 -1.780798577999999910e-01
2.847500000000000142e+00 -1.779841547000000079e-01
2.850000000000000089e+00 -1.784796604999999980e-01
2.852500000000000036e+00 -1.780725895999999975e-01
2.854999999999999982e+00 -1.778810536000000053e-01
2.857499999999999929e+00 -1.775719863000000120e-01
2.859999999999999876e+00 -1.779328488999999958e-01
2.862499999999999822e+00 -1.772368689000000108e-01
2.865000000000000213e+00 -1.774659070999999866e-01
2.867500000000000160e+00 -1.772952503999999929e-01
2.870000000000000107e+00 -1.769857948000000125e-01
2.872500000000000053e+00 -1.770608972000000114e-01
2.875000000000000000e+00 -1.771716554999999971e-01
2.877499999999999947e+00 -1.769320966000000050e-01
2.879999999999999893e+00 -1.771096568999999954e-01
2.882499999999999840e+00 -1.767493421999999925e-01
2.884999999999999787e+00 -1.765381929000000016e-01
2.887500000000000178e+00 -1.768410957000000061e-01
2.890000000000000124e+00 -1.768751506000000029e-01
2.892500000000000071e+00 -1.766376681000000060e-01
2.895000000000000018e+00 -1.767451074999999983e-01
2.897499999999999964e+00 -1.763430783999999918e-01
2.899999999999999911e+00 -1.760059042999999879e-01
2.902499999999999858e+00 -1.762069658000000039e-01
2.904999999999999805e+00 -1.763894503000000002e-01
2.907500000000000195e+00 -1.756634924999999903e-01
2.910000000000000142e+00 -1.759583812999999941e-01
2.912500000000000089e+00 -1.758746590999999970e-01
2.915000000000000036e+00 -1.755925705999999975e-01
2.917499999999999982e+00 -1.755547625999999972e-01
2.919999999999999929e+00 -1.754642851999999864e-01
2.922499999999999876e+00 -1.752398669000000131e-01
2.924999999999999822e+00 -1.752111872000000070e-01
2.927500000000000213e+00 -1.751986336999999949e-01
2.930000000000000160e+00 -1.749826365000000106e-01
2.932500000000000107e+00 -1.749794557999999889e-01
2.935000000000000053e+00 -1.751124984999999912e-01
2.937500000000000000e+00 -1.747713392999999948e-01
2.939999999999999947e+00 -1.747319136999999911e-01
2.942499999999999893e+00 -1.747312141000000041e-01
2.944999999999999840e+00 -1.746066733999999954e-01
2.947499999999999787e+00 -1.745791506000000104e-01
2.950000000000000178e+00 -1.747171423999999973e-01
2.952500000000000124e+00 -1.748249433999999880e-01
2.955000000000000071e+00 -1.742644403999999980e-01
2.957500000000000018e+00 -1.743937412999999881e-01
2.959999999999999964e+00 -1.738595052999999946e-01
2.962499999999999911e+00 -1.740243672000000019e-01
2.964999999999999858e+00 -1.740246186999999944e-01
2.967499999999999805e+00 -1.738461913999999886e-01
2.970000000000000195e+00 -1.740664325999999873e-01
2.972500000000000142e+00 -1.737023943999999875e-01
2.975000000000000089e+00 -1.734118192000000114e-01
2.977500000000000036e+00 -1.732108760000000136e-01
2.979999999999999982e+00 -1.732777661000000080e-01
2.982499999999999929e+00 -1.733986868000000070e-01
2.984999999999999876e+00 -1.731267823000000039e-01
2.987499999999999822e+00 -1.733020788000000090e-01
2.990000000000000213e+00 -1.731410096000000065e-01
2.992500000000000160e+00 -1.729905609000000066e-01
2.995000000000000107e+00 -1.727836630000000040e-01
2.997500000000000053e+00 -1.727869787999999907e-01
3.000000000000000000e+00 -1.727266020999999874e-01
3.002499999999999947e+00 -1.728614240000000135e-01
3.004999999999999893e+00 -1.726037008000000095e-01
3.007499999999999840e+00 -1.725345877999999999e-01
3.009999999999999787e+00 -1.723401314000000129e-01
3.012500000000000178e+00 -1.725054879000000041e-01
3.015000000000000124e+00 -1.724070879000000056e-01
3.017500000000000071e+00 -1.724064140000000078e-01
3.020000000000000018e+00 -1.721563677000000070e-01
3.022499999999999964e+00 -1.719023414999999999e-01
3.024999999999999911e+00 -1.721288464000000074e-01
3.027499999999999858e+00 -1.720502553000000101e-01
3.029999999999999805e+00 -1.718127403999999969e-01
3.032500000000000195e+00 -1.712229855999999883e-01
3.035000000000000142e+00 -1.718617698000000082e-01
3.037500000000000089e+00 -1.710102203999999959e-01
3.040000000000000036e+00 -1.717551159000000049e-01
3.042499999999999982e+00 -1.710864239999999870e-01
3.044999999999999929e+00 -1.713359016000000068e-01
3.047499999999999876e+00 -1.713441431000000126e-01
3.049999999999999822e+00 -1.711518824999999910e-01
3.052500000000000213e+00 -1.713722283000000124e-01
3.055000000000000160e+00 -1.709893433999999934e-01
3.057500000000000107e+00 -1.709411205999999961e-01
3.060000000000000053e+00 -1.705886813999999974e-01
3.062500000000000000e+00 -1.709119600000000017e-01
3.064999999999999947e+00 -1.705261647999999908e-01
3.067499999999999893e+00 -1.708068822000000098e-01
3.069999999999999840e+00 -1.705578457999999964e-01
3.072499999999999787e+00 -1.705601918000000106e-01
3.075000000000000178e+00 -1.704937243000000102e-01
3.077500000000000124e+00 -1.704429791000000027e-01
3.080000000000000071e+00 -1.705037564000000117e-01
3.082500000000000018e+00 -1.698981659999999894e-01
3.084999999999999964e+00 -1.703192829000000075e-01
3.087499999999999911e+00 -1.703182923000000071e-01
3.089999999999999858e+00 -1.699142304000000048e-01
3.092499999999999805e+00 -1.699567945000000080e-01
3.095000000000000195e+00 -1.699457996000000026e-01
3.097500000000000142e+00 -1.697021179000000046e-01
3.100000000000000089e+00 -1.695269443000000098e-01
3.102500000000000036e+00 -1.695441731000000007e-01
3.104999999999999982e+00 -1.697745891999999923e-01
3.107499999999999929e+00 -1.694108944000000117e-01
3.109999999999999876e+00 -1.691374570999999993e-01
3.112499999999999822e+00 -1.692834552999999964e-01
3.115000000000000213e+00 -1.693468851000000108e-01
3.117500000000000160e+00 -1.692954875999999886e-01
3.120000000000000107e+00 -1.687811707999999911e-01
3.122500000000000053e+00 -1.689654959999999928e-01
3.125000000000000000e+00 -1.688446480999999944e-01
3.127499999999999947e+00 -1.691535486999999893e-01
3.129999999999999893e+00 -1.687157388999999952e-01
3.132499999999999840e+00 -1.688263777000000021e-01
3.134999999999999787e+00 -1.686774034000000089e-01
3.137500000000000178e+00 -1.685019383999999953e-01
3.140000000000000124e+00 -1.684791570999999988e-01
3.142500000000000071e+00 -1.685073042999999937e-01
3.145000000000000018e+00 -1.677594158999999863e-01
3.147499999999999964e+00 -1.684823361999999991e-01
3.149999999999999911e+00 -1.680068854000000000e-01
3.152499999999999858e+00 -1.683043187999999912e-01
3.154999999999999805e+00 -1.682290801999999919e-01
3.157500000000000195e+00 -1.678026985000000137e-01
3.160000000000000142e+00 -1.679506969000000016e-01
3.162500000000000089e+00 -1.678897666999999982e-01
3.165000000000000036e+00 -1.678269686999999954e-01
3.167499999999999982e+00 -1.675966641999999951e-01
3.169999999999999929e+00 -1.673704656999999985e-01
3.172499999999999876e+00 -1.676684552999999911e-01
3.174999999999999822e+00 -1.674686374999999894e-01
3.177500000000000213e+00 -1.669691417999999983e-01
3.180000000000000160e+00 -1.676738010000000112e-01
3.182500000000000107e+00 -1.670735657000000096e-01
3.185000000000000053e+00 -1.671967135999999909e-01
3.187500000000000000e+00 -1.668964032999999958e-01
3.189999999999999947e+00 -1.671158470999999923e-01
3.192499999999999893e+00 -1.669018965000000077e-01
3.194999999999999840e+00 -1.668081352999999933e-01
3.197499999999999787e+00 -1.668619272999999903e-01
3.200000000000000178e+00 -1.665239031999999897e-01
3.202500000000000124e+00 -1.665665923999999909e-01
3.205000000000000071e+00 -1.668026897999999869e-01
3.207500000000000018e+00 -1.665830587999999890e-01
3.209999999999999964e+00 -1.663980811000000115e-01
3.212499999999999911e+00 -1.666415215000000005e-01
3.214999999999999858e+00 -1.661882624000000086e-01
3.217499999999999805e+00 -1.664455021000000035e-01
3.220000000000000195e+00 -1.662672011999999921e-01
3.222500000000000142e+00 -1.657238957000000124e-01
3.225000000000000089e+00 -1.662414822000000125e-01
3.227500000000000036e+00 -1.663523365000000032e-01
3.229999999999999982e+00 -1.659181520999999937e-01
3.232499999999999929e+00 -1.661402767999999863e-01
3.234999999999999876e+00 -1.661104707999999930e-01
3.237499999999999822e+00 -1.658831299000000092e-01
3.240000000000000213e+00 -1.657573777999999942e-01
3.242500000000000160e+00 -1.654296262000000128e-01
3.245000000000000107e+00 -1.655742926000000059e-01
3.247500000000000053e+00 -1.653761584000000007e-01
3.250000000000000000e+00 -1.659325450999999951e-01
3.252499999999999947e+00 -1.655379314000000046e-01
3.254999999999999893e+00 -1.652678358000000125e-01
3.257499999999999840e+00 -1.654593380000000113e-01
3.259999999999999787e+00 -1.648797190999999884e-01
3.262500000000000178e+00 -1.649638834999999915e-01
3.265000000000000124e+00 -1.646494820999999942e-01
3.267500000000000071e+00 -1.647997029999999918e-01
3.270000000000000018e+00 -1.647119401999999899e-01
3.272499999999999964e+00 -1.646116220999999935e-01
3.274999999999999911e+00 -1.646432995999999871e-01
3.277499999999999858e+00 -1.647834053999999993e-01
3.279999999999999805e+00 -1.645773439000000060e-01
3.282500000000000195e+00 -1.645242217000000007e-01
3.285000000000000142e+00 -1.648672280000000046e-01
3.287500000000000089e+00 -1.644999011000000122e-01
3.290000000000000036e+00 -1.646389309999999884e-01
3.292499999999999982e+00 -1.642391753000000121e-01
3.294999999999999929e+00 -1.637596109999999994e-01
3.297499999999999876e+00 -1.640713269999999890e-01
3.299999999999999822e+00 -1.641160080000000077e-01
3.302500000000000213e+00 -1.639696126000000087e-01
3.305000000000000160e+00 -1.639344912000000043e-01
3.307500000000000107e+00 -1.638055408999999907e-01
3.310000000000000053e+00 -1.643426705000000099e-01
3.312500000000000000e+00 -1.635621130999999895e-01
3.314999999999999947e+00 -1.636728483000000067e-01
3.317499999999999893e+00 -1.636224544000000058e-01
3.319999999999999840e+00 -1.637049163000000029e-01
3.322499999999999787e+00 -1.634028432000000086e-01
3.325000000000000178e+00 -1.635685345000000013e-01
3.327500000000000124e+00 -1.633165515999999984e-01
3.330000000000000071e+00 -1.634600140999999951e-01
3.332500000000000018e+00 -1.633247385999999912e-01
3.334999999999999964e+00 -1.629444730000000063e-01
3.337499999999999911e+00 -1.628958584000000098e-01
3.339999999999999858e+00 -1.627188430000000019e-01
3.342499999999999805e+00 -1.629311471000000067e-01
3.345000000000000195e+00 -1.630465504999999982e-01
3.347500000000000142e+00 -1.631287439999999922e-01
3.350000000000000089e+00 -1.626702419000000122e-01
3.352500000000000036e+00 -1.628321433000000096e-01
3.354999999999999982e+00 -1.627128207000000104e-01
3.357499999999999929e+00 -1.624226333000000078e-01
3.359999999999999876e+00 -1.624713391000000007e-01
3.362499999999999822e+00 -1.626404476999999960e-01
3.365000000000000213e+00 -1.621407619999999938e-01
3.367500000000000160e+00 -1.624987649000000089e-01
3.370000000000000107e+00 -1.626307329999999995e-01
3.372500000000000053e+00 -1.620020910999999952e-01
3.375000000000000000e+00 -1.621152878999999880e-01
3.377499999999999947e+00 -1.619940943000000022e-01
3.379999999999999893e+00 -1.622192748000000073e-01
3.382499999999999840e+00 -1.618750522999999886e-01
3.384999999999999787e+00 -1.619461925000000024e-01
3.387500000000000178e+00 -1.618649286999999937e-01
3.390000000000000124e+00 -1.618170133999999871e-01
3.392500000000000071e+00 -1.619816091000000069e-01
3.395000000000000018e+00 -1.617968293000000002e-01
3.397499999999999964e+00 -1.617268870999999941e-01
3.399999999999999911e+00 -1.614512433999999996e-01
3.402499999999999858e+00 -1.611696032999999917e-01
3.404999999999999805e+00 -1.615003483999999934e-01
3.407500000000000195e+00 -1.616171167000000075e-01
3.410000000000000142e+00 -1.615234787000000005e-01
3.412500000000000089e+00 -1.611909707999999997e-01
3.415000000000000036e+00 -1.612551208999999930e-01
3.417499999999999982e+00 -1.609985019999999878e-01
3.419999999999999929e+00 -1.617444614999999919e-01
3.422499999999999876e+00 -1.611252507000000000e-01
3.424999999999999822e+00 -1.607884982999999990e-01
3.427500000000000213e+00 -1.607613210999999931e-01
3.430000000000000160e+00 -1.611320029999999959e-01
3.432500000000000107e+00 -1.611382001999999980e-01
3.435000000000000053e+00 -1.607306722000000077e-01
3.437500000000000000e+00 -1.604707592000000071e-01
3.439999999999999947e+00 -1.603890091000000073e-01
3.442499999999999893e+00 -1.605519552999999933e-01
3.444999999999999840e+00 -1.605145253999999966e-01
3.447499999999999787e+00 -1.608627081000000014e-01
3.450000000000000178e+00 -1.601758000000000071e-01
3.452500000000000124e+00 -1.603739553999999901e-01
3.455000000000000071e+00 -1.605655924000000123e-01
3.457500000000000018e+00 -1.603046254999999920e-01
3.459999999999999964e+00 -1.605090292999999946e-01
3.462499999999999911e+00 -1.602639077999999939e-01
3.464999999999999858e+00 -1.599659969999999987e-01
3.467499999999999805e+00 -1.601442741000000114e-01
3.470000000000000195e+00 -1.600278036999999987e-01
3.472500000000000142e+00 -1.598597274999999929e-01
3.475000000000000089e+00 -1.595758908999999892e-01
3.477500000000000036e+00 -1.598563507000000106e-01
3.479999999999999982e+00 -1.598348961999999929e-01
3.482499999999999929e+00 -1.597705010999999897e-01
3.484999999999999876e+00 -1.599660001000000054e-01
3.487499999999999822e+00 -1.592165500999999928e-01
3.490000000000000213e+00 -1.594159049999999966e-01
3.492500000000000160e+00 -1.595224309999999923e-01
3.495000000000000107e+00 -1.596450469000000039e-01
3.497500000000000053e+00 -1.594841555000000022e-01
3.500000000000000000e+00 -1.591574038999999940e-01
3.502499999999999947e+00 -1.591354628999999965e-01
3.504999999999999893e+00 -1.594352197999999998e-01
3.507499999999999840e+00 -1.592671428000000111e-01
3.509999999999999787e+00 -1.590989992000000075e-01
3.512500000000000178e+00 -1.588896417000000005e-01
3.515000000000000124e+00 -1.592476781000000119e-01
3.517500000000000071e+00 -1.590645881999999955e-01
3.520000000000000018e+00 -1.590794252999999936e-01
3.522499999999999964e+00 -1.585920859000000127e-01
3.524999999999999911e+00 -1.584493902000000121e-01
3.527499999999999858e+00 -1.587614779000000031e-01
3.529999999999999805e+00 -1.592325800999999930e-01
3.532500000000000195e+00 -1.585181629000000092e-01
3.535000000000000142e+00 -1.583227490999999931e-01
3.537500000000000089e+00 -1.584233852999999970e-01
3.540000000000000036e+00 -1.581411282999999890e-01
3.542499999999999982e+00 -1.585340567000000089e-01
3.544999999999999929e+00 -1.584001107999999935e-01
3.547499999999999876e+00 -1.582136540000000091e-01
3.549999999999999822e+00 -1.582523188999999941e-01
3.552500000000000213e+00 -1.580437195999999933e-01
3.555000000000000160e+00 -1.582143581000000077e-01
3.557500000000000107e+00 -1.580507385000000098e-01
3.560000000000000053e+00 -1.577755345000000087e-01
3.562500000000000000e+00 -1.578016774999999872e-01
3.564999999999999947e+00 -1.576621735000000024e-01
3.567499999999999893e+00 -1.580157647000000054e-01
3.569999999999999840e+00 -1.576837228999999896e-01
3.572499999999999787e+00 -1.576193159000000010e-01
3.575000000000000178e+00 -1.576536310999999968e-01
3.577500000000000124e+00 -1.577161413000000012e-01
3.580000000000000071e+00 -1.575964242000000015e-01
3.582500000000000018e+00 -1.577394001000000101e-01
3.584999999999999964e+00 -1.573440496999999882e-01
3.587499999999999911e+00 -1.573092821000000030e-01
3.589999999999999858e+00 -1.572788079999999922e-01
3.592499999999999805e+00 -1.573268888999999893e-01
3.595000000000000195e+00 -1.575511280999999930e-01
3.597500000000000142e+00 -1.573930578000000136e-01
3.600000000000000089e+00 -1.570832712000000131e-01
3.602500000000000036e+00 -1.572346091000000057e-01
3.604999999999999982e+00 -1.569623417999999881e-01
3.607499999999999929e+00 -1.570497174000000107e-01
3.609999999999999876e+00 -1.570711803000000018e-01
3.612499999999999822e+00 -1.571344386999999898e-01
3.615000000000000213e+00 -1.568347555999999865e-01
3.617500000000000160e+00 -1.568507551999999972e-01
3.620000000000000107e+00 -1.568152439999999925e-01
3.622500000000000053e+00 -1.565420486000000111e-01
3.625000000000000000e+00 -1.567372021000000004e-01
3.627499999999999947e+00 -1.564464546000000067e-01
3.629999999999999893e+00 -1.569171400999999910e-01
3.632499999999999840e+00 -1.563526272999999911e-01
3.634999999999999787e+00 -1.563468365000000027e-01
3.637500000000000178e+00 -1.563054801000000049e-01
3.640000000000000124e+00 -1.562481574000000040e-01
3.642500000000000071e+00 -1.565143867000000077e-01
3.645000000000000018e+00 -1.564084900000000111e-01
3.647499999999999964e+00 -1.564598292000000113e-01
3.649999999999999911e+00 -1.560710939999999936e-01
3.652499999999999858e+00 -1.563213441000000092e-01
3.654999999999999805e+00 -1.562813020999999913e-01
3.657500000000000195e+00 -1.560358179999999928e-01
3.660000000000000142e+00 -1.561609144999999976e-01
3.662500000000000089e+00 -1.558065429999999918e-01
3.665000000000000036e+00 -1.555785766999999986e-01
3.667499999999999982e+00 -1.555786181000000101e-01
3.669999999999999929e+00 -1.557705516000000012e-01
3.672499999999999876e+00 -1.558755504999999875e-01
3.674999999999999822e+00 -1.555919517000000085e-01
3.677500000000000213e+00 -1.557796486999999952e-01
3.680000000000000160e+00 -1.554233968000000021e-01
3.682500000000000107e+00 -1.556929296000000018e-01
3.685000000000000053e+00 -1.554668711999999953e-01
3.687500000000000000e+00 -1.555680339999999939e-01
3.689999999999999947e+00 -1.552729381000000075e-01
3.692499999999999893e+00 -1.551496931000000135e-01
3.694999999999999840e+00 -1.558525292999999867e-01
3.697499999999999787e+00 -1.553806326000000126e-01
3.700000000000000178e+00 -1.555014831000000042e-01
3.702500000000000124e+00 -1.551003011000000043e-01
3.705000000000000071e+00 -1.552116303999999947e-01
3.707500000000000018e+00 -1.552420221999999961e-01
3.709999999999999964e+00 -1.548061431999999960e-01
3.712499999999999911e+00 -1.547705356000000088e-01
3.714999999999999858e+00 -1.547614086999999916e-01
3.717499999999999805e+00 -1.548331444999999917e-01
3.720000000000000195e+00 -1.547573841000000061e-01
3.722500000000000142e+00 -1.544173067000000066e-01
3.725000000000000089e+00 -1.545344817000000037e-01
3.727500000000000036e+00 -1.545444098000000044e-01
3.729999999999999982e+00 -1.544078932000000071e-01
3.732499999999999929e+00 -1.545831477999999870e-01
3.734999999999999876e+00 -1.542790844999999966e-01
3.737499999999999822e+00 -1.546908086999999876e-01
3.740000000000000213e+00 -1.546225576999999962e-01
3.742500000000000160e+00 -1.546760876999999923e-01
3.745000000000000107e+00 -1.545213048999999894e-01
3.747500000000000053e+00 -1.544549403000000098e-01
3.750000000000000000e+00 -1.544069429999999910e-01
3.752499999999999947e+00 -1.541529751000000059e-01
3.754999999999999893e+00 -1.542693913000000028e-01
3.757499999999999840e+00 -1.537332264000000059e-01
3.759999999999999787e+00 -1.540963116000000077e-01
3.762500000000000178e+00 -1.540391208999999928e-01
3.765000000000000124e+00 -1.540008398000000112e-01
3.767500000000000071e+00 -1.540455920000000090e-01
3.770000000000000018e+00 -1.541359536999999946e-01
3.772499999999999964e+00 -1.538180336999999953e-01
3.774999999999999911e+00 -1.540719579000000006e-01
3.777499999999999858e+00 -1.540637913000000025e-01
3.779999999999999805e+00 -1.537197277000000029e-01
3.782500000000000195e+00 -1.536435140000000088e-01
3.785000000000000142e+00 -1.536417163000000086e-01
3.787500000000000089e+00 -1.533722841000000059e-01
3.790000000000000036e+00 -1.538251989999999958e-01
3.792499999999999982e+00 -1.538142734999999872e-01
3.794999999999999929e+00 -1.536516437000000068e-01
3.797499999999999876e+00 -1.532126963000000064e-01
3.799999999999999822e+00 -1.532887145999999867e-01
3.802500000000000213e+00 -1.534209451000000113e-01
3.805000000000000160e+00 -1.530971262999999971e-01
3.807500000000000107e+00 -1.532516821000000085e-01
3.810000000000000053e+00 -1.533321309000000021e-01
3.812500000000000000e+00 -1.533198332000000053e-01
3.814999999999999947e+00 -1.532608658999999873e-01
3.817499999999999893e+00 -1.527386072999999955e-01
3.819999999999999840e+00 -1.530342976999999882e-01
3.822499999999999787e+00 -1.529337135999999930e-01
3.825000000000000178e+00 -1.530069716999999940e-01
3.827500000000000124e+00 -1.529805975000000096e-01
3.830000000000000071e+00 -1.527526533000000131e-01
3.832500000000000018e+00 -1.526074920999999918e-01
3.834999999999999964e+00 -1.527386629999999967e-01
3.837499999999999911e+00 -1.529231809000000109e-01
3.839999999999999858e+00 -1.526707620999999959e-01
3.842499999999999805e+00 -1.530171958000000054e-01
3.845000000000000195e+00 -1.525732550999999992e-01
3.847500000000000142e+00 -1.524912592000000067e-01
3.850000000000000089e+00 -1.524310150000000030e-01
3.852500000000000036e+00 -1.523112644000000071e-01
3.854999999999999982e+00 -1.526561693000000053e-01
3.857499999999999929e+00 -1.524650720000000070e-01
3.859999999999999876e+00 -1.522222843000000103e-01
3.862499999999999822e+00 -1.522997174999999870e-01
3.865000000000000213e+00 -1.525998396999999895e-01
3.867500000000000160e+00 -1.525338133999999957e-01
3.870000000000000107e+00 -1.518938159999999871e-01
3.872500000000000053e+00 -1.521310157000000107e-01
3.875000000000000000e+00 -1.517719757999999863e-01
3.877499999999999947e+00 -1.521187099000000098e-01
3.879999999999999893e+00 -1.519267750999999944e-01
3.882499999999999840e+00 -1.519649073999999878e-01
3.884999999999999787e+00 -1.521889912000000122e-01
3.887500000000000178e+00 -1.518137217999999955e-01
3.890000000000000124e+00 -1.519576584000000008e-01
3.892500000000000071e+00 -1.520800193999999883e-01
3.895000000000000018e+00 -1.521616850999999992e-01
3.897499999999999964e+00 -1.516780855000000039e-01
3.899999999999999911e+00 -1.517604536999999920e-01
3.902499999999999858e+00 -1.514839629999999993e-01
3.904999999999999805e+00 -1.515525795000000064e-01
3.907500000000000195e+00 -1.516195526999999932e-01
3.910000000000000142e+00 -1.514156003999999889e-01
3.912500000000000089e+00 -1.516160723999999960e-01
3.915000000000000036e+00 -1.515122513999999920e-01
3.917499999999999982e+00 -1.515251844000000125e-01
3.919999999999999929e+00 -1.515219315999999927e-01
3.922499999999999876e+00 -1.513635170000000030e-01
3.924999999999999822e+00 -1.511192097000000067e-01
3.927500000000000213e+00 -1.512723055999999899e-01
3.930000000000000160e+00 -1.512401973999999982e-01
3.932500000000000107e+00 -1.511897105999999991e-01
3.935000000000000053e+00 -1.513586521999999990e-01
3.937500000000000000e+00 -1.512690770000000018e-01
3.939999999999999947e+00 -1.512262496000000012e-01
3.942499999999999893e+00 -1.508249956000000114e-01
3.944999999999999840e+00 -1.511628734000000085e-01
3.947499999999999787e+00 -1.510098233000000123e-01
3.950000000000000178e+00 -1.509913546999999967e-01
3.952500000000000124e+00 -1.512005237000000057e-01
3.955000000000000071e+00 -1.510025135999999990e-01
3.957500000000000018e+00 -1.509918540000000087e-01
3.959999999999999964e+00 -1.509213386000000101e-01
3.962499999999999911e+00 -1.510006083000000054e-01
3.964999999999999858e+00 -1.510070320000000132e-01
3.967499999999999805e+00 -1.509116835000000045e-01
3.970000000000000195e+00 -1.506863079999999910e-01
3.972500000000000142e+00 -1.507298068000000046e-01
3.975000000000000089e+00 -1.506022764000000125e-01
3.977500000000000036e+00 -1.506924950999999901e-01
3.979999999999999982e+00 -1.506982437000000119e-01
3.982499999999999929e+00 -1.506889725999999985e-01
3.984999999999999876e+00 -1.507523541000000133e-01
3.987499999999999822e+00 -1.504376936000000053e-01
3.990000000000000213e+00 -1.505024464999999978e-01
3.992500000000000160e+00 -1.503130541000000098e-01
3.995000000000000107e+00 -1.504888799999999915e-01
3.997500000000000053e+00 -1.506352918999999957e-01
4.000000000000000000e+00 -1.499092033999999962e-01
4.002500000000000391e+00 -1.503696508000000043e-01
4.004999999999999893e+00 -1.504094417999999878e-01
4.007500000000000284e+00 -1.501739894000000131e-01
4.009999999999999787e+00 -1.500673852999999947e-01
4.012500000000000178e+00 -1.503034048999999928e-01
4.014999999999999680e+00 -1.501879174999999900e-01
4.017500000000000071e+00 -1.498566507999999908e-01
4.019999999999999574e+00 -1.500019498999999867e-01
4.022499999999999964e+00 -1.498905634000000098e-01
4.025000000000000355e+00 -1.500887251999999950e-01
4.027499999999999858e+00 -1.498416126999999876e-01
4.030000000000000249e+00 -1.499392612000000069e-01
4.032499999999999751e+00 -1.493853464000000075e-01
4.035000000000000142e+00 -1.496998977000000008e-01
4.037499999999999645e+00 -1.497783185999999878e-01
4.040000000000000036e+00 -1.498961121999999868e-01
4.042500000000000426e+00 -1.498983473000000122e-01
4.044999999999999929e+00 -1.498154941000000018e-01
4.047500000000000320e+00 -1.494758616000000095e-01
4.049999999999999822e+00 -1.500600507000000028e-01
4.052500000000000213e+00 -1.494423511999999898e-01
4.054999999999999716e+00 -1.496597580000000038e-01
4.057500000000000107e+00 -1.498080323000000047e-01
4.059999999999999609e+00 -1.498526796999999910e-01
4.062500000000000000e+00 -1.493207388999999996e-01
4.065000000000000391e+00 -1.495219096000000025e-01
4.067499999999999893e+00 -1.493945768999999923e-01
4.070000000000000284e+00 -1.494602335000000115e-01
4.072499999999999787e+00 -1.496978405000000123e-01
4.075000000000000178e+00 -1.492119117000000050e-01
4.077499999999999680e+00 -1.495233122000000081e-01
4.080000000000000071e+00 -1.492158939999999878e-01
4.082499999999999574e+00 -1.493711439000000030e-01
4.084999999999999964e+00 -1.490615707999999873e-01
4.087500000000000355e+00 -1.490476007000000047e-01
4.089999999999999858e+00 -1.494062945000000087e-01
4.092500000000000249e+00 -1.492011466000000008e-01
4.094999999999999751e+00 -1.490330246999999886e-01
4.097500000000000142e+00 -1.489589500000000066e-01
4.099999999999999645e+00 -1.487666188000000000e-01
4.102500000000000036e+00 -1.493432845000000064e-01
4.105000000000000426e+00 -1.488497025999999945e-01
4.107499999999999929e+00 -1.488806920999999894e-01
4.110000000000000320e+00 -1.489073462000000125e-01
4.112499999999999822e+00 -1.490788658999999960e-01
4.115000000000000213e+00 -1.489043740000000060e-01
4.117499999999999716e+00 -1.486990546999999996e-01
4.120000000000000107e+00 -1.486213249999999986e-01
4.122499999999999609e+00 -1.485144562000000057e-01
4.125000000000000000e+00 -1.488152832999999897e-01
4.127500000000000391e+00 -1.487880688999999867e-01
4.129999999999999893e+00 -1.487930144999999871e-01
4.132500000000000284e+00 -1.486535498000000066e-01
4.134999999999999787e+00 -1.486057768999999862e-01
4.137500000000000178e+00 -1.483280319999999985e-01
4.139999999999999680e+00 -1.488847547000000104e-01
4.142500000000000071e+00 -1.482703938000000110e-01
4.144999999999999574e+00 -1.485069743999999914e-01
4.147499999999999964e+00 -1.483684710000000018e-01
4.150000000000000355e+00 -1.487299036999999990e-01
4.152499999999999858e+00 -1.482533994999999938e-01
4.155000000000000249e+00 -1.484210413000000006e-01
4.157499999999999751e+00 -1.482281299000000052e-01
4.160000000000000142e+00 -1.485857536000000090e-01
4.162499999999999645e+00 -1.484758620999999945e-01
4.165000000000000036e+00 -1.484086548999999922e-01
4.167500000000000426e+00 -1.480955680999999913e-01
4.169999999999999929e+00 -1.482679680000000000e-01
4.172500000000000320e+00 -1.483258187000000006e-01
4.174999999999999822e+00 -1.481763560000000091e-01
4.177500000000000213e+00 -1.479326819000000015e-01
4.179999999999999716e+00 -1.482757682999999993e-01
4.182500000000000107e+00 -1.480806259000000125e-01
4.184999999999999609e+00 -1.480006439999999868e-01
4.187500000000000000e+00 -1.479523647000000053e-01
4.190000000000000391e+00 -1.478119122000000063e-01
4.192499999999999893e+00 -1.478842824999999916e-01
4.195000000000000284e+00 -1.479262171999999875e-01
4.197499999999999787e+00 -1.482209834000000059e-01
4.200000000000000178e+00 -1.479309904999999981e-01
4.202499999999999680e+00 -1.474788947000000017e-01
4.205000000000000071e+00 -1.476548934999999951e-01
4.207499999999999574e+00 -1.473923249999999907e-01
4.209999999999999964e+00 -1.475846389000000092e-01
4.212500000000000355e+00 -1.478617657000000085e-01
4.214999999999999858e+00 -1.476310808999999891e-01
4.217500000000000249e+00 -1.476119227999999894e-01
4.219999999999999751e+00 -1.477533862000000031e-01
4.222500000000000142e+00 -1.473920585000000061e-01
4.224999999999999645e+00 -1.476790392000000007e-01
4.227500000000000036e+00 -1.474257119000000060e-01
4.230000000000000426e+00 -1.474742961999999935e-01
4.232499999999999929e+00 -1.474360406000000123e-01
4.235000000000000320e+00 -1.479003094999999934e-01
4.237499999999999822e+00 -1.474175742000000122e-01
4.240000000000000213e+00 -1.472391289999999964e-01
4.242499999999999716e+00 -1.474577508000000092e-01
4.245000000000000107e+00 -1.472813562999999992e-01
4.247499999999999609e+00 -1.473175385000000115e-01
4.250000000000000000e+00 -1.473946389000000134e-01
4.252500000000000391e+00 -1.470712784000000051e-01
4.254999999999999893e+00 -1.471557500000000018e-01
4.257500000000000284e+00 -1.472726678999999872e-01
4.259999999999999787e+00 -1.471547360999999887e-01
4.262500000000000178e+00 -1.468494536999999933e-01
4.264999999999999680e+00 -1.471537451000000107e-01
4.267500000000000071e+00 -1.470635607000000122e-01
4.269999999999999574e+00 -1.471326960999999878e-01
4.272499999999999964e+00 -1.472081812999999906e-01
4.275000000000000355e+00 -1.468351018999999869e-01
4.277499999999999858e+00 -1.473660126000000126e-01
4.280000000000000249e+00 -1.471129545000000038e-01
4.282499999999999751e+00 -1.472041619999999995e-01
4.285000000000000142e+00 -1.470527923000000126e-01
4.287499999999999645e+00 -1.469814249999999989e-01
4.290000000000000036e+00 -1.467875094999999963e-01
4.292500000000000426e+00 -1.469682796000000014e-01
4.294999999999999929e+00 -1.464697130000000014e-01
4.297500000000000320e+00 -1.464750761999999984e-01
4.299999999999999822e+00 -1.467733931999999908e-01
4.302500000000000213e+00 -1.469805124999999935e-01
4.304999999999999716e+00 -1.465813294999999961e-01
4.307500000000000107e+00 -1.469146655000000135e-01
4.309999999999999609e+00 -1.464310951999999999e-01
4.312500000000000000e+00 -1.465288798999999920e-01
4.315000000000000391e+00 -1.467135544000000014e-01
4.317499999999999893e+00 -1.466407188999999944e-01
4.320000000000000284e+00 -1.463179141000000016e-01
4.322499999999999787e+00 -1.467850236000000086e-01
4.325000000000000178e+00 -1.466369191000000127e-01
4.327499999999999680e+00 -1.466136624999999916e-01
4.330000000000000071e+00 -1.468188699999999902e-01
4.332499999999999574e+00 -1.464359670000000002e-01
4.334999999999999964e+00 -1.464901332999999917e-01
4.337500000000000355e+00 -1.463261693000000030e-01
4.339999999999999858e+00 -1.463117562000000038e-01
4.342500000000000249e+00 -1.464280931999999980e-01
4.344999999999999751e+00 -1.464506121999999966e-01
4.347500000000000142e+00 -1.461125940000000123e-01
4.349999999999999645e+00 -1.463139726999999890e-01
4.352500000000000036e+00 -1.464226171999999937e-01
4.355000000000000426e+00 -1.464863071999999988e-01
4.357499999999999929e+00 -1.465590380000000026e-01
4.360000000000000320e+00 -1.462677598999999884e-01
4.362499999999999822e+00 -1.464167024999999955e-01
4.365000000000000213e+00 -1.459068372000000002e-01
4.367499999999999716e+00 -1.460935466999999932e-01
4.370000000000000107e+00 -1.462641198000000087e-01
4.372499999999999609e+00 -1.461744432000000038e-01
4.375000000000000000e+00 -1.462540471000000064e-01
4.377500000000000391e+00 -1.457221538000000038e-01
4.379999999999999893e+00 -1.462408755999999865e-01
4.382500000000000284e+00 -1.457334553000000088e-01
4.384999999999999787e+00 -1.460875236999999993e-01
4.387500000000000178e+00 -1.458036251000000005e-01
4.389999999999999680e+00 -1.459995934999999967e-01
4.392500000000000071e+00 -1.458309982000000060e-01
4.394999999999999574e+00 -1.460228497000000125e-01
4.397499999999999964e+00 -1.458222274000000040e-01
4.400000000000000355e+00 -1.455866269999999962e-01
4.402499999999999858e+00 -1.457153429999999972e-01
4.405000000000000249e+00 -1.462333033999999865e-01
4.407499999999999751e+00 -1.460299137000000136e-01
4.410000000000000142e+00 -1.461360043000000108e-01
4.412499999999999645e+00 -1.460079549999999948e-01
4.415000000000000036e+00 -1.461855475999999932e-01
4.417500000000000426e+00 -1.459976487999999906e-01
4.419999999999999929e+00 -1.457495742999999899e-01
4.422500000000000320e+00 -1.459712045999999874e-01
4.424999999999999822e+00 -1.460143205999999971e-01
4.427500000000000213e+00 -1.456012998000000003e-01
4.429999999999999716e+00 -1.458256249000000060e-01
4.432500000000000107e+00 -1.457945481000000043e-01
4.434999999999999609e+00 -1.459753561000000088e-01
4.437500000000000000e+00 -1.458018177000000026e-01
4.440000000000000391e+00 -1.457212018000000053e-01
4.442499999999999893e+00 -1.456425688000000107e-01
4.445000000000000284e+00 -1.453325193999999987e-01
4.447499999999999787e+00 -1.455916082000000000e-01
4.450000000000000178e+00 -1.456724835000000051e-01
4.452499999999999680e+00 -1.452200694999999930e-01
4.455000000000000071e+00 -1.455180004000000138e-01
4.457499999999999574e+00 -1.455281981000000058e-01
4.459999999999999964e+00 -1.452973951000000041e-01
4.462500000000000355e+00 -1.454752149999999911e-01
4.464999999999999858e+00 -1.454935103999999979e-01
4.467500000000000249e+00 -1.453142048999999936e-01
4.469999999999999751e+00 -1.452727189999999946e-01
4.472500000000000142e+00 -1.456011301000000036e-01
4.474999999999999645e+00 -1.452365224000000121e-01
4.477500000000000036e+00 -1.452886989000000129e-01
4.480000000000000426e+00 -1.455018951000000005e-01
4.482499999999999929e+00 -1.457453806000000018e-01
4.485000000000000320e+00 -1.451106199999999957e-01
4.487499999999999822e+00 -1.453489845000000003e-01
4.490000000000000213e+00 -1.451898234000000010e-01
4.492499999999999716e+00 -1.449310732999999907e-01
4.495000000000000107e+00 -1.453064371999999993e-01
4.497499999999999609e+00 -1.453231967999999985e-01
4.500000000000000000e+00 -1.451096431999999992e-01
4.502500000000000391e+00 -1.450516444000000127e-01
4.504999999999999893e+00 -1.451575535999999889e-01
4.507500000000000284e+00 -1.449405380999999882e-01
4.509999999999999787e+00 -1.449640217000000009e-01
4.512500000000000178e+00 -1.453341190000000116e-01
4.514999999999999680e+00 -1.452753236999999864e-01
4.517500000000000071e+00 -1.449492282000000021e-01
4.519999999999999574e+00 -1.448279965000000002e-01
4.522499999999999964e+00 -1.449087118000000063e-01
4.525000000000000355e+00 -1.446808804999999976e-01
4.527499999999999858e+00 -1.449957249000000115e-01
4.530000000000000249e+00 -1.447817318000000075e-01
4.532499999999999751e+00 -1.447268835999999947e-01
4.535000000000000142e+00 -1.450329431000000058e-01
4.537499999999999645e+00 -1.451346884999999975e-01
4.540000000000000036e+00 -1.449927438999999985e-01
4.542500000000000426e+00 -1.450788792999999910e-01
4.544999999999999929e+00 -1.446705399000000059e-01
4.547500000000000320e+00 -1.448678946999999995e-01
4.549999999999999822e+00 -1.446637161000000060e-01
4.552500000000000213e+00 -1.448646607999999891e-01
4.554999999999999716e+00 -1.448569430999999963e-01
4.557500000000000107e+00 -1.451035683999999937e-01
4.559999999999999609e+00 -1.445887701999999941e-01
4.562500000000000000e+00 -1.448724670000000048e-01
4.565000000000000391e+00 -1.449822017999999879e-01
4.567499999999999893e+00 -1.447161016999999883e-01
4.570000000000000284e+00 -1.452407933000000040e-01
4.572499999999999787e+00 -1.446920812999999972e-01
4.575000000000000178e+00 -1.446416724000000043e-01
4.577499999999999680e+00 -1.445217166999999969e-01
4.580000000000000071e+00 -1.448565525999999937e-01
4.582499999999999574e+00 -1.446959324000000047e-01
4.584999999999999964e+00 -1.445131575999999973e-01
4.587500000000000355e+00 -1.444404894999999911e-01
4.589999999999999858e+00 -1.447511485000000098e-01
4.592500000000000249e+00 -1.444046073999999957e-01
4.594999999999999751e+00 -1.444250608000000047e-01
4.597500000000000142e+00 -1.447047043999999949e-01
4.599999999999999645e+00 -1.448150404999999918e-01
4.602500000000000036e+00 -1.446507106000000098e-01
4.605000000000000426e+00 -1.445034111000000066e-01
4.607499999999999929e+00 -1.443786525000000098e-01
4.610000000000000320e+00 -1.442444917000000049e-01
4.612499999999999822e+00 -1.443350224000000126e-01
4.615000000000000213e+00 -1.444558934999999877e-01
4.617499999999999716e+00 -1.448964343999999960e-01
4.620000000000000107e+00 -1.443682931999999974e-01
4.622499999999999609e+00 -1.440610884000000091e-01
4.625000000000000000e+00 -1.443521560999999898e-01
4.627500000000000391e+00 -1.444526573000000091e-01
4.629999999999999893e+00 -1.445289452999999891e-01
4.632500000000000284e+00 -1.440948810000000080e-01
4.634999999999999787e+00 -1.445218675000000119e-01
4.637500000000000178e+00 -1.442266342000000090e-01
4.639999999999999680e+00 -1.443888744999999862e-01
4.642500000000000071e+00 -1.442937420000000026e-01
4.644999999999999574e+00 -1.444239096000000111e-01
4.647499999999999964e+00 -1.444331491999999995e-01
4.650000000000000355e+00 -1.442892867999999995e-01
4.652499999999999858e+00 -1.441073240000000089e-01
4.655000000000000249e+00 -1.442963220000000046e-01
4.657499999999999751e+00 -1.440809116000000001e-01
4.660000000000000142e+00 -1.441897802999999867e-01
4.662499999999999645e+00 -1.442539337000000033e-01
4.665000000000000036e+00 -1.442693726000000010e-01
4.667500000000000426e+00 -1.441869464999999961e-01
4.669999999999999929e+00 -1.441506622000000015e-01
4.672500000000000320e+00 -1.442420786999999982e-01
4.674999999999999822e+00 -1.440418216999999890e-01
4.677500000000000213e+00 -1.442013431999999984e-01
4.679999999999999716e+00 -1.440191742999999969e-01
4.682500000000000107e+00 -1.444459694999999932e-01
4.684999999999999609e+00 -1.442168494999999939e-01
4.687500000000000000e+00 -1.439667695000000081e-01
4.690000000000000391e+00 -1.442784172000000087e-01
4.692499999999999893e+00 -1.440412215999999912e-01
4.695000000000000284e+00 -1.443732991999999993e-01
4.697499999999999787e+00 -1.437989704000000035e-01
4.700000000000000178e+00 -1.439478173000000027e-01
4.702499999999999680e+00 -1.439842169999999977e-01
4.705000000000000071e+00 -1.440789460999999938e-01
4.707499999999999574e+00 -1.442226058999999949e-01
4.709999999999999964e+00 -1.440002694999999999e-01
4.712500000000000355e+00 -1.441691504000000013e-01
4.714999999999999858e+00 -1.440433734000000077e-01
4.717500000000000249e+00 -1.441461574000000023e-01
4.719999999999999751e+00 -1.442186883000000086e-01
4.722500000000000142e+00 -1.440372356999999881e-01
4.724999999999999645e+00 -1.436789933000000019e-01
4.727500000000000036e+00 -1.437678679999999931e-01
4.730000000000000426e+00 -1.441847947999999879e-01
4.732499999999999929e+00 -1.437458100000000016e-01
4.735000000000000320e+00 -1.440614967000000135e-01
4.737499999999999822e+00 -1.440114125999999994e-01
4.740000000000000213e+00 -1.439460482000000097e-01
4.742499999999999716e+00 -1.437382906999999932e-01
4.745000000000000107e+00 -1.438345773999999966e-01
4.747499999999999609e+00 -1.441921624999999985e-01
4.750000000000000000e+00 -1.441611332999999939e-01
4.752500000000000391e+00 -1.440760443000000113e-01
4.754999999999999893e+00 -1.437851166999999930e-01
4.757500000000000284e+00 -1.439805182999999988e-01
4.759999999999999787e+00 -1.438914609999999983e-01
4.762500000000000178e+00 -1.439744373000000077e-01
4.764999999999999680e+00 -1.438620841000000095e-01
4.767500000000000071e+00 -1.439473293999999903e-01
4.769999999999999574e+00 -1.440828611999999953e-01
4.772499999999999964e+00 -1.441783762999999940e-01
4.775000000000000355e+00 -1.438913830000000116e-01
4.777499999999999858e+00 -1.439844030000000108e-01
4.780000000000000249e+00 -1.438568880999999966e-01
4.782499999999999751e+00 -1.441329289000000125e-01
4.785000000000000142e+00 -1.438596252999999880e-01
4.787499999999999645e+00 -1.440164029999999873e-01
4.790000000000000036e+00 -1.440032213999999922e-01
4.792500000000000426e+00 -1.437384934000000003e-01
4.794999999999999929e+00 -1.439068282000000032e-01
4.797500000000000320e+00 -1.439477104999999924e-01
4.799999999999999822e+00 -1.437827856999999987e-01
4.802500000000000213e+00 -1.436568588000000091e-01
4.804999999999999716e+00 -1.435632339000000035e-01
4.807500000000000107e+00 -1.440078666999999868e-01
4.809999999999999609e+00 -1.439448275999999916e-01
4.812500000000000000e+00 -1.437590521999999871e-01
4.815000000000000391e+00 -1.438015089999999940e-01
4.817499999999999893e+00 -1.441237184999999976e-01
4.820000000000000284e+00 -1.435684369999999932e-01
4.822499999999999787e+00 -1.437353657999999867e-01
4.825000000000000178e+00 -1.437460084999999943e-01
4.827499999999999680e+00 -1.435662843999999938e-01
4.830000000000000071e+00 -1.436948219999999998e-01
4.832499999999999574e+00 -1.436515027999999972e-01
4.834999999999999964e+00 -1.436624844999999928e-01
4.837500000000000355e+00 -1.436857850000000103e-01
4.839999999999999858e+00 -1.436185651000000119e-01
4.842500000000000249e+00 -1.437591541999999889e-01
4.844999999999999751e+00 -1.437289749000000005e-01
4.847500000000000142e+00 -1.434661051999999992e-01
4.849999999999999645e+00 -1.434061765000000099e-01
4.852500000000000036e+00 -1.433345159999999952e-01
4.855000000000000426e+00 -1.436031380999999996e-01
4.857499999999999929e+00 -1.433359100000000108e-01
4.860000000000000320e+00 -1.436926098999999901e-01
4.862499999999999822e+00 -1.433717100999999938e-01
4.865000000000000213e+00 -1.436974068999999909e-01
4.867499999999999716e+00 -1.438308436000000079e-01
4.870000000000000107e+00 -1.437546469000000049e-01
4.872499999999999609e+00 -1.438030456000000123e-01
4.875000000000000000e+00 -1.437616697000000110e-01
4.877500000000000391e+00 -1.437129763999999976e-01
4.879999999999999893e+00 -1.438073886000000023e-01
4.882500000000000284e+00 -1.438732849000000091e-01
4.884999999999999787e+00 -1.436873130000000109e-01
4.887500000000000178e+00 -1.437529398000000069e-01
4.889999999999999680e+00 -1.439066911000000115e-01
4.892500000000000071e+00 -1.433526532999999936e-01
4.894999999999999574e+00 -1.437415968999999905e-01
4.897499999999999964e+00 -1.435175103000000119e-01
4.900000000000000355e+00 -1.435888726000000004e-01
4.902499999999999858e+00 -1.434449500999999960e-01
4.905000000000000249e+00 -1.436184282999999895e-01
4.907499999999999751e+00 -1.435288918000000025e-01
4.910000000000000142e+00 -1.431501259000000081e-01
4.912499999999999645e+00 -1.434833352000000062e-01
4.915000000000000036e+00 -1.432348999999999983e-01
4.917500000000000426e+00 -1.433570777000000018e-01
4.919999999999999929e+00 -1.434998561999999978e-01
4.922500000000000320e+00 -1.435809531999999999e-01
4.924999999999999822e+00 -1.435291065000000033e-01
4.927500000000000213e+00 -1.437354067000000124e-01
4.929999999999999716e+00 -1.434774661000000062e-01
4.932500000000000107e+00 -1.432479842000000114e-01
4.934999999999999609e+00 -1.433171654000000017e-01
4.937500000000000000e+00 -1.434785406999999902e-01
4.940000000000000391e+00 -1.433931864000000111e-01
4.942499999999999893e+00 -1.437259589999999865e-01
4.945000000000000284e+00 -1.436412501999999869e-01
4.947499999999999787e+00 -1.436491059999999986e-01
4.950000000000000178e+00 -1.435946193000000037e-01
4.952499999999999680e+00 -1.436031932000000066e-01
4.955000000000000071e+00 -1.432654228999999946e-01
4.957499999999999574e+00 -1.436937657000000035e-01
4.959999999999999964e+00 -1.432650832000000041e-01
4.962500000000000355e+00 -1.434142592000000049e-01
4.964999999999999858e+00 -1.434363566000000090e-01
4.967500000000000249e+00 -1.433904084000000023e-01
4.969999999999999751e+00 -1.431814374000000001e-01
4.972500000000000142e+00 -1.434122379999999974e-01
4.974999999999999645e+00 -1.434360538999999990e-01
4.977500000000000036e+00 -1.434262833000000126e-01
4.980000000000000426e+00 -1.436977882000000095e-01
4.982499999999999929e+00 -1.433617181999999879e-01
4.985000000000000320e+00 -1.437370085000000131e-01
4.987499999999999822e+00 -1.434847948000000095e-01
4.990000000000000213e+00 -1.435371860999999916e-01
4.992499999999999716e+00 -1.432650666999999989e-01
4.995000000000000107e+00 -1.434168933999999951e-01
4.997499999999999609e+00 -1.440122846999999928e-01
5.000000000000000000e+00 -1.434355808999999982e-01
5.002500000000000391e+00 -1.435997353000000032e-01
5.004999999999999893e+00 -1.433147143000000068e-01
5.007500000000000284e+00 -1.435251459999999923e-01
5.009999999999999787e+00 -1.434867948000000115e-01
5.012500000000000178e+00 -1.434576198999999996e-01
5.014999999999999680e+00 -1.434110097999999889e-01
5.017500000000000071e+00 -1.437216497000000093e-01
5.019999999999999574e+00 -1.436121454000000019e-01
5.022499999999999964e+00 -1.436456247000000019e-01
5.025000000000000355e+00 -1.435289661999999966e-01
5.027499999999999858e+00 -1.437571683999999961e-01
5.030000000000000249e+00 -1.435808254000000006e-01
5.032499999999999751e+00 -1.433414342999999869e-01
5.035000000000000142e+00 -1.434632721000000111e-01
5.037499999999999645e+00 -1.435089997000000006e-01
5.040000000000000036e+00 -1.435424654999999938e-01
5.042500000000000426e+00 -1.433352183000000113e-01
5.044999999999999929e+00 -1.436366447000000102e-01
5.047500000000000320e+00 -1.437346889999999988e-01
5.049999999999999822e+00 -1.436284227000000080e-01
5.052500000000000213e+00 -1.435925218999999919e-01
5.054999999999999716e+00 -1.437536547000000109e-01
5.057500000000000107e+00 -1.440104245000000116e-01
5.059999999999999609e+00 -1.433997102000000023e-01
5.062500000000000000e+00 -1.433777018999999875e-01
5.065000000000000391e+00 -1.436113719999999871e-01
5.067499999999999893e+00 -1.436698342999999933e-01
5.070000000000000284e+00 -1.435701496000000021e-01
5.072499999999999787e+00 -1.434043540000000116e-01
5.075000000000000178e+00 -1.435771369999999936e-01
5.077499999999999680e+00 -1.437082282999999905e-01
5.080000000000000071e+00 -1.434361738000000108e-01
5.082499999999999574e+00 -1.435838315999999892e-01
5.084999999999999964e+00 -1.435785970000000022e-01
5.087500000000000355e+00 -1.434933358000000103e-01
5.089999999999999858e+00 -1.436460827999999912e-01
5.092500000000000249e+00 -1.434686585999999930e-01
5.094999999999999751e+00 -1.434052717000000032e-01
5.097500000000000142e+00 -1.435281908999999911e-01
5.099999999999999645e+00 -1.434408508999999998e-01
5.102500000000000036e+00 -1.432326050000000128e-01
5.105000000000000426e+00 -1.436028873999999900e-01
5.107499999999999929e+00 -1.432902272999999893e-01
5.110000000000000320e+00 -1.435667653000000099e-01
5.112499999999999822e+00 -1.436903069000000088e-01
5.115000000000000213e+00 -1.435336200000000006e-01
5.117499999999999716e+00 -1.436222051000000111e-01
5.120000000000000107e+00 -1.437715081000000006e-01
5.122499999999999609e+00 -1.436042452999999885e-01
5.125000000000000000e+00 -1.432952335000000077e-01
5.127500000000000391e+00 -1.439909018999999957e-01
5.129999999999999893e+00 -1.434727178000000103e-01
5.132500000000000284e+00 -1.434872738000000092e-01
5.134999999999999787e+00 -1.437662111999999937e-01
5.137500000000000178e+00 -1.435900492999999944e-01
5.139999999999999680e+00 -1.436973693999999968e-01
5.142500000000000071e+00 -1.434586938000000089e-01
5.144999999999999574e+00 -1.437402369000000124e-01
5.147499999999999964e+00 -1.435458625000000099e-01
5.150000000000000355e+00 -1.436211064000000037e-01
5.152499999999999858e+00 -1.438307899999999862e-01
5.155000000000000249e+00 -1.433588533000000054e-01
5.157499999999999751e+00 -1.437098418999999960e-01
5.160000000000000142e+00 -1.441301304000000005e-01
5.162499999999999645e+00 -1.436924603999999994e-01
5.165000000000000036e+00 -1.434613562000000009e-01
5.167500000000000426e+00 -1.437276416999999917e-01
5.169999999999999929e+00 -1.436514106000000013e-01
5.172500000000000320e+00 -1.437302571000000084e-01
5.174999999999999822e+00 -1.435743029999999865e-01
5.177500000000000213e+00 -1.437735411000000130e-01
5.179999999999999716e+00 -1.435232928000000074e-01
5.182500000000000107e+00 -1.437078108000000021e-01
5.184999999999999609e+00 -1.438604756999999901e-01
5.187500000000000000e+00 -1.439051711000000067e-01
5.190000000000000391e+00 -1.436197502999999875e-01
5.192499999999999893e+00 -1.439125444000000087e-01
5.195000000000000284e+00 -1.436130972000000117e-01
5.197499999999999787e+00 -1.437739943999999936e-01
5.200000000000000178e+00 -1.435958722000000021e-01
5.202499999999999680e+00 -1.439413066999999935e-01
5.205000000000000071e+00 -1.436067883999999906e-01
5.207499999999999574e+00 -1.438592932999999963e-01
5.209999999999999964e+00 -1.437561206000000091e-01
5.212500000000000355e+00 -1.437857976999999954e-01
5.214999999999999858e+00 -1.437968299999999866e-01
5.217500000000000249e+00 -1.437103507999999974e-01
5.219999999999999751e+00 -1.438393762000000076e-01
5.222500000000000142e+00 -1.440536799000000090e-01
5.224999999999999645e+00 -1.437171714999999905e-01
5.227500000000000036e+00 -1.437505060000000001e-01
5.230000000000000426e+00 -1.439405931999999944e-01
5.232499999999999929e+00 -1.437805695000000106e-01
5.235000000000000320e+00 -1.439900216999999982e-01
5.237499999999999822e+00 -1.436800440000000068e-01
5.240000000000000213e+00 -1.438832879999999981e-01
5.242499999999999716e+00 -1.437581085000000092e-01
5.245000000000000107e+00 -1.442221367000000032e-01
5.247499999999999609e+00 -1.441225254000000067e-01
5.250000000000000000e+00 -1.440858365000000085e-01
5.252500000000000391e+00 -1.438110160999999942e-01
5.254999999999999893e+00 -1.441304629000000059e-01
5.257500000000000284e+00 -1.440844691000000011e-01
5.259999999999999787e+00 -1.437674717999999907e-01
5.262500000000000178e+00 -1.441482853000000119e-01
5.264999999999999680e+00 -1.438539866000000111e-01
5.267500000000000071e+00 -1.441570669999999998e-01
5.269999999999999574e+00 -1.441765710000000034e-01
5.272499999999999964e+00 -1.441646228000000030e-01
5.275000000000000355e+00 -1.440452259999999984e-01
5.277499999999999858e+00 -1.441587175000000054e-01
5.280000000000000249e+00 -1.440587144000000097e-01
5.282499999999999751e+00 -1.439482780000000128e-01
5.285000000000000142e+00 -1.437150427999999980e-01
5.287499999999999645e+00 -1.440964389999999928e-01
5.290000000000000036e+00 -1.438176130000000108e-01
5.292500000000000426e+00 -1.441384602999999931e-01
5.294999999999999929e+00 -1.443263623000000107e-01
5.297500000000000320e+00 -1.438777317000000111e-01
5.299999999999999822e+00 -1.439509126999999888e-01
5.302500000000000213e+00 -1.439013486999999869e-01
5.304999999999999716e+00 -1.441772165999999911e-01
5.307500000000000107e+00 -1.439662301000000089e-01
5.309999999999999609e+00 -1.441324236000000036e-01
5.312500000000000000e+00 -1.440443941000000005e-01
5.315000000000000391e+00 -1.442032890000000123e-01
5.317499999999999893e+00 -1.440072937999999914e-01
5.320000000000000284e+00 -1.443172111000000091e-01
5.322499999999999787e+00 -1.443468990000000007e-01
5.325000000000000178e+00 -1.441499988000000121e-01
5.327499999999999680e+00 -1.442658726000000113e-01
5.330000000000000071e+00 -1.447010289000000005e-01
5.332499999999999574e+00 -1.445311626000000127e-01
5.334999999999999964e+00 -1.443183902999999879e-01
5.337500000000000355e+00 -1.443667395999999881e-01
5.339999999999999858e+00 -1.443578292000000096e-01
5.342500000000000249e+00 -1.440471077999999905e-01
5.344999999999999751e+00 -1.442497601999999934e-01
5.347500000000000142e+00 -1.443821378000000044e-01
5.349999999999999645e+00 -1.445224478000000090e-01
5.352500000000000036e+00 -1.443520933000000117e-01
5.355000000000000426e+00 -1.441998572000000034e-01
5.357499999999999929e+00 -1.444900865000000034e-01
5.360000000000000320e+00 -1.446202803999999953e-01
5.362499999999999822e+00 -1.442095680000000102e-01
5.365000000000000213e+00 -1.440085086000000014e-01
5.367499999999999716e+00 -1.444130515000000003e-01
5.370000000000000107e+00 -1.443099986999999973e-01
5.372499999999999609e+00 -1.444843398000000001e-01
5.375000000000000000e+00 -1.442607790000000056e-01
5.377500000000000391e+00 -1.443779588999999919e-01
5.379999999999999893e+00 -1.441557608000000046e-01
5.382500000000000284e+00 -1.445370418999999962e-01
5.384999999999999787e+00 -1.443360106999999892e-01
5.387500000000000178e+00 -1.443381213000000107e-01
5.389999999999999680e+00 -1.445283346000000024e-01
5.392500000000000071e+00 -1.449110506000000076e-01
5.394999999999999574e+00 -1.446829088999999902e-01
5.397499999999999964e+00 -1.446654185000000037e-01
5.400000000000000355e+00 -1.447634003000000114e-01
5.402499999999999858e+00 -1.445975765999999996e-01
5.405000000000000249e+00 -1.444358572999999979e-01
5.407499999999999751e+00 -1.448036339999999866e-01
5.410000000000000142e+00 -1.444425863999999893e-01
5.412499999999999645e+00 -1.445658019999999933e-01
5.415000000000000036e+00 -1.445434563999999922e-01
5.417500000000000426e+00 -1.446756731000000129e-01
5.419999999999999929e+00 -1.446548618000000064e-01
5.422500000000000320e+00 -1.445993325000000107e-01
5.424999999999999822e+00 -1.446278061999999864e-01
5.427500000000000213e+00 -1.447240713000000067e-01
5.429999999999999716e+00 -1.448805702000000029e-01
5.432500000000000107e+00 -1.445308006000000089e-01
5.434999999999999609e+00 -1.445767950000000079e-01
5.437500000000000000e+00 -1.447141710000000026e-01
5.440000000000000391e+00 -1.449017056999999942e-01
5.442499999999999893e+00 -1.452709487000000133e-01
5.445000000000000284e+00 -1.447787527000000130e-01
5.447499999999999787e+00 -1.449519270000000082e-01
5.450000000000000178e+00 -1.450218433999999890e-01
5.452499999999999680e+00 -1.449627350999999897e-01
5.455000000000000071e+00 -1.444879020000000014e-01
5.457499999999999574e+00 -1.453483468000000001e-01
5.459999999999999964e+00 -1.447441208999999951e-01
5.462500000000000355e+00 -1.447463589999999911e-01
5.464999999999999858e+00 -1.449402697000000129e-01
5.467500000000000249e+00 -1.450494052000000089e-01
5.469999999999999751e+00 -1.448845541000000070e-01
5.472500000000000142e+00 -1.450726187999999972e-01
5.474999999999999645e+00 -1.449943495000000082e-01
5.477500000000000036e+00 -1.449435396000000043e-01
5.480000000000000426e+00 -1.450490963000000133e-01
5.482499999999999929e+00 -1.446555419999999981e-01
5.485000000000000320e+00 -1.448774012000000055e-01
5.487499999999999822e+00 -1.447963566000000091e-01
5.490000000000000213e+00 -1.450534837000000132e-01
5.492499999999999716e+00 -1.452845447999999984e-01
5.495000000000000107e+00 -1.451248945999999984e-01
5.497499999999999609e+00 -1.451139784999999904e-01
5.500000000000000000e+00 -1.452615104999999962e-01
5.502500000000000391e+00 -1.450854303999999928e-01
5.504999999999999893e+00 -1.450502528000000013e-01
5.507500000000000284e+00 -1.453236407000000063e-01
5.509999999999999787e+00 -1.454711377000000028e-01
5.512500000000000178e+00 -1.452405609999999903e-01
5.514999999999999680e+00 -1.454610926999999887e-01
5.517500000000000071e+00 -1.450730122999999983e-01
5.519999999999999574e+00 -1.451613096000000103e-01
5.522499999999999964e+00 -1.456196909999999956e-01
5.525000000000000355e+00 -1.453922139999999918e-01
5.527499999999999858e+00 -1.452466139999999961e-01
5.530000000000000249e+00 -1.453723658999999946e-01
5.532499999999999751e+00 -1.457212320000000061e-01
5.535000000000000142e+00 -1.451709907000000022e-01
5.537499999999999645e+00 -1.456847662999999904e-01
5.540000000000000036e+00 -1.454812618999999918e-01
5.542500000000000426e+00 -1.453313071000000012e-01
5.544999999999999929e+00 -1.454687065999999973e-01
5.547500000000000320e+00 -1.453994949000000092e-01
5.549999999999999822e+00 -1.453362283000000088e-01
5.552500000000000213e+00 -1.455690222999999894e-01
5.554999999999999716e+00 -1.456251983999999888e-01
5.557500000000000107e+00 -1.456629456999999905e-01
5.559999999999999609e+00 -1.456725054999999935e-01
5.562500000000000000e+00 -1.458412272999999870e-01
5.565000000000000391e+00 -1.457440992000000046e-01
5.567499999999999893e+00 -1.455803256000000045e-01
5.570000000000000284e+00 -1.454810572000000135e-01
5.572499999999999787e+00 -1.457728749999999962e-01
5.575000000000000178e+00 -1.458726317000000050e-01
5.577499999999999680e+00 -1.456333734999999963e-01
5.580000000000000071e+00 -1.461747912999999954e-01
5.582499999999999574e+00 -1.460931118999999889e-01
5.584999999999999964e+00 -1.461589759999999960e-01
5.587500000000000355e+00 -1.457144934000000058e-01
5.589999999999999858e+00 -1.457363932000000084e-01
5.592500000000000249e+00 -1.460391413000000083e-01
5.594999999999999751e+00 -1.457954858999999936e-01
5.597500000000000142e+00 -1.459823067999999890e-01
5.599999999999999645e+00 -1.460847573999999871e-01
5.602500000000000036e+00 -1.459165816000000115e-01
5.605000000000000426e+00 -1.460996770000000111e-01
5.607499999999999929e+00 -1.461206761999999937e-01
5.610000000000000320e+00 -1.460338492999999904e-01
5.612499999999999822e+00 -1.459848183000000132e-01
5.615000000000000213e+00 -1.462398682999999922e-01
5.617499999999999716e+00 -1.462471938999999888e-01
5.620000000000000107e+00 -1.460352500000000053e-01
5.622499999999999609e+00 -1.461949225999999991e-01
5.625000000000000000e+00 -1.465856053000000048e-01
5.627500000000000391e+00 -1.460130809999999890e-01
5.629999999999999893e+00 -1.460831069999999898e-01
5.632500000000000284e+00 -1.462745252000000051e-01
5.634999999999999787e+00 -1.459711020999999997e-01
5.637500000000000178e+00 -1.462810374999999885e-01
5.639999999999999680e+00 -1.461506513999999979e-01
5.642500000000000071e+00 -1.463444809999999985e-01
5.644999999999999574e+00 -1.463343535999999945e-01
5.647499999999999964e+00 -1.464998832999999945e-01
5.650000000000000355e+00 -1.461161182000000058e-01
5.652499999999999858e+00 -1.462056469999999941e-01
5.655000000000000249e+00 -1.464285519000000091e-01
5.657499999999999751e+00 -1.465185556999999972e-01
5.660000000000000142e+00 -1.464793306000000128e-01
5.662499999999999645e+00 -1.463524712000000005e-01
5.665000000000000036e+00 -1.463282881999999896e-01
5.667500000000000426e+00 -1.466317494999999915e-01
5.669999999999999929e+00 -1.466896484000000112e-01
5.672500000000000320e+00 -1.468544491000000063e-01
5.674999999999999822e+00 -1.463708955999999950e-01
5.677500000000000213e+00 -1.467201180000000105e-01
5.679999999999999716e+00 -1.466170935999999980e-01
5.682500000000000107e+00 -1.465900582000000119e-01
5.684999999999999609e+00 -1.467029982999999982e-01
5.687500000000000000e+00 -1.466873266000000009e-01
5.690000000000000391e+00 -1.468194925999999900e-01
5.692499999999999893e+00 -1.467699473999999893e-01
5.695000000000000284e+00 -1.466820125999999946e-01
5.697499999999999787e+00 -1.468728279000000025e-01
5.700000000000000178e+00 -1.473552579999999890e-01
5.702499999999999680e+00 -1.468623025999999943e-01
5.705000000000000071e+00 -1.468456009000000118e-01
5.707499999999999574e+00 -1.470003545999999939e-01
5.709999999999999964e+00 -1.466174084000000100e-01
5.712500000000000355e+00 -1.469916618000000064e-01
5.714999999999999858e+00 -1.470431832999999910e-01
5.717500000000000249e+00 -1.469734987999999909e-01
5.719999999999999751e+00 -1.468804804999999936e-01
5.722500000000000142e+00 -1.470455468999999904e-01
5.724999999999999645e+00 -1.470774515000000116e-01
5.727500000000000036e+00 -1.470376646000000065e-01
5.730000000000000426e+00 -1.470800311000000082e-01
5.732499999999999929e+00 -1.466778277000000130e-01
5.735000000000000320e+00 -1.471426818999999886e-01
5.737499999999999822e+00 -1.471848322000000042e-01
5.740000000000000213e+00 -1.472946442999999994e-01
5.742499999999999716e+00 -1.474588169999999920e-01
5.745000000000000107e+00 -1.470746055999999913e-01
5.747499999999999609e+00 -1.473821268000000129e-01
5.750000000000000000e+00 -1.473996123000000102e-01
5.752500000000000391e+00 -1.473400078000000057e-01
5.754999999999999893e+00 -1.471294535000000070e-01
5.757500000000000284e+00 -1.477099317999999994e-01
5.759999999999999787e+00 -1.469670338999999881e-01
5.762500000000000178e+00 -1.475158129999999956e-01
5.764999999999999680e+00 -1.474726529000000008e-01
5.767500000000000071e+00 -1.478695812999999970e-01
5.769999999999999574e+00 -1.475549995000000059e-01
5.772499999999999964e+00 -1.476004720000000103e-01
5.775000000000000355e+00 -1.473571783000000024e-01
5.777499999999999858e+00 -1.476289198999999885e-01
5.780000000000000249e+00 -1.474984853000000096e-01
5.782499999999999751e+00 -1.477905133000000093e-01
5.785000000000000142e+00 -1.477461365000000137e-01
5.787499999999999645e+00 -1.475544340000000121e-01
5.790000000000000036e+00 -1.477757788999999877e-01
5.792500000000000426e+00 -1.476331871999999878e-01
5.794999999999999929e+00 -1.478107281999999911e-01
5.797500000000000320e+00 -1.475631950000000081e-01
5.799999999999999822e+00 -1.475404780000000027e-01
5.802500000000000213e+00 -1.478199041999999908e-01
5.804999999999999716e+00 -1.479350695999999965e-01
5.807500000000000107e+00 -1.480303028000000132e-01
5.809999999999999609e+00 -1.477334157999999897e-01
5.812500000000000000e+00 -1.480049133999999933e-01
5.815000000000000391e+00 -1.479028980000000049e-01
5.817499999999999893e+00 -1.481369274000000069e-01
5.820000000000000284e+00 -1.480474843000000040e-01
5.822499999999999787e+00 -1.483431530000000054e-01
5.825000000000000178e+00 -1.478008842999999906e-01
5.827499999999999680e+00 -1.483216793000000089e-01
5.830000000000000071e+00 -1.477745872000000016e-01
5.832499999999999574e+00 -1.484208481000000024e-01
5.834999999999999964e+00 -1.482852346999999904e-01
5.837500000000000355e+00 -1.482579119999999917e-01
5.839999999999999858e+00 -1.484020226999999970e-01
5.842500000000000249e+00 -1.483625758999999877e-01
5.844999999999999751e+00 -1.485365452000000086e-01
5.847500000000000142e+00 -1.484232507999999895e-01
5.849999999999999645e+00 -1.481677202999999998e-01
5.852500000000000036e+00 -1.483649023999999983e-01
5.855000000000000426e+00 -1.479100108999999996e-01
5.857499999999999929e+00 -1.484167990999999964e-01
5.860000000000000320e+00 -1.486189981999999910e-01
5.862499999999999822e+00 -1.489520230999999972e-01
5.865000000000000213e+00 -1.486174583000000049e-01
5.867499999999999716e+00 -1.486955255999999892e-01
5.870000000000000107e+00 -1.487791850000000082e-01
5.872499999999999609e+00 -1.486003351999999889e-01
5.875000000000000000e+00 -1.486548400000000103e-01
5.877500000000000391e+00 -1.488410125999999889e-01
5.879999999999999893e+00 -1.487986255000000035e-01
5.882500000000000284e+00 -1.488774509999999940e-01
5.884999999999999787e+00 -1.486625863000000103e-01
5.887500000000000178e+00 -1.492275452999999863e-01
5.889999999999999680e+00 -1.488508745999999883e-01
5.892500000000000071e+00 -1.489190324000000121e-01
5.894999999999999574e+00 -1.490981150000000033e-01
5.897499999999999964e+00 -1.489184120000000000e-01
5.900000000000000355e+00 -1.489381023999999942e-01
5.902499999999999858e+00 -1.486165708999999946e-01
5.905000000000000249e+00 -1.490283256000000112e-01
5.907499999999999751e+00 -1.488810996000000109e-01
5.910000000000000142e+00 -1.493220477999999962e-01
5.912499999999999645e+00 -1.492981934000000011e-01
5.915000000000000036e+00 -1.490134949999999958e-01
5.917500000000000426e+00 -1.493928197000000124e-01
5.919999999999999929e+00 -1.491390555999999867e-01
5.922500000000000320e+00 -1.492097679000000121e-01
5.924999999999999822e+00 -1.493415164000000128e-01
5.927500000000000213e+00 -1.489611980999999974e-01
5.929999999999999716e+00 -1.495039890000000038e-01
5.932500000000000107e+00 -1.493116848000000108e-01
5.934999999999999609e+00 -1.495795562999999995e-01
5.937500000000000000e+00 -1.499790320000000121e-01
5.940000000000000391e+00 -1.493944479000000047e-01
5.942499999999999893e+00 -1.493510912000000079e-01
5.945000000000000284e+00 -1.494202551999999906e-01
5.947499999999999787e+00 -1.494889923999999926e-01
5.950000000000000178e+00 -1.493148820999999904e-01
5.952499999999999680e+00 -1.497884684000000133e-01
5.955000000000000071e+00 -1.495699863999999935e-01
5.957499999999999574e+00 -1.494733910999999915e-01
5.959999999999999964e+00 -1.496144050000000059e-01
5.962500000000000355e+00 -1.495822185000000026e-01
5.964999999999999858e+00 -1.500696073999999991e-01
5.967500000000000249e+00 -1.499731232000000025e-01
5.969999999999999751e+00 -1.497247801999999905e-01
5.972500000000000142e+00 -1.498560730000000063e-01
5.974999999999999645e+00 -1.498658897000000045e-01
5.977500000000000036e+00 -1.499489749000000038e-01
5.980000000000000426e+00 -1.498513107999999983e-01
5.982499999999999929e+00 -1.498762979999999911e-01
5.985000000000000320e+00 -1.500850827000000109e-01
5.987499999999999822e+00 -1.500942869000000124e-01
5.990000000000000213e+00 -1.501931394999999891e-01
5.992499999999999716e+00 -1.502044120000000094e-01
5.995000000000000107e+00 -1.504588916000000054e-01
5.997499999999999609e+00 -1.499388299999999952e-01
6.000000000000000000e+00 -1.503476914999999914e-01
6.002500000000000391e+00 -1.503937261000000136e-01
6.004999999999999893e+00 -1.501254566999999929e-01
6.007500000000000284e+00 -1.505570592999999902e-01
6.009999999999999787e+00 -1.500423161999999977e-01
6.012500000000000178e+00 -1.504445325000000055e-01
6.014999999999999680e+00 -1.507481032000000110e-01
6.017500000000000071e+00 -1.503794442999999981e-01
6.019999999999999574e+00 -1.505762378999999929e-01
6.022499999999999964e+00 -1.506572743000000048e-01
6.025000000000000355e+00 -1.505223051000000034e-01
6.027499999999999858e+00 -1.507356967000000048e-01
6.030000000000000249e+00 -1.507051111000000110e-01
6.032499999999999751e+00 -1.509013532000000046e-01
6.035000000000000142e+00 -1.508406968000000070e-01
6.037499999999999645e+00 -1.505581125000000076e-01
6.040000000000000036e+00 -1.510189258999999895e-01
6.042500000000000426e+00 -1.507151995999999883e-01
6.044999999999999929e+00 -1.507818647999999984e-01
6.047500000000000320e+00 -1.509583696000000030e-01
6.049999999999999822e+00 -1.512192330000000084e-01
6.052500000000000213e+00 -1.508465945999999946e-01
6.054999999999999716e+00 -1.511575108999999861e-01
6.057500000000000107e+00 -1.516195643000000093e-01
6.059999999999999609e+00 -1.509810101000000071e-01
6.062500000000000000e+00 -1.513073637000000027e-01
6.065000000000000391e+00 -1.512380090000000066e-01
6.067499999999999893e+00 -1.512463850000000110e-01
6.070000000000000284e+00 -1.510510697999999929e-01
6.072499999999999787e+00 -1.515586922999999919e-01
6.075000000000000178e+00 -1.515121960999999962e-01
6.077499999999999680e+00 -1.515163669000000046e-01
6.080000000000000071e+00 -1.514079846999999979e-01
6.082499999999999574e+00 -1.513499598999999973e-01
6.084999999999999964e+00 -1.518094959000000077e-01
6.087500000000000355e+00 -1.514882428999999864e-01
6.089999999999999858e+00 -1.518069382999999994e-01
6.092500000000000249e+00 -1.516713429999999863e-01
6.094999999999999751e+00 -1.514567062999999936e-01
6.097500000000000142e+00 -1.517200820999999866e-01
6.099999999999999645e+00 -1.517840685999999883e-01
6.102500000000000036e+00 -1.517840065000000127e-01
6.105000000000000426e+00 -1.519231602999999986e-01
6.107499999999999929e+00 -1.520751664999999975e-01
6.110000000000000320e+00 -1.518119606999999982e-01
6.112499999999999822e+00 -1.521055067000000038e-01
6.115000000000000213e+00 -1.519490693999999975e-01
6.117499999999999716e+00 -1.521761201000000063e-01
6.120000000000000107e+00 -1.519137195999999967e-01
6.122499999999999609e+00 -1.522429969999999910e-01
6.125000000000000000e+00 -1.523341329000000022e-01
6.127500000000000391e+00 -1.521771658999999943e-01
6.129999999999999893e+00 -1.522732810999999908e-01
6.132500000000000284e+00 -1.525832276999999904e-01
6.134999999999999787e+00 -1.524467067999999981e-01
6.137500000000000178e+00 -1.523641108999999882e-01
6.139999999999999680e+00 -1.526619988000000039e-01
6.142500000000000071e+00 -1.523999400999999920e-01
6.144999999999999574e+00 -1.526258178000000076e-01
6.147499999999999964e+00 -1.527769841999999934e-01
6.150000000000000355e+00 -1.527904183999999888e-01
6.152499999999999858e+00 -1.522427690000000000e-01
6.155000000000000249e+00 -1.526813891000000090e-01
6.157499999999999751e+00 -1.523830295999999973e-01
6.160000000000000142e+00 -1.528548711000000115e-01
6.162499999999999645e+00 -1.530691000000000135e-01
6.165000000000000036e+00 -1.526534831999999953e-01
6.167500000000000426e+00 -1.526514417000000012e-01
6.169999999999999929e+00 -1.531328335999999901e-01
6.172500000000000320e+00 -1.528519987999999996e-01
6.174999999999999822e+00 -1.527947181000000043e-01
6.177500000000000213e+00 -1.528270258999999964e-01
6.179999999999999716e+00 -1.527349659999999998e-01
6.182500000000000107e+00 -1.530647907000000085e-01
6.184999999999999609e+00 -1.532353163999999879e-01
6.187500000000000000e+00 -1.534224308000000092e-01
6.190000000000000391e+00 -1.536431258000000022e-01
6.192499999999999893e+00 -1.531760997999999929e-01
6.195000000000000284e+00 -1.532643989999999956e-01
6.197499999999999787e+00 -1.536204352999999967e-01
6.200000000000000178e+00 -1.534612931999999874e-01
6.202499999999999680e+00 -1.535911229999999961e-01
6.205000000000000071e+00 -1.536252235999999993e-01
6.207499999999999574e+00 -1.535177587999999871e-01
6.209999999999999964e+00 -1.536826052999999970e-01
6.212500000000000355e+00 -1.536983331000000008e-01
6.214999999999999858e+00 -1.541871200000000108e-01
6.217500000000000249e+00 -1.539128372999999939e-01
6.219999999999999751e+00 -1.535193340000000073e-01
6.222500000000000142e+00 -1.537188872999999956e-01
6.224999999999999645e+00 -1.537439311000000086e-01
6.227500000000000036e+00 -1.538592551999999891e-01
6.230000000000000426e+00 -1.539296700999999989e-01
6.232499999999999929e+00 -1.540696706000000138e-01
6.235000000000000320e+00 -1.542148653000000036e-01
6.237499999999999822e+00 -1.540391540999999920e-01
6.240000000000000213e+00 -1.538294171000000043e-01
6.242499999999999716e+00 -1.542683461000000089e-01
6.245000000000000107e+00 -1.540798416999999976e-01
6.247499999999999609e+00 -1.544282015000000008e-01
6.250000000000000000e+00 -1.542822823999999982e-01
6.252500000000000391e+00 -1.544797209999999865e-01
6.254999999999999893e+00 -1.548276567999999909e-01
6.257500000000000284e+00 -1.547192481999999925e-01
6.259999999999999787e+00 -1.545118015999999983e-01
6.262500000000000178e+00 -1.547181579999999945e-01
6.264999999999999680e+00 -1.547077319999999867e-01
6.267500000000000071e+00 -1.544314172000000041e-01
6.269999999999999574e+00 -1.545222216000000093e-01
6.272499999999999964e+00 -1.549139150999999937e-01
6.275000000000000355e+00 -1.550078242000000051e-01
6.277499999999999858e+00 -1.547344609999999898e-01
6.280000000000000249e+00 -1.546792570999999950e-01
6.282499999999999751e+00 -1.551019989999999904e-01
6.285000000000000142e+00 -1.550206681000000086e-01
6.287499999999999645e+00 -1.548435679999999870e-01
6.290000000000000036e+00 -1.549300738999999927e-01
6.292500000000000426e+00 -1.550367930000000061e-01
6.294999999999999929e+00 -1.551221117000000094e-01
6.297500000000000320e+00 -1.552012903999999971e-01
6.299999999999999822e+00 -1.551074259999999927e-01
6.302500000000000213e+00 -1.553676642000000052e-01
6.304999999999999716e+00 -1.553313534999999912e-01
6.307500000000000107e+00 -1.552067917000000130e-01
6.309999999999999609e+00 -1.555213709000000111e-01
6.312500000000000000e+00 -1.553421748999999907e-01
6.315000000000000391e+00 -1.557358330999999985e-01
6.317499999999999893e+00 -1.554581087999999944e-01
6.320000000000000284e+00 -1.557161642000000068e-01
6.322499999999999787e+00 -1.557020661999999889e-01
6.325000000000000178e+00 -1.556775488999999901e-01
6.327499999999999680e+00 -1.557166675999999972e-01
6.330000000000000071e+00 -1.555779022999999872e-01
6.332499999999999574e+00 -1.559409817999999892e-01
6.334999999999999964e+00 -1.557241869999999861e-01
6.337500000000000355e+00 -1.559674936999999872e-01
6.339999999999999858e+00 -1.559574605000000058e-01
6.342500000000000249e+00 -1.559512274000000032e-01
6.344999999999999751e+00 -1.559643806000000077e-01
6.347500000000000142e+00 -1.561168213999999943e-01
6.349999999999999645e+00 -1.558848422000000122e-01
6.352500000000000036e+00 -1.565147514999999934e-01
6.355000000000000426e+00 -1.563293128999999893e-01
6.357499999999999929e+00 -1.563629829000000027e-01
6.360000000000000320e+00 -1.563579543999999988e-01
6.362499999999999822e+00 -1.563456313000000097e-01
6.365000000000000213e+00 -1.562341224000000084e-01
6.367499999999999716e+00 -1.563519227000000067e-01
6.370000000000000107e+00 -1.563220415999999890e-01
6.372499999999999609e+00 -1.568185753000000127e-01
6.375000000000000000e+00 -1.567216713000000039e-01
6.377500000000000391e+00 -1.563873820999999997e-01
6.379999999999999893e+00 -1.567805848999999918e-01
6.382500000000000284e+00 -1.565907119999999930e-01
6.384999999999999787e+00 -1.566550546999999904e-01
6.387500000000000178e+00 -1.569473480999999948e-01
6.389999999999999680e+00 -1.569961377000000102e-01
6.392500000000000071e+00 -1.569421877999999937e-01
6.394999999999999574e+00 -1.567106437999999935e-01
6.397499999999999964e+00 -1.571457908999999986e-01
6.400000000000000355e+00 -1.569861307000000039e-01
6.402499999999999858e+00 -1.571201650999999866e-01
6.405000000000000249e+00 -1.572157530999999941e-01
6.407499999999999751e+00 -1.571616738999999929e-01
6.410000000000000142e+00 -1.573393837000000017e-01
6.412499999999999645e+00 -1.575622291999999869e-01
6.415000000000000036e+00 -1.576310806000000009e-01
6.417500000000000426e+00 -1.575816300000000003e-01
6.419999999999999929e+00 -1.577022829999999987e-01
6.422500000000000320e+00 -1.579483674999999920e-01
6.424999999999999822e+00 -1.577409010999999972e-01
6.427500000000000213e+00 -1.583083108999999988e-01
6.429999999999999716e+00 -1.579135664999999911e-01
6.432500000000000107e+00 -1.579535518999999888e-01
6.434999999999999609e+00 -1.575204903000000101e-01
6.437500000000000000e+00 -1.578418846000000098e-01
6.440000000000000391e+00 -1.583620739000000111e-01
6.442499999999999893e+00 -1.580595848000000136e-01
6.445000000000000284e+00 -1.583558330000000014e-01
6.447499999999999787e+00 -1.581706884999999896e-01
6.450000000000000178e+00 -1.581833837000000131e-01
6.452499999999999680e+00 -1.586265953999999867e-01
6.455000000000000071e+00 -1.583745820999999943e-01
6.457499999999999574e+00 -1.583566483000000136e-01
6.459999999999999964e+00 -1.587841811000000047e-01
6.462500000000000355e+00 -1.584581261000000130e-01
6.464999999999999858e+00 -1.586303795000000016e-01
6.467500000000000249e+00 -1.586018784000000070e-01
6.469999999999999751e+00 -1.584435673000000044e-01
6.472500000000000142e+00 -1.588640865000000013e-01
6.474999999999999645e+00 -1.588474622999999919e-01
6.477500000000000036e+00 -1.591287524999999980e-01
6.480000000000000426e+00 -1.585163686999999932e-01
6.482499999999999929e+00 -1.586714573000000128e-01
6.485000000000000320e+00 -1.589785991999999870e-01
6.487499999999999822e+00 -1.589525796000000046e-01
6.490000000000000213e+00 -1.587931747000000116e-01
6.492499999999999716e+00 -1.590848789000000041e-01
6.495000000000000107e+00 -1.591934560000000110e-01
6.497499999999999609e+00 -1.593138632999999971e-01
6.500000000000000000e+00 -1.593544349999999887e-01
6.502500000000000391e+00 -1.593925425000000118e-01
6.504999999999999893e+00 -1.592469666000000117e-01
6.507500000000000284e+00 -1.593877636000000098e-01
6.509999999999999787e+00 -1.595176684999999872e-01
6.512500000000000178e+00 -1.596067244999999912e-01
6.514999999999999680e+00 -1.596590917000000054e-01
6.517500000000000071e+00 -1.597804083999999902e-01
6.519999999999999574e+00 -1.598058528999999894e-01
6.522499999999999964e+00 -1.599938073999999932e-01
6.525000000000000355e+00 -1.599923236000000137e-01
6.527499999999999858e+00 -1.597800724000000006e-01
6.530000000000000249e+00 -1.600218005000000054e-01
6.532499999999999751e+00 -1.599684053000000050e-01
6.535000000000000142e+00 -1.601236746999999960e-01
6.537499999999999645e+00 -1.598329378999999995e-01
6.540000000000000036e+00 -1.602507250000000105e-01
6.542500000000000426e+00 -1.603853068999999965e-01
6.544999999999999929e+00 -1.606229715999999974e-01
6.547500000000000320e+00 -1.603119785999999880e-01
6.549999999999999822e+00 -1.607827675000000067e-01
6.552500000000000213e+00 -1.605374991000000084e-01
6.554999999999999716e+00 -1.605432709000000069e-01
6.557500000000000107e+00 -1.606764886000000003e-01
6.559999999999999609e+00 -1.608897317000000105e-01
6.562500000000000000e+00 -1.605030393999999916e-01
6.565000000000000391e+00 -1.610354924999999882e-01
6.567499999999999893e+00 -1.612440310999999904e-01
6.570000000000000284e+00 -1.611750228000000118e-01
6.572499999999999787e+00 -1.610334847000000069e-01
6.575000000000000178e+00 -1.608356307999999901e-01
6.577499999999999680e+00 -1.609366271999999876e-01
6.580000000000000071e+00 -1.609230855000000071e-01
6.582499999999999574e+00 -1.610707380999999994e-01
6.584999999999999964e+00 -1.610788572000000085e-01
6.587500000000000355e+00 -1.612271093000000044e-01
6.589999999999999858e+00 -1.615732530000000000e-01
6.592500000000000249e+00 -1.614170839999999885e-01
6.594999999999999751e+00 -1.615428513000000121e-01
6.597500000000000142e+00 -1.613907425999999978e-01
6.599999999999999645e+00 -1.616779721000000114e-01
6.602500000000000036e+00 -1.617419779000000002e-01
6.605000000000000426e+00 -1.618764128000000080e-01
6.607499999999999929e+00 -1.617199388999999987e-01
6.610000000000000320e+00 -1.618905868000000137e-01
6.612499999999999822e+00 -1.618077176999999922e-01
6.615000000000000213e+00 -1.616632346000000109e-01
6.617499999999999716e+00 -1.622780907999999966e-01
6.620000000000000107e+00 -1.620419723000000034e-01
6.622499999999999609e+00 -1.623635786000000025e-01
6.625000000000000000e+00 -1.619260466000000120e-01
6.627500000000000391e+00 -1.626561917999999884e-01
6.629999999999999893e+00 -1.621412049000000022e-01
6.632500000000000284e+00 -1.622907492000000007e-01
6.634999999999999787e+00 -1.626489220000000013e-01
6.637500000000000178e+00 -1.627818832000000049e-01
6.639999999999999680e+00 -1.625443430999999883e-01
6.642500000000000071e+00 -1.626722399999999957e-01
6.644999999999999574e+00 -1.627602126999999899e-01
6.647499999999999964e+00 -1.621080212000000076e-01
6.650000000000000355e+00 -1.628795258000000079e-01
6.652499999999999858e+00 -1.626735252000000020e-01
6.655000000000000249e+00 -1.632608936999999927e-01
6.657499999999999751e+00 -1.627288659999999998e-01
6.660000000000000142e+00 -1.630439734999999946e-01
6.662499999999999645e+00 -1.630256217000000118e-01
6.665000000000000036e+00 -1.631363375999999865e-01
6.667500000000000426e+00 -1.633480112000000040e-01
6.669999999999999929e+00 -1.631609122000000078e-01
6.672500000000000320e+00 -1.631434476999999994e-01
6.674999999999999822e+00 -1.632797823000000093e-01
6.677500000000000213e+00 -1.638044522000000058e-01
6.679999999999999716e+00 -1.632386336999999965e-01
6.682500000000000107e+00 -1.636062907999999982e-01
6.684999999999999609e+00 -1.634726374000000093e-01
6.687500000000000000e+00 -1.639646117999999930e-01
6.690000000000000391e+00 -1.636321857999999962e-01
6.692499999999999893e+00 -1.637419514000000020e-01
6.695000000000000284e+00 -1.635140955999999923e-01
6.697499999999999787e+00 -1.639090176000000121e-01
6.700000000000000178e+00 -1.639547818000000046e-01
6.702499999999999680e+00 -1.642218467000000071e-01
6.705000000000000071e+00 -1.642948005000000045e-01
6.707499999999999574e+00 -1.644603873000000105e-01
6.709999999999999964e+00 -1.641431130999999877e-01
6.712500000000000355e+00 -1.644256325000000019e-01
6.714999999999999858e+00 -1.643773541000000116e-01
6.717500000000000249e+00 -1.642684179999999994e-01
6.719999999999999751e+00 -1.646018023999999969e-01
6.722500000000000142e+00 -1.646197906999999905e-01
6.724999999999999645e+00 -1.650298624000000047e-01
6.727500000000000036e+00 -1.647679847999999891e-01
6.730000000000000426e+00 -1.648070450000000131e-01
6.732499999999999929e+00 -1.647327373999999955e-01
6.735000000000000320e+00 -1.650121230000000105e-01
6.737499999999999822e+00 -1.651673582000000029e-01
6.740000000000000213e+00 -1.655523098999999998e-01
6.742499999999999716e+00 -1.653061822000000125e-01
6.745000000000000107e+00 -1.650425174000000050e-01
6.747499999999999609e+00 -1.654813843000000062e-01
6.750000000000000000e+00 -1.652883756999999898e-01
6.752500000000000391e+00 -1.655755630999999894e-01
6.754999999999999893e+00 -1.659358100999999974e-01
6.757500000000000284e+00 -1.656348310999999907e-01
6.759999999999999787e+00 -1.655937470999999939e-01
6.762500000000000178e+00 -1.656664438000000072e-01
6.764999999999999680e+00 -1.658764877999999998e-01
6.767500000000000071e+00 -1.658389376999999942e-01
6.769999999999999574e+00 -1.658831051000000112e-01
6.772499999999999964e+00 -1.659155686999999879e-01
6.775000000000000355e+00 -1.663190431999999885e-01
6.777499999999999858e+00 -1.660879124999999901e-01
6.780000000000000249e+00 -1.666297503999999985e-01
6.782499999999999751e+00 -1.662300453999999983e-01
6.785000000000000142e+00 -1.663787624999999992e-01
6.787499999999999645e+00 -1.662567300999999997e-01
6.790000000000000036e+00 -1.667330994000000011e-01
6.792500000000000426e+00 -1.661903409999999914e-01
6.794999999999999929e+00 -1.668869967999999926e-01
6.797500000000000320e+00 -1.664314171000000064e-01
6.799999999999999822e+00 -1.668016565000000062e-01
6.802500000000000213e+00 -1.668445061000000118e-01
6.804999999999999716e+00 -1.669521781999999954e-01
6.807500000000000107e+00 -1.668250468999999958e-01
6.809999999999999609e+00 -1.670102440000000021e-01
6.812500000000000000e+00 -1.669976273999999872e-01
6.815000000000000391e+00 -1.674101984999999959e-01
6.817499999999999893e+00 -1.671629225000000052e-01
6.820000000000000284e+00 -1.672647207000000080e-01
6.822499999999999787e+00 -1.679242895999999985e-01
6.825000000000000178e+00 -1.672480453000000089e-01
6.827499999999999680e+00 -1.674684808000000136e-01
6.830000000000000071e+00 -1.673939533999999896e-01
6.832499999999999574e+00 -1.677515641000000002e-01
6.834999999999999964e+00 -1.675749292000000001e-01
6.837500000000000355e+00 -1.681016092000000017e-01
6.839999999999999858e+00 -1.678104296000000051e-01
6.842500000000000249e+00 -1.676731841999999917e-01
6.844999999999999751e+00 -1.680323667999999993e-01
6.847500000000000142e+00 -1.683898867999999993e-01
6.849999999999999645e+00 -1.680821339999999942e-01
6.852500000000000036e+00 -1.681698006000000023e-01
6.855000000000000426e+00 -1.685601659000000030e-01
6.857499999999999929e+00 -1.684419826000000120e-01
6.860000000000000320e+00 -1.687588815999999936e-01
6.862499999999999822e+00 -1.684678512999999989e-01
6.865000000000000213e+00 -1.686809415999999950e-01
6.867499999999999716e+00 -1.685440410000000055e-01
6.870000000000000107e+00 -1.686772005999999935e-01
6.872499999999999609e+00 -1.688660099000000026e-01
6.875000000000000000e+00 -1.690675937999999989e-01
6.877500000000000391e+00 -1.692110779999999870e-01
6.879999999999999893e+00 -1.693486015000000011e-01
6.882500000000000284e+00 -1.688737218999999956e-01
6.884999999999999787e+00 -1.693074324999999936e-01
6.887500000000000178e+00 -1.692957650999999952e-01
6.889999999999999680e+00 -1.691993270999999910e-01
6.892500000000000071e+00 -1.693225421000000008e-01
6.894999999999999574e+00 -1.695517022999999956e-01
6.897499999999999964e+00 -1.695739028000000093e-01
6.900000000000000355e+00 -1.695734939999999913e-01
6.902499999999999858e+00 -1.695620516999999938e-01
6.905000000000000249e+00 -1.695179264999999991e-01
6.907499999999999751e+00 -1.699416632999999899e-01
6.910000000000000142e+00 -1.703593790000000052e-01
6.912499999999999645e+00 -1.703142227999999980e-01
6.915000000000000036e+00 -1.697120256999999910e-01
6.917500000000000426e+00 -1.703874122000000046e-01
6.919999999999999929e+00 -1.703437138999999989e-01
6.922500000000000320e+00 -1.705744554999999996e-01
6.924999999999999822e+00 -1.706031031999999947e-01
6.927500000000000213e+00 -1.708769055000000092e-01
6.929999999999999716e+00 -1.705090700999999931e-01
6.932500000000000107e+00 -1.706996661999999887e-01
6.934999999999999609e+00 -1.707539032000000012e-01
6.937500000000000000e+00 -1.710078479999999901e-01
6.940000000000000391e+00 -1.708667912999999872e-01
6.942499999999999893e+00 -1.710743966000000116e-01
6.945000000000000284e+00 -1.710235324000000112e-01
6.947499999999999787e+00 -1.707746310999999906e-01
6.950000000000000178e+00 -1.713517528000000067e-01
6.952499999999999680e+00 -1.711440757000000090e-01
6.955000000000000071e+00 -1.714221469999999969e-01
6.957499999999999574e+00 -1.718093403000000019e-01
6.959999999999999964e+00 -1.716477030000000126e-01
6.962500000000000355e+00 -1.715101421999999931e-01
6.964999999999999858e+00 -1.715716632000000019e-01
6.967500000000000249e+00 -1.717990181999999866e-01
6.969999999999999751e+00 -1.720893531999999893e-01
6.972500000000000142e+00 -1.717785953000000032e-01
6.974999999999999645e+00 -1.719571071999999867e-01
6.977500000000000036e+00 -1.719548328999999931e-01
6.980000000000000426e+00 -1.722268272999999961e-01
6.982499999999999929e+00 -1.722941850999999969e-01
6.985000000000000320e+00 -1.726126078999999924e-01
6.987499999999999822e+00 -1.723248642000000108e-01
6.990000000000000213e+00 -1.727701956000000094e-01
6.992499999999999716e+00 -1.725993185999999957e-01
6.995000000000000107e+00 -1.726404532999999963e-01
6.997499999999999609e+00 -1.728109455000000072e-01
7.000000000000000000e+00 -1.726092597999999978e-01
7.002500000000000391e+00 -1.729707440999999901e-01
7.004999999999999893e+00 -1.732779738999999930e-01
7.007500000000000284e+00 -1.733360291000000108e-01
7.009999999999999787e+00 -1.733464985000000014e-01
7.012500000000000178e+00 -1.730112799000000090e-01
7.014999999999999680e+00 -1.733638923999999970e-01
7.017500000000000071e+00 -1.736660619000000016e-01
7.019999999999999574e+00 -1.735667395000000113e-01
7.022499999999999964e+00 -1.737543693999999972e-01
7.025000000000000355e+00 -1.736676863000000126e-01
7.027499999999999858e+00 -1.738585024000000034e-01
7.030000000000000249e+00 -1.739607462999999965e-01
7.032499999999999751e+00 -1.739497120000000063e-01
7.035000000000000142e+00 -1.738095544999999909e-01
7.037499999999999645e+00 -1.740336534999999962e-01
7.040000000000000036e+00 -1.740605406000000077e-01
7.042500000000000426e+00 -1.744327016999999980e-01
7.044999999999999929e+00 -1.740731605999999987e-01
7.047500000000000320e+00 -1.744852803999999979e-01
7.049999999999999822e+00 -1.742724143000000114e-01
7.052500000000000213e+00 -1.744275586000000045e-01
7.054999999999999716e+00 -1.745819402000000076e-01
7.057500000000000107e+00 -1.746905055000000095e-01
7.059999999999999609e+00 -1.750102537999999874e-01
7.062500000000000000e+00 -1.747030081000000012e-01
7.065000000000000391e+00 -1.746678812999999941e-01
7.067499999999999893e+00 -1.750494053999999966e-01
7.070000000000000284e+00 -1.753635584000000081e-01
7.072499999999999787e+00 -1.754018230000000123e-01
7.075000000000000178e+00 -1.750072310000000131e-01
7.077499999999999680e+00 -1.753931092999999886e-01
7.080000000000000071e+00 -1.754990103999999884e-01
7.082499999999999574e+00 -1.753748943000000005e-01
7.084999999999999964e+00 -1.755910405999999979e-01
7.087500000000000355e+00 -1.757405804999999932e-01
7.089999999999999858e+00 -1.759493631999999863e-01
7.092500000000000249e+00 -1.758222117000000084e-01
7.094999999999999751e+00 -1.760883785000000035e-01
7.097500000000000142e+00 -1.757181453999999976e-01
7.099999999999999645e+00 -1.759220109000000087e-01
7.102500000000000036e+00 -1.763296874999999986e-01
7.105000000000000426e+00 -1.761479116000000122e-01
7.107499999999999929e+00 -1.766007380999999876e-01
7.110000000000000320e+00 -1.765224501999999862e-01
7.112499999999999822e+00 -1.765656857000000024e-01
7.115000000000000213e+00 -1.766632784999999928e-01
7.117499999999999716e+00 -1.767652590000000079e-01
7.120000000000000107e+00 -1.767853125999999941e-01
7.122499999999999609e+00 -1.769620122999999989e-01
7.125000000000000000e+00 -1.770595963000000106e-01
7.127500000000000391e+00 -1.770774535999999899e-01
7.129999999999999893e+00 -1.773136955000000070e-01
7.132500000000000284e+00 -1.775616468000000003e-01
7.134999999999999787e+00 -1.774680278000000111e-01
7.137500000000000178e+00 -1.776682313000000069e-01
7.139999999999999680e+00 -1.773550366999999961e-01
7.142500000000000071e+00 -1.777158379999999871e-01
7.144999999999999574e+00 -1.776439937000000024e-01
7.147499999999999964e+00 -1.778816812000000025e-01
7.150000000000000355e+00 -1.779204249999999932e-01
7.152499999999999858e+00 -1.780233488000000086e-01
7.155000000000000249e+00 -1.780289632000000011e-01
7.157499999999999751e+00 -1.781081190999999897e-01
7.160000000000000142e+00 -1.783825478000000131e-01
7.162499999999999645e+00 -1.782107240999999953e-01
7.165000000000000036e+00 -1.788009785999999934e-01
7.167500000000000426e+00 -1.787783129000000137e-01
7.169999999999999929e+00 -1.786403027000000032e-01
7.172500000000000320e+00 -1.790935307000000032e-01
7.174999999999999822e+00 -1.787976017000000029e-01
7.177500000000000213e+00 -1.788541473999999964e-01
7.179999999999999716e+00 -1.791446117999999921e-01
7.182500000000000107e+00 -1.789026536999999972e-01
7.184999999999999609e+00 -1.791894522999999961e-01
7.187500000000000000e+00 -1.795954885000000112e-01
7.190000000000000391e+00 -1.794740776000000038e-01
7.192499999999999893e+00 -1.796291257000000030e-01
7.195000000000000284e+00 -1.795774209000000066e-01
7.197499999999999787e+00 -1.794648090000000029e-01
7.200000000000000178e+00 -1.793797652000000131e-01
7.202499999999999680e+00 -1.796997345999999940e-01
7.205000000000000071e+00 -1.798833753999999896e-01
7.207499999999999574e+00 -1.801350469999999926e-01
7.209999999999999964e+00 -1.800789499999999876e-01
7.212500000000000355e+00 -1.796849771000000040e-01
7.214999999999999858e+00 -1.802563500000000096e-01
7.217500000000000249e+00 -1.803190809999999922e-01
7.219999999999999751e+00 -1.805153727999999902e-01
7.222500000000000142e+00 -1.804178389999999965e-01
7.224999999999999645e+00 -1.805789378000000056e-01
7.227500000000000036e+00 -1.808650572999999928e-01
7.230000000000000426e+00 -1.811519511000000138e-01
7.232499999999999929e+00 -1.808023736000000103e-01
7.235000000000000320e+00 -1.809502818000000013e-01
7.237499999999999822e+00 -1.810480989999999901e-01
7.240000000000000213e+00 -1.811969645000000018e-01
7.242499999999999716e+00 -1.818420766000000133e-01
7.245000000000000107e+00 -1.814202494000000110e-01
7.247499999999999609e+00 -1.814557931000000124e-01
7.250000000000000000e+00 -1.815859769000000012e-01
7.252500000000000391e+00 -1.819984443000000063e-01
7.254999999999999893e+00 -1.818979719999999911e-01
7.257500000000000284e+00 -1.822254929999999884e-01
7.259999999999999787e+00 -1.818144812999999971e-01
7.262500000000000178e+00 -1.819237763000000063e-01
7.264999999999999680e+00 -1.823571643999999936e-01
7.267500000000000071e+00 -1.824416802999999920e-01
7.269999999999999574e+00 -1.825192653999999914e-01
7.272499999999999964e+00 -1.827485614999999897e-01
7.275000000000000355e+00 -1.828423250000000000e-01
7.277499999999999858e+00 -1.824098187000000038e-01
7.280000000000000249e+00 -1.829455681000000111e-01
7.282499999999999751e+00 -1.832058826999999890e-01
7.285000000000000142e+00 -1.831414047000000100e-01
7.287499999999999645e+00 -1.829582855000000119e-01
7.290000000000000036e+00 -1.833375586000000057e-01
7.292500000000000426e+00 -1.834812483000000105e-01
7.294999999999999929e+00 -1.836181271000000004e-01
7.297500000000000320e+00 -1.836222161000000130e-01
7.299999999999999822e+00 -1.835798362999999933e-01
7.302500000000000213e+00 -1.836989707999999999e-01
7.304999999999999716e+00 -1.838702875000000070e-01
7.307500000000000107e+00 -1.841413310999999997e-01
7.309999999999999609e+00 -1.839226110000000136e-01
7.312500000000000000e+00 -1.840468024999999952e-01
7.315000000000000391e+00 -1.842491699000000094e-01
7.317499999999999893e+00 -1.839908628999999962e-01
7.320000000000000284e+00 -1.839956879999999906e-01
7.322499999999999787e+00 -1.842181159000000068e-01
7.325000000000000178e+00 -1.849114913000000082e-01
7.327499999999999680e+00 -1.845731374000000036e-01
7.330000000000000071e+00 -1.849666775000000096e-01
7.332499999999999574e+00 -1.848850163999999907e-01
7.334999999999999964e+00 -1.847413031000000039e-01
7.337500000000000355e+00 -1.849073125000000040e-01
7.339999999999999858e+00 -1.849627650000000012e-01
7.342500000000000249e+00 -1.852281930999999937e-01
7.344999999999999751e+00 -1.856614065999999952e-01
7.347500000000000142e+00 -1.851813703000000089e-01
7.349999999999999645e+00 -1.853468920999999936e-01
7.352500000000000036e+00 -1.854118260000000018e-01
7.355000000000000426e+00 -1.859879852999999916e-01
7.357499999999999929e+00 -1.859256974000000062e-01
7.360000000000000320e+00 -1.860565567999999947e-01
7.362499999999999822e+00 -1.862890265999999906e-01
7.365000000000000213e+00 -1.860976705000000064e-01
7.367499999999999716e+00 -1.864310835999999916e-01
7.370000000000000107e+00 -1.866618963999999992e-01
7.372499999999999609e+00 -1.867748576999999910e-01
7.375000000000000000e+00 -1.868855776999999996e-01
7.377500000000000391e+00 -1.864373773000000123e-01
7.379999999999999893e+00 -1.869350300000000020e-01
7.382500000000000284e+00 -1.868144129000000042e-01
7.384999999999999787e+00 -1.870988963999999921e-01
7.387500000000000178e+00 -1.871413731999999885e-01
7.389999999999999680e+00 -1.872410586999999904e-01
7.392500000000000071e+00 -1.872137886999999945e-01
7.394999999999999574e+00 -1.872396698999999887e-01
7.397499999999999964e+00 -1.874606249000000113e-01
7.400000000000000355e+00 -1.881595537999999901e-01
7.402499999999999858e+00 -1.878212458000000085e-01
7.405000000000000249e+00 -1.880452193999999910e-01
7.407499999999999751e+00 -1.879321615000000001e-01
7.410000000000000142e+00 -1.880855382999999936e-01
7.412499999999999645e+00 -1.880338477999999869e-01
7.415000000000000036e+00 -1.885807432000000117e-01
7.417500000000000426e+00 -1.883497879999999902e-01
7.419999999999999929e+00 -1.889314417000000079e-01
7.422500000000000320e+00 -1.883373509999999862e-01
7.424999999999999822e+00 -1.885543329999999906e-01
7.427500000000000213e+00 -1.888465461999999928e-01
7.429999999999999716e+00 -1.888525930999999936e-01
7.432500000000000107e+00 -1.888218834000000013e-01
7.434999999999999609e+00 -1.888415259000000013e-01
7.437500000000000000e+00 -1.891591763000000093e-01
7.440000000000000391e+00 -1.892178452000000122e-01
7.442499999999999893e+00 -1.895224530999999879e-01
7.445000000000000284e+00 -1.895568088000000040e-01
7.447499999999999787e+00 -1.894973577000000076e-01
7.450000000000000178e+00 -1.897911731999999962e-01
7.452499999999999680e+00 -1.899167523999999996e-01
7.455000000000000071e+00 -1.899757904999999913e-01
7.457499999999999574e+00 -1.901240335000000115e-01
7.459999999999999964e+00 -1.900623200999999873e-01
7.462500000000000355e+00 -1.907574798999999988e-01
7.464999999999999858e+00 -1.904962028999999946e-01
7.467500000000000249e+00 -1.906054118000000130e-01
7.469999999999999751e+00 -1.907953159000000121e-01
7.472500000000000142e+00 -1.912588699999999975e-01
7.474999999999999645e+00 -1.909624289000000086e-01
7.477500000000000036e+00 -1.910006200999999904e-01
7.480000000000000426e+00 -1.912262063000000067e-01
7.482499999999999929e+00 -1.916804548000000108e-01
7.485000000000000320e+00 -1.911562074000000000e-01
7.487499999999999822e+00 -1.915607947000000089e-01
7.490000000000000213e+00 -1.918351312000000086e-01
7.492499999999999716e+00 -1.918935555999999876e-01
7.495000000000000107e+00 -1.920607968999999970e-01
7.497499999999999609e+00 -1.920371656000000038e-01
7.500000000000000000e+00 -1.920820595999999936e-01
7.502500000000000391e+00 -1.921125096000000088e-01
7.504999999999999893e+00 -1.925042751000000107e-01
7.507500000000000284e+00 -1.927743644999999895e-01
7.509999999999999787e+00 -1.925333731999999964e-01
7.512500000000000178e+00 -1.926894688999999938e-01
7.514999999999999680e+00 -1.926808483999999932e-01
7.517500000000000071e+00 -1.927890888999999885e-01
7.519999999999999574e+00 -1.929804140999999973e-01
7.522499999999999964e+00 -1.928439817000000001e-01
7.525000000000000355e+00 -1.931306379999999934e-01
7.527499999999999858e+00 -1.931809721999999951e-01
7.530000000000000249e+00 -1.931582866000000065e-01
7.532499999999999751e+00 -1.933950510999999928e-01
7.535000000000000142e+00 -1.935604197000000137e-01
7.537499999999999645e+00 -1.938923639000000032e-01
7.540000000000000036e+00 -1.938513558999999942e-01
7.542500000000000426e+00 -1.939780148999999954e-01
7.544999999999999929e+00 -1.941222340000000046e-01
7.547500000000000320e+00 -1.940124823999999915e-01
7.549999999999999822e+00 -1.945180531000000046e-01
7.552500000000000213e+00 -1.945751816999999884e-01
7.554999999999999716e+00 -1.949445787000000097e-01
7.557500000000000107e+00 -1.947480544000000091e-01
7.559999999999999609e+00 -1.948014111999999964e-01
7.562500000000000000e+00 -1.950266353000000008e-01
7.565000000000000391e+00 -1.951198429999999873e-01
7.567499999999999893e+00 -1.952569037999999924e-01
7.570000000000000284e+00 -1.951775044999999875e-01
7.572499999999999787e+00 -1.957266363000000065e-01
7.575000000000000178e+00 -1.957900499000000127e-01
7.577499999999999680e+00 -1.954594769000000121e-01
7.580000000000000071e+00 -1.957557695999999903e-01
7.582499999999999574e+00 -1.958707238000000073e-01
7.584999999999999964e+00 -1.962331304999999915e-01
7.587500000000000355e+00 -1.963714463000000021e-01
7.589999999999999858e+00 -1.963578150999999994e-01
7.592500000000000249e+00 -1.967838705999999938e-01
7.594999999999999751e+00 -1.964451530000000112e-01
7.597500000000000142e+00 -1.964784038000000066e-01
7.599999999999999645e+00 -1.967327345000000061e-01
7.602500000000000036e+00 -1.969400390999999917e-01
7.605000000000000426e+00 -1.969381711000000035e-01
7.607499999999999929e+00 -1.971223393000000046e-01
7.610000000000000320e+00 -1.969398904000000117e-01
7.612499999999999822e+00 -1.972480396000000080e-01
7.615000000000000213e+00 -1.972866271000000005e-01
7.617499999999999716e+00 -1.979160822000000097e-01
7.620000000000000107e+00 -1.975125027000000089e-01
7.622499999999999609e+00 -1.975972886000000039e-01
7.625000000000000000e+00 -1.979902558999999951e-01
7.627500000000000391e+00 -1.982697935000000133e-01
7.629999999999999893e+00 -1.981475215999999873e-01
7.632500000000000284e+00 -1.981562662999999946e-01
7.634999999999999787e+00 -1.984543853999999885e-01
7.637500000000000178e+00 -1.986895179000000011e-01
7.639999999999999680e+00 -1.983896918999999981e-01
7.642500000000000071e+00 -1.989045711000000105e-01
7.644999999999999574e+00 -1.989649306999999867e-01
7.647499999999999964e+00 -1.991711442000000110e-01
7.650000000000000355e+00 -1.988630559000000020e-01
7.652499999999999858e+00 -1.996549219000000042e-01
7.655000000000000249e+00 -1.996207362999999901e-01
7.657499999999999751e+00 -1.992341729000000061e-01
7.660000000000000142e+00 -1.995704480000000114e-01
7.662499999999999645e+00 -1.996803668999999892e-01
7.665000000000000036e+00 -2.001003654000000076e-01
7.667500000000000426e+00 -2.000173413000000122e-01
7.669999999999999929e+00 -2.002747173999999963e-01
7.672500000000000320e+00 -2.003047850000000130e-01
7.674999999999999822e+00 -2.005595910000000093e-01
7.677500000000000213e+00 -2.007232699000000009e-01
7.679999999999999716e+00 -2.002038784999999876e-01
7.682500000000000107e+00 -2.007688764999999986e-01
7.684999999999999609e+00 -2.008068449000000033e-01
7.687500000000000000e+00 -2.008524299999999985e-01
7.690000000000000391e+00 -2.012861397000000052e-01
7.692499999999999893e+00 -2.012378053999999972e-01
7.695000000000000284e+00 -2.013945309999999878e-01
7.697499999999999787e+00 -2.015296768000000016e-01
7.700000000000000178e+00 -2.017776400999999886e-01
7.702499999999999680e+00 -2.020395249999999976e-01
7.705000000000000071e+00 -2.020666650999999869e-01
7.707499999999999574e+00 -2.019947642000000099e-01
7.709999999999999964e+00 -2.022186079999999941e-01
7.712500000000000355e+00 -2.024584291000000036e-01
7.714999999999999858e+00 -2.025827326000000095e-01
7.717500000000000249e+00 -2.024987619999999988e-01
7.719999999999999751e+00 -2.028129271999999927e-01
7.722500000000000142e+00 -2.032429723999999993e-01
7.724999999999999645e+00 -2.031939362000000082e-01
7.727500000000000036e+00 -2.032608711999999984e-01
7.730000000000000426e+00 -2.032917348999999929e-01
7.732499999999999929e+00 -2.034529404000000041e-01
7.735000000000000320e+00 -2.033131053999999993e-01
7.737499999999999822e+00 -2.037169785000000066e-01
7.740000000000000213e+00 -2.041408299999999953e-01
7.742499999999999716e+00 -2.039225380999999948e-01
7.745000000000000107e+00 -2.041071506000000091e-01
7.747499999999999609e+00 -2.038608087999999874e-01
7.750000000000000000e+00 -2.045323708000000018e-01
7.752500000000000391e+00 -2.045224734999999960e-01
7.754999999999999893e+00 -2.048440280999999918e-01
7.757500000000000284e+00 -2.049293812999999909e-01
7.759999999999999787e+00 -2.051753209000000133e-01
7.762500000000000178e+00 -2.046099174999999881e-01
7.764999999999999680e+00 -2.052616603000000095e-01
7.767500000000000071e+00 -2.054046674999999988e-01
7.769999999999999574e+00 -2.055909921000000085e-01
7.772499999999999964e+00 -2.055855256999999936e-01
7.775000000000000355e+00 -2.058885817999999979e-01
7.777499999999999858e+00 -2.056355012999999954e-01
7.780000000000000249e+00 -2.063279065999999995e-01
7.782499999999999751e+00 -2.059271182000000089e-01
7.785000000000000142e+00 -2.066146755000000113e-01
7.787499999999999645e+00 -2.064363486999999941e-01
7.790000000000000036e+00 -2.061725490999999910e-01
7.792500000000000426e+00 -2.067553169999999940e-01
7.794999999999999929e+00 -2.068913810000000131e-01
7.797500000000000320e+00 -2.072891953999999870e-01
7.799999999999999822e+00 -2.069776442000000050e-01
7.802500000000000213e+00 -2.072447456000000021e-01
7.804999999999999716e+00 -2.077452582000000048e-01
7.807500000000000107e+00 -2.078490215000000085e-01
7.809999999999999609e+00 -2.076423702999999898e-01
7.812500000000000000e+00 -2.078247547000000028e-01
7.815000000000000391e+00 -2.081907021000000135e-01
7.817499999999999893e+00 -2.078621096999999918e-01
7.820000000000000284e+00 -2.080305580000000043e-01
7.822499999999999787e+00 -2.079942294999999886e-01
7.825000000000000178e+00 -2.084847146999999901e-01
7.827499999999999680e+00 -2.084934239000000022e-01
7.830000000000000071e+00 -2.088989471999999903e-01
7.832499999999999574e+00 -2.088505717999999955e-01
7.834999999999999964e+00 -2.086277163999999962e-01
7.837500000000000355e+00 -2.091724644000000077e-01
7.839999999999999858e+00 -2.096767999999999965e-01
7.842500000000000249e+00 -2.094976979000000017e-01
7.844999999999999751e+00 -2.099608806999999910e-01
7.847500000000000142e+00 -2.099632009000000077e-01
7.849999999999999645e+00 -2.101092703000000117e-01
7.852500000000000036e+00 -2.100639833000000067e-01
7.855000000000000426e+00 -2.099774872000000070e-01
7.857499999999999929e+00 -2.104332335999999914e-01
7.860000000000000320e+00 -2.103603313000000086e-01
7.862499999999999822e+00 -2.103205800999999875e-01
7.865000000000000213e+00 -2.107307358000000130e-01
7.867499999999999716e+00 -2.106148214999999935e-01
7.870000000000000107e+00 -2.107442613999999936e-01
7.872499999999999609e+00 -2.112984777999999952e-01
7.875000000000000000e+00 -2.114016599999999912e-01
7.877500000000000391e+00 -2.111430864000000129e-01
7.879999999999999893e+00 -2.114737859999999969e-01
7.882500000000000284e+00 -2.119125242999999881e-01
7.884999999999999787e+00 -2.122673975999999907e-01
7.887500000000000178e+00 -2.120823354999999966e-01
7.889999999999999680e+00 -2.125193810999999877e-01
7.892500000000000071e+00 -2.120860434999999877e-01
7.894999999999999574e+00 -2.121316276999999917e-01
7.897499999999999964e+00 -2.130264034000000084e-01
7.900000000000000355e+00 -2.125602541999999928e-01
7.902499999999999858e+00 -2.129311777000000017e-01
7.905000000000000249e+00 -2.127063755999999972e-01
7.907499999999999751e+00 -2.131588174999999863e-01
7.910000000000000142e+00 -2.134571161000000106e-01
7.912499999999999645e+00 -2.132691848999999917e-01
7.915000000000000036e+00 -2.130334027000000130e-01
7.917500000000000426e+00 -2.135924113999999874e-01
7.919999999999999929e+00 -2.142862889999999909e-01
7.922500000000000320e+00 -2.145182944000000036e-01
7.924999999999999822e+00 -2.141899225999999989e-01
7.927500000000000213e+00 -2.142452769000000035e-01
7.929999999999999716e+00 -2.147637860000000121e-01
7.932500000000000107e+00 -2.146198349000000005e-01
7.934999999999999609e+00 -2.152319939000000015e-01
7.937500000000000000e+00 -2.146842868999999931e-01
7.940000000000000391e+00 -2.150670071000000128e-01
7.942499999999999893e+00 -2.150791190999999936e-01
7.945000000000000284e+00 -2.154599252000000131e-01
7.947499999999999787e+00 -2.159610633000000057e-01
7.950000000000000178e+00 -2.156175103999999898e-01
7.952499999999999680e+00 -2.162736614000000113e-01
7.955000000000000071e+00 -2.159224506000000099e-01
7.957499999999999574e+00 -2.163544876000000061e-01
7.959999999999999964e+00 -2.164796076000000125e-01
7.962500000000000355e+00 -2.166958723999999892e-01
7.964999999999999858e+00 -2.168379257999999976e-01
7.967500000000000249e+00 -2.170297790999999865e-01
7.969999999999999751e+00 -2.171539228999999904e-01
7.972500000000000142e+00 -2.170081242999999938e-01
7.974999999999999645e+00 -2.173402754000000048e-01
7.977500000000000036e+00 -2.176954765999999930e-01
7.980000000000000426e+00 -2.176222064999999983e-01
7.982499999999999929e+00 -2.177598588999999918e-01
7.985000000000000320e+00 -2.181423616000000010e-01
7.987499999999999822e+00 -2.182578222000000068e-01
7.990000000000000213e+00 -2.182590865000000047e-01
7.992499999999999716e+00 -2.185565469999999899e-01
7.995000000000000107e+00 -2.186609458000000061e-01
7.997499999999999609e+00 -2.187838589999999972e-01
8.000000000000000000e+00 -2.191206606999999973e-01
8.002499999999999503e+00 -2.188330273000000104e-01
8.005000000000000782e+00 -2.192767419999999967e-01
8.007500000000000284e+00 -2.194346862999999870e-01
8.009999999999999787e+00 -2.192461910999999875e-01
8.012499999999999289e+00 -2.194235509999999945e-01
8.015000000000000568e+00 -2.198462971000000044e-01
8.017500000000000071e+00 -2.198758100000000049e-01
8.019999999999999574e+00 -2.201321193999999926e-01
8.022500000000000853e+00 -2.203437262999999868e-01
8.025000000000000355e+00 -2.202597746000000134e-01
8.027499999999999858e+00 -2.207307887000000135e-01
8.029999999999999361e+00 -2.208770932999999936e-01
8.032500000000000639e+00 -2.211801700000000093e-01
8.035000000000000142e+00 -2.210958567999999902e-01
8.037499999999999645e+00 -2.213956055000000089e-01
8.039999999999999147e+00 -2.214900200999999902e-01
8.042500000000000426e+00 -2.216463160999999904e-01
8.044999999999999929e+00 -2.214067744000000060e-01
8.047499999999999432e+00 -2.221918628000000007e-01
8.050000000000000711e+00 -2.224994036999999869e-01
8.052500000000000213e+00 -2.221470509000000038e-01
8.054999999999999716e+00 -2.221881740999999966e-01
8.057499999999999218e+00 -2.229584953000000036e-01
8.060000000000000497e+00 -2.228668937000000128e-01
8.062500000000000000e+00 -2.229791439999999902e-01
8.064999999999999503e+00 -2.234326722999999959e-01
8.067500000000000782e+00 -2.234951209999999910e-01
8.070000000000000284e+00 -2.235595804000000131e-01
8.072499999999999787e+00 -2.240344045999999867e-01
8.074999999999999289e+00 -2.239791986000000124e-01
8.077500000000000568e+00 -2.239411034000000078e-01
8.080000000000000071e+00 -2.242099230000000054e-01
8.082499999999999574e+00 -2.241268774000000075e-01
8.085000000000000853e+00 -2.241907499999999942e-01
8.087500000000000355e+00 -2.242666425000000019e-01
8.089999999999999858e+00 -2.252179954000000095e-01
8.092499999999999361e+00 -2.247946480000000136e-01
8.095000000000000639e+00 -2.253306609999999877e-01
8.097500000000000142e+00 -2.251197860999999967e-01
8.099999999999999645e+00 -2.256629967000000070e-01
8.102499999999999147e+00 -2.252978040999999987e-01
8.105000000000000426e+00 -2.260645353000000080e-01
8.107499999999999929e+00 -2.260740021000000044e-01
8.109999999999999432e+00 -2.258572369999999885e-01
8.112500000000000711e+00 -2.259681818000000009e-01
8.115000000000000213e+00 -2.260608131999999881e-01
8.117499999999999716e+00 -2.268027804999999952e-01
8.119999999999999218e+00 -2.268968037000000104e-01
8.122500000000000497e+00 -2.271362212999999963e-01
8.125000000000000000e+00 -2.273808662000000036e-01
8.127499999999999503e+00 -2.273256505000000038e-01
8.130000000000000782e+00 -2.275092972999999963e-01
8.132500000000000284e+00 -2.278303836999999998e-01
8.134999999999999787e+00 -2.276780724999999950e-01
8.137499999999999289e+00 -2.277693248000000059e-01
8.140000000000000568e+00 -2.280812550000000105e-01
8.142500000000000071e+00 -2.285264116000000068e-01
8.144999999999999574e+00 -2.284761574999999989e-01
8.147500000000000853e+00 -2.286554731999999868e-01
8.150000000000000355e+00 -2.286102483000000130e-01
8.152499999999999858e+00 -2.289970128000000105e-01
8.154999999999999361e+00 -2.291757893999999962e-01
8.157500000000000639e+00 -2.296189801999999891e-01
8.160000000000000142e+00 -2.293659926000000127e-01
8.162499999999999645e+00 -2.298628612999999987e-01
8.164999999999999147e+00 -2.295255462999999940e-01
8.167500000000000426e+00 -2.296422422000000130e-01
8.169999999999999929e+00 -2.300390938000000107e-01
8.172499999999999432e+00 -2.307184026999999915e-01
8.175000000000000711e+00 -2.303719760000000061e-01
8.177500000000000213e+00 -2.306630725000000104e-01
8.179999999999999716e+00 -2.310514284000000085e-01
8.182499999999999218e+00 -2.310623769000000050e-01
8.185000000000000497e+00 -2.312246626999999999e-01
8.187500000000000000e+00 -2.316415699000000106e-01
8.189999999999999503e+00 -2.318574704999999958e-01
8.192500000000000782e+00 -2.316594821000000082e-01
8.195000000000000284e+00 -2.323079017000000135e-01
8.197499999999999787e+00 -2.324498943999999956e-01
8.199999999999999289e+00 -2.319592252999999882e-01
8.202500000000000568e+00 -2.329700527000000132e-01
8.205000000000000071e+00 -2.328001416000000101e-01
8.207499999999999574e+00 -2.325583062999999895e-01
8.210000000000000853e+00 -2.336126782000000068e-01
8.212500000000000355e+00 -2.332041582999999918e-01
8.214999999999999858e+00 -2.334483152999999866e-01
8.217499999999999361e+00 -2.335688887000000047e-01
8.220000000000000639e+00 -2.342490955000000041e-01
8.222500000000000142e+00 -2.342716783999999886e-01
8.224999999999999645e+00 -2.346393512000000126e-01
8.227499999999999147e+00 -2.347286531999999981e-01
8.230000000000000426e+00 -2.345467287000000123e-01
8.232499999999999929e+00 -2.350833129000000077e-01
8.234999999999999432e+00 -2.352564168000000067e-01
8.237500000000000711e+00 -2.352839971000000030e-01
8.240000000000000213e+00 -2.350853145000000033e-01
8.242499999999999716e+00 -2.355340209000000018e-01
8.244999999999999218e+00 -2.360364849999999903e-01
8.247500000000000497e+00 -2.359178292000000121e-01
8.250000000000000000e+00 -2.359653425999999887e-01
8.252499999999999503e+00 -2.361567682000000057e-01
8.255000000000000782e+00 -2.362438399000000022e-01
8.257500000000000284e+00 -2.363312523999999970e-01
8.259999999999999787e+00 -2.366650479000000085e-01
8.262499999999999289e+00 -2.370829325000000098e-01
8.265000000000000568e+00 -2.368942304999999970e-01
8.267500000000000071e+00 -2.372898777999999931e-01
8.269999999999999574e+00 -2.374948778000000038e-01
8.272500000000000853e+00 -2.378331180000000100e-01
8.275000000000000355e+00 -2.379356990000000005e-01
8.277499999999999858e+00 -2.381519129999999929e-01
8.279999999999999361e+00 -2.381128563000000087e-01
8.282500000000000639e+00 -2.384280242000000050e-01
8.285000000000000142e+00 -2.387364802999999980e-01
8.287499999999999645e+00 -2.387847257000000056e-01
8.289999999999999147e+00 -2.393658690000000089e-01
8.292500000000000426e+00 -2.392331498999999972e-01
8.294999999999999929e+00 -2.394808790999999881e-01
8.297499999999999432e+00 -2.391959708999999989e-01
8.300000000000000711e+00 -2.399956947999999923e-01
8.302500000000000213e+00 -2.402679591000000114e-01
8.304999999999999716e+00 -2.403476798999999997e-01
8.307499999999999218e+00 -2.402467843999999964e-01
8.310000000000000497e+00 -2.403914494999999929e-01
8.312500000000000000e+00 -2.406067061000000118e-01
8.314999999999999503e+00 -2.409517479000000129e-01
8.317500000000000782e+00 -2.412572068999999930e-01
8.320000000000000284e+00 -2.412283474999999955e-01
8.322499999999999787e+00 -2.413485475000000102e-01
8.324999999999999289e+00 -2.418835175999999865e-01
8.327500000000000568e+00 -2.420169681000000073e-01
8.330000000000000071e+00 -2.418625634000000080e-01
8.332499999999999574e+00 -2.421592204999999942e-01
8.335000000000000853e+00 -2.423973779999999967e-01
8.337500000000000355e+00 -2.427330188000000055e-01
8.339999999999999858e+00 -2.430666987000000001e-01
8.342499999999999361e+00 -2.429905632000000093e-01
8.345000000000000639e+00 -2.433841451000000045e-01
8.347500000000000142e+00 -2.437143626000000118e-01
8.349999999999999645e+00 -2.440224218000000000e-01
8.352499999999999147e+00 -2.438263294999999942e-01
8.355000000000000426e+00 -2.442393808999999971e-01
8.357499999999999929e+00 -2.445109601000000077e-01
8.359999999999999432e+00 -2.446773483000000138e-01
8.362500000000000711e+00 -2.447955448999999950e-01
8.365000000000000213e+00 -2.445723623000000124e-01
8.367499999999999716e+00 -2.450427498999999953e-01
8.369999999999999218e+00 -2.454335680999999991e-01
8.372500000000000497e+00 -2.455368478999999937e-01
8.375000000000000000e+00 -2.454623384000000075e-01
8.377499999999999503e+00 -2.460358343999999864e-01
8.380000000000000782e+00 -2.457048047000000013e-01
8.382500000000000284e+00 -2.458792558000000017e-01
8.384999999999999787e+00 -2.467672199000000011e-01
8.387499999999999289e+00 -2.468049472000000133e-01
8.390000000000000568e+00 -2.471254784999999954e-01
8.392500000000000071e+00 -2.473312783000000126e-01
8.394999999999999574e+00 -2.472443300000000121e-01
8.397500000000000853e+00 -2.475430543000000094e-01
8.400000000000000355e+00 -2.477216193000000011e-01
8.402499999999999858e+00 -2.481702477999999934e-01
8.404999999999999361e+00 -2.485103543000000137e-01
8.407500000000000639e+00 -2.483614654999999893e-01
8.410000000000000142e+00 -2.487124112999999914e-01
8.412499999999999645e+00 -2.489885567000000022e-01
8.414999999999999147e+00 -2.489232306999999977e-01
8.417500000000000426e+00 -2.493809204000000113e-01
8.419999999999999929e+00 -2.497007545999999911e-01
8.422499999999999432e+00 -2.504083599999999965e-01
8.425000000000000711e+00 -2.494304715000000006e-01
8.427500000000000213e+00 -2.499932830000000106e-01
8.429999999999999716e+00 -2.504884480999999830e-01
8.432499999999999218e+00 -2.505179382000000121e-01
8.435000000000000497e+00 -2.504914053000000251e-01
8.437500000000000000e+00 -2.508436352000000258e-01
8.439999999999999503e+00 -2.507376231999999816e-01
8.442500000000000782e+00 -2.510526768999999936e-01
8.445000000000000284e+00 -2.514954052999999745e-01
8.447499999999999787e+00 -2.517126659000000211e-01
8.449999999999999289e+00 -2.520799132000000053e-01
8.452500000000000568e+00 -2.523010423000000002e-01
8.455000000000000071e+00 -2.523898337000000103e-01
8.457499999999999574e+00 -2.529615655999999935e-01
8.460000000000000853e+00 -2.526232782000000232e-01
8.462500000000000355e+00 -2.530400717999999882e-01
8.464999999999999858e+00 -2.534550255999999946e-01
8.467499999999999361e+00 -2.529679650000000168e-01
8.470000000000000639e+00 -2.536733927000000000e-01
8.472500000000000142e+00 -2.542697748000000146e-01
8.474999999999999645e+00 -2.540526736000000008e-01
8.477499999999999147e+00 -2.542968157000000118e-01
8.480000000000000426e+00 -2.543137827999999989e-01
8.482499999999999929e+00 -2.548389245000000081e-01
8.484999999999999432e+00 -2.552452731000000030e-01
8.487500000000000711e+00 -2.551865750999999793e-01
8.490000000000000213e+00 -2.554729976999999819e-01
8.492499999999999716e+00 -2.556725022999999930e-01
8.494999999999999218e+00 -2.564315857999999726e-01
8.497500000000000497e+00 -2.558673414000000035e-01
8.500000000000000000e+00 -2.561245806999999930e-01
8.502499999999999503e+00 -2.563755420000000118e-01
8.505000000000000782e+00 -2.566593600000000031e-01
8.507500000000000284e+00 -2.567405708000000120e-01
8.509999999999999787e+00 -2.574985390000000263e-01
8.512499999999999289e+00 -2.570838394000000138e-01
8.515000000000000568e+00 -2.576204034999999837e-01
8.517500000000000071e+00 -2.577748092000000102e-01
8.519999999999999574e+00 -2.580284771999999949e-01
8.522500000000000853e+00 -2.580511749000000132e-01
8.525000000000000355e+00 -2.586793857999999946e-01
8.527499999999999858e+00 -2.585877486000000003e-01
8.529999999999999361e+00 -2.588050238999999864e-01
8.532500000000000639e+00 -2.593057268999999776e-01
8.535000000000000142e+00 -2.595243430999999990e-01
8.537499999999999645e+00 -2.596882985999999782e-01
8.539999999999999147e+00 -2.599694511999999791e-01
8.542500000000000426e+00 -2.602690845000000253e-01
8.544999999999999929e+00 -2.598149853000000231e-01
8.547499999999999432e+00 -2.606352914000000243e-01
8.550000000000000711e+00 -2.606245146999999762e-01
8.552500000000000213e+00 -2.606761109999999881e-01
8.554999999999999716e+00 -2.613909522999999790e-01
8.557499999999999218e+00 -2.616792117000000251e-01
8.560000000000000497e+00 -2.613762389000000019e-01
8.562500000000000000e+00 -2.620241774000000023e-01
8.564999999999999503e+00 -2.621525302000000113e-01
8.567500000000000782e+00 -2.627125741999999931e-01
8.570000000000000284e+00 -2.628453404000000160e-01
8.572499999999999787e+00 -2.627846826999999941e-01
8.574999999999999289e+00 -2.630964355000000032e-01
8.577500000000000568e+00 -2.633855439000000187e-01
8.580000000000000071e+00 -2.636438246999999735e-01
8.582499999999999574e+00 -2.638195969000000085e-01
8.585000000000000853e+00 -2.642119909999999794e-01
8.587500000000000355e+00 -2.642319204999999949e-01
8.589999999999999858e+00 -2.645849981999999767e-01
8.592499999999999361e+00 -2.645204471000000002e-01
8.595000000000000639e+00 -2.647632486000000007e-01
8.597500000000000142e+00 -2.651211211000000234e-01
8.599999999999999645e+00 -2.651246896000000186e-01
8.602499999999999147e+00 -2.653232913999999942e-01
8.605000000000000426e+00 -2.655444230999999822e-01
8.607499999999999929e+00 -2.656440951999999855e-01
8.609999999999999432e+00 -2.664989995000000000e-01
8.612500000000000711e+00 -2.667514521000000083e-01
8.615000000000000213e+00 -2.668296633999999723e-01
8.617499999999999716e+00 -2.668613041999999824e-01
8.619999999999999218e+00 -2.674674881999999920e-01
8.622500000000000497e+00 -2.673460759999999881e-01
8.625000000000000000e+00 -2.673681638000000027e-01
8.627499999999999503e+00 -2.682117821000000180e-01
8.630000000000000782e+00 -2.681707435999999833e-01
8.632500000000000284e+00 -2.686707401000000273e-01
8.634999999999999787e+00 -2.686573842000000156e-01
8.637499999999999289e+00 -2.690487912000000259e-01
8.640000000000000568e+00 -2.694827331999999909e-01
8.642500000000000071e+00 -2.697899422999999741e-01
8.644999999999999574e+00 -2.696349983999999922e-01
8.647500000000000853e+00 -2.700255523999999796e-01
8.650000000000000355e+00 -2.705846580999999862e-01
8.652499999999999858e+00 -2.703441341999999747e-01
8.654999999999999361e+00 -2.706408331999999861e-01
8.657500000000000639e+00 -2.712954618999999790e-01
8.660000000000000142e+00 -2.709120193999999815e-01
8.662499999999999645e+00 -2.713719883999999860e-01
8.664999999999999147e+00 -2.717698422000000003e-01
8.667500000000000426e+00 -2.718250574000000142e-01
8.669999999999999929e+00 -2.719305416000000197e-01
8.672499999999999432e+00 -2.725270604000000207e-01
8.675000000000000711e+00 -2.726661783000000061e-01
8.677500000000000213e+00 -2.728567404000000196e-01
8.679999999999999716e+00 -2.733334801999999786e-01
8.682499999999999218e+00 -2.734021763999999743e-01
8.685000000000000497e+00 -2.743405958999999839e-01
8.687500000000000000e+00 -2.739353764999999941e-01
8.689999999999999503e+00 -2.739940981000000275e-01
8.692500000000000782e+00 -2.742456375999999807e-01
8.695000000000000284e+00 -2.747652450999999996e-01
8.697499999999999787e+00 -2.750055254000000060e-01
8.699999999999999289e+00 -2.752237540999999954e-01
8.702500000000000568e+00 -2.757433789000000024e-01
8.705000000000000071e+00 -2.756610103000000089e-01
8.707499999999999574e+00 -2.755645378000000090e-01
8.710000000000000853e+00 -2.759751093000000211e-01
8.712500000000000355e+00 -2.766426793999999800e-01
8.714999999999999858e+00 -2.768752332000000149e-01
8.717499999999999361e+00 -2.771520870999999997e-01
8.720000000000000639e+00 -2.774684209000000124e-01
8.722500000000000142e+00 -2.773207847999999975e-01
8.724999999999999645e+00 -2.777479856999999774e-01
8.727499999999999147e+00 -2.785880011999999906e-01
8.730000000000000426e+00 -2.784476737000000091e-01
8.732499999999999929e+00 -2.782301405000000005e-01
8.734999999999999432e+00 -2.790975992999999988e-01
8.737500000000000711e+00 -2.792323232999999738e-01
8.740000000000000213e+00 -2.789461956000000020e-01
8.742499999999999716e+00 -2.795182656999999904e-01
8.744999999999999218e+00 -2.801826718000000049e-01
8.747500000000000497e+00 -2.803624719999999737e-01
8.750000000000000000e+00 -2.803345143000000039e-01
8.752499999999999503e+00 -2.808952601999999965e-01
8.755000000000000782e+00 -2.811737428000000150e-01
8.757500000000000284e+00 -2.812963252999999830e-01
8.759999999999999787e+00 -2.815126774999999748e-01
8.762499999999999289e+00 -2.817105525999999971e-01
8.765000000000000568e+00 -2.818561875000000216e-01
8.767500000000000071e+00 -2.820113680999999928e-01
8.769999999999999574e+00 -2.825621353000000169e-01
8.772500000000000853e+00 -2.828548084999999990e-01
8.775000000000000355e+00 -2.830159783000000262e-01
8.777499999999999858e+00 -2.833458275999999887e-01
8.779999999999999361e+00 -2.833812235000000013e-01
8.782500000000000639e+00 -2.836647943999999755e-01
8.785000000000000142e+00 -2.835764397000000159e-01
8.787499999999999645e+00 -2.842914377999999909e-01
8.789999999999999147e+00 -2.843688404999999975e-01
8.792500000000000426e+00 -2.849880371999999884e-01
8.794999999999999929e+00 -2.854607768999999906e-01
8.797499999999999432e+00 -2.855086344000000165e-01
8.800000000000000711e+00 -2.856906411999999840e-01
8.802500000000000213e+00 -2.863013132000000183e-01
8.804999999999999716e+00 -2.864051069999999921e-01
8.807499999999999218e+00 -2.865876277000000139e-01
8.810000000000000497e+00 -2.867674665000000123e-01
8.812500000000000000e+00 -2.869397116999999886e-01
8.814999999999999503e+00 -2.876070238999999806e-01
8.817500000000000782e+00 -2.871434286999999808e-01
8.820000000000000284e+00 -2.880670873999999770e-01
8.822499999999999787e+00 -2.881991996000000111e-01
8.824999999999999289e+00 -2.884943053999999840e-01
8.827500000000000568e+00 -2.890464529999999810e-01
8.830000000000000071e+00 -2.888785828000000055e-01
8.832499999999999574e+00 -2.893404076000000158e-01
8.835000000000000853e+00 -2.897948001000000273e-01
8.837500000000000355e+00 -2.898674387999999880e-01
8.839999999999999858e+00 -2.900196514999999753e-01
8.842499999999999361e+00 -2.905790555000000164e-01
8.845000000000000639e+00 -2.904644486999999886e-01
8.847500000000000142e+00 -2.912838117000000060e-01
8.849999999999999645e+00 -2.910267127000000231e-01
8.852499999999999147e+00 -2.915644654999999807e-01
8.855000000000000426e+00 -2.918001096999999766e-01
8.857499999999999929e+00 -2.922561233000000036e-01
8.859999999999999432e+00 -2.923951371999999882e-01
8.862500000000000711e+00 -2.928509773999999899e-01
8.865000000000000213e+00 -2.928761957000000082e-01
8.867499999999999716e+00 -2.930319572000000261e-01
8.869999999999999218e+00 -2.931366569000000144e-01
8.872500000000000497e+00 -2.940786371999999926e-01
8.875000000000000000e+00 -2.940113496000000270e-01
8.877499999999999503e+00 -2.944022062000000162e-01
8.880000000000000782e+00 -2.942551338000000127e-01
8.882500000000000284e+00 -2.950756538000000040e-01
8.884999999999999787e+00 -2.948874556000000147e-01
8.887499999999999289e+00 -2.956411365000000124e-01
8.890000000000000568e+00 -2.957747707999999753e-01
8.892500000000000071e+00 -2.959811131000000262e-01
8.894999999999999574e+00 -2.965547933000000080e-01
8.897500000000000853e+00 -2.967922161000000059e-01
8.900000000000000355e+00 -2.970613673999999982e-01
8.902499999999999858e+00 -2.973155445999999813e-01
8.904999999999999361e+00 -2.977083992999999817e-01
8.907500000000000639e+00 -2.976101170000000073e-01
8.910000000000000142e+00 -2.977698500000000026e-01
8.912499999999999645e+00 -2.982097586999999939e-01
8.914999999999999147e+00 -2.986381500999999994e-01
8.917500000000000426e+00 -2.990195259999999799e-01
8.919999999999999929e+00 -2.993782998999999778e-01
8.922499999999999432e+00 -2.999171627000000173e-01
8.925000000000000711e+00 -2.997998707000000262e-01
8.927500000000000213e+00 -2.999775701999999877e-01
8.929999999999999716e+00 -3.005029115000000250e-01
8.932499999999999218e+00 -3.013070259999999778e-01
8.935000000000000497e+00 -3.011670436000000173e-01
8.937500000000000000e+00 -3.011512572000000221e-01
8.939999999999999503e+00 -3.018188406999999795e-01
8.942500000000000782e+00 -3.021427911999999827e-01
8.945000000000000284e+00 -3.022381533999999870e-01
8.947499999999999787e+00 -3.028214057999999986e-01
8.949999999999999289e+00 -3.029735733999999736e-01
8.952500000000000568e+00 -3.033822966999999982e-01
8.955000000000000071e+00 -3.039690301999999900e-01
8.957499999999999574e+00 -3.041924227999999730e-01
8.960000000000000853e+00 -3.044521253999999955e-01
8.962500000000000355e+00 -3.042050394999999963e-01
8.964999999999999858e+00 -3.051288594000000076e-01
8.967499999999999361e+00 -3.049788441999999877e-01
8.970000000000000639e+00 -3.052267268000000144e-01
8.972500000000000142e+00 -3.056464721000000107e-01
8.974999999999999645e+00 -3.063144347000000267e-01
8.977499999999999147e+00 -3.063491567000000138e-01
8.980000000000000426e+00 -3.063917697999999912e-01
8.982499999999999929e+00 -3.071702580999999821e-01
8.984999999999999432e+00 -3.074819476000000273e-01
8.987500000000000711e+00 -3.074639127000000083e-01
8.990000000000000213e+00 -3.081127080000000129e-01
8.992499999999999716e+00 -3.080048235000000245e-01
8.994999999999999218e+00 -3.084118694999999910e-01
8.997500000000000497e+00 -3.091237823999999912e-01
9.000000000000000000e+00 -3.090614112999999774e-01
9.002499999999999503e+00 -3.095994519999999972e-01
9.005000000000000782e+00 -3.102226821999999884e-01
9.007500000000000284e+00 -3.104852492999999880e-01
9.009999999999999787e+00 -3.103205016000000205e-01
9.012499999999999289e+00 -3.108310241999999723e-01
9.015000000000000568e+00 -3.111757998999999941e-01
9.017500000000000071e+00 -3.115692875000000139e-01
9.019999999999999574e+00 -3.116646135000000206e-01
9.022500000000000853e+00 -3.118696227000000154e-01
9.025000000000000355e+00 -3.124866953000000058e-01
9.027499999999999858e+00 -3.122768123999999923e-01
9.029999999999999361e+00 -3.130086246000000072e-01
9.032500000000000639e+00 -3.134924673999999745e-01
9.035000000000000142e+00 -3.130927600000000255e-01
9.037499999999999645e+00 -3.136475785000000238e-01
9.039999999999999147e+00 -3.143452581999999773e-01
9.042500000000000426e+00 -3.149433826999999964e-01
9.044999999999999929e+00 -3.150358142999999944e-01
9.047499999999999432e+00 -3.153871496000000274e-01
9.050000000000000711e+00 -3.161038091999999744e-01
9.052500000000000213e+00 -3.163279105999999841e-01
9.054999999999999716e+00 -3.166159959000000024e-01
9.057499999999999218e+00 -3.163917703999999942e-01
9.060000000000000497e+00 -3.166587444999999779e-01
9.062500000000000000e+00 -3.169993915000000051e-01
9.064999999999999503e+00 -3.174713109000000255e-01
9.067500000000000782e+00 -3.179228119999999991e-01
9.070000000000000284e+00 -3.178226115000000185e-01
9.072499999999999787e+00 -3.183550587999999792e-01
9.074999999999999289e+00 -3.189880680000000135e-01
9.077500000000000568e+00 -3.189985754999999923e-01
9.080000000000000071e+00 -3.192401047000000269e-01
9.082499999999999574e+00 -3.198113810000000057e-01
9.085000000000000853e+00 -3.204078182000000274e-01
9.087500000000000355e+00 -3.204747486000000256e-01
9.089999999999999858e+00 -3.208912203000000019e-01
9.092499999999999361e+00 -3.215258409999999789e-01
9.095000000000000639e+00 -3.218923257999999898e-01
9.097500000000000142e+00 -3.215453191000000044e-01
9.099999999999999645e+00 -3.221698599000000218e-01
9.102499999999999147e+00 -3.228482109999999961e-01
9.105000000000000426e+00 -3.231085530999999733e-01
9.107499999999999929e+00 -3.231277376999999729e-01
9.109999999999999432e+00 -3.233584016000000116e-01
9.112500000000000711e+00 -3.240845318000000197e-01
9.115000000000000213e+00 -3.243091819000000209e-01
9.117499999999999716e+00 -3.246228495999999852e-01
9.119999999999999218e+00 -3.245356233000000201e-01
9.122500000000000497e+00 -3.253581502999999819e-01
9.125000000000000000e+00 -3.254211638000000240e-01
9.127499999999999503e+00 -3.255489394000000147e-01
9.130000000000000782e+00 -3.259665016000000137e-01
9.132500000000000284e+00 -3.264129102000000171e-01
9.134999999999999787e+00 -3.269659081999999883e-01
9.137499999999999289e+00 -3.274382699000000230e-01
9.140000000000000568e+00 -3.278947830999999757e-01
9.142500000000000071e+00 -3.283205298999999910e-01
9.144999999999999574e+00 -3.286553126000000269e-01
9.147500000000000853e+00 -3.290926384000000260e-01
9.150000000000000355e+00 -3.293206213000000049e-01
9.152499999999999858e+00 -3.296555380999999785e-01
9.154999999999999361e+00 -3.299956673000000174e-01
9.157500000000000639e+00 -3.303965909000000090e-01
9.160000000000000142e+00 -3.302173150000000112e-01
9.162499999999999645e+00 -3.309059160000000221e-01
9.164999999999999147e+00 -3.314093224999999920e-01
9.167500000000000426e+00 -3.312235975999999749e-01
9.169999999999999929e+00 -3.317108014999999854e-01
9.172499999999999432e+00 -3.326398576999999857e-01
9.175000000000000711e+00 -3.323247404999999932e-01
9.177500000000000213e+00 -3.328988876999999791e-01
9.179999999999999716e+00 -3.333464626000000042e-01
9.182499999999999218e+00 -3.338172152000000170e-01
9.185000000000000497e+00 -3.344043174999999923e-01
9.187500000000000000e+00 -3.347066470999999765e-01
9.189999999999999503e+00 -3.347206359000000075e-01
9.192500000000000782e+00 -3.347028722000000012e-01
9.195000000000000284e+00 -3.355173551000000254e-01
9.197499999999999787e+00 -3.356763504999999981e-01
9.199999999999999289e+00 -3.362970611000000165e-01
9.202500000000000568e+00 -3.367165783000000134e-01
9.205000000000000071e+00 -3.370904484999999728e-01
9.207499999999999574e+00 -3.366862360000000276e-01
9.210000000000000853e+00 -3.375120420000000121e-01
9.212500000000000355e+00 -3.381084140999999765e-01
9.214999999999999858e+00 -3.385486213000000189e-01
9.217499999999999361e+00 -3.393428666000000149e-01
9.220000000000000639e+00 -3.394854534000000257e-01
9.222500000000000142e+00 -3.397849652000000109e-01
9.224999999999999645e+00 -3.398509918000000019e-01
9.227499999999999147e+00 -3.404651214000000148e-01
9.230000000000000426e+00 -3.408360028999999902e-01
9.232499999999999929e+00 -3.408434767999999893e-01
9.234999999999999432e+00 -3.415348035999999921e-01
9.237500000000000711e+00 -3.417502331999999754e-01
9.240000000000000213e+00 -3.422797130999999937e-01
9.242499999999999716e+00 -3.425064789999999748e-01
9.244999999999999218e+00 -3.430982274000000110e-01
9.247500000000000497e+00 -3.433764998000000124e-01
9.250000000000000000e+00 -3.438440162999999994e-01
9.252499999999999503e+00 -3.443238983999999947e-01
9.255000000000000782e+00 -3.445222741999999783e-01
9.257500000000000284e+00 -3.446583167999999753e-01
9.259999999999999787e+00 -3.453787629999999775e-01
9.262499999999999289e+00 -3.457742589999999727e-01
9.265000000000000568e+00 -3.462376761000000025e-01
9.267500000000000071e+00 -3.463660308000000021e-01
9.269999999999999574e+00 -3.471454044000000239e-01
9.272500000000000853e+00 -3.475242747999999771e-01
9.275000000000000355e+00 -3.475211414000000110e-01
9.277499999999999858e+00 -3.479662609999999989e-01
9.279999999999999361e+00 -3.481324570000000063e-01
9.282500000000000639e+00 -3.485294494000000243e-01
9.285000000000000142e+00 -3.489182258999999897e-01
9.287499999999999645e+00 -3.497773678000000164e-01
9.289999999999999147e+00 -3.499130327000000151e-01
9.292500000000000426e+00 -3.501437212999999882e-01
9.294999999999999929e+00 -3.508806761000000107e-01
9.297499999999999432e+00 -3.509819782999999971e-01
9.300000000000000711e+00 -3.522491219000000173e-01
9.302500000000000213e+00 -3.520369436999999935e-01
9.304999999999999716e+00 -3.526859831999999972e-01
9.307499999999999218e+00 -3.529135339999999732e-01
9.310000000000000497e+00 -3.530021902000000100e-01
9.312500000000000000e+00 -3.537724072000000275e-01
9.314999999999999503e+00 -3.538394366000000013e-01
9.317500000000000782e+00 -3.543855620999999956e-01
9.320000000000000284e+00 -3.546768431000000277e-01
9.322499999999999787e+00 -3.550174958000000269e-01
9.324999999999999289e+00 -3.552246907000000120e-01
9.327500000000000568e+00 -3.562061150999999981e-01
9.330000000000000071e+00 -3.563957011000000175e-01
9.332499999999999574e+00 -3.569581428999999972e-01
9.335000000000000853e+00 -3.565842744000000120e-01
9.337500000000000355e+00 -3.572848889999999944e-01
9.339999999999999858e+00 -3.576421956999999985e-01
9.342499999999999361e+00 -3.580055095999999937e-01
9.345000000000000639e+00 -3.590285396999999823e-01
9.347500000000000142e+00 -3.587659080000000222e-01
9.349999999999999645e+00 -3.598677098999999990e-01
9.352499999999999147e+00 -3.599807165999999725e-01
9.355000000000000426e+00 -3.601940634999999946e-01
9.357499999999999929e+00 -3.607938352999999765e-01
9.359999999999999432e+00 -3.612180677999999867e-01
9.362500000000000711e+00 -3.616754333000000154e-01
9.365000000000000213e+00 -3.623093486000000252e-01
9.367499999999999716e+00 -3.628013326999999788e-01
9.369999999999999218e+00 -3.634357369999999809e-01
9.372500000000000497e+00 -3.630007920000000166e-01
9.375000000000000000e+00 -3.635218611000000100e-01
9.377499999999999503e+00 -3.641769797000000142e-01
9.380000000000000782e+00 -3.644404034000000014e-01
9.382500000000000284e+00 -3.645199432999999822e-01
9.384999999999999787e+00 -3.647839001000000025e-01
9.387499999999999289e+00 -3.656549726000000167e-01
9.390000000000000568e+00 -3.664896738999999792e-01
9.392500000000000071e+00 -3.669865373000000264e-01
9.394999999999999574e+00 -3.668013307999999917e-01
9.397500000000000853e+00 -3.673124168999999939e-01
9.400000000000000355e+00 -3.673863561999999860e-01
9.402499999999999858e+00 -3.678409696000000118e-01
9.404999999999999361e+00 -3.685493320000000073e-01
9.407500000000000639e+00 -3.687792990000000048e-01
9.410000000000000142e+00 -3.697572628999999944e-01
9.412499999999999645e+00 -3.698222185000000217e-01
9.414999999999999147e+00 -3.707111992000000078e-01
9.417500000000000426e+00 -3.710786872999999875e-01
9.419999999999999929e+00 -3.715125200000000127e-01
9.422499999999999432e+00 -3.717531733000000171e-01
9.425000000000000711e+00 -3.722201237000000162e-01
9.427500000000000213e+00 -3.723364332999999915e-01
9.429999999999999716e+00 -3.731037656999999785e-01
9.432499999999999218e+00 -3.734356974999999967e-01
9.435000000000000497e+00 -3.742679872999999935e-01
9.437500000000000000e+00 -3.743673413999999977e-01
9.439999999999999503e+00 -3.745874703000000028e-01
9.442500000000000782e+00 -3.750874570000000130e-01
9.445000000000000284e+00 -3.755997489999999828e-01
9.447499999999999787e+00 -3.767001555999999751e-01
9.449999999999999289e+00 -3.764453700000000014e-01
9.452500000000000568e+00 -3.772080903000000207e-01
9.455000000000000071e+00 -3.769346664000000069e-01
9.457499999999999574e+00 -3.782311958999999835e-01
9.460000000000000853e+00 -3.782901164999999954e-01
9.462500000000000355e+00 -3.782926577999999873e-01
9.464999999999999858e+00 -3.789715128999999738e-01
9.467499999999999361e+00 -3.794510119000000237e-01
9.470000000000000639e+00 -3.804109679000000077e-01
9.472500000000000142e+00 -3.814696998000000061e-01
9.474999999999999645e+00 -3.810073702999999812e-01
9.477499999999999147e+00 -3.814217550999999817e-01
9.480000000000000426e+00 -3.818230773999999883e-01
9.482499999999999929e+00 -3.823745299999999903e-01
9.484999999999999432e+00 -3.829982209000000193e-01
9.487500000000000711e+00 -3.831391243999999752e-01
9.490000000000000213e+00 -3.839979251999999788e-01
9.492499999999999716e+00 -3.842265696000000119e-01
9.494999999999999218e+00 -3.844963309000000162e-01
9.497500000000000497e+00 -3.855710298000000202e-01
9.500000000000000000e+00 -3.851843676999999744e-01
9.502499999999999503e+00 -3.861870235000000040e-01
9.505000000000000782e+00 -3.866940627000000075e-01
9.507500000000000284e+00 -3.869304550000000065e-01
9.509999999999999787e+00 -3.873003318000000084e-01
9.512499999999999289e+00 -3.875069661000000165e-01
9.515000000000000568e+00 -3.880016668999999863e-01
9.517500000000000071e+00 -3.886150211000000132e-01
9.519999999999999574e+00 -3.888904947999999862e-01
9.522500000000000853e+00 -3.900441082000000170e-01
9.525000000000000355e+00 -3.904989575000000213e-01
9.527499999999999858e+00 -3.904682239999999749e-01
9.529999999999999361e+00 -3.912025343000000155e-01
9.532500000000000639e+00 -3.917469122000000192e-01
9.535000000000000142e+00 -3.927921609000000203e-01
9.537499999999999645e+00 -3.927474177999999982e-01
9.539999999999999147e+00 -3.931927900000000142e-01
9.542500000000000426e+00 -3.936745032999999783e-01
9.544999999999999929e+00 -3.941104796000000077e-01
9.547499999999999432e+00 -3.946315350999999860e-01
9.550000000000000711e+00 -3.950093573999999830e-01
9.552500000000000213e+00 -3.950378568999999840e-01
9.554999999999999716e+00 -3.958910480000000232e-01
9.557499999999999218e+00 -3.966309909999999883e-01
9.560000000000000497e+00 -3.972334908999999858e-01
9.562500000000000000e+00 -3.973347284000000035e-01
9.564999999999999503e+00 -3.977964514999999812e-01
9.567500000000000782e+00 -3.987715869999999829e-01
9.570000000000000284e+00 -3.986661877000000076e-01
9.572499999999999787e+00 -3.997866666000000069e-01
9.574999999999999289e+00 -4.000089124000000274e-01
9.577500000000000568e+00 -4.000795516999999801e-01
9.580000000000000071e+00 -4.007873699000000234e-01
9.582499999999999574e+00 -4.011020343000000210e-01
9.585000000000000853e+00 -4.018404228999999939e-01
9.587500000000000355e+00 -4.023753019999999903e-01
9.589999999999999858e+00 -4.028678117999999753e-01
9.592499999999999361e+00 -4.034589430000000143e-01
9.595000000000000639e+00 -4.036921564000000018e-01
9.597500000000000142e+00 -4.047578228000000000e-01
9.599999999999999645e+00 -4.048420040999999858e-01
9.602499999999999147e+00 -4.056352762000000056e-01
9.605000000000000426e+00 -4.057379013999999895e-01
9.607499999999999929e+00 -4.058157347999999942e-01
9.609999999999999432e+00 -4.070523427000000138e-01
9.612500000000000711e+00 -4.072018789999999888e-01
9.615000000000000213e+00 -4.077374930000000064e-01
9.617499999999999716e+00 -4.089882376000000264e-01
9.619999999999999218e+00 -4.087145341999999792e-01
9.622500000000000497e+00 -4.094666484999999745e-01
9.625000000000000000e+00 -4.101015899000000076e-01
9.627499999999999503e+00 -4.103687169999999940e-01
9.630000000000000782e+00 -4.112252907000000235e-01
9.632500000000000284e+00 -4.117144763999999735e-01
9.634999999999999787e+00 -4.118757717000000040e-01
9.637499999999999289e+00 -4.123473599999999961e-01
9.640000000000000568e+00 -4.125397100000000039e-01
9.642500000000000071e+00 -4.135339799000000149e-01
9.644999999999999574e+00 -4.138986369000000054e-01
9.647500000000000853e+00 -4.150142642999999909e-01
9.650000000000000355e+00 -4.150479873999999847e-01
9.652499999999999858e+00 -4.152431046999999764e-01
9.654999999999999361e+00 -4.160662842000000250e-01
9.657500000000000639e+00 -4.164030656000000108e-01
9.660000000000000142e+00 -4.172124600000000072e-01
9.662499999999999645e+00 -4.178097921999999742e-01
9.664999999999999147e+00 -4.180088444999999764e-01
9.667500000000000426e+00 -4.193074227999999959e-01
9.669999999999999929e+00 -4.192507724000000269e-01
9.672499999999999432e+00 -4.205948930999999780e-01
9.675000000000000711e+00 -4.203000349000000080e-01
9.677500000000000213e+00 -4.203467637000000146e-01
9.679999999999999716e+00 -4.209716005999999955e-01
9.682499999999999218e+00 -4.219941523999999888e-01
9.685000000000000497e+00 -4.224035573000000099e-01
9.687500000000000000e+00 -4.230043517000000031e-01
9.689999999999999503e+00 -4.238284038999999837e-01
9.692500000000000782e+00 -4.244652271000000088e-01
9.695000000000000284e+00 -4.248246734000000191e-01
9.697499999999999787e+00 -4.252390193000000207e-01
9.699999999999999289e+00 -4.256415922999999824e-01
9.702500000000000568e+00 -4.261182128000000069e-01
9.705000000000000071e+00 -4.268909772999999741e-01
9.707499999999999574e+00 -4.276475831000000061e-01
9.710000000000000853e+00 -4.281757684999999980e-01
9.712500000000000355e+00 -4.287489519000000082e-01
9.714999999999999858e+00 -4.289866594000000255e-01
9.717499999999999361e+00 -4.297336152999999825e-01
9.720000000000000639e+00 -4.302547233999999832e-01
9.722500000000000142e+00 -4.304464304000000241e-01
9.724999999999999645e+00 -4.304621035000000262e-01
9.727499999999999147e+00 -4.317300726000000144e-01
9.730000000000000426e+00 -4.328315829000000114e-01
9.732499999999999929e+00 -4.326709088999999842e-01
9.734999999999999432e+00 -4.336249694000000043e-01
9.737500000000000711e+00 -4.344547713999999949e-01
9.740000000000000213e+00 -4.349719304999999925e-01
9.742499999999999716e+00 -4.352780065999999892e-01
9.744999999999999218e+00 -4.355758475000000018e-01
9.747500000000000497e+00 -4.363023891999999737e-01
9.750000000000000000e+00 -4.368370892999999811e-01
9.752499999999999503e+00 -4.371288547000000135e-01
9.755000000000000782e+00 -4.379911592999999881e-01
9.757500000000000284e+00 -4.387296965999999965e-01
9.759999999999999787e+00 -4.394107253000000268e-01
9.762499999999999289e+00 -4.402551748999999903e-01
9.765000000000000568e+00 -4.403915078000000261e-01
9.767500000000000071e+00 -4.408062732999999955e-01
9.769999999999999574e+00 -4.411836839000000121e-01
9.772500000000000853e+00 -4.424745516999999961e-01
9.775000000000000355e+00 -4.426995367000000070e-01
9.777499999999999858e+00 -4.434037739000000200e-01
9.779999999999999361e+00 -4.440143440000000052e-01
9.782500000000000639e+00 -4.446051100999999783e-01
9.785000000000000142e+00 -4.448855587000000167e-01
9.787499999999999645e+00 -4.456975591999999819e-01
9.789999999999999147e+00 -4.461212300999999880e-01
9.792500000000000426e+00 -4.465320911999999809e-01
9.794999999999999929e+00 -4.476597623999999942e-01
9.797499999999999432e+00 -4.480870974999999756e-01
9.800000000000000711e+00 -4.482124657000000068e-01
9.802500000000000213e+00 -4.483791912999999796e-01
9.804999999999999716e+00 -4.497361977000000066e-01
9.807499999999999218e+00 -4.501988827000000248e-01
9.810000000000000497e+00 -4.505896721000000049e-01
9.812500000000000000e+00 -4.515573246999999846e-01
9.814999999999999503e+00 -4.519859176000000089e-01
9.817500000000000782e+00 -4.528171053000000223e-01
9.820000000000000284e+00 -4.535216011000000047e-01
9.822499999999999787e+00 -4.540795832000000254e-01
9.824999999999999289e+00 -4.539239738999999996e-01
9.827500000000000568e+00 -4.550394682000000190e-01
9.830000000000000071e+00 -4.556100605999999775e-01
9.832499999999999574e+00 -4.564711519999999911e-01
9.835000000000000853e+00 -4.567538856000000203e-01
9.837500000000000355e+00 -4.574538058000000018e-01
9.839999999999999858e+00 -4.576832648999999975e-01
9.842499999999999361e+00 -4.585841855000000189e-01
9.845000000000000639e+00 -4.588002852999999992e-01
9.847500000000000142e+00 -4.601082306000000011e-01
9.849999999999999645e+00 -4.607786202999999969e-01
9.852499999999999147e+00 -4.609736094999999922e-01
9.855000000000000426e+00 -4.618494853999999816e-01
9.857499999999999929e+00 -4.622417087999999841e-01
9.859999999999999432e+00 -4.630633550000000098e-01
9.862500000000000711e+00 -4.640504299000000055e-01
9.865000000000000213e+00 -4.641893584999999822e-01
9.867499999999999716e+00 -4.646550829000000160e-01
9.869999999999999218e+00 -4.655767277000000259e-01
9.872500000000000497e+00 -4.662458066999999873e-01
9.875000000000000000e+00 -4.670639106000000207e-01
9.877499999999999503e+00 -4.674531346999999948e-01
9.880000000000000782e+00 -4.677240779999999876e-01
9.882500000000000284e+00 -4.687200341000000159e-01
9.884999999999999787e+00 -4.691797650999999791e-01
9.887499999999999289e+00 -4.702386007000000090e-01
9.890000000000000568e+00 -4.704605788999999816e-01
9.892500000000000071e+00 -4.713508026000000073e-01
9.894999999999999574e+00 -4.716585133000000263e-01
9.897500000000000853e+00 -4.729420878999999744e-01
9.900000000000000355e+00 -4.732677695999999989e-01
9.902499999999999858e+00 -4.738844740000000000e-01
9.904999999999999361e+00 -4.741022509000000218e-01
9.907500000000000639e+00 -4.754371767000000193e-01
9.910000000000000142e+00 -4.754166066000000135e-01
9.912499999999999645e+00 -4.765516743000000055e-01
9.914999999999999147e+00 -4.766749518999999768e-01
9.917500000000000426e+00 -4.773903704999999942e-01
9.919999999999999929e+00 -4.782542846999999764e-01
9.922499999999999432e+00 -4.789252538000000059e-01
9.925000000000000711e+00 -4.794702200000000025e-01
9.927500000000000213e+00 -4.806436043999999796e-01
9.929999999999999716e+00 -4.812166380999999826e-01
9.932499999999999218e+00 -4.819785005000000178e-01
9.935000000000000497e+00 -4.825443244000000020e-01
9.937500000000000000e+00 -4.829918374000000125e-01
9.939999999999999503e+00 -4.837767157999999790e-01
9.942500000000000782e+00 -4.846663668999999786e-01
9.945000000000000284e+00 -4.847150565000000189e-01
9.947499999999999787e+00 -4.852002724000000211e-01
9.949999999999999289e+00 -4.865750354000000222e-01
9.952500000000000568e+00 -4.871782820000000180e-01
9.955000000000000071e+00 -4.878265754000000176e-01
9.957499999999999574e+00 -4.885733966999999955e-01
9.960000000000000853e+00 -4.888302715000000243e-01
9.962500000000000355e+00 -4.900360860999999901e-01
9.964999999999999858e+00 -4.905091200000000207e-01
9.967499999999999361e+00 -4.912765544000000095e-01
9.970000000000000639e+00 -4.920004888000000243e-01
9.972500000000000142e+00 -4.925128163999999975e-01
9.974999999999999645e+00 -4.927061535999999742e-01
9.977499999999999147e+00 -4.934654595999999893e-01
9.980000000000000426e+00 -4.942071067000000095e-01
9.982499999999999929e+00 -4.954794210999999837e-01
9.984999999999999432e+00 -4.958508440000000128e-01
9.987500000000000711e+00 -4.965208936000000128e-01
9.990000000000000213e+00 -4.974017024999999870e-01
9.992499999999999716e+00 -4.978449822000000080e-01
9.994999999999999218e+00 -4.991696663999999894e-01
9.997500000000000497e+00 -4.999009735000000121e-01
1.000000000000000000e+01 -5.000389038000000452e-01
