0.000000000000000000e+00 -4.999980509999999989e-01
2.500000000000000139e-02 -4.928303277000000149e-01
5.000000000000000278e-02 -4.858049084000000128e-01
7.499999999999999722e-02 -4.789217930999999928e-01
1.000000000000000056e-01 -4.721016180000000007e-01
1.250000000000000000e-01 -4.656737100000000185e-01
1.499999999999999944e-01 -4.591019366999999907e-01
1.749999999999999889e-01 -4.529018031000000000e-01
2.000000000000000111e-01 -4.460657464000000183e-01
2.250000000000000056e-01 -4.402502249999999950e-01
2.500000000000000000e-01 -4.340039010999999780e-01
2.750000000000000222e-01 -4.280578850000000268e-01
2.999999999999999889e-01 -4.224226844999999786e-01
3.250000000000000111e-01 -4.170110186000000052e-01
3.499999999999999778e-01 -4.117345699000000137e-01
3.750000000000000000e-01 -4.060825916999999952e-01
4.000000000000000222e-01 -4.005536378999999814e-01
4.249999999999999889e-01 -3.955659655000000052e-01
4.500000000000000111e-01 -3.909745719000000119e-01
4.749999999999999778e-01 -3.851303032000000237e-01
5.000000000000000000e-01 -3.804596426999999892e-01
5.250000000000000222e-01 -3.751027842999999917e-01
5.500000000000000444e-01 -3.705075593000000111e-01
5.749999999999999556e-01 -3.664563898000000042e-01
5.999999999999999778e-01 -3.617868745000000219e-01
6.250000000000000000e-01 -3.572578764000000073e-01
6.500000000000000222e-01 -3.528653902000000175e-01
6.750000000000000444e-01 -3.484257011999999931e-01
6.999999999999999556e-01 -3.444430414999999912e-01
7.249999999999999778e-01 -3.397312659999999762e-01
7.500000000000000000e-01 -3.356619465999999830e-01
7.750000000000000222e-01 -3.316483942999999823e-01
8.000000000000000444e-01 -3.277969810999999956e-01
8.249999999999999556e-01 -3.237666752999999731e-01
8.499999999999999778e-01 -3.200496990999999736e-01
8.750000000000000000e-01 -3.160455316999999931e-01
9.000000000000000222e-01 -3.127726509000000044e-01
9.250000000000000444e-01 -3.089444583000000022e-01
9.499999999999999556e-01 -3.051426757999999850e-01
9.749999999999999778e-01 -3.015975435000000093e-01
1.000000000000000000e+00 -2.985655682000000199e-01
1.024999999999999911e+00 -2.944905527000000189e-01
1.050000000000000044e+00 -2.919560315999999989e-01
1.074999999999999956e+00 -2.884290610999999949e-01
1.100000000000000089e+00 -2.853178342000000089e-01
1.125000000000000000e+00 -2.820427175999999925e-01
1.149999999999999911e+00 -2.786833342000000213e-01
1.175000000000000044e+00 -2.759003593000000087e-01
1.199999999999999956e+00 -2.727099873000000119e-01
1.225000000000000089e+00 -2.697867137000000137e-01
1.250000000000000000e+00 -2.668269229999999936e-01
1.274999999999999911e+00 -2.637320521000000029e-01
1.300000000000000044e+00 -2.610003779000000246e-01
1.324999999999999956e+00 -2.581900708000000044e-01
1.350000000000000089e+00 -2.557011243999999794e-01
1.375000000000000000e+00 -2.528374057000000175e-01
1.399999999999999911e+00 -2.503312145000000100e-01
1.425000000000000044e+00 -2.474582513999999955e-01
1.449999999999999956e+00 -2.449629623000000034e-01
1.475000000000000089e+00 -2.422995118999999864e-01
1.500000000000000000e+00 -2.397752573999999970e-01
1.524999999999999911e+00 -2.376890120000000051e-01
1.550000000000000044e+00 -2.347112386999999911e-01
1.574999999999999956e+00 -2.326212440000000048e-01
1.600000000000000089e+00 -2.302231458000000008e-01
1.625000000000000000e+00 -2.277490249999999938e-01
1.649999999999999911e+00 -2.255675001999999929e-01
1.675000000000000044e+00 -2.231763797000000105e-01
1.699999999999999956e+00 -2.207766555000000019e-01
1.725000000000000089e+00 -2.189549236999999982e-01
1.750000000000000000e+00 -2.165827080999999932e-01
1.774999999999999911e+00 -2.146073165999999866e-01
1.800000000000000044e+00 -2.124441257000000138e-01
1.824999999999999956e+00 -2.100840217000000121e-01
1.850000000000000089e+00 -2.081249846000000070e-01
1.875000000000000000e+00 -2.061274218999999963e-01
1.899999999999999911e+00 -2.041365846000000039e-01
1.925000000000000044e+00 -2.021447524999999967e-01
1.949999999999999956e+00 -2.004136484000000051e-01
1.975000000000000089e+00 -1.982949519999999966e-01
2.000000000000000000e+00 -1.965646481999999973e-01
2.024999999999999911e+00 -1.946939612999999958e-01
2.049999999999999822e+00 -1.926569699000000024e-01
2.075000000000000178e+00 -1.908153938999999910e-01
2.100000000000000089e+00 -1.890791804999999992e-01
2.125000000000000000e+00 -1.873299723000000083e-01
2.149999999999999911e+00 -1.855215813999999963e-01
2.174999999999999822e+00 -1.837893693000000050e-01
2.200000000000000178e+00 -1.821721390999999912e-01
2.225000000000000089e+00 -1.803250597999999927e-01
2.250000000000000000e+00 -1.789629309000000112e-01
2.274999999999999911e+00 -1.772538019000000076e-01
2.299999999999999822e+00 -1.756061573999999903e-01
2.325000000000000178e+00 -1.736769998000000093e-01
2.350000000000000089e+00 -1.725224365999999954e-01
2.375000000000000000e+00 -1.709208678999999953e-01
2.399999999999999911e+00 -1.692049308999999946e-01
2.424999999999999822e+00 -1.672239711000000073e-01
2.450000000000000178e+00 -1.663428779999999996e-01
2.475000000000000089e+00 -1.649792001000000008e-01
2.500000000000000000e+00 -1.634405773000000006e-01
2.524999999999999911e+00 -1.621722082000000009e-01
2.549999999999999822e+00 -1.601543964999999903e-01
2.575000000000000178e+00 -1.591336758000000129e-01
2.600000000000000089e+00 -1.576804176999999918e-01
2.625000000000000000e+00 -1.560171102000000032e-01
2.649999999999999911e+00 -1.549005323000000045e-01
2.674999999999999822e+00 -1.535561212999999869e-01
2.700000000000000178e+00 -1.523951181000000044e-01
2.725000000000000089e+00 -1.510475860000000115e-01
2.750000000000000000e+00 -1.498467131000000008e-01
2.774999999999999911e+00 -1.481011544999999985e-01
2.799999999999999822e+00 -1.471058842000000089e-01
2.825000000000000178e+00 -1.456192327999999980e-01
2.850000000000000089e+00 -1.445125600000000121e-01
2.875000000000000000e+00 -1.433381873000000029e-01
2.899999999999999911e+00 -1.421406094000000064e-01
2.924999999999999822e+00 -1.408264237999999891e-01
2.950000000000000178e+00 -1.397324272999999895e-01
2.975000000000000089e+00 -1.384705294999999947e-01
3.000000000000000000e+00 -1.373159624999999995e-01
3.024999999999999911e+00 -1.360647665999999978e-01
3.049999999999999822e+00 -1.351395705000000003e-01
3.075000000000000178e+00 -1.341126790999999929e-01
3.100000000000000089e+00 -1.328248278999999976e-01
3.125000000000000000e+00 -1.316796798000000046e-01
3.149999999999999911e+00 -1.306773049999999936e-01
3.174999999999999822e+00 -1.296368954000000073e-01
3.200000000000000178e+00 -1.286221604999999990e-01
3.225000000000000089e+00 -1.273902825999999877e-01
3.250000000000000000e+00 -1.265298380000000056e-01
3.274999999999999911e+00 -1.254960952999999990e-01
3.299999999999999822e+00 -1.244427334999999996e-01
3.325000000000000178e+00 -1.232039716000000035e-01
3.350000000000000089e+00 -1.223383495999999931e-01
3.375000000000000000e+00 -1.214455044000000011e-01
3.399999999999999911e+00 -1.204539773000000008e-01
3.424999999999999822e+00 -1.194483612000000056e-01
3.450000000000000178e+00 -1.188243811000000011e-01
3.475000000000000089e+00 -1.174252878999999944e-01
3.500000000000000000e+00 -1.168022858000000025e-01
3.524999999999999911e+00 -1.159683757999999953e-01
3.549999999999999822e+00 -1.146925163999999997e-01
3.575000000000000178e+00 -1.137917549999999944e-01
3.600000000000000089e+00 -1.130631423000000024e-01
3.625000000000000000e+00 -1.121022136000000002e-01
3.649999999999999911e+00 -1.111984649999999963e-01
3.674999999999999822e+00 -1.104278882000000045e-01
3.700000000000000178e+00 -1.095839826000000045e-01
3.725000000000000089e+00 -1.086117877000000037e-01
3.750000000000000000e+00 -1.079019452999999962e-01
3.774999999999999911e+00 -1.069088911000000003e-01
3.799999999999999822e+00 -1.063210874999999944e-01
3.825000000000000178e+00 -1.052411617000000021e-01
3.850000000000000089e+00 -1.047196343000000029e-01
3.875000000000000000e+00 -1.038368213000000068e-01
3.899999999999999911e+00 -1.028683452999999970e-01
3.924999999999999822e+00 -1.022865629000000026e-01
3.950000000000000178e+00 -1.015561100999999994e-01
3.975000000000000089e+00 -1.006783953999999953e-01
4.000000000000000000e+00 -9.981664890999999984e-02
4.025000000000000355e+00 -9.916209884000000419e-02
4.049999999999999822e+00 -9.847057117999999387e-02
4.075000000000000178e+00 -9.766727622000000164e-02
4.099999999999999645e+00 -9.675382980999999716e-02
4.125000000000000000e+00 -9.620008804000000635e-02
4.150000000000000355e+00 -9.539546938000000031e-02
4.174999999999999822e+00 -9.474289594000000203e-02
4.200000000000000178e+00 -9.409083263999999669e-02
4.224999999999999645e+00 -9.331457958000000108e-02
4.250000000000000000e+00 -9.264086821000000471e-02
4.275000000000000355e+00 -9.208508886999999810e-02
4.299999999999999822e+00 -9.120051338000000063e-02
4.325000000000000178e+00 -9.043008573999999911e-02
4.349999999999999645e+00 -8.990840804999999936e-02
4.375000000000000000e+00 -8.930306156999999467e-02
4.400000000000000355e+00 -8.846012038000000688e-02
4.424999999999999822e+00 -8.803695385000000206e-02
4.450000000000000178e+00 -8.722970783000000283e-02
4.474999999999999645e+00 -8.684864601000000239e-02
4.500000000000000000e+00 -8.602560637999999427e-02
4.525000000000000355e+00 -8.552745824999999358e-02
4.549999999999999822e+00 -8.467862520999999698e-02
4.575000000000000178e+00 -8.428807575999999746e-02
4.599999999999999645e+00 -8.347271772000000589e-02
4.625000000000000000e+00 -8.295186774000000429e-02
4.650000000000000355e+00 -8.233542616000000258e-02
4.674999999999999822e+00 -8.198214166999999442e-02
4.700000000000000178e+00 -8.113154093999999650e-02
4.724999999999999645e+00 -8.048361499999999447e-02
4.750000000000000000e+00 -7.993658349000000440e-02
4.775000000000000355e+00 -7.936831903999999605e-02
4.799999999999999822e+00 -7.870370517999999982e-02
4.825000000000000178e+00 -7.817896099000000432e-02
4.849999999999999645e+00 -7.777188380999999762e-02
4.875000000000000000e+00 -7.730638828999999990e-02
4.900000000000000355e+00 -7.663380357000000587e-02
4.924999999999999822e+00 -7.617282756000000321e-02
4.950000000000000178e+00 -7.556896152000000533e-02
4.974999999999999645e+00 -7.503806254000000564e-02
5.000000000000000000e+00 -7.433731099000000231e-02
5.025000000000000355e+00 -7.410538609000000276e-02
5.049999999999999822e+00 -7.347206107999999791e-02
5.075000000000000178e+00 -7.283743581000000356e-02
5.099999999999999645e+00 -7.239035067000000601e-02
5.125000000000000000e+00 -7.195281836000000375e-02
5.150000000000000355e+00 -7.139656005000000194e-02
5.174999999999999822e+00 -7.103524977000000296e-02
5.200000000000000178e+00 -7.045062723999999388e-02
5.224999999999999645e+00 -6.984252887000000354e-02
5.250000000000000000e+00 -6.930353508000000606e-02
5.275000000000000355e+00 -6.897039805000000634e-02
5.299999999999999822e+00 -6.849559322999999866e-02
5.325000000000000178e+00 -6.812780354000000371e-02
5.349999999999999645e+00 -6.757405914000000346e-02
5.375000000000000000e+00 -6.694636023000000158e-02
5.400000000000000355e+00 -6.666095880000000307e-02
5.424999999999999822e+00 -6.624952822999999325e-02
5.450000000000000178e+00 -6.578766300999999705e-02
5.474999999999999645e+00 -6.526359703999999595e-02
5.500000000000000000e+00 -6.477505930999999384e-02
5.525000000000000355e+00 -6.435588703000000299e-02
5.549999999999999822e+00 -6.398787922000000183e-02
5.575000000000000178e+00 -6.339486017999999834e-02
5.599999999999999645e+00 -6.298525982000000023e-02
5.625000000000000000e+00 -6.250678037000000076e-02
5.650000000000000355e+00 -6.223271489999999961e-02
5.674999999999999822e+00 -6.178643545999999709e-02
5.700000000000000178e+00 -6.145409051000000344e-02
5.724999999999999645e+00 -6.089709768999999884e-02
5.750000000000000000e+00 -6.057409250999999661e-02
5.775000000000000355e+00 -6.010052521999999925e-02
5.799999999999999822e+00 -5.977502554999999940e-02
5.825000000000000178e+00 -5.923658896999999673e-02
5.849999999999999645e+00 -5.907049168999999739e-02
5.875000000000000000e+00 -5.855859335000000027e-02
5.900000000000000355e+00 -5.816559833999999929e-02
5.924999999999999822e+00 -5.753935484000000100e-02
5.950000000000000178e+00 -5.740055146999999830e-02
5.974999999999999645e+00 -5.695773677999999701e-02
6.000000000000000000e+00 -5.669416213000000315e-02
6.025000000000000355e+00 -5.627126928000000111e-02
6.049999999999999822e+00 -5.589926161000000060e-02
6.075000000000000178e+00 -5.535870467000000156e-02
6.099999999999999645e+00 -5.502837582999999672e-02
6.125000000000000000e+00 -5.464161740000000184e-02
6.150000000000000355e+00 -5.431320606000000079e-02
6.174999999999999822e+00 -5.390325415999999703e-02
6.200000000000000178e+00 -5.359363444999999671e-02
6.224999999999999645e+00 -5.324667177999999751e-02
6.250000000000000000e+00 -5.287174857000000172e-02
6.275000000000000355e+00 -5.257186624000000086e-02
6.299999999999999822e+00 -5.211816695000000277e-02
6.325000000000000178e+00 -5.190296568000000305e-02
6.349999999999999645e+00 -5.143169443000000091e-02
6.375000000000000000e+00 -5.120014838999999846e-02
6.400000000000000355e+00 -5.084615744999999853e-02
6.424999999999999822e+00 -5.063284888999999844e-02
6.450000000000000178e+00 -5.023066127999999825e-02
6.474999999999999645e+00 -4.974776094000000343e-02
6.500000000000000000e+00 -4.951334009000000341e-02
6.525000000000000355e+00 -4.919526699000000003e-02
6.549999999999999822e+00 -4.890263807999999796e-02
6.575000000000000178e+00 -4.860928411999999865e-02
6.599999999999999645e+00 -4.825130332000000105e-02
6.625000000000000000e+00 -4.801447379999999876e-02
6.650000000000000355e+00 -4.767123426000000053e-02
6.674999999999999822e+00 -4.727844425999999656e-02
6.700000000000000178e+00 -4.690215461000000335e-02
6.724999999999999645e+00 -4.672146539000000126e-02
6.750000000000000000e+00 -4.642946476999999794e-02
6.775000000000000355e+00 -4.617076653999999808e-02
6.799999999999999822e+00 -4.570451091999999660e-02
6.825000000000000178e+00 -4.562877249999999774e-02
6.849999999999999645e+00 -4.518165328999999841e-02
6.875000000000000000e+00 -4.484397594999999653e-02
6.900000000000000355e+00 -4.468187540000000124e-02
6.924999999999999822e+00 -4.430346129999999938e-02
6.950000000000000178e+00 -4.401744308999999689e-02
6.974999999999999645e+00 -4.385254704000000198e-02
7.000000000000000000e+00 -4.342044730999999880e-02
7.025000000000000355e+00 -4.321392060999999785e-02
7.049999999999999822e+00 -4.297610883999999909e-02
7.075000000000000178e+00 -4.276022914000000147e-02
7.099999999999999645e+00 -4.241141068999999819e-02
7.125000000000000000e+00 -4.212300613000000138e-02
7.150000000000000355e+00 -4.180879795999999787e-02
7.174999999999999822e+00 -4.167033743000000262e-02
7.200000000000000178e+00 -4.132552233999999686e-02
7.224999999999999645e+00 -4.103751573000000152e-02
7.250000000000000000e+00 -4.080470623000000130e-02
7.275000000000000355e+00 -4.052556244999999668e-02
7.299999999999999822e+00 -4.020569958999999777e-02
7.325000000000000178e+00 -4.000916739000000277e-02
7.349999999999999645e+00 -3.987872248999999730e-02
7.375000000000000000e+00 -3.946602953000000191e-02
7.400000000000000355e+00 -3.920277381000000089e-02
7.424999999999999822e+00 -3.915139666999999796e-02
7.450000000000000178e+00 -3.866856110999999929e-02
7.474999999999999645e+00 -3.850957560999999918e-02
7.500000000000000000e+00 -3.829310152999999828e-02
7.525000000000000355e+00 -3.805808284000000014e-02
7.549999999999999822e+00 -3.773279246999999836e-02
7.575000000000000178e+00 -3.759470776999999930e-02
7.599999999999999645e+00 -3.739532092000000252e-02
7.625000000000000000e+00 -3.708685896000000343e-02
7.650000000000000355e+00 -3.681086498999999734e-02
7.674999999999999822e+00 -3.668864049000000044e-02
7.700000000000000178e+00 -3.647329926000000139e-02
7.724999999999999645e+00 -3.622218345000000062e-02
7.750000000000000000e+00 -3.592510762000000052e-02
7.775000000000000355e+00 -3.577614377999999845e-02
7.799999999999999822e+00 -3.543077406000000318e-02
7.825000000000000178e+00 -3.532559408000000151e-02
7.849999999999999645e+00 -3.510100548999999653e-02
7.875000000000000000e+00 -3.482444435999999810e-02
7.900000000000000355e+00 -3.470883350000000117e-02
7.924999999999999822e+00 -3.444011723999999830e-02
7.950000000000000178e+00 -3.416223365999999928e-02
7.974999999999999645e+00 -3.402614811000000128e-02
8.000000000000000000e+00 -3.377364852999999861e-02
8.025000000000000355e+00 -3.352142500000000053e-02
8.050000000000000711e+00 -3.343408565000000054e-02
8.074999999999999289e+00 -3.312763425000000289e-02
8.099999999999999645e+00 -3.295408435000000275e-02
8.125000000000000000e+00 -3.270021463000000184e-02
8.150000000000000355e+00 -3.257868323000000232e-02
8.175000000000000711e+00 -3.236203439000000237e-02
8.199999999999999289e+00 -3.214975762999999764e-02
8.224999999999999645e+00 -3.183002300999999978e-02
8.250000000000000000e+00 -3.174922230999999845e-02
8.275000000000000355e+00 -3.157805181000000044e-02
8.300000000000000711e+00 -3.132430024999999923e-02
8.324999999999999289e+00 -3.115163036000000163e-02
8.349999999999999645e+00 -3.091636287999999927e-02
8.375000000000000000e+00 -3.078668266999999917e-02
8.400000000000000355e+00 -3.066194125999999881e-02
8.425000000000000711e+00 -3.048061436999999901e-02
8.449999999999999289e+00 -3.035133351999999909e-02
8.474999999999999645e+00 -3.004343845999999860e-02
8.500000000000000000e+00 -2.981554528999999856e-02
8.525000000000000355e+00 -2.971222318000000043e-02
8.550000000000000711e+00 -2.953095002999999927e-02
8.574999999999999289e+00 -2.924281663000000142e-02
8.599999999999999645e+00 -2.920663546000000152e-02
8.625000000000000000e+00 -2.905572680000000074e-02
8.650000000000000355e+00 -2.879164580000000140e-02
8.675000000000000711e+00 -2.857730685999999853e-02
8.699999999999999289e+00 -2.851336196000000059e-02
8.724999999999999645e+00 -2.826827851000000141e-02
8.750000000000000000e+00 -2.811456000000000024e-02
8.775000000000000355e+00 -2.790476679000000043e-02
8.800000000000000711e+00 -2.777511305999999860e-02
8.824999999999999289e+00 -2.761706958000000045e-02
8.849999999999999645e+00 -2.739948063000000045e-02
8.875000000000000000e+00 -2.727529673999999973e-02
8.900000000000000355e+00 -2.703504143000000012e-02
8.925000000000000711e+00 -2.689921455000000156e-02
8.949999999999999289e+00 -2.672238630999999864e-02
8.974999999999999645e+00 -2.660206543999999937e-02
9.000000000000000000e+00 -2.643458820999999848e-02
9.025000000000000355e+00 -2.626389278999999993e-02
9.050000000000000711e+00 -2.612783146000000056e-02
9.074999999999999289e+00 -2.601099478999999853e-02
9.099999999999999645e+00 -2.585733914999999855e-02
9.125000000000000000e+00 -2.565295606999999992e-02
9.150000000000000355e+00 -2.554865832000000059e-02
9.175000000000000711e+00 -2.536411627000000057e-02
9.199999999999999289e+00 -2.519635641999999967e-02
9.224999999999999645e+00 -2.501718676000000072e-02
9.250000000000000000e+00 -2.485065578999999872e-02
9.275000000000000355e+00 -2.470060819000000074e-02
9.300000000000000711e+00 -2.451958763999999985e-02
9.324999999999999289e+00 -2.435173616000000166e-02
9.349999999999999645e+00 -2.432595572000000039e-02
9.375000000000000000e+00 -2.416467073000000063e-02
9.400000000000000355e+00 -2.399522727999999980e-02
9.425000000000000711e+00 -2.384283594999999853e-02
9.449999999999999289e+00 -2.370876045000000140e-02
9.474999999999999645e+00 -2.357731218000000059e-02
9.500000000000000000e+00 -2.343954820000000022e-02
9.525000000000000355e+00 -2.328828184000000107e-02
9.550000000000000711e+00 -2.317428807000000007e-02
9.574999999999999289e+00 -2.300374919999999962e-02
9.599999999999999645e+00 -2.287897666000000135e-02
9.625000000000000000e+00 -2.272361272000000126e-02
9.650000000000000355e+00 -2.261823551999999835e-02
9.675000000000000711e+00 -2.252439654999999902e-02
9.699999999999999289e+00 -2.235140500999999863e-02
9.724999999999999645e+00 -2.223132674999999878e-02
9.750000000000000000e+00 -2.214774322999999920e-02
9.775000000000000355e+00 -2.196753811000000042e-02
9.800000000000000711e+00 -2.181006532999999956e-02
9.824999999999999289e+00 -2.171295230000000118e-02
9.849999999999999645e+00 -2.161124580000000142e-02
9.875000000000000000e+00 -2.154471510000000034e-02
9.900000000000000355e+00 -2.129832342999999836e-02
9.925000000000000711e+00 -2.120823197000000146e-02
9.949999999999999289e+00 -2.108149755000000153e-02
9.974999999999999645e+00 -2.096134650999999932e-02
1.000000000000000000e+01 -2.080432702999999994e-02
1.002500000000000036e+01 -2.074959486000000145e-02
1.005000000000000071e+01 -2.053564494000000018e-02
1.007499999999999929e+01 -2.042349511999999936e-02
1.009999999999999964e+01 -2.031637447999999971e-02
1.012500000000000000e+01 -2.019211173000000012e-02
1.015000000000000036e+01 -2.012119517999999899e-02
1.017500000000000071e+01 -1.994651185000000104e-02
1.019999999999999929e+01 -1.983789068999999849e-02
1.022499999999999964e+01 -1.965674837000000105e-02
1.025000000000000000e+01 -1.960328751999999841e-02
1.027500000000000036e+01 -1.953045118999999913e-02
1.030000000000000071e+01 -1.942435203000000138e-02
1.032499999999999929e+01 -1.929575019999999960e-02
1.034999999999999964e+01 -1.923913608000000011e-02
1.037500000000000000e+01 -1.902248200000000028e-02
1.040000000000000036e+01 -1.900785844000000072e-02
1.042500000000000071e+01 -1.880274776999999939e-02
1.044999999999999929e+01 -1.874844632000000066e-02
1.047499999999999964e+01 -1.861065014000000059e-02
1.050000000000000000e+01 -1.854974336999999987e-02
1.052500000000000036e+01 -1.836910074999999892e-02
1.055000000000000071e+01 -1.822577213000000154e-02
1.057499999999999929e+01 -1.819745697999999856e-02
1.059999999999999964e+01 -1.805093685999999836e-02
1.062500000000000000e+01 -1.793176528000000117e-02
1.065000000000000036e+01 -1.784827414999999931e-02
1.067500000000000071e+01 -1.774358444999999881e-02
1.069999999999999929e+01 -1.764101385999999883e-02
1.072499999999999964e+01 -1.757799846000000082e-02
1.075000000000000000e+01 -1.742899392000000006e-02
1.077500000000000036e+01 -1.736472313999999975e-02
1.080000000000000071e+01 -1.728342786999999964e-02
1.082499999999999929e+01 -1.716734718000000048e-02
1.084999999999999964e+01 -1.705117054000000049e-02
1.087500000000000000e+01 -1.696373112999999960e-02
1.090000000000000036e+01 -1.687072658999999933e-02
1.092500000000000071e+01 -1.675657428999999948e-02
1.094999999999999929e+01 -1.668576700000000065e-02
1.097499999999999964e+01 -1.655843201999999958e-02
1.100000000000000000e+01 -1.647478906999999895e-02
1.102500000000000036e+01 -1.641929568000000117e-02
1.105000000000000071e+01 -1.625013427999999829e-02
1.107499999999999929e+01 -1.623149158000000009e-02
1.109999999999999964e+01 -1.611124815000000016e-02
1.112500000000000000e+01 -1.598289727000000091e-02
1.115000000000000036e+01 -1.589765506000000161e-02
1.117500000000000071e+01 -1.583570667999999876e-02
1.119999999999999929e+01 -1.572662131000000102e-02
1.122499999999999964e+01 -1.560802409000000036e-02
1.125000000000000000e+01 -1.553445120000000040e-02
1.127500000000000036e+01 -1.545116986000000074e-02
1.130000000000000071e+01 -1.534305692000000054e-02
1.132499999999999929e+01 -1.528848225000000068e-02
1.134999999999999964e+01 -1.518808137999999933e-02
1.137500000000000000e+01 -1.509312909000000077e-02
1.140000000000000036e+01 -1.501617239999999964e-02
1.142500000000000071e+01 -1.492598564999999926e-02
1.144999999999999929e+01 -1.484740262999999921e-02
1.147499999999999964e+01 -1.476585212999999980e-02
1.150000000000000000e+01 -1.466092339999999945e-02
1.152500000000000036e+01 -1.456876355000000060e-02
1.155000000000000071e+01 -1.446328134000000008e-02
1.157499999999999929e+01 -1.439667627999999949e-02
1.159999999999999964e+01 -1.434889534000000078e-02
1.162500000000000000e+01 -1.428084594000000006e-02
1.165000000000000036e+01 -1.418950167999999921e-02
1.167500000000000071e+01 -1.406148425000000070e-02
1.169999999999999929e+01 -1.399019404999999987e-02
1.172499999999999964e+01 -1.393846043000000062e-02
1.175000000000000000e+01 -1.387085247000000021e-02
1.177500000000000036e+01 -1.378762688000000070e-02
1.180000000000000071e+01 -1.374247716000000057e-02
1.182499999999999929e+01 -1.360151746999999946e-02
1.184999999999999964e+01 -1.354556667000000013e-02
1.187500000000000000e+01 -1.348293094999999941e-02
1.190000000000000036e+01 -1.346432392999999915e-02
1.192500000000000071e+01 -1.333819810999999945e-02
1.194999999999999929e+01 -1.328756709000000064e-02
1.197499999999999964e+01 -1.314787392999999978e-02
1.200000000000000000e+01 -1.306450009000000023e-02
1.202500000000000036e+01 -1.306227853999999966e-02
1.205000000000000071e+01 -1.292453240999999996e-02
1.207499999999999929e+01 -1.286293298999999918e-02
1.209999999999999964e+01 -1.281760862999999952e-02
1.212500000000000000e+01 -1.271879123000000007e-02
1.215000000000000036e+01 -1.265271744999999989e-02
1.217500000000000071e+01 -1.257067517000000009e-02
1.219999999999999929e+01 -1.253053233000000002e-02
1.222499999999999964e+01 -1.248330492999999951e-02
1.225000000000000000e+01 -1.236262454999999955e-02
1.227500000000000036e+01 -1.229313274999999962e-02
1.230000000000000071e+01 -1.220464519999999928e-02
1.232499999999999929e+01 -1.217223427000000031e-02
1.234999999999999964e+01 -1.206003433000000027e-02
1.237500000000000000e+01 -1.198753122000000004e-02
1.240000000000000036e+01 -1.193927489000000050e-02
1.242500000000000071e+01 -1.188255308999999933e-02
1.244999999999999929e+01 -1.179869067000000049e-02
1.247499999999999964e+01 -1.172754592999999956e-02
1.250000000000000000e+01 -1.165889244000000054e-02
1.252500000000000036e+01 -1.159053938000000061e-02
1.255000000000000071e+01 -1.153423668999999964e-02
1.257499999999999929e+01 -1.143031012000000034e-02
1.259999999999999964e+01 -1.142867065999999925e-02
1.262500000000000000e+01 -1.138112399000000032e-02
1.265000000000000036e+01 -1.133152955000000031e-02
1.267500000000000071e+01 -1.118787138000000049e-02
1.269999999999999929e+01 -1.114508439000000059e-02
1.272499999999999964e+01 -1.110585698000000031e-02
1.275000000000000000e+01 -1.101807209999999988e-02
1.277500000000000036e+01 -1.095938660999999995e-02
1.280000000000000071e+01 -1.088987014999999968e-02
1.282499999999999929e+01 -1.084085129000000002e-02
1.284999999999999964e+01 -1.078424616000000016e-02
1.287500000000000000e+01 -1.071573244000000036e-02
1.290000000000000036e+01 -1.066303195000000044e-02
1.292500000000000071e+01 -1.062629707999999951e-02
1.294999999999999929e+01 -1.056755302000000028e-02
1.297499999999999964e+01 -1.048849458999999949e-02
1.300000000000000000e+01 -1.046780192999999942e-02
1.302500000000000036e+01 -1.035135792000000006e-02
1.305000000000000071e+01 -1.032959672999999960e-02
1.307499999999999929e+01 -1.027323995999999962e-02
1.309999999999999964e+01 -1.018800721000000069e-02
1.312500000000000000e+01 -1.011008533999999993e-02
1.315000000000000036e+01 -1.008555992000000068e-02
1.317500000000000071e+01 -9.992612434000000543e-03
1.319999999999999929e+01 -9.992055889000000038e-03
1.322499999999999964e+01 -9.952381641999999765e-03
1.325000000000000000e+01 -9.845677229000000114e-03
1.327500000000000036e+01 -9.786424232999999667e-03
1.330000000000000071e+01 -9.727646527999999140e-03
1.332499999999999929e+01 -9.702666004000000399e-03
1.334999999999999964e+01 -9.628267075000000383e-03
1.337500000000000000e+01 -9.591194536000000395e-03
1.340000000000000036e+01 -9.562486180999999960e-03
1.342500000000000071e+01 -9.466743075000000687e-03
1.344999999999999929e+01 -9.424959910000000815e-03
1.347499999999999964e+01 -9.377683515000000483e-03
1.350000000000000000e+01 -9.284052633000000609e-03
1.352500000000000036e+01 -9.236333387999999534e-03
1.355000000000000071e+01 -9.232845567000000711e-03
1.357499999999999929e+01 -9.132525826000000013e-03
1.359999999999999964e+01 -9.098885178999999851e-03
1.362500000000000000e+01 -9.068437412000000461e-03
1.365000000000000036e+01 -9.002956051999999251e-03
1.367500000000000071e+01 -8.917332345999999521e-03
1.369999999999999929e+01 -8.906097510000000536e-03
1.372499999999999964e+01 -8.837367416000000558e-03
1.375000000000000000e+01 -8.805920901000000370e-03
1.377500000000000036e+01 -8.790411815999999920e-03
1.380000000000000071e+01 -8.700776212999999926e-03
1.382499999999999929e+01 -8.672044449000000654e-03
1.384999999999999964e+01 -8.590179738999999953e-03
1.387500000000000000e+01 -8.537372899000000848e-03
1.390000000000000036e+01 -8.515774409999999489e-03
1.392500000000000071e+01 -8.477236508999999240e-03
1.394999999999999929e+01 -8.426527208000000532e-03
1.397499999999999964e+01 -8.415958410000000389e-03
1.400000000000000000e+01 -8.310296074999999269e-03
1.402500000000000036e+01 -8.265605720999999809e-03
1.405000000000000071e+01 -8.249623887999999253e-03
1.407499999999999929e+01 -8.192666859999999524e-03
1.409999999999999964e+01 -8.141756728000000554e-03
1.412500000000000000e+01 -8.088701627000000755e-03
1.415000000000000036e+01 -8.040532451000000774e-03
1.417500000000000071e+01 -8.010013849000000366e-03
1.419999999999999929e+01 -7.967295964000000591e-03
1.422499999999999964e+01 -7.929819482000000086e-03
1.425000000000000000e+01 -7.886989259000000765e-03
1.427500000000000036e+01 -7.822415851000000600e-03
1.430000000000000071e+01 -7.794955093999999737e-03
1.432499999999999929e+01 -7.747822231999999636e-03
1.434999999999999964e+01 -7.726996796000000153e-03
1.437500000000000000e+01 -7.699270006000000222e-03
1.440000000000000036e+01 -7.646291500999999671e-03
1.442500000000000071e+01 -7.603452511000000254e-03
1.444999999999999929e+01 -7.568763669999999978e-03
1.447499999999999964e+01 -7.516017748000000318e-03
1.450000000000000000e+01 -7.451636703000000424e-03
1.452500000000000036e+01 -7.405881125999999939e-03
1.455000000000000071e+01 -7.397541797999999946e-03
1.457499999999999929e+01 -7.314883341999999823e-03
1.459999999999999964e+01 -7.317855621999999963e-03
1.462500000000000000e+01 -7.227052367999999699e-03
1.465000000000000036e+01 -7.192602446000000149e-03
1.467500000000000071e+01 -7.167774154000000272e-03
1.469999999999999929e+01 -7.127921786000000065e-03
1.472499999999999964e+01 -7.088730831000000267e-03
1.475000000000000000e+01 -7.044969003000000306e-03
1.477500000000000036e+01 -7.003915466000000187e-03
1.480000000000000071e+01 -7.017280828999999595e-03
1.482499999999999929e+01 -6.940017578000000006e-03
1.484999999999999964e+01 -6.910363753000000123e-03
1.487500000000000000e+01 -6.860240745999999709e-03
1.490000000000000036e+01 -6.813285974000000099e-03
1.492500000000000071e+01 -6.754588082999999840e-03
1.494999999999999929e+01 -6.746745616000000313e-03
1.497499999999999964e+01 -6.696182753000000203e-03
1.500000000000000000e+01 -6.682699737000000369e-03
1.502500000000000036e+01 -6.628754910000000423e-03
1.505000000000000071e+01 -6.587970032000000156e-03
1.507499999999999929e+01 -6.566837711000000043e-03
1.509999999999999964e+01 -6.523969569000000017e-03
1.512500000000000000e+01 -6.489086282999999983e-03
1.515000000000000036e+01 -6.464010673999999977e-03
1.517500000000000071e+01 -6.402948080000000000e-03
1.519999999999999929e+01 -6.384055999000000370e-03
1.522499999999999964e+01 -6.352221229999999857e-03
1.525000000000000000e+01 -6.290965840000000038e-03
1.527500000000000036e+01 -6.278674405000000264e-03
1.530000000000000071e+01 -6.263163524000000051e-03
1.532499999999999929e+01 -6.220976549999999994e-03
1.534999999999999964e+01 -6.154865399000000389e-03
1.537500000000000000e+01 -6.139500687000000283e-03
1.540000000000000036e+01 -6.087871291000000046e-03
1.542500000000000071e+01 -6.066917556000000177e-03
1.544999999999999929e+01 -6.032889391000000219e-03
1.547499999999999964e+01 -6.007007721999999689e-03
1.550000000000000000e+01 -5.988633366000000423e-03
1.552500000000000036e+01 -5.921299801000000362e-03
1.555000000000000071e+01 -5.918905343999999839e-03
1.557499999999999929e+01 -5.887331136000000312e-03
1.559999999999999964e+01 -5.847395943999999721e-03
1.562500000000000000e+01 -5.822589125000000344e-03
1.565000000000000036e+01 -5.786011895999999648e-03
1.567500000000000071e+01 -5.745373227999999756e-03
1.569999999999999929e+01 -5.725335080999999909e-03
1.572499999999999964e+01 -5.676753807000000339e-03
1.575000000000000000e+01 -5.663219580000000003e-03
1.577500000000000036e+01 -5.622370619999999923e-03
1.580000000000000071e+01 -5.612820511000000262e-03
1.582499999999999929e+01 -5.558900276000000064e-03
1.584999999999999964e+01 -5.534032349000000267e-03
1.587500000000000000e+01 -5.498468291000000417e-03
1.590000000000000036e+01 -5.477099057999999798e-03
1.592500000000000071e+01 -5.441920503000000423e-03
1.594999999999999929e+01 -5.406667975999999987e-03
1.597499999999999964e+01 -5.413352639999999792e-03
1.600000000000000000e+01 -5.353805423999999716e-03
1.602499999999999858e+01 -5.319817182000000262e-03
1.605000000000000071e+01 -5.316900101999999864e-03
1.607499999999999929e+01 -5.287971318000000281e-03
1.610000000000000142e+01 -5.253272718999999966e-03
1.612500000000000000e+01 -5.217300743000000303e-03
1.614999999999999858e+01 -5.175551312000000077e-03
1.617500000000000071e+01 -5.160376280000000121e-03
1.619999999999999929e+01 -5.149630774000000036e-03
1.622500000000000142e+01 -5.136131571000000264e-03
1.625000000000000000e+01 -5.076856601999999580e-03
1.627499999999999858e+01 -5.060778586999999974e-03
1.630000000000000071e+01 -4.997432494000000197e-03
1.632499999999999929e+01 -4.991823878999999790e-03
1.635000000000000142e+01 -4.958922559999999653e-03
1.637500000000000000e+01 -4.951786278999999874e-03
1.639999999999999858e+01 -4.916438430000000422e-03
1.642500000000000071e+01 -4.869457683000000085e-03
1.644999999999999929e+01 -4.844631759999999850e-03
1.647500000000000142e+01 -4.817191069000000339e-03
1.650000000000000000e+01 -4.802768843000000329e-03
1.652499999999999858e+01 -4.769960785999999633e-03
1.655000000000000071e+01 -4.728636106000000047e-03
1.657499999999999929e+01 -4.729453225000000184e-03
1.660000000000000142e+01 -4.719067504000000121e-03
1.662500000000000000e+01 -4.675086087999999820e-03
1.664999999999999858e+01 -4.643734212999999639e-03
1.667500000000000071e+01 -4.620164242999999851e-03
1.669999999999999929e+01 -4.574784868000000143e-03
1.672500000000000142e+01 -4.545858724999999982e-03
1.675000000000000000e+01 -4.540774180999999736e-03
1.677499999999999858e+01 -4.504424881999999873e-03
1.680000000000000071e+01 -4.494295980999999697e-03
1.682499999999999929e+01 -4.489030809999999989e-03
1.685000000000000142e+01 -4.437367894999999680e-03
1.687500000000000000e+01 -4.446499050000000258e-03
1.689999999999999858e+01 -4.417466670000000026e-03
1.692500000000000071e+01 -4.373304052000000393e-03
1.694999999999999929e+01 -4.352134774999999629e-03
1.697500000000000142e+01 -4.299860410000000063e-03
1.700000000000000000e+01 -4.317974976999999596e-03
1.702499999999999858e+01 -4.283624171999999945e-03
1.705000000000000071e+01 -4.252660602999999880e-03
1.707499999999999929e+01 -4.242011742999999592e-03
1.710000000000000142e+01 -4.211207762999999785e-03
1.712500000000000000e+01 -4.189276185999999715e-03
1.714999999999999858e+01 -4.165889209000000343e-03
1.717500000000000071e+01 -4.167350652999999780e-03
1.719999999999999929e+01 -4.131084434999999708e-03
1.722500000000000142e+01 -4.111053184000000062e-03
1.725000000000000000e+01 -4.090204709999999827e-03
1.727499999999999858e+01 -4.039506396000000152e-03
1.730000000000000071e+01 -4.028384799999999710e-03
1.732499999999999929e+01 -4.000041884999999686e-03
1.735000000000000142e+01 -3.990760726999999577e-03
1.737500000000000000e+01 -3.969639435999999626e-03
1.739999999999999858e+01 -3.943444398000000087e-03
1.742500000000000071e+01 -3.925728594999999647e-03
1.744999999999999929e+01 -3.922530108000000029e-03
1.747500000000000142e+01 -3.872703420999999962e-03
1.750000000000000000e+01 -3.854246385000000170e-03
1.752499999999999858e+01 -3.835963299000000066e-03
1.755000000000000071e+01 -3.829024420999999935e-03
1.757499999999999929e+01 -3.806033057000000105e-03
1.760000000000000142e+01 -3.788484956000000032e-03
1.762500000000000000e+01 -3.756475156999999811e-03
1.764999999999999858e+01 -3.748631331000000077e-03
1.767500000000000071e+01 -3.721259522999999843e-03
1.769999999999999929e+01 -3.691387649999999972e-03
1.772500000000000142e+01 -3.690772581999999993e-03
1.775000000000000000e+01 -3.667404612000000133e-03
1.777499999999999858e+01 -3.636483808000000057e-03
1.780000000000000071e+01 -3.619512309000000143e-03
1.782499999999999929e+01 -3.598064908000000051e-03
1.785000000000000142e+01 -3.571747855000000169e-03
1.787500000000000000e+01 -3.562153857999999802e-03
1.789999999999999858e+01 -3.554999539000000108e-03
1.792500000000000071e+01 -3.509268401999999978e-03
1.794999999999999929e+01 -3.507468365999999969e-03
1.797500000000000142e+01 -3.480549331999999857e-03
1.800000000000000000e+01 -3.459648151999999890e-03
1.802499999999999858e+01 -3.454102546000000114e-03
1.805000000000000071e+01 -3.411112083000000100e-03
1.807499999999999929e+01 -3.421435468999999875e-03
1.810000000000000142e+01 -3.399645679000000073e-03
1.812500000000000000e+01 -3.375543181000000090e-03
1.814999999999999858e+01 -3.358771361999999833e-03
1.817500000000000071e+01 -3.333724513999999830e-03
1.819999999999999929e+01 -3.304944871000000187e-03
1.822500000000000142e+01 -3.306921892999999894e-03
1.825000000000000000e+01 -3.285986439999999831e-03
1.827499999999999858e+01 -3.276263240000000087e-03
1.830000000000000071e+01 -3.249876687999999920e-03
1.832499999999999929e+01 -3.228001393000000038e-03
1.835000000000000142e+01 -3.207888172000000065e-03
1.837500000000000000e+01 -3.194254511999999793e-03
1.839999999999999858e+01 -3.182610221000000197e-03
1.842500000000000071e+01 -3.165415303000000073e-03
1.844999999999999929e+01 -3.148973519999999880e-03
1.847500000000000142e+01 -3.120654280999999794e-03
1.850000000000000000e+01 -3.108988960000000096e-03
1.852499999999999858e+01 -3.094913512000000040e-03
1.855000000000000071e+01 -3.082955351999999965e-03
1.857499999999999929e+01 -3.074413734999999898e-03
1.860000000000000142e+01 -3.042823980000000043e-03
1.862500000000000000e+01 -3.027078849999999960e-03
1.864999999999999858e+01 -3.014585334000000148e-03
1.867500000000000071e+01 -2.978650592000000024e-03
1.869999999999999929e+01 -2.991063103999999986e-03
1.872500000000000142e+01 -2.958260807000000128e-03
1.875000000000000000e+01 -2.967953772000000122e-03
1.877499999999999858e+01 -2.948664667000000083e-03
1.880000000000000071e+01 -2.922710669000000167e-03
1.882499999999999929e+01 -2.899616047000000071e-03
1.885000000000000142e+01 -2.883341438000000187e-03
1.887500000000000000e+01 -2.865843257000000137e-03
1.889999999999999858e+01 -2.857599105000000177e-03
1.892500000000000071e+01 -2.837786312000000182e-03
1.894999999999999929e+01 -2.837569282000000030e-03
1.897500000000000142e+01 -2.807231216999999876e-03
1.900000000000000000e+01 -2.798458012000000147e-03
1.902499999999999858e+01 -2.784619686000000191e-03
1.905000000000000071e+01 -2.760061787000000176e-03
1.907499999999999929e+01 -2.750043362000000047e-03
1.910000000000000142e+01 -2.734956855999999808e-03
1.912500000000000000e+01 -2.715507385000000013e-03
1.914999999999999858e+01 -2.713378926000000000e-03
1.917500000000000071e+01 -2.694978671000000138e-03
1.919999999999999929e+01 -2.682378014999999959e-03
1.922500000000000142e+01 -2.671191764999999822e-03
1.925000000000000000e+01 -2.652378989999999888e-03
1.927499999999999858e+01 -2.640747318000000177e-03
1.930000000000000071e+01 -2.631480640999999884e-03
1.932499999999999929e+01 -2.600164543999999855e-03
1.935000000000000142e+01 -2.588877952999999940e-03
1.937500000000000000e+01 -2.589498638000000026e-03
1.939999999999999858e+01 -2.573042991000000154e-03
1.942500000000000071e+01 -2.551149214999999960e-03
1.944999999999999929e+01 -2.549571409000000143e-03
1.947500000000000142e+01 -2.527098900000000065e-03
1.950000000000000000e+01 -2.509080079000000022e-03
1.952499999999999858e+01 -2.498726731999999836e-03
1.955000000000000071e+01 -2.467920493999999944e-03
1.957499999999999929e+01 -2.487994218999999875e-03
1.960000000000000142e+01 -2.448313720999999860e-03
1.962500000000000000e+01 -2.446630306000000064e-03
1.964999999999999858e+01 -2.420213949000000163e-03
1.967500000000000071e+01 -2.421165840999999971e-03
1.969999999999999929e+01 -2.401013403000000143e-03
1.972500000000000142e+01 -2.394049416000000163e-03
1.975000000000000000e+01 -2.383248729999999822e-03
1.977499999999999858e+01 -2.365775692999999916e-03
1.980000000000000071e+01 -2.360067308000000051e-03
1.982499999999999929e+01 -2.346731057000000110e-03
1.985000000000000142e+01 -2.346324388000000077e-03
1.987500000000000000e+01 -2.315658040999999789e-03
1.989999999999999858e+01 -2.298066597999999863e-03
1.992500000000000071e+01 -2.296736961999999802e-03
1.994999999999999929e+01 -2.272016063000000148e-03
1.997500000000000142e+01 -2.272793032999999817e-03
2.000000000000000000e+01 -2.252243012000000079e-03
2.002499999999999858e+01 -2.247097440999999956e-03
2.005000000000000071e+01 -2.231366918000000053e-03
2.007499999999999929e+01 -2.221271434999999919e-03
2.010000000000000142e+01 -2.220312727000000024e-03
2.012500000000000000e+01 -2.197515964000000196e-03
2.014999999999999858e+01 -2.181700104999999973e-03
2.017500000000000071e+01 -2.173040834999999914e-03
2.019999999999999929e+01 -2.161429292999999998e-03
2.022500000000000142e+01 -2.160698059000000157e-03
2.025000000000000000e+01 -2.137690809000000053e-03
2.027499999999999858e+01 -2.122483675000000000e-03
2.030000000000000071e+01 -2.117381242000000111e-03
2.032499999999999929e+01 -2.117092135999999996e-03
2.035000000000000142e+01 -2.092759171000000210e-03
2.037500000000000000e+01 -2.077191827000000098e-03
2.039999999999999858e+01 -2.071347146000000142e-03
2.042500000000000071e+01 -2.043669279999999876e-03
2.044999999999999929e+01 -2.058952178999999896e-03
2.047500000000000142e+01 -2.037229722999999923e-03
2.050000000000000000e+01 -2.036741841000000008e-03
2.052499999999999858e+01 -2.009369151999999825e-03
2.055000000000000071e+01 -2.004979754000000072e-03
2.057499999999999929e+01 -1.988102790000000151e-03
2.060000000000000142e+01 -1.991127176999999814e-03
2.062500000000000000e+01 -1.965331963999999900e-03
2.064999999999999858e+01 -1.963663868000000041e-03
2.067500000000000071e+01 -1.954740981999999929e-03
2.069999999999999929e+01 -1.945846028000000096e-03
2.072500000000000142e+01 -1.937321595000000103e-03
2.075000000000000000e+01 -1.927443328000000029e-03
2.077499999999999858e+01 -1.914931305000000007e-03
2.080000000000000071e+01 -1.899897033000000086e-03
2.082499999999999929e+01 -1.893415375000000091e-03
2.085000000000000142e+01 -1.882626227000000051e-03
2.087500000000000000e+01 -1.883531665000000082e-03
2.089999999999999858e+01 -1.860834307000000087e-03
2.092500000000000071e+01 -1.861469596999999927e-03
2.094999999999999929e+01 -1.850739661000000078e-03
2.097500000000000142e+01 -1.832473076999999954e-03
2.100000000000000000e+01 -1.818062044000000104e-03
2.102499999999999858e+01 -1.818366648000000092e-03
2.105000000000000071e+01 -1.815501706999999958e-03
2.107499999999999929e+01 -1.796973125000000037e-03
2.110000000000000142e+01 -1.790753706999999957e-03
2.112500000000000000e+01 -1.776593095999999972e-03
2.114999999999999858e+01 -1.770592499000000044e-03
2.117500000000000071e+01 -1.759983535999999930e-03
2.119999999999999929e+01 -1.740477287999999973e-03
2.122500000000000142e+01 -1.731767001999999934e-03
2.125000000000000000e+01 -1.730881869000000083e-03
2.127499999999999858e+01 -1.713720853000000018e-03
2.130000000000000071e+01 -1.713096580999999953e-03
2.132499999999999929e+01 -1.707332564999999901e-03
2.135000000000000142e+01 -1.693447688999999900e-03
2.137500000000000000e+01 -1.689007183000000101e-03
2.139999999999999858e+01 -1.682760548999999916e-03
2.142500000000000071e+01 -1.674265600000000073e-03
2.144999999999999929e+01 -1.662632327000000037e-03
2.147500000000000142e+01 -1.652086279000000062e-03
2.150000000000000000e+01 -1.640109287999999988e-03
2.152499999999999858e+01 -1.631689366000000025e-03
2.155000000000000071e+01 -1.628665569999999951e-03
2.157499999999999929e+01 -1.613566556000000035e-03
2.160000000000000142e+01 -1.607568753999999997e-03
2.162500000000000000e+01 -1.596886366000000107e-03
2.164999999999999858e+01 -1.589059349999999990e-03
2.167500000000000071e+01 -1.581661953999999922e-03
2.169999999999999929e+01 -1.570610415999999917e-03
2.172500000000000142e+01 -1.562838447999999932e-03
2.175000000000000000e+01 -1.564896117000000048e-03
2.177499999999999858e+01 -1.554434750999999972e-03
2.180000000000000071e+01 -1.540368104000000094e-03
2.182499999999999929e+01 -1.540326009000000029e-03
2.185000000000000142e+01 -1.517241392000000071e-03
2.187500000000000000e+01 -1.510375621999999899e-03
2.189999999999999858e+01 -1.499089463999999988e-03
2.192500000000000071e+01 -1.501280876999999984e-03
2.194999999999999929e+01 -1.488207270000000077e-03
2.197500000000000142e+01 -1.489572819999999964e-03
2.200000000000000000e+01 -1.471790028000000052e-03
2.202499999999999858e+01 -1.469393340999999983e-03
2.205000000000000071e+01 -1.460975748000000038e-03
2.207499999999999929e+01 -1.451782886999999911e-03
2.210000000000000142e+01 -1.450005272000000085e-03
2.212500000000000000e+01 -1.440981436000000025e-03
2.214999999999999858e+01 -1.425296419000000002e-03
2.217500000000000071e+01 -1.434760658999999954e-03
2.219999999999999929e+01 -1.411655094999999995e-03
2.222500000000000142e+01 -1.411685653999999969e-03
2.225000000000000000e+01 -1.400716034000000065e-03
2.227499999999999858e+01 -1.394999751000000100e-03
2.230000000000000071e+01 -1.391943836999999995e-03
2.232499999999999929e+01 -1.372749184000000063e-03
2.235000000000000142e+01 -1.377811630999999917e-03
2.237500000000000000e+01 -1.365827056000000006e-03
2.239999999999999858e+01 -1.359517155000000005e-03
2.242500000000000071e+01 -1.348304752000000070e-03
2.244999999999999929e+01 -1.341497461999999977e-03
2.247500000000000142e+01 -1.335898974000000088e-03
2.250000000000000000e+01 -1.329284152000000064e-03
2.252499999999999858e+01 -1.325134091000000017e-03
2.255000000000000071e+01 -1.316095317000000016e-03
2.257499999999999929e+01 -1.306526403000000036e-03
2.260000000000000142e+01 -1.299245065000000044e-03
2.262500000000000000e+01 -1.293551103000000011e-03
2.264999999999999858e+01 -1.282880142999999994e-03
2.267500000000000071e+01 -1.278853081000000044e-03
2.269999999999999929e+01 -1.269243970000000004e-03
2.272500000000000142e+01 -1.265779652000000076e-03
2.275000000000000000e+01 -1.256799680999999948e-03
2.277499999999999858e+01 -1.255510723999999972e-03
2.280000000000000071e+01 -1.247737613000000001e-03
2.282499999999999929e+01 -1.232833675999999920e-03
2.285000000000000142e+01 -1.232159865000000045e-03
2.287500000000000000e+01 -1.228798835000000046e-03
2.289999999999999858e+01 -1.214556091999999948e-03
2.292500000000000071e+01 -1.221740799000000082e-03
2.294999999999999929e+01 -1.208643675000000035e-03
2.297500000000000142e+01 -1.197770681000000009e-03
2.300000000000000000e+01 -1.188808805000000001e-03
2.302499999999999858e+01 -1.190041727000000103e-03
2.305000000000000071e+01 -1.185667670999999979e-03
2.307499999999999929e+01 -1.178309107000000003e-03
2.310000000000000142e+01 -1.171192207999999972e-03
2.312500000000000000e+01 -1.163360319000000028e-03
2.314999999999999858e+01 -1.158273662999999981e-03
2.317500000000000071e+01 -1.154474816999999940e-03
2.319999999999999929e+01 -1.150170560999999982e-03
2.322500000000000142e+01 -1.136156104999999942e-03
2.325000000000000000e+01 -1.128896453000000034e-03
2.327499999999999858e+01 -1.121596569999999985e-03
2.330000000000000071e+01 -1.124238284000000010e-03
2.332499999999999929e+01 -1.117545327999999944e-03
2.335000000000000142e+01 -1.112549812000000011e-03
2.337500000000000000e+01 -1.106355500000000009e-03
2.339999999999999858e+01 -1.104950659999999907e-03
2.342500000000000071e+01 -1.089028914999999945e-03
2.344999999999999929e+01 -1.088579850999999961e-03
2.347500000000000142e+01 -1.075772231999999953e-03
2.350000000000000000e+01 -1.079637440000000021e-03
2.352499999999999858e+01 -1.065337101999999994e-03
2.355000000000000071e+01 -1.063286598000000088e-03
2.357499999999999929e+01 -1.052997805999999993e-03
2.360000000000000142e+01 -1.055809006999999973e-03
2.362500000000000000e+01 -1.046545701000000089e-03
2.364999999999999858e+01 -1.044550233999999925e-03
2.367500000000000071e+01 -1.036005687000000073e-03
2.369999999999999929e+01 -1.032632263999999937e-03
2.372500000000000142e+01 -1.030513570999999932e-03
2.375000000000000000e+01 -1.017815918000000057e-03
2.377499999999999858e+01 -1.017735141999999947e-03
2.380000000000000071e+01 -1.007301544999999934e-03
2.382499999999999929e+01 -1.008943788000000097e-03
2.385000000000000142e+01 -1.006439064999999989e-03
2.387500000000000000e+01 -1.000092694999999993e-03
2.389999999999999858e+01 -9.976608490999999863e-04
2.392500000000000071e+01 -9.865674629999999275e-04
2.394999999999999929e+01 -9.787407620999999391e-04
2.397500000000000142e+01 -9.744068087999999909e-04
2.400000000000000000e+01 -9.715009089000000006e-04
2.402499999999999858e+01 -9.682409337999999845e-04
2.405000000000000071e+01 -9.602517587000000340e-04
2.407499999999999929e+01 -9.508622191999999661e-04
2.410000000000000142e+01 -9.497348995000000219e-04
2.412500000000000000e+01 -9.472221063999999814e-04
2.414999999999999858e+01 -9.388771059999999726e-04
2.417500000000000071e+01 -9.324450317000000004e-04
2.419999999999999929e+01 -9.254703198000000268e-04
2.422500000000000142e+01 -9.233324643000000468e-04
2.425000000000000000e+01 -9.208992477000000308e-04
2.427499999999999858e+01 -9.115950268000000065e-04
2.430000000000000071e+01 -9.146580311000000133e-04
2.432499999999999929e+01 -9.068928609000000141e-04
2.435000000000000142e+01 -9.045412509999999984e-04
2.437500000000000000e+01 -9.016682857999999863e-04
2.439999999999999858e+01 -8.961312714000000106e-04
2.442500000000000071e+01 -8.914196690999999723e-04
2.444999999999999929e+01 -8.773034029999999747e-04
2.447500000000000142e+01 -8.832180106000000032e-04
2.450000000000000000e+01 -8.713291586000000005e-04
2.452499999999999858e+01 -8.724297612000000372e-04
2.455000000000000071e+01 -8.661084604999999851e-04
2.457499999999999929e+01 -8.588548268000000332e-04
2.460000000000000142e+01 -8.523765603000000397e-04
2.462500000000000000e+01 -8.494317716000000318e-04
2.464999999999999858e+01 -8.493109075999999685e-04
2.467500000000000071e+01 -8.373098879999999779e-04
2.469999999999999929e+01 -8.349953283999999535e-04
2.472500000000000142e+01 -8.399866722000000124e-04
2.475000000000000000e+01 -8.292000362000000180e-04
2.477499999999999858e+01 -8.225779588999999935e-04
2.480000000000000071e+01 -8.244865956000000176e-04
2.482499999999999929e+01 -8.175102381000000275e-04
2.485000000000000142e+01 -8.099880509999999971e-04
2.487500000000000000e+01 -8.058040761000000250e-04
2.489999999999999858e+01 -8.020103726000000349e-04
2.492500000000000071e+01 -8.005192039000000445e-04
2.494999999999999929e+01 -7.936567655999999605e-04
2.497500000000000142e+01 -7.907229853999999834e-04
2.500000000000000000e+01 -7.836331032000000288e-04
2.502499999999999858e+01 -7.822776417000000537e-04
2.505000000000000071e+01 -7.798547051000000521e-04
2.507499999999999929e+01 -7.755770416999999573e-04
2.510000000000000142e+01 -7.716219116000000260e-04
2.512500000000000000e+01 -7.685536689000000039e-04
2.514999999999999858e+01 -7.619377161000000101e-04
2.517500000000000071e+01 -7.556824541000000403e-04
2.519999999999999929e+01 -7.550595497000000189e-04
2.522500000000000142e+01 -7.531861879000000112e-04
2.525000000000000000e+01 -7.461405638000000217e-04
2.527499999999999858e+01 -7.397979689999999685e-04
2.530000000000000071e+01 -7.427796282999999701e-04
2.532499999999999929e+01 -7.341337838000000417e-04
2.535000000000000142e+01 -7.296955928999999692e-04
2.537500000000000000e+01 -7.262364477000000148e-04
2.539999999999999858e+01 -7.211046847000000121e-04
2.542500000000000071e+01 -7.242725757999999995e-04
2.544999999999999929e+01 -7.151452652000000196e-04
2.547500000000000142e+01 -7.105205643000000321e-04
2.550000000000000000e+01 -7.058958984999999910e-04
2.552499999999999858e+01 -7.035175472999999910e-04
2.555000000000000071e+01 -6.993849566000000023e-04
2.557499999999999929e+01 -6.994677201999999552e-04
2.560000000000000142e+01 -6.991337154999999626e-04
2.562500000000000000e+01 -6.937404579000000168e-04
2.564999999999999858e+01 -6.857991336000000522e-04
2.567500000000000071e+01 -6.815808640000000067e-04
2.569999999999999929e+01 -6.784426314999999911e-04
2.572500000000000142e+01 -6.724668037000000338e-04
2.575000000000000000e+01 -6.699396693000000090e-04
2.577499999999999858e+01 -6.696288736999999550e-04
2.580000000000000071e+01 -6.670130494999999566e-04
2.582499999999999929e+01 -6.638629531000000538e-04
2.585000000000000142e+01 -6.598128830999999911e-04
2.587500000000000000e+01 -6.576432389999999854e-04
2.589999999999999858e+01 -6.517408413999999572e-04
2.592500000000000071e+01 -6.491363105999999571e-04
2.594999999999999929e+01 -6.371352839000000165e-04
2.597500000000000142e+01 -6.406450309000000232e-04
2.600000000000000000e+01 -6.410747183000000413e-04
2.602499999999999858e+01 -6.327723280999999469e-04
2.605000000000000071e+01 -6.310350382999999497e-04
2.607499999999999929e+01 -6.325455352999999467e-04
2.610000000000000142e+01 -6.254350161000000541e-04
2.612500000000000000e+01 -6.202472617999999589e-04
2.614999999999999858e+01 -6.190900908999999669e-04
2.617500000000000071e+01 -6.126623657000000505e-04
2.619999999999999929e+01 -6.138005424999999583e-04
2.622500000000000142e+01 -6.055716244999999505e-04
2.625000000000000000e+01 -6.042060193999999797e-04
2.627499999999999858e+01 -6.014565493000000127e-04
2.630000000000000071e+01 -5.981723054999999768e-04
2.632499999999999929e+01 -5.968394086999999999e-04
2.635000000000000142e+01 -5.939718853999999488e-04
2.637500000000000000e+01 -5.881010084000000415e-04
2.639999999999999858e+01 -5.882334535999999723e-04
2.642500000000000071e+01 -5.878953041000000183e-04
2.644999999999999929e+01 -5.789296364000000262e-04
2.647500000000000142e+01 -5.825408340999999957e-04
2.650000000000000000e+01 -5.782700918999999573e-04
2.652499999999999858e+01 -5.682566607999999528e-04
2.655000000000000071e+01 -5.679744155000000273e-04
2.657499999999999929e+01 -5.656385908999999722e-04
2.660000000000000142e+01 -5.609691730999999664e-04
2.662500000000000000e+01 -5.637824428999999634e-04
2.664999999999999858e+01 -5.552345999000000542e-04
2.667500000000000071e+01 -5.574424703999999921e-04
2.669999999999999929e+01 -5.527129266999999567e-04
2.672500000000000142e+01 -5.514949375999999475e-04
2.675000000000000000e+01 -5.446383135999999844e-04
2.677499999999999858e+01 -5.411331318999999937e-04
2.680000000000000071e+01 -5.415169613999999991e-04
2.682499999999999929e+01 -5.390281171000000423e-04
2.685000000000000142e+01 -5.351325345000000448e-04
2.687500000000000000e+01 -5.327999555000000097e-04
2.689999999999999858e+01 -5.294178628999999517e-04
2.692500000000000071e+01 -5.245427440999999528e-04
2.694999999999999929e+01 -5.248303710000000368e-04
2.697500000000000142e+01 -5.209639593000000516e-04
2.700000000000000000e+01 -5.174898620999999945e-04
2.702499999999999858e+01 -5.159876176999999599e-04
2.705000000000000071e+01 -5.145164069000000406e-04
2.707499999999999929e+01 -5.131757994000000177e-04
2.710000000000000142e+01 -5.091742824000000190e-04
2.712500000000000000e+01 -5.080992298999999993e-04
2.714999999999999858e+01 -5.023024131999999755e-04
2.717500000000000071e+01 -5.032363401000000333e-04
2.719999999999999929e+01 -4.973504681999999563e-04
2.722500000000000142e+01 -4.977318349000000013e-04
2.725000000000000000e+01 -4.939070068000000428e-04
2.727499999999999858e+01 -4.921818648999999905e-04
2.730000000000000071e+01 -4.857298007000000208e-04
2.732499999999999929e+01 -4.814346273000000157e-04
2.735000000000000142e+01 -4.865667411999999932e-04
2.737500000000000000e+01 -4.783099197000000263e-04
2.739999999999999858e+01 -4.750363582000000128e-04
2.742500000000000071e+01 -4.785810304000000129e-04
2.744999999999999929e+01 -4.711132351999999931e-04
2.747500000000000142e+01 -4.701302895999999866e-04
2.750000000000000000e+01 -4.668953718999999938e-04
2.752499999999999858e+01 -4.616068451000000013e-04
2.755000000000000071e+01 -4.603605399000000229e-04
2.757499999999999929e+01 -4.572322980000000179e-04
2.760000000000000142e+01 -4.585151683000000182e-04
2.762500000000000000e+01 -4.520584957999999876e-04
2.764999999999999858e+01 -4.530359625000000183e-04
2.767500000000000071e+01 -4.509261936999999811e-04
2.769999999999999929e+01 -4.478424430000000180e-04
2.772500000000000142e+01 -4.446500034999999792e-04
2.775000000000000000e+01 -4.447940693000000212e-04
2.777499999999999858e+01 -4.400281535999999837e-04
2.780000000000000071e+01 -4.390295771999999956e-04
2.782499999999999929e+01 -4.373474904999999770e-04
2.785000000000000142e+01 -4.351165277999999802e-04
2.787500000000000000e+01 -4.321327398999999948e-04
2.789999999999999858e+01 -4.332057036000000233e-04
2.792500000000000071e+01 -4.289362677999999907e-04
2.794999999999999929e+01 -4.248973040000000130e-04
2.797500000000000142e+01 -4.227583658999999896e-04
2.800000000000000000e+01 -4.223354825999999754e-04
2.802499999999999858e+01 -4.203810463000000200e-04
2.805000000000000071e+01 -4.173128924000000118e-04
2.807499999999999929e+01 -4.137116155000000175e-04
2.810000000000000142e+01 -4.114326720000000123e-04
2.812500000000000000e+01 -4.140518533000000188e-04
2.814999999999999858e+01 -4.109490896000000254e-04
2.817500000000000071e+01 -4.048586395000000116e-04
2.819999999999999929e+01 -4.049265801999999748e-04
2.822500000000000142e+01 -4.021930764999999820e-04
2.825000000000000000e+01 -3.978185046999999780e-04
2.827499999999999858e+01 -3.969717910000000152e-04
2.830000000000000071e+01 -3.977733084000000105e-04
2.832499999999999929e+01 -3.918753423999999795e-04
2.835000000000000142e+01 -3.916746193999999905e-04
2.837500000000000000e+01 -3.921218929000000269e-04
2.839999999999999858e+01 -3.905756293999999938e-04
2.842500000000000071e+01 -3.852958727999999879e-04
2.844999999999999929e+01 -3.831128486999999948e-04
2.847500000000000142e+01 -3.806761570999999864e-04
2.850000000000000000e+01 -3.796043322999999824e-04
2.852499999999999858e+01 -3.798318501999999909e-04
2.855000000000000071e+01 -3.763171084000000040e-04
2.857499999999999929e+01 -3.721061121999999738e-04
2.860000000000000142e+01 -3.733425281000000138e-04
2.862500000000000000e+01 -3.697545021000000023e-04
2.864999999999999858e+01 -3.682181272000000080e-04
2.867500000000000071e+01 -3.661794143000000196e-04
2.869999999999999929e+01 -3.640986462999999912e-04
2.872500000000000142e+01 -3.643775566000000154e-04
2.875000000000000000e+01 -3.570041038000000208e-04
2.877499999999999858e+01 -3.600374954000000027e-04
2.880000000000000071e+01 -3.556271243999999739e-04
2.882499999999999929e+01 -3.551922542000000220e-04
2.885000000000000142e+01 -3.542729779000000027e-04
2.887500000000000000e+01 -3.553462051999999862e-04
2.889999999999999858e+01 -3.510375518000000139e-04
2.892500000000000071e+01 -3.482876003999999751e-04
2.894999999999999929e+01 -3.455146735999999963e-04
2.897500000000000142e+01 -3.433542851999999888e-04
2.900000000000000000e+01 -3.420120579999999760e-04
2.902499999999999858e+01 -3.411179546000000064e-04
2.905000000000000071e+01 -3.407431701999999950e-04
2.907499999999999929e+01 -3.374259079000000014e-04
2.910000000000000142e+01 -3.366025772999999867e-04
2.912500000000000000e+01 -3.341783816999999743e-04
2.914999999999999858e+01 -3.321345159999999864e-04
2.917500000000000071e+01 -3.295162725000000165e-04
2.919999999999999929e+01 -3.301531392000000187e-04
2.922500000000000142e+01 -3.268031056999999898e-04
2.925000000000000000e+01 -3.247940918999999739e-04
2.927499999999999858e+01 -3.249480939999999833e-04
2.930000000000000071e+01 -3.231770957000000208e-04
2.932499999999999929e+01 -3.197749612000000104e-04
2.935000000000000142e+01 -3.203832149000000154e-04
2.937500000000000000e+01 -3.191125325999999950e-04
2.939999999999999858e+01 -3.147967074000000134e-04
2.942500000000000071e+01 -3.161013306999999918e-04
2.944999999999999929e+01 -3.135483697000000249e-04
2.947500000000000142e+01 -3.108236829000000055e-04
2.950000000000000000e+01 -3.095805577000000056e-04
2.952499999999999858e+01 -3.083498577000000243e-04
2.955000000000000071e+01 -3.051318358000000000e-04
2.957499999999999929e+01 -3.028332391000000180e-04
2.960000000000000142e+01 -3.025420566999999922e-04
2.962500000000000000e+01 -3.014053879999999998e-04
2.964999999999999858e+01 -3.002998666000000045e-04
2.967500000000000071e+01 -3.000593737999999945e-04
2.969999999999999929e+01 -2.987204126999999741e-04
2.972500000000000142e+01 -2.939998892000000104e-04
2.975000000000000000e+01 -2.928355691999999836e-04
2.977499999999999858e+01 -2.947196764999999888e-04
2.980000000000000071e+01 -2.904547010000000122e-04
2.982499999999999929e+01 -2.873873561000000239e-04
2.985000000000000142e+01 -2.882263516000000249e-04
2.987500000000000000e+01 -2.835908842999999933e-04
2.989999999999999858e+01 -2.848432028999999801e-04
2.992500000000000071e+01 -2.829307854000000038e-04
2.994999999999999929e+01 -2.838386702999999827e-04
2.997500000000000142e+01 -2.792054781000000000e-04
3.000000000000000000e+01 -2.771080070000000030e-04
3.002499999999999858e+01 -2.769638749000000199e-04
3.005000000000000071e+01 -2.732860659999999790e-04
3.007499999999999929e+01 -2.735446602999999752e-04
3.010000000000000142e+01 -2.756416045999999739e-04
3.012500000000000000e+01 -2.710501165000000242e-04
3.014999999999999858e+01 -2.719426736000000035e-04
3.017500000000000071e+01 -2.691365565000000053e-04
3.019999999999999929e+01 -2.678375448000000253e-04
3.022500000000000142e+01 -2.668165536999999817e-04
3.025000000000000000e+01 -2.636948612000000118e-04
3.027499999999999858e+01 -2.627346725999999831e-04
3.030000000000000071e+01 -2.602876514999999955e-04
3.032499999999999929e+01 -2.589300438000000201e-04
3.035000000000000142e+01 -2.589351470000000226e-04
3.037500000000000000e+01 -2.610722128000000030e-04
3.039999999999999858e+01 -2.577056718000000153e-04
3.042500000000000071e+01 -2.563876181999999904e-04
3.044999999999999929e+01 -2.540540904999999947e-04
3.047500000000000142e+01 -2.539509260999999840e-04
3.050000000000000000e+01 -2.531500714999999858e-04
3.052499999999999858e+01 -2.504249085000000152e-04
3.055000000000000071e+01 -2.483398968999999974e-04
3.057499999999999929e+01 -2.483703092999999819e-04
3.060000000000000142e+01 -2.481300164000000081e-04
3.062500000000000000e+01 -2.456217855999999955e-04
3.064999999999999858e+01 -2.415563882000000074e-04
3.067500000000000071e+01 -2.402304883999999900e-04
3.069999999999999929e+01 -2.413334289000000036e-04
3.072500000000000142e+01 -2.389679033999999940e-04
3.075000000000000000e+01 -2.389649416999999997e-04
3.077499999999999858e+01 -2.377019373000000045e-04
3.080000000000000071e+01 -2.363474939000000054e-04
3.082499999999999929e+01 -2.347786283999999985e-04
3.085000000000000142e+01 -2.367528189999999928e-04
3.087500000000000000e+01 -2.324568645999999913e-04
3.089999999999999858e+01 -2.308247479999999904e-04
3.092500000000000071e+01 -2.314781962000000081e-04
3.094999999999999929e+01 -2.309199820000000091e-04
3.097500000000000142e+01 -2.288034292000000014e-04
3.100000000000000000e+01 -2.264246647000000103e-04
3.102499999999999858e+01 -2.256480793000000028e-04
3.105000000000000071e+01 -2.258123212999999917e-04
3.107499999999999929e+01 -2.228462424999999938e-04
3.110000000000000142e+01 -2.218899428000000059e-04
3.112500000000000000e+01 -2.210947095000000053e-04
3.114999999999999858e+01 -2.243416641000000071e-04
3.117500000000000071e+01 -2.217643506999999916e-04
3.119999999999999929e+01 -2.172889562000000091e-04
3.122500000000000142e+01 -2.158339063999999965e-04
3.125000000000000000e+01 -2.155768986000000035e-04
3.127499999999999858e+01 -2.151939492000000105e-04
3.130000000000000071e+01 -2.132441725999999866e-04
3.132499999999999929e+01 -2.124880129999999912e-04
3.135000000000000142e+01 -2.092013348000000116e-04
3.137500000000000000e+01 -2.104186047000000106e-04
3.139999999999999858e+01 -2.088008477999999963e-04
3.142500000000000071e+01 -2.083796283999999959e-04
3.144999999999999929e+01 -2.071275049999999989e-04
3.147500000000000142e+01 -2.051071816000000114e-04
3.150000000000000000e+01 -2.039574186000000123e-04
3.152499999999999858e+01 -2.040753898999999954e-04
3.155000000000000071e+01 -2.044354227999999973e-04
3.157499999999999929e+01 -2.019586669000000064e-04
3.160000000000000142e+01 -2.015355965000000026e-04
3.162500000000000000e+01 -1.988545933999999991e-04
3.164999999999999858e+01 -1.991558679000000095e-04
3.167500000000000071e+01 -1.991340080000000032e-04
3.169999999999999929e+01 -1.965181834000000118e-04
3.172500000000000142e+01 -1.948526426999999878e-04
3.175000000000000000e+01 -1.948626556000000070e-04
3.177499999999999858e+01 -1.939016261000000099e-04
3.180000000000000071e+01 -1.919949213000000129e-04
3.182499999999999929e+01 -1.921719314000000002e-04
3.185000000000000142e+01 -1.925903904000000042e-04
3.187500000000000000e+01 -1.899993105000000009e-04
3.189999999999999858e+01 -1.888829756000000087e-04
3.192500000000000071e+01 -1.884030790000000013e-04
3.194999999999999929e+01 -1.867361431000000120e-04
3.197500000000000142e+01 -1.874495309000000014e-04
3.200000000000000000e+01 -1.849951794000000095e-04
3.202499999999999858e+01 -1.839825186000000081e-04
3.204999999999999716e+01 -1.822012346999999938e-04
3.207500000000000284e+01 -1.814325377000000107e-04
3.210000000000000142e+01 -1.794591326999999997e-04
3.212500000000000000e+01 -1.813331839000000120e-04
3.214999999999999858e+01 -1.782764725000000080e-04
3.217499999999999716e+01 -1.785548252000000052e-04
3.220000000000000284e+01 -1.780087309000000088e-04
3.222500000000000142e+01 -1.775185127999999901e-04
3.225000000000000000e+01 -1.764716190000000049e-04
3.227499999999999858e+01 -1.749140390000000062e-04
3.229999999999999716e+01 -1.741612850999999928e-04
3.232500000000000284e+01 -1.730273911999999879e-04
3.235000000000000142e+01 -1.717369067999999948e-04
3.237500000000000000e+01 -1.708430867999999987e-04
3.239999999999999858e+01 -1.703032866000000112e-04
3.242499999999999716e+01 -1.685424588999999906e-04
3.245000000000000284e+01 -1.688197944000000028e-04
3.247500000000000142e+01 -1.691455936000000129e-04
3.250000000000000000e+01 -1.667056613999999917e-04
3.252499999999999858e+01 -1.649100097999999957e-04
3.254999999999999716e+01 -1.649819449000000117e-04
3.257500000000000284e+01 -1.626943816999999878e-04
3.260000000000000142e+01 -1.642239494000000122e-04
3.262500000000000000e+01 -1.644860360000000021e-04
3.264999999999999858e+01 -1.616993930999999912e-04
3.267499999999999716e+01 -1.612056360999999970e-04
3.270000000000000284e+01 -1.596468181999999899e-04
3.272500000000000142e+01 -1.592545880000000122e-04
3.275000000000000000e+01 -1.585909715000000054e-04
3.277499999999999858e+01 -1.593006112000000041e-04
3.279999999999999716e+01 -1.565441589000000076e-04
3.282500000000000284e+01 -1.557174327000000031e-04
3.285000000000000142e+01 -1.546913633999999927e-04
3.287500000000000000e+01 -1.546623450999999995e-04
3.289999999999999858e+01 -1.538159740000000014e-04
3.292499999999999716e+01 -1.523532796999999873e-04
3.295000000000000284e+01 -1.538066603999999960e-04
3.297500000000000142e+01 -1.524549475999999876e-04
3.300000000000000000e+01 -1.513953932000000082e-04
3.302499999999999858e+01 -1.493079514000000135e-04
3.304999999999999716e+01 -1.488713911000000062e-04
3.307500000000000284e+01 -1.476175555999999873e-04
3.310000000000000142e+01 -1.468931455000000059e-04
3.312500000000000000e+01 -1.477233092999999950e-04
3.314999999999999858e+01 -1.451054613999999948e-04
3.317499999999999716e+01 -1.455418412999999966e-04
3.320000000000000284e+01 -1.445016813000000089e-04
3.322500000000000142e+01 -1.446219676999999895e-04
3.325000000000000000e+01 -1.431517603999999907e-04
3.327499999999999858e+01 -1.434687003999999904e-04
3.329999999999999716e+01 -1.417658762000000017e-04
3.332500000000000284e+01 -1.400013550999999995e-04
3.335000000000000142e+01 -1.407044727000000058e-04
3.337500000000000000e+01 -1.388441374999999935e-04
3.339999999999999858e+01 -1.400936315000000129e-04
3.342499999999999716e+01 -1.384807038999999896e-04
3.345000000000000284e+01 -1.370731615000000123e-04
3.347500000000000142e+01 -1.362748772000000057e-04
3.350000000000000000e+01 -1.364427270999999926e-04
3.352499999999999858e+01 -1.351065064999999992e-04
3.354999999999999716e+01 -1.347873480000000008e-04
3.357500000000000284e+01 -1.337534092999999986e-04
3.360000000000000142e+01 -1.337719103999999927e-04
3.362500000000000000e+01 -1.325023139999999917e-04
3.364999999999999858e+01 -1.310264942000000034e-04
3.367499999999999716e+01 -1.312212973999999949e-04
3.370000000000000284e+01 -1.309512845000000019e-04
3.372500000000000142e+01 -1.293723944999999897e-04
3.375000000000000000e+01 -1.300671867000000102e-04
3.377499999999999858e+01 -1.292413736999999997e-04
3.379999999999999716e+01 -1.275789331000000079e-04
3.382500000000000284e+01 -1.260668662000000010e-04
3.385000000000000142e+01 -1.269824862000000043e-04
3.387500000000000000e+01 -1.259323325000000129e-04
3.389999999999999858e+01 -1.255432099000000103e-04
3.392499999999999716e+01 -1.242610258999999944e-04
3.395000000000000284e+01 -1.240892163999999945e-04
3.397500000000000142e+01 -1.230497082999999986e-04
3.400000000000000000e+01 -1.229354999999999955e-04
3.402499999999999858e+01 -1.225373667999999966e-04
3.404999999999999716e+01 -1.212351553000000061e-04
3.407500000000000284e+01 -1.207451872999999964e-04
3.410000000000000142e+01 -1.199946167999999945e-04
3.412500000000000000e+01 -1.204359476999999998e-04
3.414999999999999858e+01 -1.182980595000000042e-04
3.417499999999999716e+01 -1.183801161000000039e-04
3.420000000000000284e+01 -1.187206605000000053e-04
3.422500000000000142e+01 -1.171220529999999994e-04
3.425000000000000000e+01 -1.152799206999999965e-04
3.427499999999999858e+01 -1.149951622999999972e-04
3.429999999999999716e+01 -1.161657612000000016e-04
3.432500000000000284e+01 -1.143331010999999991e-04
3.435000000000000142e+01 -1.145092379000000037e-04
3.437500000000000000e+01 -1.133207454000000037e-04
3.439999999999999858e+01 -1.136895218000000068e-04
3.442499999999999716e+01 -1.132449234999999982e-04
3.445000000000000284e+01 -1.115849804000000015e-04
3.447500000000000142e+01 -1.117054556000000030e-04
3.450000000000000000e+01 -1.100441112000000057e-04
3.452499999999999858e+01 -1.102512988000000000e-04
3.454999999999999716e+01 -1.082695204000000053e-04
3.457500000000000284e+01 -1.098391064000000064e-04
3.460000000000000142e+01 -1.080985378000000026e-04
3.462500000000000000e+01 -1.093291122999999975e-04
3.464999999999999858e+01 -1.077744613999999959e-04
3.467499999999999716e+01 -1.069120069999999947e-04
3.470000000000000284e+01 -1.061678210000000010e-04
3.472500000000000142e+01 -1.063929036999999985e-04
3.475000000000000000e+01 -1.050483957000000030e-04
3.477499999999999858e+01 -1.047200727000000052e-04
3.479999999999999716e+01 -1.049616608000000052e-04
3.482500000000000284e+01 -1.046430814999999937e-04
3.485000000000000142e+01 -1.024710653000000013e-04
3.487500000000000000e+01 -1.021527718999999939e-04
3.489999999999999858e+01 -1.026916692999999946e-04
3.492499999999999716e+01 -1.020176314999999932e-04
3.495000000000000284e+01 -1.010974535000000018e-04
3.497500000000000142e+01 -1.002780135999999962e-04
3.500000000000000000e+01 -1.008770788000000029e-04
3.502499999999999858e+01 -9.937872726999999690e-05
3.504999999999999716e+01 -9.922852620000000142e-05
3.507500000000000284e+01 -9.906284438999999990e-05
3.510000000000000142e+01 -9.823725210000000248e-05
3.512500000000000000e+01 -9.821615160000000564e-05
3.514999999999999858e+01 -9.678417032999999628e-05
3.517499999999999716e+01 -9.674099833999999618e-05
3.520000000000000284e+01 -9.538493687000000230e-05
3.522500000000000142e+01 -9.671308681999999486e-05
3.525000000000000000e+01 -9.571300315000000564e-05
3.527499999999999858e+01 -9.541744199000000404e-05
3.529999999999999716e+01 -9.464868306000000654e-05
3.532500000000000284e+01 -9.420642019999999771e-05
3.535000000000000142e+01 -9.411848116999999860e-05
3.537500000000000000e+01 -9.251728616000000165e-05
3.539999999999999858e+01 -9.278024029000000430e-05
3.542499999999999716e+01 -9.185701328999999879e-05
3.545000000000000284e+01 -9.114937763000000135e-05
3.547500000000000142e+01 -9.102262925000000331e-05
3.550000000000000000e+01 -9.043203273000000248e-05
3.552499999999999858e+01 -8.998005603000000518e-05
3.554999999999999716e+01 -9.099752987000000516e-05
3.557500000000000284e+01 -9.110984326000000626e-05
3.560000000000000142e+01 -8.903104319000000632e-05
3.562500000000000000e+01 -8.787324071999999444e-05
3.564999999999999858e+01 -8.780133262999999569e-05
3.567499999999999716e+01 -8.774908848999999852e-05
3.570000000000000284e+01 -8.685813700999999874e-05
3.572500000000000142e+01 -8.592660292999999762e-05
3.575000000000000000e+01 -8.575038597000000375e-05
3.577499999999999858e+01 -8.509448437999999953e-05
3.579999999999999716e+01 -8.531026795000000548e-05
3.582500000000000284e+01 -8.441145855000000212e-05
3.585000000000000142e+01 -8.387835717999999902e-05
3.587500000000000000e+01 -8.392966016000000500e-05
3.589999999999999858e+01 -8.450800109999999897e-05
3.592499999999999716e+01 -8.250487992000000352e-05
3.595000000000000284e+01 -8.339351613999999499e-05
3.597500000000000142e+01 -8.213717368000000472e-05
3.600000000000000000e+01 -8.128260062999999910e-05
3.602499999999999858e+01 -8.167682400999999918e-05
3.604999999999999716e+01 -8.072022983000000178e-05
3.607500000000000284e+01 -8.098572302000000211e-05
3.610000000000000142e+01 -7.992670411999999714e-05
3.612500000000000000e+01 -7.895691706999999815e-05
3.614999999999999858e+01 -8.003647454999999447e-05
3.617499999999999716e+01 -7.912758085000000515e-05
3.620000000000000284e+01 -7.955333842000000626e-05
3.622500000000000142e+01 -7.804842944999999788e-05
3.625000000000000000e+01 -7.803666204000000658e-05
3.627499999999999858e+01 -7.689915358999999508e-05
3.629999999999999716e+01 -7.696067988000000401e-05
3.632500000000000284e+01 -7.651999708000000301e-05
3.635000000000000142e+01 -7.562296736999999747e-05
3.637500000000000000e+01 -7.633985441000000114e-05
3.639999999999999858e+01 -7.523480725999999463e-05
3.642499999999999716e+01 -7.442394602999999938e-05
3.645000000000000284e+01 -7.382482620999999577e-05
3.647500000000000142e+01 -7.416578033999999327e-05
3.650000000000000000e+01 -7.334315427000000567e-05
3.652499999999999858e+01 -7.348554596000000634e-05
3.654999999999999716e+01 -7.261575644000000231e-05
3.657500000000000284e+01 -7.255400358999999823e-05
3.660000000000000142e+01 -7.255790545000000125e-05
3.662500000000000000e+01 -7.221080524000000618e-05
3.664999999999999858e+01 -7.159785510000000292e-05
3.667499999999999716e+01 -7.213458526000000675e-05
3.670000000000000284e+01 -7.054587726000000427e-05
3.672500000000000142e+01 -7.095730158000000524e-05
3.675000000000000000e+01 -7.026019793999999747e-05
3.677499999999999858e+01 -6.942663432999999422e-05
3.679999999999999716e+01 -6.926436649000000233e-05
3.682500000000000284e+01 -6.897847017999999848e-05
3.685000000000000142e+01 -6.879642647999999357e-05
3.687500000000000000e+01 -6.905904265000000440e-05
3.689999999999999858e+01 -6.784455201000000281e-05
3.692499999999999716e+01 -6.857211824000000548e-05
3.695000000000000284e+01 -6.758194495000000490e-05
3.697500000000000142e+01 -6.646919410999999544e-05
3.700000000000000000e+01 -6.714165691000000187e-05
3.702499999999999858e+01 -6.669139510000000111e-05
3.704999999999999716e+01 -6.629312291999999481e-05
3.707500000000000284e+01 -6.628933320999999903e-05
3.710000000000000142e+01 -6.532677789000000451e-05
3.712500000000000000e+01 -6.479570289999999689e-05
3.714999999999999858e+01 -6.450332647000000261e-05
3.717499999999999716e+01 -6.364387564000000290e-05
3.720000000000000284e+01 -6.447053627000000266e-05
3.722500000000000142e+01 -6.441778625000000593e-05
3.725000000000000000e+01 -6.362855745000000056e-05
3.727499999999999858e+01 -6.308240470999999967e-05
3.729999999999999716e+01 -6.262530575000000235e-05
3.732500000000000284e+01 -6.261691888000000086e-05
3.735000000000000142e+01 -6.275045258000000036e-05
3.737500000000000000e+01 -6.197498250999999392e-05
3.739999999999999858e+01 -6.122193216000000225e-05
3.742499999999999716e+01 -6.254542024000000317e-05
3.745000000000000284e+01 -6.071785498999999721e-05
3.747500000000000142e+01 -6.097160282999999860e-05
3.750000000000000000e+01 -6.037750124000000113e-05
3.752499999999999858e+01 -6.010389665000000014e-05
3.754999999999999716e+01 -5.945347388000000018e-05
3.757500000000000284e+01 -5.936629053999999773e-05
3.760000000000000142e+01 -5.940411542999999959e-05
3.762500000000000000e+01 -5.867872279000000102e-05
3.764999999999999858e+01 -5.867966708000000166e-05
3.767499999999999716e+01 -5.879902414000000055e-05
3.770000000000000284e+01 -5.850020933000000167e-05
3.772500000000000142e+01 -5.814827328999999802e-05
3.775000000000000000e+01 -5.722772304999999967e-05
3.777499999999999858e+01 -5.643767489000000025e-05
3.779999999999999716e+01 -5.661625349000000168e-05
3.782500000000000284e+01 -5.693062211000000168e-05
3.785000000000000142e+01 -5.633691190000000051e-05
3.787500000000000000e+01 -5.576465473000000319e-05
3.789999999999999858e+01 -5.594979444000000021e-05
3.792499999999999716e+01 -5.549148336000000287e-05
3.795000000000000284e+01 -5.548792048000000088e-05
3.797500000000000142e+01 -5.481894448000000338e-05
3.800000000000000000e+01 -5.438369024999999737e-05
3.802499999999999858e+01 -5.438896325000000168e-05
3.804999999999999716e+01 -5.437277026000000239e-05
3.807500000000000284e+01 -5.387267589000000302e-05
3.810000000000000142e+01 -5.322506841999999821e-05
3.812500000000000000e+01 -5.346499076999999990e-05
3.814999999999999858e+01 -5.299945757999999869e-05
3.817499999999999716e+01 -5.272670275000000039e-05
3.820000000000000284e+01 -5.263666762999999921e-05
3.822500000000000142e+01 -5.218214024999999809e-05
3.825000000000000000e+01 -5.169351662000000209e-05
3.827499999999999858e+01 -5.176769029000000003e-05
3.829999999999999716e+01 -5.115750349999999893e-05
3.832500000000000284e+01 -5.102811331000000044e-05
3.835000000000000142e+01 -5.065826659000000266e-05
3.837500000000000000e+01 -5.048788249999999696e-05
3.839999999999999858e+01 -5.032800263000000122e-05
3.842499999999999716e+01 -5.001342710999999989e-05
3.845000000000000284e+01 -4.976130040999999696e-05
3.847500000000000142e+01 -5.006344477999999934e-05
3.850000000000000000e+01 -4.968623985999999720e-05
3.852499999999999858e+01 -4.909067610000000006e-05
3.854999999999999716e+01 -4.900248071000000021e-05
3.857500000000000284e+01 -4.885006600999999854e-05
3.860000000000000142e+01 -4.889009907999999720e-05
3.862500000000000000e+01 -4.849010693000000219e-05
3.864999999999999858e+01 -4.738680788999999880e-05
3.867499999999999716e+01 -4.774127201000000307e-05
3.870000000000000284e+01 -4.790317491999999868e-05
3.872500000000000142e+01 -4.730934907000000069e-05
3.875000000000000000e+01 -4.689127253999999682e-05
3.877499999999999858e+01 -4.654250269000000058e-05
3.879999999999999716e+01 -4.684242115999999863e-05
3.882500000000000284e+01 -4.629404776999999953e-05
3.885000000000000142e+01 -4.613684986999999746e-05
3.887500000000000000e+01 -4.612108697999999939e-05
3.889999999999999858e+01 -4.547635359000000178e-05
3.892499999999999716e+01 -4.550866383999999776e-05
3.895000000000000284e+01 -4.534324737000000204e-05
3.897500000000000142e+01 -4.478106701999999995e-05
3.900000000000000000e+01 -4.447090441000000195e-05
3.902499999999999858e+01 -4.459533029999999997e-05
3.904999999999999716e+01 -4.410593204000000085e-05
3.907500000000000284e+01 -4.365733468999999730e-05
3.910000000000000142e+01 -4.410174720999999987e-05
3.912500000000000000e+01 -4.356071235000000133e-05
3.914999999999999858e+01 -4.332098465000000249e-05
3.917499999999999716e+01 -4.344683633000000163e-05
3.920000000000000284e+01 -4.338264837000000194e-05
3.922500000000000142e+01 -4.283834483000000220e-05
3.925000000000000000e+01 -4.312456686999999904e-05
3.927499999999999858e+01 -4.244058372000000264e-05
3.929999999999999716e+01 -4.235150719999999832e-05
3.932500000000000284e+01 -4.196944800000000305e-05
3.935000000000000142e+01 -4.143974828000000218e-05
3.937500000000000000e+01 -4.158241231999999744e-05
3.939999999999999858e+01 -4.127369921000000123e-05
3.942499999999999716e+01 -4.168296345000000158e-05
3.945000000000000284e+01 -4.136824902000000182e-05
3.947500000000000142e+01 -4.029462502000000012e-05
3.950000000000000000e+01 -4.034640143000000251e-05
3.952499999999999858e+01 -4.020258345999999915e-05
3.954999999999999716e+01 -4.010543707999999704e-05
3.957500000000000284e+01 -4.073812645999999864e-05
3.960000000000000142e+01 -3.987283539000000118e-05
3.962500000000000000e+01 -3.898648329999999848e-05
3.964999999999999858e+01 -3.966046114000000176e-05
3.967499999999999716e+01 -3.886647015000000338e-05
3.970000000000000284e+01 -3.907779773000000305e-05
3.972500000000000142e+01 -3.896589398999999949e-05
3.975000000000000000e+01 -3.831041758999999795e-05
3.977499999999999858e+01 -3.825072678999999698e-05
3.979999999999999716e+01 -3.797556275999999900e-05
3.982500000000000284e+01 -3.778679454999999955e-05
3.985000000000000142e+01 -3.808193873000000008e-05
3.987500000000000000e+01 -3.737465421999999678e-05
3.989999999999999858e+01 -3.779652615999999805e-05
3.992499999999999716e+01 -3.688511060000000062e-05
3.995000000000000284e+01 -3.702655659000000167e-05
3.997500000000000142e+01 -3.664817073999999768e-05
4.000000000000000000e+01 -3.688301555999999706e-05
4.002499999999999858e+01 -3.658545017000000094e-05
4.004999999999999716e+01 -3.632512539000000055e-05
4.007500000000000284e+01 -3.625247782999999833e-05
4.010000000000000142e+01 -3.622008525000000036e-05
4.012500000000000000e+01 -3.611763666999999814e-05
4.014999999999999858e+01 -3.547624867000000068e-05
4.017499999999999716e+01 -3.575406610000000240e-05
4.020000000000000284e+01 -3.536740765000000083e-05
4.022500000000000142e+01 -3.492458446999999910e-05
4.025000000000000000e+01 -3.486814205000000319e-05
4.027499999999999858e+01 -3.477079061999999778e-05
4.029999999999999716e+01 -3.482613997000000180e-05
4.032500000000000284e+01 -3.450462360000000085e-05
4.035000000000000142e+01 -3.417801923000000176e-05
4.037500000000000000e+01 -3.422293093999999975e-05
4.039999999999999858e+01 -3.391107794999999862e-05
4.042499999999999716e+01 -3.389718824999999745e-05
4.045000000000000284e+01 -3.352732525999999719e-05
4.047500000000000142e+01 -3.337335763000000288e-05
4.050000000000000000e+01 -3.324378110999999785e-05
4.052499999999999858e+01 -3.308951101000000218e-05
4.054999999999999716e+01 -3.314338795999999970e-05
4.057500000000000284e+01 -3.298973204000000046e-05
4.060000000000000142e+01 -3.279041242000000261e-05
4.062500000000000000e+01 -3.233794021000000336e-05
4.064999999999999858e+01 -3.232814909999999866e-05
4.067499999999999716e+01 -3.241291942000000070e-05
4.070000000000000284e+01 -3.210295571000000212e-05
4.072500000000000142e+01 -3.187368541999999780e-05
4.075000000000000000e+01 -3.165100547000000128e-05
4.077499999999999858e+01 -3.162958320000000296e-05
4.079999999999999716e+01 -3.147898511999999818e-05
4.082500000000000284e+01 -3.140090385000000308e-05
4.085000000000000142e+01 -3.148152536000000225e-05
4.087500000000000000e+01 -3.121350945999999855e-05
4.089999999999999858e+01 -3.130806858000000179e-05
4.092499999999999716e+01 -3.081677484999999694e-05
4.095000000000000284e+01 -3.058174342000000270e-05
4.097500000000000142e+01 -3.030964351000000080e-05
4.100000000000000000e+01 -3.019150305000000122e-05
4.102499999999999858e+01 -2.985954136000000027e-05
4.104999999999999716e+01 -3.027773645000000053e-05
4.107500000000000284e+01 -2.970513267000000055e-05
4.110000000000000142e+01 -3.006479307000000018e-05
4.112500000000000000e+01 -2.947345104000000023e-05
4.114999999999999858e+01 -2.955178490000000125e-05
4.117499999999999716e+01 -2.906566535000000012e-05
4.120000000000000284e+01 -2.896890982000000021e-05
4.122500000000000142e+01 -2.894707864000000151e-05
4.125000000000000000e+01 -2.870128373999999985e-05
4.127499999999999858e+01 -2.863170110000000000e-05
4.129999999999999716e+01 -2.870090542000000138e-05
4.132500000000000284e+01 -2.851701338000000056e-05
4.135000000000000142e+01 -2.829895994999999937e-05
4.137500000000000000e+01 -2.830437093000000149e-05
4.139999999999999858e+01 -2.801412063000000051e-05
4.142499999999999716e+01 -2.788546113000000033e-05
4.145000000000000284e+01 -2.791399999000000092e-05
4.147500000000000142e+01 -2.739792245999999961e-05
4.150000000000000000e+01 -2.739515792000000140e-05
4.152499999999999858e+01 -2.745364933999999902e-05
4.154999999999999716e+01 -2.700338204999999957e-05
4.157500000000000284e+01 -2.725067237000000018e-05
4.160000000000000142e+01 -2.717227626000000057e-05
4.162500000000000000e+01 -2.679128339999999869e-05
4.164999999999999858e+01 -2.671421044999999870e-05
4.167499999999999716e+01 -2.648107713000000114e-05
4.170000000000000284e+01 -2.668148627999999877e-05
4.172500000000000142e+01 -2.633317706999999976e-05
4.175000000000000000e+01 -2.632639159000000110e-05
4.177499999999999858e+01 -2.633447072999999867e-05
4.179999999999999716e+01 -2.601142312000000054e-05
4.182500000000000284e+01 -2.574617501999999883e-05
4.185000000000000142e+01 -2.594670947999999977e-05
4.187500000000000000e+01 -2.572043323000000159e-05
4.189999999999999858e+01 -2.556354310999999917e-05
4.192499999999999716e+01 -2.539284107999999931e-05
4.195000000000000284e+01 -2.490728810999999981e-05
4.197500000000000142e+01 -2.521471885999999871e-05
4.200000000000000000e+01 -2.527511868999999861e-05
4.202499999999999858e+01 -2.484709096000000075e-05
4.204999999999999716e+01 -2.491027588000000077e-05
4.207500000000000284e+01 -2.482352964999999851e-05
4.210000000000000142e+01 -2.450450767999999967e-05
4.212500000000000000e+01 -2.449970833000000145e-05
4.214999999999999858e+01 -2.447386789000000062e-05
4.217499999999999716e+01 -2.441048760000000023e-05
4.220000000000000284e+01 -2.427405163000000032e-05
4.222500000000000142e+01 -2.404150128000000138e-05
4.225000000000000000e+01 -2.391736404999999973e-05
4.227499999999999858e+01 -2.390639917999999950e-05
4.229999999999999716e+01 -2.377782937000000088e-05
4.232500000000000284e+01 -2.404075479999999895e-05
4.235000000000000142e+01 -2.334262868000000062e-05
4.237500000000000000e+01 -2.344993652000000006e-05
4.239999999999999858e+01 -2.330828657000000030e-05
4.242499999999999716e+01 -2.318276747999999912e-05
4.245000000000000284e+01 -2.304794654999999968e-05
4.247500000000000142e+01 -2.270475982000000022e-05
4.250000000000000000e+01 -2.269746953999999999e-05
4.252499999999999858e+01 -2.250569365999999981e-05
4.254999999999999716e+01 -2.275062271999999975e-05
4.257500000000000284e+01 -2.229159867000000148e-05
4.260000000000000142e+01 -2.243786528000000019e-05
4.262500000000000000e+01 -2.227631656999999940e-05
4.264999999999999858e+01 -2.229398731999999924e-05
4.267499999999999716e+01 -2.221046993999999916e-05
4.270000000000000284e+01 -2.220293574999999994e-05
4.272500000000000142e+01 -2.198121111000000041e-05
4.275000000000000000e+01 -2.167553987000000109e-05
4.277499999999999858e+01 -2.173692212999999980e-05
4.279999999999999716e+01 -2.158693816999999928e-05
4.282500000000000284e+01 -2.132952113000000156e-05
4.285000000000000142e+01 -2.158046881999999944e-05
4.287500000000000000e+01 -2.136202689999999868e-05
4.289999999999999858e+01 -2.123934311000000083e-05
4.292499999999999716e+01 -2.112004460000000108e-05
4.295000000000000284e+01 -2.098497816000000023e-05
4.297500000000000142e+01 -2.099542772000000037e-05
4.300000000000000000e+01 -2.098433632000000130e-05
4.302499999999999858e+01 -2.090799635000000007e-05
4.304999999999999716e+01 -2.074389021999999854e-05
4.307500000000000284e+01 -2.059457483999999866e-05
4.310000000000000142e+01 -2.061909563999999909e-05
4.312500000000000000e+01 -2.035953747000000024e-05
4.314999999999999858e+01 -2.030696701999999993e-05
4.317499999999999716e+01 -2.041473587000000028e-05
4.320000000000000284e+01 -2.016990987000000108e-05
4.322500000000000142e+01 -2.018506562000000116e-05
4.325000000000000000e+01 -2.003055275000000004e-05
4.327499999999999858e+01 -1.984241224000000031e-05
4.329999999999999716e+01 -1.960744228000000142e-05
4.332500000000000284e+01 -1.971220832000000045e-05
4.335000000000000142e+01 -1.967906574000000084e-05
4.337500000000000000e+01 -1.947932451999999831e-05
4.339999999999999858e+01 -1.954435717000000157e-05
4.342499999999999716e+01 -1.943765142000000064e-05
4.345000000000000284e+01 -1.930353560000000116e-05
4.347500000000000142e+01 -1.914285710999999977e-05
4.350000000000000000e+01 -1.911384125000000105e-05
4.352499999999999858e+01 -1.882197589999999978e-05
4.354999999999999716e+01 -1.882620896000000143e-05
4.357500000000000284e+01 -1.892524858000000097e-05
4.360000000000000142e+01 -1.876247968999999931e-05
4.362500000000000000e+01 -1.867723308000000023e-05
4.364999999999999858e+01 -1.872301405000000092e-05
4.367499999999999716e+01 -1.857448417999999957e-05
4.370000000000000284e+01 -1.830067153000000066e-05
4.372500000000000142e+01 -1.845019427000000058e-05
4.375000000000000000e+01 -1.822585306000000152e-05
4.377499999999999858e+01 -1.836495646999999936e-05
4.379999999999999716e+01 -1.805118955000000134e-05
4.382500000000000284e+01 -1.809300107999999908e-05
4.385000000000000142e+01 -1.794353411999999949e-05
4.387500000000000000e+01 -1.803256143999999982e-05
4.389999999999999858e+01 -1.766101153999999991e-05
4.392499999999999716e+01 -1.781054852000000065e-05
4.395000000000000284e+01 -1.765117196999999857e-05
4.397500000000000142e+01 -1.794451429000000069e-05
4.400000000000000000e+01 -1.751794310999999949e-05
4.402499999999999858e+01 -1.738577783000000158e-05
4.404999999999999716e+01 -1.716949689999999903e-05
4.407500000000000284e+01 -1.721022756000000086e-05
4.410000000000000142e+01 -1.704019837000000142e-05
4.412500000000000000e+01 -1.731786034000000037e-05
4.414999999999999858e+01 -1.703438035999999982e-05
4.417499999999999716e+01 -1.711074662000000048e-05
4.420000000000000284e+01 -1.698148802999999995e-05
4.422500000000000142e+01 -1.685653603000000162e-05
4.425000000000000000e+01 -1.672035180999999866e-05
4.427499999999999858e+01 -1.663651601999999912e-05
4.429999999999999716e+01 -1.655052453999999985e-05
4.432500000000000284e+01 -1.676489129999999956e-05
4.435000000000000142e+01 -1.646813889000000103e-05
4.437500000000000000e+01 -1.660901125999999863e-05
4.439999999999999858e+01 -1.696198287000000031e-05
4.442499999999999716e+01 -1.630949407999999915e-05
4.445000000000000284e+01 -1.621308391000000012e-05
4.447500000000000142e+01 -1.595911177000000121e-05
4.450000000000000000e+01 -1.611862730000000049e-05
4.452499999999999858e+01 -1.599105597000000025e-05
4.454999999999999716e+01 -1.604878529999999832e-05
4.457500000000000284e+01 -1.619505447999999937e-05
4.460000000000000142e+01 -1.593490511000000064e-05
4.462500000000000000e+01 -1.592295553000000095e-05
4.464999999999999858e+01 -1.570335403999999958e-05
4.467499999999999716e+01 -1.567022259000000117e-05
4.470000000000000284e+01 -1.565812994000000152e-05
4.472500000000000142e+01 -1.563183079000000008e-05
4.475000000000000000e+01 -1.550754189000000030e-05
4.477499999999999858e+01 -1.548959691000000160e-05
4.479999999999999716e+01 -1.540540148000000105e-05
4.482500000000000284e+01 -1.532341906000000064e-05
4.485000000000000142e+01 -1.535859313000000092e-05
4.487500000000000000e+01 -1.538260870000000054e-05
4.489999999999999858e+01 -1.503801170000000036e-05
4.492499999999999716e+01 -1.500690794999999967e-05
4.495000000000000284e+01 -1.507451641999999926e-05
4.497500000000000142e+01 -1.499032423999999928e-05
4.500000000000000000e+01 -1.493010187000000064e-05
4.502499999999999858e+01 -1.478617037000000071e-05
4.504999999999999716e+01 -1.458614231000000037e-05
4.507500000000000284e+01 -1.468370274000000074e-05
4.510000000000000142e+01 -1.477218567999999951e-05
4.512500000000000000e+01 -1.496008366999999956e-05
4.514999999999999858e+01 -1.458568394000000057e-05
4.517499999999999716e+01 -1.446006997000000081e-05
4.520000000000000284e+01 -1.450461548999999923e-05
4.522500000000000142e+01 -1.439734625000000005e-05
4.525000000000000000e+01 -1.426907366000000006e-05
4.527499999999999858e+01 -1.434874020999999948e-05
4.529999999999999716e+01 -1.418580328000000066e-05
4.532500000000000284e+01 -1.428708668000000078e-05
4.535000000000000142e+01 -1.413386366999999919e-05
4.537500000000000000e+01 -1.406476032999999946e-05
4.539999999999999858e+01 -1.401602531000000069e-05
4.542499999999999716e+01 -1.405027621000000070e-05
4.545000000000000284e+01 -1.382794922000000045e-05
4.547500000000000142e+01 -1.390024491000000083e-05
4.550000000000000000e+01 -1.402416528999999958e-05
4.552499999999999858e+01 -1.371180599999999948e-05
4.554999999999999716e+01 -1.372558368999999942e-05
4.557500000000000284e+01 -1.367221248000000053e-05
4.560000000000000142e+01 -1.354809015999999981e-05
4.562500000000000000e+01 -1.349869932000000011e-05
4.564999999999999858e+01 -1.345538549000000047e-05
4.567499999999999716e+01 -1.343183996000000084e-05
4.570000000000000284e+01 -1.332096340000000024e-05
4.572500000000000142e+01 -1.336175435999999931e-05
4.575000000000000000e+01 -1.345497883999999940e-05
4.577499999999999858e+01 -1.328373521000000001e-05
4.579999999999999716e+01 -1.318304434999999997e-05
4.582500000000000284e+01 -1.330647579999999987e-05
4.585000000000000142e+01 -1.323647712999999923e-05
4.587500000000000000e+01 -1.335101121999999936e-05
4.589999999999999858e+01 -1.317022817999999986e-05
4.592499999999999716e+01 -1.312441315000000056e-05
4.595000000000000284e+01 -1.281951941999999955e-05
4.597500000000000142e+01 -1.295161382999999936e-05
4.600000000000000000e+01 -1.294031616999999958e-05
4.602499999999999858e+01 -1.271196558000000051e-05
4.604999999999999716e+01 -1.266772522000000029e-05
4.607500000000000284e+01 -1.266944404000000071e-05
4.610000000000000142e+01 -1.265595618000000032e-05
4.612500000000000000e+01 -1.268398537000000010e-05
4.614999999999999858e+01 -1.270321207000000057e-05
4.617499999999999716e+01 -1.255239030999999924e-05
4.620000000000000284e+01 -1.242477684999999970e-05
4.622500000000000142e+01 -1.243851892999999943e-05
4.625000000000000000e+01 -1.248333722000000032e-05
4.627499999999999858e+01 -1.236340516999999998e-05
4.629999999999999716e+01 -1.237446587000000077e-05
4.632500000000000284e+01 -1.241022404999999999e-05
4.635000000000000142e+01 -1.225388187999999918e-05
4.637500000000000000e+01 -1.236303599000000037e-05
4.639999999999999858e+01 -1.215745498000000066e-05
4.642499999999999716e+01 -1.204759118000000026e-05
4.645000000000000284e+01 -1.225391656000000046e-05
4.647500000000000142e+01 -1.212423645000000061e-05
4.650000000000000000e+01 -1.215662761999999961e-05
4.652499999999999858e+01 -1.204357256999999958e-05
4.654999999999999716e+01 -1.197775885999999933e-05
4.657500000000000284e+01 -1.197881898000000022e-05
4.660000000000000142e+01 -1.198369072000000036e-05
4.662500000000000000e+01 -1.174882977999999925e-05
4.664999999999999858e+01 -1.167870018000000075e-05
4.667499999999999716e+01 -1.176424991999999977e-05
4.670000000000000284e+01 -1.180448765999999993e-05
4.672500000000000142e+01 -1.172485627999999998e-05
4.675000000000000000e+01 -1.163062439000000067e-05
4.677499999999999858e+01 -1.168558258999999929e-05
4.679999999999999716e+01 -1.158168386999999973e-05
4.682500000000000284e+01 -1.160483095999999991e-05
4.685000000000000142e+01 -1.166157317999999999e-05
4.687500000000000000e+01 -1.149192520000000082e-05
4.689999999999999858e+01 -1.150800590000000041e-05
4.692499999999999716e+01 -1.151621669000000015e-05
4.695000000000000284e+01 -1.138617630000000036e-05
4.697500000000000142e+01 -1.135941292000000031e-05
4.700000000000000000e+01 -1.128337547999999940e-05
4.702499999999999858e+01 -1.140842532000000027e-05
4.704999999999999716e+01 -1.131772371000000075e-05
4.707500000000000284e+01 -1.137080768000000037e-05
4.710000000000000142e+01 -1.130681439999999961e-05
4.712500000000000000e+01 -1.125235536999999972e-05
4.714999999999999858e+01 -1.125154310999999965e-05
4.717499999999999716e+01 -1.124477753000000076e-05
4.720000000000000284e+01 -1.120835970999999987e-05
4.722500000000000142e+01 -1.110826158999999981e-05
4.725000000000000000e+01 -1.113222323000000053e-05
4.727499999999999858e+01 -1.093025410000000013e-05
4.729999999999999716e+01 -1.102687689999999989e-05
4.732500000000000284e+01 -1.108100956999999922e-05
4.735000000000000142e+01 -1.108440704000000025e-05
4.737500000000000000e+01 -1.101903305000000012e-05
4.739999999999999858e+01 -1.103778694000000007e-05
4.742499999999999716e+01 -1.092356379000000005e-05
4.745000000000000284e+01 -1.084738682999999956e-05
4.747500000000000142e+01 -1.082978743999999939e-05
4.750000000000000000e+01 -1.075313658000000057e-05
4.752499999999999858e+01 -1.082639111000000037e-05
4.754999999999999716e+01 -1.074772895000000065e-05
4.757500000000000284e+01 -1.081834223000000034e-05
4.760000000000000142e+01 -1.085877908999999944e-05
4.762500000000000000e+01 -1.060902033000000025e-05
4.764999999999999858e+01 -1.060735148000000046e-05
4.767499999999999716e+01 -1.068049364000000029e-05
4.770000000000000284e+01 -1.057162034999999921e-05
4.772500000000000142e+01 -1.083212350999999996e-05
4.775000000000000000e+01 -1.055098008000000002e-05
4.777499999999999858e+01 -1.062680865000000030e-05
4.779999999999999716e+01 -1.045963488000000009e-05
4.782500000000000284e+01 -1.043198191000000005e-05
4.785000000000000142e+01 -1.052517992000000047e-05
4.787500000000000000e+01 -1.043763454999999999e-05
4.789999999999999858e+01 -1.043049873999999958e-05
4.792499999999999716e+01 -1.051510639000000002e-05
4.795000000000000284e+01 -1.050032825000000070e-05
4.797500000000000142e+01 -1.048126790999999977e-05
4.800000000000000000e+01 -1.026123917999999951e-05
4.802499999999999858e+01 -1.037149819000000014e-05
4.804999999999999716e+01 -1.033917220000000084e-05
4.807500000000000284e+01 -1.031088172000000043e-05
4.810000000000000142e+01 -1.023838986999999998e-05
4.812500000000000000e+01 -1.034082670000000003e-05
4.814999999999999858e+01 -1.034932913999999957e-05
4.817499999999999716e+01 -1.022959582999999976e-05
4.820000000000000284e+01 -1.026749700999999948e-05
4.822500000000000142e+01 -1.010745172999999939e-05
4.825000000000000000e+01 -1.012834185000000006e-05
4.827499999999999858e+01 -1.017896275999999988e-05
4.829999999999999716e+01 -1.017067102999999919e-05
4.832500000000000284e+01 -1.021107444000000083e-05
4.835000000000000142e+01 -1.004530504999999967e-05
4.837500000000000000e+01 -1.011585397000000052e-05
4.839999999999999858e+01 -1.008016065999999966e-05
4.842499999999999716e+01 -1.008664334999999919e-05
4.845000000000000284e+01 -1.008430673999999963e-05
4.847500000000000142e+01 -1.001712731999999935e-05
4.850000000000000000e+01 -1.018648871999999953e-05
4.852499999999999858e+01 -9.993477263000000331e-06
4.854999999999999716e+01 -1.005029886000000067e-05
4.857500000000000284e+01 -1.006477628000000011e-05
4.860000000000000142e+01 -9.946747699000000329e-06
4.862500000000000000e+01 -1.003910058999999997e-05
4.864999999999999858e+01 -9.915404389999999164e-06
4.867499999999999716e+01 -1.004009092000000075e-05
4.870000000000000284e+01 -9.913921275999999742e-06
4.872500000000000142e+01 -9.985338477000000481e-06
4.875000000000000000e+01 -9.914293371999999347e-06
4.877499999999999858e+01 -9.857601725000000506e-06
4.879999999999999716e+01 -9.851444195999999203e-06
4.882500000000000284e+01 -9.848311224999999752e-06
4.885000000000000142e+01 -9.735973632999999158e-06
4.887500000000000000e+01 -9.833114453000000579e-06
4.889999999999999858e+01 -9.804536642000000464e-06
4.892499999999999716e+01 -9.878210142000000294e-06
4.895000000000000284e+01 -9.779770100000000326e-06
4.897500000000000142e+01 -9.757405897999999963e-06
4.900000000000000000e+01 -9.843472577999999278e-06
4.902499999999999858e+01 -9.844935724000000805e-06
4.904999999999999716e+01 -9.861847052999999654e-06
4.907500000000000284e+01 -9.790099524999999525e-06
4.910000000000000142e+01 -9.763044380000000005e-06
4.912500000000000000e+01 -9.779078480000000814e-06
4.914999999999999858e+01 -9.781586984999999349e-06
4.917499999999999716e+01 -9.749913091999999238e-06
4.920000000000000284e+01 -9.793022216999999684e-06
4.922500000000000142e+01 -9.614768236000000227e-06
4.925000000000000000e+01 -9.729665271999999589e-06
4.927499999999999858e+01 -9.614008140999999550e-06
4.929999999999999716e+01 -9.652638240999999829e-06
4.932500000000000284e+01 -9.791684754999999642e-06
4.935000000000000142e+01 -9.683810295999999588e-06
4.937500000000000000e+01 -9.659042255999999310e-06
4.939999999999999858e+01 -9.906075699000000797e-06
4.942499999999999716e+01 -9.704796610999999487e-06
4.945000000000000284e+01 -9.630301923999999716e-06
4.947500000000000142e+01 -9.674121819999999369e-06
4.950000000000000000e+01 -9.717244404000000463e-06
4.952499999999999858e+01 -9.711945856999999936e-06
4.954999999999999716e+01 -9.633441347000000124e-06
4.957500000000000284e+01 -9.719640048000000512e-06
4.960000000000000142e+01 -9.647272088999999810e-06
4.962500000000000000e+01 -9.631720300000000835e-06
4.964999999999999858e+01 -9.634303339999999223e-06
4.967499999999999716e+01 -9.684424426000000279e-06
4.970000000000000284e+01 -9.596599800000000702e-06
4.972500000000000142e+01 -9.546048871999999997e-06
4.975000000000000000e+01 -9.670525193999999691e-06
4.977499999999999858e+01 -9.627062293000000027e-06
4.979999999999999716e+01 -9.634801764999999159e-06
4.982500000000000284e+01 -9.604384179000000210e-06
4.985000000000000142e+01 -9.676364631000000354e-06
4.987500000000000000e+01 -9.583908751999999399e-06
4.989999999999999858e+01 -9.676619422000000176e-06
4.992499999999999716e+01 -9.606393238999999767e-06
4.995000000000000284e+01 -9.625598544999999917e-06
4.997500000000000142e+01 -9.647838077999999618e-06
5.000000000000000000e+01 -9.597984425000000833e-06
5.002499999999999858e+01 -9.747628469999999792e-06
5.004999999999999716e+01 -9.589566257000000366e-06
5.007500000000000284e+01 -9.646183023000000004e-06
5.010000000000000142e+01 -9.599365564000000812e-06
5.012500000000000000e+01 -9.570977452000000297e-06
5.014999999999999858e+01 -9.525992304999999444e-06
5.017499999999999716e+01 -9.559781164999999690e-06
5.020000000000000284e+01 -9.441272507999999512e-06
5.022500000000000142e+01 -9.557609843999999478e-06
5.025000000000000000e+01 -9.472869859000000430e-06
5.027499999999999858e+01 -9.628011545999999295e-06
5.029999999999999716e+01 -9.679085288000000210e-06
5.032500000000000284e+01 -9.608406225000000226e-06
5.035000000000000142e+01 -9.557273902000000367e-06
5.037500000000000000e+01 -9.566661978000000170e-06
5.039999999999999858e+01 -9.713639374999999843e-06
5.042499999999999716e+01 -9.689850098999999687e-06
5.045000000000000284e+01 -9.682006118000000179e-06
5.047500000000000142e+01 -9.657592882000000731e-06
5.050000000000000000e+01 -9.648202786999999426e-06
5.052499999999999858e+01 -9.592544720999999973e-06
5.054999999999999716e+01 -9.715213369000000283e-06
5.057500000000000284e+01 -9.577474767000000681e-06
5.060000000000000142e+01 -9.719908992000000323e-06
5.062500000000000000e+01 -9.576327853000000248e-06
5.064999999999999858e+01 -9.659913342000000795e-06
5.067499999999999716e+01 -9.681078885999999371e-06
5.070000000000000284e+01 -9.700425405999999531e-06
5.072500000000000142e+01 -9.734248809999999723e-06
5.075000000000000000e+01 -9.750540395000000175e-06
5.077499999999999858e+01 -9.769864827999999305e-06
5.079999999999999716e+01 -9.741569678999999847e-06
5.082500000000000284e+01 -9.729927924000000716e-06
5.085000000000000142e+01 -9.678047562000000715e-06
5.087500000000000000e+01 -9.688962073000000703e-06
5.089999999999999858e+01 -9.752212341000000181e-06
5.092499999999999716e+01 -9.737267978999999922e-06
5.095000000000000284e+01 -9.717336484000000751e-06
5.097500000000000142e+01 -9.844220884000000495e-06
5.100000000000000000e+01 -9.815325724999999897e-06
5.102499999999999858e+01 -9.813917929999999785e-06
5.104999999999999716e+01 -9.722014410999999280e-06
5.107500000000000284e+01 -9.892002879999999763e-06
5.110000000000000142e+01 -9.791124242999999267e-06
5.112500000000000000e+01 -9.871580149999999846e-06
5.114999999999999858e+01 -9.899619298000000386e-06
5.117499999999999716e+01 -9.956899040999999713e-06
5.120000000000000284e+01 -9.848504514999999356e-06
5.122500000000000142e+01 -9.905384824000000070e-06
5.125000000000000000e+01 -9.943002556000000725e-06
5.127499999999999858e+01 -9.993533165999999513e-06
5.129999999999999716e+01 -9.992634195999999794e-06
5.132500000000000284e+01 -9.937915135999999178e-06
5.135000000000000142e+01 -9.924194074999999571e-06
5.137500000000000000e+01 -1.005804545999999940e-05
5.139999999999999858e+01 -9.932078580000000813e-06
5.142499999999999716e+01 -1.002359903000000013e-05
5.145000000000000284e+01 -1.013415293999999943e-05
5.147500000000000142e+01 -1.007967478999999964e-05
5.150000000000000000e+01 -1.002454652000000052e-05
5.152499999999999858e+01 -1.004848112999999954e-05
5.154999999999999716e+01 -1.001679528000000021e-05
5.157500000000000284e+01 -9.997435020000000603e-06
5.160000000000000142e+01 -1.003971651999999956e-05
5.162500000000000000e+01 -1.005475928000000037e-05
5.164999999999999858e+01 -1.012654799000000018e-05
5.167499999999999716e+01 -1.015027447000000082e-05
5.170000000000000284e+01 -1.011279792000000005e-05
5.172500000000000142e+01 -1.020848771999999925e-05
5.175000000000000000e+01 -1.032994623999999916e-05
5.177499999999999858e+01 -1.018174995000000042e-05
5.179999999999999716e+01 -1.021129665999999928e-05
5.182500000000000284e+01 -1.034862079000000057e-05
5.185000000000000142e+01 -1.045746971000000070e-05
5.187500000000000000e+01 -1.029276901000000082e-05
5.189999999999999858e+01 -1.033341274000000008e-05
5.192499999999999716e+01 -1.031184624000000013e-05
5.195000000000000284e+01 -1.042553390999999994e-05
5.197500000000000142e+01 -1.022295373000000071e-05
5.200000000000000000e+01 -1.041253376999999930e-05
5.202499999999999858e+01 -1.040238995000000073e-05
5.204999999999999716e+01 -1.048179824000000056e-05
5.207500000000000284e+01 -1.037442211000000009e-05
5.210000000000000142e+01 -1.044322534999999923e-05
5.212500000000000000e+01 -1.045675788999999991e-05
5.214999999999999858e+01 -1.050418964000000069e-05
5.217499999999999716e+01 -1.056278182000000045e-05
5.220000000000000284e+01 -1.052205881999999972e-05
5.222500000000000142e+01 -1.057156769000000004e-05
5.225000000000000000e+01 -1.063329624000000024e-05
5.227499999999999858e+01 -1.070023460000000063e-05
5.229999999999999716e+01 -1.067955803999999962e-05
5.232500000000000284e+01 -1.070422101000000055e-05
5.235000000000000142e+01 -1.067590328000000060e-05
5.237500000000000000e+01 -1.072395700000000003e-05
5.239999999999999858e+01 -1.076348356000000003e-05
5.242499999999999716e+01 -1.074359007999999952e-05
5.245000000000000284e+01 -1.079090253999999978e-05
5.247500000000000142e+01 -1.081013732000000076e-05
5.250000000000000000e+01 -1.079046061999999931e-05
5.252499999999999858e+01 -1.082239300000000079e-05
5.254999999999999716e+01 -1.073269997000000028e-05
5.257500000000000284e+01 -1.093219287999999971e-05
5.260000000000000142e+01 -1.099702266000000037e-05
5.262500000000000000e+01 -1.098691373999999923e-05
5.264999999999999858e+01 -1.083541560000000031e-05
5.267499999999999716e+01 -1.126727913999999982e-05
5.270000000000000284e+01 -1.104971889000000082e-05
5.272500000000000142e+01 -1.123608980999999997e-05
5.275000000000000000e+01 -1.117658526000000017e-05
5.277499999999999858e+01 -1.109757105999999990e-05
5.279999999999999716e+01 -1.114855437999999955e-05
5.282500000000000284e+01 -1.121536660999999917e-05
5.285000000000000142e+01 -1.108619830999999985e-05
5.287500000000000000e+01 -1.124209333000000048e-05
5.289999999999999858e+01 -1.138404736000000046e-05
5.292499999999999716e+01 -1.139694023999999953e-05
5.295000000000000284e+01 -1.135034102000000055e-05
5.297500000000000142e+01 -1.132314624999999991e-05
5.300000000000000000e+01 -1.143058370000000004e-05
5.302499999999999858e+01 -1.136792674999999988e-05
5.304999999999999716e+01 -1.145422704999999919e-05
5.307500000000000284e+01 -1.158174523000000039e-05
5.310000000000000142e+01 -1.157346809999999929e-05
5.312500000000000000e+01 -1.164550836999999937e-05
5.314999999999999858e+01 -1.154439985000000005e-05
5.317499999999999716e+01 -1.174090857999999989e-05
5.320000000000000284e+01 -1.162134801999999930e-05
5.322500000000000142e+01 -1.170195188999999970e-05
5.325000000000000000e+01 -1.180436694000000079e-05
5.327499999999999858e+01 -1.185428684999999968e-05
5.329999999999999716e+01 -1.181680844999999919e-05
5.332500000000000284e+01 -1.190116334000000008e-05
5.335000000000000142e+01 -1.189714070000000066e-05
5.337500000000000000e+01 -1.188673927999999939e-05
5.339999999999999858e+01 -1.206055208000000001e-05
5.342499999999999716e+01 -1.199048629999999966e-05
5.345000000000000284e+01 -1.217880392999999983e-05
5.347500000000000142e+01 -1.196181084000000076e-05
5.350000000000000000e+01 -1.207504094000000029e-05
5.352499999999999858e+01 -1.220530124000000011e-05
5.354999999999999716e+01 -1.217101169000000071e-05
5.357500000000000284e+01 -1.219571508000000046e-05
5.360000000000000142e+01 -1.227826113000000007e-05
5.362500000000000000e+01 -1.222799462999999986e-05
5.364999999999999858e+01 -1.240260444000000049e-05
5.367499999999999716e+01 -1.245730428999999940e-05
5.370000000000000284e+01 -1.257374388000000035e-05
5.372500000000000142e+01 -1.249759333000000058e-05
5.375000000000000000e+01 -1.248290147999999981e-05
5.377499999999999858e+01 -1.246088072000000078e-05
5.379999999999999716e+01 -1.255144624999999965e-05
5.382500000000000284e+01 -1.260902344999999920e-05
5.385000000000000142e+01 -1.273349650999999955e-05
5.387500000000000000e+01 -1.269109751000000084e-05
5.389999999999999858e+01 -1.274736376999999978e-05
5.392499999999999716e+01 -1.271202932000000006e-05
5.395000000000000284e+01 -1.269938582000000056e-05
5.397500000000000142e+01 -1.278214370999999951e-05
5.400000000000000000e+01 -1.283714150999999947e-05
5.402499999999999858e+01 -1.297020159000000082e-05
5.404999999999999716e+01 -1.303972809999999972e-05
5.407500000000000284e+01 -1.305996026999999956e-05
5.410000000000000142e+01 -1.295525127000000076e-05
5.412500000000000000e+01 -1.307601744000000041e-05
5.414999999999999858e+01 -1.333511348999999920e-05
5.417499999999999716e+01 -1.316556726999999985e-05
5.420000000000000284e+01 -1.332415994000000021e-05
5.422500000000000142e+01 -1.334660793999999983e-05
5.425000000000000000e+01 -1.320193769000000074e-05
5.427499999999999858e+01 -1.350545673999999990e-05
5.429999999999999716e+01 -1.358759129000000053e-05
5.432500000000000284e+01 -1.339607759000000061e-05
5.435000000000000142e+01 -1.336209547000000023e-05
5.437500000000000000e+01 -1.353638780000000033e-05
5.439999999999999858e+01 -1.383211590999999957e-05
5.442499999999999716e+01 -1.354642834000000033e-05
5.445000000000000284e+01 -1.380770956999999973e-05
5.447500000000000142e+01 -1.401064877000000068e-05
5.450000000000000000e+01 -1.374559687000000003e-05
5.452499999999999858e+01 -1.398093493000000055e-05
5.454999999999999716e+01 -1.419613097999999964e-05
5.457500000000000284e+01 -1.388740519000000063e-05
5.460000000000000142e+01 -1.395288916000000034e-05
5.462500000000000000e+01 -1.417624563000000046e-05
5.464999999999999858e+01 -1.400114017000000032e-05
5.467499999999999716e+01 -1.417244861000000082e-05
5.470000000000000284e+01 -1.417262881999999956e-05
5.472500000000000142e+01 -1.434803683999999948e-05
5.475000000000000000e+01 -1.446109450999999927e-05
5.477499999999999858e+01 -1.456894834000000083e-05
5.479999999999999716e+01 -1.457916567000000030e-05
5.482500000000000284e+01 -1.455304695000000052e-05
5.485000000000000142e+01 -1.444237952999999922e-05
5.487500000000000000e+01 -1.465464123000000011e-05
5.489999999999999858e+01 -1.457986861999999919e-05
5.492499999999999716e+01 -1.476455091999999990e-05
5.495000000000000284e+01 -1.480727653999999969e-05
5.497500000000000142e+01 -1.473586797000000030e-05
5.500000000000000000e+01 -1.496758612000000011e-05
5.502499999999999858e+01 -1.537898589999999973e-05
5.504999999999999716e+01 -1.503509960999999948e-05
5.507500000000000284e+01 -1.541530373000000022e-05
5.510000000000000142e+01 -1.521998393000000075e-05
5.512500000000000000e+01 -1.524437412999999923e-05
5.514999999999999858e+01 -1.522317208000000057e-05
5.517499999999999716e+01 -1.534233085000000121e-05
5.520000000000000284e+01 -1.534337038000000090e-05
5.522500000000000142e+01 -1.534714581999999976e-05
5.525000000000000000e+01 -1.540602520999999930e-05
5.527499999999999858e+01 -1.555972397999999876e-05
5.529999999999999716e+01 -1.581883561000000028e-05
5.532500000000000284e+01 -1.568490760000000169e-05
5.535000000000000142e+01 -1.573366936000000047e-05
5.537500000000000000e+01 -1.561972021999999979e-05
5.539999999999999858e+01 -1.581555196000000089e-05
5.542499999999999716e+01 -1.584922645000000067e-05
5.545000000000000284e+01 -1.598335347000000013e-05
5.547500000000000142e+01 -1.607181485000000115e-05
5.550000000000000000e+01 -1.600812198000000063e-05
5.552499999999999858e+01 -1.611211748999999914e-05
5.554999999999999716e+01 -1.630381361999999951e-05
5.557500000000000284e+01 -1.655387421999999925e-05
5.560000000000000142e+01 -1.634192645000000021e-05
5.562500000000000000e+01 -1.633840947999999895e-05
5.564999999999999858e+01 -1.652834299999999992e-05
5.567499999999999716e+01 -1.656278158000000142e-05
5.570000000000000284e+01 -1.651810757999999942e-05
5.572500000000000142e+01 -1.664286256999999904e-05
5.575000000000000000e+01 -1.698022990000000096e-05
5.577499999999999858e+01 -1.693600825999999919e-05
5.579999999999999716e+01 -1.690999949000000121e-05
5.582500000000000284e+01 -1.693473750000000161e-05
5.585000000000000142e+01 -1.710661009999999877e-05
5.587500000000000000e+01 -1.723150677999999887e-05
5.589999999999999858e+01 -1.736327098000000130e-05
5.592499999999999716e+01 -1.719853147000000146e-05
5.595000000000000284e+01 -1.736090663000000063e-05
5.597500000000000142e+01 -1.738274382999999872e-05
5.600000000000000000e+01 -1.757432200999999876e-05
5.602499999999999858e+01 -1.750652410999999959e-05
5.604999999999999716e+01 -1.759923174000000120e-05
5.607500000000000284e+01 -1.785814175000000021e-05
5.610000000000000142e+01 -1.795899204999999924e-05
5.612500000000000000e+01 -1.790043358999999899e-05
5.614999999999999858e+01 -1.800733931000000088e-05
5.617499999999999716e+01 -1.789554966000000101e-05
5.620000000000000284e+01 -1.803511946000000020e-05
5.622500000000000142e+01 -1.800741096000000054e-05
5.625000000000000000e+01 -1.814737221000000157e-05
5.627499999999999858e+01 -1.848887859000000145e-05
5.629999999999999716e+01 -1.825436167000000102e-05
5.632500000000000284e+01 -1.853817390999999855e-05
5.635000000000000142e+01 -1.872211962999999928e-05
5.637500000000000000e+01 -1.889227661999999899e-05
5.639999999999999858e+01 -1.882296083999999859e-05
5.642499999999999716e+01 -1.909623037000000091e-05
5.645000000000000284e+01 -1.877015983999999861e-05
5.647500000000000142e+01 -1.894954317999999994e-05
5.650000000000000000e+01 -1.913318525999999951e-05
5.652499999999999858e+01 -1.901493439999999926e-05
5.654999999999999716e+01 -1.931329252999999918e-05
5.657500000000000284e+01 -1.924847979999999917e-05
5.660000000000000142e+01 -1.954496487999999972e-05
5.662500000000000000e+01 -1.945658240999999971e-05
5.664999999999999858e+01 -1.972670766999999961e-05
5.667499999999999716e+01 -1.974015625999999963e-05
5.670000000000000284e+01 -1.982326816999999995e-05
5.672500000000000142e+01 -1.986347337000000024e-05
5.675000000000000000e+01 -1.982853514000000166e-05
5.677499999999999858e+01 -1.985965078999999851e-05
5.679999999999999716e+01 -2.007592025999999888e-05
5.682500000000000284e+01 -2.029491636999999847e-05
5.685000000000000142e+01 -2.056773011999999960e-05
5.687500000000000000e+01 -2.087309365000000142e-05
5.689999999999999858e+01 -2.052661850000000158e-05
5.692499999999999716e+01 -2.061596906000000133e-05
5.695000000000000284e+01 -2.045006227000000065e-05
5.697500000000000142e+01 -2.072169406000000106e-05
5.700000000000000000e+01 -2.107996475000000001e-05
5.702499999999999858e+01 -2.086003724000000059e-05
5.704999999999999716e+01 -2.109970776999999979e-05
5.707500000000000284e+01 -2.105740087000000101e-05
5.710000000000000142e+01 -2.150072310000000018e-05
5.712500000000000000e+01 -2.135298713999999904e-05
5.714999999999999858e+01 -2.148256243999999837e-05
5.717499999999999716e+01 -2.144926615999999899e-05
5.720000000000000284e+01 -2.161910813000000073e-05
5.722500000000000142e+01 -2.155271449000000102e-05
5.725000000000000000e+01 -2.158266665000000168e-05
5.727499999999999858e+01 -2.194963152999999969e-05
5.729999999999999716e+01 -2.209810262999999897e-05
5.732500000000000284e+01 -2.196350569999999894e-05
5.735000000000000142e+01 -2.232733380999999843e-05
5.737500000000000000e+01 -2.241431776999999972e-05
5.739999999999999858e+01 -2.231851232000000050e-05
5.742499999999999716e+01 -2.270844305000000108e-05
5.745000000000000284e+01 -2.245679603000000008e-05
5.747500000000000142e+01 -2.247449859000000074e-05
5.750000000000000000e+01 -2.313042248999999971e-05
5.752499999999999858e+01 -2.300462641000000066e-05
5.754999999999999716e+01 -2.303685621999999877e-05
5.757500000000000284e+01 -2.320176814999999853e-05
5.760000000000000142e+01 -2.311238592999999872e-05
5.762500000000000000e+01 -2.338047713999999883e-05
5.764999999999999858e+01 -2.362227912999999944e-05
5.767499999999999716e+01 -2.379058132000000139e-05
5.770000000000000284e+01 -2.366334607999999868e-05
5.772500000000000142e+01 -2.410154077999999883e-05
5.775000000000000000e+01 -2.385642814000000169e-05
5.777499999999999858e+01 -2.400661413000000090e-05
5.779999999999999716e+01 -2.432799672000000149e-05
5.782500000000000284e+01 -2.393175349999999960e-05
5.785000000000000142e+01 -2.429759919999999974e-05
5.787500000000000000e+01 -2.426372106999999902e-05
5.789999999999999858e+01 -2.450247014999999996e-05
5.792499999999999716e+01 -2.458479386000000152e-05
5.795000000000000284e+01 -2.479799113999999835e-05
5.797500000000000142e+01 -2.464039022000000096e-05
5.800000000000000000e+01 -2.519380578999999928e-05
5.802499999999999858e+01 -2.505535741999999913e-05
5.804999999999999716e+01 -2.521901893000000013e-05
5.807500000000000284e+01 -2.526664686000000063e-05
5.810000000000000142e+01 -2.579621568000000143e-05
5.812500000000000000e+01 -2.557008453000000146e-05
5.814999999999999858e+01 -2.557064395000000000e-05
5.817499999999999716e+01 -2.596631502999999957e-05
5.820000000000000284e+01 -2.629278491000000060e-05
5.822500000000000142e+01 -2.617194595999999910e-05
5.825000000000000000e+01 -2.615551277999999990e-05
5.827499999999999858e+01 -2.624954590000000090e-05
5.829999999999999716e+01 -2.649757119999999907e-05
5.832500000000000284e+01 -2.660408655000000050e-05
5.835000000000000142e+01 -2.667872863000000163e-05
5.837500000000000000e+01 -2.690330266000000116e-05
5.839999999999999858e+01 -2.684328983999999970e-05
5.842499999999999716e+01 -2.699242798999999937e-05
5.845000000000000284e+01 -2.754592997999999904e-05
5.847500000000000142e+01 -2.776253867999999944e-05
5.850000000000000000e+01 -2.730124105000000006e-05
5.852499999999999858e+01 -2.773272488999999991e-05
5.854999999999999716e+01 -2.763423010000000082e-05
5.857500000000000284e+01 -2.784400457000000084e-05
5.860000000000000142e+01 -2.781220644999999976e-05
5.862500000000000000e+01 -2.825289833000000066e-05
5.864999999999999858e+01 -2.865788782999999893e-05
5.867499999999999716e+01 -2.854643692000000092e-05
5.870000000000000284e+01 -2.879337960000000001e-05
5.872500000000000142e+01 -2.885974400000000122e-05
5.875000000000000000e+01 -2.899277952000000157e-05
5.877499999999999858e+01 -2.897675101999999905e-05
5.879999999999999716e+01 -2.886738100999999861e-05
5.882500000000000284e+01 -2.914765150999999927e-05
5.885000000000000142e+01 -2.928865209999999993e-05
5.887500000000000000e+01 -3.053000085999999923e-05
5.889999999999999858e+01 -2.958967376999999845e-05
5.892499999999999716e+01 -2.989214647999999884e-05
5.895000000000000284e+01 -2.989472858000000017e-05
5.897500000000000142e+01 -3.024242910000000129e-05
5.900000000000000000e+01 -3.058782020999999986e-05
5.902499999999999858e+01 -3.078636592000000228e-05
5.904999999999999716e+01 -3.077007153000000023e-05
5.907500000000000284e+01 -3.075453488999999935e-05
5.910000000000000142e+01 -3.140625928999999728e-05
5.912500000000000000e+01 -3.139752290999999997e-05
5.914999999999999858e+01 -3.137720690999999906e-05
5.917499999999999716e+01 -3.178176425999999820e-05
5.920000000000000284e+01 -3.114842122999999824e-05
5.922500000000000142e+01 -3.170496944000000318e-05
5.925000000000000000e+01 -3.209838592000000061e-05
5.927499999999999858e+01 -3.162070201999999877e-05
5.929999999999999716e+01 -3.216383623999999959e-05
5.932500000000000284e+01 -3.239963793000000248e-05
5.935000000000000142e+01 -3.232819785000000038e-05
5.937500000000000000e+01 -3.253431315000000084e-05
5.939999999999999858e+01 -3.276008086000000211e-05
5.942499999999999716e+01 -3.308651753999999960e-05
5.945000000000000284e+01 -3.303532186000000126e-05
5.947500000000000142e+01 -3.281989250999999995e-05
5.950000000000000000e+01 -3.335073871000000074e-05
5.952499999999999858e+01 -3.385241818999999724e-05
5.954999999999999716e+01 -3.381060680999999687e-05
5.957500000000000284e+01 -3.436852719000000196e-05
5.960000000000000142e+01 -3.423082621000000182e-05
5.962500000000000000e+01 -3.407693392000000002e-05
5.964999999999999858e+01 -3.432914868999999906e-05
5.967499999999999716e+01 -3.479595486999999938e-05
5.970000000000000284e+01 -3.475406255999999956e-05
5.972500000000000142e+01 -3.466422262000000209e-05
5.975000000000000000e+01 -3.504201780000000028e-05
5.977499999999999858e+01 -3.518916970999999804e-05
5.979999999999999716e+01 -3.545454587999999867e-05
5.982500000000000284e+01 -3.539778302000000165e-05
5.985000000000000142e+01 -3.574568596999999783e-05
5.987500000000000000e+01 -3.593298443000000187e-05
5.989999999999999858e+01 -3.557208061000000261e-05
5.992499999999999716e+01 -3.621981282000000040e-05
5.995000000000000284e+01 -3.622801349000000324e-05
5.997500000000000142e+01 -3.686670120000000325e-05
6.000000000000000000e+01 -3.664676583999999928e-05
6.002499999999999858e+01 -3.684480995000000158e-05
6.004999999999999716e+01 -3.716975660000000040e-05
6.007500000000000284e+01 -3.754601189999999717e-05
6.010000000000000142e+01 -3.742097584999999995e-05
6.012500000000000000e+01 -3.774843059000000119e-05
6.014999999999999858e+01 -3.776840392999999789e-05
6.017499999999999716e+01 -3.817149737000000078e-05
6.020000000000000284e+01 -3.802969408000000170e-05
6.022500000000000142e+01 -3.887810784000000100e-05
6.025000000000000000e+01 -3.831047721000000204e-05
6.027499999999999858e+01 -3.858010363000000082e-05
6.029999999999999716e+01 -3.939223293000000019e-05
6.032500000000000284e+01 -3.891110800999999922e-05
6.035000000000000142e+01 -3.919005804999999693e-05
6.037500000000000000e+01 -3.961856202999999930e-05
6.039999999999999858e+01 -3.955095569999999942e-05
6.042499999999999716e+01 -3.962400716999999828e-05
6.045000000000000284e+01 -4.023804385000000298e-05
6.047500000000000142e+01 -4.065699146000000132e-05
6.050000000000000000e+01 -4.086888400000000056e-05
6.052499999999999858e+01 -4.116433482999999686e-05
6.054999999999999716e+01 -4.126909224000000165e-05
6.057500000000000284e+01 -4.094170376999999961e-05
6.060000000000000142e+01 -4.112188380999999961e-05
6.062500000000000000e+01 -4.184049515999999715e-05
6.064999999999999858e+01 -4.167877481999999952e-05
6.067499999999999716e+01 -4.235513060999999860e-05
6.070000000000000284e+01 -4.231791811999999729e-05
6.072500000000000142e+01 -4.253069612999999937e-05
6.075000000000000000e+01 -4.240397878999999873e-05
6.077499999999999858e+01 -4.294494035999999929e-05
6.079999999999999716e+01 -4.324255426999999778e-05
6.082500000000000284e+01 -4.332043996999999940e-05
6.085000000000000142e+01 -4.370579761000000218e-05
6.087500000000000000e+01 -4.363345050999999932e-05
6.089999999999999858e+01 -4.409994263000000176e-05
6.092499999999999716e+01 -4.452600315000000258e-05
6.095000000000000284e+01 -4.404234368999999916e-05
6.097500000000000142e+01 -4.477296900999999809e-05
6.100000000000000000e+01 -4.474556824000000234e-05
6.102499999999999858e+01 -4.487907397000000139e-05
6.104999999999999716e+01 -4.508493224999999914e-05
6.107500000000000284e+01 -4.546788912000000000e-05
6.110000000000000142e+01 -4.536879280999999917e-05
6.112500000000000000e+01 -4.597215449000000248e-05
6.114999999999999858e+01 -4.609409255000000168e-05
6.117499999999999716e+01 -4.624485024000000077e-05
6.120000000000000284e+01 -4.724351493999999794e-05
6.122500000000000142e+01 -4.691020088000000173e-05
6.125000000000000000e+01 -4.742965047000000274e-05
6.127499999999999858e+01 -4.694721157999999674e-05
6.129999999999999716e+01 -4.757726110999999737e-05
6.132500000000000284e+01 -4.830527782999999921e-05
6.135000000000000142e+01 -4.809474576000000217e-05
6.137500000000000000e+01 -4.817131531999999957e-05
6.139999999999999858e+01 -4.857726685999999870e-05
6.142499999999999716e+01 -4.829664725000000199e-05
6.145000000000000284e+01 -4.926703040000000297e-05
6.147500000000000142e+01 -4.901910865000000031e-05
6.150000000000000000e+01 -4.926294460000000229e-05
6.152499999999999858e+01 -5.003941500999999818e-05
6.154999999999999716e+01 -5.032710367999999776e-05
6.157500000000000284e+01 -5.055305539000000241e-05
6.160000000000000142e+01 -5.104540320000000233e-05
6.162500000000000000e+01 -5.072616939000000076e-05
6.164999999999999858e+01 -5.127092163999999702e-05
6.167499999999999716e+01 -5.109060443999999837e-05
6.170000000000000284e+01 -5.153955458999999760e-05
6.172500000000000142e+01 -5.215509797999999964e-05
6.175000000000000000e+01 -5.216475639000000197e-05
6.177499999999999858e+01 -5.226360414000000070e-05
6.179999999999999716e+01 -5.232548997000000223e-05
6.182500000000000284e+01 -5.262025484000000135e-05
6.185000000000000142e+01 -5.265230619000000050e-05
6.187500000000000000e+01 -5.303360060999999937e-05
6.189999999999999858e+01 -5.339394376000000170e-05
6.192499999999999716e+01 -5.388783005999999695e-05
6.195000000000000284e+01 -5.380191039999999774e-05
6.197500000000000142e+01 -5.415350611000000034e-05
6.200000000000000000e+01 -5.449631947000000256e-05
6.202499999999999858e+01 -5.474976600999999899e-05
6.204999999999999716e+01 -5.512108363000000250e-05
6.207500000000000284e+01 -5.534702729000000272e-05
6.210000000000000142e+01 -5.555455359999999940e-05
6.212500000000000000e+01 -5.562346067999999913e-05
6.214999999999999858e+01 -5.610688072000000269e-05
6.217499999999999716e+01 -5.640885486999999704e-05
6.220000000000000284e+01 -5.633107423000000171e-05
6.222500000000000142e+01 -5.757720352000000083e-05
6.225000000000000000e+01 -5.717125666000000088e-05
6.227499999999999858e+01 -5.748798270000000119e-05
6.229999999999999716e+01 -5.838970361999999849e-05
6.232500000000000284e+01 -5.799287647999999771e-05
6.235000000000000142e+01 -5.840233430000000273e-05
6.237500000000000000e+01 -5.854251995000000293e-05
6.239999999999999858e+01 -5.869425141000000033e-05
6.242499999999999716e+01 -5.956338440000000234e-05
6.245000000000000284e+01 -5.971893014999999787e-05
6.247500000000000142e+01 -6.016059091000000158e-05
6.250000000000000000e+01 -6.039020331999999926e-05
6.252499999999999858e+01 -6.058056754999999752e-05
6.254999999999999716e+01 -6.174763362999999413e-05
6.257500000000000284e+01 -6.264050358000000261e-05
6.260000000000000142e+01 -6.212666608000000162e-05
6.262500000000000000e+01 -6.183053645000000445e-05
6.264999999999999858e+01 -6.174867623999999737e-05
6.267499999999999716e+01 -6.224730568000000483e-05
6.270000000000000284e+01 -6.265800036000000262e-05
6.272500000000000142e+01 -6.322998356999999633e-05
6.275000000000000000e+01 -6.292953996000000467e-05
6.277499999999999858e+01 -6.378747678999999605e-05
6.279999999999999716e+01 -6.364276758999999606e-05
6.282500000000000284e+01 -6.410452600999999681e-05
6.285000000000000142e+01 -6.450333214999999780e-05
6.287500000000000000e+01 -6.441570990000000305e-05
6.289999999999999858e+01 -6.530713435000000053e-05
6.292499999999999716e+01 -6.587368651999999855e-05
6.295000000000000284e+01 -6.611633088999999922e-05
6.297500000000000142e+01 -6.614391630999999711e-05
6.300000000000000000e+01 -6.610381330999999571e-05
6.302499999999999858e+01 -6.718341878000000031e-05
6.304999999999999716e+01 -6.718018153000000661e-05
6.307500000000000284e+01 -6.866199605000000586e-05
6.310000000000000142e+01 -6.909579490999999450e-05
6.312500000000000000e+01 -6.823466856000000194e-05
6.314999999999999858e+01 -6.893430548999999682e-05
6.317499999999999716e+01 -6.983584460000000313e-05
6.320000000000000284e+01 -6.957265286999999578e-05
6.322500000000000142e+01 -7.002648819999999477e-05
6.325000000000000000e+01 -7.045881154999999421e-05
6.327499999999999858e+01 -7.081010482999999475e-05
6.329999999999999716e+01 -7.146295364000000380e-05
6.332500000000000284e+01 -7.207908735999999728e-05
6.335000000000000142e+01 -7.139459984999999497e-05
6.337500000000000000e+01 -7.227251863000000475e-05
6.339999999999999858e+01 -7.214832149000000071e-05
6.342499999999999716e+01 -7.244188411999999584e-05
6.345000000000000284e+01 -7.340528859999999680e-05
6.347500000000000142e+01 -7.344132754999999871e-05
6.350000000000000000e+01 -7.385391083000000421e-05
6.352499999999999858e+01 -7.380766238999999400e-05
6.354999999999999716e+01 -7.518723006000000515e-05
6.357500000000000284e+01 -7.514098777999999527e-05
6.360000000000000142e+01 -7.464370585000000059e-05
6.362500000000000000e+01 -7.515197815000000203e-05
6.364999999999999858e+01 -7.666939169999999811e-05
6.367499999999999716e+01 -7.656227785999999936e-05
6.370000000000000284e+01 -7.676413987999999725e-05
6.372500000000000142e+01 -7.824374549000000234e-05
6.375000000000000000e+01 -7.830992101999999754e-05
6.377499999999999858e+01 -7.837324454000000142e-05
6.379999999999999716e+01 -7.838810241999999396e-05
6.382500000000000284e+01 -7.901878601000000130e-05
6.385000000000000142e+01 -7.983396595999999595e-05
6.387500000000000000e+01 -7.979743416999999605e-05
6.389999999999999858e+01 -8.060584437000000400e-05
6.392499999999999716e+01 -8.069602170999999634e-05
6.395000000000000284e+01 -8.094818310000000377e-05
6.397500000000000142e+01 -8.149317518999999929e-05
6.400000000000000000e+01 -8.141197146000000529e-05
6.402500000000000568e+01 -8.187290226999999752e-05
6.404999999999999716e+01 -8.258717563000000515e-05
6.407500000000000284e+01 -8.360240093999999472e-05
6.409999999999999432e+01 -8.325298771000000625e-05
6.412500000000000000e+01 -8.386288832000000134e-05
6.415000000000000568e+01 -8.367873798000000671e-05
6.417499999999999716e+01 -8.493328867999999751e-05
6.420000000000000284e+01 -8.511405925000000577e-05
6.422499999999999432e+01 -8.560876706000000139e-05
6.425000000000000000e+01 -8.586088296000000410e-05
6.427500000000000568e+01 -8.631941014000000395e-05
6.429999999999999716e+01 -8.795018256999999448e-05
6.432500000000000284e+01 -8.663221016000000507e-05
6.434999999999999432e+01 -8.779569499999999662e-05
6.437500000000000000e+01 -8.815740535000000163e-05
6.440000000000000568e+01 -8.884917697999999368e-05
6.442499999999999716e+01 -8.865807459000000623e-05
6.445000000000000284e+01 -8.929046951000000482e-05
6.447499999999999432e+01 -9.017407018000000269e-05
6.450000000000000000e+01 -9.083584622000000404e-05
6.452500000000000568e+01 -9.021347101000000337e-05
6.454999999999999716e+01 -9.187595095000000277e-05
6.457500000000000284e+01 -9.170449100000000473e-05
6.459999999999999432e+01 -9.318091311999999429e-05
6.462500000000000000e+01 -9.320794289999999847e-05
6.465000000000000568e+01 -9.458964338000000428e-05
6.467499999999999716e+01 -9.317374909000000120e-05
6.470000000000000284e+01 -9.560333517000000280e-05
6.472499999999999432e+01 -9.484800776999999976e-05
6.475000000000000000e+01 -9.538801637000000292e-05
6.477500000000000568e+01 -9.517383362000000641e-05
6.479999999999999716e+01 -9.683793708000000317e-05
6.482500000000000284e+01 -9.605640895999999597e-05
6.484999999999999432e+01 -9.698758804999999580e-05
6.487500000000000000e+01 -9.750379361000000012e-05
6.490000000000000568e+01 -9.910813146000000426e-05
6.492499999999999716e+01 -9.825324643999999458e-05
6.495000000000000284e+01 -9.932298595999999999e-05
6.497499999999999432e+01 -9.942796261000000639e-05
6.500000000000000000e+01 -9.976610575000000427e-05
6.502500000000000568e+01 -1.007705313999999981e-04
6.504999999999999716e+01 -1.010880456000000046e-04
6.507500000000000284e+01 -1.019145933999999955e-04
6.509999999999999432e+01 -1.020988565999999951e-04
6.512500000000000000e+01 -1.021793010000000021e-04
6.515000000000000568e+01 -1.037029768999999985e-04
6.517499999999999716e+01 -1.039487275999999999e-04
6.520000000000000284e+01 -1.040815025000000065e-04
6.522499999999999432e+01 -1.049004151999999936e-04
6.525000000000000000e+01 -1.049525886000000056e-04
6.527500000000000568e+01 -1.059574551000000051e-04
6.529999999999999716e+01 -1.064991648000000062e-04
6.532500000000000284e+01 -1.065829136999999957e-04
6.534999999999999432e+01 -1.071559193000000019e-04
6.537500000000000000e+01 -1.086850682999999945e-04
6.540000000000000568e+01 -1.074142389000000007e-04
6.542499999999999716e+01 -1.094755905999999948e-04
6.545000000000000284e+01 -1.092385399999999971e-04
6.547499999999999432e+01 -1.112868933000000024e-04
6.550000000000000000e+01 -1.103668580999999987e-04
6.552500000000000568e+01 -1.113466429000000015e-04
6.554999999999999716e+01 -1.113816701999999990e-04
6.557500000000000284e+01 -1.121308316000000016e-04
6.559999999999999432e+01 -1.133597081999999966e-04
6.562500000000000000e+01 -1.132984943000000047e-04
6.565000000000000568e+01 -1.133502232999999954e-04
6.567499999999999716e+01 -1.151376248999999970e-04
6.570000000000000284e+01 -1.147807359999999954e-04
6.572499999999999432e+01 -1.168460446999999939e-04
6.575000000000000000e+01 -1.156190027999999970e-04
6.577500000000000568e+01 -1.164894697000000065e-04
6.579999999999999716e+01 -1.174494455000000019e-04
6.582500000000000284e+01 -1.174804142999999939e-04
6.584999999999999432e+01 -1.179672766000000020e-04
6.587500000000000000e+01 -1.197554418999999986e-04
6.590000000000000568e+01 -1.201631457999999974e-04
6.592499999999999716e+01 -1.207184024999999962e-04
6.595000000000000284e+01 -1.228248925999999913e-04
6.597499999999999432e+01 -1.221279679000000079e-04
6.600000000000000000e+01 -1.228336704000000071e-04
6.602500000000000568e+01 -1.235608203000000075e-04
6.604999999999999716e+01 -1.226805333999999887e-04
6.607500000000000284e+01 -1.238805545999999982e-04
6.609999999999999432e+01 -1.246569021000000130e-04
6.612500000000000000e+01 -1.262098430000000034e-04
6.615000000000000568e+01 -1.258251565000000072e-04
6.617499999999999716e+01 -1.272692695000000114e-04
6.620000000000000284e+01 -1.285434730000000131e-04
6.622499999999999432e+01 -1.283568152999999999e-04
6.625000000000000000e+01 -1.292319897000000100e-04
6.627500000000000568e+01 -1.303021882999999960e-04
6.629999999999999716e+01 -1.301800196999999902e-04
6.632500000000000284e+01 -1.309764230000000048e-04
6.634999999999999432e+01 -1.334803732999999910e-04
6.637500000000000000e+01 -1.318259704000000125e-04
6.640000000000000568e+01 -1.333614445000000121e-04
6.642499999999999716e+01 -1.358052470000000074e-04
6.645000000000000284e+01 -1.355042533000000026e-04
6.647499999999999432e+01 -1.348911845999999927e-04
6.650000000000000000e+01 -1.364186929000000116e-04
6.652500000000000568e+01 -1.364357766999999878e-04
6.654999999999999716e+01 -1.385143002999999909e-04
6.657500000000000284e+01 -1.377926583999999910e-04
6.659999999999999432e+01 -1.387008903999999978e-04
6.662500000000000000e+01 -1.403675932999999966e-04
6.665000000000000568e+01 -1.384331976999999875e-04
6.667499999999999716e+01 -1.400196526999999936e-04
6.670000000000000284e+01 -1.409490716999999905e-04
6.672499999999999432e+01 -1.417850238999999925e-04
6.675000000000000000e+01 -1.434493844000000052e-04
6.677500000000000568e+01 -1.432005118999999933e-04
6.679999999999999716e+01 -1.440829142000000108e-04
6.682500000000000284e+01 -1.453961312000000034e-04
6.684999999999999432e+01 -1.458434646999999897e-04
6.687500000000000000e+01 -1.454630067000000108e-04
6.690000000000000568e+01 -1.475476538999999994e-04
6.692499999999999716e+01 -1.479889320999999876e-04
6.695000000000000284e+01 -1.494153018999999996e-04
6.697499999999999432e+01 -1.496271451999999955e-04
6.700000000000000000e+01 -1.501606941999999870e-04
6.702500000000000568e+01 -1.523716031000000031e-04
6.704999999999999716e+01 -1.522357634000000022e-04
6.707500000000000284e+01 -1.530719085999999920e-04
6.709999999999999432e+01 -1.537357625999999985e-04
6.712500000000000000e+01 -1.549160755000000020e-04
6.715000000000000568e+01 -1.556813938000000037e-04
6.717499999999999716e+01 -1.572811753999999991e-04
6.720000000000000284e+01 -1.572715784999999982e-04
6.722499999999999432e+01 -1.590977872000000077e-04
6.725000000000000000e+01 -1.590362370999999931e-04
6.727500000000000568e+01 -1.589101913999999970e-04
6.729999999999999716e+01 -1.612502796999999938e-04
6.732500000000000284e+01 -1.609632279000000024e-04
6.734999999999999432e+01 -1.616820496999999898e-04
6.737500000000000000e+01 -1.630930282999999898e-04
6.740000000000000568e+01 -1.625739734000000117e-04
6.742499999999999716e+01 -1.630657254999999994e-04
6.745000000000000284e+01 -1.656635491999999875e-04
6.747499999999999432e+01 -1.660603647999999875e-04
6.750000000000000000e+01 -1.669701181000000033e-04
6.752500000000000568e+01 -1.688940116999999906e-04
6.754999999999999716e+01 -1.676132545999999869e-04
6.757500000000000284e+01 -1.701238012000000051e-04
6.759999999999999432e+01 -1.703704486000000122e-04
6.762500000000000000e+01 -1.721888953000000019e-04
6.765000000000000568e+01 -1.730306903999999889e-04
6.767499999999999716e+01 -1.718117773999999905e-04
6.770000000000000284e+01 -1.736900446999999938e-04
6.772499999999999432e+01 -1.754070708999999921e-04
6.775000000000000000e+01 -1.765838508999999961e-04
6.777500000000000568e+01 -1.765012422999999930e-04
6.779999999999999716e+01 -1.756324870000000073e-04
6.782500000000000284e+01 -1.774792419000000032e-04
6.784999999999999432e+01 -1.792273487999999882e-04
6.787500000000000000e+01 -1.803511411999999972e-04
6.790000000000000568e+01 -1.810899539000000052e-04
6.792499999999999716e+01 -1.835837592000000068e-04
6.795000000000000284e+01 -1.830946644999999933e-04
6.797499999999999432e+01 -1.849958477999999896e-04
6.800000000000000000e+01 -1.841330247000000006e-04
6.802500000000000568e+01 -1.857683563000000029e-04
6.804999999999999716e+01 -1.870837673000000107e-04
6.807500000000000284e+01 -1.895528389000000074e-04
6.809999999999999432e+01 -1.889983671999999890e-04
6.812500000000000000e+01 -1.882592210999999905e-04
6.815000000000000568e+01 -1.910579137000000026e-04
6.817499999999999716e+01 -1.911954672000000023e-04
6.820000000000000284e+01 -1.917954655000000128e-04
6.822499999999999432e+01 -1.919217336000000093e-04
6.825000000000000000e+01 -1.932907000999999872e-04
6.827500000000000568e+01 -1.956045115000000089e-04
6.829999999999999716e+01 -1.960682068000000103e-04
6.832500000000000284e+01 -1.970170221999999909e-04
6.834999999999999432e+01 -1.985803587000000000e-04
6.837500000000000000e+01 -1.990039940999999959e-04
6.840000000000000568e+01 -1.980970348999999881e-04
6.842499999999999716e+01 -2.004633181999999946e-04
6.845000000000000284e+01 -2.037996331000000013e-04
6.847499999999999432e+01 -2.045708185000000106e-04
6.850000000000000000e+01 -2.055908112999999882e-04
6.852500000000000568e+01 -2.066766348000000119e-04
6.854999999999999716e+01 -2.094700034999999981e-04
6.857500000000000284e+01 -2.100535140999999870e-04
6.859999999999999432e+01 -2.080169449999999867e-04
6.862500000000000000e+01 -2.098433528999999972e-04
6.865000000000000568e+01 -2.105698322999999933e-04
6.867499999999999716e+01 -2.130123106999999886e-04
6.870000000000000284e+01 -2.144825568999999892e-04
6.872499999999999432e+01 -2.159394425000000009e-04
6.875000000000000000e+01 -2.174138960000000114e-04
6.877500000000000568e+01 -2.165575929999999957e-04
6.879999999999999716e+01 -2.190789707000000001e-04
6.882500000000000284e+01 -2.194117100000000128e-04
6.884999999999999432e+01 -2.188446119000000099e-04
6.887500000000000000e+01 -2.210141145000000119e-04
6.890000000000000568e+01 -2.216894534000000104e-04
6.892499999999999716e+01 -2.231451000999999906e-04
6.895000000000000284e+01 -2.250414085999999879e-04
6.897499999999999432e+01 -2.256288696999999936e-04
6.900000000000000000e+01 -2.272861851999999946e-04
6.902500000000000568e+01 -2.280857026000000125e-04
6.904999999999999716e+01 -2.297034576999999907e-04
6.907500000000000284e+01 -2.297067018999999946e-04
6.909999999999999432e+01 -2.301326384999999948e-04
6.912500000000000000e+01 -2.318271245000000055e-04
6.915000000000000568e+01 -2.332321370999999920e-04
6.917499999999999716e+01 -2.350409513000000091e-04
6.920000000000000284e+01 -2.373113036999999952e-04
6.922499999999999432e+01 -2.365785101999999887e-04
6.925000000000000000e+01 -2.366373594999999911e-04
6.927500000000000568e+01 -2.392685627000000123e-04
6.929999999999999716e+01 -2.414350539999999959e-04
6.932500000000000284e+01 -2.399602107000000089e-04
6.934999999999999432e+01 -2.432510468999999893e-04
6.937500000000000000e+01 -2.443147296000000232e-04
6.940000000000000568e+01 -2.474976657000000128e-04
6.942499999999999716e+01 -2.470968936999999978e-04
6.945000000000000284e+01 -2.485772031000000226e-04
6.947499999999999432e+01 -2.508756977999999785e-04
6.950000000000000000e+01 -2.519315366000000000e-04
6.952500000000000568e+01 -2.536169918000000028e-04
6.954999999999999716e+01 -2.549407975999999848e-04
6.957500000000000284e+01 -2.539094338000000154e-04
6.959999999999999432e+01 -2.574137205000000045e-04
6.962500000000000000e+01 -2.614470436999999912e-04
6.965000000000000568e+01 -2.581910791999999740e-04
6.967499999999999716e+01 -2.615054834000000257e-04
6.970000000000000284e+01 -2.637200567000000037e-04
6.972499999999999432e+01 -2.624794705999999736e-04
6.975000000000000000e+01 -2.653692386000000005e-04
6.977500000000000568e+01 -2.668674760999999781e-04
6.979999999999999716e+01 -2.670677905999999731e-04
6.982500000000000284e+01 -2.675702911000000226e-04
6.984999999999999432e+01 -2.714680023999999818e-04
6.987500000000000000e+01 -2.719685962999999736e-04
6.990000000000000568e+01 -2.709978806999999959e-04
6.992499999999999716e+01 -2.752810243999999741e-04
6.995000000000000284e+01 -2.770607044000000059e-04
6.997499999999999432e+01 -2.792130817000000077e-04
7.000000000000000000e+01 -2.797187338000000191e-04
7.002500000000000568e+01 -2.803944460000000059e-04
7.004999999999999716e+01 -2.812943665999999981e-04
7.007500000000000284e+01 -2.825615823999999923e-04
7.009999999999999432e+01 -2.849026366999999780e-04
7.012500000000000000e+01 -2.834275464000000021e-04
7.015000000000000568e+01 -2.861667078999999823e-04
7.017499999999999716e+01 -2.875520773000000063e-04
7.020000000000000284e+01 -2.920458586999999948e-04
7.022499999999999432e+01 -2.919630236999999802e-04
7.025000000000000000e+01 -2.919713771999999947e-04
7.027500000000000568e+01 -2.932537287999999968e-04
7.029999999999999716e+01 -2.972144254000000201e-04
7.032500000000000284e+01 -2.993850242999999945e-04
7.034999999999999432e+01 -3.020838764999999953e-04
7.037500000000000000e+01 -2.999798367999999748e-04
7.040000000000000568e+01 -3.023687431999999846e-04
7.042499999999999716e+01 -3.035797231999999958e-04
7.045000000000000284e+01 -3.052080513999999882e-04
7.047499999999999432e+01 -3.057779331000000139e-04
7.050000000000000000e+01 -3.085162574000000217e-04
7.052500000000000568e+01 -3.097236646999999865e-04
7.054999999999999716e+01 -3.162757314999999807e-04
7.057500000000000284e+01 -3.155154594999999974e-04
7.059999999999999432e+01 -3.144225757000000069e-04
7.062500000000000000e+01 -3.181587343000000082e-04
7.065000000000000568e+01 -3.178452151999999948e-04
7.067499999999999716e+01 -3.201664899999999772e-04
7.070000000000000284e+01 -3.219795715000000084e-04
7.072499999999999432e+01 -3.231318269000000177e-04
7.075000000000000000e+01 -3.275583239999999897e-04
7.077500000000000568e+01 -3.266626120000000184e-04
7.079999999999999716e+01 -3.285876597999999853e-04
7.082500000000000284e+01 -3.322700710999999807e-04
7.084999999999999432e+01 -3.297801640999999768e-04
7.087500000000000000e+01 -3.348254780000000080e-04
7.090000000000000568e+01 -3.368533302999999926e-04
7.092499999999999716e+01 -3.366970522000000245e-04
7.095000000000000284e+01 -3.414612964999999968e-04
7.097499999999999432e+01 -3.387684216999999856e-04
7.100000000000000000e+01 -3.445859777999999937e-04
7.102500000000000568e+01 -3.453676323000000260e-04
7.104999999999999716e+01 -3.460089137000000171e-04
7.107500000000000284e+01 -3.477968350999999909e-04
7.109999999999999432e+01 -3.464542523000000112e-04
7.112500000000000000e+01 -3.524382256000000010e-04
7.115000000000000568e+01 -3.543406150999999860e-04
7.117499999999999716e+01 -3.542975322999999759e-04
7.120000000000000284e+01 -3.556898938000000116e-04
7.122499999999999432e+01 -3.570279794000000067e-04
7.125000000000000000e+01 -3.607975296000000254e-04
7.127500000000000568e+01 -3.637286918000000010e-04
7.129999999999999716e+01 -3.645953355000000162e-04
7.132500000000000284e+01 -3.657967553999999771e-04
7.134999999999999432e+01 -3.692866582000000112e-04
7.137500000000000000e+01 -3.730368068999999798e-04
7.140000000000000568e+01 -3.703370365000000050e-04
7.142499999999999716e+01 -3.746292384000000117e-04
7.145000000000000284e+01 -3.772520783999999921e-04
7.147499999999999432e+01 -3.783202104000000176e-04
7.150000000000000000e+01 -3.797005614999999926e-04
7.152500000000000568e+01 -3.826587612000000266e-04
7.154999999999999716e+01 -3.825917833000000001e-04
7.157500000000000284e+01 -3.847572967999999985e-04
7.159999999999999432e+01 -3.906506766999999990e-04
7.162500000000000000e+01 -3.907011287000000102e-04
7.165000000000000568e+01 -3.904169653999999966e-04
7.167499999999999716e+01 -3.979554304999999813e-04
7.170000000000000284e+01 -3.952733520000000248e-04
7.172499999999999432e+01 -3.975095250999999860e-04
7.175000000000000000e+01 -4.008006165999999926e-04
7.177500000000000568e+01 -3.993337034000000096e-04
7.179999999999999716e+01 -4.059944718999999955e-04
7.182500000000000284e+01 -4.090663040000000082e-04
7.184999999999999432e+01 -4.075390191000000128e-04
7.187500000000000000e+01 -4.106684243999999986e-04
7.190000000000000568e+01 -4.114291320000000086e-04
7.192499999999999716e+01 -4.181176427999999906e-04
7.195000000000000284e+01 -4.235123047999999842e-04
7.197499999999999432e+01 -4.200198994999999750e-04
7.200000000000000000e+01 -4.221790101000000035e-04
7.202500000000000568e+01 -4.244603716999999742e-04
7.204999999999999716e+01 -4.244811649000000036e-04
7.207500000000000284e+01 -4.261547414000000267e-04
7.209999999999999432e+01 -4.285452155000000173e-04
7.212500000000000000e+01 -4.302893261999999946e-04
7.215000000000000568e+01 -4.368734536999999900e-04
7.217499999999999716e+01 -4.360479402000000024e-04
7.220000000000000284e+01 -4.419697538000000227e-04
7.222499999999999432e+01 -4.384188235000000054e-04
7.225000000000000000e+01 -4.449177593999999918e-04
7.227500000000000568e+01 -4.454077803000000015e-04
7.229999999999999716e+01 -4.467098849999999823e-04
7.232500000000000284e+01 -4.522483484000000228e-04
7.234999999999999432e+01 -4.523879129999999879e-04
7.237500000000000000e+01 -4.528789899000000064e-04
7.240000000000000568e+01 -4.556420779999999855e-04
7.242499999999999716e+01 -4.608177637000000250e-04
7.245000000000000284e+01 -4.649276309999999884e-04
7.247499999999999432e+01 -4.660956126999999771e-04
7.250000000000000000e+01 -4.691712763000000213e-04
7.252500000000000568e+01 -4.665974490999999914e-04
7.254999999999999716e+01 -4.708633805000000190e-04
7.257500000000000284e+01 -4.733811270999999988e-04
7.259999999999999432e+01 -4.762771195000000042e-04
7.262500000000000000e+01 -4.793150933999999882e-04
7.265000000000000568e+01 -4.837576309999999961e-04
7.267499999999999716e+01 -4.856243659999999853e-04
7.270000000000000284e+01 -4.912725785000000281e-04
7.272499999999999432e+01 -4.902155788999999937e-04
7.275000000000000000e+01 -4.921946211000000418e-04
7.277500000000000568e+01 -4.907767607999999901e-04
7.279999999999999716e+01 -4.981435433999999553e-04
7.282500000000000284e+01 -5.022054164000000183e-04
7.284999999999999432e+01 -5.055176701000000435e-04
7.287500000000000000e+01 -5.083056569000000188e-04
7.290000000000000568e+01 -5.041663862000000506e-04
7.292499999999999716e+01 -5.114914139999999576e-04
7.295000000000000284e+01 -5.133930078999999992e-04
7.297499999999999432e+01 -5.170057054999999601e-04
7.300000000000000000e+01 -5.199422520999999638e-04
7.302500000000000568e+01 -5.208509979000000480e-04
7.304999999999999716e+01 -5.242139670999999531e-04
7.307500000000000284e+01 -5.261361667999999922e-04
7.309999999999999432e+01 -5.283479430000000013e-04
7.312500000000000000e+01 -5.319470119000000363e-04
7.315000000000000568e+01 -5.372925260000000446e-04
7.317499999999999716e+01 -5.387467421000000437e-04
7.320000000000000284e+01 -5.403557520999999675e-04
7.322499999999999432e+01 -5.412936577999999995e-04
7.325000000000000000e+01 -5.448687546000000005e-04
7.327500000000000568e+01 -5.507378333999999806e-04
7.329999999999999716e+01 -5.499242077000000232e-04
7.332500000000000284e+01 -5.537675249000000239e-04
7.334999999999999432e+01 -5.569995845999999983e-04
7.337500000000000000e+01 -5.620974635999999780e-04
7.340000000000000568e+01 -5.601413155000000430e-04
7.342499999999999716e+01 -5.683265650999999629e-04
7.345000000000000284e+01 -5.723021849000000522e-04
7.347499999999999432e+01 -5.756831409000000115e-04
7.350000000000000000e+01 -5.781945600999999907e-04
7.352500000000000568e+01 -5.758279147999999670e-04
7.354999999999999716e+01 -5.787501529000000072e-04
7.357500000000000284e+01 -5.853223642000000100e-04
7.359999999999999432e+01 -5.839001603999999668e-04
7.362500000000000000e+01 -5.929514424999999481e-04
7.365000000000000568e+01 -5.923776016999999887e-04
7.367499999999999716e+01 -5.948198249999999679e-04
7.370000000000000284e+01 -6.014304149000000103e-04
7.372499999999999432e+01 -6.038547468000000093e-04
7.375000000000000000e+01 -6.091357483999999736e-04
7.377500000000000568e+01 -6.076455193000000017e-04
7.379999999999999716e+01 -6.141966816999999560e-04
7.382500000000000284e+01 -6.158804381000000357e-04
7.384999999999999432e+01 -6.176271199000000177e-04
7.387500000000000000e+01 -6.221164747000000432e-04
7.390000000000000568e+01 -6.301715435000000047e-04
7.392499999999999716e+01 -6.285339482999999618e-04
7.395000000000000284e+01 -6.294373795000000535e-04
7.397499999999999432e+01 -6.344679883999999707e-04
7.400000000000000000e+01 -6.420272241000000426e-04
7.402500000000000568e+01 -6.381759615999999793e-04
7.404999999999999716e+01 -6.428894400999999583e-04
7.407500000000000284e+01 -6.473319397999999876e-04
7.409999999999999432e+01 -6.501724124999999459e-04
7.412500000000000000e+01 -6.518521943999999691e-04
7.415000000000000568e+01 -6.588442126999999836e-04
7.417499999999999716e+01 -6.676473131999999516e-04
7.420000000000000284e+01 -6.658329004999999703e-04
7.422499999999999432e+01 -6.712174079000000123e-04
7.425000000000000000e+01 -6.670705207000000121e-04
7.427500000000000568e+01 -6.745988836000000200e-04
7.429999999999999716e+01 -6.795250625000000180e-04
7.432500000000000284e+01 -6.816113144000000021e-04
7.434999999999999432e+01 -6.870339017999999975e-04
7.437500000000000000e+01 -6.881071039000000167e-04
7.440000000000000568e+01 -6.932416577999999481e-04
7.442499999999999716e+01 -7.000369293000000340e-04
7.445000000000000284e+01 -7.000886374000000459e-04
7.447499999999999432e+01 -7.052939248999999695e-04
7.450000000000000000e+01 -7.080417848999999951e-04
7.452500000000000568e+01 -7.110018446000000237e-04
7.454999999999999716e+01 -7.155901481000000348e-04
7.457500000000000284e+01 -7.234981169000000330e-04
7.459999999999999432e+01 -7.266228803999999833e-04
7.462500000000000000e+01 -7.245067328000000207e-04
7.465000000000000568e+01 -7.294148902000000380e-04
7.467499999999999716e+01 -7.359660619999999764e-04
7.470000000000000284e+01 -7.376630695999999727e-04
7.472499999999999432e+01 -7.401151084999999571e-04
7.475000000000000000e+01 -7.452905731999999580e-04
7.477500000000000568e+01 -7.532704689999999721e-04
7.479999999999999716e+01 -7.578964422000000149e-04
7.482500000000000284e+01 -7.596293477000000318e-04
7.484999999999999432e+01 -7.615693385999999527e-04
7.487500000000000000e+01 -7.670909511999999533e-04
7.490000000000000568e+01 -7.717597452000000231e-04
7.492499999999999716e+01 -7.793454721000000161e-04
7.495000000000000284e+01 -7.860972583999999977e-04
7.497499999999999432e+01 -7.860494603999999526e-04
7.500000000000000000e+01 -7.889283522000000055e-04
7.502500000000000568e+01 -7.893158250000000247e-04
7.504999999999999716e+01 -8.000142735000000333e-04
7.507500000000000284e+01 -7.944106818999999587e-04
7.509999999999999432e+01 -7.997870601000000006e-04
7.512500000000000000e+01 -8.059421725999999691e-04
7.515000000000000568e+01 -8.141641686999999666e-04
7.517499999999999716e+01 -8.198425627999999512e-04
7.520000000000000284e+01 -8.216600952000000001e-04
7.522499999999999432e+01 -8.234675166000000098e-04
7.525000000000000000e+01 -8.335459139000000453e-04
7.527500000000000568e+01 -8.326888643999999767e-04
7.529999999999999716e+01 -8.358635327000000538e-04
7.532500000000000284e+01 -8.385131053999999662e-04
7.534999999999999432e+01 -8.434448756000000004e-04
7.537500000000000000e+01 -8.457521343000000110e-04
7.540000000000000568e+01 -8.549956753000000510e-04
7.542499999999999716e+01 -8.627252927000000383e-04
7.545000000000000284e+01 -8.659978546000000020e-04
7.547499999999999432e+01 -8.650051616000000538e-04
7.550000000000000000e+01 -8.758821192000000502e-04
7.552500000000000568e+01 -8.760045311000000216e-04
7.554999999999999716e+01 -8.827545175999999957e-04
7.557500000000000284e+01 -8.818567132999999931e-04
7.559999999999999432e+01 -8.985048667999999969e-04
7.562500000000000000e+01 -8.911108894000000164e-04
7.565000000000000568e+01 -8.989049576000000125e-04
7.567499999999999716e+01 -9.082358634000000080e-04
7.570000000000000284e+01 -9.081003039999999875e-04
7.572499999999999432e+01 -9.156751718000000250e-04
7.575000000000000000e+01 -9.197864638000000526e-04
7.577500000000000568e+01 -9.227346830000000139e-04
7.579999999999999716e+01 -9.302530755000000496e-04
7.582500000000000284e+01 -9.365588695999999599e-04
7.584999999999999432e+01 -9.365111901999999613e-04
7.587500000000000000e+01 -9.401548926000000009e-04
7.590000000000000568e+01 -9.523911765999999463e-04
7.592499999999999716e+01 -9.542828962000000437e-04
7.595000000000000284e+01 -9.640055915999999831e-04
7.597499999999999432e+01 -9.640184452999999700e-04
7.600000000000000000e+01 -9.706345039999999961e-04
7.602500000000000568e+01 -9.743681126000000494e-04
7.604999999999999716e+01 -9.772874910000000671e-04
7.607500000000000284e+01 -9.848396996999999198e-04
7.609999999999999432e+01 -9.871429273999999914e-04
7.612500000000000000e+01 -9.935595981999999302e-04
7.615000000000000568e+01 -1.002881018000000100e-03
7.617499999999999716e+01 -1.007471430000000034e-03
7.620000000000000284e+01 -1.010639370000000065e-03
7.622499999999999432e+01 -1.012348684000000023e-03
7.625000000000000000e+01 -1.025206099999999895e-03
7.627500000000000568e+01 -1.035701753000000010e-03
7.629999999999999716e+01 -1.032903140000000037e-03
7.632500000000000284e+01 -1.034734895999999934e-03
7.634999999999999432e+01 -1.045624922999999987e-03
7.637500000000000000e+01 -1.049267775999999930e-03
7.640000000000000568e+01 -1.055407482999999981e-03
7.642499999999999716e+01 -1.055534520999999986e-03
7.645000000000000284e+01 -1.060638476000000082e-03
7.647499999999999432e+01 -1.071156729000000097e-03
7.650000000000000000e+01 -1.079480258999999899e-03
7.652500000000000568e+01 -1.082940582999999957e-03
7.654999999999999716e+01 -1.082633538999999961e-03
7.657500000000000284e+01 -1.089179412000000104e-03
7.659999999999999432e+01 -1.101620162999999986e-03
7.662500000000000000e+01 -1.106664768000000009e-03
7.665000000000000568e+01 -1.103524545000000032e-03
7.667499999999999716e+01 -1.115971210999999914e-03
7.670000000000000284e+01 -1.121761336999999937e-03
7.672499999999999432e+01 -1.119992579000000064e-03
7.675000000000000000e+01 -1.137701238999999989e-03
7.677500000000000568e+01 -1.138502376000000019e-03
7.679999999999999716e+01 -1.151173115000000101e-03
7.682500000000000284e+01 -1.150347338000000082e-03
7.684999999999999432e+01 -1.153428780000000098e-03
7.687500000000000000e+01 -1.165166059000000013e-03
7.690000000000000568e+01 -1.173646932999999936e-03
7.692499999999999716e+01 -1.177244192999999913e-03
7.695000000000000284e+01 -1.180062545999999938e-03
7.697499999999999432e+01 -1.195748281999999907e-03
7.700000000000000000e+01 -1.197274695999999946e-03
7.702500000000000568e+01 -1.200099336000000003e-03
7.704999999999999716e+01 -1.216613401999999981e-03
7.707500000000000284e+01 -1.209921814000000087e-03
7.709999999999999432e+01 -1.224834550999999916e-03
7.712500000000000000e+01 -1.225419282999999897e-03
7.715000000000000568e+01 -1.232462944000000055e-03
7.717499999999999716e+01 -1.242474683000000012e-03
7.720000000000000284e+01 -1.246890669999999989e-03
7.722499999999999432e+01 -1.251248192000000044e-03
7.725000000000000000e+01 -1.266229829999999945e-03
7.727500000000000568e+01 -1.265116387999999908e-03
7.729999999999999716e+01 -1.274444813000000015e-03
7.732500000000000284e+01 -1.284934474000000004e-03
7.734999999999999432e+01 -1.289982472999999909e-03
7.737500000000000000e+01 -1.293012062000000037e-03
7.740000000000000568e+01 -1.298820194000000101e-03
7.742499999999999716e+01 -1.306052834999999954e-03
7.745000000000000284e+01 -1.317774212000000092e-03
7.747499999999999432e+01 -1.317756671999999922e-03
7.750000000000000000e+01 -1.326852941000000036e-03
7.752500000000000568e+01 -1.336957928999999920e-03
7.754999999999999716e+01 -1.340192919000000047e-03
7.757500000000000284e+01 -1.344783424000000043e-03
7.759999999999999432e+01 -1.358556249000000002e-03
7.762500000000000000e+01 -1.364329940999999989e-03
7.765000000000000568e+01 -1.364863506999999939e-03
7.767499999999999716e+01 -1.380468586999999969e-03
7.770000000000000284e+01 -1.383510156999999928e-03
7.772499999999999432e+01 -1.387773583999999966e-03
7.775000000000000000e+01 -1.404029706999999991e-03
7.777500000000000568e+01 -1.404602230999999965e-03
7.779999999999999716e+01 -1.412654411000000042e-03
7.782500000000000284e+01 -1.412205348000000055e-03
7.784999999999999432e+01 -1.426019763999999924e-03
7.787500000000000000e+01 -1.434384637999999972e-03
7.790000000000000568e+01 -1.450772056999999901e-03
7.792499999999999716e+01 -1.457485595999999904e-03
7.795000000000000284e+01 -1.455727436999999964e-03
7.797499999999999432e+01 -1.463190489000000061e-03
7.800000000000000000e+01 -1.473414649999999935e-03
7.802500000000000568e+01 -1.481679618999999981e-03
7.804999999999999716e+01 -1.497234869000000062e-03
7.807500000000000284e+01 -1.488833231999999894e-03
7.809999999999999432e+01 -1.516306859000000071e-03
7.812500000000000000e+01 -1.517361906999999902e-03
7.815000000000000568e+01 -1.531367228000000014e-03
7.817499999999999716e+01 -1.534719918999999941e-03
7.820000000000000284e+01 -1.534725871000000011e-03
7.822499999999999432e+01 -1.546462303000000057e-03
7.825000000000000000e+01 -1.567078550999999927e-03
7.827500000000000568e+01 -1.568032400999999935e-03
7.829999999999999716e+01 -1.566402309000000008e-03
7.832500000000000284e+01 -1.585227332000000008e-03
7.834999999999999432e+01 -1.586983419999999983e-03
7.837500000000000000e+01 -1.597752628999999898e-03
7.840000000000000568e+01 -1.602484801999999988e-03
7.842499999999999716e+01 -1.608629565000000003e-03
7.845000000000000284e+01 -1.627227101000000000e-03
7.847499999999999432e+01 -1.645353445999999959e-03
7.850000000000000000e+01 -1.647716846999999893e-03
7.852500000000000568e+01 -1.654075472999999921e-03
7.854999999999999716e+01 -1.660578341999999945e-03
7.857500000000000284e+01 -1.672115515999999949e-03
7.859999999999999432e+01 -1.676082258000000016e-03
7.862500000000000000e+01 -1.681962689000000019e-03
7.865000000000000568e+01 -1.693331616000000100e-03
7.867499999999999716e+01 -1.714949371999999932e-03
7.870000000000000284e+01 -1.714528422999999930e-03
7.872499999999999432e+01 -1.722082939999999927e-03
7.875000000000000000e+01 -1.725978441999999943e-03
7.877500000000000568e+01 -1.732928096999999945e-03
7.879999999999999716e+01 -1.744003500999999996e-03
7.882500000000000284e+01 -1.753483661000000086e-03
7.884999999999999432e+01 -1.766267608999999919e-03
7.887500000000000000e+01 -1.770243340000000063e-03
7.890000000000000568e+01 -1.783616339999999963e-03
7.892499999999999716e+01 -1.795164190000000026e-03
7.895000000000000284e+01 -1.808215461000000062e-03
7.897499999999999432e+01 -1.813125842999999951e-03
7.900000000000000000e+01 -1.817066130999999904e-03
7.902500000000000568e+01 -1.842655262999999934e-03
7.904999999999999716e+01 -1.845477669000000027e-03
7.907500000000000284e+01 -1.858913241999999915e-03
7.909999999999999432e+01 -1.876469153000000006e-03
7.912500000000000000e+01 -1.882040086000000062e-03
7.915000000000000568e+01 -1.893729691000000086e-03
7.917499999999999716e+01 -1.901646659000000078e-03
7.920000000000000284e+01 -1.908797831999999983e-03
7.922499999999999432e+01 -1.906243954000000048e-03
7.925000000000000000e+01 -1.917961313999999974e-03
7.927500000000000568e+01 -1.934525124000000028e-03
7.929999999999999716e+01 -1.955877760999999958e-03
7.932500000000000284e+01 -1.947282446999999998e-03
7.934999999999999432e+01 -1.954735197000000060e-03
7.937500000000000000e+01 -1.969616679999999873e-03
7.940000000000000568e+01 -1.992991215999999951e-03
7.942499999999999716e+01 -1.993517987000000165e-03
7.945000000000000284e+01 -1.997415847999999862e-03
7.947499999999999432e+01 -2.017039241999999885e-03
7.950000000000000000e+01 -2.034920292000000092e-03
7.952500000000000568e+01 -2.045495636000000100e-03
7.954999999999999716e+01 -2.050658770999999863e-03
7.957500000000000284e+01 -2.055564505999999889e-03
7.959999999999999432e+01 -2.070432676999999985e-03
7.962500000000000000e+01 -2.087735145000000139e-03
7.965000000000000568e+01 -2.098013329000000121e-03
7.967499999999999716e+01 -2.111070944000000178e-03
7.970000000000000284e+01 -2.120765337000000104e-03
7.972499999999999432e+01 -2.138784219999999899e-03
7.975000000000000000e+01 -2.131474467999999820e-03
7.977500000000000568e+01 -2.146114554000000136e-03
7.979999999999999716e+01 -2.167816580000000212e-03
7.982500000000000284e+01 -2.176232488999999947e-03
7.984999999999999432e+01 -2.179343422999999863e-03
7.987500000000000000e+01 -2.189655973000000002e-03
7.990000000000000568e+01 -2.208769743999999813e-03
7.992499999999999716e+01 -2.223625932000000086e-03
7.995000000000000284e+01 -2.223104331000000031e-03
7.997499999999999432e+01 -2.254023485000000195e-03
8.000000000000000000e+01 -2.255672542999999797e-03
8.002500000000000568e+01 -2.268532882000000132e-03
8.004999999999999716e+01 -2.273611616000000175e-03
8.007500000000000284e+01 -2.302800827999999973e-03
8.009999999999999432e+01 -2.306083278000000195e-03
8.012500000000000000e+01 -2.314361019999999942e-03
8.015000000000000568e+01 -2.336736443999999809e-03
8.017499999999999716e+01 -2.348508338999999966e-03
8.020000000000000284e+01 -2.343343485000000132e-03
8.022499999999999432e+01 -2.368383679999999832e-03
8.025000000000000000e+01 -2.390041303999999953e-03
8.027500000000000568e+01 -2.387449732999999928e-03
8.029999999999999716e+01 -2.397984035999999996e-03
8.032500000000000284e+01 -2.422195893000000152e-03
8.034999999999999432e+01 -2.431926267999999849e-03
8.037500000000000000e+01 -2.444103830000000140e-03
8.040000000000000568e+01 -2.457034005999999843e-03
8.042499999999999716e+01 -2.478205878000000213e-03
8.045000000000000284e+01 -2.479984719999999906e-03
8.047499999999999432e+01 -2.489019438999999848e-03
8.050000000000000000e+01 -2.509203360000000077e-03
8.052500000000000568e+01 -2.523214248000000062e-03
8.054999999999999716e+01 -2.536112719999999814e-03
8.057500000000000284e+01 -2.561203418999999804e-03
8.059999999999999432e+01 -2.558927490000000114e-03
8.062500000000000000e+01 -2.571496323999999944e-03
8.065000000000000568e+01 -2.591655074000000138e-03
8.067499999999999716e+01 -2.611610930000000073e-03
8.070000000000000284e+01 -2.606572821999999894e-03
8.072499999999999432e+01 -2.623069981999999987e-03
8.075000000000000000e+01 -2.645839285999999815e-03
8.077500000000000568e+01 -2.672473437999999847e-03
8.079999999999999716e+01 -2.680373635999999844e-03
8.082500000000000284e+01 -2.693253026999999945e-03
8.084999999999999432e+01 -2.697135733999999913e-03
8.087500000000000000e+01 -2.722888677000000028e-03
8.090000000000000568e+01 -2.730369676000000186e-03
8.092499999999999716e+01 -2.743211408999999840e-03
8.095000000000000284e+01 -2.769329148999999900e-03
8.097499999999999432e+01 -2.773002643000000138e-03
8.100000000000000000e+01 -2.790317454999999974e-03
8.102500000000000568e+01 -2.805938319000000035e-03
8.104999999999999716e+01 -2.813971478000000005e-03
8.107500000000000284e+01 -2.848526564000000011e-03
8.109999999999999432e+01 -2.859271813999999818e-03
8.112500000000000000e+01 -2.866055046999999977e-03
8.115000000000000568e+01 -2.878908391000000074e-03
8.117499999999999716e+01 -2.895998412999999973e-03
8.120000000000000284e+01 -2.929800367000000034e-03
8.122499999999999432e+01 -2.932656208000000101e-03
8.125000000000000000e+01 -2.956967962000000075e-03
8.127500000000000568e+01 -2.963271862999999982e-03
8.129999999999999716e+01 -2.976952306999999798e-03
8.132500000000000284e+01 -2.999180158999999960e-03
8.134999999999999432e+01 -3.011108223000000163e-03
8.137500000000000000e+01 -3.023929652999999846e-03
8.140000000000000568e+01 -3.046380516000000115e-03
8.142499999999999716e+01 -3.063905905999999863e-03
8.145000000000000284e+01 -3.094807266000000005e-03
8.147499999999999432e+01 -3.090980815999999892e-03
8.150000000000000000e+01 -3.103866012000000216e-03
8.152500000000000568e+01 -3.137331547000000130e-03
8.154999999999999716e+01 -3.138830174000000178e-03
8.157500000000000284e+01 -3.143311524999999832e-03
8.159999999999999432e+01 -3.196721752000000055e-03
8.162500000000000000e+01 -3.197556795000000129e-03
8.165000000000000568e+01 -3.200091626000000061e-03
8.167499999999999716e+01 -3.216958284999999959e-03
8.170000000000000284e+01 -3.238690348000000142e-03
8.172499999999999432e+01 -3.262895172000000212e-03
8.175000000000000000e+01 -3.257561944000000095e-03
8.177500000000000568e+01 -3.300643343000000170e-03
8.179999999999999716e+01 -3.311508809000000136e-03
8.182500000000000284e+01 -3.337638199000000049e-03
8.184999999999999432e+01 -3.359359760000000129e-03
8.187500000000000000e+01 -3.375165793000000150e-03
8.190000000000000568e+01 -3.379168290999999807e-03
8.192499999999999716e+01 -3.408846131000000008e-03
8.195000000000000284e+01 -3.415180126999999791e-03
8.197499999999999432e+01 -3.454764483000000164e-03
8.200000000000000000e+01 -3.462742070000000144e-03
8.202500000000000568e+01 -3.468052637000000171e-03
8.204999999999999716e+01 -3.511243073999999968e-03
8.207500000000000284e+01 -3.530157710000000112e-03
8.209999999999999432e+01 -3.537318520999999886e-03
8.212500000000000000e+01 -3.560446477999999922e-03
8.215000000000000568e+01 -3.574131148000000199e-03
8.217499999999999716e+01 -3.598656790999999865e-03
8.220000000000000284e+01 -3.616246220000000032e-03
8.222499999999999432e+01 -3.656418866999999826e-03
8.225000000000000000e+01 -3.650343814000000121e-03
8.227500000000000568e+01 -3.691195864999999993e-03
8.229999999999999716e+01 -3.677064988999999805e-03
8.232500000000000284e+01 -3.721930848000000111e-03
8.234999999999999432e+01 -3.739681165000000116e-03
8.237500000000000000e+01 -3.763316071000000207e-03
8.240000000000000568e+01 -3.798537752999999861e-03
8.242499999999999716e+01 -3.812536616000000191e-03
8.245000000000000284e+01 -3.819710595999999819e-03
8.247499999999999432e+01 -3.835932838999999914e-03
8.250000000000000000e+01 -3.862212782000000195e-03
8.252500000000000568e+01 -3.887028503999999992e-03
8.254999999999999716e+01 -3.917193735999999898e-03
8.257500000000000284e+01 -3.950329261000000078e-03
8.259999999999999432e+01 -3.969986743000000068e-03
8.262500000000000000e+01 -3.957598675000000010e-03
8.265000000000000568e+01 -3.983512627000000347e-03
8.267499999999999716e+01 -4.020331492999999583e-03
8.270000000000000284e+01 -4.028857107000000277e-03
8.272499999999999432e+01 -4.054850700000000273e-03
8.275000000000000000e+01 -4.066232769000000316e-03
8.277500000000000568e+01 -4.113265258999999896e-03
8.279999999999999716e+01 -4.133223844000000202e-03
8.282500000000000284e+01 -4.136286478999999690e-03
8.284999999999999432e+01 -4.156663914999999924e-03
8.287500000000000000e+01 -4.173664855999999722e-03
8.290000000000000568e+01 -4.201670266999999598e-03
8.292499999999999716e+01 -4.238041171000000301e-03
8.295000000000000284e+01 -4.254775340000000079e-03
8.297499999999999432e+01 -4.283876679000000152e-03
8.300000000000000000e+01 -4.287281224999999960e-03
8.302500000000000568e+01 -4.340501489000000296e-03
8.304999999999999716e+01 -4.361978562000000219e-03
8.307500000000000284e+01 -4.372711548999999587e-03
8.309999999999999432e+01 -4.393750420999999705e-03
8.312500000000000000e+01 -4.423680719999999872e-03
8.315000000000000568e+01 -4.431569257000000060e-03
8.317499999999999716e+01 -4.463329159000000053e-03
8.320000000000000284e+01 -4.500115691999999681e-03
8.322499999999999432e+01 -4.525378743000000106e-03
8.325000000000000000e+01 -4.545559383000000002e-03
8.327500000000000568e+01 -4.573900599999999872e-03
8.329999999999999716e+01 -4.624838618000000172e-03
8.332500000000000284e+01 -4.621480822999999606e-03
8.334999999999999432e+01 -4.633343324999999839e-03
8.337500000000000000e+01 -4.661651769999999688e-03
8.340000000000000568e+01 -4.704174983999999740e-03
8.342499999999999716e+01 -4.744002601999999964e-03
8.345000000000000284e+01 -4.752730624999999820e-03
8.347499999999999432e+01 -4.771065692999999948e-03
8.350000000000000000e+01 -4.796112061000000135e-03
8.352500000000000568e+01 -4.837835020000000319e-03
8.354999999999999716e+01 -4.881517208999999746e-03
8.357500000000000284e+01 -4.881303132999999933e-03
8.359999999999999432e+01 -4.915024510999999735e-03
8.362500000000000000e+01 -4.944035458000000174e-03
8.365000000000000568e+01 -4.946395075000000266e-03
8.367499999999999716e+01 -4.979759888000000190e-03
8.370000000000000284e+01 -5.004188074000000264e-03
8.372499999999999432e+01 -5.041820128000000165e-03
8.375000000000000000e+01 -5.079244668999999615e-03
8.377500000000000568e+01 -5.120884763999999575e-03
8.379999999999999716e+01 -5.156184541999999857e-03
8.382500000000000284e+01 -5.152101638999999692e-03
8.384999999999999432e+01 -5.183129903999999719e-03
8.387500000000000000e+01 -5.212794157999999997e-03
8.390000000000000568e+01 -5.253261936999999680e-03
8.392499999999999716e+01 -5.248394261999999796e-03
8.395000000000000284e+01 -5.290864143000000019e-03
8.397499999999999432e+01 -5.315312667999999921e-03
8.400000000000000000e+01 -5.343026546000000272e-03
8.402500000000000568e+01 -5.389301493000000186e-03
8.404999999999999716e+01 -5.416425719000000048e-03
8.407500000000000284e+01 -5.435508575000000224e-03
8.409999999999999432e+01 -5.476875804000000229e-03
8.412500000000000000e+01 -5.486747931999999897e-03
8.415000000000000568e+01 -5.538974755999999909e-03
8.417499999999999716e+01 -5.577676493999999922e-03
8.420000000000000284e+01 -5.590759748999999876e-03
8.422499999999999432e+01 -5.627950050999999849e-03
8.425000000000000000e+01 -5.670727203999999591e-03
8.427500000000000568e+01 -5.691386883999999605e-03
8.429999999999999716e+01 -5.734720417000000077e-03
8.432500000000000284e+01 -5.745119955000000007e-03
8.434999999999999432e+01 -5.747388737000000067e-03
8.437500000000000000e+01 -5.831198329000000097e-03
8.440000000000000568e+01 -5.840583746000000374e-03
8.442499999999999716e+01 -5.879141545000000045e-03
8.445000000000000284e+01 -5.900671625000000232e-03
8.447499999999999432e+01 -5.918271870999999677e-03
8.450000000000000000e+01 -5.996810602999999747e-03
8.452500000000000568e+01 -6.002602747999999724e-03
8.454999999999999716e+01 -6.027420599000000122e-03
8.457500000000000284e+01 -6.063821389000000235e-03
8.459999999999999432e+01 -6.101304529000000157e-03
8.462500000000000000e+01 -6.127126311999999721e-03
8.465000000000000568e+01 -6.163736068000000116e-03
8.467499999999999716e+01 -6.186223583999999644e-03
8.470000000000000284e+01 -6.234813157999999876e-03
8.472499999999999432e+01 -6.291653743999999979e-03
8.475000000000000000e+01 -6.293577671999999769e-03
8.477500000000000568e+01 -6.358035498000000341e-03
8.479999999999999716e+01 -6.375837839999999763e-03
8.482500000000000284e+01 -6.434307525999999854e-03
8.484999999999999432e+01 -6.418302419000000356e-03
8.487500000000000000e+01 -6.480132670999999914e-03
8.490000000000000568e+01 -6.511275165999999733e-03
8.492499999999999716e+01 -6.578533055999999900e-03
8.495000000000000284e+01 -6.604050038999999608e-03
8.497499999999999432e+01 -6.639604642000000376e-03
8.500000000000000000e+01 -6.677353825000000194e-03
8.502500000000000568e+01 -6.723810083999999868e-03
8.504999999999999716e+01 -6.739834374999999905e-03
8.507500000000000284e+01 -6.782920026999999900e-03
8.509999999999999432e+01 -6.817794278999999603e-03
8.512500000000000000e+01 -6.856636372000000403e-03
8.515000000000000568e+01 -6.883227288000000159e-03
8.517499999999999716e+01 -6.930843806000000148e-03
8.520000000000000284e+01 -6.952566468999999728e-03
8.522499999999999432e+01 -7.012866694000000241e-03
8.525000000000000000e+01 -7.053747677000000299e-03
8.527500000000000568e+01 -7.095449103999999785e-03
8.529999999999999716e+01 -7.136618723000000102e-03
8.532500000000000284e+01 -7.128106783000000279e-03
8.534999999999999432e+01 -7.207031992999999963e-03
8.537500000000000000e+01 -7.244312067999999875e-03
8.540000000000000568e+01 -7.270353230000000180e-03
8.542499999999999716e+01 -7.313849225999999835e-03
8.545000000000000284e+01 -7.369086698999999761e-03
8.547499999999999432e+01 -7.395580332999999659e-03
8.550000000000000000e+01 -7.454697558000000085e-03
8.552500000000000568e+01 -7.473391295999999920e-03
8.554999999999999716e+01 -7.526406973000000257e-03
8.557500000000000284e+01 -7.587843026000000261e-03
8.559999999999999432e+01 -7.598351956000000233e-03
8.562500000000000000e+01 -7.651732159999999859e-03
8.565000000000000568e+01 -7.696945188000000292e-03
8.567499999999999716e+01 -7.747026425000000209e-03
8.570000000000000284e+01 -7.800486633999999773e-03
8.572499999999999432e+01 -7.840030472999999847e-03
8.575000000000000000e+01 -7.895600608000000187e-03
8.577500000000000568e+01 -7.944253339000000025e-03
8.579999999999999716e+01 -7.987570963000000315e-03
8.582500000000000284e+01 -8.017295981000000654e-03
8.584999999999999432e+01 -8.115493573999999974e-03
8.587500000000000000e+01 -8.074030560000000634e-03
8.590000000000000568e+01 -8.156590720999999308e-03
8.592499999999999716e+01 -8.177165079999999808e-03
8.595000000000000284e+01 -8.190054404000000551e-03
8.597499999999999432e+01 -8.270338135999999798e-03
8.600000000000000000e+01 -8.339589467999999547e-03
8.602500000000000568e+01 -8.367432660000000133e-03
8.604999999999999716e+01 -8.398539442000000840e-03
8.607500000000000284e+01 -8.481124036999999893e-03
8.609999999999999432e+01 -8.493092841999999934e-03
8.612500000000000000e+01 -8.541290623999999235e-03
8.615000000000000568e+01 -8.588258740000000169e-03
8.617499999999999716e+01 -8.656647556999999896e-03
8.620000000000000284e+01 -8.699741465000000729e-03
8.622499999999999432e+01 -8.765821942000000602e-03
8.625000000000000000e+01 -8.795209756999999157e-03
8.627500000000000568e+01 -8.869045927000000079e-03
8.629999999999999716e+01 -8.907374438000000005e-03
8.632500000000000284e+01 -8.936810074999999159e-03
8.634999999999999432e+01 -8.980455356000000347e-03
8.637500000000000000e+01 -9.046419018000000783e-03
8.640000000000000568e+01 -9.106503196999999813e-03
8.642499999999999716e+01 -9.182011379000000126e-03
8.645000000000000284e+01 -9.203801912000000862e-03
8.647499999999999432e+01 -9.277456764000000314e-03
8.650000000000000000e+01 -9.292009259999999340e-03
8.652500000000000568e+01 -9.372853069000000592e-03
8.654999999999999716e+01 -9.413429368999999894e-03
8.657500000000000284e+01 -9.439989383000000830e-03
8.659999999999999432e+01 -9.534984446000000641e-03
8.662500000000000000e+01 -9.560270738000000573e-03
8.665000000000000568e+01 -9.618514515999999556e-03
8.667499999999999716e+01 -9.710367855000000617e-03
8.670000000000000284e+01 -9.750866365999999799e-03
8.672499999999999432e+01 -9.832474189000000447e-03
8.675000000000000000e+01 -9.857707776000000643e-03
8.677500000000000568e+01 -9.899249246000000474e-03
8.679999999999999716e+01 -9.946322553000000455e-03
8.682500000000000284e+01 -1.002652212000000077e-02
8.684999999999999432e+01 -1.007538835999999965e-02
8.687500000000000000e+01 -1.009658675999999984e-02
8.690000000000000568e+01 -1.016310657999999929e-02
8.692499999999999716e+01 -1.026074218999999989e-02
8.695000000000000284e+01 -1.033197379999999978e-02
8.697499999999999432e+01 -1.033629913999999962e-02
8.700000000000000000e+01 -1.045746282999999999e-02
8.702500000000000568e+01 -1.049896393000000067e-02
8.704999999999999716e+01 -1.052302402000000053e-02
8.707500000000000284e+01 -1.059005040000000029e-02
8.709999999999999432e+01 -1.062253368999999982e-02
8.712500000000000000e+01 -1.073335224999999969e-02
8.715000000000000568e+01 -1.078391771000000027e-02
8.717499999999999716e+01 -1.086732579000000004e-02
8.720000000000000284e+01 -1.093395106000000054e-02
8.722499999999999432e+01 -1.099329463999999985e-02
8.725000000000000000e+01 -1.104458460999999982e-02
8.727500000000000568e+01 -1.110413967000000064e-02
8.729999999999999716e+01 -1.112676548000000008e-02
8.732500000000000284e+01 -1.121932441000000023e-02
8.734999999999999432e+01 -1.126686183999999966e-02
8.737500000000000000e+01 -1.134318582000000061e-02
8.740000000000000568e+01 -1.131960937999999979e-02
8.742499999999999716e+01 -1.146202391000000070e-02
8.745000000000000284e+01 -1.153359558999999916e-02
8.747499999999999432e+01 -1.160359740000000035e-02
8.750000000000000000e+01 -1.164558398999999966e-02
8.752500000000000568e+01 -1.173607588000000028e-02
8.754999999999999716e+01 -1.180024877000000055e-02
8.757500000000000284e+01 -1.190974440000000002e-02
8.759999999999999432e+01 -1.192725682000000086e-02
8.762500000000000000e+01 -1.198017562999999924e-02
8.765000000000000568e+01 -1.207211088000000043e-02
8.767499999999999716e+01 -1.212970795999999962e-02
8.770000000000000284e+01 -1.220917753000000036e-02
8.772499999999999432e+01 -1.229835353999999929e-02
8.775000000000000000e+01 -1.235128167000000034e-02
8.777500000000000568e+01 -1.241045932999999997e-02
8.779999999999999716e+01 -1.249759096999999985e-02
8.782500000000000284e+01 -1.253742312000000018e-02
8.784999999999999432e+01 -1.266841192000000074e-02
8.787500000000000000e+01 -1.269320458999999984e-02
8.790000000000000568e+01 -1.279372879999999928e-02
8.792499999999999716e+01 -1.285537265000000033e-02
8.795000000000000284e+01 -1.293464788999999955e-02
8.797499999999999432e+01 -1.299875519999999993e-02
8.800000000000000000e+01 -1.310682323000000003e-02
8.802500000000000568e+01 -1.315286838000000007e-02
8.804999999999999716e+01 -1.326630915999999979e-02
8.807500000000000284e+01 -1.336000617000000085e-02
8.809999999999999432e+01 -1.339565302000000034e-02
8.812500000000000000e+01 -1.343796889999999966e-02
8.815000000000000568e+01 -1.354789502000000069e-02
8.817499999999999716e+01 -1.360801470999999964e-02
8.820000000000000284e+01 -1.367058795999999930e-02
8.822499999999999432e+01 -1.379235776999999941e-02
8.825000000000000000e+01 -1.384928363000000051e-02
8.827500000000000568e+01 -1.393663772999999967e-02
8.829999999999999716e+01 -1.401185398999999984e-02
8.832500000000000284e+01 -1.409835729000000031e-02
8.834999999999999432e+01 -1.417257935000000059e-02
8.837500000000000000e+01 -1.428035157999999957e-02
8.840000000000000568e+01 -1.435337677999999964e-02
8.842499999999999716e+01 -1.441205324999999919e-02
8.845000000000000284e+01 -1.450441390000000060e-02
8.847499999999999432e+01 -1.457800977999999976e-02
8.850000000000000000e+01 -1.467862672999999986e-02
8.852500000000000568e+01 -1.479183708999999916e-02
8.854999999999999716e+01 -1.479309369999999915e-02
8.857500000000000284e+01 -1.496194955000000083e-02
8.859999999999999432e+01 -1.500550751999999918e-02
8.862500000000000000e+01 -1.514000754999999913e-02
8.865000000000000568e+01 -1.515005747999999958e-02
8.867499999999999716e+01 -1.527861181999999943e-02
8.870000000000000284e+01 -1.535106194999999972e-02
8.872499999999999432e+01 -1.540697920000000040e-02
8.875000000000000000e+01 -1.559012717999999978e-02
8.877500000000000568e+01 -1.562370993000000013e-02
8.879999999999999716e+01 -1.567104517000000169e-02
8.882500000000000284e+01 -1.580565381000000047e-02
8.884999999999999432e+01 -1.594233599000000057e-02
8.887500000000000000e+01 -1.598282826000000170e-02
8.890000000000000568e+01 -1.603493754999999951e-02
8.892499999999999716e+01 -1.619910089999999914e-02
8.895000000000000284e+01 -1.624751366000000072e-02
8.897499999999999432e+01 -1.634677266999999892e-02
8.900000000000000000e+01 -1.647149076999999961e-02
8.902500000000000568e+01 -1.651809208000000126e-02
8.904999999999999716e+01 -1.668266171999999853e-02
8.907500000000000284e+01 -1.676512688000000167e-02
8.909999999999999432e+01 -1.688322522999999992e-02
8.912500000000000000e+01 -1.692204325000000106e-02
8.915000000000000568e+01 -1.710320954000000074e-02
8.917499999999999716e+01 -1.715931635999999941e-02
8.920000000000000284e+01 -1.727160826999999885e-02
8.922499999999999432e+01 -1.732944667999999910e-02
8.925000000000000000e+01 -1.749450254999999899e-02
8.927500000000000568e+01 -1.755111880000000124e-02
8.929999999999999716e+01 -1.763681303000000020e-02
8.932500000000000284e+01 -1.777042141000000075e-02
8.934999999999999432e+01 -1.789564065999999995e-02
8.937500000000000000e+01 -1.800197530000000046e-02
8.940000000000000568e+01 -1.807868837999999923e-02
8.942499999999999716e+01 -1.816272631999999929e-02
8.945000000000000284e+01 -1.829798314000000148e-02
8.947499999999999432e+01 -1.839413330000000055e-02
8.950000000000000000e+01 -1.848844323999999928e-02
8.952500000000000568e+01 -1.868494248999999843e-02
8.954999999999999716e+01 -1.869425115000000054e-02
8.957500000000000284e+01 -1.885912815999999867e-02
8.959999999999999432e+01 -1.902218892999999952e-02
8.962500000000000000e+01 -1.904852590999999915e-02
8.965000000000000568e+01 -1.918180494000000166e-02
8.967499999999999716e+01 -1.929254656999999928e-02
8.970000000000000284e+01 -1.938410989000000084e-02
8.972499999999999432e+01 -1.955620715000000107e-02
8.975000000000000000e+01 -1.964597581000000065e-02
8.977500000000000568e+01 -1.980624828000000087e-02
8.979999999999999716e+01 -1.985131574000000010e-02
8.982500000000000284e+01 -1.999435999999999922e-02
8.984999999999999432e+01 -2.014022168000000057e-02
8.987500000000000000e+01 -2.021393819999999994e-02
8.990000000000000568e+01 -2.036978948000000081e-02
8.992499999999999716e+01 -2.047201774000000085e-02
8.995000000000000284e+01 -2.057044439000000127e-02
8.997499999999999432e+01 -2.064096414999999976e-02
9.000000000000000000e+01 -2.079085294000000000e-02
9.002500000000000568e+01 -2.097794877999999835e-02
9.004999999999999716e+01 -2.106946461000000145e-02
9.007500000000000284e+01 -2.121998848000000021e-02
9.009999999999999432e+01 -2.130860286000000117e-02
9.012500000000000000e+01 -2.147579030999999944e-02
9.015000000000000568e+01 -2.161261503000000070e-02
9.017499999999999716e+01 -2.168427381000000154e-02
9.020000000000000284e+01 -2.183207486000000169e-02
9.022499999999999432e+01 -2.199982114000000044e-02
9.025000000000000000e+01 -2.215272961999999873e-02
9.027500000000000568e+01 -2.224792115999999972e-02
9.029999999999999716e+01 -2.238564579999999943e-02
9.032500000000000284e+01 -2.257967359999999910e-02
9.034999999999999432e+01 -2.263695099000000155e-02
9.037500000000000000e+01 -2.273495349000000110e-02
9.040000000000000568e+01 -2.286291953000000113e-02
9.042499999999999716e+01 -2.300287068999999976e-02
9.045000000000000284e+01 -2.319952612000000108e-02
9.047499999999999432e+01 -2.329451734000000107e-02
9.050000000000000000e+01 -2.348131150999999833e-02
9.052500000000000568e+01 -2.361397366999999983e-02
9.054999999999999716e+01 -2.370107726000000165e-02
9.057500000000000284e+01 -2.385988345000000094e-02
9.059999999999999432e+01 -2.396947167999999989e-02
9.062500000000000000e+01 -2.417920915999999948e-02
9.065000000000000568e+01 -2.435043333000000074e-02
9.067499999999999716e+01 -2.443096021999999895e-02
9.070000000000000284e+01 -2.456411073999999889e-02
9.072499999999999432e+01 -2.476097568999999915e-02
9.075000000000000000e+01 -2.497592187000000075e-02
9.077500000000000568e+01 -2.504655641000000030e-02
9.079999999999999716e+01 -2.518855472999999984e-02
9.082500000000000284e+01 -2.536428425000000070e-02
9.084999999999999432e+01 -2.542873270999999880e-02
9.087500000000000000e+01 -2.566037399999999968e-02
9.090000000000000568e+01 -2.581696433000000082e-02
9.092499999999999716e+01 -2.599208717000000071e-02
9.095000000000000284e+01 -2.612754821000000047e-02
9.097499999999999432e+01 -2.632252787000000094e-02
9.100000000000000000e+01 -2.652136507000000046e-02
9.102500000000000568e+01 -2.665030150000000098e-02
9.104999999999999716e+01 -2.672152596999999991e-02
9.107500000000000284e+01 -2.694431230999999941e-02
9.109999999999999432e+01 -2.715648862999999955e-02
9.112500000000000000e+01 -2.723523603999999931e-02
9.115000000000000568e+01 -2.747142676000000061e-02
9.117499999999999716e+01 -2.757196320000000062e-02
9.120000000000000284e+01 -2.771438291999999901e-02
9.122499999999999432e+01 -2.791358383999999887e-02
9.125000000000000000e+01 -2.811452181000000106e-02
9.127500000000000568e+01 -2.821594259999999840e-02
9.129999999999999716e+01 -2.840402646999999961e-02
9.132500000000000284e+01 -2.868315406000000040e-02
9.134999999999999432e+01 -2.884349236000000039e-02
9.137500000000000000e+01 -2.899873231000000065e-02
9.140000000000000568e+01 -2.920182242999999969e-02
9.142499999999999716e+01 -2.938191157999999956e-02
9.145000000000000284e+01 -2.956305722999999844e-02
9.147499999999999432e+01 -2.972010531999999886e-02
9.150000000000000000e+01 -2.991110723000000096e-02
9.152500000000000568e+01 -3.006292871999999977e-02
9.154999999999999716e+01 -3.020764822999999835e-02
9.157500000000000284e+01 -3.044146348000000002e-02
9.159999999999999432e+01 -3.064017586000000043e-02
9.162500000000000000e+01 -3.080709301000000150e-02
9.165000000000000568e+01 -3.095905834000000148e-02
9.167499999999999716e+01 -3.118814015000000162e-02
9.170000000000000284e+01 -3.138148031000000115e-02
9.172499999999999432e+01 -3.163471072000000051e-02
9.175000000000000000e+01 -3.176281085000000337e-02
9.177500000000000568e+01 -3.195170952000000314e-02
9.179999999999999716e+01 -3.223888803000000275e-02
9.182500000000000284e+01 -3.226182892999999996e-02
9.184999999999999432e+01 -3.255824597999999737e-02
9.187500000000000000e+01 -3.275556998999999692e-02
9.190000000000000568e+01 -3.298019718999999766e-02
9.192499999999999716e+01 -3.318817195999999858e-02
9.195000000000000284e+01 -3.341507893000000146e-02
9.197499999999999432e+01 -3.365875446000000243e-02
9.200000000000000000e+01 -3.380623384999999897e-02
9.202500000000000568e+01 -3.402915816999999704e-02
9.204999999999999716e+01 -3.424856603999999749e-02
9.207500000000000284e+01 -3.448573156999999723e-02
9.209999999999999432e+01 -3.470390680000000339e-02
9.212500000000000000e+01 -3.483952620999999916e-02
9.215000000000000568e+01 -3.505415001000000003e-02
9.217499999999999716e+01 -3.528086401000000288e-02
9.220000000000000284e+01 -3.549766432999999777e-02
9.222499999999999432e+01 -3.573929894999999801e-02
9.225000000000000000e+01 -3.595841609000000050e-02
9.227500000000000568e+01 -3.608603661999999768e-02
9.229999999999999716e+01 -3.641815760000000068e-02
9.232500000000000284e+01 -3.677037057000000220e-02
9.234999999999999432e+01 -3.686155338000000198e-02
9.237500000000000000e+01 -3.716518939999999965e-02
9.240000000000000568e+01 -3.730531447999999722e-02
9.242499999999999716e+01 -3.757758368999999932e-02
9.245000000000000284e+01 -3.785830169999999939e-02
9.247499999999999432e+01 -3.802301203999999824e-02
9.250000000000000000e+01 -3.833527778000000302e-02
9.252500000000000568e+01 -3.850500490000000053e-02
9.254999999999999716e+01 -3.885507071000000173e-02
9.257500000000000284e+01 -3.897820678999999733e-02
9.259999999999999432e+01 -3.926171495999999927e-02
9.262500000000000000e+01 -3.946020243000000066e-02
9.265000000000000568e+01 -3.977524892999999978e-02
9.267499999999999716e+01 -3.997682511999999661e-02
9.270000000000000284e+01 -4.036806845000000254e-02
9.272499999999999432e+01 -4.063128383000000343e-02
9.275000000000000000e+01 -4.075200612000000333e-02
9.277500000000000568e+01 -4.109503864999999867e-02
9.279999999999999716e+01 -4.142706282999999989e-02
9.282500000000000284e+01 -4.170379517000000202e-02
9.284999999999999432e+01 -4.190853307999999749e-02
9.287500000000000000e+01 -4.208731827000000009e-02
9.290000000000000568e+01 -4.236240594000000026e-02
9.292499999999999716e+01 -4.267372096000000142e-02
9.295000000000000284e+01 -4.298745148000000099e-02
9.297499999999999432e+01 -4.328838860999999899e-02
9.300000000000000000e+01 -4.343847742000000317e-02
9.302500000000000568e+01 -4.390019963999999830e-02
9.304999999999999716e+01 -4.408068049000000294e-02
9.307500000000000284e+01 -4.438915535000000079e-02
9.309999999999999432e+01 -4.465913619999999778e-02
9.312500000000000000e+01 -4.491634960000000232e-02
9.315000000000000568e+01 -4.530375156000000098e-02
9.317499999999999716e+01 -4.542303209000000258e-02
9.320000000000000284e+01 -4.584731504999999679e-02
9.322499999999999432e+01 -4.613460567000000206e-02
9.325000000000000000e+01 -4.635145655000000309e-02
9.327500000000000568e+01 -4.670871730000000083e-02
9.329999999999999716e+01 -4.705718499000000055e-02
9.332500000000000284e+01 -4.741567690000000196e-02
9.334999999999999432e+01 -4.770223724000000054e-02
9.337500000000000000e+01 -4.789235249999999888e-02
9.340000000000000568e+01 -4.833411869999999777e-02
9.342499999999999716e+01 -4.851058099999999706e-02
9.345000000000000284e+01 -4.895128021999999718e-02
9.347499999999999432e+01 -4.913179882000000276e-02
9.350000000000000000e+01 -4.953570983000000344e-02
9.352500000000000568e+01 -4.991130392999999776e-02
9.354999999999999716e+01 -5.017591343000000342e-02
9.357500000000000284e+01 -5.057792533000000229e-02
9.359999999999999432e+01 -5.082566136999999706e-02
9.362500000000000000e+01 -5.118078501000000030e-02
9.365000000000000568e+01 -5.147573110999999896e-02
9.367499999999999716e+01 -5.177757370000000275e-02
9.370000000000000284e+01 -5.227924451000000305e-02
9.372499999999999432e+01 -5.265840735999999939e-02
9.375000000000000000e+01 -5.277737244999999855e-02
9.377500000000000568e+01 -5.327281827000000108e-02
9.379999999999999716e+01 -5.362438205000000235e-02
9.382500000000000284e+01 -5.396065654999999961e-02
9.384999999999999432e+01 -5.445712850000000022e-02
9.387500000000000000e+01 -5.475096829000000026e-02
9.390000000000000568e+01 -5.510964790000000280e-02
9.392499999999999716e+01 -5.537488128000000315e-02
9.395000000000000284e+01 -5.572784389000000338e-02
9.397499999999999432e+01 -5.619110589000000239e-02
9.400000000000000000e+01 -5.656922665999999933e-02
9.402500000000000568e+01 -5.706985090000000344e-02
9.404999999999999716e+01 -5.738823381000000140e-02
9.407500000000000284e+01 -5.774060857999999824e-02
9.409999999999999432e+01 -5.830749429999999844e-02
9.412500000000000000e+01 -5.843057608999999847e-02
9.415000000000000568e+01 -5.895664592000000176e-02
9.417499999999999716e+01 -5.934912048999999717e-02
9.420000000000000284e+01 -5.952443087999999966e-02
9.422499999999999432e+01 -6.010902894999999718e-02
9.425000000000000000e+01 -6.045688316000000229e-02
9.427500000000000568e+01 -6.101334340999999689e-02
9.429999999999999716e+01 -6.133290107000000102e-02
9.432500000000000284e+01 -6.173481202000000168e-02
9.434999999999999432e+01 -6.228569785000000192e-02
9.437500000000000000e+01 -6.251777253000000145e-02
9.440000000000000568e+01 -6.300459769999999793e-02
9.442499999999999716e+01 -6.346885794999999886e-02
9.445000000000000284e+01 -6.398185355999999602e-02
9.447499999999999432e+01 -6.431984539000000500e-02
9.450000000000000000e+01 -6.478770047000000087e-02
9.452500000000000568e+01 -6.527543895000000040e-02
9.454999999999999716e+01 -6.568977823999999632e-02
9.457500000000000284e+01 -6.611688269000000340e-02
9.459999999999999432e+01 -6.665365369999999567e-02
9.462500000000000000e+01 -6.717319058000000009e-02
9.465000000000000568e+01 -6.760684921000000014e-02
9.467499999999999716e+01 -6.798062699000000098e-02
9.470000000000000284e+01 -6.842309441999999686e-02
9.472499999999999432e+01 -6.894907596999999555e-02
9.475000000000000000e+01 -6.939719601999999599e-02
9.477500000000000568e+01 -6.991965189000000358e-02
9.479999999999999716e+01 -7.027330241000000199e-02
9.482500000000000284e+01 -7.096365619000000180e-02
9.484999999999999432e+01 -7.123361557000000566e-02
9.487500000000000000e+01 -7.190884840000000278e-02
9.490000000000000568e+01 -7.236292677000000229e-02
9.492499999999999716e+01 -7.306846481999999809e-02
9.495000000000000284e+01 -7.344613010999999358e-02
9.497499999999999432e+01 -7.375034959000000001e-02
9.500000000000000000e+01 -7.435966071999999816e-02
9.502500000000000568e+01 -7.491262649999999579e-02
9.504999999999999716e+01 -7.557747012000000375e-02
9.507500000000000284e+01 -7.603725978000000496e-02
9.509999999999999432e+01 -7.654571065000000119e-02
9.512500000000000000e+01 -7.729224059000000535e-02
9.515000000000000568e+01 -7.765077978999999908e-02
9.517499999999999716e+01 -7.828634816000000496e-02
9.520000000000000284e+01 -7.893046696000000084e-02
9.522499999999999432e+01 -7.939585881999999817e-02
9.525000000000000000e+01 -7.993959267000000368e-02
9.527500000000000568e+01 -8.051974087999999585e-02
9.529999999999999716e+01 -8.123448954999999694e-02
9.532500000000000284e+01 -8.180575083999999664e-02
9.534999999999999432e+01 -8.257140685000000091e-02
9.537500000000000000e+01 -8.301691536999999954e-02
9.540000000000000568e+01 -8.345669544000000606e-02
9.542499999999999716e+01 -8.392576457000000545e-02
9.545000000000000284e+01 -8.476010498000000060e-02
9.547499999999999432e+01 -8.530918456000000094e-02
9.550000000000000000e+01 -8.612106184999999969e-02
9.552500000000000568e+01 -8.669725272999999344e-02
9.554999999999999716e+01 -8.717739774999999636e-02
9.557500000000000284e+01 -8.794881822000000238e-02
9.559999999999999432e+01 -8.860919935000000081e-02
9.562500000000000000e+01 -8.912530496999999940e-02
9.565000000000000568e+01 -8.997491174999999730e-02
9.567499999999999716e+01 -9.068608630999999698e-02
9.570000000000000284e+01 -9.136955718000000504e-02
9.572499999999999432e+01 -9.187009162999999756e-02
9.575000000000000000e+01 -9.260648605000000588e-02
9.577500000000000568e+01 -9.319289216999999959e-02
9.579999999999999716e+01 -9.394670866000000287e-02
9.582500000000000284e+01 -9.474390700000000221e-02
9.584999999999999432e+01 -9.552837068000000209e-02
9.587500000000000000e+01 -9.622402440999999751e-02
9.590000000000000568e+01 -9.679722913999999623e-02
9.592499999999999716e+01 -9.750955500999999859e-02
9.595000000000000284e+01 -9.853588856000000673e-02
9.597499999999999432e+01 -9.897834209000000438e-02
9.600000000000000000e+01 -9.974639627999999647e-02
9.602500000000000568e+01 -1.005865110999999978e-01
9.604999999999999716e+01 -1.015284590999999959e-01
9.607500000000000284e+01 -1.021332875999999973e-01
9.609999999999999432e+01 -1.030663212999999995e-01
9.612500000000000000e+01 -1.037364774999999933e-01
9.615000000000000568e+01 -1.044784396999999948e-01
9.617499999999999716e+01 -1.052948078999999953e-01
9.620000000000000284e+01 -1.061093231999999942e-01
9.622499999999999432e+01 -1.070578570000000063e-01
9.625000000000000000e+01 -1.078857195000000047e-01
9.627500000000000568e+01 -1.087719084000000058e-01
9.629999999999999716e+01 -1.096965408000000058e-01
9.632500000000000284e+01 -1.106104390999999992e-01
9.634999999999999432e+01 -1.112250649000000036e-01
9.637500000000000000e+01 -1.120966880999999943e-01
9.640000000000000568e+01 -1.129224273000000028e-01
9.642499999999999716e+01 -1.140121449000000009e-01
9.645000000000000284e+01 -1.149977303000000034e-01
9.647499999999999432e+01 -1.156159793000000047e-01
9.650000000000000000e+01 -1.168608582999999951e-01
9.652500000000000568e+01 -1.175753127000000037e-01
9.654999999999999716e+01 -1.183492849000000041e-01
9.657500000000000284e+01 -1.194213122999999988e-01
9.659999999999999432e+01 -1.207292051000000005e-01
9.662500000000000000e+01 -1.217097803000000006e-01
9.665000000000000568e+01 -1.224156592999999932e-01
9.667499999999999716e+01 -1.233607379000000032e-01
9.670000000000000284e+01 -1.244697352999999951e-01
9.672499999999999432e+01 -1.254781735999999925e-01
9.675000000000000000e+01 -1.264007802999999874e-01
9.677500000000000568e+01 -1.275362925999999897e-01
9.679999999999999716e+01 -1.283211431999999874e-01
9.682500000000000284e+01 -1.296031008999999901e-01
9.684999999999999432e+01 -1.305209995999999928e-01
9.687500000000000000e+01 -1.317499262000000060e-01
9.690000000000000568e+01 -1.330597417000000116e-01
9.692499999999999716e+01 -1.339285746999999971e-01
9.695000000000000284e+01 -1.350451739999999901e-01
9.697499999999999432e+01 -1.362702038999999976e-01
9.700000000000000000e+01 -1.377337499999999881e-01
9.702500000000000568e+01 -1.384583852000000059e-01
9.704999999999999716e+01 -1.396841564000000091e-01
9.707500000000000284e+01 -1.411529209000000062e-01
9.709999999999999432e+01 -1.418864585999999872e-01
9.712500000000000000e+01 -1.432866043999999894e-01
9.715000000000000568e+01 -1.443915612999999987e-01
9.717499999999999716e+01 -1.458296749999999919e-01
9.720000000000000284e+01 -1.469673814000000134e-01
9.722499999999999432e+01 -1.482138511999999964e-01
9.725000000000000000e+01 -1.498048838000000105e-01
9.727500000000000568e+01 -1.509658640000000052e-01
9.729999999999999716e+01 -1.523027923999999977e-01
9.732500000000000284e+01 -1.538033238000000025e-01
9.734999999999999432e+01 -1.550197486000000069e-01
9.737500000000000000e+01 -1.563366475999999894e-01
9.740000000000000568e+01 -1.573630463000000035e-01
9.742499999999999716e+01 -1.588401067000000111e-01
9.745000000000000284e+01 -1.605597058999999882e-01
9.747499999999999432e+01 -1.616442946999999963e-01
9.750000000000000000e+01 -1.633312611999999941e-01
9.752500000000000568e+01 -1.647085490999999902e-01
9.754999999999999716e+01 -1.660479169000000088e-01
9.757500000000000284e+01 -1.678047007000000035e-01
9.759999999999999432e+01 -1.690765243000000029e-01
9.762500000000000000e+01 -1.710561419999999944e-01
9.765000000000000568e+01 -1.722820217999999903e-01
9.767499999999999716e+01 -1.740447313000000051e-01
9.770000000000000284e+01 -1.756182464999999915e-01
9.772499999999999432e+01 -1.773782972999999874e-01
9.775000000000000000e+01 -1.787294044999999942e-01
9.777500000000000568e+01 -1.803793455000000101e-01
9.779999999999999716e+01 -1.819010651999999895e-01
9.782500000000000284e+01 -1.838725598000000017e-01
9.784999999999999432e+01 -1.857606958999999947e-01
9.787500000000000000e+01 -1.873179335000000056e-01
9.790000000000000568e+01 -1.890680607999999929e-01
9.792499999999999716e+01 -1.910191148000000005e-01
9.795000000000000284e+01 -1.925237660999999934e-01
9.797499999999999432e+01 -1.946739775999999922e-01
9.800000000000000000e+01 -1.965379268000000124e-01
9.802500000000000568e+01 -1.983874149000000031e-01
9.804999999999999716e+01 -2.003544878000000085e-01
9.807500000000000284e+01 -2.020669475999999909e-01
9.809999999999999432e+01 -2.041062496999999920e-01
9.812500000000000000e+01 -2.061365799000000054e-01
9.815000000000000568e+01 -2.080631960999999863e-01
9.817499999999999716e+01 -2.100766260999999968e-01
9.820000000000000284e+01 -2.125037254999999903e-01
9.822499999999999432e+01 -2.143280023999999950e-01
9.825000000000000000e+01 -2.163926788999999962e-01
9.827500000000000568e+01 -2.186378948999999905e-01
9.829999999999999716e+01 -2.210654425999999950e-01
9.832500000000000284e+01 -2.232169039999999938e-01
9.834999999999999432e+01 -2.257263321000000100e-01
9.837500000000000000e+01 -2.278924696999999888e-01
9.840000000000000568e+01 -2.303023882000000133e-01
9.842499999999999716e+01 -2.324292728000000030e-01
9.845000000000000284e+01 -2.347693328000000079e-01
9.847499999999999432e+01 -2.375230530000000118e-01
9.850000000000000000e+01 -2.399847451000000076e-01
9.852500000000000568e+01 -2.423053608000000081e-01
9.854999999999999716e+01 -2.450730586000000044e-01
9.857500000000000284e+01 -2.475428403999999916e-01
9.859999999999999432e+01 -2.501908729999999803e-01
9.862500000000000000e+01 -2.528545179000000198e-01
9.865000000000000568e+01 -2.557580253999999775e-01
9.867499999999999716e+01 -2.582262791000000113e-01
9.870000000000000284e+01 -2.607708297999999925e-01
9.872499999999999432e+01 -2.640651298000000202e-01
9.875000000000000000e+01 -2.668214869000000156e-01
9.877500000000000568e+01 -2.697512981999999893e-01
9.879999999999999716e+01 -2.729526572000000040e-01
9.882500000000000284e+01 -2.757547696000000048e-01
9.884999999999999432e+01 -2.791244735999999782e-01
9.887500000000000000e+01 -2.817926765000000056e-01
9.890000000000000568e+01 -2.853389780000000209e-01
9.892499999999999716e+01 -2.881904487999999986e-01
9.895000000000000284e+01 -2.915164706000000217e-01
9.897499999999999432e+01 -2.951976685000000100e-01
9.900000000000000000e+01 -2.979849297000000119e-01
9.902500000000000568e+01 -3.020097153999999895e-01
9.904999999999999716e+01 -3.052303424999999737e-01
9.907500000000000284e+01 -3.089673914000000132e-01
9.909999999999999432e+01 -3.127351423999999991e-01
9.912500000000000000e+01 -3.163127859000000042e-01
9.915000000000000568e+01 -3.200110661000000190e-01
9.917499999999999716e+01 -3.236015684999999920e-01
9.920000000000000284e+01 -3.278541985999999797e-01
9.922499999999999432e+01 -3.317167153000000202e-01
9.925000000000000000e+01 -3.356893268999999735e-01
9.927500000000000568e+01 -3.397602593999999865e-01
9.929999999999999716e+01 -3.441856464999999976e-01
9.932500000000000284e+01 -3.480252066999999783e-01
9.934999999999999432e+01 -3.524231178000000186e-01
9.937500000000000000e+01 -3.571060716000000190e-01
9.940000000000000568e+01 -3.614750891999999882e-01
9.942499999999999716e+01 -3.661247857000000105e-01
9.945000000000000284e+01 -3.711016932000000268e-01
9.947499999999999432e+01 -3.755969216000000221e-01
9.950000000000000000e+01 -3.803024202999999992e-01
9.952500000000000568e+01 -3.852086082999999772e-01
9.954999999999999716e+01 -3.903706000000000120e-01
9.957500000000000284e+01 -3.955298419000000121e-01
9.959999999999999432e+01 -4.007823790000000219e-01
9.962500000000000000e+01 -4.062760971000000110e-01
9.965000000000000568e+01 -4.116342161000000055e-01
9.967499999999999716e+01 -4.168550282999999856e-01
9.970000000000000284e+01 -4.225963108999999940e-01
9.972499999999999432e+01 -4.280612093000000229e-01
9.975000000000000000e+01 -4.341227874999999958e-01
9.977500000000000568e+01 -4.401043228000000029e-01
9.979999999999999716e+01 -4.464806335000000015e-01
9.982500000000000284e+01 -4.526919812999999904e-01
9.984999999999999432e+01 -4.590051855999999764e-01
9.987500000000000000e+01 -4.655118616999999737e-01
9.990000000000000568e+01 -4.722485908999999871e-01
9.992499999999999716e+01 -4.790665104999999868e-01
9.995000000000000284e+01 -4.860423329999999931e-01
9.997499999999999432e+01 -4.930208125000000163e-01
1.000000000000000000e+02 -5.000019489999999456e-01
