{"bd":[1,1,2,4,8,16,29,37,57,51,70,59,70,66,70,70,70,70,70,70,70,70,70,70,70,70,70,70,70,70,70,70,70,70,70,70,70,70,70,70,70,70,70,70,70,70,70,70,70,70,70,70,70,70,70,70,70,70,70,70,70,70,70,70,70,70,70,70,70,70,70,70,70,70,70,70,70,70,70,70,70,70,70,70,70,70,70,70,70,70,70,70,70,70,70,70,70,70,70,70,70,70,70,70,70,70,70,70,70,70,70,70,70,70,70,70,70,70,70,70,70,70,70,70,70,70,70,70,70,70,70,70,70,70,70,70,70,70,70,70,70,70,70,70,70,70,70,70,70,70,70,70,70,70,70,70,70,70,70,70,70,70,70,70,70,70,70,70,70,70,70,70,70,70,70,70,70,70,70,70,70,70,70,70,70,70,70,70,70,70,70,70,70,70,70,70,70,70,70,70,70,70,70,70,70,70,70,70,70,70,70,70,70,70,70,70,70,70,70,70,70,70,70,70,70,70,70,70,70,70,70,70,70,70,70,70,70,70,70,70,70,70,70,70,70,70,70,70,70,70,70,70,70,70,70,70,70,70,70,70,70,70,70,70,70,70,70,70,70,70,70,70,70,70,70,70,70,70,70,70,70,70,70,70,70,70,70,70,70,70,70,70,70,70,70,70,70,70,70,70,70,70,70,70,70,70,70,70,70,70,70,70,70,70,70,70,70,70,70,70,70,70,70,70,70,70,70,70,70,70,70,70,70,70,70,70,70,70,70,70,70,70,70,70,70,70,70,70,70,70,70,70,70,70,70,70,70,70,70,70,70,70,70,70,70,70,70,70,70,70,70,70,70,70,70,70,70,70,70,70,70,70,70,70,70,70,70,68,70,59,70,55,70,49,55,36,28,15,8,4,2,1,1,1],"gf":[0.1827509311471834,0.17643514320411105,0.17045844580039904,0.16479983669923914,0.15943974718067158,0.15435993826124111,0.1495434046534784,0.14497428618798663,0.14063778574139896,0.13652009337787507,0.13260831574574353,0.1288904113744476,0.12535513020935354,0.12199195791178645,0.11879106428605783,0.1157432466605871,0.11283989824130762,0.11007296452729959,0.10743490355289757,0.10491864695734836,0.10251757643927742,0.10022548378272622,0.09803654724397419,0.09594530216464162,0.09394661935361068,0.09203568333700622,0.0902079684292982,0.08845921826696826,0.08678542973750508,0.085182835674067,0.08364789040128506,0.08217725411715826,0.08076777723923301,0.07941648769374848,0.07812058480352932,0.07687742198353595,0.07568449912581975,0.07453945089435147,0.07344003882727314,0.07238414344094404,0.071369756050454,0.07039497316750352,0.06945799198905381,0.06855710645226055,0.0676907934057824,0.06685831590243663,0.06606002812522874,0.06529451912790923,0.06455969068790593,0.06385407838730918,0.06317646235899092,0.06252588425805795,0.061901348982315134,0.06130194644709666,0.060726791231063997,0.0601750454142485,0.05964593882174194,0.059138753755581065,0.05865280398468802,0.05818744454976458,0.057742068844368985,0.057316095958830755,0.05690897968620013,0.056520201496812986,0.0561492787795779,0.05579575285810203,0.05545918870945287,0.05513917366695975,0.05483532453633183,0.054547277421398796,0.05427469205752064,0.0540172693816121,0.053774710617731085,0.053546919355542975,0.053333478401471054,0.053134138753626055,0.05294867572106728,0.052776874268045525,0.05261855821952955,0.05247377348287766,0.052342165181552415,0.05222359717384995,0.05211794908069763,0.05202510916918533,0.05194497781399832,0.051877474393647385,0.051822523333460054,0.05178008590925409,0.05175005649457195,0.05173269898790698,0.05172802532636631,0.05173604604328896,0.051756823827543104,0.05179039616273514,0.051836838104256995,0.05189626224739929,0.05196875448115238,0.05205446168655866,0.05215350315979517,0.052266040456952545,0.05239227437059003,0.05253237946676686,0.052686574231028474,0.05285512024782094,0.053038252410549096,0.05323625446582292,0.053449453392336685,0.05367815687145301,0.053922721557173085,0.0541835522095978,0.05446103546940945,0.05475559707298979,0.055067490362559035,0.055397167171237674,0.05574515098946565,0.05611196319946139,0.05649819909229812,0.05690447457373233,0.057331405458666086,0.05777972353820216,0.05825017899641233,0.05874308386855508,0.05925968712686551,0.05980087212295968,0.060367589678827736,0.06096085346891931,0.06158206726514175,0.0622321131337038,0.06291222967598148,0.0636237393940314,0.06436802913895019,0.06514671351847048,0.06596131944594731,0.06681354604738694,0.06770515911666669,0.06863822096889853,0.06961466627881376,0.07063689269086514,0.07170719757010807,0.07282813976928593,0.0740024449579149,0.07523304034918307,0.0765230633715172,0.07787588104817014,0.07929510543914403,0.08078460963643191,0.08234855714441429,0.0839914210341202,0.08571801122878815,0.0875334967881885,0.08944344414956419,0.09145384404794932,0.0935711492631654,0.09580230987180642,0.0981548211130224,0.10063677502874302,0.10325689420409985,0.10602459446820764,0.10895004576404105,0.11204423789022526,0.11531904898146833,0.11878731873690836,0.12246294299720475,0.12636095361111385,0.13049764445561798,0.13489064814675128,0.13955906960685685,0.1445236174608712,0.14980668875477143,0.15543272615972006,0.16142816751944217,0.16782170467368326,0.17464449599870102,0.18193039022985585,0.18971616480673578,0.1980417956658969,0.20695073820426635,0.21649027195692513,0.2267118327875954,0.23767140117225016,0.24942991883562957,0.26205374066395404,0.27561514391064373,0.2901928681102423,0.3058727317652215,0.32274825682555314,0.3409214091649449,0.36050341860629065,0.3816155385190807,0.4043901955587419,0.42897184104036323,0.4555181796018216,0.48420136946434783,0.5152094178190169,0.5487476955443775,0.5850405672161787,0.6243331978098617,0.6668935339856198,0.7130144750108995,0.7630162573005318,0.8172490688528166],"ts":[0.0,0.05,0.1,0.15000000000000002,0.2,0.25,0.30000000000000004,0.35000000000000003,0.4,0.45,0.5,0.55,0.6000000000000001,0.65,0.7000000000000001,0.75,0.8,0.8500000000000001,0.9,0.9500000000000001,1.0,1.05,1.1,1.1500000000000001,1.2000000000000002,1.25,1.3,1.35,1.4000000000000001,1.4500000000000002,1.5,1.55,1.6,1.6500000000000001,1.7000000000000002,1.75,1.8,1.85,1.9000000000000001,1.9500000000000002,2.0,2.0500000000000003,2.1,2.15,2.2,2.25,2.3000000000000003,2.35,2.4000000000000004,2.45,2.5,2.5500000000000003,2.6,2.6500000000000004,2.7,2.75,2.8000000000000003,2.85,2.9000000000000004,2.95,3.0,3.0500000000000003,3.1,3.1500000000000004,3.2,3.25,3.3000000000000003,3.35,3.4000000000000004,3.45,3.5,3.5500000000000003,3.6,3.6500000000000004,3.7,3.75,3.8000000000000003,3.85,3.9000000000000004,3.95,4.0,4.05,4.1000000000000005,4.15,4.2,4.25,4.3,4.3500000000000005,4.4,4.45,4.5,4.55,4.6000000000000005,4.65,4.7,4.75,4.800000000000001,4.8500000000000005,4.9,4.95,5.0,5.050000000000001,5.1000000000000005,5.15,5.2,5.25,5.300000000000001,5.3500000000000005,5.4,5.45,5.5,5.550000000000001,5.6000000000000005,5.65,5.7,5.75,5.800000000000001,5.8500000000000005,5.9,5.95,6.0,6.050000000000001,6.1000000000000005,6.15,6.2,6.25,6.300000000000001,6.3500000000000005,6.4,6.45,6.5,6.550000000000001,6.6000000000000005,6.65,6.7,6.75,6.800000000000001,6.8500000000000005,6.9,6.95,7.0,7.050000000000001,7.1000000000000005,7.15,7.2,7.25,7.300000000000001,7.3500000000000005,7.4,7.45,7.5,7.550000000000001,7.6000000000000005,7.65,7.7,7.75,7.800000000000001,7.8500000000000005,7.9,7.95,8.0,8.05,8.1,8.15,8.200000000000001,8.25,8.3,8.35,8.4,8.450000000000001,8.5,8.55,8.6,8.65,8.700000000000001,8.75,8.8,8.85,8.9,8.950000000000001,9.0,9.05,9.1,9.15,9.200000000000001,9.25,9.3,9.35,9.4,9.450000000000001,9.5,9.55,9.600000000000001,9.65,9.700000000000001,9.75,9.8,9.850000000000001,9.9,9.950000000000001,10.0]}