{"bd":[1,1,2,4,8,16,29,37,57,52,80,64,94,70,100,84,100,95,100,100,100,100,100,100,100,100,100,100,100,100,100,100,100,100,100,100,100,100,100,100,100,100,100,100,100,100,100,100,100,100,100,100,100,100,100,100,100,100,100,100,100,100,100,100,100,100,100,100,100,100,100,100,100,100,100,100,100,100,100,100,100,100,100,100,100,100,100,100,100,100,100,100,100,100,100,100,100,100,100,100,100,100,100,100,100,100,100,100,100,100,100,100,100,100,100,100,100,100,100,100,100,100,100,100,100,100,100,100,100,100,100,100,100,100,100,100,100,100,100,100,100,100,100,100,100,100,100,100,100,100,100,100,100,100,100,100,100,100,100,100,100,100,100,100,100,100,100,100,100,100,100,100,100,100,100,100,100,100,100,100,100,100,100,100,100,100,100,100,100,100,100,100,100,100,100,100,100,100,100,100,100,100,100,100,100,100,100,100,100,100,100,100,100,100,100,100,100,100,100,100,100,100,100,100,100,100,100,100,100,100,100,100,100,100,100,100,100,100,100,100,100,100,100,100,100,100,100,100,100,100,100,100,100,100,100,100,100,100,100,100,100,100,100,100,100,100,100,100,100,100,100,100,100,100,100,100,100,100,100,100,100,100,100,100,100,100,100,100,100,100,100,100,100,100,100,100,100,100,100,100,100,100,100,100,100,100,100,100,100,100,100,100,100,100,100,100,100,100,100,100,100,100,100,100,100,100,100,100,100,100,100,100,100,100,100,100,100,100,100,100,100,100,100,100,100,100,100,100,100,100,100,100,100,100,100,100,100,100,100,100,100,100,100,100,100,100,100,100,100,100,100,100,100,100,100,98,100,93,100,86,100,82,100,84,100,79,100,71,89,61,83,57,73,51,55,36,28,15,8,4,2,1,1,1],"gf":[0.1833277993989305,0.1769339520841165,0.17088368619768002,0.16515569201460273,0.15973011551582353,0.15458845279909747,0.14971345271163303,0.14508902691356285,0.1407001665252823,0.1365328649461243,0.132574046552445,0.128811500487371,0.1252338146823583,0.12183033184895731,0.11859108869867072,0.1155067676167271,0.11256865265083785,0.10976858791911326,0.10709893908510715,0.10455255814319596,0.1021227489333101,0.09980323596076995,0.09758813804289504,0.09547194121423255,0.09344947371662962,0.09151588412630682,0.08966661963730455,0.08789740789325332,0.08620423902064561,0.08458332067972013,0.08303108537339536,0.08154421401444514,0.0801195853072783,0.07875426002780053,0.0774454700301476,0.07619057728195949,0.07498699278776473,0.07383243818667265,0.0727247422056517,0.07166181215062495,0.07064172410261105,0.06966265700956652,0.06872285415065975,0.0678206730353522,0.06695457159733494,0.06612308606000612,0.06532483068500121,0.06455850187984831,0.06382289073080992,0.06311681922015834,0.062439190809502595,0.0617889686187038,0.061165172592460924,0.060566797552872476,0.059993011958046454,0.05944300122111673,0.058916002867821955,0.05841128084959811,0.057928133880170624,0.05746590256684483,0.05702390476538353,0.05660157050629431,0.05619823904990536,0.05581255838164929,0.05544480811390704,0.055094619376742864,0.05476154700373055,0.05444516447002082,0.05414507111859639,0.05386091121455018,0.05359231934085713,0.05333899758744088,0.05310063956959076,0.052876996730331915,0.052667765977044936,0.052472728428722526,0.052291652994857114,0.052124315861279344,0.051970528166556174,0.051830107578809244,0.05170291704269085,0.0515888073256571,0.051487650698419624,0.051399356284662225,0.05132382037502395,0.051260957151145856,0.05121072341197252,0.05117306581544373,0.051147962678366875,0.051135359634326645,0.05113527884251635,0.051147770060334184,0.051172759584091204,0.05121043352133642,0.05126078619528985,0.05132387107856195,0.0513997957674569,0.05148868108598477,0.05159062524608586,0.05170579925682418,0.0518343621446044,0.05197648464497425,0.05213199232350529,0.052301809687799,0.05248582741895236,0.052684347852620175,0.05289761371634186,0.05312590765571713,0.05336955598967319,0.053628918848455234,0.05390436958334814,0.05419631922131781,0.054505202987754665,0.0548314981915466,0.05517570526738593,0.05553835971090228,0.055920025199996275,0.05632130258544998,0.05674284569824371,0.0571853515112759,0.057649549984476425,0.058136219861167994,0.05864619148290204,0.05918036039260333,0.05973967763844037,0.06032515505047981,0.060937863745790494,0.06157897343709499,0.0622497012477305,0.06295135731720168,0.06368533808868429,0.06445313487079248,0.06525634092186344,0.06609666015965263,0.066975907585646,0.06789603250148765,0.0688591034367329,0.06986735994809161,0.07092316574878428,0.07202908102270938,0.07318784152495643,0.07440236474289003,0.07567579154002824,0.07701148711359142,0.07841306769815089,0.07988440815508911,0.08142967341089306,0.08305335214688844,0.08476025756153739,0.08655557111759732,0.08844606252243933,0.09043662713753968,0.09253368632240946,0.09474422068166795,0.09707574049054582,0.09953636495116658,0.10213484073385519,0.10488061754370884,0.10778389914960584,0.11085571112510173,0.11410797191241305,0.11755357180606042,0.12120645460999344,0.1250817117163271,0.1291956830761251,0.13356606760138326,0.1382120428287455,0.14315439679575734,0.14841567110579093,0.15402031839404817,0.1599948728402194,0.16636813773913056,0.17317139107321794,0.18043860838701875,0.1882067135519014,0.19651583759182648,0.20540961187285792,0.21493549991993127,0.22514513912308035,0.2360947272582572,0.247845442938348,0.2604639047886507,0.2740226762238698,0.28860081633762547,0.30428448436537314,0.32116760060621624,0.33935257176508826,0.358951087072125,0.3800849842619364,0.4028871920531053,0.42750282008745727,0.4540902616562014,0.482822463295433,0.5138883016128579,0.5474940939909484,0.5838652565460203,0.6232481331772223,0.6659119384473606,0.712150992981566,0.7622871050464922,0.8166722006010695],"ts":[0.0,0.05,0.1,0.15000000000000002,0.2,0.25,0.30000000000000004,0.35000000000000003,0.4,0.45,0.5,0.55,0.6000000000000001,0.65,0.7000000000000001,0.75,0.8,0.8500000000000001,0.9,0.9500000000000001,1.0,1.05,1.1,1.1500000000000001,1.2000000000000002,1.25,1.3,1.35,1.4000000000000001,1.4500000000000002,1.5,1.55,1.6,1.6500000000000001,1.7000000000000002,1.75,1.8,1.85,1.9000000000000001,1.9500000000000002,2.0,2.0500000000000003,2.1,2.15,2.2,2.25,2.3000000000000003,2.35,2.4000000000000004,2.45,2.5,2.5500000000000003,2.6,2.6500000000000004,2.7,2.75,2.8000000000000003,2.85,2.9000000000000004,2.95,3.0,3.0500000000000003,3.1,3.1500000000000004,3.2,3.25,3.3000000000000003,3.35,3.4000000000000004,3.45,3.5,3.5500000000000003,3.6,3.6500000000000004,3.7,3.75,3.8000000000000003,3.85,3.9000000000000004,3.95,4.0,4.05,4.1000000000000005,4.15,4.2,4.25,4.3,4.3500000000000005,4.4,4.45,4.5,4.55,4.6000000000000005,4.65,4.7,4.75,4.800000000000001,4.8500000000000005,4.9,4.95,5.0,5.050000000000001,5.1000000000000005,5.15,5.2,5.25,5.300000000000001,5.3500000000000005,5.4,5.45,5.5,5.550000000000001,5.6000000000000005,5.65,5.7,5.75,5.800000000000001,5.8500000000000005,5.9,5.95,6.0,6.050000000000001,6.1000000000000005,6.15,6.2,6.25,6.300000000000001,6.3500000000000005,6.4,6.45,6.5,6.550000000000001,6.6000000000000005,6.65,6.7,6.75,6.800000000000001,6.8500000000000005,6.9,6.95,7.0,7.050000000000001,7.1000000000000005,7.15,7.2,7.25,7.300000000000001,7.3500000000000005,7.4,7.45,7.5,7.550000000000001,7.6000000000000005,7.65,7.7,7.75,7.800000000000001,7.8500000000000005,7.9,7.95,8.0,8.05,8.1,8.15,8.200000000000001,8.25,8.3,8.35,8.4,8.450000000000001,8.5,8.55,8.6,8.65,8.700000000000001,8.75,8.8,8.85,8.9,8.950000000000001,9.0,9.05,9.1,9.15,9.200000000000001,9.25,9.3,9.35,9.4,9.450000000000001,9.5,9.55,9.600000000000001,9.65,9.700000000000001,9.75,9.8,9.850000000000001,9.9,9.950000000000001,10.0]}