{"bd":[1,1,2,4,8,16,29,37,57,51,78,60,90,66,90,80,90,89,90,90,90,90,90,90,90,90,90,90,90,90,90,90,90,90,90,90,90,90,90,90,90,90,90,90,90,90,90,90,90,90,90,90,90,90,90,90,90,90,90,90,90,90,90,90,90,90,90,90,90,90,90,90,90,90,90,90,90,90,90,90,90,90,90,90,90,90,90,90,90,90,90,90,90,90,90,90,90,90,90,90,90,90,90,90,90,90,90,90,90,90,90,90,90,90,90,90,90,90,90,90,90,90,90,90,90,90,90,90,90,90,90,90,90,90,90,90,90,90,90,90,90,90,90,90,90,90,90,90,90,90,90,90,90,90,90,90,90,90,90,90,90,90,90,90,90,90,90,90,90,90,90,90,90,90,90,90,90,90,90,90,90,90,90,90,90,90,90,90,90,90,90,90,90,90,90,90,90,90,90,90,90,90,90,90,90,90,90,90,90,90,90,90,90,90,90,90,90,90,90,90,90,90,90,90,90,90,90,90,90,90,90,90,90,90,90,90,90,90,90,90,90,90,90,90,90,90,90,90,90,90,90,90,90,90,90,90,90,90,90,90,90,90,90,90,90,90,90,90,90,90,90,90,90,90,90,90,90,90,90,90,90,90,90,90,90,90,90,90,90,90,90,90,90,90,90,90,90,90,90,90,90,90,90,90,90,90,90,90,90,90,90,90,90,90,90,90,90,90,90,90,90,90,90,90,90,90,90,90,90,90,90,90,90,90,90,90,90,90,90,90,90,90,90,90,90,90,90,90,90,90,90,90,90,90,90,90,90,90,90,90,90,90,90,90,90,90,90,90,90,90,90,90,90,90,90,90,90,90,90,90,90,86,90,82,90,78,90,69,88,60,82,56,73,51,55,36,28,15,8,4,2,1,1,1],"gf":[0.18330176707958254,0.17690952138216826,0.17086071624430682,0.16513405265782866,0.1597096866556305,0.15456912398889142,0.14969512267254265,0.14507160316959636,0.14068356503598667,0.13651700991070045,0.13255887028500515,0.12879694348132797,0.12521983063802394,0.12181688024490607,0.11857813549555413,0.11549428568183057,0.11255662073538254,0.10975699076341293,0.1070877668170301,0.10454180638995013,0.10211241699357629,0.09979332809044801,0.097578661748349,0.09546290593522745,0.09344089012830786,0.09150776206408275,0.08965896688041196,0.08789022824068739,0.08619752883598004,0.0845770924458267,0.08302537115306124,0.08153902622631369,0.0801149127005482,0.07875009330358693,0.07744178015132513,0.07618735719057751,0.07498436011177236,0.07383046657085555,0.0727234897389863,0.07166136874952604,0.07064212707547264,0.06966335587277565,0.06872376762041817,0.06782179594572033,0.06695588650999776,0.0661245298239593,0.06532640774501824,0.06456020469426198,0.06382465581422997,0.06311860818122575,0.06244096342324122,0.06179068512846095,0.06116677111951649,0.06056830216789009,0.059994381507776896,0.05944419327163475,0.05891693375129396,0.05841182998058924,0.057928188646823434,0.05746541264356194,0.057022811757565454,0.056599765181014845,0.05619572492326933,0.055810187246973876,0.05544264850659307,0.05509262991179766,0.0547596941115477,0.0544434260170873,0.05414342563261913,0.053859335026699325,0.05359080339708675,0.05333750307400709,0.05309915546207273,0.052875438889763385,0.052666121905116346,0.052470939869874826,0.05228969956256632,0.05212217784354619,0.051968188680914136,0.05182756614280307,0.05170013720212568,0.0515857607917834,0.05148432770983303,0.0513957208022107,0.051319878878428794,0.05125671651369762,0.05120616259477058,0.051168170984516724,0.051142723509723945,0.05112979168246053,0.05112938792117127,0.05114152404484427,0.051166216718651285,0.05120353401813511,0.051253521042700645,0.05131625949153767,0.05139184800253388,0.05148039443245241,0.051582026721956165,0.05169688438572024,0.051825126076179374,0.051966929579889236,0.05212249819120749,0.05229205013789444,0.0524758232615309,0.05267407680232799,0.052887091152027374,0.05311517067080133,0.0533586405080305,0.053617860363556695,0.05389319971048835,0.05418507125731497,0.0544939067521549,0.054820175104777186,0.05516438249026956,0.05552705086450672,0.05590873583698734,0.056310060246410484,0.05673167115467901,0.057174256923057665,0.057638548368092214,0.058125336389959883,0.05863545540462687,0.059169791852651164,0.05972929383754441,0.06031497841935905,0.06092792374709646,0.06156927921102726,0.06224027829948531,0.0629422277873976,0.06367652602235425,0.06444465795109548,0.06524824301188646,0.06608897313344458,0.0669686630795743,0.06788927357297583,0.0688528599632533,0.06986162171466558,0.07091804823363644,0.07202462760095378,0.0731840549571556,0.07439935130219913,0.07567358636649528,0.07701007094309123,0.07841255201879771,0.07988485317046715,0.08143115392077388,0.08305593469248458,0.08476403547523502,0.08656058315895801,0.088451191213547,0.0904418658452458,0.09253907712441167,0.09474975954345347,0.09708146710511902,0.09954234200186332,0.10214105732113032,0.10488713021100064,0.1077907226296178,0.11086289407013654,0.11411553350861747,0.11756148047463118,0.12121472654633607,0.12509032221326113,0.1292046357682038,0.13357534113004196,0.13822161857484022,0.14316424281306922,0.14842643018724963,0.15403196690188145,0.16000736143852068,0.1663814130309905,0.17318539589303314,0.18045329734987497,0.18822202696799642,0.19653171710747386,0.2054260098455764,0.2149523639895242,0.2251624175232873,0.23611235930670765,0.2478633782849202,0.2604820892965446,0.2740410570462566,0.288619343219139,0.3043031073206287,0.32118627540856176,0.33937126200270923,0.3589697620379215,0.38010362298557043,0.40290580913243085,0.42752142913523244,0.45410889341842586,0.4828411700614409,0.5139071642322747,0.5475132251724237,0.5838848069709147,0.6232682853682434,0.6659329495322334,0.7121732208812308,0.7623109742702034,0.8166982329204174],"ts":[0.0,0.05,0.1,0.15000000000000002,0.2,0.25,0.30000000000000004,0.35000000000000003,0.4,0.45,0.5,0.55,0.6000000000000001,0.65,0.7000000000000001,0.75,0.8,0.8500000000000001,0.9,0.9500000000000001,1.0,1.05,1.1,1.1500000000000001,1.2000000000000002,1.25,1.3,1.35,1.4000000000000001,1.4500000000000002,1.5,1.55,1.6,1.6500000000000001,1.7000000000000002,1.75,1.8,1.85,1.9000000000000001,1.9500000000000002,2.0,2.0500000000000003,2.1,2.15,2.2,2.25,2.3000000000000003,2.35,2.4000000000000004,2.45,2.5,2.5500000000000003,2.6,2.6500000000000004,2.7,2.75,2.8000000000000003,2.85,2.9000000000000004,2.95,3.0,3.0500000000000003,3.1,3.1500000000000004,3.2,3.25,3.3000000000000003,3.35,3.4000000000000004,3.45,3.5,3.5500000000000003,3.6,3.6500000000000004,3.7,3.75,3.8000000000000003,3.85,3.9000000000000004,3.95,4.0,4.05,4.1000000000000005,4.15,4.2,4.25,4.3,4.3500000000000005,4.4,4.45,4.5,4.55,4.6000000000000005,4.65,4.7,4.75,4.800000000000001,4.8500000000000005,4.9,4.95,5.0,5.050000000000001,5.1000000000000005,5.15,5.2,5.25,5.300000000000001,5.3500000000000005,5.4,5.45,5.5,5.550000000000001,5.6000000000000005,5.65,5.7,5.75,5.800000000000001,5.8500000000000005,5.9,5.95,6.0,6.050000000000001,6.1000000000000005,6.15,6.2,6.25,6.300000000000001,6.3500000000000005,6.4,6.45,6.5,6.550000000000001,6.6000000000000005,6.65,6.7,6.75,6.800000000000001,6.8500000000000005,6.9,6.95,7.0,7.050000000000001,7.1000000000000005,7.15,7.2,7.25,7.300000000000001,7.3500000000000005,7.4,7.45,7.5,7.550000000000001,7.6000000000000005,7.65,7.7,7.75,7.800000000000001,7.8500000000000005,7.9,7.95,8.0,8.05,8.1,8.15,8.200000000000001,8.25,8.3,8.35,8.4,8.450000000000001,8.5,8.55,8.6,8.65,8.700000000000001,8.75,8.8,8.85,8.9,8.950000000000001,9.0,9.05,9.1,9.15,9.200000000000001,9.25,9.3,9.35,9.4,9.450000000000001,9.5,9.55,9.600000000000001,9.65,9.700000000000001,9.75,9.8,9.850000000000001,9.9,9.950000000000001,10.0]}