{"bd":[1,1,2,4,8,16,29,37,57,51,80,63,94,77,110,83,118,87,120,92,120,95,120,98,120,104,120,111,120,116,120,120,120,120,120,120,120,120,120,120,120,120,120,120,120,120,120,120,120,120,120,120,120,120,120,120,120,120,120,120,120,120,120,120,120,120,120,120,120,120,120,120,120,120,120,120,120,120,120,120,120,120,120,120,120,120,120,120,120,120,120,120,120,120,120,120,120,120,120,120,120,120,120,120,120,120,120,120,120,120,120,120,120,120,120,120,120,120,120,120,120,120,120,120,120,120,120,120,120,120,120,120,120,120,120,120,120,120,120,120,120,120,120,120,120,120,120,120,120,120,120,120,120,120,120,120,120,120,120,120,120,120,120,120,120,120,120,120,120,120,120,120,120,120,120,120,120,120,120,120,120,120,120,120,120,120,120,120,120,120,120,120,120,120,120,120,120,120,120,120,120,120,120,120,120,120,120,120,120,120,120,120,120,120,120,120,120,120,120,120,120,120,120,120,120,120,120,120,120,120,120,120,120,120,120,120,120,120,120,120,120,120,120,120,120,120,120,120,120,120,120,120,120,120,120,120,120,120,120,120,120,120,120,120,120,120,120,120,120,120,120,120,120,120,120,120,120,120,120,120,120,120,120,120,120,120,120,120,120,120,120,120,120,120,120,120,120,120,120,120,120,120,120,120,120,120,120,120,120,120,120,120,120,120,120,120,120,120,120,120,120,120,120,120,120,120,120,120,120,120,120,120,120,120,120,120,120,120,120,120,120,120,120,120,120,120,120,120,120,120,120,120,120,120,120,120,120,120,120,120,120,120,120,120,120,120,120,120,120,114,120,110,120,102,120,95,120,92,120,85,118,83,117,82,113,80,102,72,91,62,84,57,73,51,55,36,28,15,8,4,2,1,1,1],"gf":[0.1836254925043661,0.17719688408486983,0.17111457344929457,0.16535705879780677,0.1599043082215602,0.15473765303521933,0.1498396892139047,0.1451941865203954,0.14078600418293477,0.13660101333957805,0.13262602479341795,0.12884872239473782,0.12525760110182196,0.12184191054978069,0.11859160158779827,0.11549727723663089,0.11255014739490699,0.10974198680912195,0.1070650959992932,0.1045122650595186,0.102076740111625,0.09975219245866772,0.09753268929034722,0.09541266718696226,0.09338690795888938,0.09145051420069465,0.08959888938591316,0.08782771713733332,0.08613294211903523,0.08451075391631478,0.08295757063914948,0.08147002379121207,0.08004493938651364,0.0786793406496441,0.07737042098398596,0.0761155349335224,0.07491219322061919,0.07375805021678175,0.07265089521887694,0.07158864385273446,0.07056933018496672,0.06959109998114384,0.06865220367266578,0.06775099020819185,0.06688590175805487,0.06605546776117788,0.0652582970723511,0.06449307585376714,0.06375856245673774,0.06305358433714633,0.06237703147282181,0.06172786029112367,0.061105081616526044,0.06050775660826217,0.05993500155323099,0.05938597149618492,0.05885986142052305,0.0583559388451087,0.057873512460452824,0.05741191958599728,0.05697053067052547,0.056548738158327186,0.056145979628778195,0.05576171279943028,0.05539543360320656,0.055046682025330196,0.054715006208433004,0.0543999947672257,0.05410124656017895,0.05381839929053479,0.05355110178121495,0.05329902980229045,0.05306187844834984,0.05283936808259782,0.052631241588574885,0.05243725287553531,0.05225718412055734,0.05209083575196564,0.051937996036617154,0.05179851247057385,0.05167221938088759,0.051558992421728934,0.051458706615986734,0.0513712443464425,0.051296521033791655,0.05123445692443936,0.051184997976545715,0.051148099063087954,0.05112372798129993,0.05111187127901942,0.0511125283392509,0.05112571358060221,0.051151456972732115,0.0511898005554137,0.051240805399530735,0.05130454982245189,0.0513811257010703,0.05147064008536785,0.051573220041279885,0.051689008127428174,0.051818152873246405,0.05196083448753639,0.05211724935417652,0.05228761105944245,0.052472151499001335,0.05267113079469374,0.052884825129563974,0.05311353767688425,0.05335757441334299,0.053617294740980974,0.05389306690690389,0.05418531118422739,0.05449444753764982,0.054820938127451056,0.05516526212234941,0.055527945439372076,0.055909576341978594,0.05631075492887168,0.05673212386798381,0.05717437213993244,0.05763824059559361,0.05812451189563863,0.05863401610656229,0.05916764938909466,0.05972637053454281,0.060311187293249614,0.06092318698182701,0.06156352159115293,0.062233419396876904,0.06293418795070368,0.0636672351800182,0.06443405343786501,0.06523624145367092,0.06607551393908036,0.06695368036916219,0.06787269715236219,0.06883465629245007,0.0698417781463189,0.07089642838600628,0.07200118142221101,0.07315876189443679,0.0743720840463175,0.07564429864264567,0.07697876832823747,0.0783791052557496,0.0798491854773664,0.0813931740973895,0.08301554417455684,0.0847211041504789,0.08651502752523459,0.08840288707040848,0.0903906757522717,0.0924848551146962,0.09469238486248327,0.09702077189484824,0.0994781161297409,0.10207320442020705,0.10481544159228304,0.10771502085006462,0.1107829600921882,0.11403117287157422,0.11747253956062395,0.12112099913557649,0.12499163831865946,0.12910079225722812,0.1334661558875347,0.1381069043184636,0.14304382439299668,0.14829945644397635,0.153898253442117,0.159866751833064,0.1662337585987278,0.17303055645084675,0.18029112800776034,0.1880524006387762,0.19635451493867837,0.2052411176409894,0.21475968282316873,0.2249618621563446,0.23590387068610116,0.2476469064629947,0.26025761067539666,0.2738085727615359,0.28837888464864014,0.3040547355934859,0.32093008631443765,0.3391073894600734,0.3586983850308022,0.37982497084087874,0.4026201577688785,0.42722911492536136,0.4538103171818662,0.48253680192408144,0.5135975476128196,0.5471989864440064,0.5835666578802292,0.6229470283873564,0.6656094858206268,0.711848526279269,0.7619861527225136,0.8163745074956339],"ts":[0.0,0.05,0.1,0.15000000000000002,0.2,0.25,0.30000000000000004,0.35000000000000003,0.4,0.45,0.5,0.55,0.6000000000000001,0.65,0.7000000000000001,0.75,0.8,0.8500000000000001,0.9,0.9500000000000001,1.0,1.05,1.1,1.1500000000000001,1.2000000000000002,1.25,1.3,1.35,1.4000000000000001,1.4500000000000002,1.5,1.55,1.6,1.6500000000000001,1.7000000000000002,1.75,1.8,1.85,1.9000000000000001,1.9500000000000002,2.0,2.0500000000000003,2.1,2.15,2.2,2.25,2.3000000000000003,2.35,2.4000000000000004,2.45,2.5,2.5500000000000003,2.6,2.6500000000000004,2.7,2.75,2.8000000000000003,2.85,2.9000000000000004,2.95,3.0,3.0500000000000003,3.1,3.1500000000000004,3.2,3.25,3.3000000000000003,3.35,3.4000000000000004,3.45,3.5,3.5500000000000003,3.6,3.6500000000000004,3.7,3.75,3.8000000000000003,3.85,3.9000000000000004,3.95,4.0,4.05,4.1000000000000005,4.15,4.2,4.25,4.3,4.3500000000000005,4.4,4.45,4.5,4.55,4.6000000000000005,4.65,4.7,4.75,4.800000000000001,4.8500000000000005,4.9,4.95,5.0,5.050000000000001,5.1000000000000005,5.15,5.2,5.25,5.300000000000001,5.3500000000000005,5.4,5.45,5.5,5.550000000000001,5.6000000000000005,5.65,5.7,5.75,5.800000000000001,5.8500000000000005,5.9,5.95,6.0,6.050000000000001,6.1000000000000005,6.15,6.2,6.25,6.300000000000001,6.3500000000000005,6.4,6.45,6.5,6.550000000000001,6.6000000000000005,6.65,6.7,6.75,6.800000000000001,6.8500000000000005,6.9,6.95,7.0,7.050000000000001,7.1000000000000005,7.15,7.2,7.25,7.300000000000001,7.3500000000000005,7.4,7.45,7.5,7.550000000000001,7.6000000000000005,7.65,7.7,7.75,7.800000000000001,7.8500000000000005,7.9,7.95,8.0,8.05,8.1,8.15,8.200000000000001,8.25,8.3,8.35,8.4,8.450000000000001,8.5,8.55,8.6,8.65,8.700000000000001,8.75,8.8,8.85,8.9,8.950000000000001,9.0,9.05,9.1,9.15,9.200000000000001,9.25,9.3,9.35,9.4,9.450000000000001,9.5,9.55,9.600000000000001,9.65,9.700000000000001,9.75,9.8,9.850000000000001,9.9,9.950000000000001,10.0]}