{"bd":[1,1,2,4,8,15,28,30,30,30,30,30,30,30,30,30,30,30,30,30,30,30,30,30,30,30,30,30,30,30,30,30,30,30,30,30,30,30,30,30,30,30,30,30,30,30,30,30,30,30,30,30,30,30,30,30,30,30,30,30,30,30,30,30,30,30,30,30,30,30,30,30,30,30,30,30,30,30,30,30,30,30,30,30,30,30,30,30,30,30,30,30,30,30,30,30,30,30,30,30,30,30,30,30,30,30,30,30,30,30,30,30,30,30,30,30,30,30,30,30,30,30,30,30,30,30,30,30,30,30,30,30,30,30,30,30,30,30,30,30,30,30,30,30,30,30,30,30,30,30,30,30,30,30,30,30,30,30,30,30,30,30,30,30,30,30,30,30,30,30,30,30,30,30,30,30,30,30,30,30,30,30,30,30,30,30,30,30,30,30,30,30,30,30,30,30,30,30,30,30,30,30,30,30,30,30,30,30,30,30,30,30,30,30,30,30,30,30,30,30,30,30,30,30,30,30,30,30,30,30,30,30,30,30,30,30,30,30,30,30,30,30,30,30,30,30,30,30,30,30,30,30,30,30,30,30,30,30,30,30,30,30,30,30,30,30,30,30,30,30,30,30,30,30,30,30,30,30,30,30,30,30,30,30,30,30,30,30,30,30,30,30,30,30,30,30,30,30,30,30,30,30,30,30,30,30,30,30,30,30,30,30,30,30,30,30,30,30,30,30,30,30,30,30,30,30,30,30,30,30,30,30,30,30,30,30,30,30,30,30,30,30,30,30,30,30,30,30,30,30,30,30,30,30,30,30,30,30,30,30,30,30,30,30,30,30,30,30,30,30,30,30,30,30,30,30,30,30,30,30,30,30,30,30,30,30,30,30,30,30,30,30,30,30,30,30,28,15,8,4,2,1,1,1],"gf":[0.18342121802328892,0.1771456556375618,0.17120365680147426,0.16557463387849217,0.16023940325950464,0.15518006051507344,0.15037993819011736,0.14582346397018617,0.1414961277552069,0.1373843846663649,0.13347559219893954,0.12975792447901274,0.1262203730404971,0.12285260439884535,0.11964498439608624,0.11658852883820661,0.11367479691406088,0.11089592435942645,0.1082445446626812,0.10571374113356223,0.10329705635857113,0.1009885720150743,0.09878253843483338,0.09667364145763598,0.094656748102174,0.09272734448229379,0.09088117453157274,0.08911430576147335,0.08742228365310224,0.08580165786479559,0.08424914308713964,0.0827609707052336,0.08133436510750308,0.07996644087595069,0.07865447417500118,0.07739591870165154,0.07618836375753481,0.0750295363093235,0.07391730736364449,0.07284970751354981,0.07182481743392227,0.07084090748674352,0.0698963891395067,0.06898940626739251,0.06811879003341667,0.06728301284271651,0.06648068055554981,0.0657105995758735,0.06497164265740324,0.06426028069607269,0.06357741555771827,0.06292200910801676,0.062292886025014066,0.06168936544732197,0.061110659283859364,0.060555755700293014,0.06002280078060071,0.05951262659005159,0.05902499887997135,0.05855878079762576,0.058113393887406606,0.05768820381339509,0.057282641920378005,0.056896168838459014,0.05652826589487513,0.05617844484855511,0.055846238480588874,0.055531194200204026,0.05523298865269221,0.05495108778358341,0.05468511995828137,0.05443471339392711,0.05419951681252575,0.053979194602714685,0.053773419955558184,0.053581923558160764,0.053404430661870075,0.053240691364245384,0.053090468856435216,0.052953586770477665,0.05282984547749676,0.05271908331033971,0.05262116388050109,0.05253605728593456,0.052463637668184286,0.052403847070430117,0.052357553122251675,0.05232330169555227,0.052302027891803396,0.05229354782628393,0.05229737252416319,0.05231401089073156,0.05234335112845628,0.05238550527329241,0.052440768844524276,0.05250888180408534,0.05259012831337608,0.052684638260682023,0.05279250269862445,0.05291388757010474,0.05304900528587413,0.05319800011680759,0.05336114450279328,0.053538989349629675,0.05373145353976468,0.053939657658849324,0.054163158783771335,0.05440150051338471,0.05465800870508105,0.0549365181510205,0.055240214649410854,0.05556761693410702,0.05591812847077634,0.056290261907491014,0.05668369398425016,0.057099121628346336,0.057537444691390924,0.05799895250239342,0.05848358228254138,0.058993134663980755,0.0595276876000359,0.060087496594663954,0.060673098305527834,0.06128470637260514,0.0619228607229371,0.0625881957208366,0.06328143019695551,0.06400337075406,0.06475491571177175,0.06553706819882317,0.0663510331504237,0.0671978034711396,0.06808054228048777,0.06899974316435782,0.06995677507785109,0.07095326196188591,0.07199097197418575,0.07307182567384554,0.07419805255602101,0.07537298092962808,0.07659902063798821,0.07787907129511455,0.0792164034751761,0.08061350034225898,0.08207349814970122,0.08360001288694328,0.08519821398136906,0.08687143229473886,0.08862403169267669,0.09046214015371966,0.09239035380724851,0.09441548338159067,0.09654349598621434,0.09878260547458607,0.10113922495667242,0.10362043268729015,0.10623577513474852,0.10899350385198482,0.11190318391656952,0.11497540074505044,0.1182231807173764,0.12165986403718732,0.1252975949558211,0.1291506613356123,0.13323470632003817,0.13756694541897485,0.14216605232825236,0.14705245920330032,0.15224823596753748,0.15777757580743199,0.16366619838935959,0.16994589848585528,0.17664558524042748,0.18379886248955252,0.19144265081701187,0.19961753613749536,0.20836995347006768,0.2177450017869711,0.22779648383780482,0.23857916700734016,0.2501555523812447,0.26259306496916274,0.2759658125464654,0.29035469421009324,0.30584779511870064,0.3225415424415458,0.3405407772709805,0.35995996025542415,0.38092149074997,0.4035594503416398,0.4280203681116192,0.4544641509574336,0.48306540736046055,0.5140151399254147,0.5475215350396814,0.5838073695172311,0.6231273156994903,0.6657528505193236,0.7119813654647341,0.7621380716898728,0.8165787819767111],"ts":[0.0,0.05,0.1,0.15000000000000002,0.2,0.25,0.30000000000000004,0.35000000000000003,0.4,0.45,0.5,0.55,0.6000000000000001,0.65,0.7000000000000001,0.75,0.8,0.8500000000000001,0.9,0.9500000000000001,1.0,1.05,1.1,1.1500000000000001,1.2000000000000002,1.25,1.3,1.35,1.4000000000000001,1.4500000000000002,1.5,1.55,1.6,1.6500000000000001,1.7000000000000002,1.75,1.8,1.85,1.9000000000000001,1.9500000000000002,2.0,2.0500000000000003,2.1,2.15,2.2,2.25,2.3000000000000003,2.35,2.4000000000000004,2.45,2.5,2.5500000000000003,2.6,2.6500000000000004,2.7,2.75,2.8000000000000003,2.85,2.9000000000000004,2.95,3.0,3.0500000000000003,3.1,3.1500000000000004,3.2,3.25,3.3000000000000003,3.35,3.4000000000000004,3.45,3.5,3.5500000000000003,3.6,3.6500000000000004,3.7,3.75,3.8000000000000003,3.85,3.9000000000000004,3.95,4.0,4.05,4.1000000000000005,4.15,4.2,4.25,4.3,4.3500000000000005,4.4,4.45,4.5,4.55,4.6000000000000005,4.65,4.7,4.75,4.800000000000001,4.8500000000000005,4.9,4.95,5.0,5.050000000000001,5.1000000000000005,5.15,5.2,5.25,5.300000000000001,5.3500000000000005,5.4,5.45,5.5,5.550000000000001,5.6000000000000005,5.65,5.7,5.75,5.800000000000001,5.8500000000000005,5.9,5.95,6.0,6.050000000000001,6.1000000000000005,6.15,6.2,6.25,6.300000000000001,6.3500000000000005,6.4,6.45,6.5,6.550000000000001,6.6000000000000005,6.65,6.7,6.75,6.800000000000001,6.8500000000000005,6.9,6.95,7.0,7.050000000000001,7.1000000000000005,7.15,7.2,7.25,7.300000000000001,7.3500000000000005,7.4,7.45,7.5,7.550000000000001,7.6000000000000005,7.65,7.7,7.75,7.800000000000001,7.8500000000000005,7.9,7.95,8.0,8.05,8.1,8.15,8.200000000000001,8.25,8.3,8.35,8.4,8.450000000000001,8.5,8.55,8.6,8.65,8.700000000000001,8.75,8.8,8.85,8.9,8.950000000000001,9.0,9.05,9.1,9.15,9.200000000000001,9.25,9.3,9.35,9.4,9.450000000000001,9.5,9.55,9.600000000000001,9.65,9.700000000000001,9.75,9.8,9.850000000000001,9.9,9.950000000000001,10.0]}