{"bd":[1,1,2,4,8,16,29,37,57,53,80,63,94,76,108,82,110,88,110,94,110,98,110,101,110,108,110,110,110,110,110,110,110,110,110,110,110,110,110,110,110,110,110,110,110,110,110,110,110,110,110,110,110,110,110,110,110,110,110,110,110,110,110,110,110,110,110,110,110,110,110,110,110,110,110,110,110,110,110,110,110,110,110,110,110,110,110,110,110,110,110,110,110,110,110,110,110,110,110,110,110,110,110,110,110,110,110,110,110,110,110,110,110,110,110,110,110,110,110,110,110,110,110,110,110,110,110,110,110,110,110,110,110,110,110,110,110,110,110,110,110,110,110,110,110,110,110,110,110,110,110,110,110,110,110,110,110,110,110,110,110,110,110,110,110,110,110,110,110,110,110,110,110,110,110,110,110,110,110,110,110,110,110,110,110,110,110,110,110,110,110,110,110,110,110,110,110,110,110,110,110,110,110,110,110,110,110,110,110,110,110,110,110,110,110,110,110,110,110,110,110,110,110,110,110,110,110,110,110,110,110,110,110,110,110,110,110,110,110,110,110,110,110,110,110,110,110,110,110,110,110,110,110,110,110,110,110,110,110,110,110,110,110,110,110,110,110,110,110,110,110,110,110,110,110,110,110,110,110,110,110,110,110,110,110,110,110,110,110,110,110,110,110,110,110,110,110,110,110,110,110,110,110,110,110,110,110,110,110,110,110,110,110,110,110,110,110,110,110,110,110,110,110,110,110,110,110,110,110,110,110,110,110,110,110,110,110,110,110,110,110,110,110,110,110,110,110,110,110,110,110,110,110,110,110,110,110,110,110,110,110,110,110,110,110,110,110,110,110,110,110,108,110,102,110,98,110,94,110,85,110,82,110,82,110,80,102,72,91,62,83,57,73,51,55,36,28,15,8,4,2,1,1,1],"gf":[0.18335049619755997,0.1769494685565593,0.1708927571532271,0.16515900594616925,0.15972831763893916,0.15458214788674404,0.14970320754913966,0.14507537254104289,0.1406836002138624,0.1365138524206159,0.13255302386783613,0.12878887602318448,0.12520997578664886,0.12180563922253225,0.1185658786260323,0.1154813540963977,0.11254332842152157,0.10974362514613205,0.10707458954717576,0.10452905433357493,0.10210030455776749,0.09978204708989134,0.09756838163282337,0.09545377629383991,0.09343303923807901,0.09150129644386297,0.0896539777317728,0.08788679057968946,0.08619570022184686,0.08457691378280953,0.08302686588809619,0.08154220140103738,0.08011975728693244,0.0787565682850189,0.07744984918995537,0.07619693621470242,0.07499537110722321,0.07384281489794857,0.07273705560396071,0.07167602102750635,0.07065774916129564,0.06968038784232408,0.06874219111468174,0.06784150436405458,0.0669767807714824,0.06614654049554565,0.06534940197009452,0.06458404871025679,0.063849242722683,0.06314381470297108,0.06246665518856126,0.06181671361007103,0.061192999350214355,0.0605945793509781,0.06002058031147899,0.05947016141029562,0.05894254096466775,0.05843697873998527,0.05795277524527085,0.057489269971143855,0.057045847592345184,0.05662192493785874,0.056216957350933794,0.05583043263984967,0.05546186108095268,0.055110797528228346,0.05477681723355987,0.0544595262266887,0.05415856047103133,0.053873575462646435,0.0536042587519096,0.05335031795057382,0.05311147884101968,0.05288748483213408,0.0526780907057878,0.05248305639185586,0.05230214188778697,0.05213510465547871,0.051981732552641664,0.051841814636035544,0.05171516497398694,0.05160162003582305,0.05150103468652456,0.05141328798654486,0.051338278323092616,0.051275921085789544,0.05122615630785123,0.05118887171204407,0.05116409437143229,0.05115179796222244,0.051151977882125194,0.051164652270222405,0.05118984922789544,0.05122758740348298,0.05127795154558954,0.05134112697649358,0.05141711593675524,0.051505980953431285,0.051607898037214786,0.05172300107275675,0.05185146356731365,0.051993456578164,0.05214918874149543,0.052318866788956905,0.052502740415904574,0.05270105949214558,0.052914107351547085,0.05314219097879571,0.05338563833528097,0.053644801136895154,0.0539200615525036,0.05421182697862156,0.05452053331432809,0.054846698242273735,0.055190773345208013,0.055553297403193966,0.05593483441731131,0.05633599522080748,0.05675742382980379,0.05719980728585322,0.05766388449163647,0.05815044053370277,0.05866030712012805,0.059194373560814056,0.059753590396059666,0.060338973574608164,0.06095160026640022,0.06159262400385588,0.06226328138237731,0.06296487204897468,0.0636987913291707,0.06446653383053567,0.0652696959384208,0.06610998387464824,0.0669892137976466,0.06790933547993355,0.06887243283820116,0.06988072574579098,0.07093660180476707,0.07204261335013304,0.07320149379636277,0.07441617636269895,0.0756897955227786,0.07702572094787208,0.07842757169321396,0.07989922993070946,0.08144486484378737,0.08306895351869438,0.08477633440149776,0.08657218212869722,0.08846207394714753,0.09045202012004547,0.09254849006477574,0.09475845452051562,0.09708943171649835,0.09954953283224922,0.10214750847724158,0.10489280142763106,0.10779561272754934,0.11086696529338325,0.11411877246885278,0.11756391268539507,0.12121632225017755,0.1250910801166399,0.12920452002108754,0.13357433403482005,0.1382197132295781,0.1431614580076965,0.14842212875748745,0.15402618538346338,0.16000017156779778,0.1663728880465733,0.17317561292107805,0.1804423192340177,0.18820992218757102,0.19651854798732818,0.2054118390791934,0.21493723449665525,0.22514636420752926,0.23609541877101656,0.24784556965576504,0.2604634296979219,0.2740215545814572,0.28859899836775865,0.30428191481130623,0.32116422044291865,0.33934831862866616,0.35894589476724226,0.38007878810336737,0.40287994286857287,0.4274944545217914,0.45408071620724316,0.48281167424409144,0.5138762078515233,0.5474806376161576,0.5838503803713418,0.6232317671958081,0.6658940356974684,0.7121315142579012,0.762266023291245,0.8166495038024401],"ts":[0.0,0.05,0.1,0.15000000000000002,0.2,0.25,0.30000000000000004,0.35000000000000003,0.4,0.45,0.5,0.55,0.6000000000000001,0.65,0.7000000000000001,0.75,0.8,0.8500000000000001,0.9,0.9500000000000001,1.0,1.05,1.1,1.1500000000000001,1.2000000000000002,1.25,1.3,1.35,1.4000000000000001,1.4500000000000002,1.5,1.55,1.6,1.6500000000000001,1.7000000000000002,1.75,1.8,1.85,1.9000000000000001,1.9500000000000002,2.0,2.0500000000000003,2.1,2.15,2.2,2.25,2.3000000000000003,2.35,2.4000000000000004,2.45,2.5,2.5500000000000003,2.6,2.6500000000000004,2.7,2.75,2.8000000000000003,2.85,2.9000000000000004,2.95,3.0,3.0500000000000003,3.1,3.1500000000000004,3.2,3.25,3.3000000000000003,3.35,3.4000000000000004,3.45,3.5,3.5500000000000003,3.6,3.6500000000000004,3.7,3.75,3.8000000000000003,3.85,3.9000000000000004,3.95,4.0,4.05,4.1000000000000005,4.15,4.2,4.25,4.3,4.3500000000000005,4.4,4.45,4.5,4.55,4.6000000000000005,4.65,4.7,4.75,4.800000000000001,4.8500000000000005,4.9,4.95,5.0,5.050000000000001,5.1000000000000005,5.15,5.2,5.25,5.300000000000001,5.3500000000000005,5.4,5.45,5.5,5.550000000000001,5.6000000000000005,5.65,5.7,5.75,5.800000000000001,5.8500000000000005,5.9,5.95,6.0,6.050000000000001,6.1000000000000005,6.15,6.2,6.25,6.300000000000001,6.3500000000000005,6.4,6.45,6.5,6.550000000000001,6.6000000000000005,6.65,6.7,6.75,6.800000000000001,6.8500000000000005,6.9,6.95,7.0,7.050000000000001,7.1000000000000005,7.15,7.2,7.25,7.300000000000001,7.3500000000000005,7.4,7.45,7.5,7.550000000000001,7.6000000000000005,7.65,7.7,7.75,7.800000000000001,7.8500000000000005,7.9,7.95,8.0,8.05,8.1,8.15,8.200000000000001,8.25,8.3,8.35,8.4,8.450000000000001,8.5,8.55,8.6,8.65,8.700000000000001,8.75,8.8,8.85,8.9,8.950000000000001,9.0,9.05,9.1,9.15,9.200000000000001,9.25,9.3,9.35,9.4,9.450000000000001,9.5,9.55,9.600000000000001,9.65,9.700000000000001,9.75,9.8,9.850000000000001,9.9,9.950000000000001,10.0]}