{"bd2":[550,550,550,550,550],"bd1":[],"gf":[0.49697487955456177,0.4386363689052651,0.3890499736476376,0.3467337648211827,0.3104883107715465,0.2793348177937587,0.2524696264832188,0.22922674459967976,0.20905806474322752,0.19149990068751754,0.17616820810181405,0.16274137704346892,0.15094774023903024,0.14055811947258812,0.1313791137447109,0.12324744299187705,0.11601880414666726,0.10958100161351629,0.10382563034287229,0.0986636226903229,0.09402475426498763,0.08984280550793565,0.08606382050569353,0.08263997410259924,0.07952759419985284,0.07669270745390755,0.07410233281683723,0.07172941316305959,0.06954894083405912,0.06754044733266704,0.06568630562909783,0.06397032426480803,0.062378447488306676,0.06089817817300937,0.059518700389957074,0.058230532529182,0.057025520196068456,0.055896086504617117,0.054835594669097674,0.05383812172898668,0.052898630227834136,0.05201204902432334,0.05117439774421568,0.05038170430990542,0.049630494963736296,0.048916682647952806,0.0482387404036338,0.04759285148671405,0.04697794898958653,0.04639203985648125,0.0458332903527576,0.045300731701872377,0.044791690750812116,0.04430509005256536,0.04383975853272877,0.04339453761703087,0.04296844478897028,0.04256023180626177,0.042169283460293604,0.04179470811898739,0.041435615574684295,0.041091362179881866,0.04076141197565458,0.040445005737069904,0.04014171569750855,0.03985110553334273,0.039572818858753314,0.03930621018485502,0.03905070368310752,0.038806756952882264,0.03857338081423935,0.03835084479916704,0.038138305036333406,0.03793633692770048,0.03774288077940918,0.037558976724319834,0.03738249771607258,0.0372157912600995,0.03705659344859925,0.036906218547100536,0.036764083973136276,0.03663005427940577,0.03650456963004805,0.03638691668661888,0.03627729773190655,0.036174436959552914,0.03607995334819348,0.0359926440938583,0.035912605524375946,0.0358399225698663,0.03577509937633138,0.035717667060941746,0.035667471922113565,0.0356241777994232,0.03558829209434698,0.035559161616383846,0.03553687588241855,0.03552178942832986,0.035513322424762926,0.03551101973451986,0.03551524142450506,0.03552560312601614,0.03554274553315285,0.03556609383902408,0.03559595479006406,0.035632371836313466,0.03567543224001073,0.03572563333983123,0.03578244594146134,0.03584599751714268,0.0359176611231635,0.03599458194735896,0.03607770154969993,0.036168114515960574,0.03626536984080159,0.03636970811688025,0.036481599891469194,0.03660035128804389,0.03672744212469915,0.036862084230067184,0.03700424734399724,0.037154232544556964,0.0373123192313317,0.03747884182605954,0.03765410492741912,0.03783808067662456,0.03803106267540836,0.03823319735370517,0.03844402545763136,0.03866484114135684,0.03889625323979953,0.039138471664945135,0.0393916593265172,0.03965603833181308,0.03993203551961932,0.04021999962046194,0.0405200288291706,0.040833014627676974,0.04115995687758514,0.04150101576015273,0.04185559309700384,0.04222733053665195,0.04261444713625456,0.04301783270761758,0.04343839889882378,0.04387760359901415,0.044336708847715484,0.04481666649728308,0.045318566210334414,0.04584336155054632,0.04639279396849166,0.04696767776799814,0.04757056174528398,0.04820293689987921,0.048866237296867586,0.04956305188781467,0.0502964290634514,0.05106877527915049,0.051883790247767625,0.05274476506004582,0.05365561454674098,0.05462048404303796,0.055644193258583614,0.056732062665355645,0.057890210477882655,0.0591254713051858,0.06044498539323071,0.06185584088104125,0.06336796970978177,0.0649896955624029,0.066735877222998,0.06862157002980872,0.07066266581383217,0.07287680923096414,0.07528566793027257,0.0779124234721433,0.08078458079912275,0.08393407028611219,0.08739763520429002,0.09121774674545592,0.09544251333286846,0.10012819718747536,0.10533947312932362,0.11115277941319718,0.11765494074114584,0.12495031105744296,0.13315948895372445,0.14242425107052478,0.15291151921792345,0.16481702776456497,0.17837533501448485,0.1938592523944658,0.21159462626160064,0.23197620010408712,0.2554705867928107,0.2826339740256596,0.3141466155807371,0.3508259872475019,0.39366957659302987,0.44390094383232426,0.5030251204454382],"ts":[0.0,0.05,0.1,0.15000000000000002,0.2,0.25,0.30000000000000004,0.35000000000000003,0.4,0.45,0.5,0.55,0.6000000000000001,0.65,0.7000000000000001,0.75,0.8,0.8500000000000001,0.9,0.9500000000000001,1.0,1.05,1.1,1.1500000000000001,1.2000000000000002,1.25,1.3,1.35,1.4000000000000001,1.4500000000000002,1.5,1.55,1.6,1.6500000000000001,1.7000000000000002,1.75,1.8,1.85,1.9000000000000001,1.9500000000000002,2.0,2.0500000000000003,2.1,2.15,2.2,2.25,2.3000000000000003,2.35,2.4000000000000004,2.45,2.5,2.5500000000000003,2.6,2.6500000000000004,2.7,2.75,2.8000000000000003,2.85,2.9000000000000004,2.95,3.0,3.0500000000000003,3.1,3.1500000000000004,3.2,3.25,3.3000000000000003,3.35,3.4000000000000004,3.45,3.5,3.5500000000000003,3.6,3.6500000000000004,3.7,3.75,3.8000000000000003,3.85,3.9000000000000004,3.95,4.0,4.05,4.1000000000000005,4.15,4.2,4.25,4.3,4.3500000000000005,4.4,4.45,4.5,4.55,4.6000000000000005,4.65,4.7,4.75,4.800000000000001,4.8500000000000005,4.9,4.95,5.0,5.050000000000001,5.1000000000000005,5.15,5.2,5.25,5.300000000000001,5.3500000000000005,5.4,5.45,5.5,5.550000000000001,5.6000000000000005,5.65,5.7,5.75,5.800000000000001,5.8500000000000005,5.9,5.95,6.0,6.050000000000001,6.1000000000000005,6.15,6.2,6.25,6.300000000000001,6.3500000000000005,6.4,6.45,6.5,6.550000000000001,6.6000000000000005,6.65,6.7,6.75,6.800000000000001,6.8500000000000005,6.9,6.95,7.0,7.050000000000001,7.1000000000000005,7.15,7.2,7.25,7.300000000000001,7.3500000000000005,7.4,7.45,7.5,7.550000000000001,7.6000000000000005,7.65,7.7,7.75,7.800000000000001,7.8500000000000005,7.9,7.95,8.0,8.05,8.1,8.15,8.200000000000001,8.25,8.3,8.35,8.4,8.450000000000001,8.5,8.55,8.6,8.65,8.700000000000001,8.75,8.8,8.85,8.9,8.950000000000001,9.0,9.05,9.1,9.15,9.200000000000001,9.25,9.3,9.35,9.4,9.450000000000001,9.5,9.55,9.600000000000001,9.65,9.700000000000001,9.75,9.8,9.850000000000001,9.9,9.950000000000001,10.0]}