{"bd2":[500,500,500,500,500],"bd1":[],"gf":[0.4989059375216468,0.44027499680178,0.3904684200957958,0.34798650762002037,0.31161500291913435,0.28036449694799864,0.2534222065912421,0.2301182830721617,0.2098970130741367,0.19229510544220255,0.17692591046422634,0.1634650463171864,0.1516405402019976,0.141221093385137,0.13201495208284914,0.12385623754462546,0.1166066389312828,0.11014660768371273,0.10437362001682014,0.0991994284080287,0.09454859981196033,0.09035695610301167,0.08656706284207996,0.08313342236626789,0.08001297004874314,0.07716925021717913,0.07457139219441318,0.0721913767316413,0.07000535629944686,0.06799210694118644,0.06613370898261868,0.06441395860300339,0.06281875443170898,0.06133577656501624,0.05995383558717134,0.05866353006991182,0.05745288455051964,0.056318880011839226,0.05525384179919348,0.05425293296672835,0.0533104666084382,0.05242112831468028,0.05158142477335836,0.050786886604027554,0.050034456853746696,0.0493206209570127,0.04864290528754602,0.04799838317694025,0.04738501103498109,0.04680036037411385,0.04624280157995197,0.0457106809151989,0.04520238634054136,0.04471597598719138,0.04425091049071953,0.04380543722824101,0.04337899204798259,0.04297020165318027,0.04257858082045056,0.042203096438274086,0.041842922086650594,0.04149755389160786,0.04116620957361659,0.04084862526470952,0.04054429958361328,0.04025256240514639,0.0399731489395879,0.03970559309519177,0.039449712580109306,0.03920437638881383,0.03896980383334614,0.03874531210002772,0.0385306763080875,0.0383256806730509,0.03813020390162086,0.03794399452185386,0.03776661309956144,0.03759800181099248,0.037437822379764826,0.037285393112238524,0.03714152072008743,0.03700537270079131,0.03687710139251363,0.03675647523155103,0.03664305092378857,0.036537167158168175,0.03643846216916135,0.0363469609132287,0.03626256446437361,0.03618533461127994,0.03611563012390792,0.036052968848428464,0.03599763761732212,0.03594919937074414,0.035908039067832444,0.03587380938045247,0.03584672746673135,0.035826339134568695,0.035812890792962467,0.03580587670174923,0.03580581788772347,0.03581224069192377,0.035825718050760826,0.03584558977284385,0.035872618282551734,0.03590630202654124,0.03594697089574352,0.03599376828516711,0.03604726958431587,0.03610723010132552,0.036174420885900095,0.036247952462262624,0.03632939102072855,0.036416946203740246,0.03651197531376599,0.03661338736179091,0.036723195743469765,0.036839512492817646,0.036964439552955704,0.03709605103676691,0.03723705895683559,0.03738473586803639,0.03754232756135414,0.03770660101070113,0.03788103994603396,0.03806253210949208,0.038255091127169565,0.03845399798556802,0.03866554450562845,0.03888383885804008,0.03911584198492584,0.039355395300574546,0.03960940198673314,0.039871982733339785,0.040148971766104914,0.040436791154648405,0.040739557295129916,0.04105275637021878,0.041381312482626116,0.04172154993912318,0.04207852022529611,0.04244937646441144,0.04283789183084857,0.04324196699067202,0.04366476203891697,0.044105002227605335,0.044565876892880184,0.045045562316082664,0.045548195033018206,0.04607254145886082,0.04662266748868964,0.047196826429106935,0.04779964472958185,0.04843058983757613,0.049093805937674914,0.04979135008862267,0.05052532815152775,0.051298110912336506,0.05211429004624758,0.052974925620127615,0.05388540049607746,0.054849618696443,0.055872470883706116,0.05695824105618693,0.05811390324460848,0.059344974504554025,0.060659974650259914,0.06206634687951809,0.06357413034098965,0.06519421979079082,0.06693844760181027,0.06882111844412504,0.0708550424625908,0.07306043023327478,0.07545837228316077,0.07807195843989924,0.0809313813504062,0.08406625315460838,0.08751348711604606,0.09131441112127084,0.0955170725518609,0.10017750119258838,0.10536028451368831,0.11114070194187076,0.11760654222711471,0.12485993029511992,0.1330207077911528,0.1422301932848892,0.1526532478007174,0.16448538917456013,0.1779575758311641,0.19334568601977284,0.2109749870026126,0.2312297014227227,0.254585418472253,0.2815994177169308,0.31294713270669,0.3494491585042977,0.3921072628613691,0.44215060831873676,0.5010940624783532],"ts":[0.0,0.05,0.1,0.15000000000000002,0.2,0.25,0.30000000000000004,0.35000000000000003,0.4,0.45,0.5,0.55,0.6000000000000001,0.65,0.7000000000000001,0.75,0.8,0.8500000000000001,0.9,0.9500000000000001,1.0,1.05,1.1,1.1500000000000001,1.2000000000000002,1.25,1.3,1.35,1.4000000000000001,1.4500000000000002,1.5,1.55,1.6,1.6500000000000001,1.7000000000000002,1.75,1.8,1.85,1.9000000000000001,1.9500000000000002,2.0,2.0500000000000003,2.1,2.15,2.2,2.25,2.3000000000000003,2.35,2.4000000000000004,2.45,2.5,2.5500000000000003,2.6,2.6500000000000004,2.7,2.75,2.8000000000000003,2.85,2.9000000000000004,2.95,3.0,3.0500000000000003,3.1,3.1500000000000004,3.2,3.25,3.3000000000000003,3.35,3.4000000000000004,3.45,3.5,3.5500000000000003,3.6,3.6500000000000004,3.7,3.75,3.8000000000000003,3.85,3.9000000000000004,3.95,4.0,4.05,4.1000000000000005,4.15,4.2,4.25,4.3,4.3500000000000005,4.4,4.45,4.5,4.55,4.6000000000000005,4.65,4.7,4.75,4.800000000000001,4.8500000000000005,4.9,4.95,5.0,5.050000000000001,5.1000000000000005,5.15,5.2,5.25,5.300000000000001,5.3500000000000005,5.4,5.45,5.5,5.550000000000001,5.6000000000000005,5.65,5.7,5.75,5.800000000000001,5.8500000000000005,5.9,5.95,6.0,6.050000000000001,6.1000000000000005,6.15,6.2,6.25,6.300000000000001,6.3500000000000005,6.4,6.45,6.5,6.550000000000001,6.6000000000000005,6.65,6.7,6.75,6.800000000000001,6.8500000000000005,6.9,6.95,7.0,7.050000000000001,7.1000000000000005,7.15,7.2,7.25,7.300000000000001,7.3500000000000005,7.4,7.45,7.5,7.550000000000001,7.6000000000000005,7.65,7.7,7.75,7.800000000000001,7.8500000000000005,7.9,7.95,8.0,8.05,8.1,8.15,8.200000000000001,8.25,8.3,8.35,8.4,8.450000000000001,8.5,8.55,8.6,8.65,8.700000000000001,8.75,8.8,8.85,8.9,8.950000000000001,9.0,9.05,9.1,9.15,9.200000000000001,9.25,9.3,9.35,9.4,9.450000000000001,9.5,9.55,9.600000000000001,9.65,9.700000000000001,9.75,9.8,9.850000000000001,9.9,9.950000000000001,10.0]}