{"bd2":[300,300,300,300,300],"bd1":[],"gf":[0.4982310766056242,0.443234041985374,0.39625766636162685,0.3559393958878145,0.32118515895855826,0.2911072890941451,0.26497960774433427,0.24220300165132885,0.22228298704681274,0.20480982153027663,0.18944631948520457,0.17589648342259098,0.16391538820018614,0.15328748076587764,0.14383780021116618,0.13541513846325537,0.1278887454798423,0.1211457824694927,0.11508902390026858,0.10963521664459618,0.10471125016112873,0.10025402873547128,0.09620912791648496,0.09252863378809917,0.08917210367273704,0.08610322299956256,0.08329002376507164,0.08070498967633909,0.07832620007705063,0.07612800719087526,0.07409600213436904,0.0722109677761032,0.0704597527185595,0.06882786250026007,0.06730519019065867,0.06588305371459538,0.06454980498401314,0.06329894268933595,0.062123207972340486,0.061014706189752015,0.05997028622906122,0.058983257446178626,0.05804968241260776,0.05716531854750095,0.05632590718179422,0.05552860530654254,0.05477064462811811,0.05404885917163861,0.05336175892317378,0.05270636104802908,0.05208106306539199,0.051484130135746514,0.050915058237578484,0.0503693362584649,0.049847315833586876,0.049347757544889286,0.04886887930685449,0.04840966607852934,0.04796959441677601,0.0475476022233697,0.04714240208376709,0.04675235700570404,0.04637774953045125,0.04601822329165546,0.04567435337319309,0.04534596126369986,0.04503083364309126,0.044730097074453024,0.0444413365647932,0.044166067323039494,0.04390037142914548,0.04364676767807055,0.04340428012503591,0.04317455211365705,0.0429532090213348,0.042740514691611595,0.04254245962343657,0.04235039241378047,0.0421670659908866,0.041992846230967336,0.04182425251386475,0.04166618755169336,0.04151853286353449,0.041377534212894196,0.04124591844707234,0.04112189199942278,0.04100416944709238,0.04089583152756508,0.04079515461073159,0.040702770135551555,0.040619176441306006,0.04054268309936488,0.04047299098102781,0.040413528220426216,0.040361621419845714,0.04032236531669819,0.04028317584476884,0.040250622293153765,0.04022603257776698,0.04020917547942373,0.04019942034484861,0.040197548000078784,0.04020277229112637,0.04021525417654885,0.0402364925250567,0.04026386120321347,0.04030036093644964,0.0403436994842542,0.040395031507800085,0.040452434105304774,0.04051306006666775,0.04058549658770391,0.04066323472444086,0.04075377138780192,0.0408522340698502,0.040960195287155506,0.041071963025112464,0.04118853356026925,0.04131704029040802,0.041456862301460395,0.041605583256426035,0.04176388869174956,0.041933661276512615,0.042116204342411666,0.042304192327242196,0.042502481728394645,0.042710297444107294,0.04292927599957145,0.04315770048334055,0.04339895662177938,0.043649571521324544,0.04391365654810343,0.04418424817547843,0.04447439539046881,0.04477409412029792,0.0450865056749397,0.04540992035726172,0.04575202636925886,0.04610778230736884,0.04647786077382805,0.04686731324219505,0.04727353943559148,0.047694126603717114,0.04813456175474476,0.04859425723666193,0.04907543788954439,0.0495795800212804,0.05010628542829613,0.05065685884578912,0.05123264863739137,0.0518378643417474,0.05246992458574095,0.053132836498052796,0.05382843143017482,0.05456060813006831,0.05533060334013504,0.05613979392401407,0.05699227778466835,0.05789249118939929,0.0588409404493697,0.05984475543221702,0.06090717005062194,0.062033897964091644,0.06322990779092626,0.06450215911132454,0.06585701167357187,0.06730364095959242,0.06884954795943554,0.07050578895843285,0.07228331085681794,0.07419550310196843,0.0762563944920813,0.0784829397082883,0.08089526073312624,0.08350916288686867,0.08635321204988136,0.08945538914018898,0.09284624702806589,0.09656103944000827,0.10064127130745236,0.10513603163000099,0.11010030532814472,0.1155959881531662,0.12169689094811674,0.12848641916187478,0.1360633788046318,0.14453968211704035,0.15404735043533233,0.164738533303479,0.1767992366602874,0.19043756225797193,0.20590596529963048,0.22348919399326636,0.24354643790029645,0.2664737338803344,0.2927872271772334,0.3230969986160471,0.3581362660282974,0.39880050896599545,0.44621817010440495,0.5017689233943758],"ts":[0.0,0.05,0.1,0.15000000000000002,0.2,0.25,0.30000000000000004,0.35000000000000003,0.4,0.45,0.5,0.55,0.6000000000000001,0.65,0.7000000000000001,0.75,0.8,0.8500000000000001,0.9,0.9500000000000001,1.0,1.05,1.1,1.1500000000000001,1.2000000000000002,1.25,1.3,1.35,1.4000000000000001,1.4500000000000002,1.5,1.55,1.6,1.6500000000000001,1.7000000000000002,1.75,1.8,1.85,1.9000000000000001,1.9500000000000002,2.0,2.0500000000000003,2.1,2.15,2.2,2.25,2.3000000000000003,2.35,2.4000000000000004,2.45,2.5,2.5500000000000003,2.6,2.6500000000000004,2.7,2.75,2.8000000000000003,2.85,2.9000000000000004,2.95,3.0,3.0500000000000003,3.1,3.1500000000000004,3.2,3.25,3.3000000000000003,3.35,3.4000000000000004,3.45,3.5,3.5500000000000003,3.6,3.6500000000000004,3.7,3.75,3.8000000000000003,3.85,3.9000000000000004,3.95,4.0,4.05,4.1000000000000005,4.15,4.2,4.25,4.3,4.3500000000000005,4.4,4.45,4.5,4.55,4.6000000000000005,4.65,4.7,4.75,4.800000000000001,4.8500000000000005,4.9,4.95,5.0,5.050000000000001,5.1000000000000005,5.15,5.2,5.25,5.300000000000001,5.3500000000000005,5.4,5.45,5.5,5.550000000000001,5.6000000000000005,5.65,5.7,5.75,5.800000000000001,5.8500000000000005,5.9,5.95,6.0,6.050000000000001,6.1000000000000005,6.15,6.2,6.25,6.300000000000001,6.3500000000000005,6.4,6.45,6.5,6.550000000000001,6.6000000000000005,6.65,6.7,6.75,6.800000000000001,6.8500000000000005,6.9,6.95,7.0,7.050000000000001,7.1000000000000005,7.15,7.2,7.25,7.300000000000001,7.3500000000000005,7.4,7.45,7.5,7.550000000000001,7.6000000000000005,7.65,7.7,7.75,7.800000000000001,7.8500000000000005,7.9,7.95,8.0,8.05,8.1,8.15,8.200000000000001,8.25,8.3,8.35,8.4,8.450000000000001,8.5,8.55,8.6,8.65,8.700000000000001,8.75,8.8,8.85,8.9,8.950000000000001,9.0,9.05,9.1,9.15,9.200000000000001,9.25,9.3,9.35,9.4,9.450000000000001,9.5,9.55,9.600000000000001,9.65,9.700000000000001,9.75,9.8,9.850000000000001,9.9,9.950000000000001,10.0]}