{"bd2":[700,700,700,700,700],"bd1":[],"gf":[0.4988999483745424,0.43931963291866405,0.38878650837728856,0.34575405275074034,0.30897169966476934,0.27742040832245823,0.2502652749761211,0.22681779609490635,0.2065084800878074,0.18886260096900545,0.17348492956052206,0.1600433562737009,0.14825868758136024,0.1378954593354078,0.12875458745387186,0.12066812675167525,0.1134927901818458,0.1071068499012451,0.10140660609518874,0.09630320447646766,0.09172064612089041,0.08759350332353713,0.08386582111965929,0.08048928015623501,0.07742207272621779,0.07462806418390838,0.0720758755184432,0.06973836371736415,0.06759171874150297,0.06561522461628091,0.06379100511749643,0.06210305088766933,0.06053751829781493,0.059082204358968334,0.057726361523577435,0.05646063128179379,0.05527665275674022,0.054167093598531606,0.05312511192552029,0.05214518086136715,0.051221756927170264,0.05035019268671804,0.0495261040359259,0.04874622080025458,0.04800716588437683,0.047305821746314876,0.04663952334986389,0.046005814381605725,0.04540257844920804,0.04482769326828434,0.04427952006396719,0.043756475384136184,0.04325708767851849,0.042779757827183386,0.042323372591587256,0.04188667439744025,0.041468654950948945,0.04106848390375675,0.04068528830845902,0.04031826127605894,0.03996646083703718,0.03962912313250887,0.03930580080695667,0.038995797885001744,0.038698741743266554,0.038414160726653296,0.038141600753763334,0.037880593667012116,0.03763068756620159,0.03739133542548032,0.03716229876223257,0.036943407414508446,0.036734218499611476,0.03653453349337684,0.03634412174804605,0.03616273945762169,0.035989782715450426,0.035825390964779075,0.03566927963600434,0.03552154404864296,0.035380990806752,0.035248220087400646,0.035123377588645636,0.03500609976158404,0.03489601981216544,0.03479332193801093,0.03469741042721369,0.034608856197600416,0.034527335768592814,0.034452872751842424,0.034385170251937956,0.03432410915757623,0.03427026148599609,0.0342230222651995,0.03418218625095988,0.03414778677856992,0.03412001476873849,0.03409869556343143,0.03408406358010973,0.03407598359342854,0.0340746699403244,0.03407955872214741,0.034090776593016035,0.03410846564228134,0.0341323410521305,0.03416289677605887,0.0341997099481625,0.03424306891689405,0.03429307197937919,0.03434966580814039,0.034412910309353686,0.034482887121637336,0.034559681487244684,0.03464332276431495,0.034734072650203535,0.034831860467123145,0.0349370927712916,0.03504907966170473,0.03516859574295171,0.03529567272493638,0.035430367445746194,0.03557313661017059,0.03572400717222292,0.03588315048647346,0.03605086986320717,0.03622708091862439,0.036412258479364405,0.036606494396873385,0.036810289640006974,0.037023661969175364,0.03724721856611196,0.03748087879270184,0.03772529020641542,0.037980583814540995,0.03824735020248765,0.03852575407429123,0.038816469638095735,0.039119809527141926,0.03943666367822136,0.03976721593125554,0.04011232559566222,0.04047213710338341,0.04084782917109463,0.04123958985027922,0.04164862787009917,0.042075676107874785,0.04252193150618339,0.042988223721542464,0.04347581389748877,0.04398617990711501,0.04452032686502293,0.04507975822050213,0.045666166689197464,0.046281316460634075,0.0469272023958615,0.04760604364966093,0.0483201495853552,0.04907252572395516,0.04986572476382782,0.050703519601292,0.051589620528888346,0.052527999043884645,0.053523334280883704,0.054580467350877945,0.05570541874651529,0.05690466837348979,0.0581854657367263,0.05955665572257967,0.06102727536044272,0.06260801437588549,0.06431088762905025,0.06614996719130234,0.06814105796107336,0.07030200393194644,0.07265365373046322,0.07521955561659052,0.0780267789794377,0.08110693845217837,0.084496105274689,0.08823615768506202,0.09237518087695612,0.09696898959845682,0.10208373930339863,0.10779512626878202,0.11419177142449434,0.1213777258312297,0.12947552763976378,0.13862908143460398,0.1490069353350403,0.16080852815304228,0.17427090954469207,0.1896750199598697,0.20735670438256898,0.2277156354991007,0.25122883022920794,0.27847235901595535,0.3101420034949188,0.3470830503021204,0.39032746398708745,0.4411445757664191,0.5011000516254576],"ts":[0.0,0.05,0.1,0.15000000000000002,0.2,0.25,0.30000000000000004,0.35000000000000003,0.4,0.45,0.5,0.55,0.6000000000000001,0.65,0.7000000000000001,0.75,0.8,0.8500000000000001,0.9,0.9500000000000001,1.0,1.05,1.1,1.1500000000000001,1.2000000000000002,1.25,1.3,1.35,1.4000000000000001,1.4500000000000002,1.5,1.55,1.6,1.6500000000000001,1.7000000000000002,1.75,1.8,1.85,1.9000000000000001,1.9500000000000002,2.0,2.0500000000000003,2.1,2.15,2.2,2.25,2.3000000000000003,2.35,2.4000000000000004,2.45,2.5,2.5500000000000003,2.6,2.6500000000000004,2.7,2.75,2.8000000000000003,2.85,2.9000000000000004,2.95,3.0,3.0500000000000003,3.1,3.1500000000000004,3.2,3.25,3.3000000000000003,3.35,3.4000000000000004,3.45,3.5,3.5500000000000003,3.6,3.6500000000000004,3.7,3.75,3.8000000000000003,3.85,3.9000000000000004,3.95,4.0,4.05,4.1000000000000005,4.15,4.2,4.25,4.3,4.3500000000000005,4.4,4.45,4.5,4.55,4.6000000000000005,4.65,4.7,4.75,4.800000000000001,4.8500000000000005,4.9,4.95,5.0,5.050000000000001,5.1000000000000005,5.15,5.2,5.25,5.300000000000001,5.3500000000000005,5.4,5.45,5.5,5.550000000000001,5.6000000000000005,5.65,5.7,5.75,5.800000000000001,5.8500000000000005,5.9,5.95,6.0,6.050000000000001,6.1000000000000005,6.15,6.2,6.25,6.300000000000001,6.3500000000000005,6.4,6.45,6.5,6.550000000000001,6.6000000000000005,6.65,6.7,6.75,6.800000000000001,6.8500000000000005,6.9,6.95,7.0,7.050000000000001,7.1000000000000005,7.15,7.2,7.25,7.300000000000001,7.3500000000000005,7.4,7.45,7.5,7.550000000000001,7.6000000000000005,7.65,7.7,7.75,7.800000000000001,7.8500000000000005,7.9,7.95,8.0,8.05,8.1,8.15,8.200000000000001,8.25,8.3,8.35,8.4,8.450000000000001,8.5,8.55,8.6,8.65,8.700000000000001,8.75,8.8,8.85,8.9,8.950000000000001,9.0,9.05,9.1,9.15,9.200000000000001,9.25,9.3,9.35,9.4,9.450000000000001,9.5,9.55,9.600000000000001,9.65,9.700000000000001,9.75,9.8,9.850000000000001,9.9,9.950000000000001,10.0]}