{"bd2":[350,350,350,350,350],"bd1":[],"gf":[0.5001219896919027,0.4436547537984361,0.39550992069859414,0.35427329432364113,0.31880623226246246,0.2881838620170742,0.2616526322286814,0.2385878942483786,0.21847300969145872,0.20087693307042973,0.18543913245798294,0.17185389598276402,0.15986906170394868,0.14926361755895637,0.13984792995034767,0.13146323764212245,0.12398192107119635,0.11728763118302324,0.11129230845851461,0.10589778276970717,0.10104696166881527,0.09664527829921259,0.09264369169539415,0.08900751096123909,0.08570727660253581,0.08268792793137741,0.07992971473406514,0.07739605978736308,0.07506258176766623,0.07291128717654007,0.07092079288637504,0.06907582747843528,0.06736096542738546,0.06576625530433647,0.06427835817686314,0.06288789739631462,0.061586644076051175,0.060366408777838124,0.05922586903742891,0.05815091498577192,0.05713642010833437,0.05617680848149398,0.05526952830457989,0.05441008698105054,0.053594967981522176,0.05282129129988156,0.052084490163786204,0.051382105914470455,0.05071519087536504,0.05008001888388345,0.04947376301410179,0.04889486071948196,0.048341405130624786,0.047811889069732626,0.0473058962504536,0.046822968293602635,0.04636105739327541,0.04591762143401446,0.04549149354455748,0.04508516749463103,0.04469501547712323,0.044322452077291755,0.04396484168593559,0.04362182371362049,0.04329276900621863,0.04297759850055477,0.04267625466605927,0.042387253601808866,0.042111219579478894,0.041844049691593506,0.04159122181896828,0.041349779380923046,0.04111812088044242,0.040898816120666495,0.04068702860652451,0.04048445667783223,0.04029076556834366,0.040106421496334595,0.039932804244450316,0.039768270997623374,0.03961163167192319,0.03946351272465273,0.0393230513210461,0.03918935638997152,0.039062793381585394,0.03894417804790689,0.038833265390563934,0.03872851513705263,0.03863180582854505,0.03854373393580931,0.0384612670219878,0.038386821614954485,0.03831972249348635,0.03825846891605478,0.038202941079589374,0.03815495471277929,0.038113148934469106,0.03807988802013745,0.03805134260998292,0.0380333084783178,0.038022398911625725,0.03801836395216232,0.03802127564519532,0.038032612334292726,0.03805175919256895,0.038078698215037225,0.038112898007544194,0.03815410091910886,0.0382013889158797,0.038256439320708546,0.03831870273900006,0.03838887066819844,0.03846665044590664,0.038552722265219164,0.03864675720738969,0.03874981020041358,0.038861697323093254,0.03898265051381934,0.039113501077771506,0.03925271761645982,0.039401344137887345,0.03955943518527056,0.0397252512363893,0.039899605571214886,0.040083674342945574,0.040275673294711045,0.04048019290763216,0.040693038081183984,0.040911859857943,0.04114175830397015,0.041387604984132194,0.041646448898534943,0.04191502557017416,0.04219711618343152,0.042493203234081164,0.04280251027333672,0.04312502618200234,0.04346212028698571,0.043811803432391216,0.044175181933956253,0.04455585294829751,0.0449512127001163,0.04536449281358073,0.045794998910271896,0.04624648812821867,0.04671545795478913,0.047208511763948593,0.04772167292763088,0.048257820309656155,0.04881783359555797,0.04940243904990394,0.05001462265790406,0.050654669623757996,0.05132752932590292,0.052033607126308404,0.05277543946236649,0.05355647036471029,0.054379925228239305,0.055248925469208676,0.056166308080133766,0.05713681720226341,0.05816461340141279,0.0592540313454441,0.06041113566123794,0.06164173962423208,0.06295343125586149,0.06435332618069145,0.06585083965545069,0.06745632706912826,0.06917825040139247,0.07103304453116886,0.0730313353454694,0.07519268363547363,0.07753301594411725,0.08007514092522651,0.08284407003358871,0.08586521547908943,0.08917299376948049,0.09280143073368488,0.09679410502844363,0.10119632174886663,0.10606759797058783,0.11146631104941032,0.11747144922689011,0.1241638228955771,0.13164530564924756,0.1400154809159468,0.1494177925091735,0.16001279425025905,0.17197497368824877,0.1855310763110423,0.2009340404401882,0.2184912141770962,0.23856176509046723,0.26158269535233075,0.2880711550124819,0.31865271598604955,0.35408705482148956,0.3952966215025242,0.44342262838959784,0.4998780103080973],"ts":[0.0,0.05,0.1,0.15000000000000002,0.2,0.25,0.30000000000000004,0.35000000000000003,0.4,0.45,0.5,0.55,0.6000000000000001,0.65,0.7000000000000001,0.75,0.8,0.8500000000000001,0.9,0.9500000000000001,1.0,1.05,1.1,1.1500000000000001,1.2000000000000002,1.25,1.3,1.35,1.4000000000000001,1.4500000000000002,1.5,1.55,1.6,1.6500000000000001,1.7000000000000002,1.75,1.8,1.85,1.9000000000000001,1.9500000000000002,2.0,2.0500000000000003,2.1,2.15,2.2,2.25,2.3000000000000003,2.35,2.4000000000000004,2.45,2.5,2.5500000000000003,2.6,2.6500000000000004,2.7,2.75,2.8000000000000003,2.85,2.9000000000000004,2.95,3.0,3.0500000000000003,3.1,3.1500000000000004,3.2,3.25,3.3000000000000003,3.35,3.4000000000000004,3.45,3.5,3.5500000000000003,3.6,3.6500000000000004,3.7,3.75,3.8000000000000003,3.85,3.9000000000000004,3.95,4.0,4.05,4.1000000000000005,4.15,4.2,4.25,4.3,4.3500000000000005,4.4,4.45,4.5,4.55,4.6000000000000005,4.65,4.7,4.75,4.800000000000001,4.8500000000000005,4.9,4.95,5.0,5.050000000000001,5.1000000000000005,5.15,5.2,5.25,5.300000000000001,5.3500000000000005,5.4,5.45,5.5,5.550000000000001,5.6000000000000005,5.65,5.7,5.75,5.800000000000001,5.8500000000000005,5.9,5.95,6.0,6.050000000000001,6.1000000000000005,6.15,6.2,6.25,6.300000000000001,6.3500000000000005,6.4,6.45,6.5,6.550000000000001,6.6000000000000005,6.65,6.7,6.75,6.800000000000001,6.8500000000000005,6.9,6.95,7.0,7.050000000000001,7.1000000000000005,7.15,7.2,7.25,7.300000000000001,7.3500000000000005,7.4,7.45,7.5,7.550000000000001,7.6000000000000005,7.65,7.7,7.75,7.800000000000001,7.8500000000000005,7.9,7.95,8.0,8.05,8.1,8.15,8.200000000000001,8.25,8.3,8.35,8.4,8.450000000000001,8.5,8.55,8.6,8.65,8.700000000000001,8.75,8.8,8.85,8.9,8.950000000000001,9.0,9.05,9.1,9.15,9.200000000000001,9.25,9.3,9.35,9.4,9.450000000000001,9.5,9.55,9.600000000000001,9.65,9.700000000000001,9.75,9.8,9.850000000000001,9.9,9.950000000000001,10.0]}