{"bd2":[400,400,400,400,400],"bd1":[],"gf":[0.4982139004399451,0.440292923622396,0.391047731025237,0.34900484878148486,0.3129721587653257,0.2819784146864142,0.25522679278195026,0.23205943090736508,0.211935897874458,0.19439142049145286,0.1790520117614108,0.16559298438116296,0.15374871155795483,0.14329688066987697,0.13404914642897303,0.12584431730856216,0.11854469474767441,0.11203261720349561,0.10620694198487027,0.10098084832240939,0.09627967050816799,0.09203888487179306,0.08820305387156481,0.08472343283772525,0.08155888148832192,0.0786726764405609,0.07603348552709202,0.0736132987677518,0.07138837129316944,0.06933755515762755,0.06744319466991311,0.06568853347851589,0.064058210351128,0.06254065511819404,0.061125750173350306,0.05980366154093525,0.05856467776411225,0.05740255134940231,0.05630946352347049,0.055279665547969196,0.05430886648248074,0.0533919381378499,0.052524037872357376,0.05170049952525215,0.05092028180918765,0.05017891007648502,0.04947383953379465,0.04880249850795787,0.04816252864359814,0.047552332843528514,0.046969881880425036,0.046413738037985784,0.04588224231186832,0.04537409660944044,0.04488811959361128,0.044422367941714995,0.043975565549615764,0.04354810764626201,0.04313836682197975,0.04274569769213733,0.04236931485524427,0.042008272830788944,0.041662252501181204,0.041330345309310484,0.04101203591720263,0.04070716432652779,0.04041513760699842,0.04013564753628821,0.039868302718536426,0.03961229914785185,0.03936775200475317,0.03913381954154444,0.03890983225844274,0.038696238186439136,0.03849240824947876,0.03829877402552829,0.038113704076136096,0.037937439928514706,0.03777027408748122,0.03761193478696454,0.03746244280173316,0.03732132538446488,0.03718855189444481,0.03706647185323709,0.03695020467221128,0.03684143507948498,0.03673990109260278,0.03664594680262936,0.03655943044080266,0.0364804391226917,0.036409097010163684,0.03634534910500339,0.036288859377875494,0.03623886034591982,0.036194029580928065,0.036157032198223485,0.03612806902996573,0.03610669614291987,0.03609158938809341,0.03608389812857385,0.036082001238092055,0.03608770165766626,0.03610091536716802,0.036118630813037046,0.036146235673643355,0.03618064546852079,0.03622214211468775,0.03626902718663096,0.03632536251005331,0.036388509262790296,0.03645749136114859,0.036535097805579245,0.0366189268548487,0.03671067937531156,0.03680991861675427,0.03691708289836821,0.03703210622446947,0.03715499240730745,0.03728575734708728,0.03742460214241684,0.03757205702545029,0.03772810567041816,0.037892896737468915,0.03806653329142925,0.03824920465833005,0.038441028632343485,0.03864227750637888,0.038853138068342036,0.03907421766494353,0.03930538717799213,0.03954760990903038,0.039800144172263366,0.040064036770835004,0.04034121892329724,0.04063056431060603,0.040932590081847055,0.041247571145109165,0.04157616327736441,0.04191860057431454,0.0422741702857304,0.042646691050731995,0.04303528491175403,0.04344027770687449,0.043862733078899416,0.04430269078761717,0.04476244273815295,0.04524072124385935,0.04574255469320779,0.04626459463339363,0.04681266114828523,0.04738406543038256,0.04798384739257983,0.04860873024656307,0.04926423414088308,0.049951557292059315,0.050673478118818824,0.0514320909051204,0.05223043611708717,0.05307160443534842,0.053958986828960935,0.05489639741872702,0.05588889961156679,0.05693951843877606,0.05805439721633046,0.05923885298963671,0.06049973802253432,0.06184521835331017,0.06328144343624144,0.06481630928119105,0.06646850763468085,0.06824641334089096,0.07016717108745599,0.072244772874591,0.07449473181432568,0.07694089486803048,0.07960846508696198,0.08252320690834722,0.08571828759782382,0.08922774397127071,0.09309419034828331,0.09736528062529799,0.10209654100130726,0.10735064595474976,0.11320394712428336,0.11974325949538871,0.1270698697148437,0.13530272696652268,0.14458108624979865,0.1550683522678182,0.16695647924981757,0.18047240134401385,0.19588536736597498,0.21351702954944957,0.2337522014672423,0.2570498403646134,0.28396111206141533,0.3151529232714925,0.3514288132076093,0.3937738210741145,0.4433966246019397,0.5017860995600549],"ts":[0.0,0.05,0.1,0.15000000000000002,0.2,0.25,0.30000000000000004,0.35000000000000003,0.4,0.45,0.5,0.55,0.6000000000000001,0.65,0.7000000000000001,0.75,0.8,0.8500000000000001,0.9,0.9500000000000001,1.0,1.05,1.1,1.1500000000000001,1.2000000000000002,1.25,1.3,1.35,1.4000000000000001,1.4500000000000002,1.5,1.55,1.6,1.6500000000000001,1.7000000000000002,1.75,1.8,1.85,1.9000000000000001,1.9500000000000002,2.0,2.0500000000000003,2.1,2.15,2.2,2.25,2.3000000000000003,2.35,2.4000000000000004,2.45,2.5,2.5500000000000003,2.6,2.6500000000000004,2.7,2.75,2.8000000000000003,2.85,2.9000000000000004,2.95,3.0,3.0500000000000003,3.1,3.1500000000000004,3.2,3.25,3.3000000000000003,3.35,3.4000000000000004,3.45,3.5,3.5500000000000003,3.6,3.6500000000000004,3.7,3.75,3.8000000000000003,3.85,3.9000000000000004,3.95,4.0,4.05,4.1000000000000005,4.15,4.2,4.25,4.3,4.3500000000000005,4.4,4.45,4.5,4.55,4.6000000000000005,4.65,4.7,4.75,4.800000000000001,4.8500000000000005,4.9,4.95,5.0,5.050000000000001,5.1000000000000005,5.15,5.2,5.25,5.300000000000001,5.3500000000000005,5.4,5.45,5.5,5.550000000000001,5.6000000000000005,5.65,5.7,5.75,5.800000000000001,5.8500000000000005,5.9,5.95,6.0,6.050000000000001,6.1000000000000005,6.15,6.2,6.25,6.300000000000001,6.3500000000000005,6.4,6.45,6.5,6.550000000000001,6.6000000000000005,6.65,6.7,6.75,6.800000000000001,6.8500000000000005,6.9,6.95,7.0,7.050000000000001,7.1000000000000005,7.15,7.2,7.25,7.300000000000001,7.3500000000000005,7.4,7.45,7.5,7.550000000000001,7.6000000000000005,7.65,7.7,7.75,7.800000000000001,7.8500000000000005,7.9,7.95,8.0,8.05,8.1,8.15,8.200000000000001,8.25,8.3,8.35,8.4,8.450000000000001,8.5,8.55,8.6,8.65,8.700000000000001,8.75,8.8,8.85,8.9,8.950000000000001,9.0,9.05,9.1,9.15,9.200000000000001,9.25,9.3,9.35,9.4,9.450000000000001,9.5,9.55,9.600000000000001,9.65,9.700000000000001,9.75,9.8,9.850000000000001,9.9,9.950000000000001,10.0]}