{"bd2":[900,900,900,900,900],"bd1":[],"gf":[0.49922991302949804,0.4391993098207205,0.38830993634393507,0.34499732068598565,0.3079952124674495,0.2762725441409225,0.24898420725363282,0.22543415967025024,0.20504611590638933,0.18734130188325956,0.17191952602766156,0.15844649737864872,0.14664080546354558,0.13626491499580937,0.12711896768886208,0.11903341657645089,0.11186406569002189,0.10548846217786938,0.09980208598390232,0.09471548297267413,0.09015235467612762,0.08604640124696554,0.08234124477700783,0.07898813882134079,0.07594483342756445,0.07317486150307646,0.07064642878431286,0.06833192977036831,0.06620755193614025,0.0642526491682926,0.06244902756627425,0.060780911937923184,0.05923426338531197,0.057796984275549836,0.056458188533852295,0.0552086581995632,0.0540398998494149,0.05294503240074015,0.05191660300442503,0.050948725139228546,0.050036684909644566,0.049176188018172785,0.04836303409973641,0.047593727000806066,0.04686478967384275,0.04617286277337955,0.04551563672720973,0.04489061963590069,0.04429566863234655,0.04372877132698489,0.043188160027744435,0.04267207570506225,0.04217944504857176,0.041708578062798124,0.041258457097241415,0.040827806688772214,0.04041564321290696,0.04002102338749412,0.03964323215481501,0.03928145490420507,0.03893497732921825,0.03860300596820222,0.03828493217683145,0.03798025715532918,0.03768843339478288,0.037409067437820895,0.03714158304043589,0.03688570572888609,0.0366409278259411,0.03640668946518918,0.036182829338966035,0.035968988306571255,0.035764811625378035,0.03557000603095072,0.03538428925141221,0.03520728317613464,0.03503892516217081,0.0348788675763813,0.03472700329779248,0.03458314175342626,0.03444714387699714,0.0343187630869065,0.03419788468344402,0.0340842480432784,0.033977870251193414,0.03387849320700553,0.033786258008828,0.03370089296430542,0.033622477015220684,0.03355052509649324,0.03348534547832682,0.03342668251938245,0.03337450484982009,0.03332876419451373,0.033289316899316065,0.03325622256215256,0.03322938171118611,0.03320883954995176,0.033194506288822125,0.03318652919549775,0.0331849855932239,0.033189656290910405,0.03320059292085617,0.0332178237438017,0.033241447887818944,0.03327118632331338,0.03330724726886832,0.033349827776591595,0.033398768444073454,0.03345425302920664,0.03351625442580517,0.03358504951141559,0.03366054699867635,0.03374253370850136,0.033831590623637976,0.03392766046315866,0.034030805165921885,0.034141147217400414,0.03425866020219836,0.03438340500216226,0.03451567385968797,0.034655623455796356,0.03480342025160513,0.03495925801456759,0.0351234459464407,0.03529593675253454,0.03547715347732547,0.03566742161739884,0.03586687861119875,0.03607576522597213,0.03629442874698469,0.03652332110470518,0.0367625132358307,0.03701218760387386,0.03727282277453303,0.037545857691997316,0.03783081292457657,0.038128524187193674,0.03843837996927003,0.038762456154985886,0.03910078684320987,0.03945435805700325,0.03982328453998431,0.040208288842625346,0.040610149660358516,0.04102998909274638,0.04146863538655372,0.04192705128673663,0.04240641715734437,0.042907933524186086,0.04343288494517278,0.04398295200533396,0.04455956425740221,0.04516444203797367,0.045799902049533506,0.04646806776158818,0.047171168669560046,0.0479120242776398,0.04869279980659114,0.049517692908213985,0.050390057507099566,0.05131403217010834,0.05229371339008394,0.05333479859508432,0.054443026384376855,0.05562475583938187,0.05688737409638617,0.05823932771863708,0.05969005364861021,0.061250286365555996,0.06293222242346581,0.06475009395290024,0.06671973861557706,0.06885860850158713,0.07118768320076296,0.07373045807845424,0.07651421301842154,0.07957031208302619,0.08293512343665775,0.08665025554593755,0.09076515698106137,0.09533592281631538,0.10042865842901812,0.10611957059505543,0.11249858097383236,0.11966997972766617,0.1277568111417047,0.1369028062864236,0.14727873508730696,0.15908531628471628,0.17256044873224474,0.187986898262496,0.2057015365560835,0.22610755052700718,0.24968729474496248,0.27702208529543665,0.30881445290433557,0.3459176970919414,0.38937382084457856,0.4404645755103618,0.500770086970502],"ts":[0.0,0.05,0.1,0.15000000000000002,0.2,0.25,0.30000000000000004,0.35000000000000003,0.4,0.45,0.5,0.55,0.6000000000000001,0.65,0.7000000000000001,0.75,0.8,0.8500000000000001,0.9,0.9500000000000001,1.0,1.05,1.1,1.1500000000000001,1.2000000000000002,1.25,1.3,1.35,1.4000000000000001,1.4500000000000002,1.5,1.55,1.6,1.6500000000000001,1.7000000000000002,1.75,1.8,1.85,1.9000000000000001,1.9500000000000002,2.0,2.0500000000000003,2.1,2.15,2.2,2.25,2.3000000000000003,2.35,2.4000000000000004,2.45,2.5,2.5500000000000003,2.6,2.6500000000000004,2.7,2.75,2.8000000000000003,2.85,2.9000000000000004,2.95,3.0,3.0500000000000003,3.1,3.1500000000000004,3.2,3.25,3.3000000000000003,3.35,3.4000000000000004,3.45,3.5,3.5500000000000003,3.6,3.6500000000000004,3.7,3.75,3.8000000000000003,3.85,3.9000000000000004,3.95,4.0,4.05,4.1000000000000005,4.15,4.2,4.25,4.3,4.3500000000000005,4.4,4.45,4.5,4.55,4.6000000000000005,4.65,4.7,4.75,4.800000000000001,4.8500000000000005,4.9,4.95,5.0,5.050000000000001,5.1000000000000005,5.15,5.2,5.25,5.300000000000001,5.3500000000000005,5.4,5.45,5.5,5.550000000000001,5.6000000000000005,5.65,5.7,5.75,5.800000000000001,5.8500000000000005,5.9,5.95,6.0,6.050000000000001,6.1000000000000005,6.15,6.2,6.25,6.300000000000001,6.3500000000000005,6.4,6.45,6.5,6.550000000000001,6.6000000000000005,6.65,6.7,6.75,6.800000000000001,6.8500000000000005,6.9,6.95,7.0,7.050000000000001,7.1000000000000005,7.15,7.2,7.25,7.300000000000001,7.3500000000000005,7.4,7.45,7.5,7.550000000000001,7.6000000000000005,7.65,7.7,7.75,7.800000000000001,7.8500000000000005,7.9,7.95,8.0,8.05,8.1,8.15,8.200000000000001,8.25,8.3,8.35,8.4,8.450000000000001,8.5,8.55,8.6,8.65,8.700000000000001,8.75,8.8,8.85,8.9,8.950000000000001,9.0,9.05,9.1,9.15,9.200000000000001,9.25,9.3,9.35,9.4,9.450000000000001,9.5,9.55,9.600000000000001,9.65,9.700000000000001,9.75,9.8,9.850000000000001,9.9,9.950000000000001,10.0]}