{"bd2":[600,600,600,600,600],"bd1":[],"gf":[0.5001944174286268,0.44059145314262654,0.3900330103209497,0.34697202791438025,0.31015871720965443,0.2785741891904579,0.2513840808972762,0.22789967697674712,0.20755300699338142,0.18987060912487932,0.17445572632764375,0.16097831597948536,0.1491577833165755,0.1387590298129712,0.12958796709650672,0.12147355982244158,0.11427039335024018,0.10785920561284057,0.10213578301905439,0.09701164401513405,0.0924110190363969,0.08826809002925905,0.08452661895036373,0.08113800510375996,0.07805986864581001,0.07525583178630832,0.07269292320645211,0.0703438571835237,0.06818614076523456,0.06619922776364333,0.06436506249140646,0.0626679358473777,0.06109355946055104,0.05963003226878569,0.05826646546640377,0.05699338855617659,0.05580242067057999,0.05468605092915126,0.05363794991285393,0.05265163160401208,0.05172241279818944,0.050845613064047876,0.05001674216591452,0.049232240182629325,0.04848882356142161,0.0477833714789988,0.047113087766122906,0.0464755267294053,0.045868602932445324,0.04529038487235987,0.04473906701467061,0.044212956527643926,0.04371056983919655,0.043230430051013784,0.04277128507637291,0.04233201113170174,0.04191158209490648,0.041509037469219696,0.04112356453155161,0.04075431794004842,0.0404006448491479,0.0400618497349684,0.03973718113560697,0.03942628214145828,0.039128152185048067,0.038842580491325995,0.03856912322283482,0.03830719727088218,0.0380563957923902,0.037816355647269505,0.037586766097416346,0.03736726344320994,0.03715751440968565,0.0369571897196273,0.03676617005280664,0.03658414849363206,0.036410721992706126,0.036245738489338236,0.0360890314621029,0.035940393240297665,0.03579955935533587,0.03566675785304951,0.03554160468506655,0.035424082395755604,0.035314010258036155,0.035211329623401545,0.035115850967785585,0.03502753171810941,0.0349461101135162,0.03487165490319685,0.034803986026115445,0.034743144957808496,0.034688937726424784,0.03464141239009436,0.03460044260281487,0.034566014394440285,0.034538062934059116,0.03451668446851753,0.03450176996624126,0.034493344290641596,0.034491468551934426,0.03449606280410194,0.03450731067966177,0.03452500715903315,0.03454911062221728,0.03457978284163526,0.034616817544362896,0.034660373536827715,0.03471063047700581,0.03476761305746533,0.03483134420427029,0.03490186322832262,0.03497935073016366,0.03506394638385838,0.03515569577938782,0.035254783349571696,0.03536120618884655,0.03547498258190671,0.035596403793245954,0.035725502453219524,0.03586244805902578,0.03600737147751471,0.03616040741710486,0.036321848845948294,0.036491992505800805,0.03667099513533669,0.03685920404875536,0.03705677895726415,0.037263904472022144,0.03748100734514418,0.03770823879325399,0.03794605248952912,0.038194619401528386,0.03845428439951905,0.03872568609443457,0.039009211071188515,0.03930530395924456,0.039614398899434966,0.039936989598085615,0.04027350497254095,0.040624782309974315,0.040991511182518064,0.041372898138952105,0.04177090493722359,0.04218456165442015,0.042616675913050454,0.04306648675367996,0.043535789839095194,0.04402641652853534,0.04453951631928153,0.045076370956017124,0.045638512925659194,0.04622749851324159,0.04684538861390726,0.04749436422386916,0.04817540342527869,0.04889094551188865,0.049644880391048404,0.050439997758932105,0.05127931132762137,0.05216710633904515,0.053107184632206046,0.054104434371855116,0.05516371760041758,0.05629192541165296,0.05749484386629978,0.05878131249915223,0.06015623876665476,0.06163115939860094,0.06321666345317886,0.0649253511091614,0.0667708409627742,0.06876913542652778,0.07093780523284904,0.07329805083923789,0.07587345479201899,0.07869132213929207,0.08178319146473174,0.08518498198962886,0.08894385038260434,0.09309363994035844,0.0977031221292391,0.10283328283712698,0.10855925456917277,0.11496897622090022,0.12216581305417343,0.13027115420549773,0.13942771272712512,0.149802180992879,0.16159224073680406,0.17503232107638833,0.19039961553231058,0.20801926050539812,0.2283036470347653,0.25170876481233123,0.278811031061822,0.3102959705808765,0.3469977089884044,0.38993384526538927,0.4403558048662747,0.4998055825713732],"ts":[0.0,0.05,0.1,0.15000000000000002,0.2,0.25,0.30000000000000004,0.35000000000000003,0.4,0.45,0.5,0.55,0.6000000000000001,0.65,0.7000000000000001,0.75,0.8,0.8500000000000001,0.9,0.9500000000000001,1.0,1.05,1.1,1.1500000000000001,1.2000000000000002,1.25,1.3,1.35,1.4000000000000001,1.4500000000000002,1.5,1.55,1.6,1.6500000000000001,1.7000000000000002,1.75,1.8,1.85,1.9000000000000001,1.9500000000000002,2.0,2.0500000000000003,2.1,2.15,2.2,2.25,2.3000000000000003,2.35,2.4000000000000004,2.45,2.5,2.5500000000000003,2.6,2.6500000000000004,2.7,2.75,2.8000000000000003,2.85,2.9000000000000004,2.95,3.0,3.0500000000000003,3.1,3.1500000000000004,3.2,3.25,3.3000000000000003,3.35,3.4000000000000004,3.45,3.5,3.5500000000000003,3.6,3.6500000000000004,3.7,3.75,3.8000000000000003,3.85,3.9000000000000004,3.95,4.0,4.05,4.1000000000000005,4.15,4.2,4.25,4.3,4.3500000000000005,4.4,4.45,4.5,4.55,4.6000000000000005,4.65,4.7,4.75,4.800000000000001,4.8500000000000005,4.9,4.95,5.0,5.050000000000001,5.1000000000000005,5.15,5.2,5.25,5.300000000000001,5.3500000000000005,5.4,5.45,5.5,5.550000000000001,5.6000000000000005,5.65,5.7,5.75,5.800000000000001,5.8500000000000005,5.9,5.95,6.0,6.050000000000001,6.1000000000000005,6.15,6.2,6.25,6.300000000000001,6.3500000000000005,6.4,6.45,6.5,6.550000000000001,6.6000000000000005,6.65,6.7,6.75,6.800000000000001,6.8500000000000005,6.9,6.95,7.0,7.050000000000001,7.1000000000000005,7.15,7.2,7.25,7.300000000000001,7.3500000000000005,7.4,7.45,7.5,7.550000000000001,7.6000000000000005,7.65,7.7,7.75,7.800000000000001,7.8500000000000005,7.9,7.95,8.0,8.05,8.1,8.15,8.200000000000001,8.25,8.3,8.35,8.4,8.450000000000001,8.5,8.55,8.6,8.65,8.700000000000001,8.75,8.8,8.85,8.9,8.950000000000001,9.0,9.05,9.1,9.15,9.200000000000001,9.25,9.3,9.35,9.4,9.450000000000001,9.5,9.55,9.600000000000001,9.65,9.700000000000001,9.75,9.8,9.850000000000001,9.9,9.950000000000001,10.0]}