{"bd2":[250,250,250,250,250],"bd1":[],"gf":[0.49629547925206724,0.44156192299459485,0.39485999640028646,0.35481032354291797,0.3202991770002416,0.2904414945447079,0.2645161137864582,0.24192923458814514,0.2221889178967061,0.20488540041901754,0.18967638315978327,0.17627353310953225,0.16443261761990316,0.1539447212280728,0.1446342585050748,0.13634578250539978,0.1289505478366278,0.1223215287997476,0.11634666812317901,0.1109465414854799,0.10606225620521074,0.10163379830224543,0.09760843130662994,0.09394051587577222,0.09058913505191483,0.08751958332843168,0.0847003936988771,0.08210491266469706,0.07970894922041044,0.07749147250860156,0.07543404636806135,0.07352111198717944,0.07173943029636115,0.07007639013003729,0.06852135916369914,0.06706465886127284,0.06569711894618108,0.0644112607117,0.0632000306899227,0.06205739605050065,0.06097813966055564,0.059956374033347096,0.058987207767886955,0.058070092140288146,0.05719873116617976,0.056370199941032616,0.05558319889872925,0.05483499456674244,0.05412341534583804,0.05344979593745084,0.05280632161124209,0.05219059607978929,0.051600879140658876,0.051037170635500305,0.0504971912440911,0.04998029657653297,0.04948622645230442,0.04901297551544413,0.04855944366066704,0.04812571870438531,0.04770957898676079,0.04731088943421942,0.04692854964307871,0.04656148393033833,0.046208999108183026,0.045869965583629914,0.045543503414050404,0.04522956831155294,0.04492808655214229,0.0446373035687543,0.04435846315992187,0.04409063847372901,0.04383196850462452,0.043584664996465496,0.04334614953607874,0.04311863618509414,0.04290095575040491,0.04269265483473265,0.04249358470079798,0.04230536458981702,0.042125960464484566,0.04195700755704151,0.041796724463096124,0.04164537116680513,0.04150351455585745,0.041371658457397514,0.0412456480531053,0.04113019721751198,0.04102283692962255,0.04092372764506881,0.040833682213254154,0.04075163910503642,0.04067831401533597,0.04061471014722878,0.04055796555071184,0.04050837104456796,0.04046773642548395,0.04043491962399577,0.04040933317752789,0.040391749684574235,0.04038411747779457,0.0403804218595494,0.040390306776316456,0.040409424635126964,0.04043756364778927,0.040475867777276166,0.040519511185468884,0.040571864429297604,0.040631691755438966,0.040700710192369434,0.040779025667170385,0.0408659216165372,0.04096128748325249,0.04106402532958169,0.041175407510253954,0.04129629049596786,0.04142590087839554,0.04156358237409046,0.041709741475701514,0.04186641284899623,0.042031071007909565,0.04220570545804435,0.04238986196324248,0.042585711416005013,0.042791289070086655,0.04300872831929691,0.043237794228846584,0.04347749463064185,0.04372913196976045,0.04399306105533256,0.04426937556157238,0.0445583831938828,0.04485920451093867,0.0451741435330243,0.045502357637003686,0.045844448140520244,0.046200797412455585,0.04657212627440589,0.046959544473526,0.047363023324112644,0.047782916651435844,0.04822083045506595,0.048677350836334954,0.04915383003557934,0.04965130879796933,0.05017092848181668,0.050713164641557264,0.05127819502270456,0.05186772596674031,0.05248326036459321,0.05312641281056142,0.05379951774901146,0.05450368003129178,0.05524149246963719,0.056012983142712296,0.05681974497758434,0.05766610274851279,0.05855629442883877,0.05949563701534781,0.06048584827604898,0.06152979636744221,0.06263407271554836,0.06378318964137847,0.0649904628744745,0.06628156067348502,0.06765074797412661,0.06910786685359302,0.07066123973456176,0.07228815808942758,0.07404461466957576,0.0759442220222596,0.07799455584992873,0.08021357613456995,0.08262041116924801,0.08523569557707425,0.08808262245813125,0.09118889644092992,0.09458106810629388,0.09828535636571807,0.10235580704723869,0.10684011229177125,0.11179279706335823,0.11727617398703244,0.12336340389398448,0.1301402263875678,0.13770826421777396,0.14617914295718287,0.1556783235772439,0.1663560484102202,0.17840337291672737,0.19202728176681907,0.20747670987960853,0.22504723782564862,0.245088153341905,0.26801353925416566,0.29433846414902853,0.3246687806284095,0.35974649090843747,0.4004760444738015,0.44799292595192963,0.5037045207479327],"ts":[0.0,0.05,0.1,0.15000000000000002,0.2,0.25,0.30000000000000004,0.35000000000000003,0.4,0.45,0.5,0.55,0.6000000000000001,0.65,0.7000000000000001,0.75,0.8,0.8500000000000001,0.9,0.9500000000000001,1.0,1.05,1.1,1.1500000000000001,1.2000000000000002,1.25,1.3,1.35,1.4000000000000001,1.4500000000000002,1.5,1.55,1.6,1.6500000000000001,1.7000000000000002,1.75,1.8,1.85,1.9000000000000001,1.9500000000000002,2.0,2.0500000000000003,2.1,2.15,2.2,2.25,2.3000000000000003,2.35,2.4000000000000004,2.45,2.5,2.5500000000000003,2.6,2.6500000000000004,2.7,2.75,2.8000000000000003,2.85,2.9000000000000004,2.95,3.0,3.0500000000000003,3.1,3.1500000000000004,3.2,3.25,3.3000000000000003,3.35,3.4000000000000004,3.45,3.5,3.5500000000000003,3.6,3.6500000000000004,3.7,3.75,3.8000000000000003,3.85,3.9000000000000004,3.95,4.0,4.05,4.1000000000000005,4.15,4.2,4.25,4.3,4.3500000000000005,4.4,4.45,4.5,4.55,4.6000000000000005,4.65,4.7,4.75,4.800000000000001,4.8500000000000005,4.9,4.95,5.0,5.050000000000001,5.1000000000000005,5.15,5.2,5.25,5.300000000000001,5.3500000000000005,5.4,5.45,5.5,5.550000000000001,5.6000000000000005,5.65,5.7,5.75,5.800000000000001,5.8500000000000005,5.9,5.95,6.0,6.050000000000001,6.1000000000000005,6.15,6.2,6.25,6.300000000000001,6.3500000000000005,6.4,6.45,6.5,6.550000000000001,6.6000000000000005,6.65,6.7,6.75,6.800000000000001,6.8500000000000005,6.9,6.95,7.0,7.050000000000001,7.1000000000000005,7.15,7.2,7.25,7.300000000000001,7.3500000000000005,7.4,7.45,7.5,7.550000000000001,7.6000000000000005,7.65,7.7,7.75,7.800000000000001,7.8500000000000005,7.9,7.95,8.0,8.05,8.1,8.15,8.200000000000001,8.25,8.3,8.35,8.4,8.450000000000001,8.5,8.55,8.6,8.65,8.700000000000001,8.75,8.8,8.85,8.9,8.950000000000001,9.0,9.05,9.1,9.15,9.200000000000001,9.25,9.3,9.35,9.4,9.450000000000001,9.5,9.55,9.600000000000001,9.65,9.700000000000001,9.75,9.8,9.850000000000001,9.9,9.950000000000001,10.0]}