{"bd2":[650,650,650,650,650],"bd1":[],"gf":[0.4987304601114144,0.4390979838670392,0.3885343442526489,0.34548708683359936,0.3087008569693092,0.27715329965486185,0.2500069851211659,0.2265718283654768,0.2062766126143173,0.18864665809781875,0.17328502249604424,0.1598586025866071,0.14808787203349733,0.13773841443400472,0.12861045243753502,0.12053622212036808,0.11337248733420924,0.10699754044137483,0.10130737690234351,0.09621337988316779,0.09163980580948901,0.08752143808409735,0.0838016460965893,0.080432591026895,0.07737281839214409,0.07458581384751503,0.07204013489938416,0.0697086624293528,0.06756751347215048,0.0655962300913332,0.06377664220467719,0.06209292935468375,0.06053119608388974,0.0590792679237377,0.05772641172834448,0.05646261084462494,0.05528067427646293,0.05417215582514365,0.05313153683510965,0.052152538210485745,0.051229924618628214,0.050359004491357225,0.04953560013104903,0.04875606611528042,0.048017040885408924,0.04731553067853451,0.04664868909299953,0.04601441272304306,0.045410420114728595,0.04483479020679977,0.044285791907990944,0.04376192178917826,0.043261706621590776,0.04278373947760749,0.04232677492178784,0.04188962391387722,0.04147123414711194,0.04107069553705942,0.04068713220751063,0.040319713076012446,0.03996777146082822,0.03963056301560777,0.03930750007785723,0.03899792542615696,0.038701484740937174,0.03841780698456796,0.038146275229475904,0.0378863858042279,0.03763769493441575,0.037399882228364455,0.03717250733219331,0.03695520771794099,0.03674763159964255,0.03654945085292284,0.03636043072645022,0.03618040431267623,0.03600924219609006,0.03584674994398606,0.03569272698500723,0.03554691720522477,0.03540882967607093,0.03527814670995508,0.035155145365959616,0.03503971574781863,0.03493174456062952,0.034830971808496286,0.034737131291443624,0.03465024661295376,0.03457035781084415,0.0344972235840378,0.034430816742245414,0.03437102167428481,0.034317852851082416,0.03427119714169727,0.034231142613972546,0.03419763719931693,0.034170657615894585,0.03415013083142809,0.034136046513215126,0.03412813365585199,0.03412652939735105,0.03413120981335521,0.034142205822548205,0.034159575256651815,0.034183215870023737,0.03421325853108137,0.03424988360020237,0.03429310729098658,0.03434273223775961,0.03439897125150218,0.034461651188883106,0.034530932607328355,0.03460739158182722,0.03469098237476629,0.034781593592457444,0.034879408584081235,0.03498447193013335,0.0350970666807936,0.035216859211119174,0.03534406857087756,0.035478629725301546,0.035621128343960584,0.03577212932068641,0.03593136130546268,0.03609905696879421,0.03627537432417931,0.03646053536965211,0.03665477642125531,0.036858392278657705,0.03707188461761577,0.03729546337329927,0.03752944085939459,0.037774150702454413,0.038029790528783816,0.03829670360653105,0.03857531804331654,0.038866035541689506,0.03916939108583403,0.039486055727229095,0.03981632348888619,0.040160992416960195,0.040520404224621956,0.04089537760721485,0.041286570770031304,0.04169505523209761,0.04212148870802358,0.04256687830675244,0.043032251042253326,0.04351867160770127,0.04402747221824784,0.04455987938451852,0.04511750338547199,0.0457020831986358,0.046315329755175834,0.046959258367369514,0.04763615851859753,0.048348688982121225,0.04909914155094279,0.049890800919508684,0.05072689181385407,0.05161122059364905,0.05254774850379551,0.053541089182166796,0.05459641733467355,0.055719392790905965,0.056916721100725015,0.05819536087219484,0.05956403726408795,0.06103202821462511,0.06261011385351685,0.0643104743855722,0.06614696590003886,0.06813632593140491,0.07029490479574867,0.07264449670195075,0.07520845096143737,0.07801393207520949,0.08109242838920662,0.08447993528809304,0.08821819893109571,0.09235566513566111,0.096948713080332,0.10206224149192018,0.10777345604122306,0.11417051828785942,0.12135831574001989,0.1294595358380291,0.13861473569824695,0.1489963106620964,0.1608009353885259,0.17426704170446644,0.1896763388501906,0.20736360402180706,0.22772928645799015,0.25125252534274967,0.27850991906408734,0.31019746888244015,0.34716066389768646,0.3904316477382872,0.4412792617719408,0.5012695398885856],"ts":[0.0,0.05,0.1,0.15000000000000002,0.2,0.25,0.30000000000000004,0.35000000000000003,0.4,0.45,0.5,0.55,0.6000000000000001,0.65,0.7000000000000001,0.75,0.8,0.8500000000000001,0.9,0.9500000000000001,1.0,1.05,1.1,1.1500000000000001,1.2000000000000002,1.25,1.3,1.35,1.4000000000000001,1.4500000000000002,1.5,1.55,1.6,1.6500000000000001,1.7000000000000002,1.75,1.8,1.85,1.9000000000000001,1.9500000000000002,2.0,2.0500000000000003,2.1,2.15,2.2,2.25,2.3000000000000003,2.35,2.4000000000000004,2.45,2.5,2.5500000000000003,2.6,2.6500000000000004,2.7,2.75,2.8000000000000003,2.85,2.9000000000000004,2.95,3.0,3.0500000000000003,3.1,3.1500000000000004,3.2,3.25,3.3000000000000003,3.35,3.4000000000000004,3.45,3.5,3.5500000000000003,3.6,3.6500000000000004,3.7,3.75,3.8000000000000003,3.85,3.9000000000000004,3.95,4.0,4.05,4.1000000000000005,4.15,4.2,4.25,4.3,4.3500000000000005,4.4,4.45,4.5,4.55,4.6000000000000005,4.65,4.7,4.75,4.800000000000001,4.8500000000000005,4.9,4.95,5.0,5.050000000000001,5.1000000000000005,5.15,5.2,5.25,5.300000000000001,5.3500000000000005,5.4,5.45,5.5,5.550000000000001,5.6000000000000005,5.65,5.7,5.75,5.800000000000001,5.8500000000000005,5.9,5.95,6.0,6.050000000000001,6.1000000000000005,6.15,6.2,6.25,6.300000000000001,6.3500000000000005,6.4,6.45,6.5,6.550000000000001,6.6000000000000005,6.65,6.7,6.75,6.800000000000001,6.8500000000000005,6.9,6.95,7.0,7.050000000000001,7.1000000000000005,7.15,7.2,7.25,7.300000000000001,7.3500000000000005,7.4,7.45,7.5,7.550000000000001,7.6000000000000005,7.65,7.7,7.75,7.800000000000001,7.8500000000000005,7.9,7.95,8.0,8.05,8.1,8.15,8.200000000000001,8.25,8.3,8.35,8.4,8.450000000000001,8.5,8.55,8.6,8.65,8.700000000000001,8.75,8.8,8.85,8.9,8.950000000000001,9.0,9.05,9.1,9.15,9.200000000000001,9.25,9.3,9.35,9.4,9.450000000000001,9.5,9.55,9.600000000000001,9.65,9.700000000000001,9.75,9.8,9.850000000000001,9.9,9.950000000000001,10.0]}