{"bd2":[200,200,200,200,200],"bd1":[],"gf":[0.4941004398448034,0.4398673856181888,0.3935899629768266,0.3539091050344363,0.31971293326542927,0.29011810325370474,0.2644150313045742,0.24201082717625308,0.22241559605356984,0.20522473004720096,0.19009805018728165,0.17674675764242911,0.1649307667084218,0.15444008924656952,0.14509995321217695,0.13677011017947244,0.12930888129057683,0.12260322646586048,0.1165626413603037,0.11111076761475762,0.10617876905213158,0.10170453429720822,0.09763556237804272,0.09392459780933705,0.09053128330671861,0.08742003604402777,0.08456109465517754,0.0819303176474356,0.07950367835031416,0.07726193045547403,0.07518960345161874,0.07326861908867546,0.07148618545795528,0.06982577866556432,0.0682750681531501,0.06682395469557656,0.0654595766977559,0.06417639078527777,0.0629702328207624,0.061832872688722944,0.06075953546368553,0.0597456307984524,0.05878633773256628,0.05787758184121462,0.057015872849305725,0.056197872528854144,0.05542021906202338,0.05468028454643665,0.053975449507764395,0.053303405515670386,0.052661666650166764,0.05204852942700727,0.05146267866339389,0.05090221036676702,0.050367228838062106,0.0498551275683174,0.0493663898046607,0.04889897322846221,0.048452917744395044,0.048025796500439116,0.04761759739948299,0.04722683771013281,0.046853287153603304,0.04649584410188375,0.04615424325381392,0.045827906124382624,0.04551615797027535,0.045217582961374236,0.04493219818953262,0.04465925678627257,0.0443991652936041,0.04415056886549606,0.043913456177056505,0.043687359749914285,0.04347205648688936,0.04326712714690695,0.04307229808439556,0.04288740145233153,0.042712388449695236,0.04254670259960276,0.04239036674124078,0.042242992552852285,0.042104581020703746,0.0419751114133002,0.04185415378577437,0.04174190480581515,0.04163829932453869,0.04154277165783518,0.04145569996097151,0.04137706240677919,0.04130634481149964,0.04124308419755128,0.041187919470098054,0.04114052621849295,0.041101046384479346,0.041069036655523354,0.041044981398761726,0.04102826860323585,0.041019284032081424,0.0410178090838083,0.04102375482391481,0.04103721487259933,0.04105859896967639,0.04108729591818708,0.041123637432880486,0.04116831483593188,0.041220408865888694,0.04128114978298409,0.041349284703494915,0.04142630434849614,0.04151120652140751,0.04160459012346075,0.04170593706960124,0.041815682920073705,0.04193385213295209,0.042060712599878786,0.04219687368201198,0.04234117555073328,0.04249527849277886,0.04265967631007072,0.04283250801108948,0.043015038370554204,0.04320934109163184,0.04341253574768473,0.04362678694276581,0.04385208577152729,0.04408752667656001,0.04433414673973566,0.04459256920732551,0.044861993372300346,0.04514367887301214,0.045436630007149,0.04574338558840003,0.04606197961809489,0.04639321416423737,0.046737345725810356,0.04709509047520788,0.04746733928143007,0.047855247043591204,0.04825971828400371,0.04868072609080056,0.04912033460340602,0.049578176109658124,0.050056203294280045,0.05055475380159378,0.0510743439868884,0.05161725657041591,0.05218392331752274,0.05277666076055638,0.05339186403618913,0.05403103562180517,0.054700697005390334,0.05540182704278456,0.0561355459170764,0.05690570124305132,0.057714508938374175,0.0585645263182869,0.059459082843032335,0.06040155150579915,0.0613906516235298,0.06243297837882166,0.06353527841952761,0.06470146171623885,0.06593491505242739,0.06724667420139413,0.0686462951181813,0.07012389502235417,0.07170681570393997,0.07339556029897258,0.07522006970840206,0.07718658631872949,0.07930347513964539,0.08159283780206092,0.08405705095909582,0.0867213617618958,0.0896148021553052,0.09276673933695918,0.0962097067159025,0.09997388701313545,0.10410893269912282,0.1086561869350772,0.11366161768715242,0.11920597539029072,0.12535995394810223,0.13220455829960148,0.13982941269341279,0.1483523277842147,0.15790380240943222,0.16863691848038054,0.18072916135362196,0.19438912951536588,0.20986570820241693,0.22744878729022147,0.24749445149048968,0.2704214045258294,0.2967401775849586,0.3270575564010921,0.3621074211778537,0.4027945068943348,0.4502516494876172,0.5058995601551965],"ts":[0.0,0.05,0.1,0.15000000000000002,0.2,0.25,0.30000000000000004,0.35000000000000003,0.4,0.45,0.5,0.55,0.6000000000000001,0.65,0.7000000000000001,0.75,0.8,0.8500000000000001,0.9,0.9500000000000001,1.0,1.05,1.1,1.1500000000000001,1.2000000000000002,1.25,1.3,1.35,1.4000000000000001,1.4500000000000002,1.5,1.55,1.6,1.6500000000000001,1.7000000000000002,1.75,1.8,1.85,1.9000000000000001,1.9500000000000002,2.0,2.0500000000000003,2.1,2.15,2.2,2.25,2.3000000000000003,2.35,2.4000000000000004,2.45,2.5,2.5500000000000003,2.6,2.6500000000000004,2.7,2.75,2.8000000000000003,2.85,2.9000000000000004,2.95,3.0,3.0500000000000003,3.1,3.1500000000000004,3.2,3.25,3.3000000000000003,3.35,3.4000000000000004,3.45,3.5,3.5500000000000003,3.6,3.6500000000000004,3.7,3.75,3.8000000000000003,3.85,3.9000000000000004,3.95,4.0,4.05,4.1000000000000005,4.15,4.2,4.25,4.3,4.3500000000000005,4.4,4.45,4.5,4.55,4.6000000000000005,4.65,4.7,4.75,4.800000000000001,4.8500000000000005,4.9,4.95,5.0,5.050000000000001,5.1000000000000005,5.15,5.2,5.25,5.300000000000001,5.3500000000000005,5.4,5.45,5.5,5.550000000000001,5.6000000000000005,5.65,5.7,5.75,5.800000000000001,5.8500000000000005,5.9,5.95,6.0,6.050000000000001,6.1000000000000005,6.15,6.2,6.25,6.300000000000001,6.3500000000000005,6.4,6.45,6.5,6.550000000000001,6.6000000000000005,6.65,6.7,6.75,6.800000000000001,6.8500000000000005,6.9,6.95,7.0,7.050000000000001,7.1000000000000005,7.15,7.2,7.25,7.300000000000001,7.3500000000000005,7.4,7.45,7.5,7.550000000000001,7.6000000000000005,7.65,7.7,7.75,7.800000000000001,7.8500000000000005,7.9,7.95,8.0,8.05,8.1,8.15,8.200000000000001,8.25,8.3,8.35,8.4,8.450000000000001,8.5,8.55,8.6,8.65,8.700000000000001,8.75,8.8,8.85,8.9,8.950000000000001,9.0,9.05,9.1,9.15,9.200000000000001,9.25,9.3,9.35,9.4,9.450000000000001,9.5,9.55,9.600000000000001,9.65,9.700000000000001,9.75,9.8,9.850000000000001,9.9,9.950000000000001,10.0]}