{"bd2":[450,450,450,450,450],"bd1":[],"gf":[0.4992180819278577,0.4409553871093047,0.39140315483710386,0.34908939919514104,0.31282161864677155,0.2816271368697683,0.25470595221508324,0.23139824949284118,0.21115540286615644,0.1935211870495047,0.17811288370998252,0.16460834100209337,0.15273612541928425,0.1422688829737769,0.13301433105119978,0.12480928540397893,0.11751438416879134,0.11101086869692718,0.10519644611371262,0.09998391992386631,0.09529794605774455,0.09107358628569502,0.08725442093018097,0.08379216987643202,0.08064500542373024,0.07777631633817668,0.07515446533462086,0.07275182711832383,0.07054422968159511,0.06851123729593996,0.06663399819719977,0.06489627817042451,0.06328380612044036,0.06178407590018165,0.060386261675661884,0.05908069015578322,0.057858717846007233,0.056712858660550376,0.05563644142875512,0.05462347456412312,0.053668648670663004,0.052767104498882715,0.0519146157134321,0.051107357403170295,0.05034191443518989,0.04961532691525409,0.048924772795689256,0.048267575145659124,0.04764134922009644,0.04704416113998423,0.04647444723643293,0.04592968738294062,0.04540791809183377,0.04490903872881143,0.04443182499242074,0.043975133700021256,0.0435379676256536,0.04311945539680236,0.04271869327459337,0.042334744908002646,0.04196692872959201,0.0416145667289342,0.041276931831166125,0.04095357430379513,0.04064392662133112,0.04034744492514249,0.04006360536904985,0.03979193396977228,0.03953193173203835,0.03928310246319778,0.039045038406783965,0.038817313397132194,0.03859956922880301,0.038391544980049444,0.03819308702084315,0.03800407030912932,0.037824451064938945,0.03765406185627032,0.03749269592203471,0.037340130266009006,0.037196113043821054,0.037060443742554496,0.03693305452388144,0.036813677766001224,0.03670216439533898,0.03659838467960345,0.03650215228139932,0.03641340834135041,0.03633207172804931,0.03625802310713838,0.03619117588989591,0.03613168008285966,0.036079129396409816,0.03603343138625379,0.035994321147049264,0.03596118760924167,0.03593412142698609,0.035913663854024336,0.035899948049998395,0.03589300742411089,0.03589287460536127,0.03589950832795004,0.03591292527813581,0.03593319206903381,0.0359603324171141,0.03599436522781945,0.036035385789832626,0.036083395420308854,0.03613851805906851,0.036200800664489385,0.036270109595982085,0.03634666688915883,0.03643075263983771,0.036522311141421404,0.036621462562965494,0.03672849366118524,0.03684305880804078,0.03696525324032543,0.03709477982578053,0.037232417384822046,0.03737834416647625,0.037532686818377736,0.037695596403343246,0.03786710498568168,0.0380473559598478,0.038236417234126116,0.0384346292880098,0.03864231639079418,0.03886000874806548,0.039087989599964616,0.039326623011328055,0.03957607599487336,0.03983672723067435,0.040108872602771434,0.040392795539494736,0.04068885431850049,0.040997370872556296,0.041318773002553905,0.0416535713822101,0.04200232459689724,0.04236557387276628,0.04274400386316887,0.043138406549002015,0.043549297919556244,0.04397752214887773,0.044424163009254926,0.04489044952946235,0.04537747762785927,0.04588643708535192,0.04641860063322706,0.04697540491472053,0.047558385884147555,0.04816925665911584,0.048810052855815626,0.04948287835572491,0.05018948493765599,0.050932686745259685,0.05171512321002196,0.05253989437874482,0.053409817987379614,0.05432938595917729,0.055302262466277986,0.05633423280229546,0.05742906083536227,0.05859350626488731,0.05983384273837334,0.06115797222450599,0.06257464022390945,0.06409335429099226,0.065725059418874,0.06748223152305169,0.06937886915728686,0.07143091291613239,0.07365597168866607,0.07607709332049757,0.07871664616857457,0.08160378598756947,0.0847692198996361,0.0882494643450705,0.09208643858431557,0.09632822576055,0.10103039751420904,0.10625785964996623,0.1120857507490458,0.1186023938946963,0.12590929243171703,0.1341254363788642,0.14338946693041263,0.15385115856335152,0.16571400791360602,0.1792136081563494,0.1946196021577916,0.21225421358375066,0.23250075323860683,0.2558178883445423,0.28275752539200555,0.313984722407618,0.3503020272145233,0.3926914760002084,0.4423572167838185,0.5007819180721422],"ts":[0.0,0.05,0.1,0.15000000000000002,0.2,0.25,0.30000000000000004,0.35000000000000003,0.4,0.45,0.5,0.55,0.6000000000000001,0.65,0.7000000000000001,0.75,0.8,0.8500000000000001,0.9,0.9500000000000001,1.0,1.05,1.1,1.1500000000000001,1.2000000000000002,1.25,1.3,1.35,1.4000000000000001,1.4500000000000002,1.5,1.55,1.6,1.6500000000000001,1.7000000000000002,1.75,1.8,1.85,1.9000000000000001,1.9500000000000002,2.0,2.0500000000000003,2.1,2.15,2.2,2.25,2.3000000000000003,2.35,2.4000000000000004,2.45,2.5,2.5500000000000003,2.6,2.6500000000000004,2.7,2.75,2.8000000000000003,2.85,2.9000000000000004,2.95,3.0,3.0500000000000003,3.1,3.1500000000000004,3.2,3.25,3.3000000000000003,3.35,3.4000000000000004,3.45,3.5,3.5500000000000003,3.6,3.6500000000000004,3.7,3.75,3.8000000000000003,3.85,3.9000000000000004,3.95,4.0,4.05,4.1000000000000005,4.15,4.2,4.25,4.3,4.3500000000000005,4.4,4.45,4.5,4.55,4.6000000000000005,4.65,4.7,4.75,4.800000000000001,4.8500000000000005,4.9,4.95,5.0,5.050000000000001,5.1000000000000005,5.15,5.2,5.25,5.300000000000001,5.3500000000000005,5.4,5.45,5.5,5.550000000000001,5.6000000000000005,5.65,5.7,5.75,5.800000000000001,5.8500000000000005,5.9,5.95,6.0,6.050000000000001,6.1000000000000005,6.15,6.2,6.25,6.300000000000001,6.3500000000000005,6.4,6.45,6.5,6.550000000000001,6.6000000000000005,6.65,6.7,6.75,6.800000000000001,6.8500000000000005,6.9,6.95,7.0,7.050000000000001,7.1000000000000005,7.15,7.2,7.25,7.300000000000001,7.3500000000000005,7.4,7.45,7.5,7.550000000000001,7.6000000000000005,7.65,7.7,7.75,7.800000000000001,7.8500000000000005,7.9,7.95,8.0,8.05,8.1,8.15,8.200000000000001,8.25,8.3,8.35,8.4,8.450000000000001,8.5,8.55,8.6,8.65,8.700000000000001,8.75,8.8,8.85,8.9,8.950000000000001,9.0,9.05,9.1,9.15,9.200000000000001,9.25,9.3,9.35,9.4,9.450000000000001,9.5,9.55,9.600000000000001,9.65,9.700000000000001,9.75,9.8,9.850000000000001,9.9,9.950000000000001,10.0]}